onset	duration	nwb_table	epoch_name	peak_time	state	label
0.0	2794.111966666667	epochs	fCamk3_201102_085324			
1.0	49.0	SleepStates				WAKEstate
21.0928	0.1103999999999985	RippleTimeIntervals		21.116		
24.1856	0.07519999999999882	RippleTimeIntervals		24.244		
51.0	17.0	SleepStates				NREMstate
53.4336	0.07280000000000086	UpDownStatesTimeIntervals			UP	
53.92	0.1343999999999994	UpDownStatesTimeIntervals			UP	
55.0632	0.11119999999999663	UpDownStatesTimeIntervals			UP	
57.3376	0.13360000000000127	UpDownStatesTimeIntervals			UP	
57.6056	0.05359999999999587	UpDownStatesTimeIntervals			DOWN	
57.832	0.1167999999999978	UpDownStatesTimeIntervals			UP	
58.6464	0.1167999999999978	UpDownStatesTimeIntervals			UP	
59.3488	0.23920000000000385	UpDownStatesTimeIntervals			UP	
61.6736	0.16159999999999997	UpDownStatesTimeIntervals			UP	
62.0152	0.03520000000000323	UpDownStatesTimeIntervals			DOWN	
62.6352	0.1560000000000059	UpDownStatesTimeIntervals			UP	
63.2912	0.10319999999999396	UpDownStatesTimeIntervals			DOWN	
63.3944	0.30880000000000507	UpDownStatesTimeIntervals			UP	
64.0832	0.12479999999999336	UpDownStatesTimeIntervals			UP	
65.4032	0.2879999999999967	UpDownStatesTimeIntervals			UP	
66.3712	0.1103999999999985	UpDownStatesTimeIntervals			UP	
69.0	342.0	SleepStates				WAKEstate
73.6952	0.21120000000000516	RippleTimeIntervals		73.736		
87.0304	0.11119999999999663	RippleTimeIntervals		87.072		
87.3048	0.12640000000000384	RippleTimeIntervals		87.4192		
91.6768	0.08159999999999457	RippleTimeIntervals		91.7184		
92.1184	0.056000000000011596	RippleTimeIntervals		92.1648		
135.9216	0.11439999999998918	RippleTimeIntervals		135.9816		
137.616	0.0367999999999995	RippleTimeIntervals		137.6496		
137.868	0.11840000000000828	RippleTimeIntervals		137.9768		
148.2544	0.0671999999999855	RippleTimeIntervals		148.2832		
148.8776	0.12000000000000455	RippleTimeIntervals		148.9384		
171.0928	0.07759999999998968	RippleTimeIntervals		171.156		
177.2256	0.07520000000002369	RippleTimeIntervals		177.2624		
190.7912	0.11599999999998545	RippleTimeIntervals		190.8976		
195.4208	0.10239999999998872	RippleTimeIntervals		195.4424		
203.4224	0.020799999999979946	RippleTimeIntervals		203.4256		
227.7688	0.07280000000000086	RippleTimeIntervals		227.8392		
252.4992	0.050399999999996226	RippleTimeIntervals		252.536		
269.1136	0.05279999999999063	RippleTimeIntervals		269.1408		
270.8488	0.0776000000000181	RippleTimeIntervals		270.8496		
282.2656	0.08799999999996544	RippleTimeIntervals		282.2944		
287.3464	0.10960000000000036	RippleTimeIntervals		287.4096		
289.424	0.05360000000001719	RippleTimeIntervals		289.4656		
290.8968	0.03120000000001255	RippleTimeIntervals		290.908		
300.0112	0.04800000000000182	RippleTimeIntervals		300.016		
303.3688	0.04959999999999809	RippleTimeIntervals		303.3896		
321.5008	0.0695999999999799	RippleTimeIntervals		321.5424		
329.4096	0.0655999999999608	RippleTimeIntervals		329.4496		
330.4608	0.06319999999999482	RippleTimeIntervals		330.5072		
332.772	0.030399999999985994	RippleTimeIntervals		332.7768		
347.4512	0.04800000000000182	RippleTimeIntervals		347.4896		
385.5552	0.06239999999996826	RippleTimeIntervals		385.5944		
387.2312	0.08400000000000318	RippleTimeIntervals		387.3024		
396.092	0.08559999999999945	RippleTimeIntervals		396.096		
412.0	10.0	SleepStates				NREMstate
414.3888	0.1279999999999859	RippleTimeIntervals		414.4832		
414.3928	0.15919999999999845	UpDownStatesTimeIntervals			UP	
414.932	0.21600000000000819	UpDownStatesTimeIntervals			DOWN	
415.2936	0.134399999999971	UpDownStatesTimeIntervals			UP	
415.784	0.13999999999998636	UpDownStatesTimeIntervals			UP	
416.5304	0.220799999999997	UpDownStatesTimeIntervals			DOWN	
416.7512	0.18000000000000682	UpDownStatesTimeIntervals			UP	
417.344	0.3240000000000123	UpDownStatesTimeIntervals			UP	
419.5016	0.15039999999999054	UpDownStatesTimeIntervals			UP	
420.2096	0.09600000000000364	UpDownStatesTimeIntervals			UP	
420.6576	0.14080000000001291	UpDownStatesTimeIntervals			UP	
421.1848	0.1208000000000311	UpDownStatesTimeIntervals			UP	
423.0	545.0	SleepStates				WAKEstate
426.7856	0.11840000000000828	RippleTimeIntervals		426.8664		
491.8256	0.15359999999998308	RippleTimeIntervals		491.8552		
498.8456	0.12479999999999336	RippleTimeIntervals		498.9224		
516.3648	0.07760000000007494	RippleTimeIntervals		516.4232		
524.2536	0.1272000000000162	RippleTimeIntervals		524.3256		
534.3192	0.17919999999992342	RippleTimeIntervals		534.3696		
540.1568	0.08320000000003347	RippleTimeIntervals		540.1616		
609.1424	0.05360000000007403	RippleTimeIntervals		609.16		
624.8792	0.08800000000007913	RippleTimeIntervals		624.9392		
649.8016	0.04240000000004329	RippleTimeIntervals		649.8392		
665.4536	0.13679999999999382	RippleTimeIntervals		665.4792		
666.2744	0.0928000000000111	RippleTimeIntervals		666.3136		
683.524	0.16160000000002128	RippleTimeIntervals		683.632		
685.616	0.1592000000000553	RippleTimeIntervals		685.7392		
776.6824	0.13279999999997472	RippleTimeIntervals		776.74		
783.6304	0.12559999999996307	RippleTimeIntervals		783.6544		
789.764	0.08799999999996544	RippleTimeIntervals		789.7832		
805.94	0.11839999999995143	RippleTimeIntervals		805.9552		
813.5104	0.088799999999992	RippleTimeIntervals		813.5128		
851.3392	0.04079999999999018	RippleTimeIntervals		851.3544		
861.2488	0.05040000000008149	RippleTimeIntervals		861.2888		
873.0456	0.10079999999993561	RippleTimeIntervals		873.0944		
884.9472	0.08720000000005257	RippleTimeIntervals		885.0224		
885.1944	0.13279999999997472	RippleTimeIntervals		885.224		
914.1568	0.049600000000054933	RippleTimeIntervals		914.1984		
923.2088	0.07680000000004839	RippleTimeIntervals		923.2432		
936.1	0.07600000000002183	RippleTimeIntervals		936.1184		
969.0	8.0	SleepStates				NREMstate
969.3328	0.17679999999995744	UpDownStatesTimeIntervals			UP	
969.8776	0.15760000000000218	UpDownStatesTimeIntervals			UP	
970.3728	0.12000000000000455	UpDownStatesTimeIntervals			UP	
971.2256	0.15600000000006276	UpDownStatesTimeIntervals			UP	
971.48	0.07119999999997617	UpDownStatesTimeIntervals			DOWN	
972.1296	0.1512000000000171	UpDownStatesTimeIntervals			UP	
972.5872	0.03199999999992542	UpDownStatesTimeIntervals			DOWN	
973.1072	0.3351999999999862	UpDownStatesTimeIntervals			UP	
976.4848	0.13200000000006185	UpDownStatesTimeIntervals			UP	
977.432	0.14080000000001291	UpDownStatesTimeIntervals			UP	
978.0	658.0	SleepStates				WAKEstate
979.7224	0.14480000000003201	RippleTimeIntervals		979.7488		
984.024	0.12400000000002365	RippleTimeIntervals		984.064		
990.5944	0.14560000000005857	RippleTimeIntervals		990.6296		
990.9656	0.061599999999998545	RippleTimeIntervals		991.0216		
1018.0016	0.11039999999991323	RippleTimeIntervals		1018.1024		
1019.4656	0.0968000000000302	RippleTimeIntervals		1019.4888		
1062.6584	0.07600000000002183	RippleTimeIntervals		1062.6784		
1063.6968	0.08960000000001855	RippleTimeIntervals		1063.728		
1091.9224	0.12239999999997053	RippleTimeIntervals		1092.0048		
1113.4704	0.13360000000011496	RippleTimeIntervals		1113.5168		
1113.7568	0.12879999999995562	RippleTimeIntervals		1113.828		
1125.1216	0.1087999999999738	RippleTimeIntervals		1125.2152		
1140.0336	0.14159999999992579	RippleTimeIntervals		1140.0416		
1148.6456	0.14959999999996398	RippleTimeIntervals		1148.6792		
1183.1256	0.09359999999992397	RippleTimeIntervals		1183.2096		
1219.3968	0.09120000000007167	RippleTimeIntervals		1219.4048		
1236.1072	0.11120000000005348	RippleTimeIntervals		1236.1288		
1248.7688	0.09040000000004511	RippleTimeIntervals		1248.7912		
1290.2808	0.08560000000011314	RippleTimeIntervals		1290.3616		
1304.8464	0.16800000000012005	RippleTimeIntervals		1304.884		
1310.3152	0.10560000000009495	RippleTimeIntervals		1310.3528		
1353.1864	0.09279999999989741	RippleTimeIntervals		1353.2728		
1353.728	0.07199999999988904	RippleTimeIntervals		1353.7472		
1360.2464	0.16000000000008185	RippleTimeIntervals		1360.3496		
1364.864	0.08320000000003347	RippleTimeIntervals		1364.9072		
1365.8832	0.10320000000001528	RippleTimeIntervals		1365.9152		
1426.1712	0.23839999999995598	RippleTimeIntervals		1426.276		
1453.3536	0.12640000000010332	RippleTimeIntervals		1453.3584		
1457.4488	0.10560000000009495	RippleTimeIntervals		1457.516		
1479.1984	0.09840000000008331	RippleTimeIntervals		1479.276		
1480.0176	0.06400000000007822	RippleTimeIntervals		1480.0704		
1488.3784	0.08960000000001855	RippleTimeIntervals		1488.3928		
1492.0896	0.1351999999999407	RippleTimeIntervals		1492.2016		
1498.5376	0.14079999999989923	RippleTimeIntervals		1498.5608		
1500.08	0.10000000000013642	RippleTimeIntervals		1500.1688		
1501.3232	0.11279999999987922	RippleTimeIntervals		1501.3904		
1526.1384	0.02719999999999345	RippleTimeIntervals		1526.1648		
1527.728	0.05999999999994543	RippleTimeIntervals		1527.7568		
1530.3416	0.03279999999995198	RippleTimeIntervals		1530.3648		
1568.168	0.07120000000008986	RippleTimeIntervals		1568.224		
1576.7096	0.03760000000011132	RippleTimeIntervals		1576.7168		
1585.7464	0.05919999999991887	RippleTimeIntervals		1585.7936		
1603.3776	0.08240000000000691	RippleTimeIntervals		1603.3784		
1603.736	0.06879999999978281	RippleTimeIntervals		1603.7872		
1637.0	61.0	SleepStates				NREMstate
1638.1472	0.13279999999986103	UpDownStatesTimeIntervals			UP	
1638.7344	0.07600000000002183	UpDownStatesTimeIntervals			DOWN	
1640.9608	0.20479999999997744	UpDownStatesTimeIntervals			UP	
1641.4928	0.03760000000011132	UpDownStatesTimeIntervals			DOWN	
1641.8392	0.12080000000014479	UpDownStatesTimeIntervals			UP	
1642.592	0.08959999999979118	UpDownStatesTimeIntervals			DOWN	
1642.7992	0.14640000000008513	UpDownStatesTimeIntervals			UP	
1643.8872	0.2776000000001204	UpDownStatesTimeIntervals			UP	
1653.6096	0.2599999999999909	UpDownStatesTimeIntervals			UP	
1654.2568	0.24479999999994106	UpDownStatesTimeIntervals			UP	
1654.5848	0.13760000000002037	UpDownStatesTimeIntervals			DOWN	
1654.9848	0.17200000000002547	UpDownStatesTimeIntervals			UP	
1657.2752	0.2703999999998814	UpDownStatesTimeIntervals			UP	
1658.2392	0.09999999999990905	UpDownStatesTimeIntervals			DOWN	
1658.3392	0.2656000000001768	UpDownStatesTimeIntervals			UP	
1658.8784	0.11279999999987922	UpDownStatesTimeIntervals			UP	
1659.3504	0.3655999999998585	UpDownStatesTimeIntervals			UP	
1660.5544	0.2624000000000706	UpDownStatesTimeIntervals			UP	
1661.2072	0.11999999999989086	UpDownStatesTimeIntervals			UP	
1665.1192	0.2687999999998283	UpDownStatesTimeIntervals			UP	
1673.5704	0.15200000000004366	UpDownStatesTimeIntervals			UP	
1674.1408	0.12560000000007676	UpDownStatesTimeIntervals			DOWN	
1674.9536	0.1351999999999407	UpDownStatesTimeIntervals			UP	
1677.26	0.13040000000000873	UpDownStatesTimeIntervals			UP	
1678.0192	0.1328000000000884	UpDownStatesTimeIntervals			UP	
1678.3008	0.06719999999995707	RippleTimeIntervals		1678.3528		
1678.56	0.11760000000003856	UpDownStatesTimeIntervals			UP	
1679.348	0.2576000000001386	UpDownStatesTimeIntervals			UP	
1681.2424	0.13279999999986103	UpDownStatesTimeIntervals			UP	
1681.6936	0.01520000000004984	UpDownStatesTimeIntervals			DOWN	
1681.7088	0.23839999999995598	UpDownStatesTimeIntervals			UP	
1682.3024	0.16879999999991924	UpDownStatesTimeIntervals			UP	
1683.5144	0.14159999999992579	UpDownStatesTimeIntervals			UP	
1684.3456	0.17919999999980973	UpDownStatesTimeIntervals			UP	
1689.1136	0.1608000000001084	UpDownStatesTimeIntervals			UP	
1689.7312	0.14239999999995234	UpDownStatesTimeIntervals			UP	
1690.3272	0.1431999999999789	UpDownStatesTimeIntervals			UP	
1690.9888	0.12239999999997053	UpDownStatesTimeIntervals			UP	
1695.852	0.14239999999995234	UpDownStatesTimeIntervals			UP	
1696.2912	0.16560000000004038	UpDownStatesTimeIntervals			DOWN	
1696.4568	0.22720000000003893	UpDownStatesTimeIntervals			UP	
1697.036	0.26080000000001746	UpDownStatesTimeIntervals			UP	
1697.78	0.08159999999998035	RippleTimeIntervals		1697.8584		
1697.9264	0.07359999999994216	RippleTimeIntervals		1697.996		
1699.0	79.0	SleepStates				WAKEstate
1727.3504	0.0807999999999538	RippleTimeIntervals		1727.356		
1735.556	0.08400000000006003	RippleTimeIntervals		1735.584		
1735.82	0.08960000000001855	RippleTimeIntervals		1735.8712		
1736.832	0.031199999999898864	RippleTimeIntervals		1736.8528		
1744.9696	0.05760000000009313	RippleTimeIntervals		1744.9944		
1751.9608	0.030399999999872307	RippleTimeIntervals		1751.9872		
1775.1456	0.038399999999910506	RippleTimeIntervals		1775.1552		
1778.0696	0.04240000000004329	RippleTimeIntervals		1778.0968		
1778.9592	0.07519999999999527	RippleTimeIntervals		1778.9696		
1779.0	42.0	SleepStates				NREMstate
1780.0648	0.14639999999985776	UpDownStatesTimeIntervals			UP	
1780.4128	0.15439999999989595	UpDownStatesTimeIntervals			DOWN	
1780.5672	0.2696000000000822	UpDownStatesTimeIntervals			UP	
1781.2024	0.08960000000001855	UpDownStatesTimeIntervals			DOWN	
1785.344	0.2544000000000324	UpDownStatesTimeIntervals			UP	
1786.1992	0.038399999999910506	UpDownStatesTimeIntervals			DOWN	
1787.0104	0.17840000000001055	UpDownStatesTimeIntervals			UP	
1787.4688	0.11439999999993233	UpDownStatesTimeIntervals			DOWN	
1790.0368	0.1431999999999789	UpDownStatesTimeIntervals			UP	
1790.9584	0.12319999999999709	UpDownStatesTimeIntervals			UP	
1793.256	0.19279999999980646	UpDownStatesTimeIntervals			UP	
1793.94	0.2136000000000422	UpDownStatesTimeIntervals			DOWN	
1794.1536	0.1471999999998843	UpDownStatesTimeIntervals			UP	
1794.5272	0.16000000000008185	UpDownStatesTimeIntervals			DOWN	
1795.008	0.29119999999988977	UpDownStatesTimeIntervals			UP	
1796.9832	0.22000000000002728	UpDownStatesTimeIntervals			UP	
1798.312	0.23440000000005057	UpDownStatesTimeIntervals			UP	
1799.208	0.17519999999990432	UpDownStatesTimeIntervals			UP	
1799.5608	0.1431999999999789	UpDownStatesTimeIntervals			DOWN	
1799.8648	0.12799999999992906	UpDownStatesTimeIntervals			UP	
1801.4032	0.14800000000013824	UpDownStatesTimeIntervals			UP	
1802.444	0.12400000000002365	UpDownStatesTimeIntervals			UP	
1803.732	0.27680000000009386	UpDownStatesTimeIntervals			UP	
1804.84	0.15360000000009677	UpDownStatesTimeIntervals			UP	
1804.9416	0.07999999999992724	RippleTimeIntervals		1804.9432		
1806.3192	0.16560000000004038	UpDownStatesTimeIntervals			UP	
1806.7376	0.19119999999998072	UpDownStatesTimeIntervals			DOWN	
1807.5536	0.2927999999999429	UpDownStatesTimeIntervals			DOWN	
1807.8464	0.35920000000010077	UpDownStatesTimeIntervals			UP	
1809.2768	0.2639999999998963	UpDownStatesTimeIntervals			UP	
1812.572	0.22560000000021319	UpDownStatesTimeIntervals			UP	
1813.6688	0.4216000000001259	UpDownStatesTimeIntervals			DOWN	
1814.3832	0.2136000000000422	UpDownStatesTimeIntervals			UP	
1816.2624	0.14799999999991087	UpDownStatesTimeIntervals			UP	
1817.2824	0.12879999999995562	UpDownStatesTimeIntervals			UP	
1822.0	64.0	SleepStates				WAKEstate
1822.0	0.04559999999992215	RippleTimeIntervals		1822.036		
1822.2208	0.05039999999985412	RippleTimeIntervals		1822.26		
1822.9448	0.038399999999910506	RippleTimeIntervals		1822.9816		
1839.3368	0.05919999999991887	RippleTimeIntervals		1839.3552		
1850.072	0.09520000000020445	RippleTimeIntervals		1850.0728		
1857.276	0.05999999999994543	RippleTimeIntervals		1857.3264		
1859.104	0.08799999999996544	RippleTimeIntervals		1859.1632		
1864.1896	0.044800000000122964	RippleTimeIntervals		1864.2288		
1870.488	0.05520000000001346	RippleTimeIntervals		1870.4936		
1881.9248	0.036800000000084765	RippleTimeIntervals		1881.944		
1887.0	405.0	SleepStates				NREMstate
1888.8968	0.14640000000008513	UpDownStatesTimeIntervals			UP	
1889.4632	0.1752000000001317	UpDownStatesTimeIntervals			DOWN	
1889.6384	0.13999999999987267	UpDownStatesTimeIntervals			UP	
1890.5248	0.2560000000000855	UpDownStatesTimeIntervals			UP	
1891.308	0.07120000000008986	UpDownStatesTimeIntervals			DOWN	
1891.3792	0.1335999999998876	UpDownStatesTimeIntervals			UP	
1891.992	0.1592000000000553	UpDownStatesTimeIntervals			UP	
1892.9656	0.07680000000004839	UpDownStatesTimeIntervals			UP	
1893.3672	0.19760000000019318	UpDownStatesTimeIntervals			DOWN	
1893.5648	0.29759999999987485	UpDownStatesTimeIntervals			UP	
1894.3504	0.1335999999998876	UpDownStatesTimeIntervals			UP	
1894.7936	0.04559999999992215	UpDownStatesTimeIntervals			DOWN	
1894.8392	0.19680000000016662	UpDownStatesTimeIntervals			UP	
1895.5024	0.165599999999813	UpDownStatesTimeIntervals			DOWN	
1895.668	0.2800000000002001	UpDownStatesTimeIntervals			UP	
1896.2632	0.2847999999999047	UpDownStatesTimeIntervals			UP	
1897.4384	0.19679999999993925	UpDownStatesTimeIntervals			UP	
1897.9824	0.12399999999979627	UpDownStatesTimeIntervals			UP	
1898.368	0.266399999999976	UpDownStatesTimeIntervals			DOWN	
1898.6344	0.19440000000008695	UpDownStatesTimeIntervals			UP	
1899.2928	0.15520000000014988	UpDownStatesTimeIntervals			UP	
1899.68	0.322400000000016	UpDownStatesTimeIntervals			DOWN	
1900.2736	0.30719999999996617	UpDownStatesTimeIntervals			UP	
1901.6784	0.2799999999999727	UpDownStatesTimeIntervals			UP	
1902.5512	0.11039999999979955	UpDownStatesTimeIntervals			DOWN	
1902.6616	0.17200000000002547	UpDownStatesTimeIntervals			UP	
1903.108	0.2960000000000491	UpDownStatesTimeIntervals			DOWN	
1903.6048	0.14639999999985776	UpDownStatesTimeIntervals			UP	
1903.7696	0.5735999999999422	UpDownStatesTimeIntervals			DOWN	
1904.3432	0.13200000000006185	UpDownStatesTimeIntervals			UP	
1906.3656	0.11439999999993233	UpDownStatesTimeIntervals			UP	
1908.1136	0.18080000000009022	UpDownStatesTimeIntervals			UP	
1909.1352	0.25040000000012697	UpDownStatesTimeIntervals			DOWN	
1909.3856	0.28319999999985157	UpDownStatesTimeIntervals			UP	
1914.2688	0.1255999999998494	UpDownStatesTimeIntervals			UP	
1915.1416	0.20880000000011023	UpDownStatesTimeIntervals			UP	
1915.7304	0.2512000000001535	UpDownStatesTimeIntervals			UP	
1916.6464	0.15919999999982792	UpDownStatesTimeIntervals			UP	
1917.852	0.1255999999998494	UpDownStatesTimeIntervals			DOWN	
1917.9776	0.15599999999994907	UpDownStatesTimeIntervals			UP	
1918.484	0.23279999999999745	UpDownStatesTimeIntervals			UP	
1918.7664	0.12319999999999709	UpDownStatesTimeIntervals			DOWN	
1919.5488	0.21199999999998909	UpDownStatesTimeIntervals			UP	
1920.7592	0.15440000000012333	UpDownStatesTimeIntervals			UP	
1924.9592	0.14239999999995234	UpDownStatesTimeIntervals			UP	
1925.6592	0.1431999999999789	UpDownStatesTimeIntervals			DOWN	
1925.9344	0.15039999999999054	UpDownStatesTimeIntervals			UP	
1926.7064	0.17360000000007858	UpDownStatesTimeIntervals			UP	
1926.9456	0.18239999999991596	UpDownStatesTimeIntervals			DOWN	
1927.472	0.14239999999995234	UpDownStatesTimeIntervals			UP	
1928.0048	0.1408000000001266	UpDownStatesTimeIntervals			UP	
1928.832	0.21679999999992106	UpDownStatesTimeIntervals			DOWN	
1929.0488	0.2400000000000091	UpDownStatesTimeIntervals			UP	
1931.9032	0.14239999999995234	UpDownStatesTimeIntervals			UP	
1932.424	0.22080000000005384	UpDownStatesTimeIntervals			UP	
1932.8264	0.25040000000012697	UpDownStatesTimeIntervals			DOWN	
1933.2	0.26720000000000255	UpDownStatesTimeIntervals			UP	
1935.9968	0.14400000000000546	UpDownStatesTimeIntervals			UP	
1936.544	0.12159999999994398	UpDownStatesTimeIntervals			UP	
1936.7632	0.07599999999979445	UpDownStatesTimeIntervals			DOWN	
1939.1168	0.16879999999991924	UpDownStatesTimeIntervals			UP	
1939.9904	0.024000000000114596	UpDownStatesTimeIntervals			DOWN	
1940.0144	0.12799999999992906	UpDownStatesTimeIntervals			UP	
1941.0432	0.29919999999992797	UpDownStatesTimeIntervals			UP	
1941.6256	0.10479999999984102	UpDownStatesTimeIntervals			UP	
1941.9696	0.05520000000001346	UpDownStatesTimeIntervals			DOWN	
1942.0248	0.25520000000005894	UpDownStatesTimeIntervals			UP	
1942.632	0.19200000000000728	UpDownStatesTimeIntervals			DOWN	
1942.824	0.17519999999990432	UpDownStatesTimeIntervals			UP	
1943.4816	0.20079999999984466	UpDownStatesTimeIntervals			UP	
1943.9288	0.21040000000016335	UpDownStatesTimeIntervals			DOWN	
1945.2432	0.29440000000022337	UpDownStatesTimeIntervals			UP	
1945.7384	0.1975999999999658	UpDownStatesTimeIntervals			DOWN	
1945.936	0.2536000000000058	UpDownStatesTimeIntervals			UP	
1946.5472	0.13760000000002037	UpDownStatesTimeIntervals			UP	
1947.5496	0.14879999999993743	UpDownStatesTimeIntervals			UP	
1948.2184	0.0624000000000251	UpDownStatesTimeIntervals			DOWN	
1948.7	0.27359999999998763	UpDownStatesTimeIntervals			UP	
1950.7688	0.0968000000000302	UpDownStatesTimeIntervals			UP	
1951.256	0.11199999999985266	UpDownStatesTimeIntervals			UP	
1951.432	0.2880000000000109	UpDownStatesTimeIntervals			DOWN	
1951.944	0.14480000000003201	UpDownStatesTimeIntervals			UP	
1952.1512	0.21280000000001564	UpDownStatesTimeIntervals			DOWN	
1952.5696	0.20080000000007203	UpDownStatesTimeIntervals			UP	
1953.7928	0.14959999999996398	UpDownStatesTimeIntervals			DOWN	
1954.1168	0.13200000000006185	UpDownStatesTimeIntervals			UP	
1954.9768	0.14800000000013824	UpDownStatesTimeIntervals			UP	
1955.1728	0.06880000000001019	UpDownStatesTimeIntervals			DOWN	
1955.7072	0.1711999999999989	UpDownStatesTimeIntervals			UP	
1956.2232	0.16399999999998727	UpDownStatesTimeIntervals			UP	
1956.7216	0.3791999999998552	UpDownStatesTimeIntervals			UP	
1957.1464	0.24079999999980828	UpDownStatesTimeIntervals			DOWN	
1957.7696	0.16079999999988104	UpDownStatesTimeIntervals			UP	
1958.1808	0.5007999999997992	UpDownStatesTimeIntervals			DOWN	
1958.6816	0.32320000000004256	UpDownStatesTimeIntervals			UP	
1959.1992	0.3183999999998832	UpDownStatesTimeIntervals			DOWN	
1959.9888	0.07759999999984757	UpDownStatesTimeIntervals			DOWN	
1960.3888	0.1528000000000702	UpDownStatesTimeIntervals			UP	
1961.1664	0.25919999999996435	UpDownStatesTimeIntervals			UP	
1961.8216	0.17519999999990432	UpDownStatesTimeIntervals			DOWN	
1961.9968	0.18080000000009022	UpDownStatesTimeIntervals			UP	
1962.5688	0.2359999999998763	UpDownStatesTimeIntervals			DOWN	
1962.8048	0.18400000000019645	UpDownStatesTimeIntervals			UP	
1963.3576	0.24639999999999418	UpDownStatesTimeIntervals			UP	
1963.6792	0.25919999999996435	UpDownStatesTimeIntervals			DOWN	
1963.9384	0.22080000000005384	UpDownStatesTimeIntervals			UP	
1964.3936	0.33839999999986503	UpDownStatesTimeIntervals			DOWN	
1964.9304	0.18000000000006366	UpDownStatesTimeIntervals			UP	
1965.932	0.27359999999998763	UpDownStatesTimeIntervals			UP	
1966.568	0.22240000000010696	UpDownStatesTimeIntervals			UP	
1970.9424	0.15600000000017644	UpDownStatesTimeIntervals			DOWN	
1971.0984	0.12799999999992906	UpDownStatesTimeIntervals			UP	
1973.6888	0.19680000000016662	UpDownStatesTimeIntervals			UP	
1974.168	0.19600000000014006	UpDownStatesTimeIntervals			DOWN	
1974.5104	0.13600000000019463	UpDownStatesTimeIntervals			UP	
1974.676	0.14800000000013824	UpDownStatesTimeIntervals			DOWN	
1975.0408	0.12079999999991742	UpDownStatesTimeIntervals			UP	
1976.1528	0.15840000000002874	UpDownStatesTimeIntervals			UP	
1976.6048	0.13999999999987267	UpDownStatesTimeIntervals			DOWN	
1976.7448	0.1672000000000935	UpDownStatesTimeIntervals			UP	
1977.4144	0.16400000000021464	UpDownStatesTimeIntervals			DOWN	
1977.5784	0.2519999999999527	UpDownStatesTimeIntervals			UP	
1978.168	0.13520000000016807	UpDownStatesTimeIntervals			UP	
1978.3968	0.15039999999999054	UpDownStatesTimeIntervals			DOWN	
1979.2072	0.15200000000004366	UpDownStatesTimeIntervals			DOWN	
1979.7712	0.22480000000018663	UpDownStatesTimeIntervals			DOWN	
1979.996	0.3935999999998785	UpDownStatesTimeIntervals			UP	
1980.68	0.12479999999982283	UpDownStatesTimeIntervals			DOWN	
1980.8048	0.1608000000001084	UpDownStatesTimeIntervals			UP	
1981.5224	0.21519999999986794	UpDownStatesTimeIntervals			UP	
1983.844	0.1391999999998461	UpDownStatesTimeIntervals			UP	
1984.5216	0.21519999999986794	UpDownStatesTimeIntervals			DOWN	
1984.9152	0.07360000000016953	UpDownStatesTimeIntervals			UP	
1985.4176	0.1615999999999076	UpDownStatesTimeIntervals			UP	
1986.1864	0.29520000000002256	UpDownStatesTimeIntervals			UP	
1986.6176	0.18640000000004875	UpDownStatesTimeIntervals			DOWN	
1986.804	0.3575999999998203	UpDownStatesTimeIntervals			UP	
1987.2656	0.551200000000108	UpDownStatesTimeIntervals			DOWN	
1988.8656	0.03919999999993706	UpDownStatesTimeIntervals			DOWN	
1988.9048	0.1856000000000222	UpDownStatesTimeIntervals			UP	
1989.6392	0.08960000000001855	UpDownStatesTimeIntervals			DOWN	
1990.8176	0.07999999999992724	UpDownStatesTimeIntervals			DOWN	
1990.8976	0.29520000000002256	UpDownStatesTimeIntervals			UP	
1991.9672	0.16079999999988104	UpDownStatesTimeIntervals			UP	
1992.8128	0.2856000000001586	UpDownStatesTimeIntervals			UP	
1993.1944	0.2687999999998283	UpDownStatesTimeIntervals			DOWN	
1993.6536	0.14479999999980464	UpDownStatesTimeIntervals			UP	
1994.0672	0.08159999999998035	UpDownStatesTimeIntervals			DOWN	
1994.1488	0.20800000000008367	UpDownStatesTimeIntervals			UP	
1994.8464	0.13679999999999382	UpDownStatesTimeIntervals			DOWN	
1994.9832	0.4655999999999949	UpDownStatesTimeIntervals			UP	
1995.592	0.25119999999992615	UpDownStatesTimeIntervals			DOWN	
2001.4096	0.26720000000000255	UpDownStatesTimeIntervals			UP	
2001.8272	0.3808000000001357	UpDownStatesTimeIntervals			DOWN	
2002.208	0.2079999999998563	UpDownStatesTimeIntervals			UP	
2002.4728	0.4880000000000564	UpDownStatesTimeIntervals			DOWN	
2003.348	0.14000000000010004	UpDownStatesTimeIntervals			UP	
2004.1936	0.13760000000002037	UpDownStatesTimeIntervals			UP	
2004.6728	0.2423999999998614	UpDownStatesTimeIntervals			UP	
2005.1824	0.2032000000001517	UpDownStatesTimeIntervals			DOWN	
2005.3856	0.14959999999996398	UpDownStatesTimeIntervals			UP	
2005.8032	0.3160000000000309	UpDownStatesTimeIntervals			DOWN	
2006.1192	0.2687999999998283	UpDownStatesTimeIntervals			UP	
2011.1872	0.14639999999985776	UpDownStatesTimeIntervals			UP	
2011.8112	0.11839999999983775	UpDownStatesTimeIntervals			UP	
2011.9824	0.1695999999999458	UpDownStatesTimeIntervals			DOWN	
2012.5704	0.1631999999999607	UpDownStatesTimeIntervals			UP	
2013.1872	0.13040000000000873	UpDownStatesTimeIntervals			UP	
2013.9376	0.13040000000000873	UpDownStatesTimeIntervals			DOWN	
2015.4496	0.2560000000000855	UpDownStatesTimeIntervals			DOWN	
2015.7056	0.3632000000000062	UpDownStatesTimeIntervals			UP	
2016.3112	0.2967999999998483	UpDownStatesTimeIntervals			DOWN	
2019.0152	0.1815999999998894	UpDownStatesTimeIntervals			UP	
2022.3208	0.17840000000001055	UpDownStatesTimeIntervals			UP	
2023.4976	0.16000000000008185	UpDownStatesTimeIntervals			UP	
2026.2432	0.13040000000000873	UpDownStatesTimeIntervals			UP	
2026.7024	0.09600000000000364	UpDownStatesTimeIntervals			UP	
2027.3552	0.13679999999999382	UpDownStatesTimeIntervals			UP	
2027.6952	0.38639999999986685	UpDownStatesTimeIntervals			UP	
2029.2552	0.26319999999986976	UpDownStatesTimeIntervals			UP	
2030.0544	0.1408000000001266	UpDownStatesTimeIntervals			UP	
2030.976	0.2503999999998996	UpDownStatesTimeIntervals			UP	
2031.6256	0.1615999999999076	UpDownStatesTimeIntervals			UP	
2032.5128	0.19200000000000728	UpDownStatesTimeIntervals			DOWN	
2032.7048	0.2544000000000324	UpDownStatesTimeIntervals			UP	
2033.2968	0.294399999999996	UpDownStatesTimeIntervals			UP	
2034.0272	0.14400000000000546	UpDownStatesTimeIntervals			UP	
2035.144	0.2544000000000324	UpDownStatesTimeIntervals			UP	
2039.0968	0.22479999999995925	UpDownStatesTimeIntervals			UP	
2039.804	0.20959999999990941	UpDownStatesTimeIntervals			DOWN	
2040.0136	0.205600000000004	UpDownStatesTimeIntervals			UP	
2040.6024	0.14159999999992579	UpDownStatesTimeIntervals			UP	
2041.3376	0.4559999999999036	UpDownStatesTimeIntervals			UP	
2042.0464	0.16160000000013497	UpDownStatesTimeIntervals			DOWN	
2042.208	0.14239999999995234	UpDownStatesTimeIntervals			UP	
2042.7008	0.22959999999989122	UpDownStatesTimeIntervals			UP	
2043.0992	0.22079999999982647	UpDownStatesTimeIntervals			DOWN	
2043.32	0.2312000000001717	UpDownStatesTimeIntervals			UP	
2044.96	0.46080000000006294	UpDownStatesTimeIntervals			DOWN	
2045.6624	0.10640000000012151	UpDownStatesTimeIntervals			DOWN	
2045.7688	0.15840000000002874	UpDownStatesTimeIntervals			UP	
2046.2352	0.1312000000000353	UpDownStatesTimeIntervals			DOWN	
2046.4848	0.12959999999998217	UpDownStatesTimeIntervals			UP	
2049.3784	0.04399999999986903	UpDownStatesTimeIntervals			DOWN	
2049.4224	0.12800000000015643	UpDownStatesTimeIntervals			UP	
2050.2936	0.22319999999990614	UpDownStatesTimeIntervals			UP	
2050.74	0.12640000000010332	UpDownStatesTimeIntervals			DOWN	
2050.8664	0.35359999999991487	UpDownStatesTimeIntervals			UP	
2051.5536	0.18799999999964712	UpDownStatesTimeIntervals			UP	
2052.1688	0.19439999999985957	UpDownStatesTimeIntervals			DOWN	
2052.3632	0.1888000000003558	UpDownStatesTimeIntervals			UP	
2053.2384	0.23519999999962238	UpDownStatesTimeIntervals			UP	
2053.4384	0.04719999999997526	RippleTimeIntervals		2053.4728		
2053.8584	0.2319999999999709	UpDownStatesTimeIntervals			DOWN	
2054.0904	0.27359999999998763	UpDownStatesTimeIntervals			UP	
2055.532	0.29599999999982174	UpDownStatesTimeIntervals			UP	
2056.284	0.2840000000001055	UpDownStatesTimeIntervals			UP	
2056.672	0.743199999999888	UpDownStatesTimeIntervals			DOWN	
2058.9872	0.1087999999999738	UpDownStatesTimeIntervals			UP	
2059.488	0.1384000000002743	UpDownStatesTimeIntervals			UP	
2060.0312	0.2816000000002532	UpDownStatesTimeIntervals			UP	
2060.432	0.06320000000005166	UpDownStatesTimeIntervals			DOWN	
2061.1	0.12879999999995562	UpDownStatesTimeIntervals			UP	
2061.5416	0.6880000000001019	UpDownStatesTimeIntervals			DOWN	
2062.1648	0.06480000000010477	UpDownStatesTimeIntervals			DOWN	
2062.2296	0.18879999999990105	UpDownStatesTimeIntervals			UP	
2062.8248	0.177599999999984	UpDownStatesTimeIntervals			UP	
2066.324	0.33120000000008076	UpDownStatesTimeIntervals			DOWN	
2066.6552	0.29599999999982174	UpDownStatesTimeIntervals			UP	
2073.0048	0.14879999999993743	UpDownStatesTimeIntervals			UP	
2073.732	0.08559999999988577	UpDownStatesTimeIntervals			DOWN	
2073.8176	0.13760000000002037	UpDownStatesTimeIntervals			UP	
2076.904	0.3623999999999796	UpDownStatesTimeIntervals			UP	
2077.5304	0.24319999999988795	UpDownStatesTimeIntervals			DOWN	
2077.7736	0.3623999999999796	UpDownStatesTimeIntervals			UP	
2078.308	0.29759999999987485	UpDownStatesTimeIntervals			DOWN	
2078.98	0.24240000000008877	UpDownStatesTimeIntervals			UP	
2079.4536	0.20560000000023138	UpDownStatesTimeIntervals			DOWN	
2079.6592	0.15760000000000218	UpDownStatesTimeIntervals			UP	
2080.1552	0.17200000000002547	UpDownStatesTimeIntervals			UP	
2080.4272	0.2480000000000473	UpDownStatesTimeIntervals			DOWN	
2080.6752	0.2367999999996755	UpDownStatesTimeIntervals			UP	
2083.228	0.19679999999971187	UpDownStatesTimeIntervals			UP	
2083.7008	0.3047999999998865	UpDownStatesTimeIntervals			DOWN	
2084.6864	0.22240000000010696	UpDownStatesTimeIntervals			UP	
2086.5912	0.2624000000000706	UpDownStatesTimeIntervals			UP	
2086.6896	0.023999999999887223	RippleTimeIntervals		2086.6912		
2087.1664	0.2383999999997286	UpDownStatesTimeIntervals			DOWN	
2087.4048	0.3144000000002052	UpDownStatesTimeIntervals			UP	
2091.0688	0.2624000000000706	UpDownStatesTimeIntervals			UP	
2091.8656	0.15279999999984284	UpDownStatesTimeIntervals			UP	
2098.2104	0.2656000000001768	UpDownStatesTimeIntervals			UP	
2099.112	0.14399999999977808	UpDownStatesTimeIntervals			DOWN	
2099.256	0.24240000000008877	UpDownStatesTimeIntervals			UP	
2099.7888	0.4511999999999716	UpDownStatesTimeIntervals			DOWN	
2100.24	0.14720000000033906	UpDownStatesTimeIntervals			UP	
2100.6456	0.36720000000013897	UpDownStatesTimeIntervals			UP	
2100.8288	0.08320000000003347	RippleTimeIntervals		2100.8856		
2101.2896	0.25680000000011205	UpDownStatesTimeIntervals			DOWN	
2101.5464	0.24639999999999418	UpDownStatesTimeIntervals			UP	
2107.5632	0.13999999999987267	UpDownStatesTimeIntervals			UP	
2108.1168	0.2448000000003958	UpDownStatesTimeIntervals			UP	
2108.5384	0.15120000000024447	UpDownStatesTimeIntervals			DOWN	
2108.6896	0.17439999999987776	UpDownStatesTimeIntervals			UP	
2111.284	0.1608000000001084	UpDownStatesTimeIntervals			UP	
2114.788	0.28720000000021173	UpDownStatesTimeIntervals			UP	
2115.5272	0.15360000000009677	UpDownStatesTimeIntervals			UP	
2115.9728	0.15279999999984284	UpDownStatesTimeIntervals			DOWN	
2117.2088	0.1248000000000502	UpDownStatesTimeIntervals			UP	
2120.0344	0.1368000000002212	UpDownStatesTimeIntervals			UP	
2120.7352	0.11920000000009168	UpDownStatesTimeIntervals			DOWN	
2120.8544	0.1799999999998363	UpDownStatesTimeIntervals			UP	
2121.9088	0.5288000000000466	UpDownStatesTimeIntervals			DOWN	
2122.4096	0.028000000000247383	UpDownStatesTimeIntervals			DOWN	
2122.5	0.33599999999978536	UpDownStatesTimeIntervals			UP	
2123.1464	0.16239999999970678	UpDownStatesTimeIntervals			UP	
2124.0648	0.15599999999994907	UpDownStatesTimeIntervals			UP	
2124.6576	0.1431999999999789	UpDownStatesTimeIntervals			UP	
2125.5416	0.32720000000017535	UpDownStatesTimeIntervals			UP	
2126.2856	0.35199999999986176	UpDownStatesTimeIntervals			DOWN	
2126.6968	0.19200000000000728	UpDownStatesTimeIntervals			UP	
2132.1784	0.14640000000008513	UpDownStatesTimeIntervals			UP	
2132.8168	0.19680000000016662	UpDownStatesTimeIntervals			DOWN	
2133.48	0.10959999999977299	UpDownStatesTimeIntervals			UP	
2134.36	0.12639999999964857	UpDownStatesTimeIntervals			UP	
2134.8008	0.14960000000019136	UpDownStatesTimeIntervals			UP	
2137.648	0.12079999999969004	UpDownStatesTimeIntervals			UP	
2138.296	0.16480000000001382	UpDownStatesTimeIntervals			DOWN	
2138.8368	0.13360000000011496	UpDownStatesTimeIntervals			UP	
2139.1848	0.2656000000001768	UpDownStatesTimeIntervals			UP	
2139.612	0.20640000000003056	UpDownStatesTimeIntervals			DOWN	
2139.8184	0.24559999999974025	UpDownStatesTimeIntervals			UP	
2140.6	0.11520000000018626	UpDownStatesTimeIntervals			DOWN	
2140.7152	0.2319999999999709	UpDownStatesTimeIntervals			UP	
2141.9584	0.16800000000012005	UpDownStatesTimeIntervals			DOWN	
2142.4912	0.22080000000005384	UpDownStatesTimeIntervals			DOWN	
2142.712	0.14400000000023283	UpDownStatesTimeIntervals			UP	
2143.8136	0.12879999999995562	UpDownStatesTimeIntervals			UP	
2143.9808	0.1752000000001317	UpDownStatesTimeIntervals			DOWN	
2144.5184	0.14800000000013824	UpDownStatesTimeIntervals			UP	
2145.0536	0.3255999999996675	UpDownStatesTimeIntervals			DOWN	
2145.3792	0.17360000000007858	UpDownStatesTimeIntervals			UP	
2146.6936	0.1631999999999607	UpDownStatesTimeIntervals			UP	
2147.24	0.14560000000028595	UpDownStatesTimeIntervals			DOWN	
2147.816	0.11599999999998545	UpDownStatesTimeIntervals			DOWN	
2148.16	0.2760000000002947	UpDownStatesTimeIntervals			UP	
2148.8776	0.1912000000002081	UpDownStatesTimeIntervals			DOWN	
2149.0688	0.15520000000014988	UpDownStatesTimeIntervals			UP	
2149.4736	0.088799999999992	UpDownStatesTimeIntervals			DOWN	
2149.5624	0.2816000000002532	UpDownStatesTimeIntervals			UP	
2152.2768	0.28960000000006403	UpDownStatesTimeIntervals			DOWN	
2152.6896	0.26559999999972206	UpDownStatesTimeIntervals			UP	
2154.5016	0.07200000000011642	RippleTimeIntervals		2154.5344		
2155.54	0.15360000000009677	UpDownStatesTimeIntervals			UP	
2156.0848	0.24159999999983484	UpDownStatesTimeIntervals			DOWN	
2156.3264	0.4416000000001077	UpDownStatesTimeIntervals			UP	
2156.9416	0.09600000000000364	UpDownStatesTimeIntervals			DOWN	
2157.0376	0.3240000000000691	UpDownStatesTimeIntervals			UP	
2157.6104	0.10959999999977299	UpDownStatesTimeIntervals			DOWN	
2157.72	0.18720000000030268	UpDownStatesTimeIntervals			UP	
2158.224	0.2511999999996988	UpDownStatesTimeIntervals			UP	
2158.6816	0.21520000000009532	UpDownStatesTimeIntervals			DOWN	
2158.8968	0.2624000000000706	UpDownStatesTimeIntervals			UP	
2159.2632	0.2088000000003376	UpDownStatesTimeIntervals			DOWN	
2160.0016	0.27359999999998763	UpDownStatesTimeIntervals			UP	
2160.684	0.1335999999996602	UpDownStatesTimeIntervals			UP	
2161.1592	0.1392000000000735	UpDownStatesTimeIntervals			UP	
2161.6256	0.257600000000366	UpDownStatesTimeIntervals			UP	
2163.4352	0.05760000000009313	RippleTimeIntervals		2163.4768		
2163.92	0.16719999999986612	UpDownStatesTimeIntervals			UP	
2164.4824	0.22479999999995925	UpDownStatesTimeIntervals			DOWN	
2165.2992	0.13200000000006185	UpDownStatesTimeIntervals			DOWN	
2165.4312	0.2672000000002299	UpDownStatesTimeIntervals			UP	
2165.8792	0.2760000000002947	UpDownStatesTimeIntervals			DOWN	
2167.2056	0.15520000000014988	UpDownStatesTimeIntervals			UP	
2167.9296	0.3423999999999978	UpDownStatesTimeIntervals			DOWN	
2168.8536	0.23440000000027794	UpDownStatesTimeIntervals			UP	
2169.6712	0.21039999999993597	UpDownStatesTimeIntervals			DOWN	
2171.2864	0.03760000000011132	UpDownStatesTimeIntervals			DOWN	
2171.324	0.2919999999999163	UpDownStatesTimeIntervals			UP	
2172.9296	0.22879999999986467	UpDownStatesTimeIntervals			UP	
2174.1312	0.30720000000019354	UpDownStatesTimeIntervals			UP	
2174.8384	0.1471999999998843	UpDownStatesTimeIntervals			UP	
2175.9216	0.31999999999970896	UpDownStatesTimeIntervals			UP	
2176.4056	0.10559999999986758	UpDownStatesTimeIntervals			DOWN	
2176.7408	0.14879999999993743	UpDownStatesTimeIntervals			UP	
2177.9552	0.23680000000013024	UpDownStatesTimeIntervals			UP	
2178.6936	0.33120000000008076	UpDownStatesTimeIntervals			DOWN	
2179.0248	0.15760000000000218	UpDownStatesTimeIntervals			UP	
2179.5904	0.3200000000001637	UpDownStatesTimeIntervals			DOWN	
2179.9104	0.2207999999995991	UpDownStatesTimeIntervals			UP	
2180.4792	0.21679999999969368	UpDownStatesTimeIntervals			UP	
2183.1016	0.21199999999998909	UpDownStatesTimeIntervals			UP	
2183.4712	0.16400000000021464	UpDownStatesTimeIntervals			DOWN	
2183.6352	0.17679999999973006	UpDownStatesTimeIntervals			UP	
2184.0232	0.06320000000005166	UpDownStatesTimeIntervals			DOWN	
2185.812	0.13360000000011496	UpDownStatesTimeIntervals			UP	
2185.9232	0.08639999999968495	RippleTimeIntervals		2185.9992		
2192.3624	0.18240000000014334	UpDownStatesTimeIntervals			UP	
2194.164	0.2223999999996522	UpDownStatesTimeIntervals			UP	
2194.696	0.2656000000001768	UpDownStatesTimeIntervals			UP	
2195.052	0.24559999999974025	UpDownStatesTimeIntervals			DOWN	
2195.2976	0.1528000000002976	UpDownStatesTimeIntervals			UP	
2195.8064	0.18400000000019645	UpDownStatesTimeIntervals			DOWN	
2196.32	0.26959999999962747	UpDownStatesTimeIntervals			UP	
2197.12	0.20319999999992433	UpDownStatesTimeIntervals			DOWN	
2197.6944	0.18720000000030268	UpDownStatesTimeIntervals			UP	
2198.348	0.15999999999985448	UpDownStatesTimeIntervals			UP	
2198.9456	0.08239999999977954	UpDownStatesTimeIntervals			UP	
2199.5008	0.1184000000002925	UpDownStatesTimeIntervals			DOWN	
2199.9488	0.36959999999999127	UpDownStatesTimeIntervals			UP	
2204.3408	0.14400000000023283	UpDownStatesTimeIntervals			UP	
2204.5504	0.07119999999986248	RippleTimeIntervals		2204.556		
2205.0592	0.18079999999963547	UpDownStatesTimeIntervals			DOWN	
2205.24	0.378400000000056	UpDownStatesTimeIntervals			UP	
2205.8864	0.13520000000016807	UpDownStatesTimeIntervals			DOWN	
2206.0216	0.14399999999977808	UpDownStatesTimeIntervals			UP	
2206.5592	0.17599999999993088	UpDownStatesTimeIntervals			UP	
2206.9328	0.11679999999978463	UpDownStatesTimeIntervals			DOWN	
2207.4416	0.13040000000000873	UpDownStatesTimeIntervals			DOWN	
2207.572	0.15119999999978972	UpDownStatesTimeIntervals			UP	
2208.4536	0.1792000000000371	UpDownStatesTimeIntervals			UP	
2208.9384	0.1271999999999025	UpDownStatesTimeIntervals			DOWN	
2209.0656	0.3751999999999498	UpDownStatesTimeIntervals			UP	
2210.072	0.13999999999987267	UpDownStatesTimeIntervals			DOWN	
2210.212	0.17360000000007858	UpDownStatesTimeIntervals			UP	
2211.6176	0.13040000000000873	UpDownStatesTimeIntervals			DOWN	
2212.1664	0.19200000000000728	UpDownStatesTimeIntervals			DOWN	
2212.3584	0.30159999999978027	UpDownStatesTimeIntervals			UP	
2213.0912	0.12879999999995562	UpDownStatesTimeIntervals			DOWN	
2213.6544	0.09439999999995052	UpDownStatesTimeIntervals			DOWN	
2214.2448	0.24159999999983484	UpDownStatesTimeIntervals			DOWN	
2214.4864	0.233600000000024	UpDownStatesTimeIntervals			UP	
2221.5944	0.11999999999989086	UpDownStatesTimeIntervals			UP	
2221.7608	0.13599999999996726	UpDownStatesTimeIntervals			DOWN	
2223.3128	0.05279999999993379	UpDownStatesTimeIntervals			DOWN	
2223.3656	0.13040000000000873	UpDownStatesTimeIntervals			UP	
2225.3488	0.26159999999981665	UpDownStatesTimeIntervals			UP	
2226.1224	0.09839999999985594	UpDownStatesTimeIntervals			DOWN	
2229.6176	0.17039999999997235	UpDownStatesTimeIntervals			UP	
2230.0224	0.27520000000004075	UpDownStatesTimeIntervals			UP	
2230.5904	0.378400000000056	UpDownStatesTimeIntervals			DOWN	
2231.3856	0.11839999999983775	UpDownStatesTimeIntervals			UP	
2231.5856	0.245600000000195	UpDownStatesTimeIntervals			DOWN	
2231.8312	0.2743999999997868	UpDownStatesTimeIntervals			UP	
2232.1432	0.254399999999805	UpDownStatesTimeIntervals			DOWN	
2232.3976	0.15600000000040382	UpDownStatesTimeIntervals			UP	
2232.7312	0.40239999999994325	UpDownStatesTimeIntervals			DOWN	
2233.476	0.19679999999971187	UpDownStatesTimeIntervals			UP	
2234.1368	0.10799999999971988	UpDownStatesTimeIntervals			DOWN	
2235.1352	0.15039999999999054	UpDownStatesTimeIntervals			UP	
2235.5832	0.10399999999981446	UpDownStatesTimeIntervals			DOWN	
2235.6872	0.21280000000024302	UpDownStatesTimeIntervals			UP	
2236.1344	0.1631999999999607	UpDownStatesTimeIntervals			DOWN	
2236.2976	0.14400000000023283	UpDownStatesTimeIntervals			UP	
2236.8968	0.21199999999998909	UpDownStatesTimeIntervals			DOWN	
2237.1088	0.41440000000011423	UpDownStatesTimeIntervals			UP	
2238.3952	0.3328000000001339	UpDownStatesTimeIntervals			DOWN	
2238.728	0.14640000000008513	UpDownStatesTimeIntervals			UP	
2239.3304	0.24639999999999418	UpDownStatesTimeIntervals			DOWN	
2239.8368	0.2887999999998101	UpDownStatesTimeIntervals			UP	
2241.464	0.15760000000000218	UpDownStatesTimeIntervals			UP	
2242.0096	0.05760000000009313	UpDownStatesTimeIntervals			DOWN	
2242.0672	0.10719999999992069	UpDownStatesTimeIntervals			UP	
2242.6416	0.15599999999994907	UpDownStatesTimeIntervals			DOWN	
2242.7976	0.43040000000019063	UpDownStatesTimeIntervals			UP	
2244.5392	0.17200000000002547	UpDownStatesTimeIntervals			DOWN	
2244.7112	0.33039999999982683	UpDownStatesTimeIntervals			UP	
2245.1664	0.17200000000002547	UpDownStatesTimeIntervals			UP	
2245.92	0.15599999999994907	UpDownStatesTimeIntervals			UP	
2246.532	0.13519999999971333	UpDownStatesTimeIntervals			DOWN	
2246.6672	0.2647999999999229	UpDownStatesTimeIntervals			UP	
2247.2456	0.26239999999961583	UpDownStatesTimeIntervals			UP	
2251.0128	0.09520000000020445	RippleTimeIntervals		2251.0232		
2251.5168	0.18479999999999563	UpDownStatesTimeIntervals			UP	
2252.4992	0.1631999999999607	UpDownStatesTimeIntervals			DOWN	
2252.6624	0.21279999999978827	UpDownStatesTimeIntervals			UP	
2253.3056	0.2671999999997752	UpDownStatesTimeIntervals			UP	
2254.6496	0.3983999999995831	UpDownStatesTimeIntervals			UP	
2255.4048	0.09040000000004511	UpDownStatesTimeIntervals			DOWN	
2255.4952	0.29359999999996944	UpDownStatesTimeIntervals			UP	
2255.948	0.4311999999999898	UpDownStatesTimeIntervals			DOWN	
2256.3792	0.27280000000018845	UpDownStatesTimeIntervals			UP	
2258.8984	0.2880000000000109	UpDownStatesTimeIntervals			UP	
2259.4688	0.26159999999981665	UpDownStatesTimeIntervals			DOWN	
2259.7304	0.1912000000002081	UpDownStatesTimeIntervals			UP	
2260.2024	0.10239999999976135	UpDownStatesTimeIntervals			DOWN	
2260.8176	0.24639999999999418	UpDownStatesTimeIntervals			DOWN	
2261.3096	0.15200000000004366	UpDownStatesTimeIntervals			UP	
2261.92	0.25680000000011205	UpDownStatesTimeIntervals			UP	
2262.6336	0.3007999999999811	UpDownStatesTimeIntervals			DOWN	
2263.0104	0.2840000000001055	UpDownStatesTimeIntervals			UP	
2264.1944	0.5	UpDownStatesTimeIntervals			DOWN	
2264.6944	0.30320000000028813	UpDownStatesTimeIntervals			UP	
2265.4392	0.08080000000018117	UpDownStatesTimeIntervals			DOWN	
2265.52	0.2856000000001586	UpDownStatesTimeIntervals			UP	
2266.1272	0.11599999999998545	UpDownStatesTimeIntervals			DOWN	
2266.2432	0.3184000000001106	UpDownStatesTimeIntervals			UP	
2267.2384	0.15359999999964202	UpDownStatesTimeIntervals			UP	
2267.5856	0.2616000000002714	UpDownStatesTimeIntervals			DOWN	
2267.8472	0.2559999999998581	UpDownStatesTimeIntervals			UP	
2268.9104	0.21920000000000073	UpDownStatesTimeIntervals			UP	
2269.4544	0.09040000000004511	UpDownStatesTimeIntervals			DOWN	
2269.5448	0.22559999999975844	UpDownStatesTimeIntervals			UP	
2270.1016	0.062400000000252476	UpDownStatesTimeIntervals			DOWN	
2270.164	0.2407999999995809	UpDownStatesTimeIntervals			UP	
2271.2712	0.16079999999965366	UpDownStatesTimeIntervals			UP	
2271.8832	0.2895999999996093	UpDownStatesTimeIntervals			UP	
2272.3384	0.1615999999999076	UpDownStatesTimeIntervals			DOWN	
2272.6472	0.2824000000000524	UpDownStatesTimeIntervals			UP	
2274.2368	0.3040000000000873	UpDownStatesTimeIntervals			UP	
2275.0448	0.2159999999998945	UpDownStatesTimeIntervals			DOWN	
2275.2608	0.16640000000006694	UpDownStatesTimeIntervals			UP	
2275.952	0.186399999999594	UpDownStatesTimeIntervals			DOWN	
2276.5312	0.17439999999987776	UpDownStatesTimeIntervals			UP	
2277.12	0.13120000000026266	UpDownStatesTimeIntervals			UP	
2277.7056	0.1184000000002925	UpDownStatesTimeIntervals			UP	
2278.044	0.11520000000018626	UpDownStatesTimeIntervals			DOWN	
2278.7456	0.14159999999992579	UpDownStatesTimeIntervals			UP	
2279.244	0.15279999999984284	UpDownStatesTimeIntervals			DOWN	
2279.796	0.18000000000029104	UpDownStatesTimeIntervals			DOWN	
2279.976	0.24319999999988795	UpDownStatesTimeIntervals			UP	
2280.308	0.245600000000195	UpDownStatesTimeIntervals			DOWN	
2285.4072	0.17839999999978318	UpDownStatesTimeIntervals			DOWN	
2286.0648	0.1592000000000553	UpDownStatesTimeIntervals			UP	
2287.184	0.15599999999994907	UpDownStatesTimeIntervals			UP	
2289.3712	0.24879999999984648	UpDownStatesTimeIntervals			DOWN	
2289.62	0.16720000000032087	UpDownStatesTimeIntervals			UP	
2293.0	10.0	SleepStates				WAKEstate
2303.9896	0.14960000000019136	UpDownStatesTimeIntervals			UP	
2304.0	155.0	SleepStates				NREMstate
2304.7168	0.006399999999757711	UpDownStatesTimeIntervals			DOWN	
2308.0376	0.1479999999996835	UpDownStatesTimeIntervals			UP	
2309.016	0.0751999999997679	UpDownStatesTimeIntervals			DOWN	
2309.0912	0.15360000000009677	UpDownStatesTimeIntervals			UP	
2309.5496	0.09600000000000364	UpDownStatesTimeIntervals			DOWN	
2310.4608	0.1384000000002743	UpDownStatesTimeIntervals			UP	
2311.0008	0.16320000000041546	UpDownStatesTimeIntervals			UP	
2311.3768	0.1111999999998261	UpDownStatesTimeIntervals			DOWN	
2312.2152	0.12319999999999709	UpDownStatesTimeIntervals			UP	
2314.1592	0.1408000000001266	UpDownStatesTimeIntervals			UP	
2316.0384	0.04800000000022919	RippleTimeIntervals		2316.0568		
2316.048	0.12800000000015643	UpDownStatesTimeIntervals			UP	
2316.5024	0.13200000000006185	UpDownStatesTimeIntervals			UP	
2317.0632	0.17119999999977153	UpDownStatesTimeIntervals			DOWN	
2317.2344	0.27440000000024156	UpDownStatesTimeIntervals			UP	
2317.9344	0.25520000000005894	UpDownStatesTimeIntervals			UP	
2318.248	0.08719999999993888	UpDownStatesTimeIntervals			DOWN	
2319.2672	0.1248000000000502	UpDownStatesTimeIntervals			UP	
2325.272	0.12800000000015643	UpDownStatesTimeIntervals			UP	
2326.8488	0.1455999999998312	UpDownStatesTimeIntervals			UP	
2327.1456	0.13280000000031578	UpDownStatesTimeIntervals			DOWN	
2327.9992	0.14399999999977808	UpDownStatesTimeIntervals			UP	
2328.248	0.16800000000012005	UpDownStatesTimeIntervals			DOWN	
2328.636	0.20560000000023138	UpDownStatesTimeIntervals			UP	
2330.5872	0.062400000000252476	UpDownStatesTimeIntervals			DOWN	
2331.116	0.2656000000001768	UpDownStatesTimeIntervals			DOWN	
2331.3816	0.30159999999978027	UpDownStatesTimeIntervals			UP	
2332.0624	0.14240000000017972	UpDownStatesTimeIntervals			UP	
2332.3736	0.31199999999989814	UpDownStatesTimeIntervals			DOWN	
2332.8472	0.27759999999989304	UpDownStatesTimeIntervals			UP	
2333.5376	0.3127999999996973	UpDownStatesTimeIntervals			UP	
2333.9984	0.17360000000007858	UpDownStatesTimeIntervals			DOWN	
2334.172	0.0911999999998443	UpDownStatesTimeIntervals			UP	
2334.6416	0.14159999999992579	UpDownStatesTimeIntervals			UP	
2335.1064	0.19200000000000728	UpDownStatesTimeIntervals			UP	
2335.7048	0.20240000000012515	UpDownStatesTimeIntervals			DOWN	
2336.5152	0.1912000000002081	UpDownStatesTimeIntervals			UP	
2337.4176	0.28159999999979846	UpDownStatesTimeIntervals			UP	
2337.9864	0.38160000000016225	UpDownStatesTimeIntervals			DOWN	
2338.9696	0.27759999999989304	UpDownStatesTimeIntervals			UP	
2339.4792	0.27759999999989304	UpDownStatesTimeIntervals			DOWN	
2339.9912	0.25440000000025975	UpDownStatesTimeIntervals			UP	
2340.7752	0.1087999999999738	UpDownStatesTimeIntervals			DOWN	
2341.9272	0.12319999999999709	UpDownStatesTimeIntervals			DOWN	
2342.5552	0.14640000000008513	UpDownStatesTimeIntervals			UP	
2346.0464	0.3351999999999862	UpDownStatesTimeIntervals			UP	
2347.032	0.33999999999969077	UpDownStatesTimeIntervals			DOWN	
2351.7176	0.13520000000016807	UpDownStatesTimeIntervals			UP	
2352.464	0.14240000000017972	UpDownStatesTimeIntervals			DOWN	
2352.6064	0.15279999999984284	UpDownStatesTimeIntervals			UP	
2354.6224	0.14639999999963038	UpDownStatesTimeIntervals			UP	
2355.2632	0.1384000000002743	UpDownStatesTimeIntervals			DOWN	
2355.4016	0.2783999999996922	UpDownStatesTimeIntervals			UP	
2355.524	0.0543999999999869	RippleTimeIntervals		2355.5312		
2355.9272	0.19279999999980646	UpDownStatesTimeIntervals			DOWN	
2357.0536	0.19119999999975335	UpDownStatesTimeIntervals			UP	
2357.6144	0.15999999999985448	UpDownStatesTimeIntervals			UP	
2357.952	0.20079999999961728	UpDownStatesTimeIntervals			DOWN	
2358.1528	0.2536000000000058	UpDownStatesTimeIntervals			UP	
2358.4952	0.11680000000023938	UpDownStatesTimeIntervals			DOWN	
2359.1616	0.1615999999999076	UpDownStatesTimeIntervals			UP	
2360.084	0.2112000000001899	UpDownStatesTimeIntervals			DOWN	
2360.8152	0.24400000000014188	UpDownStatesTimeIntervals			UP	
2363.5096	0.43200000000024374	UpDownStatesTimeIntervals			UP	
2364.076	0.11999999999989086	UpDownStatesTimeIntervals			DOWN	
2364.196	0.13040000000000873	UpDownStatesTimeIntervals			UP	
2364.6312	0.16800000000012005	UpDownStatesTimeIntervals			DOWN	
2364.7992	0.14640000000008513	UpDownStatesTimeIntervals			UP	
2365.5072	0.11839999999983775	UpDownStatesTimeIntervals			UP	
2366.1464	0.2840000000001055	UpDownStatesTimeIntervals			UP	
2368.8568	0.5183999999999287	UpDownStatesTimeIntervals			DOWN	
2369.6088	0.25520000000005894	UpDownStatesTimeIntervals			UP	
2371.5736	0.1679999999996653	UpDownStatesTimeIntervals			UP	
2373.208	0.1639999999997599	UpDownStatesTimeIntervals			DOWN	
2373.476	0.19039999999995416	UpDownStatesTimeIntervals			UP	
2373.9648	0.14159999999992579	UpDownStatesTimeIntervals			UP	
2374.5704	0.09999999999990905	UpDownStatesTimeIntervals			UP	
2374.748	0.28159999999979846	UpDownStatesTimeIntervals			DOWN	
2375.2824	0.14480000000003201	UpDownStatesTimeIntervals			UP	
2375.6288	0.16400000000021464	UpDownStatesTimeIntervals			DOWN	
2375.7928	0.35359999999991487	UpDownStatesTimeIntervals			UP	
2376.5304	0.18640000000004875	UpDownStatesTimeIntervals			DOWN	
2376.9856	0.09760000000005675	UpDownStatesTimeIntervals			UP	
2377.5344	0.14960000000019136	UpDownStatesTimeIntervals			UP	
2377.9016	0.1815999999998894	UpDownStatesTimeIntervals			DOWN	
2378.316	0.12960000000020955	UpDownStatesTimeIntervals			UP	
2378.4912	0.12640000000010332	UpDownStatesTimeIntervals			DOWN	
2379.7792	0.29280000000017026	UpDownStatesTimeIntervals			DOWN	
2380.072	0.24479999999994106	UpDownStatesTimeIntervals			UP	
2384.3312	0.14159999999992579	UpDownStatesTimeIntervals			UP	
2385.1056	0.14720000000033906	UpDownStatesTimeIntervals			DOWN	
2385.2528	0.1335999999996602	UpDownStatesTimeIntervals			UP	
2385.7064	0.26319999999986976	UpDownStatesTimeIntervals			UP	
2386.2112	0.1479999999996835	UpDownStatesTimeIntervals			DOWN	
2386.5976	0.15279999999984284	UpDownStatesTimeIntervals			UP	
2387.3952	0.13200000000006185	UpDownStatesTimeIntervals			DOWN	
2387.5272	0.3144000000002052	UpDownStatesTimeIntervals			UP	
2387.9112	0.2671999999997752	UpDownStatesTimeIntervals			DOWN	
2388.1784	0.3880000000003747	UpDownStatesTimeIntervals			UP	
2388.8744	0.10399999999981446	UpDownStatesTimeIntervals			DOWN	
2389.1752	0.22399999999970532	UpDownStatesTimeIntervals			UP	
2389.4952	0.1224000000001979	UpDownStatesTimeIntervals			DOWN	
2389.8104	0.13760000000002037	UpDownStatesTimeIntervals			UP	
2390.7312	0.15760000000000218	UpDownStatesTimeIntervals			UP	
2391.1432	0.04320000000006985	UpDownStatesTimeIntervals			DOWN	
2391.3352	0.13999999999987267	UpDownStatesTimeIntervals			UP	
2397.5488	0.15839999999980137	UpDownStatesTimeIntervals			UP	
2404.3952	0.2272000000002663	UpDownStatesTimeIntervals			UP	
2407.2552	0.18800000000010186	UpDownStatesTimeIntervals			UP	
2407.7208	0.18559999999979482	UpDownStatesTimeIntervals			DOWN	
2410.1328	0.13760000000002037	UpDownStatesTimeIntervals			UP	
2410.8496	0.18879999999990105	UpDownStatesTimeIntervals			UP	
2410.9256	0.03440000000000509	RippleTimeIntervals		2410.9592		
2411.0536	0.09039999999959036	UpDownStatesTimeIntervals			DOWN	
2411.864	0.1392000000000735	UpDownStatesTimeIntervals			UP	
2414.0632	0.22400000000016007	UpDownStatesTimeIntervals			UP	
2414.7504	0.390400000000227	UpDownStatesTimeIntervals			DOWN	
2415.3936	0.2680000000000291	UpDownStatesTimeIntervals			UP	
2415.856	0.3007999999999811	UpDownStatesTimeIntervals			DOWN	
2416.1568	0.24319999999988795	UpDownStatesTimeIntervals			UP	
2416.7616	0.3512000000000626	UpDownStatesTimeIntervals			DOWN	
2417.1128	0.3688000000001921	UpDownStatesTimeIntervals			UP	
2417.7616	0.34720000000015716	UpDownStatesTimeIntervals			DOWN	
2418.5384	0.13439999999991414	UpDownStatesTimeIntervals			UP	
2419.0432	0.15999999999985448	UpDownStatesTimeIntervals			UP	
2419.328	0.399199999999837	UpDownStatesTimeIntervals			DOWN	
2419.7272	0.15200000000004366	UpDownStatesTimeIntervals			UP	
2420.0344	0.3631999999997788	UpDownStatesTimeIntervals			DOWN	
2420.3976	0.14960000000019136	UpDownStatesTimeIntervals			UP	
2421.0952	0.22719999999981155	UpDownStatesTimeIntervals			UP	
2421.6992	0.2312000000001717	UpDownStatesTimeIntervals			UP	
2422.196	0.24479999999994106	UpDownStatesTimeIntervals			DOWN	
2422.4408	0.29520000000002256	UpDownStatesTimeIntervals			UP	
2423.3704	0.3744000000001506	UpDownStatesTimeIntervals			UP	
2423.912	0.18160000000034415	UpDownStatesTimeIntervals			DOWN	
2424.5912	0.233600000000024	UpDownStatesTimeIntervals			DOWN	
2424.8248	0.27040000000033615	UpDownStatesTimeIntervals			UP	
2425.3272	0.27919999999994616	UpDownStatesTimeIntervals			DOWN	
2426.9616	0.15439999999989595	UpDownStatesTimeIntervals			UP	
2427.0528	0.021600000000034925	RippleTimeIntervals		2427.0536		
2430.3992	0.4408000000003085	UpDownStatesTimeIntervals			DOWN	
2430.84	0.21920000000000073	UpDownStatesTimeIntervals			UP	
2431.26	0.24239999999963402	UpDownStatesTimeIntervals			DOWN	
2431.9736	0.1431999999999789	UpDownStatesTimeIntervals			UP	
2434.6512	0.08320000000003347	RippleTimeIntervals		2434.7288		
2434.844	0.07360000000016953	RippleTimeIntervals		2434.8712		
2436.3888	0.04559999999992215	UpDownStatesTimeIntervals			DOWN	
2436.4344	0.2480000000000473	UpDownStatesTimeIntervals			UP	
2436.9216	0.22959999999966385	UpDownStatesTimeIntervals			UP	
2439.3408	0.21840000000020154	UpDownStatesTimeIntervals			UP	
2440.6536	0.31599999999980355	UpDownStatesTimeIntervals			DOWN	
2440.9696	0.1592000000000553	UpDownStatesTimeIntervals			UP	
2442.1584	0.045600000000376895	RippleTimeIntervals		2442.1592		
2442.18	0.27280000000018845	UpDownStatesTimeIntervals			UP	
2442.296	0.06000000000040018	RippleTimeIntervals		2442.3256		
2442.748	0.10399999999981446	UpDownStatesTimeIntervals			UP	
2442.9704	0.28319999999985157	UpDownStatesTimeIntervals			DOWN	
2443.2536	0.16800000000012005	UpDownStatesTimeIntervals			UP	
2444.788	0.14640000000008513	UpDownStatesTimeIntervals			UP	
2445.2648	0.17599999999993088	UpDownStatesTimeIntervals			DOWN	
2445.4408	0.27120000000013533	UpDownStatesTimeIntervals			UP	
2448.8064	0.40000000000009095	UpDownStatesTimeIntervals			UP	
2449.5304	0.2159999999998945	UpDownStatesTimeIntervals			DOWN	
2450.9912	0.08240000000023429	RippleTimeIntervals		2451.032		
2460.0	17.0	SleepStates				WAKEstate
2478.0	17.0	SleepStates				NREMstate
2481.9088	0.09439999999995052	UpDownStatesTimeIntervals			DOWN	
2482.3104	0.27919999999994616	UpDownStatesTimeIntervals			UP	
2483.0368	0.1631999999999607	UpDownStatesTimeIntervals			UP	
2483.5576	0.1271999999999025	UpDownStatesTimeIntervals			UP	
2486.1528	0.21600000000034925	UpDownStatesTimeIntervals			UP	
2487.6272	0.16480000000001382	UpDownStatesTimeIntervals			UP	
2488.0576	0.29680000000007567	UpDownStatesTimeIntervals			DOWN	
2488.3544	0.18719999999984793	UpDownStatesTimeIntervals			UP	
2490.596	0.15200000000004366	UpDownStatesTimeIntervals			UP	
2491.1008	0.08239999999977954	UpDownStatesTimeIntervals			DOWN	
2491.1832	0.18400000000019645	UpDownStatesTimeIntervals			UP	
2492.3112	0.2175999999999476	UpDownStatesTimeIntervals			UP	
2492.3592	0.03040000000009968	RippleTimeIntervals		2492.388		
2493.0392	0.22959999999966385	UpDownStatesTimeIntervals			UP	
2493.6448	0.13520000000016807	UpDownStatesTimeIntervals			UP	
2494.0904	0.07600000000002183	UpDownStatesTimeIntervals			DOWN	
2494.7416	0.13200000000006185	UpDownStatesTimeIntervals			DOWN	
2495.0392	0.165599999999813	UpDownStatesTimeIntervals			UP	
2496.0	101.0	SleepStates				WAKEstate
2499.084	0.05920000000014625	RippleTimeIntervals		2499.1008		
2507.924	0.041600000000016735	RippleTimeIntervals		2507.9448		
2550.4616	0.048800000000028376	RippleTimeIntervals		2550.5016		
2559.4848	0.038399999999910506	RippleTimeIntervals		2559.5048		
2576.928	0.05920000000014625	RippleTimeIntervals		2576.94		
2580.8568	0.04399999999986903	RippleTimeIntervals		2580.8928		
2598.0	18.0	SleepStates				NREMstate
2600.4376	0.16879999999991924	UpDownStatesTimeIntervals			UP	
2601.1112	0.16240000000016153	UpDownStatesTimeIntervals			UP	
2601.2192	0.08480000000008658	RippleTimeIntervals		2601.2384		
2609.196	0.08960000000024593	UpDownStatesTimeIntervals			DOWN	
2609.8416	0.20079999999961728	UpDownStatesTimeIntervals			UP	
2612.3992	0.1384000000002743	UpDownStatesTimeIntervals			UP	
2613.8968	0.2680000000000291	UpDownStatesTimeIntervals			UP	
2614.5112	0.16000000000030923	UpDownStatesTimeIntervals			DOWN	
2614.9152	0.14960000000019136	UpDownStatesTimeIntervals			UP	
2615.04	0.06080000000019936	RippleTimeIntervals		2615.0496		
2617.0	18.0	SleepStates				WAKEstate
2623.6848	0.0704000000000633	RippleTimeIntervals		2623.6872		
2636.0	158.0	SleepStates				NREMstate
2641.4216	0.07919999999967331	UpDownStatesTimeIntervals			DOWN	
2641.6048	0.15200000000004366	UpDownStatesTimeIntervals			UP	
2642.5664	0.14399999999977808	UpDownStatesTimeIntervals			UP	
2643.2552	0.1999999999998181	UpDownStatesTimeIntervals			UP	
2644.0288	0.11839999999983775	UpDownStatesTimeIntervals			UP	
2647.5552	0.21760000000040236	UpDownStatesTimeIntervals			UP	
2649.0616	0.06399999999985084	UpDownStatesTimeIntervals			DOWN	
2649.264	0.13839999999981956	UpDownStatesTimeIntervals			UP	
2649.8408	0.18400000000019645	UpDownStatesTimeIntervals			DOWN	
2650.3496	0.15439999999989595	UpDownStatesTimeIntervals			UP	
2653.2904	0.27919999999994616	UpDownStatesTimeIntervals			UP	
2654.2504	0.06400000000030559	UpDownStatesTimeIntervals			DOWN	
2654.4728	0.10640000000012151	UpDownStatesTimeIntervals			UP	
2655.0496	0.13760000000002037	UpDownStatesTimeIntervals			UP	
2655.7368	0.2719999999999345	UpDownStatesTimeIntervals			UP	
2656.6048	0.1615999999999076	UpDownStatesTimeIntervals			DOWN	
2656.96	0.2159999999998945	UpDownStatesTimeIntervals			UP	
2657.8552	0.2512000000001535	UpDownStatesTimeIntervals			UP	
2658.7072	0.13120000000026266	UpDownStatesTimeIntervals			DOWN	
2658.8384	0.16719999999986612	UpDownStatesTimeIntervals			UP	
2659.836	0.25040000000035434	UpDownStatesTimeIntervals			UP	
2660.656	0.11839999999983775	UpDownStatesTimeIntervals			UP	
2660.8152	0.08320000000003347	UpDownStatesTimeIntervals			DOWN	
2662.1424	0.17039999999997235	UpDownStatesTimeIntervals			UP	
2662.4216	0.7903999999998632	UpDownStatesTimeIntervals			DOWN	
2663.0224	0.18960000000015498	UpDownStatesTimeIntervals			DOWN	
2663.212	0.16879999999991924	UpDownStatesTimeIntervals			UP	
2663.7928	0.26080000000001746	UpDownStatesTimeIntervals			UP	
2664.3104	0.07760000000007494	UpDownStatesTimeIntervals			DOWN	
2664.388	0.24160000000028958	UpDownStatesTimeIntervals			UP	
2664.9856	0.2096000000001368	UpDownStatesTimeIntervals			UP	
2666.256	0.2856000000001586	UpDownStatesTimeIntervals			UP	
2666.7976	0.2319999999999709	UpDownStatesTimeIntervals			DOWN	
2667.4256	0.1248000000000502	UpDownStatesTimeIntervals			DOWN	
2667.5504	0.2671999999997752	UpDownStatesTimeIntervals			UP	
2668.0536	0.26159999999981665	UpDownStatesTimeIntervals			UP	
2668.9776	0.2680000000000291	UpDownStatesTimeIntervals			UP	
2669.2456	0.3975999999997839	UpDownStatesTimeIntervals			UP	
2669.8224	0.03519999999980428	UpDownStatesTimeIntervals			DOWN	
2669.9992	0.24399999999968713	UpDownStatesTimeIntervals			UP	
2670.5056	0.08960000000024593	UpDownStatesTimeIntervals			UP	
2670.9976	0.3568000000000211	UpDownStatesTimeIntervals			UP	
2671.4968	0.2112000000001899	UpDownStatesTimeIntervals			DOWN	
2671.708	0.165599999999813	UpDownStatesTimeIntervals			UP	
2672.2136	0.1111999999998261	UpDownStatesTimeIntervals			DOWN	
2673.2264	0.2984000000001288	UpDownStatesTimeIntervals			DOWN	
2673.5248	0.28559999999970387	UpDownStatesTimeIntervals			UP	
2674.296	0.3520000000003165	UpDownStatesTimeIntervals			DOWN	
2675.0064	0.1335999999996602	UpDownStatesTimeIntervals			UP	
2675.5832	0.18879999999990105	UpDownStatesTimeIntervals			DOWN	
2677.3824	0.2296000000001186	UpDownStatesTimeIntervals			DOWN	
2678.18	0.14560000000028595	UpDownStatesTimeIntervals			UP	
2678.7616	0.27359999999998763	UpDownStatesTimeIntervals			UP	
2679.4	0.14879999999993743	UpDownStatesTimeIntervals			UP	
2680.2112	0.23119999999971697	UpDownStatesTimeIntervals			UP	
2680.4728	0.05999999999994543	RippleTimeIntervals		2680.5064		
2680.6408	0.12799999999970169	UpDownStatesTimeIntervals			UP	
2687.5696	0.16640000000006694	UpDownStatesTimeIntervals			UP	
2688.1464	0.09760000000005675	UpDownStatesTimeIntervals			DOWN	
2689.0744	0.11680000000023938	UpDownStatesTimeIntervals			DOWN	
2689.1912	0.22879999999986467	UpDownStatesTimeIntervals			UP	
2690.9936	0.16480000000001382	UpDownStatesTimeIntervals			UP	
2691.6424	0.10479999999961365	UpDownStatesTimeIntervals			DOWN	
2691.7472	0.40000000000009095	UpDownStatesTimeIntervals			UP	
2692.6552	0.20799999999962893	UpDownStatesTimeIntervals			DOWN	
2692.8632	0.16000000000030923	UpDownStatesTimeIntervals			UP	
2693.304	0.24719999999979336	UpDownStatesTimeIntervals			DOWN	
2693.5512	0.30720000000019354	UpDownStatesTimeIntervals			UP	
2694.0416	0.19920000000001892	UpDownStatesTimeIntervals			UP	
2694.7072	0.23520000000007713	UpDownStatesTimeIntervals			UP	
2695.2024	0.2359999999998763	UpDownStatesTimeIntervals			DOWN	
2695.4384	0.16960000000017317	UpDownStatesTimeIntervals			UP	
2696.0728	0.29520000000002256	UpDownStatesTimeIntervals			UP	
2696.4944	0.3391999999998916	UpDownStatesTimeIntervals			DOWN	
2696.8336	0.2824000000000524	UpDownStatesTimeIntervals			UP	
2697.18	0.21920000000000073	UpDownStatesTimeIntervals			DOWN	
2697.3992	0.15120000000024447	UpDownStatesTimeIntervals			UP	
2697.9872	0.13119999999980791	UpDownStatesTimeIntervals			UP	
2698.3376	0.12800000000015643	UpDownStatesTimeIntervals			DOWN	
2698.6392	0.165599999999813	UpDownStatesTimeIntervals			UP	
2698.928	0.055200000000240834	UpDownStatesTimeIntervals			DOWN	
2699.2152	0.05519999999978609	UpDownStatesTimeIntervals			UP	
2699.8488	0.19359999999960564	UpDownStatesTimeIntervals			UP	
2700.116	0.4272000000000844	UpDownStatesTimeIntervals			DOWN	
2700.5432	0.11760000000003856	UpDownStatesTimeIntervals			UP	
2700.7888	0.16400000000021464	UpDownStatesTimeIntervals			DOWN	
2701.1072	0.1384000000002743	UpDownStatesTimeIntervals			UP	
2701.3408	0.09360000000015134	UpDownStatesTimeIntervals			DOWN	
2703.976	0.49679999999989377	UpDownStatesTimeIntervals			DOWN	
2704.4728	0.21279999999978827	UpDownStatesTimeIntervals			UP	
2706.0504	0.16719999999986612	UpDownStatesTimeIntervals			UP	
2706.7888	0.11920000000009168	UpDownStatesTimeIntervals			UP	
2707.0952	0.254399999999805	UpDownStatesTimeIntervals			DOWN	
2707.3496	0.12399999999979627	UpDownStatesTimeIntervals			UP	
2707.6504	0.20240000000012515	UpDownStatesTimeIntervals			DOWN	
2707.8528	0.35599999999976717	UpDownStatesTimeIntervals			UP	
2708.656	0.2503999999998996	UpDownStatesTimeIntervals			UP	
2709.0096	0.27680000000009386	UpDownStatesTimeIntervals			DOWN	
2709.2864	0.27440000000024156	UpDownStatesTimeIntervals			UP	
2709.8576	0.2519999999999527	UpDownStatesTimeIntervals			DOWN	
2710.1096	0.32080000000041764	UpDownStatesTimeIntervals			UP	
2712.1624	0.1799999999998363	UpDownStatesTimeIntervals			UP	
2714.028	0.13120000000026266	UpDownStatesTimeIntervals			UP	
2714.4264	0.23919999999998254	UpDownStatesTimeIntervals			UP	
2715.068	0.331199999999626	UpDownStatesTimeIntervals			UP	
2715.4648	0.21119999999973516	UpDownStatesTimeIntervals			DOWN	
2715.676	0.4456000000000131	UpDownStatesTimeIntervals			UP	
2715.9864	0.042400000000270666	RippleTimeIntervals		2716.0232		
2719.1016	0.3400000000001455	UpDownStatesTimeIntervals			UP	
2726.1328	0.1528000000002976	UpDownStatesTimeIntervals			UP	
2726.6496	0.2680000000000291	UpDownStatesTimeIntervals			DOWN	
2727.252	0.245600000000195	UpDownStatesTimeIntervals			UP	
2730.36	0.2583999999997104	UpDownStatesTimeIntervals			UP	
2730.9904	0.20479999999997744	UpDownStatesTimeIntervals			DOWN	
2731.1952	0.22719999999981155	UpDownStatesTimeIntervals			UP	
2731.3016	0.028000000000247383	RippleTimeIntervals		2731.3048		
2734.496	0.27359999999998763	UpDownStatesTimeIntervals			UP	
2735.1048	0.2512000000001535	UpDownStatesTimeIntervals			DOWN	
2735.5464	0.1631999999999607	UpDownStatesTimeIntervals			UP	
2735.7328	0.2671999999997752	UpDownStatesTimeIntervals			DOWN	
2736.1344	0.13279999999986103	UpDownStatesTimeIntervals			UP	
2736.372	0.19440000000031432	UpDownStatesTimeIntervals			DOWN	
2739.9408	0.16800000000012005	UpDownStatesTimeIntervals			UP	
2740.5224	0.1048000000000684	UpDownStatesTimeIntervals			DOWN	
2740.6272	0.23440000000027794	UpDownStatesTimeIntervals			UP	
2747.1144	0.27440000000024156	UpDownStatesTimeIntervals			UP	
2747.676	0.28720000000021173	UpDownStatesTimeIntervals			DOWN	
2747.9632	0.2687999999998283	UpDownStatesTimeIntervals			UP	
2749.1512	0.17120000000022628	UpDownStatesTimeIntervals			UP	
2749.7424	0.25759999999991123	UpDownStatesTimeIntervals			UP	
2750.036	0.3447999999998501	UpDownStatesTimeIntervals			DOWN	
2750.8448	0.1344000000003689	UpDownStatesTimeIntervals			UP	
2751.6344	0.1728000000002794	UpDownStatesTimeIntervals			DOWN	
2751.8072	0.14239999999972497	UpDownStatesTimeIntervals			UP	
2752.2624	0.15360000000009677	UpDownStatesTimeIntervals			UP	
2754.2928	0.15200000000004366	UpDownStatesTimeIntervals			UP	
2755.0344	0.23999999999978172	UpDownStatesTimeIntervals			UP	
2756.2952	0.1615999999999076	UpDownStatesTimeIntervals			UP	
2756.856	0.21439999999984138	UpDownStatesTimeIntervals			UP	
2758.5288	0.12879999999995562	UpDownStatesTimeIntervals			UP	
2759.4384	0.09999999999990905	UpDownStatesTimeIntervals			DOWN	
2759.5384	0.1952000000001135	UpDownStatesTimeIntervals			UP	
2759.952	0.2967999999996209	UpDownStatesTimeIntervals			DOWN	
2760.2488	0.16960000000017317	UpDownStatesTimeIntervals			UP	
2760.872	0.23680000000013024	UpDownStatesTimeIntervals			UP	
2761.5808	0.16959999999971842	UpDownStatesTimeIntervals			UP	
2762.572	0.14480000000003201	UpDownStatesTimeIntervals			DOWN	
2762.7168	0.2583999999997104	UpDownStatesTimeIntervals			UP	
2766.8384	0.22800000000006548	UpDownStatesTimeIntervals			DOWN	
2767.3	0.1471999999998843	UpDownStatesTimeIntervals			UP	
2768.0744	0.2840000000001055	UpDownStatesTimeIntervals			UP	
2769.0872	0.1384000000002743	UpDownStatesTimeIntervals			DOWN	
2769.2256	0.2880000000000109	UpDownStatesTimeIntervals			UP	
2771.8904	0.29839999999967404	UpDownStatesTimeIntervals			DOWN	
2772.3968	0.15520000000014988	UpDownStatesTimeIntervals			DOWN	
2772.552	0.2647999999999229	UpDownStatesTimeIntervals			UP	
2775.3152	0.24319999999988795	UpDownStatesTimeIntervals			UP	
2776.2712	0.23999999999978172	UpDownStatesTimeIntervals			UP	
2778.1432	0.052000000000134605	UpDownStatesTimeIntervals			DOWN	
2778.7272	0.16720000000032087	UpDownStatesTimeIntervals			UP	
2779.8856	0.1431999999999789	UpDownStatesTimeIntervals			DOWN	
2780.0288	0.1592000000000553	UpDownStatesTimeIntervals			UP	
2783.232	0.04719999999997526	RippleTimeIntervals		2783.268		
2783.9632	0.1815999999998894	UpDownStatesTimeIntervals			UP	
2784.564	0.25600000000031287	UpDownStatesTimeIntervals			UP	
2788.4464	0.09920000000010987	RippleTimeIntervals		2788.54		
2788.5232	0.35039999999980864	UpDownStatesTimeIntervals			UP	
2788.8752	0.03760000000011132	RippleTimeIntervals		2788.9024		
2789.6872	0.14480000000003201	UpDownStatesTimeIntervals			UP	
2794.112	3295.743966666667	epochs	fCamk3_201102_095045			
2811.908	0.051199999999880674	RippleTimeIntervals		2811.9096		
2845.2264	0.04959999999982756	RippleTimeIntervals		2845.252		
2897.6248	0.03760000000011132	RippleTimeIntervals		2897.6464		
2929.5392	0.04559999999992215	RippleTimeIntervals		2929.5448		
2933.4928	0.07119999999986248	RippleTimeIntervals		2933.5208		
2942.2656	0.06399999999985084	RippleTimeIntervals		2942.2824		
2942.8752	0.03920000000016444	RippleTimeIntervals		2942.8768		
2948.5792	0.041600000000016735	RippleTimeIntervals		2948.6192		
2948.8416	0.027999999999792635	RippleTimeIntervals		2948.8616		
2953.5816	0.05999999999994543	RippleTimeIntervals		2953.596		
2970.5656	0.04559999999992215	RippleTimeIntervals		2970.584		
2972.7712	0.05040000000008149	RippleTimeIntervals		2972.8128		
2984.0792	0.0704000000000633	RippleTimeIntervals		2984.1224		
2993.8056	0.06799999999975626	RippleTimeIntervals		2993.8528		
3031.6144	0.051199999999880674	RippleTimeIntervals		3031.64		
3032.6656	0.05840000000034706	RippleTimeIntervals		3032.6952		
3041.5648	0.1248000000000502	RippleTimeIntervals		3041.6176		
3050.5576	0.04320000000006985	RippleTimeIntervals		3050.56		
3067.5536	0.05359999999973297	RippleTimeIntervals		3067.5568		
3076.7216	0.04320000000006985	RippleTimeIntervals		3076.7552		
3077.4288	0.038399999999910506	RippleTimeIntervals		3077.4368		
3079.5424	0.03360000000020591	RippleTimeIntervals		3079.5632		
3096.5672	0.031199999999898864	RippleTimeIntervals		3096.5816		
3123.7736	0.04320000000006985	RippleTimeIntervals		3123.8064		
3135.5456	0.051199999999880674	RippleTimeIntervals		3135.5688		
3159.348	0.06719999999995707	RippleTimeIntervals		3159.3736		
3175.888	0.11279999999987922	RippleTimeIntervals		3175.9512		
3176.3672	0.07919999999967331	RippleTimeIntervals		3176.4144		
3176.62	0.1271999999999025	RippleTimeIntervals		3176.7072		
3215.3688	0.04639999999972133	RippleTimeIntervals		3215.4096		
3222.5224	0.052000000000134605	RippleTimeIntervals		3222.5696		
3244.5136	0.038399999999910506	RippleTimeIntervals		3244.5152		
3254.7824	0.11679999999978463	RippleTimeIntervals		3254.8536		
3260.5624	0.045600000000376895	RippleTimeIntervals		3260.5912		
3266.9352	0.03920000000016444	RippleTimeIntervals		3266.948		
3270.3088	0.0704000000000633	RippleTimeIntervals		3270.3456		
3272.616	0.04559999999992215	RippleTimeIntervals		3272.6528		
3278.552	0.05600000000004002	RippleTimeIntervals		3278.5648		
3287.7	0.055200000000240834	RippleTimeIntervals		3287.7144		
3309.8832	0.17839999999978318	RippleTimeIntervals		3310.0512		
3316.0216	0.05040000000008149	RippleTimeIntervals		3316.0488		
3320.6552	0.1295999999997548	RippleTimeIntervals		3320.7072		
3326.8944	0.01919999999972788	RippleTimeIntervals		3326.8952		
3342.7656	0.05359999999973297	RippleTimeIntervals		3342.796		
3344.2728	0.07119999999986248	RippleTimeIntervals		3344.276		
3354.2128	0.05760000000009313	RippleTimeIntervals		3354.268		
3354.4024	0.05999999999994543	RippleTimeIntervals		3354.4048		
3356.1368	0.051199999999880674	RippleTimeIntervals		3356.1416		
3359.7104	0.032000000000152795	RippleTimeIntervals		3359.7152		
3369.452	0.08959999999979118	RippleTimeIntervals		3369.4928		
3380.4536	0.05360000000018772	RippleTimeIntervals		3380.4816		
3407.6608	0.051199999999880674	RippleTimeIntervals		3407.6648		
3410.916	0.02959999999984575	RippleTimeIntervals		3410.9176		
3428.284	0.023999999999887223	RippleTimeIntervals		3428.2936		
3444.896	0.07119999999986248	RippleTimeIntervals		3444.9224		
3450.596	0.05519999999978609	RippleTimeIntervals		3450.6384		
3453.076	0.08480000000008658	RippleTimeIntervals		3453.1296		
3472.3088	0.032000000000152795	RippleTimeIntervals		3472.3376		
3478.8864	0.052000000000134605	RippleTimeIntervals		3478.9112		
3485.1912	0.04239999999981592	RippleTimeIntervals		3485.22		
3506.064	0.11920000000009168	RippleTimeIntervals		3506.1648		
3537.4904	0.03679999999985739	RippleTimeIntervals		3537.5256		
3543.7024	0.037599999999656575	RippleTimeIntervals		3543.7296		
3584.876	0.05519999999978609	RippleTimeIntervals		3584.92		
3586.44	0.07679999999982101	RippleTimeIntervals		3586.46		
3593.0664	0.038399999999910506	RippleTimeIntervals		3593.0936		
3606.9616	0.044800000000122964	RippleTimeIntervals		3606.9976		
3651.9032	0.11999999999989086	RippleTimeIntervals		3651.904		
3653.1936	0.06320000000005166	RippleTimeIntervals		3653.1952		
3686.4936	0.048800000000028376	RippleTimeIntervals		3686.5264		
3695.6104	0.05040000000008149	RippleTimeIntervals		3695.6208		
3696.3696	0.04559999999992215	RippleTimeIntervals		3696.3768		
3750.4544	0.03760000000011132	RippleTimeIntervals		3750.4768		
3764.08	0.058399999999892316	RippleTimeIntervals		3764.0904		
3794.6376	0.024800000000141154	RippleTimeIntervals		3794.66		
3824.0552	0.04960000000028231	RippleTimeIntervals		3824.0712		
3869.1272	0.03040000000009968	RippleTimeIntervals		3869.1464		
3873.8744	0.02719999999999345	RippleTimeIntervals		3873.8784		
3875.3944	0.028800000000046566	RippleTimeIntervals		3875.4208		
3898.2976	0.062400000000252476	RippleTimeIntervals		3898.308		
3926.896	0.047999999999774445	RippleTimeIntervals		3926.9088		
3933.7472	0.04800000000022919	RippleTimeIntervals		3933.7936		
3933.9456	0.06480000000010477	RippleTimeIntervals		3933.9936		
3957.4424	0.03760000000011132	RippleTimeIntervals		3957.4704		
3960.2856	0.0727999999999156	RippleTimeIntervals		3960.2872		
3969.172	0.0567999999998392	RippleTimeIntervals		3969.2088		
3980.4112	0.06640000000015789	RippleTimeIntervals		3980.4224		
3990.0864	0.05199999999967986	RippleTimeIntervals		3990.1184		
4000.5528	0.04080000000021755	RippleTimeIntervals		4000.5608		
4001.192	0.028800000000046566	RippleTimeIntervals		4001.2112		
4019.8736	0.04320000000006985	RippleTimeIntervals		4019.8848		
4041.9672	0.048800000000028376	RippleTimeIntervals		4042.0088		
4062.3672	0.05519999999978609	RippleTimeIntervals		4062.3776		
4067.7344	0.025600000000395084	RippleTimeIntervals		4067.7528		
4082.7488	0.03360000000020591	RippleTimeIntervals		4082.7792		
4100.2128	0.0455999999994674	RippleTimeIntervals		4100.2544		
4129.0392	0.05519999999978609	RippleTimeIntervals		4129.0704		
4152.196	0.03600000000005821	RippleTimeIntervals		4152.2104		
4158.6816	0.052800000000388536	RippleTimeIntervals		4158.728		
4172.7664	0.06079999999928987	RippleTimeIntervals		4172.788		
4172.9208	0.045600000000376895	RippleTimeIntervals		4172.9544		
4175.136	0.04159999999956199	RippleTimeIntervals		4175.1384		
4181.1936	0.068000000000211	RippleTimeIntervals		4181.2592		
4207.704	0.03920000000016444	RippleTimeIntervals		4207.7072		
4212.9568	0.028800000000046566	RippleTimeIntervals		4212.9792		
4226.3296	0.07999999999992724	RippleTimeIntervals		4226.3304		
4230.9328	0.05200000000058935	RippleTimeIntervals		4230.9752		
4233.0096	0.05519999999978609	RippleTimeIntervals		4233.0184		
4237.036	0.11279999999987922	RippleTimeIntervals		4237.0792		
4262.7632	0.023199999999633292	RippleTimeIntervals		4262.7848		
4264.8992	0.02959999999984575	RippleTimeIntervals		4264.9272		
4265.9728	0.032000000000152795	RippleTimeIntervals		4265.9904		
4269.5984	0.06720000000041182	RippleTimeIntervals		4269.6216		
4288.348	0.06480000000010477	RippleTimeIntervals		4288.3968		
4305.3528	0.058399999999892316	RippleTimeIntervals		4305.3832		
4342.248	0.03120000000035361	RippleTimeIntervals		4342.2736		
4365.8968	0.044799999999668216	RippleTimeIntervals		4365.9272		
4370.2056	0.0455999999994674	RippleTimeIntervals		4370.2488		
4376.4248	0.04719999999997526	RippleTimeIntervals		4376.4256		
4376.9112	0.04160000000047148	RippleTimeIntervals		4376.9216		
4398.2976	0.07359999999971478	RippleTimeIntervals		4398.356		
4412.7952	0.024800000000141154	RippleTimeIntervals		4412.8192		
4414.6848	0.06080000000019936	RippleTimeIntervals		4414.7216		
4434.4064	0.03359999999975116	RippleTimeIntervals		4434.4336		
4438.556	0.04320000000006985	RippleTimeIntervals		4438.5888		
4442.932	0.028800000000046566	RippleTimeIntervals		4442.9528		
4453.392	0.059200000000600994	RippleTimeIntervals		4453.4424		
4475.5184	0.08719999999993888	RippleTimeIntervals		4475.5232		
4505.8656	0.027199999999538704	RippleTimeIntervals		4505.8792		
4507.1016	0.035200000000259024	RippleTimeIntervals		4507.1024		
4545.6336	0.027199999999538704	RippleTimeIntervals		4545.6352		
4546.1512	0.034399999999550346	RippleTimeIntervals		4546.1672		
4547.0096	0.03359999999975116	RippleTimeIntervals		4547.0416		
4586.7672	0.027199999999538704	RippleTimeIntervals		4586.784		
4598.732	0.0272000000004482	RippleTimeIntervals		4598.7392		
4598.9296	0.05279999999947904	RippleTimeIntervals		4598.9784		
4599.8632	0.08719999999993888	RippleTimeIntervals		4599.9456		
4605.1088	0.028000000000247383	RippleTimeIntervals		4605.1344		
4612.412	0.08320000000003347	RippleTimeIntervals		4612.4208		
4621.4856	0.04160000000047148	RippleTimeIntervals		4621.4888		
4633.3624	0.068000000000211	RippleTimeIntervals		4633.4176		
4640.6544	0.05199999999967986	RippleTimeIntervals		4640.6552		
4645.3488	0.09040000000004511	RippleTimeIntervals		4645.3536		
4654.504	0.056000000000494765	RippleTimeIntervals		4654.5344		
4666.94	0.048800000000483124	RippleTimeIntervals		4666.9648		
4683.8032	0.032000000000152795	RippleTimeIntervals		4683.8208		
4689.4592	0.025599999999940337	RippleTimeIntervals		4689.4824		
4692.3824	0.021600000000034925	RippleTimeIntervals		4692.384		
4701.6192	0.06639999999970314	RippleTimeIntervals		4701.6496		
4713.932	0.051199999999880674	RippleTimeIntervals		4713.9616		
4714.8	0.04879999999957363	RippleTimeIntervals		4714.8248		
4717.7976	0.0727999999999156	RippleTimeIntervals		4717.8272		
4731.4568	0.040799999999762804	RippleTimeIntervals		4731.4792		
4746.2472	0.03600000000005821	RippleTimeIntervals		4746.2552		
4746.6344	0.04719999999997526	RippleTimeIntervals		4746.676		
4751.8544	0.024800000000141154	RippleTimeIntervals		4751.8648		
4757.5928	0.053599999999278225	RippleTimeIntervals		4757.6384		
4759.8936	0.03359999999975116	RippleTimeIntervals		4759.9224		
4767.4944	0.07360000000062428	RippleTimeIntervals		4767.5632		
4776.2368	0.045600000000376895	RippleTimeIntervals		4776.2664		
4786.92	0.05599999999958527	RippleTimeIntervals		4786.9696		
4804.6504	0.050399999999171996	RippleTimeIntervals		4804.6624		
4815.5456	0.06239999999979773	RippleTimeIntervals		4815.5552		
4817.9504	0.028800000000046566	RippleTimeIntervals		4817.9728		
4824.4664	0.030399999999644933	RippleTimeIntervals		4824.476		
4829.2312	0.035200000000259024	RippleTimeIntervals		4829.2592		
4836.3928	0.03920000000016444	RippleTimeIntervals		4836.42		
4854.9008	0.05999999999949068	RippleTimeIntervals		4854.9416		
4875.2936	0.06080000000019936	RippleTimeIntervals		4875.3536		
4877.748	0.03999999999996362	RippleTimeIntervals		4877.78		
4886.3672	0.0632000000005064	RippleTimeIntervals		4886.3736		
4895.972	0.025599999999940337	RippleTimeIntervals		4895.9968		
4904.64	0.05199999999967986	RippleTimeIntervals		4904.6512		
4918.9088	0.044799999999668216	RippleTimeIntervals		4918.944		
4934.768	0.06080000000019936	RippleTimeIntervals		4934.7712		
4945.8416	0.045600000000376895	RippleTimeIntervals		4945.8424		
4952.6856	0.068000000000211	RippleTimeIntervals		4952.696		
4959.3448	0.02400000000034197	RippleTimeIntervals		4959.3656		
4965.3752	0.11599999999998545	RippleTimeIntervals		4965.4816		
4981.0696	0.06640000000061264	RippleTimeIntervals		4981.0776		
4982.4904	0.08800000000064756	RippleTimeIntervals		4982.5752		
5007.828	0.04399999999986903	RippleTimeIntervals		5007.8384		
5021.7624	0.035200000000259024	RippleTimeIntervals		5021.7968		
5030.592	0.06880000000001019	RippleTimeIntervals		5030.6056		
5081.5296	0.0632000000005064	RippleTimeIntervals		5081.5744		
5133.936	0.03760000000056607	RippleTimeIntervals		5133.96		
5136.8416	0.035200000000259024	RippleTimeIntervals		5136.856		
5139.312	0.04160000000047148	RippleTimeIntervals		5139.3424		
5155.5848	0.052800000000388536	RippleTimeIntervals		5155.616		
5155.7248	0.0591999999996915	RippleTimeIntervals		5155.7616		
5174.4776	0.05040000000008149	RippleTimeIntervals		5174.4936		
5184.388	0.06480000000010477	RippleTimeIntervals		5184.444		
5185.9024	0.15599999999994907	RippleTimeIntervals		5185.9312		
5197.1936	0.068000000000211	RippleTimeIntervals		5197.196		
5207.38	0.05999999999949068	RippleTimeIntervals		5207.4152		
5223.7616	0.0543999999999869	RippleTimeIntervals		5223.7872		
5225.0392	0.030399999999644933	RippleTimeIntervals		5225.0424		
5230.8896	0.047999999999774445	RippleTimeIntervals		5230.9216		
5244.5936	0.05040000000008149	RippleTimeIntervals		5244.612		
5249.8816	0.032000000000152795	RippleTimeIntervals		5249.8936		
5281.0864	0.07679999999982101	RippleTimeIntervals		5281.0904		
5297.492	0.07359999999971478	RippleTimeIntervals		5297.4952		
5302.6416	0.03679999999985739	RippleTimeIntervals		5302.6432		
5308.4432	0.06000000000040018	RippleTimeIntervals		5308.452		
5310.8856	0.04400000000077853	RippleTimeIntervals		5310.9112		
5322.028	0.06080000000019936	RippleTimeIntervals		5322.0552		
5323.3696	0.07039999999960855	RippleTimeIntervals		5323.4304		
5337.6336	0.040799999999762804	RippleTimeIntervals		5337.6544		
5338.132	0.03840000000036525	RippleTimeIntervals		5338.1384		
5338.7632	0.04719999999997526	RippleTimeIntervals		5338.7864		
5345.256	0.030399999999644933	RippleTimeIntervals		5345.2832		
5347.9776	0.01919999999972788	RippleTimeIntervals		5347.9872		
5350.3736	0.02639999999973952	RippleTimeIntervals		5350.3952		
5354.4512	0.04399999999986903	RippleTimeIntervals		5354.4616		
5355.2744	0.024800000000141154	RippleTimeIntervals		5355.2944		
5360.3232	0.061599999999998545	RippleTimeIntervals		5360.3832		
5362.2128	0.0543999999999869	RippleTimeIntervals		5362.2216		
5363.3184	0.03679999999985739	RippleTimeIntervals		5363.32		
5409.1744	0.04960000000028231	RippleTimeIntervals		5409.2144		
5414.1552	0.04960000000028231	RippleTimeIntervals		5414.18		
5415.6064	0.05680000000029395	RippleTimeIntervals		5415.6408		
5426.1768	0.04879999999957363	RippleTimeIntervals		5426.2032		
5431.8992	0.04320000000006985	RippleTimeIntervals		5431.912		
5455.1608	0.0632000000005064	RippleTimeIntervals		5455.1632		
5470.3312	0.06720000000041182	RippleTimeIntervals		5470.3872		
5512.0792	0.05599999999958527	RippleTimeIntervals		5512.0808		
5576.4824	0.06959999999980937	RippleTimeIntervals		5576.5464		
5576.6104	0.04160000000047148	RippleTimeIntervals		5576.6392		
5589.2696	0.10560000000077707	RippleTimeIntervals		5589.2704		
5599.6112	0.03679999999985739	RippleTimeIntervals		5599.6264		
5600.6832	0.0639999999993961	RippleTimeIntervals		5600.7456		
5626.6816	0.047999999999774445	RippleTimeIntervals		5626.7264		
5639.8528	0.09439999999995052	RippleTimeIntervals		5639.9416		
5641.9712	0.03679999999985739	RippleTimeIntervals		5642.0064		
5655.256	0.03839999999945576	RippleTimeIntervals		5655.2752		
5660.7688	0.061599999999998545	RippleTimeIntervals		5660.7808		
5663.8432	0.04879999999957363	RippleTimeIntervals		5663.8904		
5689.256	0.0319999999992433	RippleTimeIntervals		5689.2616		
5711.5536	0.04719999999997526	RippleTimeIntervals		5711.5568		
5728.8792	0.051199999999880674	RippleTimeIntervals		5728.8912		
5754.3456	0.04480000000057771	RippleTimeIntervals		5754.3512		
5760.0576	0.051199999999880674	RippleTimeIntervals		5760.0968		
5773.3968	0.08559999999943102	RippleTimeIntervals		5773.4728		
5789.4792	0.04160000000047148	RippleTimeIntervals		5789.5088		
5789.6072	0.037599999999656575	RippleTimeIntervals		5789.6384		
5794.9704	0.02639999999973952	RippleTimeIntervals		5794.996		
5796.3048	0.0543999999999869	RippleTimeIntervals		5796.348		
5796.4576	0.06400000000030559	RippleTimeIntervals		5796.468		
5797.436	0.04320000000006985	RippleTimeIntervals		5797.4464		
5799.4792	0.028000000000247383	RippleTimeIntervals		5799.4816		
5802.36	0.04400000000077853	RippleTimeIntervals		5802.3896		
5807.9064	0.030400000000554428	RippleTimeIntervals		5807.9256		
5808.7536	0.04159999999956199	RippleTimeIntervals		5808.7632		
5812.6504	0.03519999999934953	RippleTimeIntervals		5812.6512		
5869.144	0.07039999999960855	RippleTimeIntervals		5869.148		
5882.7352	0.03120000000035361	RippleTimeIntervals		5882.7368		
5889.5104	0.061599999999998545	RippleTimeIntervals		5889.5624		
5893.42	0.058399999999892316	RippleTimeIntervals		5893.4688		
5897.288	0.025600000000849832	RippleTimeIntervals		5897.3128		
5901.5208	0.06319999999959691	RippleTimeIntervals		5901.5232		
5904.8392	0.027199999999538704	RippleTimeIntervals		5904.8512		
5908.3936	0.08479999999963184	RippleTimeIntervals		5908.4432		
5909.144	0.06319999999959691	RippleTimeIntervals		5909.16		
5913.3384	0.061599999999998545	RippleTimeIntervals		5913.3816		
5915.3848	0.0543999999999869	RippleTimeIntervals		5915.3904		
5922.5904	0.07840000000032887	RippleTimeIntervals		5922.5928		
5932.8	0.06480000000010477	RippleTimeIntervals		5932.8568		
5941.1312	0.028800000000046566	RippleTimeIntervals		5941.1344		
5944.4568	0.02959999999984575	RippleTimeIntervals		5944.4728		
5957.392	0.05680000000029395	RippleTimeIntervals		5957.4232		
5988.5856	0.07839999999941938	RippleTimeIntervals		5988.5984		
5994.8776	0.03279999999995198	RippleTimeIntervals		5994.8816		
5995.1472	0.0319999999992433	RippleTimeIntervals		5995.1512		
6015.4968	0.023200000000542786	RippleTimeIntervals		6015.5184		
6040.5736	0.04640000000017608	RippleTimeIntervals		6040.6032		
6041.0	11.0	SleepStates				NREMstate
6044.5744	0.07600000000002183	RippleTimeIntervals		6044.5928		
6046.2912	0.16720000000077562	UpDownStatesTimeIntervals			UP	
6047.9808	0.12640000000010332	UpDownStatesTimeIntervals			UP	
6048.2176	0.5039999999999054	UpDownStatesTimeIntervals			DOWN	
6050.056	0.18880000000081054	UpDownStatesTimeIntervals			DOWN	
6050.8408	0.14159999999992579	UpDownStatesTimeIntervals			UP	
6051.66	0.3512000000000626	UpDownStatesTimeIntervals			DOWN	
6052.0112	0.27520000000004075	UpDownStatesTimeIntervals			UP	
6053.0	26.0	SleepStates				WAKEstate
6079.9128	0.14400000000023283	UpDownStatesTimeIntervals			UP	
6080.0	8.0	SleepStates				NREMstate
6080.028	0.023199999999633292	RippleTimeIntervals		6080.0496		
6080.752	0.23439999999936845	UpDownStatesTimeIntervals			UP	
6081.5216	0.17839999999978318	UpDownStatesTimeIntervals			UP	
6083.4248	0.13839999999981956	UpDownStatesTimeIntervals			UP	
6084.3392	0.023199999999633292	UpDownStatesTimeIntervals			DOWN	
6085.384	0.15759999999954744	UpDownStatesTimeIntervals			UP	
6085.9736	0.23439999999936845	UpDownStatesTimeIntervals			UP	
6086.66	0.0632000000005064	UpDownStatesTimeIntervals			DOWN	
6087.2032	0.17119999999977153	UpDownStatesTimeIntervals			UP	
6087.5	0.02080000000023574	RippleTimeIntervals		6087.516		
6087.6136	0.20560000000023138	UpDownStatesTimeIntervals			DOWN	
6087.8192	0.13119999999980791	UpDownStatesTimeIntervals			UP	
6087.9048	0.06880000000001019	RippleTimeIntervals		6087.9288		
6089.0	421.0	SleepStates				WAKEstate
6089.856	2151.0719666666664	epochs	fCamk3_201102_104543			
6110.2696	0.06720000000041182	RippleTimeIntervals		6110.3296		
6126.308	0.07840000000032887	RippleTimeIntervals		6126.3152		
6126.7624	0.204000000000633	RippleTimeIntervals		6126.7664		
6147.2856	0.15200000000004366	RippleTimeIntervals		6147.4128		
6154.372	0.040799999999762804	RippleTimeIntervals		6154.4112		
6159.4432	0.030400000000554428	RippleTimeIntervals		6159.4488		
6188.3592	0.05199999999967986	RippleTimeIntervals		6188.3952		
6214.3096	0.024800000000141154	RippleTimeIntervals		6214.3312		
6242.344	0.03999999999996362	RippleTimeIntervals		6242.3512		
6246.8248	0.07839999999941938	RippleTimeIntervals		6246.8864		
6254.4224	0.027199999999538704	RippleTimeIntervals		6254.4248		
6273.836	0.05760000000009313	RippleTimeIntervals		6273.8496		
6294.7752	0.03920000000016444	RippleTimeIntervals		6294.7992		
6306.208	0.07600000000002183	RippleTimeIntervals		6306.212		
6321.1576	0.03760000000056607	RippleTimeIntervals		6321.1624		
6322.496	0.02959999999984575	RippleTimeIntervals		6322.4976		
6327.516	0.03120000000035361	RippleTimeIntervals		6327.5216		
6329.1248	0.045600000000376895	RippleTimeIntervals		6329.1512		
6344.6312	0.025599999999940337	RippleTimeIntervals		6344.6328		
6392.2696	0.026400000000649015	RippleTimeIntervals		6392.28		
6404.552	0.11599999999998545	RippleTimeIntervals		6404.6248		
6413.732	0.052800000000388536	RippleTimeIntervals		6413.7712		
6430.4256	0.059200000000600994	RippleTimeIntervals		6430.4424		
6438.864	0.03360000000066066	RippleTimeIntervals		6438.8824		
6442.2288	0.028000000000247383	RippleTimeIntervals		6442.2392		
6493.9856	0.07200000000011642	RippleTimeIntervals		6494.0416		
6533.3664	0.052800000000388536	RippleTimeIntervals		6533.404		
6534.712	0.02639999999973952	RippleTimeIntervals		6534.7184		
6537.7072	0.11279999999987922	RippleTimeIntervals		6537.7088		
6541.5496	0.023199999999633292	RippleTimeIntervals		6541.5504		
6548.4616	0.02400000000034197	RippleTimeIntervals		6548.4768		
6570.0472	0.03120000000035361	RippleTimeIntervals		6570.0672		
6584.8736	0.04960000000028231	RippleTimeIntervals		6584.9136		
6585.1944	0.027999999999337888	RippleTimeIntervals		6585.1952		
6605.624	0.035200000000259024	RippleTimeIntervals		6605.636		
6607.5792	0.06880000000001019	RippleTimeIntervals		6607.5968		
6612.8824	0.037599999999656575	RippleTimeIntervals		6612.9184		
6614.0176	0.0543999999999869	RippleTimeIntervals		6614.0416		
6631.7456	0.04959999999937281	RippleTimeIntervals		6631.7856		
6633.408	0.061599999999998545	RippleTimeIntervals		6633.456		
6634.8504	0.028800000000046566	RippleTimeIntervals		6634.8536		
6638.6568	0.03600000000005821	RippleTimeIntervals		6638.6632		
6671.6904	0.053599999999278225	RippleTimeIntervals		6671.7144		
6690.792	0.05519999999978609	RippleTimeIntervals		6690.7936		
6697.4384	0.05199999999967986	RippleTimeIntervals		6697.456		
6712.1632	0.037599999999656575	RippleTimeIntervals		6712.1824		
6715.5376	0.030400000000554428	RippleTimeIntervals		6715.5392		
6725.8024	0.0768000000007305	RippleTimeIntervals		6725.8696		
6745.6864	0.022400000000743603	RippleTimeIntervals		6745.6912		
6760.8128	0.04160000000047148	RippleTimeIntervals		6760.8232		
6761.4544	0.02400000000034197	RippleTimeIntervals		6761.4744		
6782.1288	0.03599999999914871	RippleTimeIntervals		6782.1376		
6787.5456	0.030399999999644933	RippleTimeIntervals		6787.5488		
6796.3624	0.028000000000247383	RippleTimeIntervals		6796.388		
6797.6488	0.021600000000034925	RippleTimeIntervals		6797.6592		
6799.316	0.026400000000649015	RippleTimeIntervals		6799.324		
6809.2272	0.0639999999993961	RippleTimeIntervals		6809.248		
6822.6232	0.03679999999985739	RippleTimeIntervals		6822.6344		
6864.6544	0.031199999999444117	RippleTimeIntervals		6864.68		
6872.688	0.10800000000017462	RippleTimeIntervals		6872.7952		
6874.148	0.10800000000017462	RippleTimeIntervals		6874.1928		
6895.2616	0.03120000000035361	RippleTimeIntervals		6895.272		
6907.2064	0.024800000000141154	RippleTimeIntervals		6907.228		
6911.4144	0.03920000000016444	RippleTimeIntervals		6911.4264		
6919.3512	0.0543999999999869	RippleTimeIntervals		6919.3656		
6929.14	0.037599999999656575	RippleTimeIntervals		6929.1768		
6936.7192	0.05200000000058935	RippleTimeIntervals		6936.7648		
6943.7672	0.05599999999958527	RippleTimeIntervals		6943.7912		
6948.416	0.18959999999970023	RippleTimeIntervals		6948.5136		
6969.0152	0.045600000000376895	RippleTimeIntervals		6969.0504		
6970.2368	0.04480000000057771	RippleTimeIntervals		6970.2664		
6972.9648	0.04160000000047148	RippleTimeIntervals		6972.988		
6997.0768	0.05519999999978609	RippleTimeIntervals		6997.0976		
7006.82	0.068000000000211	RippleTimeIntervals		7006.8376		
7010.5488	0.061599999999998545	RippleTimeIntervals		7010.5984		
7012.4656	0.03519999999934953	RippleTimeIntervals		7012.4824		
7025.9544	0.0408000000006723	RippleTimeIntervals		7025.9912		
7036.8744	0.024800000000141154	RippleTimeIntervals		7036.8936		
7044.1464	0.028000000000247383	RippleTimeIntervals		7044.1496		
7059.0424	0.12959999999930005	RippleTimeIntervals		7059.088		
7068.5824	0.034399999999550346	RippleTimeIntervals		7068.5952		
7084.4072	0.06640000000061264	RippleTimeIntervals		7084.4664		
7127.5752	0.03679999999985739	RippleTimeIntervals		7127.6016		
7128.4328	0.03840000000036525	RippleTimeIntervals		7128.4488		
7136.0632	0.03920000000016444	RippleTimeIntervals		7136.0848		
7138.5808	0.07200000000011642	RippleTimeIntervals		7138.6144		
7142.0936	0.058399999999892316	RippleTimeIntervals		7142.1192		
7148.176	0.051199999999880674	RippleTimeIntervals		7148.2		
7152.2368	0.022400000000743603	RippleTimeIntervals		7152.2472		
7169.2592	0.07199999999920692	RippleTimeIntervals		7169.2872		
7171.3048	0.03920000000016444	RippleTimeIntervals		7171.3216		
7190.8344	0.02959999999984575	RippleTimeIntervals		7190.8376		
7193.5664	0.03999999999996362	RippleTimeIntervals		7193.6016		
7205.6416	0.061599999999998545	RippleTimeIntervals		7205.6496		
7207.4064	0.03999999999996362	RippleTimeIntervals		7207.4184		
7255.3	0.0455999999994674	RippleTimeIntervals		7255.3432		
7260.04	0.07039999999960855	RippleTimeIntervals		7260.0688		
7261.5248	0.028000000000247383	RippleTimeIntervals		7261.532		
7264.828	0.02959999999984575	RippleTimeIntervals		7264.8296		
7287.0616	0.05199999999967986	RippleTimeIntervals		7287.0952		
7287.9928	0.04640000000017608	RippleTimeIntervals		7288.0032		
7294.8296	0.044799999999668216	RippleTimeIntervals		7294.84		
7297.0	143.0	SleepStates				WAKEstate
7343.1688	0.044799999999668216	RippleTimeIntervals		7343.1992		
7443.5744	0.047999999999774445	RippleTimeIntervals		7443.5816		
7477.776	0.04719999999997526	RippleTimeIntervals		7477.7888		
7489.7472	0.0272000000004482	RippleTimeIntervals		7489.7488		
7504.3816	0.07200000000011642	RippleTimeIntervals		7504.4056		
7510.14	0.06319999999959691	RippleTimeIntervals		7510.1608		
7523.6112	0.04159999999956199	RippleTimeIntervals		7523.6432		
7532.78	0.023200000000542786	RippleTimeIntervals		7532.7832		
7535.5416	0.025600000000849832	RippleTimeIntervals		7535.5448		
7550.092	0.08240000000023429	RippleTimeIntervals		7550.1232		
7552.552	0.020000000000436557	RippleTimeIntervals		7552.5624		
7619.596	0.0816000000004351	RippleTimeIntervals		7619.5992		
7619.9496	0.0632000000005064	RippleTimeIntervals		7619.96		
7621.712	0.04399999999986903	RippleTimeIntervals		7621.7408		
7655.472	0.0272000000004482	RippleTimeIntervals		7655.476		
7663.6856	0.030400000000554428	RippleTimeIntervals		7663.7072		
7668.8352	0.030399999999644933	RippleTimeIntervals		7668.8584		
7691.3584	0.03840000000036525	RippleTimeIntervals		7691.3904		
7702.2656	0.032000000000152795	RippleTimeIntervals		7702.2688		
7705.796	0.047999999999774445	RippleTimeIntervals		7705.8424		
7715.476	0.05040000000008149	RippleTimeIntervals		7715.4816		
7730.7616	0.03600000000005821	RippleTimeIntervals		7730.7888		
7745.64	0.03679999999985739	RippleTimeIntervals		7745.652		
7752.3376	0.08480000000054133	RippleTimeIntervals		7752.3864		
7763.0952	0.06480000000010477	RippleTimeIntervals		7763.1504		
7778.6904	0.10399999999935972	RippleTimeIntervals		7778.6912		
7795.8016	0.028000000000247383	RippleTimeIntervals		7795.8048		
7810.4704	0.02080000000023574	RippleTimeIntervals		7810.4728		
7812.7936	0.040799999999762804	RippleTimeIntervals		7812.8192		
7823.428	0.02639999999973952	RippleTimeIntervals		7823.4352		
7824.22	0.031199999999444117	RippleTimeIntervals		7824.2488		
7885.7024	0.05360000000018772	RippleTimeIntervals		7885.744		
7891.0008	0.035200000000259024	RippleTimeIntervals		7891.0272		
7898.5912	0.04960000000028231	RippleTimeIntervals		7898.636		
7915.8872	0.03839999999945576	RippleTimeIntervals		7915.9136		
7928.5328	0.024800000000141154	RippleTimeIntervals		7928.544		
7934.3928	0.03999999999996362	RippleTimeIntervals		7934.4088		
7966.2312	0.05519999999978609	RippleTimeIntervals		7966.2632		
7977.3208	0.04239999999936117	RippleTimeIntervals		7977.3448		
7982.7352	0.030399999999644933	RippleTimeIntervals		7982.7456		
7998.4632	0.027199999999538704	RippleTimeIntervals		7998.4712		
8001.4776	0.03999999999996362	RippleTimeIntervals		8001.5072		
8002.4048	0.047999999999774445	RippleTimeIntervals		8002.4104		
8004.844	0.040799999999762804	RippleTimeIntervals		8004.8832		
8007.36	0.04160000000047148	RippleTimeIntervals		8007.388		
8007.7936	0.028800000000046566	RippleTimeIntervals		8007.8128		
8036.1768	0.0543999999999869	RippleTimeIntervals		8036.1808		
8037.8632	0.025599999999940337	RippleTimeIntervals		8037.8776		
8051.0624	0.045600000000376895	RippleTimeIntervals		8051.0984		
8051.9712	0.0272000000004482	RippleTimeIntervals		8051.9752		
8060.46	0.04159999999956199	RippleTimeIntervals		8060.492		
8065.58	0.04320000000006985	RippleTimeIntervals		8065.5864		
8066.436	0.02400000000034197	RippleTimeIntervals		8066.4552		
8082.2864	0.03999999999996362	RippleTimeIntervals		8082.288		
8082.9376	0.021600000000034925	RippleTimeIntervals		8082.9576		
8086.0	172.0	SleepStates				WAKEstate
8186.8528	0.04320000000006985	RippleTimeIntervals		8186.876		
8204.104	0.07760000000052969	RippleTimeIntervals		8204.1304		
8240.928	3421.3439666666673	epochs	fCamk3_201102_112154			
8244.1432	0.0775999999987107	RippleTimeIntervals		8244.1456		
8249.9608	0.06799999999930151	RippleTimeIntervals		8250.0128		
8250.1112	0.11040000000139116	RippleTimeIntervals		8250.1984		
8299.9208	0.053599999999278225	RippleTimeIntervals		8299.9672		
8315.6904	0.06400000000030559	RippleTimeIntervals		8315.7352		
8318.4848	0.05760000000009313	RippleTimeIntervals		8318.5136		
8322.3576	0.047200000000884756	RippleTimeIntervals		8322.3928		
8322.9056	0.05040000000008149	RippleTimeIntervals		8322.9152		
8332.4568	0.03440000000045984	RippleTimeIntervals		8332.4632		
8333.8368	0.03840000000127475	RippleTimeIntervals		8333.8632		
8343.7904	0.053599999999278225	RippleTimeIntervals		8343.8312		
8349.1704	0.039999999999054126	RippleTimeIntervals		8349.1848		
8349.4272	0.042400000000270666	RippleTimeIntervals		8349.436		
8352.3912	0.07760000000052969	RippleTimeIntervals		8352.4624		
8360.7408	0.07600000000093132	RippleTimeIntervals		8360.7424		
8394.8528	0.09439999999995052	RippleTimeIntervals		8394.9208		
8433.9192	0.06079999999928987	RippleTimeIntervals		8433.9288		
8439.6552	0.04160000000047148	RippleTimeIntervals		8439.6656		
8442.3912	0.06960000000071886	RippleTimeIntervals		8442.4064		
8462.5472	0.028799999998227577	RippleTimeIntervals		8462.5696		
8472.5408	0.04799999999886495	RippleTimeIntervals		8472.5488		
8493.9144	0.060800000001108856	RippleTimeIntervals		8493.968		
8508.1056	0.058399999999892316	RippleTimeIntervals		8508.108		
8519.1824	0.12880000000041036	RippleTimeIntervals		8519.184		
8525.3168	0.046399999999266583	RippleTimeIntervals		8525.3216		
8534.4376	0.04800000000068394	RippleTimeIntervals		8534.4776		
8540.7296	0.05680000000029395	RippleTimeIntervals		8540.7432		
8541.5624	0.031199999999444117	RippleTimeIntervals		8541.5928		
8547.5464	0.03840000000127475	RippleTimeIntervals		8547.548		
8579.3752	0.06079999999928987	RippleTimeIntervals		8579.4072		
8587.4016	0.02480000000105065	RippleTimeIntervals		8587.4208		
8639.9864	0.06639999999970314	RippleTimeIntervals		8640.028		
8666.8808	0.048799999998664134	RippleTimeIntervals		8666.9272		
8669.3784	0.0680000000011205	RippleTimeIntervals		8669.3888		
8687.7048	0.08480000000054133	RippleTimeIntervals		8687.7152		
8707.9008	0.0591999999996915	RippleTimeIntervals		8707.9016		
8711.3392	0.05680000000029395	RippleTimeIntervals		8711.34		
8728.1632	0.05999999999949068	RippleTimeIntervals		8728.168		
8734.0696	0.03839999999945576	RippleTimeIntervals		8734.1032		
8736.5624	0.022399999999834108	RippleTimeIntervals		8736.5656		
8739.7904	0.028000000000247383	RippleTimeIntervals		8739.7936		
8748.2328	0.056000000000494765	RippleTimeIntervals		8748.2776		
8757.5888	0.03440000000045984	RippleTimeIntervals		8757.6088		
8778.76	0.031199999999444117	RippleTimeIntervals		8778.764		
8779.4488	0.03679999999985739	RippleTimeIntervals		8779.4768		
8784.4648	0.06880000000091968	RippleTimeIntervals		8784.5192		
8801.3304	0.031199999999444117	RippleTimeIntervals		8801.3416		
8814.9264	0.07599999999911233	RippleTimeIntervals		8814.9856		
8836.684	0.05920000000151049	RippleTimeIntervals		8836.72		
8859.3376	0.02719999999862921	RippleTimeIntervals		8859.3416		
8859.436	0.0408000000006723	RippleTimeIntervals		8859.464		
8863.3424	0.044799999999668216	RippleTimeIntervals		8863.3584		
8902.2704	0.03440000000045984	RippleTimeIntervals		8902.2728		
8914.3432	0.051199999999880674	RippleTimeIntervals		8914.3456		
8925.6248	0.02959999999984575	RippleTimeIntervals		8925.6416		
8934.1032	0.07840000000032887	RippleTimeIntervals		8934.1248		
8947.3392	0.06079999999928987	RippleTimeIntervals		8947.3408		
8960.94	0.06319999999868742	RippleTimeIntervals		8960.9552		
8962.0808	0.07120000000031723	RippleTimeIntervals		8962.0904		
8972.8224	0.048800000000483124	RippleTimeIntervals		8972.8488		
8983.688	0.030399999999644933	RippleTimeIntervals		8983.712		
8995.7336	0.026400000000649015	RippleTimeIntervals		8995.7416		
9001.3576	0.03840000000127475	RippleTimeIntervals		9001.364		
9002.1128	0.03359999999884167	RippleTimeIntervals		9002.1224		
9011.92	0.044799999999668216	RippleTimeIntervals		9011.94		
9020.5104	0.05520000000069558	RippleTimeIntervals		9020.5624		
9033.1272	0.05279999999947904	RippleTimeIntervals		9033.1704		
9043.6896	0.05680000000029395	RippleTimeIntervals		9043.6928		
9045.068	0.04160000000047148	RippleTimeIntervals		9045.0992		
9053.8736	0.031199999999444117	RippleTimeIntervals		9053.8912		
9056.6208	0.042400000000270666	RippleTimeIntervals		9056.6584		
9094.8368	0.10800000000017462	RippleTimeIntervals		9094.8816		
9112.988	0.037600000001475564	RippleTimeIntervals		9112.996		
9135.532	0.04560000000128639	RippleTimeIntervals		9135.5608		
9141.4256	0.0775999999987107	RippleTimeIntervals		9141.4928		
9168.6584	0.051199999999880674	RippleTimeIntervals		9168.6704		
9187.5568	0.06959999999889988	RippleTimeIntervals		9187.5824		
9203.2728	0.051199999999880674	RippleTimeIntervals		9203.3168		
9211.3528	0.051199999999880674	RippleTimeIntervals		9211.3816		
9233.3544	0.05760000000009313	RippleTimeIntervals		9233.3592		
9247.9272	0.0408000000006723	RippleTimeIntervals		9247.9488		
9254.1488	0.08079999999972642	RippleTimeIntervals		9254.2216		
9260.9288	0.03600000000005821	RippleTimeIntervals		9260.9568		
9298.816	0.035199999998440035	RippleTimeIntervals		9298.8416		
9312.9928	0.03839999999945576	RippleTimeIntervals		9313.0184		
9319.7856	0.03360000000066066	RippleTimeIntervals		9319.8176		
9323.3	0.05760000000009313	RippleTimeIntervals		9323.3208		
9345.1824	0.042400000000270666	RippleTimeIntervals		9345.2072		
9347.972	0.06400000000030559	RippleTimeIntervals		9347.9872		
9357.3216	0.06880000000091968	RippleTimeIntervals		9357.3848		
9357.472	0.04640000000108557	RippleTimeIntervals		9357.4728		
9362.6024	0.053600000001097214	RippleTimeIntervals		9362.6104		
9363.9104	0.02080000000023574	RippleTimeIntervals		9363.9264		
9394.072	0.0272000000004482	RippleTimeIntervals		9394.08		
9402.184	0.035200000000259024	RippleTimeIntervals		9402.196		
9403.44	0.03919999999925494	RippleTimeIntervals		9403.4768		
9404.9552	0.056000000000494765	RippleTimeIntervals		9404.9984		
9411.3128	0.04320000000006985	RippleTimeIntervals		9411.3456		
9411.4904	0.025599999999030842	RippleTimeIntervals		9411.504		
9419.4504	0.035200000000259024	RippleTimeIntervals		9419.452		
9467.5184	0.06639999999970314	RippleTimeIntervals		9467.5352		
9491.9688	0.035200000000259024	RippleTimeIntervals		9492.0008		
9499.4048	0.05519999999887659	RippleTimeIntervals		9499.4504		
9501.224	0.025599999999030842	RippleTimeIntervals		9501.2344		
9505.096	0.040000000000873115	RippleTimeIntervals		9505.108		
9506.3632	0.09120000000075379	RippleTimeIntervals		9506.3792		
9506.9888	0.035200000000259024	RippleTimeIntervals		9507.0088		
9527.4536	0.06799999999930151	RippleTimeIntervals		9527.5064		
9552.308	0.028799999998227577	RippleTimeIntervals		9552.3088		
9571.7424	0.04640000000108557	RippleTimeIntervals		9571.7864		
9631.4688	0.039999999999054126	RippleTimeIntervals		9631.4712		
9643.0936	0.1543999999994412	RippleTimeIntervals		9643.2088		
9767.3856	0.05520000000069558	RippleTimeIntervals		9767.3888		
9770.7048	0.03840000000127475	RippleTimeIntervals		9770.7232		
9784.584	0.0864000000001397	RippleTimeIntervals		9784.6304		
9788.844	0.08560000000034051	RippleTimeIntervals		9788.9016		
9791.2432	0.05279999999947904	RippleTimeIntervals		9791.2696		
9792.5688	0.024000000001251465	RippleTimeIntervals		9792.5696		
9807.092	0.07039999999869906	RippleTimeIntervals		9807.1272		
9844.324	0.1279999999987922	RippleTimeIntervals		9844.4112		
9876.4696	0.0632000000005064	RippleTimeIntervals		9876.5096		
9908.88	0.048800000000483124	RippleTimeIntervals		9908.8992		
9918.8008	0.0455999999994674	RippleTimeIntervals		9918.8168		
9920.0832	0.044800000001487206	RippleTimeIntervals		9920.0928		
9930.8408	0.023999999999432475	RippleTimeIntervals		9930.8616		
9942.7856	0.04399999999986903	RippleTimeIntervals		9942.8072		
9950.192	0.030400000001463923	RippleTimeIntervals		9950.2024		
9952.5704	0.04159999999865249	RippleTimeIntervals		9952.5776		
10023.5752	0.05520000000069558	RippleTimeIntervals		10023.6064		
10058.9864	0.023999999999432475	RippleTimeIntervals		10059.004		
10066.3704	0.020000000000436557	RippleTimeIntervals		10066.38		
10070.4664	0.060800000001108856	RippleTimeIntervals		10070.5008		
10073.8	0.05280000000129803	RippleTimeIntervals		10073.8232		
10080.2312	0.06400000000030559	RippleTimeIntervals		10080.2912		
10080.9232	0.07360000000153377	RippleTimeIntervals		10080.984		
10089.5632	0.062399999998888234	RippleTimeIntervals		10089.5768		
10137.172	0.06799999999930151	RippleTimeIntervals		10137.1888		
10143.4432	0.03440000000045984	RippleTimeIntervals		10143.4664		
10145.9936	0.11200000000098953	RippleTimeIntervals		10146.1		
10162.7832	0.07519999999931315	RippleTimeIntervals		10162.8424		
10169.9888	0.0272000000004482	RippleTimeIntervals		10169.992		
10176.7384	0.053599999999278225	RippleTimeIntervals		10176.7664		
10210.7848	0.04160000000047148	RippleTimeIntervals		10210.796		
10218.02	0.026399999998830026	RippleTimeIntervals		10218.0368		
10219.7176	0.10399999999935972	RippleTimeIntervals		10219.7528		
10260.4848	0.0272000000004482	RippleTimeIntervals		10260.5104		
10264.7464	0.042400000000270666	RippleTimeIntervals		10264.7824		
10286.1216	0.03919999999925494	RippleTimeIntervals		10286.1464		
10292.0888	0.040000000000873115	RippleTimeIntervals		10292.0952		
10309.5648	0.030399999999644933	RippleTimeIntervals		10309.5832		
10341.5312	0.02480000000105065	RippleTimeIntervals		10341.5432		
10354.3624	0.10560000000077707	RippleTimeIntervals		10354.3632		
10354.6376	0.09599999999954889	RippleTimeIntervals		10354.648		
10372.612	0.03360000000066066	RippleTimeIntervals		10372.6176		
10378.1528	0.028800000000046566	RippleTimeIntervals		10378.1552		
10385.8888	0.118399999999383	RippleTimeIntervals		10385.9352		
10386.5816	0.1408000000010361	RippleTimeIntervals		10386.7144		
10391.9448	0.0408000000006723	RippleTimeIntervals		10391.9552		
10415.9152	0.04160000000047148	RippleTimeIntervals		10415.9248		
10425.1224	0.028000000000247383	RippleTimeIntervals		10425.1408		
10430.7544	0.0904000000009546	RippleTimeIntervals		10430.8208		
10446.0992	0.1455999999998312	RippleTimeIntervals		10446.1672		
10481.4112	0.10239999999976135	RippleTimeIntervals		10481.4824		
10482.504	0.06799999999930151	RippleTimeIntervals		10482.5448		
10485.0208	0.09280000000035216	RippleTimeIntervals		10485.0224		
10500.544	0.08400000000074215	RippleTimeIntervals		10500.5544		
10508.728	0.06160000000090804	RippleTimeIntervals		10508.7888		
10525.8552	0.0408000000006723	RippleTimeIntervals		10525.8792		
10527.9336	0.08159999999952561	RippleTimeIntervals		10527.9992		
10609.7	0.0591999999996915	RippleTimeIntervals		10609.744		
10652.2672	0.08480000000054133	RippleTimeIntervals		10652.3504		
10670.0928	0.09360000000015134	RippleTimeIntervals		10670.1832		
10695.6512	0.05999999999949068	RippleTimeIntervals		10695.6656		
10710.5144	0.047200000000884756	RippleTimeIntervals		10710.5152		
10753.0936	0.1319999999996071	RippleTimeIntervals		10753.128		
10761.424	0.09839999999894644	RippleTimeIntervals		10761.4656		
10762.5	0.08239999999932479	RippleTimeIntervals		10762.5176		
10767.3312	0.0319999999992433	RippleTimeIntervals		10767.3464		
10773.1248	0.051199999999880674	RippleTimeIntervals		10773.1664		
10773.4936	0.05040000000008149	RippleTimeIntervals		10773.504		
10774.4688	0.046399999999266583	RippleTimeIntervals		10774.4984		
10778.7016	0.07920000000012806	RippleTimeIntervals		10778.7248		
10780.7584	0.04320000000006985	RippleTimeIntervals		10780.7656		
10794.5312	0.04160000000047148	RippleTimeIntervals		10794.552		
10799.3904	0.03919999999925494	RippleTimeIntervals		10799.3976		
10812.4584	0.09120000000075379	RippleTimeIntervals		10812.4656		
10812.7208	0.05520000000069558	RippleTimeIntervals		10812.772		
10826.3072	0.10080000000016298	RippleTimeIntervals		10826.4072		
10840.5248	0.06880000000091968	RippleTimeIntervals		10840.5728		
10848.8984	0.023999999999432475	RippleTimeIntervals		10848.9152		
10852.636	0.08159999999952561	RippleTimeIntervals		10852.696		
10867.976	0.05199999999967986	RippleTimeIntervals		10867.9768		
10890.6672	0.0544000000008964	RippleTimeIntervals		10890.7152		
10893.5392	0.040000000000873115	RippleTimeIntervals		10893.5696		
10911.632	0.08560000000034051	RippleTimeIntervals		10911.716		
10928.9408	0.042400000000270666	RippleTimeIntervals		10928.9752		
10929.9584	0.037599999999656575	RippleTimeIntervals		10929.9672		
10938.7848	0.09840000000076543	RippleTimeIntervals		10938.8168		
10955.2376	0.046399999999266583	RippleTimeIntervals		10955.2464		
10976.1776	0.07519999999931315	RippleTimeIntervals		10976.184		
10987.0288	0.06240000000070722	RippleTimeIntervals		10987.0752		
10994.2728	0.08479999999872234	RippleTimeIntervals		10994.3056		
10995.8792	0.05680000000029395	RippleTimeIntervals		10995.9296		
11011.8592	0.053599999999278225	RippleTimeIntervals		11011.8616		
11034.1976	0.07040000000051805	RippleTimeIntervals		11034.2672		
11076.1288	0.03600000000005821	RippleTimeIntervals		11076.136		
11108.9464	0.044799999999668216	RippleTimeIntervals		11108.9832		
11113.4072	0.053600000001097214	RippleTimeIntervals		11113.4512		
11114.7752	0.023199999999633292	RippleTimeIntervals		11114.7792		
11120.5264	0.031199999999444117	RippleTimeIntervals		11120.528		
11132.7032	0.07840000000032887	RippleTimeIntervals		11132.752		
11155.3944	0.028000000000247383	RippleTimeIntervals		11155.4008		
11158.5208	0.03440000000045984	RippleTimeIntervals		11158.5312		
11170.3616	0.03360000000066066	RippleTimeIntervals		11170.3872		
11171.6608	0.0455999999994674	RippleTimeIntervals		11171.6664		
11177.1624	0.06240000000070722	RippleTimeIntervals		11177.1968		
11178.3224	0.06880000000091968	RippleTimeIntervals		11178.3448		
11191.0048	0.0591999999996915	RippleTimeIntervals		11191.0152		
11191.1984	0.10480000000097789	RippleTimeIntervals		11191.2208		
11210.8376	0.06480000000010477	RippleTimeIntervals		11210.8808		
11215.896	0.04159999999865249	RippleTimeIntervals		11215.9296		
11218.6384	0.023199999999633292	RippleTimeIntervals		11218.6472		
11241.1984	0.04800000000068394	RippleTimeIntervals		11241.24		
11265.2544	0.03600000000005821	RippleTimeIntervals		11265.2608		
11271.9976	0.035200000000259024	RippleTimeIntervals		11272.0256		
11273.924	0.05759999999827414	RippleTimeIntervals		11273.9304		
11283.3816	0.08159999999952561	RippleTimeIntervals		11283.4048		
11287.2144	0.0455999999994674	RippleTimeIntervals		11287.2528		
11309.2304	0.023999999999432475	RippleTimeIntervals		11309.2328		
11318.6576	0.03839999999945576	RippleTimeIntervals		11318.6808		
11334.2712	0.04800000000068394	RippleTimeIntervals		11334.3024		
11337.5568	0.03839999999945576	RippleTimeIntervals		11337.5768		
11343.5856	0.1407999999992171	RippleTimeIntervals		11343.6248		
11369.6896	0.11200000000098953	RippleTimeIntervals		11369.7336		
11379.012	0.04320000000006985	RippleTimeIntervals		11379.0472		
11379.256	0.05520000000069558	RippleTimeIntervals		11379.3008		
11384.8928	0.127200000000812	RippleTimeIntervals		11384.9224		
11389.8984	0.17679999999927531	RippleTimeIntervals		11389.9824		
11401.148	0.08560000000034051	RippleTimeIntervals		11401.1848		
11410.4416	0.1551999999992404	RippleTimeIntervals		11410.5552		
11425.1656	0.04320000000006985	RippleTimeIntervals		11425.1776		
11436.692	0.048800000000483124	RippleTimeIntervals		11436.7384		
11447.3592	0.10239999999976135	RippleTimeIntervals		11447.428		
11449.8016	0.09599999999954889	RippleTimeIntervals		11449.8088		
11463.4248	0.06480000000010477	RippleTimeIntervals		11463.432		
11495.1352	0.046399999999266583	RippleTimeIntervals		11495.1424		
11522.352	0.03919999999925494	RippleTimeIntervals		11522.38		
11532.0184	0.15279999999984284	RippleTimeIntervals		11532.0288		
11557.7488	0.03440000000045984	RippleTimeIntervals		11557.7776		
11590.9752	0.07039999999869906	RippleTimeIntervals		11590.9848		
11596.1592	0.03679999999985739	RippleTimeIntervals		11596.1608		
11599.0016	0.031200000001263106	RippleTimeIntervals		11599.0256		
11604.5168	0.06400000000030559	RippleTimeIntervals		11604.552		
11610.656	0.04159999999865249	RippleTimeIntervals		11610.6704		
11616.5488	0.04960000000028231	RippleTimeIntervals		11616.5656		
11622.4208	0.019200000000637374	RippleTimeIntervals		11622.4232		
11639.0064	0.0319999999992433	RippleTimeIntervals		11639.0168		
11640.756	0.07600000000093132	RippleTimeIntervals		11640.7592		
11656.4888	0.03680000000167638	RippleTimeIntervals		11656.492		
11657.0	860.0	SleepStates				WAKEstate
11662.272	3105.5039666666653	epochs	fCamk3_201102_121948			
11669.588	0.05680000000029395	RippleTimeIntervals		11669.5896		
11670.3784	0.03840000000127475	RippleTimeIntervals		11670.3976		
11690.6048	0.05760000000009313	RippleTimeIntervals		11690.6064		
11701.2712	0.0544000000008964	RippleTimeIntervals		11701.272		
11737.7192	0.06559999999990396	RippleTimeIntervals		11737.7808		
11747.7272	0.048800000000483124	RippleTimeIntervals		11747.7656		
11798.6344	0.10079999999834399	RippleTimeIntervals		11798.7088		
11819.9656	0.06880000000091968	RippleTimeIntervals		11819.9704		
11828.0616	0.06879999999910069	RippleTimeIntervals		11828.0712		
11867.7728	0.03839999999945576	RippleTimeIntervals		11867.7792		
11880.8536	0.0727999999999156	RippleTimeIntervals		11880.864		
11899.76	0.08399999999892316	RippleTimeIntervals		11899.824		
11909.68	0.09200000000055297	RippleTimeIntervals		11909.684		
11914.8656	0.028800000000046566	RippleTimeIntervals		11914.8752		
11963.3792	0.12960000000020955	RippleTimeIntervals		11963.4992		
11970.7104	0.09679999999934807	RippleTimeIntervals		11970.7872		
12016.0104	0.044800000001487206	RippleTimeIntervals		12016.0392		
12024.3904	0.07999999999992724	RippleTimeIntervals		12024.4072		
12027.896	0.0591999999996915	RippleTimeIntervals		12027.9432		
12042.8784	0.1584000000002561	RippleTimeIntervals		12042.9416		
12048.892	0.10239999999976135	RippleTimeIntervals		12048.9936		
12059.4976	0.10239999999976135	RippleTimeIntervals		12059.5184		
12069.6336	0.0727999999999156	RippleTimeIntervals		12069.6536		
12086.7224	0.10800000000017462	RippleTimeIntervals		12086.7296		
12135.764	0.0904000000009546	RippleTimeIntervals		12135.7752		
12139.252	0.12639999999919382	RippleTimeIntervals		12139.288		
12140.9384	0.0904000000009546	RippleTimeIntervals		12140.9848		
12145.5112	0.06559999999990396	RippleTimeIntervals		12145.548		
12157.2952	0.12079999999878055	RippleTimeIntervals		12157.2968		
12157.5064	0.08799999999973807	RippleTimeIntervals		12157.5848		
12187.732	0.05760000000009313	RippleTimeIntervals		12187.7424		
12191.5328	0.08639999999832071	RippleTimeIntervals		12191.5864		
12200.5928	0.1087999999999738	RippleTimeIntervals		12200.6256		
12203.0768	0.02959999999984575	RippleTimeIntervals		12203.0848		
12220.7256	0.11200000000098953	RippleTimeIntervals		12220.7832		
12234.5624	0.08719999999993888	RippleTimeIntervals		12234.6216		
12242.484	0.1319999999996071	RippleTimeIntervals		12242.5968		
12251.88	0.11280000000078871	RippleTimeIntervals		12251.9816		
12271.5928	0.06480000000010477	RippleTimeIntervals		12271.6496		
12282.9504	0.09200000000055297	RippleTimeIntervals		12282.9552		
12283.4488	0.15680000000065775	RippleTimeIntervals		12283.4696		
12288.3728	0.08480000000054133	RippleTimeIntervals		12288.3968		
12319.8024	0.02479999999923166	RippleTimeIntervals		12319.8248		
12346.2208	0.24800000000141154	RippleTimeIntervals		12346.312		
12366.8096	0.09599999999954889	RippleTimeIntervals		12366.8448		
12388.5824	0.024000000001251465	RippleTimeIntervals		12388.5928		
12399.616	0.11280000000078871	RippleTimeIntervals		12399.7048		
12414.3432	0.0632000000005064	RippleTimeIntervals		12414.3672		
12441.4464	0.04079999999885331	RippleTimeIntervals		12441.4584		
12441.6768	0.06720000000132131	RippleTimeIntervals		12441.6824		
12450.9144	0.06400000000030559	RippleTimeIntervals		12450.932		
12454.932	0.04320000000006985	RippleTimeIntervals		12454.9616		
12455.7184	0.06480000000010477	RippleTimeIntervals		12455.7256		
12480.1104	0.047200000000884756	RippleTimeIntervals		12480.1224		
12483.1872	0.08879999999953725	RippleTimeIntervals		12483.2616		
12499.7944	0.06319999999868742	RippleTimeIntervals		12499.796		
12518.0	8.0	SleepStates				NREMstate
12522.152	0.14719999999942956	UpDownStatesTimeIntervals			UP	
12522.316	0.062399999998888234	UpDownStatesTimeIntervals			DOWN	
12522.6928	0.1279999999987922	UpDownStatesTimeIntervals			UP	
12522.836	0.4639999999999418	UpDownStatesTimeIntervals			DOWN	
12523.3	0.2776000000012573	UpDownStatesTimeIntervals			UP	
12523.6776	0.13839999999981956	UpDownStatesTimeIntervals			DOWN	
12524.3896	0.1687999999994645	UpDownStatesTimeIntervals			UP	
12527.0	387.0	SleepStates				WAKEstate
12548.4816	0.09360000000015134	RippleTimeIntervals		12548.5544		
12585.2592	0.06079999999928987	RippleTimeIntervals		12585.3136		
12602.7952	0.11279999999896972	RippleTimeIntervals		12602.856		
12611.8504	0.08320000000094296	RippleTimeIntervals		12611.9216		
12611.9944	0.05199999999967986	RippleTimeIntervals		12611.9976		
12620.7408	0.07840000000032887	RippleTimeIntervals		12620.8168		
12640.0672	0.11440000000038708	RippleTimeIntervals		12640.1336		
12683.3584	0.1504000000004453	RippleTimeIntervals		12683.4256		
12683.6984	0.21520000000055006	RippleTimeIntervals		12683.8344		
12690.7288	0.11439999999856809	RippleTimeIntervals		12690.7744		
12693.0864	0.0768000000007305	RippleTimeIntervals		12693.112		
12703.9264	0.1728000000002794	RippleTimeIntervals		12703.9672		
12730.7184	0.06559999999990396	RippleTimeIntervals		12730.7728		
12759.948	0.031199999999444117	RippleTimeIntervals		12759.952		
12778.62	0.10399999999935972	RippleTimeIntervals		12778.6424		
12789.2712	0.15760000000045693	RippleTimeIntervals		12789.304		
12800.0296	0.1087999999999738	RippleTimeIntervals		12800.0376		
12816.0624	0.1551999999992404	RippleTimeIntervals		12816.1112		
12816.5784	0.11759999999958382	RippleTimeIntervals		12816.6752		
12829.0752	0.09360000000015134	RippleTimeIntervals		12829.136		
12844.7104	0.118399999999383	RippleTimeIntervals		12844.8272		
12863.328	0.06639999999970314	RippleTimeIntervals		12863.3624		
12888.8048	0.10560000000077707	RippleTimeIntervals		12888.8328		
12899.1952	0.08239999999932479	RippleTimeIntervals		12899.2728		
12904.6392	0.09280000000035216	RippleTimeIntervals		12904.6432		
12904.872	0.056000000000494765	RippleTimeIntervals		12904.884		
12915.0	7.0	SleepStates				NREMstate
12915.8496	0.12800000000061118	UpDownStatesTimeIntervals			UP	
12916.68	0.11759999999958382	UpDownStatesTimeIntervals			UP	
12917.0272	0.29279999999926076	UpDownStatesTimeIntervals			DOWN	
12917.32	0.12080000000059954	UpDownStatesTimeIntervals			UP	
12917.76	0.1455999999998312	UpDownStatesTimeIntervals			DOWN	
12918.5936	0.09519999999974971	UpDownStatesTimeIntervals			DOWN	
12918.9536	0.1592000000000553	UpDownStatesTimeIntervals			UP	
12919.4856	0.1551999999992404	UpDownStatesTimeIntervals			UP	
12920.1304	0.08719999999993888	UpDownStatesTimeIntervals			UP	
12920.6632	0.11519999999836728	UpDownStatesTimeIntervals			DOWN	
12920.7784	0.1456000000016502	UpDownStatesTimeIntervals			UP	
12921.3368	0.1544000000012602	UpDownStatesTimeIntervals			UP	
12923.0	255.0	SleepStates				WAKEstate
12932.9328	0.09519999999974971	RippleTimeIntervals		12932.944		
12976.9088	0.026400000000649015	RippleTimeIntervals		12976.9128		
12998.8632	0.042400000000270666	RippleTimeIntervals		12998.9024		
13020.7456	0.030399999999644933	RippleTimeIntervals		13020.7472		
13048.7168	0.12080000000059954	RippleTimeIntervals		13048.8272		
13056.4448	0.08400000000074215	RippleTimeIntervals		13056.468		
13092.3696	0.22639999999955762	RippleTimeIntervals		13092.5744		
13119.6408	0.06720000000132131	RippleTimeIntervals		13119.6504		
13148.6928	0.13359999999920547	RippleTimeIntervals		13148.7784		
13161.076	0.08400000000074215	RippleTimeIntervals		13161.1016		
13161.6472	0.14720000000124855	RippleTimeIntervals		13161.776		
13173.6992	0.11280000000078871	RippleTimeIntervals		13173.7216		
13175.228	0.1224000000001979	RippleTimeIntervals		13175.2416		
13179.0	7.0	SleepStates				NREMstate
13179.7568	0.2496000000010099	UpDownStatesTimeIntervals			UP	
13180.3872	0.23280000000158907	UpDownStatesTimeIntervals			UP	
13181.816	0.32159999999930733	UpDownStatesTimeIntervals			UP	
13183.6984	0.1264000000010128	UpDownStatesTimeIntervals			UP	
13183.8392	0.03600000000005821	UpDownStatesTimeIntervals			DOWN	
13184.708	0.14480000000003201	UpDownStatesTimeIntervals			UP	
13184.7832	0.028800000000046566	RippleTimeIntervals		13184.7928		
13187.0	26.0	SleepStates				WAKEstate
13206.9	0.16079999999965366	RippleTimeIntervals		13206.936		
13214.0	298.0	SleepStates				NREMstate
13215.5352	0.1911999999992986	UpDownStatesTimeIntervals			UP	
13216.12	0.1543999999994412	UpDownStatesTimeIntervals			UP	
13216.4936	0.4007999999994354	UpDownStatesTimeIntervals			DOWN	
13216.8944	0.1768000000010943	UpDownStatesTimeIntervals			UP	
13218.24	0.10239999999976135	UpDownStatesTimeIntervals			DOWN	
13218.3424	0.11520000000018626	UpDownStatesTimeIntervals			UP	
13219.0256	0.13599999999860302	UpDownStatesTimeIntervals			UP	
13219.3544	0.039999999999054126	UpDownStatesTimeIntervals			DOWN	
13220.1464	0.13760000000002037	UpDownStatesTimeIntervals			UP	
13222.652	0.15680000000065775	UpDownStatesTimeIntervals			UP	
13222.8752	0.6687999999994645	UpDownStatesTimeIntervals			DOWN	
13223.544	0.14880000000084692	UpDownStatesTimeIntervals			UP	
13224.4312	0.18399999999928696	UpDownStatesTimeIntervals			UP	
13225.1104	0.07359999999971478	UpDownStatesTimeIntervals			DOWN	
13225.184	0.1176000000014028	UpDownStatesTimeIntervals			UP	
13225.9184	0.11440000000038708	UpDownStatesTimeIntervals			UP	
13226.5128	0.2271999999993568	UpDownStatesTimeIntervals			DOWN	
13226.74	0.2496000000010099	UpDownStatesTimeIntervals			UP	
13227.376	0.08959999999933643	UpDownStatesTimeIntervals			DOWN	
13228.3512	0.24160000000119908	UpDownStatesTimeIntervals			UP	
13228.8	0.13920000000143773	UpDownStatesTimeIntervals			DOWN	
13228.9392	0.2047999999995227	UpDownStatesTimeIntervals			UP	
13229.932	0.26559999999881256	UpDownStatesTimeIntervals			UP	
13230.7888	0.13520000000062282	UpDownStatesTimeIntervals			UP	
13232.0576	0.29279999999926076	UpDownStatesTimeIntervals			UP	
13232.7496	0.28320000000167056	UpDownStatesTimeIntervals			DOWN	
13234.1984	0.14160000000083528	UpDownStatesTimeIntervals			UP	
13235.016	0.25760000000082073	UpDownStatesTimeIntervals			UP	
13239.1032	0.023199999999633292	UpDownStatesTimeIntervals			DOWN	
13239.1264	0.13520000000062282	UpDownStatesTimeIntervals			UP	
13240.5144	0.14160000000083528	UpDownStatesTimeIntervals			UP	
13241.4008	0.1368000000002212	UpDownStatesTimeIntervals			UP	
13244.324	0.15759999999863794	UpDownStatesTimeIntervals			UP	
13244.8288	0.15279999999984284	UpDownStatesTimeIntervals			UP	
13244.9336	0.05199999999967986	RippleTimeIntervals		13244.9392		
13245.6672	0.16159999999945285	UpDownStatesTimeIntervals			UP	
13247.232	0.1592000000000553	UpDownStatesTimeIntervals			UP	
13250.2296	0.1503999999986263	UpDownStatesTimeIntervals			UP	
13251.3512	0.19600000000173168	UpDownStatesTimeIntervals			UP	
13253.3784	0.14320000000043365	UpDownStatesTimeIntervals			UP	
13253.5936	0.6127999999989697	UpDownStatesTimeIntervals			DOWN	
13254.16	0.046399999999266583	UpDownStatesTimeIntervals			DOWN	
13254.2064	0.14480000000003201	UpDownStatesTimeIntervals			UP	
13258.7736	0.23999999999978172	UpDownStatesTimeIntervals			UP	
13259.1448	0.25599999999940337	UpDownStatesTimeIntervals			DOWN	
13259.4008	0.18959999999970023	UpDownStatesTimeIntervals			UP	
13259.648	0.06960000000071886	UpDownStatesTimeIntervals			DOWN	
13260.1744	0.1264000000010128	UpDownStatesTimeIntervals			UP	
13260.7328	0.22960000000057335	UpDownStatesTimeIntervals			UP	
13261.204	0.13760000000002037	UpDownStatesTimeIntervals			UP	
13261.6952	0.12399999999979627	UpDownStatesTimeIntervals			DOWN	
13261.8192	0.20080000000052678	UpDownStatesTimeIntervals			UP	
13262.4752	0.14480000000003201	UpDownStatesTimeIntervals			UP	
13268.5416	0.19359999999869615	UpDownStatesTimeIntervals			UP	
13268.6936	0.06639999999970314	RippleTimeIntervals		13268.7056		
13269.5896	0.0864000000001397	UpDownStatesTimeIntervals			DOWN	
13269.676	0.2272000000011758	UpDownStatesTimeIntervals			UP	
13270.156	0.06319999999868742	UpDownStatesTimeIntervals			DOWN	
13271.1936	0.07519999999931315	UpDownStatesTimeIntervals			UP	
13271.6128	0.33999999999832653	UpDownStatesTimeIntervals			UP	
13271.788	0.055999999998675776	RippleTimeIntervals		13271.8376		
13272.1456	0.35599999999976717	UpDownStatesTimeIntervals			DOWN	
13272.7232	0.136000000000422	UpDownStatesTimeIntervals			UP	
13273.704	0.13440000000082364	UpDownStatesTimeIntervals			UP	
13274.2192	0.10319999999956053	UpDownStatesTimeIntervals			DOWN	
13274.7688	0.23760000000038417	UpDownStatesTimeIntervals			UP	
13275.1488	0.15999999999985448	UpDownStatesTimeIntervals			DOWN	
13275.7424	0.1959999999999127	UpDownStatesTimeIntervals			DOWN	
13276.7848	0.0408000000006723	UpDownStatesTimeIntervals			DOWN	
13276.8256	0.10800000000017462	UpDownStatesTimeIntervals			UP	
13279.2824	0.14400000000023283	UpDownStatesTimeIntervals			UP	
13279.7608	0.17519999999967695	UpDownStatesTimeIntervals			UP	
13280.2384	0.2415999999993801	UpDownStatesTimeIntervals			DOWN	
13280.8384	0.2415999999993801	UpDownStatesTimeIntervals			UP	
13281.368	0.1455999999998312	UpDownStatesTimeIntervals			UP	
13283.636	0.18080000000009022	UpDownStatesTimeIntervals			UP	
13284.6024	0.21680000000014843	UpDownStatesTimeIntervals			DOWN	
13285.7296	0.20240000000012515	UpDownStatesTimeIntervals			UP	
13286.284	0.26239999999961583	UpDownStatesTimeIntervals			DOWN	
13287.6536	0.06480000000010477	RippleTimeIntervals		13287.7056		
13287.7024	0.17360000000007858	UpDownStatesTimeIntervals			UP	
13287.9352	0.3943999999992229	UpDownStatesTimeIntervals			DOWN	
13289.2864	0.11119999999937136	UpDownStatesTimeIntervals			DOWN	
13289.3976	0.2448000000003958	UpDownStatesTimeIntervals			UP	
13290.4648	0.051199999999880674	RippleTimeIntervals		13290.4704		
13296.16	0.14320000000043365	UpDownStatesTimeIntervals			UP	
13296.7048	0.08880000000135624	UpDownStatesTimeIntervals			DOWN	
13296.7936	0.044799999999668216	UpDownStatesTimeIntervals			UP	
13297.2976	0.12160000000039872	UpDownStatesTimeIntervals			UP	
13297.6056	0.09359999999833235	UpDownStatesTimeIntervals			DOWN	
13298.244	0.16239999999925203	UpDownStatesTimeIntervals			UP	
13300.9544	0.19679999999971187	UpDownStatesTimeIntervals			UP	
13301.3872	0.08560000000034051	UpDownStatesTimeIntervals			DOWN	
13301.4728	0.25760000000082073	UpDownStatesTimeIntervals			UP	
13306.44	0.09360000000015134	UpDownStatesTimeIntervals			DOWN	
13306.5336	0.2855999999992491	UpDownStatesTimeIntervals			UP	
13307.1336	0.08480000000054133	UpDownStatesTimeIntervals			UP	
13307.336	0.13040000000000873	UpDownStatesTimeIntervals			DOWN	
13307.9968	0.2551999999996042	UpDownStatesTimeIntervals			UP	
13310.832	0.1455999999998312	UpDownStatesTimeIntervals			UP	
13311.0056	0.4992000000002008	UpDownStatesTimeIntervals			DOWN	
13311.5048	0.18879999999990105	UpDownStatesTimeIntervals			UP	
13312.6416	0.3087999999988824	UpDownStatesTimeIntervals			UP	
13314.7312	0.08799999999973807	UpDownStatesTimeIntervals			DOWN	
13315.112	0.19760000000133005	UpDownStatesTimeIntervals			UP	
13315.1928	0.09519999999974971	RippleTimeIntervals		13315.2048		
13315.6128	0.15119999999842548	UpDownStatesTimeIntervals			UP	
13315.9632	0.16640000000006694	RippleTimeIntervals		13316.0568		
13320.272	0.26239999999961583	UpDownStatesTimeIntervals			DOWN	
13320.9456	0.14480000000003201	UpDownStatesTimeIntervals			UP	
13322.4608	0.12079999999878055	UpDownStatesTimeIntervals			UP	
13324.1072	0.12160000000039872	UpDownStatesTimeIntervals			UP	
13325.8704	0.10239999999976135	UpDownStatesTimeIntervals			UP	
13326.3616	0.13279999999940628	UpDownStatesTimeIntervals			UP	
13327.464	0.15999999999985448	UpDownStatesTimeIntervals			UP	
13327.5696	0.0639999999984866	RippleTimeIntervals		13327.572		
13329.9112	0.18720000000030268	UpDownStatesTimeIntervals			DOWN	
13330.0984	0.14879999999902793	UpDownStatesTimeIntervals			UP	
13331.2424	0.1408000000010361	UpDownStatesTimeIntervals			UP	
13331.5664	0.136000000000422	UpDownStatesTimeIntervals			DOWN	
13331.7024	0.16560000000026776	UpDownStatesTimeIntervals			UP	
13333.6288	0.1823999999996886	UpDownStatesTimeIntervals			UP	
13333.9432	0.31520000000091386	UpDownStatesTimeIntervals			DOWN	
13336.3832	0.16079999999965366	UpDownStatesTimeIntervals			UP	
13337.3024	0.17039999999906286	UpDownStatesTimeIntervals			UP	
13340.624	0.26239999999961583	UpDownStatesTimeIntervals			UP	
13340.7248	0.0544000000008964	RippleTimeIntervals		13340.7256		
13341.1016	0.05199999999967986	UpDownStatesTimeIntervals			DOWN	
13341.3272	0.1504000000004453	UpDownStatesTimeIntervals			UP	
13341.948	0.1864000000005035	UpDownStatesTimeIntervals			UP	
13342.4864	0.136000000000422	UpDownStatesTimeIntervals			UP	
13342.8384	0.7487999999993917	UpDownStatesTimeIntervals			DOWN	
13343.5872	0.2271999999993568	UpDownStatesTimeIntervals			UP	
13345.2656	0.10080000000016298	UpDownStatesTimeIntervals			DOWN	
13345.6304	0.11520000000018626	UpDownStatesTimeIntervals			UP	
13345.7712	0.16719999999986612	UpDownStatesTimeIntervals			DOWN	
13346.0896	0.1496000000006461	UpDownStatesTimeIntervals			UP	
13346.4368	0.11840000000120199	UpDownStatesTimeIntervals			DOWN	
13346.7136	0.23360000000138825	UpDownStatesTimeIntervals			UP	
13348.7856	0.14640000000144937	UpDownStatesTimeIntervals			UP	
13349.5296	0.13440000000082364	UpDownStatesTimeIntervals			DOWN	
13349.664	0.16479999999864958	UpDownStatesTimeIntervals			UP	
13350.4184	0.2600000000002183	UpDownStatesTimeIntervals			UP	
13350.9656	0.0904000000009546	UpDownStatesTimeIntervals			DOWN	
13352.2664	0.1455999999998312	UpDownStatesTimeIntervals			UP	
13354.7528	0.19279999999889696	UpDownStatesTimeIntervals			UP	
13355.2616	0.0455999999994674	UpDownStatesTimeIntervals			DOWN	
13355.3072	0.13520000000062282	UpDownStatesTimeIntervals			UP	
13356.0656	0.1864000000005035	UpDownStatesTimeIntervals			UP	
13357.1552	0.24240000000099826	UpDownStatesTimeIntervals			UP	
13357.5328	0.09359999999833235	UpDownStatesTimeIntervals			DOWN	
13358.82	0.13839999999981956	UpDownStatesTimeIntervals			UP	
13359.7912	0.1912000000011176	UpDownStatesTimeIntervals			UP	
13361.3672	0.06879999999910069	UpDownStatesTimeIntervals			DOWN	
13362.0184	0.22159999999894353	UpDownStatesTimeIntervals			UP	
13363.0408	0.09279999999853317	UpDownStatesTimeIntervals			DOWN	
13363.7208	0.16240000000107102	UpDownStatesTimeIntervals			UP	
13364.144	0.18720000000030268	UpDownStatesTimeIntervals			DOWN	
13369.3864	0.14480000000003201	UpDownStatesTimeIntervals			UP	
13369.5472	0.07679999999891152	UpDownStatesTimeIntervals			DOWN	
13370.2464	0.11679999999978463	UpDownStatesTimeIntervals			UP	
13370.4152	0.2672000000002299	UpDownStatesTimeIntervals			DOWN	
13370.7952	0.2096000000001368	UpDownStatesTimeIntervals			UP	
13371.2976	0.1551999999992404	UpDownStatesTimeIntervals			DOWN	
13371.4528	0.17360000000007858	UpDownStatesTimeIntervals			UP	
13378.756	0.17600000000129512	UpDownStatesTimeIntervals			UP	
13378.9296	0.00240000000121654	UpDownStatesTimeIntervals			DOWN	
13380.1544	0.2776000000012573	UpDownStatesTimeIntervals			UP	
13381.0216	0.1959999999999127	UpDownStatesTimeIntervals			UP	
13381.6544	0.1264000000010128	UpDownStatesTimeIntervals			DOWN	
13381.8888	0.1679999999996653	UpDownStatesTimeIntervals			UP	
13382.4704	0.1584000000002561	UpDownStatesTimeIntervals			UP	
13386.06	0.14400000000023283	UpDownStatesTimeIntervals			UP	
13386.6352	0.2672000000002299	UpDownStatesTimeIntervals			UP	
13387.08	0.17519999999967695	UpDownStatesTimeIntervals			DOWN	
13387.2552	0.2448000000003958	UpDownStatesTimeIntervals			UP	
13389.3944	0.13040000000000873	UpDownStatesTimeIntervals			UP	
13389.8288	0.13520000000062282	UpDownStatesTimeIntervals			UP	
13390.9208	0.14400000000023283	UpDownStatesTimeIntervals			UP	
13391.4272	0.15120000000024447	UpDownStatesTimeIntervals			UP	
13392.6024	0.1640000000006694	UpDownStatesTimeIntervals			UP	
13393.3112	0.29839999999967404	UpDownStatesTimeIntervals			UP	
13393.9728	0.21440000000075088	UpDownStatesTimeIntervals			DOWN	
13394.3624	0.21199999999953434	UpDownStatesTimeIntervals			UP	
13394.9224	0.1496000000006461	UpDownStatesTimeIntervals			UP	
13395.4032	0.22079999999914435	UpDownStatesTimeIntervals			DOWN	
13395.9152	0.18959999999970023	UpDownStatesTimeIntervals			DOWN	
13396.1048	0.245600000000195	UpDownStatesTimeIntervals			UP	
13396.5264	0.2903999999998632	UpDownStatesTimeIntervals			DOWN	
13397.212	0.22080000000096334	UpDownStatesTimeIntervals			DOWN	
13397.4328	0.13599999999860302	UpDownStatesTimeIntervals			UP	
13397.9032	0.17839999999887368	UpDownStatesTimeIntervals			UP	
13402.292	0.13760000000002037	UpDownStatesTimeIntervals			UP	
13402.856	0.38400000000001455	UpDownStatesTimeIntervals			DOWN	
13405.796	0.11759999999958382	UpDownStatesTimeIntervals			UP	
13406.5432	0.1679999999996653	UpDownStatesTimeIntervals			DOWN	
13408.3136	0.19840000000112923	UpDownStatesTimeIntervals			UP	
13408.8336	0.15200000000004366	UpDownStatesTimeIntervals			UP	
13409.496	0.4320000000006985	UpDownStatesTimeIntervals			UP	
13410.7104	0.26159999999981665	UpDownStatesTimeIntervals			UP	
13412.5784	0.2903999999998632	UpDownStatesTimeIntervals			UP	
13413.1424	0.16479999999864958	UpDownStatesTimeIntervals			DOWN	
13413.3072	0.32080000000132713	UpDownStatesTimeIntervals			UP	
13413.9176	0.14719999999942956	UpDownStatesTimeIntervals			UP	
13414.3304	0.02719999999862921	UpDownStatesTimeIntervals			DOWN	
13414.3576	0.17360000000007858	UpDownStatesTimeIntervals			UP	
13420.7392	0.3999999999996362	UpDownStatesTimeIntervals			UP	
13426.204	0.15600000000085856	UpDownStatesTimeIntervals			UP	
13426.8536	0.12880000000041036	UpDownStatesTimeIntervals			UP	
13429.9496	0.2584000000006199	UpDownStatesTimeIntervals			UP	
13432.1008	0.32159999999930733	UpDownStatesTimeIntervals			DOWN	
13432.7536	0.25120000000060827	UpDownStatesTimeIntervals			UP	
13444.2832	0.05040000000008149	RippleTimeIntervals		13444.2912		
13444.8752	0.3544000000001688	UpDownStatesTimeIntervals			UP	
13446.08	0.29759999999987485	UpDownStatesTimeIntervals			UP	
13446.8224	0.08480000000054133	UpDownStatesTimeIntervals			DOWN	
13447.4528	0.09360000000015134	UpDownStatesTimeIntervals			DOWN	
13447.9544	0.13119999999980791	UpDownStatesTimeIntervals			UP	
13450.54	0.26239999999961583	UpDownStatesTimeIntervals			UP	
13451.1528	0.30719999999928405	UpDownStatesTimeIntervals			DOWN	
13452.5376	0.16640000000006694	UpDownStatesTimeIntervals			DOWN	
13453.2464	0.15760000000045693	UpDownStatesTimeIntervals			UP	
13453.7952	0.19440000000031432	UpDownStatesTimeIntervals			UP	
13455.5384	0.23279999999977008	UpDownStatesTimeIntervals			UP	
13455.7344	0.05680000000029395	RippleTimeIntervals		13455.7744		
13456.1536	0.058399999999892316	UpDownStatesTimeIntervals			DOWN	
13456.212	0.23760000000038417	UpDownStatesTimeIntervals			UP	
13456.6608	0.13919999999961874	UpDownStatesTimeIntervals			DOWN	
13456.8	0.27440000000024156	UpDownStatesTimeIntervals			UP	
13457.2864	0.13839999999981956	UpDownStatesTimeIntervals			UP	
13460.572	0.13119999999980791	UpDownStatesTimeIntervals			DOWN	
13460.9488	0.28800000000046566	UpDownStatesTimeIntervals			UP	
13461.852	0.15679999999883876	UpDownStatesTimeIntervals			UP	
13462.308	0.11999999999898137	UpDownStatesTimeIntervals			DOWN	
13468.4696	0.0591999999996915	UpDownStatesTimeIntervals			DOWN	
13468.5288	0.2728000000006432	UpDownStatesTimeIntervals			UP	
13469.2968	0.13279999999940628	UpDownStatesTimeIntervals			UP	
13474.1112	0.16560000000026776	UpDownStatesTimeIntervals			UP	
13476.3448	0.15999999999985448	UpDownStatesTimeIntervals			UP	
13477.3408	0.23840000000018335	UpDownStatesTimeIntervals			UP	
13480.7952	0.1455999999998312	UpDownStatesTimeIntervals			UP	
13481.3656	0.1176000000014028	UpDownStatesTimeIntervals			DOWN	
13482.484	0.28479999999944994	UpDownStatesTimeIntervals			UP	
13482.8024	0.28079999999863503	UpDownStatesTimeIntervals			DOWN	
13483.5456	0.23520000000098662	UpDownStatesTimeIntervals			DOWN	
13483.9608	0.13279999999940628	UpDownStatesTimeIntervals			UP	
13488.1232	0.022399999999834108	UpDownStatesTimeIntervals			DOWN	
13488.1456	0.11520000000018626	UpDownStatesTimeIntervals			UP	
13489.9928	0.14719999999942956	UpDownStatesTimeIntervals			UP	
13491.7376	0.22479999999995925	UpDownStatesTimeIntervals			UP	
13492.0032	0.09200000000055297	UpDownStatesTimeIntervals			DOWN	
13493.2112	0.1543999999994412	UpDownStatesTimeIntervals			UP	
13493.2248	0.031199999999444117	RippleTimeIntervals		13493.2352		
13493.7808	0.1504000000004453	UpDownStatesTimeIntervals			UP	
13494.1152	0.1592000000000553	UpDownStatesTimeIntervals			DOWN	
13494.2744	0.2495999999991909	UpDownStatesTimeIntervals			UP	
13495.1576	0.3536000000003696	UpDownStatesTimeIntervals			UP	
13496.94	0.14319999999861466	UpDownStatesTimeIntervals			UP	
13500.632	0.20080000000052678	UpDownStatesTimeIntervals			UP	
13500.8656	0.408000000001266	UpDownStatesTimeIntervals			DOWN	
13501.5176	0.1400000000012369	UpDownStatesTimeIntervals			UP	
13502.5448	0.06880000000091968	RippleTimeIntervals		13502.5872		
13510.1232	0.1687999999994645	UpDownStatesTimeIntervals			UP	
13510.1464	0.030399999999644933	RippleTimeIntervals		13510.1552		
13510.3144	0.47920000000158325	UpDownStatesTimeIntervals			DOWN	
13511.0272	0.2551999999996042	UpDownStatesTimeIntervals			UP	
13511.22	0.07120000000031723	RippleTimeIntervals		13511.2248		
13513.0	151.0	SleepStates				WAKEstate
13518.4976	0.10639999999875727	RippleTimeIntervals		13518.5072		
13606.8984	0.09840000000076543	RippleTimeIntervals		13606.8992		
13665.0	10.0	SleepStates				NREMstate
13671.4872	0.17519999999967695	UpDownStatesTimeIntervals			DOWN	
13671.8296	0.18080000000009022	UpDownStatesTimeIntervals			UP	
13676.0	50.0	SleepStates				WAKEstate
13722.9552	0.031199999999444117	RippleTimeIntervals		13722.9672		
13727.0	33.0	SleepStates				NREMstate
13727.8096	0.12879999999859137	UpDownStatesTimeIntervals			UP	
13728.6008	0.2536000000000058	UpDownStatesTimeIntervals			DOWN	
13736.1392	0.17519999999967695	UpDownStatesTimeIntervals			UP	
13737.2816	0.1368000000002212	UpDownStatesTimeIntervals			UP	
13737.4424	0.0455999999994674	UpDownStatesTimeIntervals			DOWN	
13751.224	0.1551999999992404	UpDownStatesTimeIntervals			UP	
13752.3656	0.1584000000002561	UpDownStatesTimeIntervals			UP	
13753.1048	0.13360000000102445	UpDownStatesTimeIntervals			DOWN	
13753.2384	0.3735999999989872	UpDownStatesTimeIntervals			UP	
13756.988	0.13280000000122527	UpDownStatesTimeIntervals			UP	
13758.152	0.28479999999944994	UpDownStatesTimeIntervals			UP	
13761.0	82.0	SleepStates				WAKEstate
13788.9288	0.07840000000032887	RippleTimeIntervals		13789.0016		
13790.0624	0.07519999999931315	RippleTimeIntervals		13790.128		
13823.996	0.05040000000008149	RippleTimeIntervals		13823.9968		
13844.0	10.0	SleepStates				NREMstate
13844.908	0.136000000000422	UpDownStatesTimeIntervals			UP	
13845.3856	0.05279999999947904	UpDownStatesTimeIntervals			DOWN	
13847.4312	0.13439999999900465	UpDownStatesTimeIntervals			UP	
13847.9152	0.1504000000004453	UpDownStatesTimeIntervals			UP	
13848.2464	0.11759999999958382	UpDownStatesTimeIntervals			DOWN	
13851.1992	0.2096000000001368	UpDownStatesTimeIntervals			UP	
13851.696	0.1911999999992986	UpDownStatesTimeIntervals			DOWN	
13855.0	155.0	SleepStates				WAKEstate
13948.0952	0.09439999999995052	RippleTimeIntervals		13948.1768		
13995.3568	0.12319999999999709	RippleTimeIntervals		13995.3832		
14000.076	0.07120000000031723	RippleTimeIntervals		14000.1024		
14011.0	9.0	SleepStates				NREMstate
14011.424	0.12319999999999709	UpDownStatesTimeIntervals			UP	
14012.4336	0.14400000000023283	UpDownStatesTimeIntervals			UP	
14013.0064	0.08560000000034051	UpDownStatesTimeIntervals			DOWN	
14013.092	0.14639999999963038	UpDownStatesTimeIntervals			UP	
14013.536	0.2096000000001368	UpDownStatesTimeIntervals			UP	
14014.1072	0.10800000000017462	UpDownStatesTimeIntervals			UP	
14014.7856	0.14160000000083528	UpDownStatesTimeIntervals			UP	
14015.4032	0.17839999999887368	UpDownStatesTimeIntervals			UP	
14016.052	0.22880000000077416	UpDownStatesTimeIntervals			UP	
14016.4712	0.04320000000006985	UpDownStatesTimeIntervals			DOWN	
14016.8984	0.12559999999939464	UpDownStatesTimeIntervals			UP	
14021.0	398.0	SleepStates				WAKEstate
14021.3872	0.2096000000001368	RippleTimeIntervals		14021.4392		
14055.5168	0.11120000000119035	RippleTimeIntervals		14055.6176		
14059.8544	0.07120000000031723	RippleTimeIntervals		14059.8712		
14153.9776	0.08400000000074215	RippleTimeIntervals		14154.048		
14163.4848	0.06240000000070722	RippleTimeIntervals		14163.5368		
14169.9408	0.21199999999953434	RippleTimeIntervals		14169.9648		
14178.7896	0.13119999999980791	RippleTimeIntervals		14178.8272		
14217.2464	0.06400000000030559	RippleTimeIntervals		14217.2584		
14271.2208	0.07200000000011642	RippleTimeIntervals		14271.2312		
14278.6584	0.06959999999889988	RippleTimeIntervals		14278.66		
14309.1752	0.12399999999979627	RippleTimeIntervals		14309.208		
14349.2152	0.08799999999973807	RippleTimeIntervals		14349.2312		
14357.912	0.07840000000032887	RippleTimeIntervals		14357.956		
14364.708	0.0864000000001397	RippleTimeIntervals		14364.7472		
14372.296	0.08799999999973807	RippleTimeIntervals		14372.3832		
14407.8256	0.05760000000009313	RippleTimeIntervals		14407.8688		
14417.06	0.0680000000011205	RippleTimeIntervals		14417.0616		
14420.0	16.0	SleepStates				NREMstate
14420.9224	0.3271999999997206	UpDownStatesTimeIntervals			UP	
14421.82	0.14160000000083528	UpDownStatesTimeIntervals			UP	
14422.5128	0.0319999999992433	UpDownStatesTimeIntervals			DOWN	
14422.5448	0.1455999999998312	UpDownStatesTimeIntervals			UP	
14423.5576	0.20720000000073924	UpDownStatesTimeIntervals			UP	
14423.8208	0.020000000000436557	UpDownStatesTimeIntervals			DOWN	
14424.36	0.14719999999942956	UpDownStatesTimeIntervals			DOWN	
14424.4672	0.07040000000051805	RippleTimeIntervals		14424.5352		
14424.756	0.0544000000008964	UpDownStatesTimeIntervals			UP	
14425.3456	0.1823999999996886	UpDownStatesTimeIntervals			UP	
14426.7416	0.245600000000195	UpDownStatesTimeIntervals			UP	
14427.2808	0.118399999999383	UpDownStatesTimeIntervals			UP	
14428.1672	0.1640000000006694	UpDownStatesTimeIntervals			UP	
14428.6832	0.13520000000062282	UpDownStatesTimeIntervals			UP	
14428.8944	0.1320000000014261	UpDownStatesTimeIntervals			DOWN	
14429.4584	0.06880000000091968	UpDownStatesTimeIntervals			DOWN	
14429.5272	0.3583999999991647	UpDownStatesTimeIntervals			UP	
14430.8376	0.17839999999887368	UpDownStatesTimeIntervals			UP	
14431.4944	0.08560000000034051	UpDownStatesTimeIntervals			UP	
14432.0032	0.12800000000061118	UpDownStatesTimeIntervals			UP	
14434.5984	0.13279999999940628	UpDownStatesTimeIntervals			UP	
14435.4584	0.1776000000008935	UpDownStatesTimeIntervals			UP	
14436.1984	0.12880000000041036	UpDownStatesTimeIntervals			UP	
14437.0	733.0	SleepStates				WAKEstate
14437.7832	0.08799999999973807	RippleTimeIntervals		14437.82		
14461.0088	0.11200000000098953	RippleTimeIntervals		14461.0544		
14461.688	0.15359999999964202	RippleTimeIntervals		14461.7824		
14488.636	0.1224000000001979	RippleTimeIntervals		14488.6984		
14496.6592	0.07840000000032887	RippleTimeIntervals		14496.7144		
14502.5072	0.118399999999383	RippleTimeIntervals		14502.6112		
14550.7304	0.14959999999882712	RippleTimeIntervals		14550.74		
14572.2856	0.09920000000056461	RippleTimeIntervals		14572.3008		
14630.9824	0.10319999999956053	RippleTimeIntervals		14631.0416		
14646.6496	0.09439999999995052	RippleTimeIntervals		14646.6584		
14647.9936	0.047200000000884756	RippleTimeIntervals		14647.996		
14648.7408	0.040000000000873115	RippleTimeIntervals		14648.7464		
14664.6472	0.06880000000091968	RippleTimeIntervals		14664.6984		
14678.0384	0.09120000000075379	RippleTimeIntervals		14678.1128		
14690.1056	0.12879999999859137	RippleTimeIntervals		14690.1328		
14699.9304	0.09360000000015134	RippleTimeIntervals		14699.9792		
14701.4016	0.07120000000031723	RippleTimeIntervals		14701.46		
14715.1264	0.06720000000132131	RippleTimeIntervals		14715.1616		
14728.5632	0.11199999999917054	RippleTimeIntervals		14728.6504		
14729.1104	0.136000000000422	RippleTimeIntervals		14729.136		
14767.776	3480.191966666667	epochs	fCamk3_201102_131417			
14790.5	0.09039999999913562	RippleTimeIntervals		14790.5696		
14819.7264	0.022399999999834108	RippleTimeIntervals		14819.732		
14828.1712	0.062399999998888234	RippleTimeIntervals		14828.2008		
14856.3808	0.13599999999860302	RippleTimeIntervals		14856.504		
14864.9296	0.0632000000005064	RippleTimeIntervals		14864.9656		
15171.0	29.0	SleepStates				NREMstate
15171.8504	0.15680000000065775	UpDownStatesTimeIntervals			UP	
15183.3856	0.22960000000057335	UpDownStatesTimeIntervals			UP	
15188.0784	0.15279999999984284	UpDownStatesTimeIntervals			UP	
15189.6616	0.047200000000884756	RippleTimeIntervals		15189.7072		
15192.7056	0.2768000000014581	UpDownStatesTimeIntervals			UP	
15194.7736	0.13359999999920547	UpDownStatesTimeIntervals			UP	
15198.664	0.2591999999986001	UpDownStatesTimeIntervals			UP	
15199.6744	0.15760000000045693	UpDownStatesTimeIntervals			UP	
15200.3112	0.17439999999987776	UpDownStatesTimeIntervals			UP	
15201.0	72.0	SleepStates				WAKEstate
15265.8064	0.035200000000259024	RippleTimeIntervals		15265.8384		
15274.0	39.0	SleepStates				NREMstate
15278.2536	0.14400000000023283	UpDownStatesTimeIntervals			UP	
15278.9024	0.14319999999861466	UpDownStatesTimeIntervals			UP	
15279.832	0.2039999999997235	UpDownStatesTimeIntervals			UP	
15281.7552	0.1679999999996653	UpDownStatesTimeIntervals			UP	
15286.6504	0.13839999999981956	UpDownStatesTimeIntervals			UP	
15289.0728	0.12000000000080036	UpDownStatesTimeIntervals			UP	
15290.5104	0.2048000000013417	UpDownStatesTimeIntervals			UP	
15292.4328	0.21199999999953434	UpDownStatesTimeIntervals			UP	
15307.304	0.2504000000008091	UpDownStatesTimeIntervals			UP	
15312.1592	0.16319999999905122	UpDownStatesTimeIntervals			UP	
15314.0	13.0	SleepStates				WAKEstate
15327.144	0.15200000000004366	UpDownStatesTimeIntervals			UP	
15328.0	64.0	SleepStates				NREMstate
15328.8152	0.14240000000063446	UpDownStatesTimeIntervals			UP	
15333.8424	0.15680000000065775	UpDownStatesTimeIntervals			UP	
15334.9912	0.1592000000000553	UpDownStatesTimeIntervals			UP	
15335.6584	0.1584000000002561	UpDownStatesTimeIntervals			UP	
15337.1536	0.17519999999967695	UpDownStatesTimeIntervals			UP	
15337.6752	0.28319999999985157	UpDownStatesTimeIntervals			UP	
15369.348	0.33920000000034634	UpDownStatesTimeIntervals			UP	
15371.1552	0.23760000000038417	UpDownStatesTimeIntervals			UP	
15372.2592	0.4719999999997526	UpDownStatesTimeIntervals			DOWN	
15372.7312	0.1640000000006694	UpDownStatesTimeIntervals			UP	
15377.7536	0.15999999999985448	UpDownStatesTimeIntervals			UP	
15380.0448	0.2039999999997235	UpDownStatesTimeIntervals			UP	
15382.3904	0.03839999999945576	RippleTimeIntervals		15382.392		
15384.3712	0.1815999999998894	UpDownStatesTimeIntervals			UP	
15385.5944	0.1455999999998312	UpDownStatesTimeIntervals			UP	
15387.0392	0.03920000000107393	RippleTimeIntervals		15387.052		
15393.0	78.0	SleepStates				WAKEstate
15472.0	61.0	SleepStates				NREMstate
15474.2928	0.13920000000143773	UpDownStatesTimeIntervals			UP	
15474.9208	0.15279999999984284	UpDownStatesTimeIntervals			UP	
15475.8656	0.2040000000015425	UpDownStatesTimeIntervals			UP	
15479.4352	0.14719999999942956	UpDownStatesTimeIntervals			UP	
15485.1672	0.15760000000045693	UpDownStatesTimeIntervals			UP	
15488.1	0.19759999999951106	UpDownStatesTimeIntervals			UP	
15490.2072	0.18399999999928696	UpDownStatesTimeIntervals			UP	
15493.1144	0.14639999999963038	UpDownStatesTimeIntervals			UP	
15493.9992	0.1720000000004802	UpDownStatesTimeIntervals			UP	
15501.1992	0.1592000000000553	UpDownStatesTimeIntervals			UP	
15501.6272	0.08879999999953725	UpDownStatesTimeIntervals			DOWN	
15501.716	0.1543999999994412	UpDownStatesTimeIntervals			UP	
15502.196	0.32480000000032305	UpDownStatesTimeIntervals			UP	
15505.912	0.29759999999987485	UpDownStatesTimeIntervals			UP	
15506.9912	0.2088000000003376	UpDownStatesTimeIntervals			UP	
15511.2528	0.1496000000006461	UpDownStatesTimeIntervals			UP	
15511.8952	0.08559999999852153	UpDownStatesTimeIntervals			DOWN	
15511.9808	0.17040000000088185	UpDownStatesTimeIntervals			UP	
15516.3232	0.20159999999850697	UpDownStatesTimeIntervals			UP	
15518.6336	0.1912000000011176	UpDownStatesTimeIntervals			UP	
15521.0104	0.1815999999998894	UpDownStatesTimeIntervals			UP	
15522.8664	0.17119999999886204	UpDownStatesTimeIntervals			UP	
15534.0	20.0	SleepStates				WAKEstate
15555.0	65.0	SleepStates				NREMstate
15556.5224	0.15120000000024447	UpDownStatesTimeIntervals			UP	
15557.2424	0.20560000000114087	UpDownStatesTimeIntervals			UP	
15563.7056	0.36640000000079453	UpDownStatesTimeIntervals			UP	
15569.8256	0.1504000000004453	UpDownStatesTimeIntervals			UP	
15572.6216	0.14719999999942956	UpDownStatesTimeIntervals			UP	
15574.6912	0.16880000000128348	UpDownStatesTimeIntervals			UP	
15587.3568	0.2039999999997235	UpDownStatesTimeIntervals			UP	
15587.9048	0.136000000000422	UpDownStatesTimeIntervals			UP	
15589.0032	0.20240000000012515	UpDownStatesTimeIntervals			UP	
15598.7448	0.13839999999981956	UpDownStatesTimeIntervals			UP	
15602.2504	0.17999999999847205	UpDownStatesTimeIntervals			DOWN	
15602.4304	0.13520000000062282	UpDownStatesTimeIntervals			UP	
15612.72	0.15520000000105938	UpDownStatesTimeIntervals			UP	
15619.076	0.2504000000008091	UpDownStatesTimeIntervals			UP	
15619.7984	0.11520000000018626	UpDownStatesTimeIntervals			DOWN	
15621.0	18.0	SleepStates				WAKEstate
15640.0	13.0	SleepStates				NREMstate
15640.5288	0.17920000000049185	UpDownStatesTimeIntervals			UP	
15644.8656	0.2552000000014232	UpDownStatesTimeIntervals			UP	
15649.4808	0.17600000000129512	UpDownStatesTimeIntervals			UP	
15654.0	18.0	SleepStates				WAKEstate
15673.0	10.0	SleepStates				NREMstate
15682.3128	0.19440000000031432	UpDownStatesTimeIntervals			UP	
15682.9912	0.1864000000005035	UpDownStatesTimeIntervals			UP	
15683.5936	0.11759999999958382	UpDownStatesTimeIntervals			UP	
15684.0	73.0	SleepStates				WAKEstate
15758.0	8.0	SleepStates				NREMstate
15764.0912	0.1503999999986263	UpDownStatesTimeIntervals			UP	
15765.3808	0.16559999999844877	UpDownStatesTimeIntervals			UP	
15767.0	8.0	SleepStates				WAKEstate
15776.0	31.0	SleepStates				NREMstate
15778.4864	0.1640000000006694	UpDownStatesTimeIntervals			UP	
15785.8536	0.1679999999996653	UpDownStatesTimeIntervals			UP	
15798.9192	0.1775999999990745	UpDownStatesTimeIntervals			UP	
15806.2072	0.15839999999843712	UpDownStatesTimeIntervals			UP	
15808.0	8.0	SleepStates				WAKEstate
15817.0	125.0	SleepStates				NREMstate
15817.892	0.17679999999927531	UpDownStatesTimeIntervals			UP	
15819.6912	0.18960000000151922	UpDownStatesTimeIntervals			UP	
15824.8584	0.1680000000014843	UpDownStatesTimeIntervals			UP	
15830.996	0.42000000000007276	UpDownStatesTimeIntervals			UP	
15837.0	0.15359999999964202	UpDownStatesTimeIntervals			UP	
15837.6592	0.15760000000045693	UpDownStatesTimeIntervals			UP	
15844.3264	0.03440000000045984	RippleTimeIntervals		15844.3416		
15846.22	0.24240000000099826	UpDownStatesTimeIntervals			UP	
15846.7816	0.1504000000004453	UpDownStatesTimeIntervals			UP	
15849.9168	0.26239999999961583	UpDownStatesTimeIntervals			UP	
15852.3352	0.2048000000013417	UpDownStatesTimeIntervals			UP	
15853.04	0.14480000000003201	UpDownStatesTimeIntervals			UP	
15855.0624	0.1503999999986263	UpDownStatesTimeIntervals			UP	
15855.976	0.19359999999869615	UpDownStatesTimeIntervals			UP	
15856.5312	0.4776000000001659	UpDownStatesTimeIntervals			UP	
15858.0688	0.17360000000007858	UpDownStatesTimeIntervals			UP	
15865.3552	0.1687999999994645	UpDownStatesTimeIntervals			UP	
15873.0616	0.18799999999828287	UpDownStatesTimeIntervals			UP	
15885.4296	0.2816000000002532	UpDownStatesTimeIntervals			UP	
15887.64	0.14880000000084692	UpDownStatesTimeIntervals			UP	
15888.7296	0.227999999999156	UpDownStatesTimeIntervals			UP	
15890.5064	0.17120000000068103	UpDownStatesTimeIntervals			UP	
15892.4392	0.20159999999850697	UpDownStatesTimeIntervals			UP	
15893.7336	0.15520000000105938	UpDownStatesTimeIntervals			UP	
15901.216	0.23919999999998254	UpDownStatesTimeIntervals			UP	
15902.964	0.22880000000077416	UpDownStatesTimeIntervals			UP	
15915.4528	0.15200000000004366	UpDownStatesTimeIntervals			UP	
15919.0576	0.1415999999990163	UpDownStatesTimeIntervals			UP	
15919.4856	0.3135999999994965	UpDownStatesTimeIntervals			UP	
15923.3552	0.17439999999987776	UpDownStatesTimeIntervals			UP	
15926.556	0.16079999999965366	UpDownStatesTimeIntervals			UP	
15929.6432	0.15359999999964202	UpDownStatesTimeIntervals			UP	
15943.0	40.0	SleepStates				WAKEstate
15966.2992	0.15760000000045693	RippleTimeIntervals		15966.3024		
15983.2824	0.14639999999963038	UpDownStatesTimeIntervals			UP	
15984.0	8.0	SleepStates				NREMstate
15988.1192	0.14480000000003201	UpDownStatesTimeIntervals			UP	
15990.9176	0.18879999999990105	UpDownStatesTimeIntervals			UP	
15991.8096	0.17919999999867287	UpDownStatesTimeIntervals			UP	
15993.0	17.0	SleepStates				WAKEstate
16011.0	172.0	SleepStates				NREMstate
16012.2184	0.28399999999965075	UpDownStatesTimeIntervals			UP	
16018.1416	0.15359999999964202	UpDownStatesTimeIntervals			UP	
16021.004	0.1407999999992171	UpDownStatesTimeIntervals			UP	
16022.0808	0.15680000000065775	UpDownStatesTimeIntervals			UP	
16027.7816	0.15200000000004366	UpDownStatesTimeIntervals			UP	
16028.3088	0.15119999999842548	UpDownStatesTimeIntervals			UP	
16037.9056	0.14320000000043365	UpDownStatesTimeIntervals			UP	
16043.0936	0.16959999999926367	UpDownStatesTimeIntervals			DOWN	
16043.3472	0.1407999999992171	UpDownStatesTimeIntervals			UP	
16046.92	0.1496000000006461	UpDownStatesTimeIntervals			UP	
16072.6	0.136000000000422	UpDownStatesTimeIntervals			UP	
16080.6384	0.2271999999993568	UpDownStatesTimeIntervals			UP	
16084.2008	0.2600000000002183	UpDownStatesTimeIntervals			UP	
16087.2328	0.23760000000038417	UpDownStatesTimeIntervals			UP	
16089.8656	0.1720000000004802	UpDownStatesTimeIntervals			UP	
16092.4848	0.1687999999994645	UpDownStatesTimeIntervals			UP	
16098.428	0.2312000000001717	UpDownStatesTimeIntervals			UP	
16101.6864	0.21600000000034925	UpDownStatesTimeIntervals			UP	
16102.5984	0.18479999999908614	UpDownStatesTimeIntervals			UP	
16110.3952	0.1727999999984604	UpDownStatesTimeIntervals			UP	
16115.9072	0.1679999999996653	UpDownStatesTimeIntervals			UP	
16136.52	0.1551999999992404	UpDownStatesTimeIntervals			UP	
16137.704	0.1543999999994412	UpDownStatesTimeIntervals			UP	
16147.2752	0.24719999999979336	UpDownStatesTimeIntervals			UP	
16149.5576	0.2999999999992724	UpDownStatesTimeIntervals			UP	
16159.5008	0.14400000000023283	UpDownStatesTimeIntervals			UP	
16160.0728	0.16560000000026776	UpDownStatesTimeIntervals			UP	
16167.8296	0.24639999999999418	UpDownStatesTimeIntervals			UP	
16184.0	61.0	SleepStates				WAKEstate
16246.0	376.0	SleepStates				NREMstate
16251.7392	0.14639999999963038	UpDownStatesTimeIntervals			UP	
16264.576	0.15120000000024447	UpDownStatesTimeIntervals			UP	
16269.3264	0.16079999999965366	UpDownStatesTimeIntervals			UP	
16275.5104	0.1408000000010361	UpDownStatesTimeIntervals			UP	
16276.9664	0.15600000000085856	UpDownStatesTimeIntervals			UP	
16288.0864	0.13999999999941792	UpDownStatesTimeIntervals			UP	
16293.6952	0.1864000000005035	UpDownStatesTimeIntervals			UP	
16297.8296	0.1456000000016502	UpDownStatesTimeIntervals			UP	
16306.684	0.26640000000043074	UpDownStatesTimeIntervals			UP	
16308.204	0.1543999999994412	UpDownStatesTimeIntervals			UP	
16315.9	0.13839999999981956	UpDownStatesTimeIntervals			UP	
16322.2096	0.16560000000026776	UpDownStatesTimeIntervals			UP	
16324.0096	0.25280000000020664	UpDownStatesTimeIntervals			UP	
16327.7896	0.17599999999947613	UpDownStatesTimeIntervals			UP	
16332.428	0.17120000000068103	UpDownStatesTimeIntervals			UP	
16337.2088	0.24399999999877764	UpDownStatesTimeIntervals			UP	
16341.1616	0.16719999999986612	UpDownStatesTimeIntervals			UP	
16345.7088	0.12880000000041036	UpDownStatesTimeIntervals			UP	
16357.7144	0.27999999999883585	UpDownStatesTimeIntervals			UP	
16359.056	0.23439999999936845	UpDownStatesTimeIntervals			UP	
16362.7176	0.17040000000088185	UpDownStatesTimeIntervals			UP	
16367.9008	0.08719999999993888	UpDownStatesTimeIntervals			DOWN	
16367.988	0.3232000000007247	UpDownStatesTimeIntervals			UP	
16373.376	0.17840000000069267	UpDownStatesTimeIntervals			UP	
16377.7792	0.3263999999999214	UpDownStatesTimeIntervals			UP	
16385.308	0.1455999999998312	UpDownStatesTimeIntervals			UP	
16397.6032	0.27599999999802094	UpDownStatesTimeIntervals			UP	
16400.292	0.19199999999909778	UpDownStatesTimeIntervals			UP	
16406.1344	0.23440000000118744	UpDownStatesTimeIntervals			UP	
16406.2352	0.05199999999967986	RippleTimeIntervals		16406.2536		
16408.068	0.1808000000019092	UpDownStatesTimeIntervals			UP	
16411.2328	0.3191999999980908	UpDownStatesTimeIntervals			UP	
16423.2456	0.2504000000008091	UpDownStatesTimeIntervals			UP	
16424.0328	0.24879999999757274	UpDownStatesTimeIntervals			UP	
16426.692	0.19039999999949941	UpDownStatesTimeIntervals			UP	
16430.4216	0.22959999999875436	UpDownStatesTimeIntervals			UP	
16431.5832	0.22399999999834108	UpDownStatesTimeIntervals			UP	
16434.9216	0.16239999999743304	UpDownStatesTimeIntervals			UP	
16435.9216	0.24479999999675783	UpDownStatesTimeIntervals			UP	
16439.068	0.1543999999994412	UpDownStatesTimeIntervals			UP	
16440.1608	0.2503999999971711	UpDownStatesTimeIntervals			UP	
16441.2504	0.2727999999988242	UpDownStatesTimeIntervals			UP	
16443.2048	0.19039999999949941	UpDownStatesTimeIntervals			UP	
16451.3144	0.12080000000059954	UpDownStatesTimeIntervals			UP	
16458.1528	0.05679999999847496	RippleTimeIntervals		16458.2		
16460.856	0.21440000000075088	UpDownStatesTimeIntervals			UP	
16463.9096	0.1592000000018743	UpDownStatesTimeIntervals			UP	
16469.1384	0.2536000000000058	UpDownStatesTimeIntervals			UP	
16470.5128	0.2824000000000524	UpDownStatesTimeIntervals			UP	
16477.924	0.35680000000138534	UpDownStatesTimeIntervals			UP	
16483.1704	0.1592000000018743	UpDownStatesTimeIntervals			UP	
16483.9904	0.16080000000147265	UpDownStatesTimeIntervals			UP	
16486.5584	0.15359999999782303	UpDownStatesTimeIntervals			UP	
16487.1912	0.2952000000004773	UpDownStatesTimeIntervals			DOWN	
16487.4864	0.1911999999974796	UpDownStatesTimeIntervals			UP	
16493.2544	0.14959999999700813	UpDownStatesTimeIntervals			UP	
16506.02	0.17120000000068103	UpDownStatesTimeIntervals			UP	
16510.8416	0.13839999999981956	UpDownStatesTimeIntervals			UP	
16516.7016	0.2999999999992724	UpDownStatesTimeIntervals			UP	
16518.5264	0.2448000000003958	UpDownStatesTimeIntervals			UP	
16520.1328	0.1687999999994645	UpDownStatesTimeIntervals			UP	
16529.3976	0.21199999999953434	UpDownStatesTimeIntervals			UP	
16530.3416	0.16560000000026776	UpDownStatesTimeIntervals			UP	
16531.5192	0.23840000000200234	UpDownStatesTimeIntervals			UP	
16532.4136	0.18800000000192085	UpDownStatesTimeIntervals			UP	
16533.8	0.22639999999955762	UpDownStatesTimeIntervals			UP	
16535.6208	0.16079999999783468	UpDownStatesTimeIntervals			UP	
16542.2176	0.15520000000105938	UpDownStatesTimeIntervals			UP	
16556.1832	0.19199999999909778	UpDownStatesTimeIntervals			UP	
16559.9032	0.14240000000063446	UpDownStatesTimeIntervals			UP	
16560.3864	0.2224000000023807	UpDownStatesTimeIntervals			UP	
16561.396	0.14879999999902793	UpDownStatesTimeIntervals			UP	
16562.5216	0.1775999999990745	UpDownStatesTimeIntervals			UP	
16569.12	0.1320000000014261	UpDownStatesTimeIntervals			DOWN	
16569.9248	0.18319999999948777	UpDownStatesTimeIntervals			UP	
16583.2008	0.16480000000228756	UpDownStatesTimeIntervals			UP	
16585.696	0.26640000000043074	UpDownStatesTimeIntervals			UP	
16586.4104	0.21999999999752617	UpDownStatesTimeIntervals			UP	
16598.364	0.15279999999984284	UpDownStatesTimeIntervals			UP	
16600.2488	0.13359999999738648	UpDownStatesTimeIntervals			UP	
16602.0664	0.20799999999871943	UpDownStatesTimeIntervals			UP	
16602.8304	0.32400000000052387	UpDownStatesTimeIntervals			UP	
16604.524	0.2088000000003376	UpDownStatesTimeIntervals			UP	
16606.5536	0.16640000000188593	UpDownStatesTimeIntervals			UP	
16607.4176	0.1584000000002561	UpDownStatesTimeIntervals			UP	
16612.3488	0.2680000000000291	UpDownStatesTimeIntervals			UP	
16613.5664	0.14879999999902793	UpDownStatesTimeIntervals			UP	
16623.0	7.0	SleepStates				WAKEstate
16631.0	719.0	SleepStates				NREMstate
16632.3368	0.16239999999743304	UpDownStatesTimeIntervals			UP	
16640.4176	0.18000000000029104	UpDownStatesTimeIntervals			UP	
16646.352	0.17920000000231084	UpDownStatesTimeIntervals			UP	
16647.6544	0.27040000000124564	UpDownStatesTimeIntervals			UP	
16654.2704	0.14719999999942956	UpDownStatesTimeIntervals			UP	
16655.468	0.17120000000068103	UpDownStatesTimeIntervals			UP	
16656.4888	0.16319999999905122	UpDownStatesTimeIntervals			UP	
16657.0104	0.15120000000024447	UpDownStatesTimeIntervals			UP	
16658.6568	0.21199999999953434	UpDownStatesTimeIntervals			UP	
16670.4272	0.19680000000153086	UpDownStatesTimeIntervals			UP	
16672.2728	0.2551999999996042	UpDownStatesTimeIntervals			UP	
16674.08	0.16479999999864958	UpDownStatesTimeIntervals			UP	
16675.2464	0.2743999999984226	UpDownStatesTimeIntervals			UP	
16675.8944	0.2783999999992375	UpDownStatesTimeIntervals			UP	
16677.6832	0.14719999999942956	UpDownStatesTimeIntervals			UP	
16678.9728	0.1728000000002794	UpDownStatesTimeIntervals			UP	
16679.6856	0.1687999999994645	UpDownStatesTimeIntervals			UP	
16681.6136	0.27039999999760767	UpDownStatesTimeIntervals			UP	
16685.7384	0.1952000000019325	UpDownStatesTimeIntervals			UP	
16689.7304	0.20799999999871943	UpDownStatesTimeIntervals			UP	
16694.8472	0.1455999999998312	UpDownStatesTimeIntervals			UP	
16702.5976	0.14240000000063446	UpDownStatesTimeIntervals			UP	
16707.2816	0.32960000000093714	UpDownStatesTimeIntervals			UP	
16716.6296	0.17840000000069267	UpDownStatesTimeIntervals			UP	
16717.1312	0.2232000000003609	UpDownStatesTimeIntervals			UP	
16718.1736	0.25680000000284053	UpDownStatesTimeIntervals			UP	
16721.7168	0.2856000000028871	UpDownStatesTimeIntervals			UP	
16722.5632	0.17120000000068103	UpDownStatesTimeIntervals			UP	
16723.792	0.29439999999885913	UpDownStatesTimeIntervals			UP	
16724.5048	0.16719999999986612	UpDownStatesTimeIntervals			UP	
16725.5744	0.23760000000038417	UpDownStatesTimeIntervals			UP	
16743.6488	0.1992000000027474	UpDownStatesTimeIntervals			UP	
16747.4536	0.20799999999871943	UpDownStatesTimeIntervals			UP	
16763.312	0.14959999999700813	UpDownStatesTimeIntervals			UP	
16763.852	0.14160000000265427	UpDownStatesTimeIntervals			UP	
16769.044	0.24639999999999418	UpDownStatesTimeIntervals			UP	
16775.9064	0.1728000000002794	UpDownStatesTimeIntervals			UP	
16777.1248	0.2824000000000524	UpDownStatesTimeIntervals			UP	
16778.0776	0.15279999999984284	UpDownStatesTimeIntervals			UP	
16778.7728	0.12880000000222935	UpDownStatesTimeIntervals			UP	
16789.536	0.13999999999941792	UpDownStatesTimeIntervals			UP	
16790.0464	0.03600000000005821	RippleTimeIntervals		16790.0712		
16793.5024	0.14239999999699648	UpDownStatesTimeIntervals			UP	
16804.456	0.22080000000278233	UpDownStatesTimeIntervals			UP	
16807.9224	0.22400000000197906	UpDownStatesTimeIntervals			UP	
16810.1336	0.17439999999987776	UpDownStatesTimeIntervals			UP	
16813.4312	0.2448000000003958	UpDownStatesTimeIntervals			UP	
16814.0376	0.22239999999874271	UpDownStatesTimeIntervals			UP	
16824.3416	0.2407999999995809	UpDownStatesTimeIntervals			UP	
16827.2312	0.23840000000200234	UpDownStatesTimeIntervals			UP	
16830.9064	0.2776000000012573	UpDownStatesTimeIntervals			UP	
16836.408	0.15680000000065775	UpDownStatesTimeIntervals			UP	
16841.5824	0.2232000000003609	UpDownStatesTimeIntervals			UP	
16845.1768	0.15359999999782303	UpDownStatesTimeIntervals			UP	
16852.476	0.29200000000128057	UpDownStatesTimeIntervals			UP	
16857.8664	0.29760000000169384	UpDownStatesTimeIntervals			UP	
16862.1488	0.2864000000008673	UpDownStatesTimeIntervals			DOWN	
16862.6424	0.11999999999898137	UpDownStatesTimeIntervals			UP	
16863.1216	0.15680000000065775	UpDownStatesTimeIntervals			UP	
16869.58	0.19919999999910942	UpDownStatesTimeIntervals			UP	
16873.5824	0.381600000000617	UpDownStatesTimeIntervals			UP	
16875.7712	0.048800000000483124	RippleTimeIntervals		16875.8104		
16884.3544	0.20639999999912106	UpDownStatesTimeIntervals			UP	
16886.024	0.30159999999887077	UpDownStatesTimeIntervals			UP	
16889.2784	0.3359999999993306	UpDownStatesTimeIntervals			UP	
16892.4728	0.14879999999902793	UpDownStatesTimeIntervals			UP	
16895.264	0.14320000000225264	UpDownStatesTimeIntervals			UP	
16896.4736	0.16319999999905122	UpDownStatesTimeIntervals			UP	
16898.3872	0.1823999999978696	UpDownStatesTimeIntervals			UP	
16899.0056	0.15999999999985448	UpDownStatesTimeIntervals			UP	
16901.5208	0.1496000000006461	UpDownStatesTimeIntervals			UP	
16903.3552	0.2559999999975844	UpDownStatesTimeIntervals			UP	
16904.804	0.25760000000082073	UpDownStatesTimeIntervals			UP	
16908.016	0.16479999999864958	UpDownStatesTimeIntervals			UP	
16909.2592	0.2864000000008673	UpDownStatesTimeIntervals			UP	
16915.7648	0.14079999999739812	UpDownStatesTimeIntervals			UP	
16924.424	0.14719999999942956	UpDownStatesTimeIntervals			UP	
16928.9904	0.26000000000203727	UpDownStatesTimeIntervals			UP	
16932.3752	0.1640000000006694	UpDownStatesTimeIntervals			UP	
16932.9288	0.16560000000026776	UpDownStatesTimeIntervals			UP	
16938.1	0.2728000000024622	UpDownStatesTimeIntervals			UP	
16939.2472	0.12399999999979627	UpDownStatesTimeIntervals			UP	
16939.8024	0.15359999999782303	UpDownStatesTimeIntervals			UP	
16942.5	0.21600000000034925	UpDownStatesTimeIntervals			UP	
16943.5528	0.24719999999797437	UpDownStatesTimeIntervals			UP	
16945.824	0.18479999999908614	UpDownStatesTimeIntervals			UP	
16946.6368	0.2959999999984575	UpDownStatesTimeIntervals			UP	
16949.8224	0.2495999999991909	UpDownStatesTimeIntervals			UP	
16956.576	0.13919999999779975	UpDownStatesTimeIntervals			UP	
16957.5568	0.1720000000022992	UpDownStatesTimeIntervals			UP	
16962.476	0.144800000001851	RippleTimeIntervals		16962.4768		
16963.7392	0.23040000000037253	UpDownStatesTimeIntervals			UP	
16965.4392	0.21119999999791617	UpDownStatesTimeIntervals			UP	
16968.032	0.1592000000018743	UpDownStatesTimeIntervals			UP	
16972.7664	0.25600000000122236	UpDownStatesTimeIntervals			UP	
16974.1936	0.2504000000008091	UpDownStatesTimeIntervals			UP	
16975.06	0.20160000000032596	UpDownStatesTimeIntervals			UP	
16990.7368	0.3136000000013155	UpDownStatesTimeIntervals			UP	
16994.9592	0.13119999999980791	UpDownStatesTimeIntervals			UP	
16995.4192	0.25200000000040745	UpDownStatesTimeIntervals			UP	
16996.3592	0.26160000000163564	UpDownStatesTimeIntervals			UP	
16999.8112	0.1496000000006461	UpDownStatesTimeIntervals			UP	
17010.3816	0.18000000000029104	UpDownStatesTimeIntervals			UP	
17011.4256	0.31120000000009895	UpDownStatesTimeIntervals			UP	
17012.3736	0.05680000000211294	RippleTimeIntervals		17012.3776		
17016.9832	0.31520000000091386	UpDownStatesTimeIntervals			UP	
17026.0872	0.24319999999715947	UpDownStatesTimeIntervals			UP	
17032.404	0.1632000000026892	UpDownStatesTimeIntervals			UP	
17034.3504	0.21039999999993597	UpDownStatesTimeIntervals			UP	
17035.3296	0.14479999999821302	UpDownStatesTimeIntervals			UP	
17036.3856	0.13599999999860302	UpDownStatesTimeIntervals			UP	
17042.296	0.27840000000287546	UpDownStatesTimeIntervals			UP	
17043.4728	0.37520000000222353	UpDownStatesTimeIntervals			UP	
17052.332	0.0496000000021013	RippleTimeIntervals		17052.3744		
17054.1024	0.1815999999998894	UpDownStatesTimeIntervals			UP	
17068.4296	0.2776000000012573	UpDownStatesTimeIntervals			UP	
17079.7048	0.19199999999909778	UpDownStatesTimeIntervals			UP	
17094.8688	0.18240000000150758	UpDownStatesTimeIntervals			UP	
17101.6328	0.2128000000011525	UpDownStatesTimeIntervals			UP	
17110.3168	0.20160000000032596	UpDownStatesTimeIntervals			UP	
17112.1048	0.18399999999746797	UpDownStatesTimeIntervals			UP	
17116.8376	0.18720000000030268	UpDownStatesTimeIntervals			UP	
17117.1288	0.19680000000153086	UpDownStatesTimeIntervals			DOWN	
17118.0832	0.23999999999796273	UpDownStatesTimeIntervals			UP	
17120.2352	0.3456000000005588	UpDownStatesTimeIntervals			UP	
17120.972	0.16079999999783468	UpDownStatesTimeIntervals			UP	
17140.928	0.1959999999999127	UpDownStatesTimeIntervals			UP	
17142.8368	0.21600000000034925	UpDownStatesTimeIntervals			UP	
17146.9128	0.04160000000047148	RippleTimeIntervals		17146.9408		
17154.7888	0.13119999999980791	UpDownStatesTimeIntervals			UP	
17156.3216	0.1408000000010361	UpDownStatesTimeIntervals			UP	
17156.8656	0.3999999999978172	UpDownStatesTimeIntervals			UP	
17161.8352	0.18000000000029104	UpDownStatesTimeIntervals			UP	
17174.4288	0.1775999999990745	UpDownStatesTimeIntervals			UP	
17175.5976	0.04799999999886495	RippleTimeIntervals		17175.608		
17177.5968	0.15120000000024447	UpDownStatesTimeIntervals			UP	
17180.0424	0.15760000000227592	UpDownStatesTimeIntervals			UP	
17180.5456	0.15359999999782303	UpDownStatesTimeIntervals			UP	
17182.6488	0.2800000000024738	UpDownStatesTimeIntervals			DOWN	
17182.9288	0.13599999999860302	UpDownStatesTimeIntervals			UP	
17184.9752	0.1231999999981781	UpDownStatesTimeIntervals			UP	
17202.8872	0.3279999999977008	UpDownStatesTimeIntervals			UP	
17204.5936	0.14879999999902793	UpDownStatesTimeIntervals			UP	
17207.768	0.1543999999994412	UpDownStatesTimeIntervals			UP	
17214.7032	0.20720000000073924	UpDownStatesTimeIntervals			UP	
17219.9224	0.2135999999991327	UpDownStatesTimeIntervals			UP	
17224.2568	0.2688000000016473	UpDownStatesTimeIntervals			UP	
17225.2192	0.28960000000006403	UpDownStatesTimeIntervals			UP	
17225.924	0.2232000000003609	UpDownStatesTimeIntervals			UP	
17226.7592	0.22959999999875436	UpDownStatesTimeIntervals			UP	
17233.2008	0.1640000000006694	UpDownStatesTimeIntervals			UP	
17241.8472	0.18079999999827123	UpDownStatesTimeIntervals			UP	
17246.6008	0.15999999999985448	UpDownStatesTimeIntervals			UP	
17250.84	0.21600000000034925	UpDownStatesTimeIntervals			UP	
17252.872	0.38400000000183354	UpDownStatesTimeIntervals			UP	
17255.5672	0.1639999999970314	UpDownStatesTimeIntervals			UP	
17261.5136	0.14640000000144937	UpDownStatesTimeIntervals			UP	
17264.0848	0.18319999999948777	UpDownStatesTimeIntervals			UP	
17266.1064	0.15759999999863794	UpDownStatesTimeIntervals			UP	
17266.7512	0.16240000000107102	UpDownStatesTimeIntervals			UP	
17274.1392	0.13999999999941792	UpDownStatesTimeIntervals			UP	
17275.4024	0.2360000000007858	UpDownStatesTimeIntervals			UP	
17285.4184	0.1400000000030559	UpDownStatesTimeIntervals			UP	
17288.1224	0.26959999999962747	UpDownStatesTimeIntervals			UP	
17290.7712	0.33360000000175205	UpDownStatesTimeIntervals			UP	
17293.064	0.2912000000033004	UpDownStatesTimeIntervals			UP	
17300.2848	0.27199999999720603	UpDownStatesTimeIntervals			UP	
17303.6856	0.2599999999983993	UpDownStatesTimeIntervals			UP	
17305.4688	0.1912000000011176	UpDownStatesTimeIntervals			UP	
17307.9536	0.26159999999799766	UpDownStatesTimeIntervals			UP	
17309.7536	0.21199999999953434	UpDownStatesTimeIntervals			UP	
17312.4432	0.19759999999951106	UpDownStatesTimeIntervals			UP	
17313.8672	0.23839999999836436	UpDownStatesTimeIntervals			UP	
17318.1128	0.2352000000028056	UpDownStatesTimeIntervals			UP	
17322.3248	0.35120000000097207	UpDownStatesTimeIntervals			UP	
17328.8112	0.15120000000024447	UpDownStatesTimeIntervals			UP	
17336.7928	0.1768000000010943	UpDownStatesTimeIntervals			UP	
17339.0512	0.1783999999970547	UpDownStatesTimeIntervals			UP	
17341.1896	0.18079999999827123	UpDownStatesTimeIntervals			UP	
17346.0496	0.19360000000233413	UpDownStatesTimeIntervals			UP	
17348.384	0.2904000000016822	UpDownStatesTimeIntervals			UP	
17351.0	12.0	SleepStates				WAKEstate
17364.0	884.0	SleepStates				NREMstate
17367.216	0.1503999999986263	UpDownStatesTimeIntervals			DOWN	
17367.5136	0.16480000000228756	UpDownStatesTimeIntervals			UP	
17372.8448	0.13520000000062282	UpDownStatesTimeIntervals			UP	
17386.1336	0.19359999999869615	UpDownStatesTimeIntervals			UP	
17396.3888	0.16079999999783468	UpDownStatesTimeIntervals			UP	
17399.8856	0.2727999999988242	UpDownStatesTimeIntervals			UP	
17407.1784	0.1415999999990163	UpDownStatesTimeIntervals			UP	
17408.0296	0.3767999999981839	UpDownStatesTimeIntervals			UP	
17416.9032	0.21679999999832944	UpDownStatesTimeIntervals			UP	
17418.144	0.22399999999834108	UpDownStatesTimeIntervals			UP	
17422.176	0.1640000000006694	UpDownStatesTimeIntervals			UP	
17423.248	0.19199999999909778	UpDownStatesTimeIntervals			UP	
17426.8184	0.22160000000076252	UpDownStatesTimeIntervals			UP	
17430.4224	0.1584000000002561	UpDownStatesTimeIntervals			UP	
17431.1984	0.3223999999972875	UpDownStatesTimeIntervals			UP	
17433.1872	0.1543999999994412	UpDownStatesTimeIntervals			UP	
17435.3048	0.16479999999864958	UpDownStatesTimeIntervals			UP	
17438.8696	0.19439999999667634	UpDownStatesTimeIntervals			UP	
17441.8984	0.25200000000040745	UpDownStatesTimeIntervals			UP	
17444.2864	0.19919999999910942	UpDownStatesTimeIntervals			UP	
17446.6352	0.14400000000023283	UpDownStatesTimeIntervals			UP	
17450.548	0.2528000000020256	UpDownStatesTimeIntervals			UP	
17455.6008	0.2903999999980442	UpDownStatesTimeIntervals			UP	
17457.2512	0.3168000000005122	UpDownStatesTimeIntervals			UP	
17468.0424	0.22800000000279397	UpDownStatesTimeIntervals			UP	
17471.476	0.13520000000062282	UpDownStatesTimeIntervals			UP	
17472.4288	0.23919999999998254	UpDownStatesTimeIntervals			UP	
17474.7208	0.3304000000025553	UpDownStatesTimeIntervals			UP	
17476.9768	0.1768000000010943	UpDownStatesTimeIntervals			UP	
17484.8528	0.3231999999989057	UpDownStatesTimeIntervals			UP	
17495.9368	0.1687999999994645	UpDownStatesTimeIntervals			UP	
17497.4792	0.16479999999864958	UpDownStatesTimeIntervals			UP	
17498.3592	0.19280000000071595	UpDownStatesTimeIntervals			UP	
17500.624	0.24239999999917927	UpDownStatesTimeIntervals			UP	
17501.684	0.1823999999978696	UpDownStatesTimeIntervals			UP	
17507.0104	0.2672000000020489	UpDownStatesTimeIntervals			UP	
17508.1784	0.24320000000079744	UpDownStatesTimeIntervals			UP	
17510.2992	0.24239999999917927	UpDownStatesTimeIntervals			UP	
17510.9928	0.49840000000040163	UpDownStatesTimeIntervals			DOWN	
17511.5864	0.15759999999863794	UpDownStatesTimeIntervals			UP	
17514.1256	0.3040000000000873	UpDownStatesTimeIntervals			UP	
17525.5864	0.17599999999947613	UpDownStatesTimeIntervals			UP	
17528.2232	0.26159999999799766	UpDownStatesTimeIntervals			UP	
17533.4968	0.1496000000006461	UpDownStatesTimeIntervals			UP	
17534.056	0.14240000000063446	UpDownStatesTimeIntervals			UP	
17535.8952	0.1584000000002561	UpDownStatesTimeIntervals			UP	
17537.8808	0.16719999999986612	UpDownStatesTimeIntervals			UP	
17539.6504	0.20480000000316068	UpDownStatesTimeIntervals			UP	
17541.048	0.1488000000026659	UpDownStatesTimeIntervals			UP	
17576.5136	0.15520000000105938	UpDownStatesTimeIntervals			UP	
17578.2088	0.13999999999941792	UpDownStatesTimeIntervals			UP	
17580.4536	0.17199999999866122	UpDownStatesTimeIntervals			UP	
17581.0584	0.1503999999986263	UpDownStatesTimeIntervals			UP	
17582.3704	0.17360000000189757	UpDownStatesTimeIntervals			UP	
17584.0856	0.23760000000038417	UpDownStatesTimeIntervals			UP	
17597.1784	0.0639999999984866	UpDownStatesTimeIntervals			DOWN	
17597.732	0.18319999999948777	UpDownStatesTimeIntervals			UP	
17597.7504	0.16479999999864958	UpDownStatesTimeIntervals			DOWN	
17603.1856	0.32560000000012224	UpDownStatesTimeIntervals			UP	
17607.1816	0.31520000000091386	UpDownStatesTimeIntervals			DOWN	
17607.4968	0.15680000000065775	UpDownStatesTimeIntervals			UP	
17609.744	0.18640000000232249	UpDownStatesTimeIntervals			UP	
17615.424	0.1640000000006694	UpDownStatesTimeIntervals			UP	
17619.4648	0.2415999999975611	UpDownStatesTimeIntervals			UP	
17636.9096	0.1584000000002561	UpDownStatesTimeIntervals			UP	
17641.6272	0.12080000000059954	UpDownStatesTimeIntervals			UP	
17642.1032	0.05279999999766005	UpDownStatesTimeIntervals			DOWN	
17642.6872	0.1408000000010361	UpDownStatesTimeIntervals			DOWN	
17642.828	0.2495999999991909	UpDownStatesTimeIntervals			UP	
17646.0248	0.32879999999931897	UpDownStatesTimeIntervals			UP	
17649.3584	0.22959999999875436	UpDownStatesTimeIntervals			UP	
17651.3592	0.22080000000278233	UpDownStatesTimeIntervals			UP	
17663.8272	0.1455999999998312	UpDownStatesTimeIntervals			UP	
17664.8976	0.3456000000005588	UpDownStatesTimeIntervals			UP	
17666.0632	0.16479999999864958	UpDownStatesTimeIntervals			UP	
17668.0024	0.2919999999976426	UpDownStatesTimeIntervals			UP	
17668.66	0.2904000000016822	UpDownStatesTimeIntervals			UP	
17669.5856	0.14720000000306754	UpDownStatesTimeIntervals			UP	
17672.8016	0.20319999999992433	UpDownStatesTimeIntervals			UP	
17677.6912	0.1463999999978114	UpDownStatesTimeIntervals			UP	
17679.6704	0.23359999999956926	UpDownStatesTimeIntervals			UP	
17681.5168	0.15759999999863794	UpDownStatesTimeIntervals			UP	
17682.3768	0.254400000001624	UpDownStatesTimeIntervals			UP	
17686.744	0.29280000000289874	UpDownStatesTimeIntervals			UP	
17686.916	0.051199999998061685	RippleTimeIntervals		17686.952		
17687.8984	0.1592000000018743	UpDownStatesTimeIntervals			UP	
17690.9968	0.18319999999948777	UpDownStatesTimeIntervals			UP	
17692.58	0.22399999999834108	UpDownStatesTimeIntervals			UP	
17697.78	0.19759999999951106	UpDownStatesTimeIntervals			UP	
17699.1808	0.2848000000012689	UpDownStatesTimeIntervals			UP	
17702.4424	0.26640000000043074	UpDownStatesTimeIntervals			UP	
17703.1736	0.1808000000019092	UpDownStatesTimeIntervals			UP	
17711.3624	0.16079999999783468	UpDownStatesTimeIntervals			UP	
17716.1464	0.2327999999979511	UpDownStatesTimeIntervals			UP	
17719.6704	0.15200000000186265	UpDownStatesTimeIntervals			UP	
17720.3544	0.16240000000107102	UpDownStatesTimeIntervals			UP	
17721.8264	0.19279999999707798	UpDownStatesTimeIntervals			UP	
17722.8824	0.21840000000156579	UpDownStatesTimeIntervals			UP	
17731.3296	0.29680000000007567	UpDownStatesTimeIntervals			UP	
17737.8824	0.1408000000010361	UpDownStatesTimeIntervals			UP	
17739.2944	0.15760000000227592	UpDownStatesTimeIntervals			UP	
17739.804	0.15999999999985448	UpDownStatesTimeIntervals			UP	
17741.0944	0.2967999999964377	UpDownStatesTimeIntervals			UP	
17743.7056	0.31199999999807915	UpDownStatesTimeIntervals			UP	
17745.3488	0.25600000000122236	UpDownStatesTimeIntervals			UP	
17748.8528	0.18879999999990105	UpDownStatesTimeIntervals			UP	
17750.5432	0.1640000000006694	UpDownStatesTimeIntervals			UP	
17752.3472	0.18319999999948777	UpDownStatesTimeIntervals			UP	
17753.3536	0.254400000001624	UpDownStatesTimeIntervals			UP	
17754.248	0.18960000000151922	UpDownStatesTimeIntervals			UP	
17758.2968	0.31599999999889405	UpDownStatesTimeIntervals			UP	
17762.0544	0.1503999999986263	UpDownStatesTimeIntervals			UP	
17765.0824	0.26000000000203727	UpDownStatesTimeIntervals			UP	
17777.5216	0.14800000000104774	UpDownStatesTimeIntervals			UP	
17783.1136	0.23119999999835272	UpDownStatesTimeIntervals			UP	
17784.4528	0.2728000000024622	UpDownStatesTimeIntervals			UP	
17786.8056	0.16080000000147265	UpDownStatesTimeIntervals			UP	
17789.7104	0.16479999999864958	UpDownStatesTimeIntervals			UP	
17790.4976	0.18960000000151922	UpDownStatesTimeIntervals			UP	
17794.3264	0.2407999999995809	UpDownStatesTimeIntervals			UP	
17795.9304	0.15999999999985448	UpDownStatesTimeIntervals			UP	
17797.6976	0.1952000000019325	UpDownStatesTimeIntervals			UP	
17799.8472	0.13119999999980791	UpDownStatesTimeIntervals			UP	
17801.0096	0.407999999999447	UpDownStatesTimeIntervals			UP	
17801.8624	0.23839999999836436	UpDownStatesTimeIntervals			DOWN	
17803.6696	0.15279999999984284	UpDownStatesTimeIntervals			UP	
17804.8312	0.1815999999998894	UpDownStatesTimeIntervals			UP	
17811.7176	0.1415999999990163	UpDownStatesTimeIntervals			UP	
17814.6528	0.13760000000183936	UpDownStatesTimeIntervals			UP	
17815.2512	0.0816000000013446	UpDownStatesTimeIntervals			DOWN	
17815.3328	0.16479999999864958	UpDownStatesTimeIntervals			UP	
17824.3432	0.2232000000003609	UpDownStatesTimeIntervals			UP	
17831.7304	0.14719999999942956	UpDownStatesTimeIntervals			UP	
17838.0088	0.3048000000017055	UpDownStatesTimeIntervals			UP	
17850.056	0.22079999999914435	UpDownStatesTimeIntervals			UP	
17851.0656	0.16159999999945285	UpDownStatesTimeIntervals			UP	
17852.9328	0.27040000000124564	UpDownStatesTimeIntervals			UP	
17856.2344	0.23439999999754946	UpDownStatesTimeIntervals			UP	
17858.7928	0.2855999999992491	UpDownStatesTimeIntervals			UP	
17862.0728	0.1551999999974214	UpDownStatesTimeIntervals			UP	
17865.584	0.21840000000156579	UpDownStatesTimeIntervals			UP	
17866.3688	0.18079999999827123	UpDownStatesTimeIntervals			UP	
17869.0024	0.337599999998929	UpDownStatesTimeIntervals			UP	
17871.2696	0.1640000000006694	UpDownStatesTimeIntervals			UP	
17879.188	0.1959999999999127	UpDownStatesTimeIntervals			UP	
17880.3656	0.1591999999982363	UpDownStatesTimeIntervals			UP	
17888.516	0.16960000000108266	UpDownStatesTimeIntervals			UP	
17889.8024	0.05760000000009313	RippleTimeIntervals		17889.808		
17895.2432	0.16560000000026776	UpDownStatesTimeIntervals			UP	
17895.3424	0.03839999999763677	RippleTimeIntervals		17895.376		
17899.312	0.27199999999720603	UpDownStatesTimeIntervals			UP	
17902.0344	0.2583999999988009	UpDownStatesTimeIntervals			UP	
17902.5216	0.16719999999986612	UpDownStatesTimeIntervals			UP	
17905.58	0.24639999999999418	UpDownStatesTimeIntervals			UP	
17908.7096	0.2592000000004191	UpDownStatesTimeIntervals			UP	
17909.236	0.24719999999797437	UpDownStatesTimeIntervals			UP	
17910.2888	0.18720000000030268	UpDownStatesTimeIntervals			UP	
17913.5704	0.1415999999990163	UpDownStatesTimeIntervals			UP	
17922.916	0.19679999999789288	UpDownStatesTimeIntervals			UP	
17923.6752	0.1639999999970314	UpDownStatesTimeIntervals			UP	
17926.3168	0.15999999999985448	UpDownStatesTimeIntervals			UP	
17931.9816	0.1543999999994412	UpDownStatesTimeIntervals			UP	
17935.6608	0.23519999999916763	UpDownStatesTimeIntervals			UP	
17937.8176	0.07520000000295113	RippleTimeIntervals		17937.8224		
17941.8928	0.15120000000024447	UpDownStatesTimeIntervals			UP	
17943.2336	0.13760000000183936	UpDownStatesTimeIntervals			UP	
17947.6848	0.1632000000026892	UpDownStatesTimeIntervals			UP	
17948.8656	0.16959999999744468	UpDownStatesTimeIntervals			UP	
17949.864	0.14319999999861466	UpDownStatesTimeIntervals			UP	
17951.0528	0.20239999999830616	UpDownStatesTimeIntervals			UP	
17952.148	0.1543999999994412	UpDownStatesTimeIntervals			UP	
17970.5864	0.29279999999926076	UpDownStatesTimeIntervals			UP	
17973.7128	0.1735999999982596	UpDownStatesTimeIntervals			UP	
17975.0184	0.1640000000006694	UpDownStatesTimeIntervals			UP	
17975.7408	0.1640000000006694	UpDownStatesTimeIntervals			UP	
17976.4936	0.15839999999661813	UpDownStatesTimeIntervals			UP	
17976.6128	0.06000000000130967	RippleTimeIntervals		17976.6208		
17980.1704	0.20080000000234577	UpDownStatesTimeIntervals			UP	
17984.1056	0.1640000000006694	UpDownStatesTimeIntervals			UP	
17986.0544	0.14879999999902793	UpDownStatesTimeIntervals			UP	
17992.0232	0.2272000000011758	UpDownStatesTimeIntervals			UP	
18001.0352	0.15760000000227592	UpDownStatesTimeIntervals			UP	
18002.024	0.17039999999906286	UpDownStatesTimeIntervals			UP	
18002.1648	0.05760000000009313	RippleTimeIntervals		18002.1776		
18002.5352	1.0	UpDownStatesTimeIntervals			DOWN	
18005.1608	0.2680000000000291	UpDownStatesTimeIntervals			UP	
18009.148	0.23519999999916763	UpDownStatesTimeIntervals			UP	
18015.9016	0.13279999999940628	UpDownStatesTimeIntervals			UP	
18017.7808	0.22559999999793945	UpDownStatesTimeIntervals			UP	
18019.1192	0.1640000000006694	UpDownStatesTimeIntervals			UP	
18021.5784	0.26960000000326545	UpDownStatesTimeIntervals			UP	
18023.9664	0.19440000000031432	UpDownStatesTimeIntervals			UP	
18025.6152	0.17520000000149594	UpDownStatesTimeIntervals			UP	
18027.332	0.1640000000006694	UpDownStatesTimeIntervals			UP	
18028.356	0.3103999999984808	UpDownStatesTimeIntervals			UP	
18030.1584	0.24799999999959255	UpDownStatesTimeIntervals			UP	
18031.5432	0.1591999999982363	UpDownStatesTimeIntervals			UP	
18038.2256	0.13119999999980791	UpDownStatesTimeIntervals			UP	
18048.8304	0.19680000000153086	UpDownStatesTimeIntervals			UP	
18049.228	0.03840000000127475	RippleTimeIntervals		18049.256		
18050.3712	0.2791999999972177	UpDownStatesTimeIntervals			DOWN	
18050.7464	0.2599999999983993	UpDownStatesTimeIntervals			UP	
18051.628	0.15279999999984284	UpDownStatesTimeIntervals			UP	
18054.4184	0.15440000000307919	UpDownStatesTimeIntervals			UP	
18055.8056	0.1543999999994412	UpDownStatesTimeIntervals			UP	
18058.3	0.24799999999959255	UpDownStatesTimeIntervals			UP	
18061.7528	0.22000000000116415	UpDownStatesTimeIntervals			UP	
18063.9696	0.19199999999909778	UpDownStatesTimeIntervals			UP	
18064.66	0.15120000000024447	UpDownStatesTimeIntervals			UP	
18065.616	0.14479999999821302	UpDownStatesTimeIntervals			UP	
18066.4288	0.2735999999968044	UpDownStatesTimeIntervals			UP	
18074.924	0.1680000000014843	UpDownStatesTimeIntervals			UP	
18076.2568	0.2960000000020955	UpDownStatesTimeIntervals			UP	
18080.9216	0.23359999999956926	UpDownStatesTimeIntervals			UP	
18084.1432	0.136000000002241	UpDownStatesTimeIntervals			UP	
18085.4088	0.17840000000069267	UpDownStatesTimeIntervals			UP	
18095.9584	0.3591999999989639	UpDownStatesTimeIntervals			UP	
18098.6184	0.26000000000203727	UpDownStatesTimeIntervals			UP	
18099.2896	0.26640000000043074	UpDownStatesTimeIntervals			UP	
18102.4168	0.29360000000087894	UpDownStatesTimeIntervals			UP	
18104.5336	0.18960000000151922	UpDownStatesTimeIntervals			UP	
18105.7376	0.15680000000065775	UpDownStatesTimeIntervals			UP	
18110.128	0.3040000000000873	UpDownStatesTimeIntervals			UP	
18112.3152	0.17679999999745633	UpDownStatesTimeIntervals			UP	
18116.8832	0.20560000000114087	UpDownStatesTimeIntervals			UP	
18118.8304	0.18000000000029104	UpDownStatesTimeIntervals			UP	
18118.956	0.06160000000090804	RippleTimeIntervals		18118.9664		
18120.2408	0.14640000000144937	UpDownStatesTimeIntervals			UP	
18126.2968	0.15599999999903957	UpDownStatesTimeIntervals			UP	
18127.6352	0.15279999999984284	UpDownStatesTimeIntervals			UP	
18129.5	0.1543999999994412	UpDownStatesTimeIntervals			UP	
18132.2784	0.153600000001461	UpDownStatesTimeIntervals			UP	
18133.6472	0.25760000000082073	UpDownStatesTimeIntervals			UP	
18134.8576	0.23280000000158907	UpDownStatesTimeIntervals			UP	
18136.4704	0.07840000000214786	RippleTimeIntervals		18136.5448		
18136.6024	0.04320000000006985	RippleTimeIntervals		18136.6328		
18142.4912	0.13919999999779975	UpDownStatesTimeIntervals			UP	
18143.7272	0.1783999999970547	UpDownStatesTimeIntervals			UP	
18150.1128	0.24240000000281725	UpDownStatesTimeIntervals			UP	
18151.52	0.32879999999931897	UpDownStatesTimeIntervals			UP	
18152.4768	0.2855999999992491	UpDownStatesTimeIntervals			UP	
18153.9784	0.18879999999990105	UpDownStatesTimeIntervals			UP	
18155.9872	0.21840000000156579	UpDownStatesTimeIntervals			UP	
18159.896	0.14400000000023283	UpDownStatesTimeIntervals			UP	
18189.3712	0.21039999999993597	UpDownStatesTimeIntervals			UP	
18199.1688	0.1496000000006461	UpDownStatesTimeIntervals			UP	
18224.3336	0.13519999999698484	UpDownStatesTimeIntervals			UP	
18240.0176	0.14719999999942956	UpDownStatesTimeIntervals			UP	
18240.788	0.16240000000107102	UpDownStatesTimeIntervals			UP	
18243.0304	0.23040000000037253	UpDownStatesTimeIntervals			UP	
18245.7056	0.2783999999992375	UpDownStatesTimeIntervals			UP	
18245.7744	0.04160000000047148	RippleTimeIntervals		18245.8064		
18247.968	2943.3279666666676	epochs	fCamk3_201102_141614			
18255.8656	0.13439999999900465	RippleTimeIntervals		18255.996		
18265.4888	0.06240000000252621	RippleTimeIntervals		18265.5048		
18334.1648	0.05199999999967986	RippleTimeIntervals		18334.1656		
18348.1384	0.13520000000062282	RippleTimeIntervals		18348.1816		
18356.5872	0.11679999999978463	RippleTimeIntervals		18356.6552		
18358.9224	0.09679999999934807	RippleTimeIntervals		18358.9824		
18359.5064	0.03840000000127475	RippleTimeIntervals		18359.5384		
18362.0208	0.0632000000005064	RippleTimeIntervals		18362.0624		
18362.1832	0.07440000000133296	RippleTimeIntervals		18362.224		
18377.104	0.0544000000008964	RippleTimeIntervals		18377.1448		
18396.3312	0.02479999999923166	RippleTimeIntervals		18396.3552		
18408.1936	0.0496000000021013	RippleTimeIntervals		18408.2424		
18525.0456	0.13999999999941792	RippleTimeIntervals		18525.1792		
18543.2712	0.046399999999266583	RippleTimeIntervals		18543.304		
18551.9592	0.04959999999846332	RippleTimeIntervals		18551.9976		
18555.0144	0.06079999999928987	RippleTimeIntervals		18555.044		
18557.2672	0.021600000000034925	RippleTimeIntervals		18557.28		
18624.636	0.09440000000176951	RippleTimeIntervals		18624.6656		
18662.6992	0.04320000000006985	RippleTimeIntervals		18662.7312		
18674.0808	0.09519999999974971	RippleTimeIntervals		18674.1632		
18690.7704	0.03600000000005821	RippleTimeIntervals		18690.8024		
18741.284	0.04799999999886495	RippleTimeIntervals		18741.3304		
18746.6168	0.020000000000436557	RippleTimeIntervals		18746.6216		
18752.696	0.047200000000884756	RippleTimeIntervals		18752.7344		
18779.0056	0.044799999999668216	RippleTimeIntervals		18779.0408		
18832.8448	0.04160000000047148	RippleTimeIntervals		18832.8616		
18836.6256	0.056000000000494765	RippleTimeIntervals		18836.6416		
18865.0568	0.03840000000127475	RippleTimeIntervals		18865.0736		
18867.8904	0.03440000000045984	RippleTimeIntervals		18867.904		
18899.236	0.09200000000055297	RippleTimeIntervals		18899.2592		
18904.0528	0.06719999999768334	RippleTimeIntervals		18904.0616		
18914.8824	0.04560000000128639	RippleTimeIntervals		18914.8928		
18915.2472	0.08399999999892316	RippleTimeIntervals		18915.2712		
18925.0416	0.04320000000006985	RippleTimeIntervals		18925.0568		
18933.6432	0.060800000002927845	RippleTimeIntervals		18933.6512		
18940.112	0.0687999999972817	RippleTimeIntervals		18940.1712		
18945.296	0.040000000000873115	RippleTimeIntervals		18945.3168		
18982.2992	0.032799999997223495	RippleTimeIntervals		18982.3224		
19006.4432	0.051199999998061685	RippleTimeIntervals		19006.4568		
19018.3304	0.06000000000130967	RippleTimeIntervals		19018.3344		
19039.6136	0.05679999999847496	RippleTimeIntervals		19039.624		
19041.2968	0.0544000000008964	RippleTimeIntervals		19041.3376		
19052.6256	0.06480000000010477	RippleTimeIntervals		19052.6336		
19061.6984	0.03919999999925494	RippleTimeIntervals		19061.7032		
19063.932	0.04320000000006985	RippleTimeIntervals		19063.9408		
19066.2104	0.027999999998428393	RippleTimeIntervals		19066.22		
19073.3808	0.028800000000046566	RippleTimeIntervals		19073.3832		
19079.3936	0.03600000000005821	RippleTimeIntervals		19079.408		
19088.04	0.023999999997613486	RippleTimeIntervals		19088.0544		
19113.704	0.07839999999850988	RippleTimeIntervals		19113.7792		
19116.1568	0.058399999998073326	RippleTimeIntervals		19116.1656		
19129.3432	0.10720000000219443	RippleTimeIntervals		19129.4496		
19134.864	0.03439999999682186	RippleTimeIntervals		19134.8968		
19137.744	0.05760000000009313	RippleTimeIntervals		19137.7824		
19161.5408	0.04800000000250293	RippleTimeIntervals		19161.5552		
19168.7648	0.05679999999847496	RippleTimeIntervals		19168.7848		
19178.5736	0.12480000000141445	RippleTimeIntervals		19178.5744		
19201.0832	0.05679999999847496	RippleTimeIntervals		19201.0864		
19208.6312	0.06000000000130967	RippleTimeIntervals		19208.6816		
19242.5808	0.10640000000057626	RippleTimeIntervals		19242.5816		
19270.5824	0.02960000000166474	RippleTimeIntervals		19270.5976		
19288.8088	0.04640000000290456	RippleTimeIntervals		19288.836		
19315.6032	0.06159999999727006	RippleTimeIntervals		19315.6176		
19317.6848	0.05280000000129803	RippleTimeIntervals		19317.7152		
19327.8256	0.10320000000137952	RippleTimeIntervals		19327.828		
19334.292	0.023999999997613486	RippleTimeIntervals		19334.3104		
19342.0224	0.04320000000006985	RippleTimeIntervals		19342.024		
19343.6624	0.09200000000055297	RippleTimeIntervals		19343.7528		
19402.3512	0.07200000000011642	RippleTimeIntervals		19402.3632		
19408.1616	0.07200000000011642	RippleTimeIntervals		19408.172		
19409.8608	0.04400000000168802	RippleTimeIntervals		19409.8664		
19410.0424	0.0856000000021595	RippleTimeIntervals		19410.0696		
19410.4096	0.06240000000252621	RippleTimeIntervals		19410.4208		
19413.3544	0.0864000000001397	RippleTimeIntervals		19413.3616		
19420.72	0.04320000000006985	RippleTimeIntervals		19420.7536		
19422.5136	0.03280000000086147	RippleTimeIntervals		19422.5248		
19424.724	0.03280000000086147	RippleTimeIntervals		19424.736		
19448.3552	0.04079999999885331	RippleTimeIntervals		19448.3568		
19449.0936	0.046399999999266583	RippleTimeIntervals		19449.0992		
19449.2448	0.023199999999633292	RippleTimeIntervals		19449.264		
19462.3416	0.05280000000129803	RippleTimeIntervals		19462.3808		
19468.7808	0.023199999999633292	RippleTimeIntervals		19468.7896		
19471.0384	0.035199999998440035	RippleTimeIntervals		19471.0712		
19477.9752	0.02079999999841675	RippleTimeIntervals		19477.9784		
19510.9336	0.09679999999934807	RippleTimeIntervals		19510.9808		
19515.0976	0.0639999999984866	RippleTimeIntervals		19515.0992		
19522.3904	0.037599999999656575	RippleTimeIntervals		19522.4008		
19522.6296	0.05199999999967986	RippleTimeIntervals		19522.6632		
19537.996	0.046399999999266583	RippleTimeIntervals		19537.9968		
19539.608	0.03280000000086147	RippleTimeIntervals		19539.62		
19544.4072	0.05199999999967986	RippleTimeIntervals		19544.4128		
19549.0344	0.04959999999846332	RippleTimeIntervals		19549.0688		
19551.1792	0.03840000000127475	RippleTimeIntervals		19551.2088		
19562.564	0.10160000000178115	RippleTimeIntervals		19562.5872		
19567.8736	0.06720000000132131	RippleTimeIntervals		19567.9192		
19574.644	0.044799999999668216	RippleTimeIntervals		19574.6696		
19581.7744	0.1136000000005879	RippleTimeIntervals		19581.7848		
19592.7488	0.06159999999727006	RippleTimeIntervals		19592.7992		
19593.4616	0.024800000002869638	RippleTimeIntervals		19593.4624		
19599.312	0.04079999999885331	RippleTimeIntervals		19599.3336		
19605.2472	0.05519999999887659	RippleTimeIntervals		19605.248		
19626.5888	0.05040000000008149	RippleTimeIntervals		19626.5968		
19681.6984	0.05679999999847496	RippleTimeIntervals		19681.7312		
19691.7128	0.05040000000008149	RippleTimeIntervals		19691.7296		
19697.0616	0.058399999998073326	RippleTimeIntervals		19697.104		
19705.0232	0.07519999999931315	RippleTimeIntervals		19705.0968		
19713.3648	0.07280000000173459	RippleTimeIntervals		19713.4288		
19721.9272	0.08880000000135624	RippleTimeIntervals		19721.9432		
19731.9552	0.044799999999668216	RippleTimeIntervals		19731.9904		
19736.5128	0.042399999998451676	RippleTimeIntervals		19736.5536		
19746.496	0.09840000000258442	RippleTimeIntervals		19746.5912		
19778.1392	0.04079999999885331	RippleTimeIntervals		19778.1792		
19781.456	0.02960000000166474	RippleTimeIntervals		19781.4832		
19782.272	0.04320000000006985	RippleTimeIntervals		19782.2752		
19788.9032	0.05679999999847496	RippleTimeIntervals		19788.9128		
19806.6024	0.03280000000086147	RippleTimeIntervals		19806.6256		
19810.2224	0.033600000002479646	RippleTimeIntervals		19810.2264		
19811.1608	0.05679999999847496	RippleTimeIntervals		19811.1656		
19816.7752	0.0544000000008964	RippleTimeIntervals		19816.82		
19826.4024	0.06240000000252621	RippleTimeIntervals		19826.4216		
19846.1696	0.048800000000483124	RippleTimeIntervals		19846.1808		
19859.2312	0.048800000000483124	RippleTimeIntervals		19859.2336		
19865.8368	0.07760000000052969	RippleTimeIntervals		19865.8424		
19875.0144	0.04320000000006985	RippleTimeIntervals		19875.0568		
19902.1536	0.06079999999928987	RippleTimeIntervals		19902.1992		
19921.8664	0.09920000000056461	RippleTimeIntervals		19921.9552		
19933.132	0.05679999999847496	RippleTimeIntervals		19933.172		
19946.1168	0.03680000000167638	RippleTimeIntervals		19946.1496		
19947.7288	0.0272000000004482	RippleTimeIntervals		19947.7392		
19952.8192	0.046399999999266583	RippleTimeIntervals		19952.8384		
19957.7296	0.042400000002089655	RippleTimeIntervals		19957.7312		
19961.2392	0.03840000000127475	RippleTimeIntervals		19961.2616		
19966.9952	0.10879999999815482	RippleTimeIntervals		19967.0568		
19982.584	0.044799999999668216	RippleTimeIntervals		19982.5944		
19993.3256	0.0639999999984866	RippleTimeIntervals		19993.3592		
19996.3024	0.053599999999278225	RippleTimeIntervals		19996.3512		
20006.2248	0.035199999998440035	RippleTimeIntervals		20006.2512		
20006.8528	0.02959999999802676	RippleTimeIntervals		20006.8768		
20012.5848	0.056000000000494765	RippleTimeIntervals		20012.62		
20014.5248	0.08079999999972642	RippleTimeIntervals		20014.5952		
20020.0096	0.06079999999928987	RippleTimeIntervals		20020.012		
20028.7928	0.03600000000005821	RippleTimeIntervals		20028.8208		
20049.9192	0.04399999999805004	RippleTimeIntervals		20049.9408		
20050.0616	0.127199999998993	RippleTimeIntervals		20050.0648		
20058.1688	0.08480000000054133	RippleTimeIntervals		20058.2008		
20076.4568	0.062399999998888234	RippleTimeIntervals		20076.5048		
20077.4144	0.07599999999729334	RippleTimeIntervals		20077.4208		
20089.4096	0.07440000000133296	RippleTimeIntervals		20089.4512		
20098.0792	0.08239999999932479	RippleTimeIntervals		20098.0968		
20103.7136	0.0904000000009546	RippleTimeIntervals		20103.7424		
20114.1976	0.1496000000006461	RippleTimeIntervals		20114.2056		
20131.4664	0.07279999999809661	RippleTimeIntervals		20131.4696		
20136.7424	0.02960000000166474	RippleTimeIntervals		20136.7632		
20154.56	0.02239999999801512	RippleTimeIntervals		20154.5704		
20167.188	0.03680000000167638	RippleTimeIntervals		20167.2152		
20177.3032	0.06800000000293949	RippleTimeIntervals		20177.3096		
20177.3952	0.09679999999934807	RippleTimeIntervals		20177.4312		
20191.9016	0.08239999999932479	RippleTimeIntervals		20191.9528		
20203.7512	0.07120000000213622	RippleTimeIntervals		20203.7888		
20222.524	0.05760000000009313	RippleTimeIntervals		20222.572		
20228.8752	0.06800000000293949	RippleTimeIntervals		20228.9416		
20235.3496	0.04399999999805004	RippleTimeIntervals		20235.3776		
20243.9392	0.035199999998440035	RippleTimeIntervals		20243.9608		
20249.0928	0.07920000000012806	RippleTimeIntervals		20249.168		
20249.3416	0.030399999999644933	RippleTimeIntervals		20249.3592		
20252.8624	0.07359999999971478	RippleTimeIntervals		20252.876		
20271.4176	0.07359999999971478	RippleTimeIntervals		20271.4448		
20272.5096	0.05279999999766005	RippleTimeIntervals		20272.5528		
20281.1432	0.022400000001653098	RippleTimeIntervals		20281.1488		
20286.1904	0.024000000001251465	RippleTimeIntervals		20286.1992		
20288.3384	0.03919999999925494	RippleTimeIntervals		20288.3488		
20292.0944	0.07119999999849824	RippleTimeIntervals		20292.1592		
20314.7656	0.025600000000849832	RippleTimeIntervals		20314.7888		
20320.8992	0.07200000000011642	RippleTimeIntervals		20320.9144		
20322.3376	0.044799999999668216	RippleTimeIntervals		20322.3472		
20322.5688	0.037599999999656575	RippleTimeIntervals		20322.5792		
20327.6416	0.04800000000250293	RippleTimeIntervals		20327.672		
20340.18	0.10959999999977299	RippleTimeIntervals		20340.1816		
20353.0136	0.025600000000849832	RippleTimeIntervals		20353.016		
20358.4984	0.047200000000884756	RippleTimeIntervals		20358.544		
20379.476	0.04640000000290456	RippleTimeIntervals		20379.492		
20382.5456	0.05679999999847496	RippleTimeIntervals		20382.5488		
20382.676	0.056000000000494765	RippleTimeIntervals		20382.6776		
20384.9424	0.03919999999925494	RippleTimeIntervals		20384.9464		
20404.4728	0.07760000000052969	RippleTimeIntervals		20404.4976		
20410.444	0.06079999999928987	RippleTimeIntervals		20410.4536		
20431.2904	0.08959999999933643	RippleTimeIntervals		20431.3232		
20439.1096	0.0319999999992433	RippleTimeIntervals		20439.1104		
20445.6152	0.11040000000139116	RippleTimeIntervals		20445.6312		
20460.2776	0.032799999997223495	RippleTimeIntervals		20460.3088		
20497.5176	0.05280000000129803	RippleTimeIntervals		20497.5496		
20500.8056	0.03359999999884167	RippleTimeIntervals		20500.8304		
20510.3688	0.044799999999668216	RippleTimeIntervals		20510.4056		
20515.8	0.10720000000219443	RippleTimeIntervals		20515.8096		
20531.8496	0.044799999999668216	RippleTimeIntervals		20531.8664		
20533.6328	0.03359999999884167	RippleTimeIntervals		20533.6424		
20537.6072	0.048800000000483124	RippleTimeIntervals		20537.6496		
20556.3064	0.05519999999887659	RippleTimeIntervals		20556.3216		
20568.828	0.055999999996856786	RippleTimeIntervals		20568.8752		
20569.508	0.04719999999724678	RippleTimeIntervals		20569.5152		
20578.0448	0.037599999999656575	RippleTimeIntervals		20578.0512		
20584.9376	0.09679999999934807	RippleTimeIntervals		20585.0288		
20590.3656	0.11919999999736319	RippleTimeIntervals		20590.4408		
20596.46	0.022400000001653098	RippleTimeIntervals		20596.4608		
20602.9344	0.0856000000021595	RippleTimeIntervals		20602.9656		
20603.1816	0.06000000000130967	RippleTimeIntervals		20603.2232		
20625.5272	0.025600000000849832	RippleTimeIntervals		20625.5472		
20629.6656	0.11599999999816646	RippleTimeIntervals		20629.6688		
20634.9472	0.026400000002468005	RippleTimeIntervals		20634.9632		
20643.3408	0.026399999998830026	RippleTimeIntervals		20643.3496		
20651.6992	0.042400000002089655	RippleTimeIntervals		20651.7088		
20661.2904	0.048799999996845145	RippleTimeIntervals		20661.2928		
20661.7664	0.05040000000008149	RippleTimeIntervals		20661.7992		
20664.3504	0.03680000000167638	RippleTimeIntervals		20664.3776		
20669.3112	0.05760000000009313	RippleTimeIntervals		20669.3304		
20670.2656	0.06160000000090804	RippleTimeIntervals		20670.2872		
20677.4688	0.024000000001251465	RippleTimeIntervals		20677.472		
20685.6776	0.046399999999266583	RippleTimeIntervals		20685.7224		
20728.1736	0.11680000000342261	RippleTimeIntervals		20728.1752		
20735.9192	0.09839999999894644	RippleTimeIntervals		20735.9888		
20743.8448	0.053599999999278225	RippleTimeIntervals		20743.8456		
20749.5504	0.04400000000168802	RippleTimeIntervals		20749.5912		
20767.8208	0.042399999998451676	RippleTimeIntervals		20767.8216		
20783.4912	0.030399999999644933	RippleTimeIntervals		20783.5208		
20789.292	0.08079999999972642	RippleTimeIntervals		20789.3184		
20813.5488	0.044799999999668216	RippleTimeIntervals		20813.584		
20817.9288	0.046399999999266583	RippleTimeIntervals		20817.9656		
20835.0536	0.028000000002066372	RippleTimeIntervals		20835.0688		
20841.9216	0.05679999999847496	RippleTimeIntervals		20841.9688		
20842.3376	0.04160000000047148	RippleTimeIntervals		20842.3624		
20849.06	0.07759999999689171	RippleTimeIntervals		20849.1288		
20861.0776	0.062399999998888234	RippleTimeIntervals		20861.0784		
20863.2424	0.024000000001251465	RippleTimeIntervals		20863.2432		
20871.0808	0.030399999999644933	RippleTimeIntervals		20871.0912		
20871.98	0.03840000000127475	RippleTimeIntervals		20872.0096		
20880.6272	0.08480000000054133	RippleTimeIntervals		20880.652		
20884.5984	0.023199999999633292	RippleTimeIntervals		20884.6032		
20916.428	0.05040000000008149	RippleTimeIntervals		20916.4336		
20916.672	0.02960000000166474	RippleTimeIntervals		20916.6824		
20920.832	0.02960000000166474	RippleTimeIntervals		20920.8424		
20925.1296	0.046399999999266583	RippleTimeIntervals		20925.1664		
20926.0936	0.035199999998440035	RippleTimeIntervals		20926.1008		
20930.016	0.03359999999884167	RippleTimeIntervals		20930.0384		
20936.8608	0.07760000000052969	RippleTimeIntervals		20936.9256		
20940.9648	0.058399999998073326	RippleTimeIntervals		20940.9792		
20946.6024	0.06480000000010477	RippleTimeIntervals		20946.6088		
20957.7152	0.08880000000135624	RippleTimeIntervals		20957.7168		
20967.672	0.04800000000250293	RippleTimeIntervals		20967.6752		
20968.488	0.09200000000055297	RippleTimeIntervals		20968.5024		
20970.7176	0.053599999999278225	RippleTimeIntervals		20970.7328		
20980.6848	0.04800000000250293	RippleTimeIntervals		20980.6968		
20988.1512	0.04160000000047148	RippleTimeIntervals		20988.188		
20989.0456	0.06559999999808497	RippleTimeIntervals		20989.1024		
21075.3088	0.04560000000128639	RippleTimeIntervals		21075.32		
21102.0552	0.03280000000086147	RippleTimeIntervals		21102.0784		
21113.7608	0.05040000000008149	RippleTimeIntervals		21113.7936		
21125.9952	0.037599999999656575	RippleTimeIntervals		21126.0112		
21133.1272	0.03919999999925494	RippleTimeIntervals		21133.1408		
21138.7816	0.07040000000051805	RippleTimeIntervals		21138.7824		
21144.4128	0.07360000000335276	RippleTimeIntervals		21144.4168		
21163.344	0.04320000000006985	RippleTimeIntervals		21163.38		
21166.7528	0.0272000000004482	RippleTimeIntervals		21166.7576		
21173.9648	0.058399999998073326	RippleTimeIntervals		21173.9864		
21176.6232	0.07679999999891152	RippleTimeIntervals		21176.6944		
21191.296	2121.6319666666677	epochs	fCamk3_201102_150838			
21192.0	38.0	SleepStates				NREMstate
21193.3744	0.1503999999986263	UpDownStatesTimeIntervals			UP	
21198.1824	0.18959999999788124	UpDownStatesTimeIntervals			UP	
21199.532	0.13839999999981956	UpDownStatesTimeIntervals			UP	
21214.1824	0.22879999999713618	UpDownStatesTimeIntervals			UP	
21214.7912	0.12960000000020955	UpDownStatesTimeIntervals			UP	
21216.4968	0.20239999999830616	UpDownStatesTimeIntervals			UP	
21224.9104	0.062399999998888234	RippleTimeIntervals		21224.9152		
21228.3616	0.4775999999983469	UpDownStatesTimeIntervals			DOWN	
21228.8392	0.1584000000002561	UpDownStatesTimeIntervals			UP	
21231.0	17.0	SleepStates				WAKEstate
21236.6336	0.10319999999774154	RippleTimeIntervals		21236.6528		
21248.288	0.10480000000097789	UpDownStatesTimeIntervals			UP	
21249.0	43.0	SleepStates				NREMstate
21249.1136	0.10319999999774154	UpDownStatesTimeIntervals			UP	
21249.232	0.05199999999967986	UpDownStatesTimeIntervals			DOWN	
21249.488	0.07279999999809661	RippleTimeIntervals		21249.516		
21249.5888	0.04399999999805004	RippleTimeIntervals		21249.6232		
21250.0176	0.22560000000157743	UpDownStatesTimeIntervals			UP	
21250.3928	0.18559999999706633	UpDownStatesTimeIntervals			DOWN	
21250.5784	0.19360000000233413	UpDownStatesTimeIntervals			UP	
21251.1176	0.11119999999937136	UpDownStatesTimeIntervals			UP	
21251.6872	0.2952000000004773	UpDownStatesTimeIntervals			DOWN	
21252.0872	0.12959999999657157	RippleTimeIntervals		21252.1968		
21252.3088	0.10640000000057626	RippleTimeIntervals		21252.384		
21252.7736	0.1496000000006461	UpDownStatesTimeIntervals			UP	
21256.2112	0.12559999999939464	UpDownStatesTimeIntervals			UP	
21257.3184	0.10480000000097789	UpDownStatesTimeIntervals			UP	
21258.0072	0.18479999999908614	UpDownStatesTimeIntervals			DOWN	
21259.3488	0.1455999999998312	UpDownStatesTimeIntervals			UP	
21263.1368	0.1176000000014028	UpDownStatesTimeIntervals			UP	
21264.0376	0.09839999999894644	UpDownStatesTimeIntervals			UP	
21268.0824	0.10720000000219443	UpDownStatesTimeIntervals			UP	
21268.6136	0.1231999999981781	UpDownStatesTimeIntervals			UP	
21269.1624	0.13039999999818974	UpDownStatesTimeIntervals			UP	
21270.0128	0.12559999999939464	UpDownStatesTimeIntervals			UP	
21270.612	0.13919999999779975	UpDownStatesTimeIntervals			UP	
21271.2136	0.23919999999998254	UpDownStatesTimeIntervals			UP	
21271.8648	0.09760000000096625	UpDownStatesTimeIntervals			UP	
21272.0248	0.022400000001653098	UpDownStatesTimeIntervals			DOWN	
21272.4176	0.10640000000057626	UpDownStatesTimeIntervals			UP	
21273.2288	0.14319999999861466	UpDownStatesTimeIntervals			UP	
21273.692	0.3120000000017171	UpDownStatesTimeIntervals			UP	
21274.4736	0.127199999998993	UpDownStatesTimeIntervals			UP	
21275.0824	0.13920000000143773	UpDownStatesTimeIntervals			UP	
21281.4656	0.127199999998993	UpDownStatesTimeIntervals			UP	
21282.032	0.10800000000017462	UpDownStatesTimeIntervals			UP	
21283.028	0.11840000000302098	UpDownStatesTimeIntervals			UP	
21284.4944	0.11999999999898137	UpDownStatesTimeIntervals			UP	
21285.0216	0.11119999999937136	UpDownStatesTimeIntervals			DOWN	
21285.8224	0.16959999999744468	UpDownStatesTimeIntervals			UP	
21285.9432	0.11439999999856809	RippleTimeIntervals		21285.9704		
21286.3136	0.08399999999892316	UpDownStatesTimeIntervals			DOWN	
21286.5528	0.20799999999871943	UpDownStatesTimeIntervals			UP	
21287.2072	0.08559999999852153	UpDownStatesTimeIntervals			UP	
21287.5376	0.13279999999940628	RippleTimeIntervals		21287.6536		
21287.6312	0.19919999999910942	UpDownStatesTimeIntervals			UP	
21289.0872	0.127199999998993	UpDownStatesTimeIntervals			UP	
21289.8144	0.11999999999898137	UpDownStatesTimeIntervals			UP	
21290.6224	0.11119999999937136	UpDownStatesTimeIntervals			UP	
21293.0	12.0	SleepStates				WAKEstate
21305.5088	0.07440000000133296	RippleTimeIntervals		21305.5544		
21306.0	20.0	SleepStates				NREMstate
21308.1008	0.12559999999939464	UpDownStatesTimeIntervals			UP	
21308.7704	0.1455999999998312	UpDownStatesTimeIntervals			UP	
21309.6936	0.37520000000222353	UpDownStatesTimeIntervals			UP	
21310.5408	0.18879999999990105	UpDownStatesTimeIntervals			UP	
21310.8616	0.07200000000011642	UpDownStatesTimeIntervals			DOWN	
21311.2712	0.1088000000017928	UpDownStatesTimeIntervals			UP	
21311.8272	0.12800000000061118	UpDownStatesTimeIntervals			UP	
21312.4888	0.1264000000010128	UpDownStatesTimeIntervals			UP	
21314.3552	0.15759999999863794	UpDownStatesTimeIntervals			UP	
21315.0416	0.13360000000102445	UpDownStatesTimeIntervals			UP	
21316.8608	0.12000000000261934	UpDownStatesTimeIntervals			UP	
21318.504	0.17439999999987776	UpDownStatesTimeIntervals			UP	
21319.4608	0.13919999999779975	UpDownStatesTimeIntervals			UP	
21320.3656	0.15199999999822467	UpDownStatesTimeIntervals			UP	
21321.0752	0.12960000000020955	UpDownStatesTimeIntervals			UP	
21321.5824	0.1224000000001979	UpDownStatesTimeIntervals			UP	
21323.7712	0.21440000000075088	UpDownStatesTimeIntervals			UP	
21324.4616	0.11520000000018626	UpDownStatesTimeIntervals			UP	
21325.4416	0.12080000000059954	UpDownStatesTimeIntervals			UP	
21326.0152	0.12399999999979627	UpDownStatesTimeIntervals			UP	
21327.0	62.0	SleepStates				WAKEstate
21335.0256	0.030399999999644933	RippleTimeIntervals		21335.0312		
21342.8168	0.040000000000873115	RippleTimeIntervals		21342.8248		
21346.828	0.06159999999727006	RippleTimeIntervals		21346.8384		
21372.26	0.07840000000214786	RippleTimeIntervals		21372.2808		
21384.1416	0.04320000000006985	RippleTimeIntervals		21384.1696		
21390.0	10.0	SleepStates				NREMstate
21391.0792	0.14879999999902793	UpDownStatesTimeIntervals			UP	
21392.4392	0.27039999999760767	UpDownStatesTimeIntervals			UP	
21393.584	0.14320000000225264	UpDownStatesTimeIntervals			UP	
21394.172	0.12960000000020955	UpDownStatesTimeIntervals			UP	
21394.6624	0.08559999999852153	RippleTimeIntervals		21394.7384		
21394.7224	0.08960000000297441	UpDownStatesTimeIntervals			UP	
21395.1568	0.16799999999784632	UpDownStatesTimeIntervals			UP	
21401.0	37.0	SleepStates				WAKEstate
21438.4096	0.1224000000001979	UpDownStatesTimeIntervals			UP	
21439.0	20.0	SleepStates				NREMstate
21439.2288	0.0959999999977299	UpDownStatesTimeIntervals			UP	
21439.7624	0.07760000000052969	RippleTimeIntervals		21439.7984		
21439.848	0.13519999999698484	UpDownStatesTimeIntervals			UP	
21440.3344	0.17360000000189757	UpDownStatesTimeIntervals			UP	
21441.212	0.12320000000181608	UpDownStatesTimeIntervals			UP	
21441.7088	0.2128000000011525	UpDownStatesTimeIntervals			UP	
21442.312	0.08799999999973807	UpDownStatesTimeIntervals			UP	
21443.0344	0.15759999999863794	UpDownStatesTimeIntervals			UP	
21444.3464	0.0632000000005064	UpDownStatesTimeIntervals			DOWN	
21444.5912	0.20160000000032596	UpDownStatesTimeIntervals			UP	
21448.464	0.12080000000059954	UpDownStatesTimeIntervals			UP	
21449.1776	0.18879999999990105	UpDownStatesTimeIntervals			UP	
21449.4776	0.2000000000007276	UpDownStatesTimeIntervals			DOWN	
21449.6776	0.10560000000259606	UpDownStatesTimeIntervals			UP	
21450.2192	0.15200000000186265	UpDownStatesTimeIntervals			UP	
21451.2024	0.11200000000098953	UpDownStatesTimeIntervals			UP	
21451.644	0.39359999999942374	UpDownStatesTimeIntervals			UP	
21452.4816	0.13920000000143773	UpDownStatesTimeIntervals			UP	
21453.1136	0.16799999999784632	UpDownStatesTimeIntervals			DOWN	
21454.0088	0.13279999999940628	UpDownStatesTimeIntervals			UP	
21455.5688	0.14479999999821302	UpDownStatesTimeIntervals			UP	
21457.1184	0.1640000000006694	UpDownStatesTimeIntervals			UP	
21457.9648	0.1279999999969732	UpDownStatesTimeIntervals			UP	
21460.0	23.0	SleepStates				WAKEstate
21483.8288	0.19039999999949941	UpDownStatesTimeIntervals			UP	
21484.0	46.0	SleepStates				NREMstate
21484.3576	0.22079999999914435	UpDownStatesTimeIntervals			UP	
21484.3624	0.0591999999996915	RippleTimeIntervals		21484.3704		
21485.0528	0.09519999999974971	UpDownStatesTimeIntervals			UP	
21485.6584	0.13039999999818974	UpDownStatesTimeIntervals			UP	
21487.2496	0.18640000000232249	UpDownStatesTimeIntervals			UP	
21488.1456	0.1592000000018743	UpDownStatesTimeIntervals			DOWN	
21491.2808	0.10959999999977299	UpDownStatesTimeIntervals			UP	
21496.2656	0.24560000000201399	UpDownStatesTimeIntervals			UP	
21496.8968	0.0864000000001397	UpDownStatesTimeIntervals			UP	
21497.3304	0.11040000000139116	UpDownStatesTimeIntervals			UP	
21499.4392	0.13520000000062282	UpDownStatesTimeIntervals			UP	
21500.0632	0.07279999999809661	UpDownStatesTimeIntervals			UP	
21500.512	0.14719999999942956	UpDownStatesTimeIntervals			UP	
21501.176	0.12800000000061118	UpDownStatesTimeIntervals			UP	
21501.9952	0.3175999999984924	UpDownStatesTimeIntervals			UP	
21502.6696	0.07999999999810825	UpDownStatesTimeIntervals			DOWN	
21503.1848	0.14640000000144937	UpDownStatesTimeIntervals			UP	
21505.0192	0.3032000000021071	UpDownStatesTimeIntervals			UP	
21507.5896	0.12960000000020955	UpDownStatesTimeIntervals			UP	
21507.904	0.09680000000298605	RippleTimeIntervals		21507.9816		
21507.9184	0.29839999999967404	UpDownStatesTimeIntervals			UP	
21508.9528	0.23359999999956926	UpDownStatesTimeIntervals			UP	
21509.5584	0.118399999999383	UpDownStatesTimeIntervals			UP	
21510.6312	0.1408000000010361	UpDownStatesTimeIntervals			UP	
21511.3304	0.14320000000225264	UpDownStatesTimeIntervals			UP	
21512.2824	0.17520000000149594	UpDownStatesTimeIntervals			DOWN	
21512.4576	0.17439999999987776	UpDownStatesTimeIntervals			UP	
21515.1608	0.3103999999984808	UpDownStatesTimeIntervals			UP	
21516.4144	0.14079999999739812	UpDownStatesTimeIntervals			UP	
21517.3696	0.1735999999982596	UpDownStatesTimeIntervals			DOWN	
21518.0	0.2007999999987078	UpDownStatesTimeIntervals			UP	
21526.0136	0.1760000000031141	UpDownStatesTimeIntervals			DOWN	
21526.3904	0.1408000000010361	UpDownStatesTimeIntervals			UP	
21531.0	44.0	SleepStates				WAKEstate
21575.5784	0.0768000000025495	RippleTimeIntervals		21575.6328		
21598.4048	0.024000000001251465	RippleTimeIntervals		21598.4088		
21599.5576	0.030399999999644933	RippleTimeIntervals		21599.5784		
21601.6088	0.0415999999968335	RippleTimeIntervals		21601.6232		
21652.4168	0.14240000000063446	RippleTimeIntervals		21652.4672		
21652.8816	0.22479999999995925	RippleTimeIntervals		21652.912		
21653.6528	0.09440000000176951	RippleTimeIntervals		21653.6568		
21653.9776	0.19200000000273576	RippleTimeIntervals		21654.0496		
21681.5728	0.06799999999930151	RippleTimeIntervals		21681.5744		
21709.3808	0.053599999999278225	RippleTimeIntervals		21709.4248		
21721.8672	0.028800000000046566	RippleTimeIntervals		21721.8944		
21730.8248	0.03840000000127475	RippleTimeIntervals		21730.8448		
21750.0424	0.048800000000483124	RippleTimeIntervals		21750.0664		
21772.284	0.04799999999886495	RippleTimeIntervals		21772.3064		
21774.4048	0.05679999999847496	RippleTimeIntervals		21774.4552		
21775.9416	0.05520000000251457	RippleTimeIntervals		21775.9608		
21781.376	0.04160000000047148	RippleTimeIntervals		21781.396		
21788.8056	0.08559999999852153	RippleTimeIntervals		21788.8816		
21796.3	0.053599999999278225	RippleTimeIntervals		21796.3232		
21808.684	0.0632000000005064	RippleTimeIntervals		21808.7072		
21824.7944	0.024800000002869638	RippleTimeIntervals		21824.8104		
21831.2456	0.07440000000133296	RippleTimeIntervals		21831.2992		
21842.1704	0.11920000000100117	RippleTimeIntervals		21842.248		
21857.6856	0.048800000000483124	RippleTimeIntervals		21857.6864		
21865.04	0.047200000000884756	RippleTimeIntervals		21865.0456		
21893.2232	0.031200000001263106	RippleTimeIntervals		21893.2432		
21895.4712	0.0319999999992433	RippleTimeIntervals		21895.4992		
21909.728	0.033600000002479646	RippleTimeIntervals		21909.7296		
21923.284	0.10959999999977299	RippleTimeIntervals		21923.3016		
21930.7144	0.035199999998440035	RippleTimeIntervals		21930.7248		
21942.032	0.03280000000086147	RippleTimeIntervals		21942.0432		
21965.3272	0.048800000000483124	RippleTimeIntervals		21965.3424		
21976.8832	0.08399999999892316	RippleTimeIntervals		21976.9664		
22006.5856	0.04560000000128639	RippleTimeIntervals		22006.6096		
22015.3384	0.035199999998440035	RippleTimeIntervals		22015.3728		
22017.472	0.05279999999766005	RippleTimeIntervals		22017.492		
22030.2424	0.08320000000094296	RippleTimeIntervals		22030.316		
22034.76	0.026400000002468005	RippleTimeIntervals		22034.7672		
22049.2128	0.03440000000045984	RippleTimeIntervals		22049.2376		
22059.2992	0.053599999999278225	RippleTimeIntervals		22059.3248		
22062.4096	0.07200000000011642	RippleTimeIntervals		22062.4608		
22077.724	0.03440000000045984	RippleTimeIntervals		22077.7424		
22081.0496	0.06400000000212458	RippleTimeIntervals		22081.0872		
22110.4096	0.04080000000249129	RippleTimeIntervals		22110.4264		
22128.3712	0.12479999999777647	RippleTimeIntervals		22128.4144		
22128.8192	0.0959999999977299	RippleTimeIntervals		22128.8864		
22151.2224	0.05520000000251457	RippleTimeIntervals		22151.2752		
22155.1352	0.0272000000004482	RippleTimeIntervals		22155.1512		
22163.2544	0.11199999999735155	RippleTimeIntervals		22163.3232		
22198.4608	0.12800000000061118	RippleTimeIntervals		22198.5304		
22198.8784	0.03919999999925494	RippleTimeIntervals		22198.8984		
22209.9104	0.025600000000849832	RippleTimeIntervals		22209.9136		
22244.7808	0.19359999999869615	RippleTimeIntervals		22244.956		
22245.228	0.144800000001851	RippleTimeIntervals		22245.2592		
22260.676	0.04079999999885331	RippleTimeIntervals		22260.6944		
22260.9952	0.02479999999923166	RippleTimeIntervals		22261.0176		
22264.3472	0.09360000000015134	RippleTimeIntervals		22264.368		
22272.0312	0.04559999999764841	RippleTimeIntervals		22272.0696		
22273.588	0.044799999999668216	RippleTimeIntervals		22273.5896		
22277.7936	0.037599999999656575	RippleTimeIntervals		22277.82		
22318.8496	0.05040000000008149	RippleTimeIntervals		22318.876		
22319.324	0.044799999999668216	RippleTimeIntervals		22319.3592		
22326.3296	0.053599999999278225	RippleTimeIntervals		22326.3568		
22332.64	0.14400000000023283	RippleTimeIntervals		22332.664		
22333.12	0.1088000000017928	RippleTimeIntervals		22333.1928		
22351.2448	0.04079999999885331	RippleTimeIntervals		22351.2512		
22353.1672	0.06480000000010477	RippleTimeIntervals		22353.1888		
22362.0	13.0	SleepStates				NREMstate
22362.2328	0.12159999999857973	UpDownStatesTimeIntervals			UP	
22363.1824	0.1279999999969732	UpDownStatesTimeIntervals			UP	
22365.0776	0.1775999999990745	UpDownStatesTimeIntervals			UP	
22365.8496	0.11279999999896972	UpDownStatesTimeIntervals			UP	
22366.4288	0.118399999999383	UpDownStatesTimeIntervals			DOWN	
22367.1592	0.25600000000122236	UpDownStatesTimeIntervals			UP	
22369.2872	0.1320000000014261	UpDownStatesTimeIntervals			UP	
22369.868	0.12000000000261934	UpDownStatesTimeIntervals			UP	
22370.5208	0.13839999999981956	UpDownStatesTimeIntervals			UP	
22370.712	0.14400000000023283	RippleTimeIntervals		22370.8048		
22373.416	0.1863999999986845	UpDownStatesTimeIntervals			UP	
22374.0808	0.14719999999942956	UpDownStatesTimeIntervals			DOWN	
22374.228	0.2952000000004773	UpDownStatesTimeIntervals			UP	
22374.8464	0.0904000000009546	UpDownStatesTimeIntervals			UP	
22376.0	14.0	SleepStates				WAKEstate
22391.0	10.0	SleepStates				NREMstate
22391.0472	0.11119999999937136	UpDownStatesTimeIntervals			UP	
22391.5784	0.136000000002241	UpDownStatesTimeIntervals			UP	
22392.2456	0.12480000000141445	UpDownStatesTimeIntervals			UP	
22392.84	0.1320000000014261	UpDownStatesTimeIntervals			UP	
22394.1392	0.11759999999776483	UpDownStatesTimeIntervals			UP	
22396.104	0.15200000000186265	UpDownStatesTimeIntervals			UP	
22397.1144	0.10959999999977299	UpDownStatesTimeIntervals			UP	
22397.2776	0.042399999998451676	UpDownStatesTimeIntervals			DOWN	
22398.1056	0.153600000001461	UpDownStatesTimeIntervals			UP	
22398.8976	0.14240000000063446	UpDownStatesTimeIntervals			UP	
22398.9416	0.12480000000141445	RippleTimeIntervals		22399.0472		
22401.2448	0.24239999999917927	UpDownStatesTimeIntervals			UP	
22402.0	92.0	SleepStates				WAKEstate
22416.4368	0.056000000000494765	RippleTimeIntervals		22416.4608		
22418.5896	0.09679999999934807	RippleTimeIntervals		22418.6192		
22422.2928	0.07840000000214786	RippleTimeIntervals		22422.3112		
22491.7128	0.044799999999668216	RippleTimeIntervals		22491.7464		
22494.6528	0.1264000000010128	UpDownStatesTimeIntervals			UP	
22495.0	13.0	SleepStates				NREMstate
22495.8128	0.11520000000018626	UpDownStatesTimeIntervals			UP	
22496.2536	0.2736000000004424	UpDownStatesTimeIntervals			UP	
22500.5144	0.16560000000026776	UpDownStatesTimeIntervals			UP	
22502.9	0.16319999999905122	UpDownStatesTimeIntervals			UP	
22503.3496	0.13039999999818974	RippleTimeIntervals		22503.408		
22503.5168	0.08559999999852153	UpDownStatesTimeIntervals			UP	
22504.2632	0.20160000000032596	UpDownStatesTimeIntervals			UP	
22504.9064	0.10559999999895808	UpDownStatesTimeIntervals			UP	
22505.9056	0.11040000000139116	UpDownStatesTimeIntervals			UP	
22506.684	0.22639999999955762	UpDownStatesTimeIntervals			UP	
22531.3424	0.035199999998440035	RippleTimeIntervals		22531.364		
22539.4944	0.07679999999891152	RippleTimeIntervals		22539.5096		
22560.9752	0.11599999999816646	RippleTimeIntervals		22561.0456		
22575.7816	0.10640000000057626	RippleTimeIntervals		22575.8496		
22578.0584	0.04959999999846332	RippleTimeIntervals		22578.0848		
22583.5176	0.06560000000172295	RippleTimeIntervals		22583.528		
22591.892	0.0319999999992433	RippleTimeIntervals		22591.896		
22613.428	0.0319999999992433	RippleTimeIntervals		22613.436		
22618.3416	0.04160000000047148	RippleTimeIntervals		22618.3712		
22619.948	0.023199999999633292	RippleTimeIntervals		22619.9512		
22622.0512	0.03439999999682186	RippleTimeIntervals		22622.076		
22623.868	0.06880000000091968	RippleTimeIntervals		22623.9264		
22635.6184	0.09920000000056461	RippleTimeIntervals		22635.6488		
22646.8512	0.0319999999992433	RippleTimeIntervals		22646.8784		
22658.5616	0.05760000000009313	RippleTimeIntervals		22658.5872		
22658.8672	0.19280000000071595	RippleTimeIntervals		22659.0328		
22662.7104	0.04400000000168802	RippleTimeIntervals		22662.7208		
22662.8696	0.05199999999967986	RippleTimeIntervals		22662.9064		
22663.4144	0.035199999998440035	RippleTimeIntervals		22663.4296		
22666.1352	0.028800000000046566	RippleTimeIntervals		22666.1608		
22669.3536	0.05760000000009313	RippleTimeIntervals		22669.3696		
22682.6496	0.08559999999852153	RippleTimeIntervals		22682.6904		
22698.2552	0.03919999999925494	RippleTimeIntervals		22698.2856		
22709.5056	0.047200000000884756	RippleTimeIntervals		22709.54		
22719.9008	0.05280000000129803	RippleTimeIntervals		22719.916		
22730.1168	0.04959999999846332	RippleTimeIntervals		22730.1264		
22758.4032	0.0367999999980384	RippleTimeIntervals		22758.4224		
22822.7248	0.031200000001263106	RippleTimeIntervals		22822.7352		
22824.7664	0.027999999998428393	RippleTimeIntervals		22824.776		
22831.9568	0.048800000000483124	RippleTimeIntervals		22831.9896		
22836.6176	0.05679999999847496	RippleTimeIntervals		22836.628		
22839.0752	0.0856000000021595	RippleTimeIntervals		22839.1528		
22860.0536	0.08399999999892316	RippleTimeIntervals		22860.128		
22868.828	0.06959999999889988	RippleTimeIntervals		22868.8408		
22881.8384	0.0272000000004482	RippleTimeIntervals		22881.848		
22912.7784	0.05040000000008149	RippleTimeIntervals		22912.8208		
22924.14	0.04400000000168802	RippleTimeIntervals		22924.1816		
22945.2408	0.03280000000086147	RippleTimeIntervals		22945.2496		
22955.1152	0.02479999999923166	RippleTimeIntervals		22955.1264		
22971.0856	0.03840000000127475	RippleTimeIntervals		22971.1032		
22971.4744	0.04560000000128639	RippleTimeIntervals		22971.4936		
22990.9632	0.09440000000176951	RippleTimeIntervals		22991.0096		
23002.1776	0.03840000000127475	RippleTimeIntervals		23002.2048		
23015.604	0.11999999999898137	RippleTimeIntervals		23015.6536		
23032.7336	0.0272000000004482	RippleTimeIntervals		23032.744		
23033.928	0.03600000000005821	RippleTimeIntervals		23033.9472		
23035.0224	0.04320000000006985	RippleTimeIntervals		23035.0512		
23037.408	0.044799999999668216	RippleTimeIntervals		23037.4136		
23038.8304	0.06639999999970314	RippleTimeIntervals		23038.8872		
23054.5032	0.035200000002078013	RippleTimeIntervals		23054.5264		
23061.4984	0.025600000000849832	RippleTimeIntervals		23061.504		
23064.6768	0.046399999999266583	RippleTimeIntervals		23064.6984		
23088.216	0.030399999999644933	RippleTimeIntervals		23088.2368		
23090.704	0.044799999999668216	RippleTimeIntervals		23090.7392		
23103.2824	0.04560000000128639	RippleTimeIntervals		23103.2984		
23133.0976	0.062399999998888234	RippleTimeIntervals		23133.124		
23146.9384	0.21680000000196742	UpDownStatesTimeIntervals			UP	
23147.0	10.0	SleepStates				NREMstate
23147.58	0.12399999999979627	UpDownStatesTimeIntervals			DOWN	
23147.704	0.1224000000001979	UpDownStatesTimeIntervals			UP	
23148.412	0.1640000000006694	UpDownStatesTimeIntervals			UP	
23151.2096	0.1320000000014261	UpDownStatesTimeIntervals			UP	
23152.2248	0.2504000000008091	UpDownStatesTimeIntervals			UP	
23155.3808	0.22479999999995925	UpDownStatesTimeIntervals			UP	
23155.9544	0.22560000000157743	UpDownStatesTimeIntervals			UP	
23156.6368	0.08880000000135624	UpDownStatesTimeIntervals			UP	
23158.0	16.0	SleepStates				WAKEstate
23175.0	8.0	SleepStates				NREMstate
23176.3944	0.1815999999998894	UpDownStatesTimeIntervals			DOWN	
23176.4704	0.11520000000018626	RippleTimeIntervals		23176.5664		
23176.576	0.23040000000037253	UpDownStatesTimeIntervals			UP	
23177.5304	0.15520000000105938	RippleTimeIntervals		23177.5808		
23179.4408	0.13920000000143773	UpDownStatesTimeIntervals			UP	
23179.5896	0.24560000000201399	UpDownStatesTimeIntervals			DOWN	
23184.0	13.0	SleepStates				WAKEstate
23198.0	12.0	SleepStates				NREMstate
23198.984	0.14800000000104774	RippleTimeIntervals		23199.0328		
23202.016	0.26000000000203727	UpDownStatesTimeIntervals			UP	
23202.6256	0.06639999999970314	UpDownStatesTimeIntervals			DOWN	
23202.692	0.1584000000002561	UpDownStatesTimeIntervals			UP	
23206.9632	0.05280000000129803	UpDownStatesTimeIntervals			DOWN	
23207.016	0.18879999999990105	UpDownStatesTimeIntervals			UP	
23207.6072	0.153600000001461	UpDownStatesTimeIntervals			UP	
23211.0	15.0	SleepStates				WAKEstate
23226.4504	0.1551999999974214	UpDownStatesTimeIntervals			UP	
23227.0	7.0	SleepStates				NREMstate
23232.3544	0.16159999999945285	UpDownStatesTimeIntervals			UP	
23232.88	0.12399999999979627	UpDownStatesTimeIntervals			UP	
23233.4872	0.10080000000016298	UpDownStatesTimeIntervals			UP	
23235.0	18.0	SleepStates				WAKEstate
23254.0	12.0	SleepStates				NREMstate
23254.0352	0.13119999999980791	UpDownStatesTimeIntervals			UP	
23254.5104	0.2680000000000291	UpDownStatesTimeIntervals			DOWN	
23254.7784	0.2175999999999476	UpDownStatesTimeIntervals			UP	
23258.0144	0.22479999999995925	UpDownStatesTimeIntervals			UP	
23258.6688	0.2312000000019907	UpDownStatesTimeIntervals			DOWN	
23260.14	0.1136000000005879	UpDownStatesTimeIntervals			UP	
23261.136	0.1808000000019092	UpDownStatesTimeIntervals			UP	
23262.0536	0.13279999999940628	UpDownStatesTimeIntervals			UP	
23263.572	0.11520000000018626	UpDownStatesTimeIntervals			UP	
23264.196	0.12559999999939464	UpDownStatesTimeIntervals			UP	
23264.3936	0.028000000002066372	UpDownStatesTimeIntervals			DOWN	
23264.6928	0.10879999999815482	UpDownStatesTimeIntervals			UP	
23267.0	59.0	SleepStates				WAKEstate
23312.928	3830.015966666666	epochs	fCamk3_201102_154412			
23336.2352	0.05040000000008149	RippleTimeIntervals		23336.2408		
23336.596	0.06639999999970314	RippleTimeIntervals		23336.5976		
23342.324	0.06719999999768334	RippleTimeIntervals		23342.3472		
23359.144	0.047200000000884756	RippleTimeIntervals		23359.1744		
23377.6288	0.026400000002468005	RippleTimeIntervals		23377.6392		
23395.6208	0.037599999999656575	RippleTimeIntervals		23395.628		
23417.7664	0.0639999999984866	RippleTimeIntervals		23417.7704		
23445.3408	0.05199999999967986	RippleTimeIntervals		23445.3784		
23473.3584	0.023999999997613486	RippleTimeIntervals		23473.3808		
23521.4328	0.03200000000288128	RippleTimeIntervals		23521.4496		
23522.5	0.05280000000129803	RippleTimeIntervals		23522.5056		
23526.8864	0.020000000000436557	RippleTimeIntervals		23526.8968		
23544.44	0.03280000000086147	RippleTimeIntervals		23544.4608		
23546.068	0.048800000000483124	RippleTimeIntervals		23546.1072		
23554.7712	0.04080000000249129	RippleTimeIntervals		23554.8		
23560.7496	0.06079999999928987	RippleTimeIntervals		23560.7624		
23579.5744	0.05679999999847496	RippleTimeIntervals		23579.5752		
23585.556	0.04560000000128639	RippleTimeIntervals		23585.56		
23590.9488	0.042400000002089655	RippleTimeIntervals		23590.9504		
23609.7464	0.03600000000005821	RippleTimeIntervals		23609.7472		
23636.464	0.06160000000090804	RippleTimeIntervals		23636.4672		
23658.4768	0.06799999999930151	RippleTimeIntervals		23658.484		
23662.3496	0.059999999997671694	RippleTimeIntervals		23662.3768		
23673.0664	0.03600000000005821	RippleTimeIntervals		23673.1		
23692.5712	0.06000000000130967	RippleTimeIntervals		23692.5776		
23715.7528	0.07200000000011642	RippleTimeIntervals		23715.824		
23773.0056	0.042399999998451676	RippleTimeIntervals		23773.0072		
23781.7488	0.028800000000046566	RippleTimeIntervals		23781.7744		
23790.6704	0.0319999999992433	RippleTimeIntervals		23790.6904		
23810.3952	0.0816000000013446	RippleTimeIntervals		23810.452		
23815.1776	0.040000000000873115	RippleTimeIntervals		23815.2096		
23820.248	0.026399999998830026	RippleTimeIntervals		23820.252		
23835.0984	0.044799999999668216	RippleTimeIntervals		23835.1272		
23842.8328	0.02960000000166474	RippleTimeIntervals		23842.8592		
23844.2568	0.04320000000006985	RippleTimeIntervals		23844.2744		
23845.7944	0.05280000000129803	RippleTimeIntervals		23845.8288		
23850.472	0.118399999999383	RippleTimeIntervals		23850.564		
23866.1344	0.05520000000251457	RippleTimeIntervals		23866.1416		
23872.444	0.06160000000090804	RippleTimeIntervals		23872.4488		
23878.0776	0.07839999999850988	RippleTimeIntervals		23878.1384		
23886.3712	0.027999999998428393	RippleTimeIntervals		23886.3736		
23899.2992	0.044799999999668216	RippleTimeIntervals		23899.3032		
23908.6432	0.05280000000129803	RippleTimeIntervals		23908.6568		
23924.1032	0.04959999999846332	RippleTimeIntervals		23924.144		
23985.0816	0.05679999999847496	RippleTimeIntervals		23985.1		
24004.3232	0.10000000000218279	RippleTimeIntervals		24004.3496		
24025.7216	0.03919999999925494	RippleTimeIntervals		24025.7408		
24033.4248	0.048800000000483124	RippleTimeIntervals		24033.4496		
24037.8296	0.03600000000005821	RippleTimeIntervals		24037.8472		
24054.3832	0.030399999999644933	RippleTimeIntervals		24054.392		
24132.38	0.11439999999856809	RippleTimeIntervals		24132.3824		
24147.6784	0.09999999999854481	RippleTimeIntervals		24147.7352		
24150.2816	0.06640000000334112	RippleTimeIntervals		24150.3336		
24205.3736	0.15680000000065775	RippleTimeIntervals		24205.4216		
24213.0792	0.048800000000483124	RippleTimeIntervals		24213.1088		
24214.288	0.056000000000494765	RippleTimeIntervals		24214.3016		
24219.9488	0.053600000002916204	RippleTimeIntervals		24219.984		
24242.0176	0.05760000000009313	RippleTimeIntervals		24242.0728		
24243.192	0.07280000000173459	RippleTimeIntervals		24243.2048		
24252.7792	0.0272000000004482	RippleTimeIntervals		24252.8032		
24279.116	0.037599999999656575	RippleTimeIntervals		24279.1464		
24293.632	0.05679999999847496	RippleTimeIntervals		24293.6712		
24336.7192	0.06400000000212458	RippleTimeIntervals		24336.7544		
24346.9952	0.08239999999932479	RippleTimeIntervals		24346.9992		
24360.476	0.06720000000132131	RippleTimeIntervals		24360.4928		
24385.6744	0.06880000000091968	RippleTimeIntervals		24385.7416		
24388.748	0.026399999998830026	RippleTimeIntervals		24388.7672		
24404.2144	0.040000000000873115	RippleTimeIntervals		24404.2408		
24406.9744	0.05280000000129803	RippleTimeIntervals		24406.996		
24408.3464	0.06480000000010477	RippleTimeIntervals		24408.3568		
24409.2216	0.047200000000884756	RippleTimeIntervals		24409.2592		
24411.3304	0.0544000000008964	RippleTimeIntervals		24411.3672		
24413.3272	0.0272000000004482	RippleTimeIntervals		24413.3448		
24443.1488	0.04400000000168802	RippleTimeIntervals		24443.1856		
24446.9184	0.06639999999970314	RippleTimeIntervals		24446.92		
24457.5144	0.05679999999847496	RippleTimeIntervals		24457.5552		
24503.2744	0.10160000000178115	RippleTimeIntervals		24503.296		
24517.124	0.09279999999853317	RippleTimeIntervals		24517.1504		
24530.8352	0.026399999998830026	RippleTimeIntervals		24530.8456		
24537.4992	0.10720000000219443	RippleTimeIntervals		24537.5984		
24537.6672	0.051200000001699664	RippleTimeIntervals		24537.672		
24548.0656	0.05279999999766005	RippleTimeIntervals		24548.0944		
24552.8776	0.09760000000096625	RippleTimeIntervals		24552.8928		
24555.3344	0.08559999999852153	RippleTimeIntervals		24555.3736		
24557.464	0.06880000000091968	RippleTimeIntervals		24557.4688		
24562.256	0.06639999999970314	RippleTimeIntervals		24562.284		
24566.316	0.0591999999996915	RippleTimeIntervals		24566.3664		
24575.6328	0.07120000000213622	RippleTimeIntervals		24575.6976		
24585.1704	0.0816000000013446	RippleTimeIntervals		24585.1952		
24592.288	0.023199999999633292	RippleTimeIntervals		24592.292		
24599.1336	0.03839999999763677	RippleTimeIntervals		24599.1344		
24606.272	0.044799999999668216	RippleTimeIntervals		24606.2728		
24608.5544	0.04399999999805004	RippleTimeIntervals		24608.5712		
24610.46	0.06880000000091968	RippleTimeIntervals		24610.5272		
24614.948	0.031200000001263106	RippleTimeIntervals		24614.9616		
24624.348	0.04319999999643187	RippleTimeIntervals		24624.3896		
24628.3152	0.11679999999978463	RippleTimeIntervals		24628.3568		
24635.8824	0.053600000002916204	RippleTimeIntervals		24635.9288		
24641.9888	0.0856000000021595	RippleTimeIntervals		24642.0032		
24647.6784	0.062399999998888234	RippleTimeIntervals		24647.7112		
24654.4496	0.056000000000494765	RippleTimeIntervals		24654.4512		
24657.2152	0.06960000000253785	RippleTimeIntervals		24657.2256		
24664.1456	0.053599999999278225	RippleTimeIntervals		24664.1848		
24664.2712	0.0544000000008964	RippleTimeIntervals		24664.2896		
24668.2792	0.0319999999992433	RippleTimeIntervals		24668.3016		
24696.8424	0.03839999999763677	RippleTimeIntervals		24696.88		
24702.26	0.04080000000249129	RippleTimeIntervals		24702.3		
24734.2368	0.0864000000001397	RippleTimeIntervals		24734.244		
24739.8952	0.035200000002078013	RippleTimeIntervals		24739.9224		
24781.4096	0.0816000000013446	RippleTimeIntervals		24781.4728		
24784.1216	0.047200000000884756	RippleTimeIntervals		24784.1608		
24790.7232	0.08239999999932479	RippleTimeIntervals		24790.7296		
24791.1	0.060800000002927845	RippleTimeIntervals		24791.144		
24791.7928	0.04560000000128639	RippleTimeIntervals		24791.7976		
24792.192	0.02960000000166474	RippleTimeIntervals		24792.2128		
24814.1656	0.04079999999885331	RippleTimeIntervals		24814.1888		
24817.54	0.03280000000086147	RippleTimeIntervals		24817.572		
24818.3496	0.09759999999732827	RippleTimeIntervals		24818.4392		
24830.7696	0.07600000000093132	RippleTimeIntervals		24830.8064		
24834.5544	0.0632000000005064	RippleTimeIntervals		24834.5824		
24840.4856	0.047200000000884756	RippleTimeIntervals		24840.496		
24850.7568	0.06560000000172295	RippleTimeIntervals		24850.7896		
24852.1064	0.05519999999887659	RippleTimeIntervals		24852.1544		
24857.2952	0.044799999999668216	RippleTimeIntervals		24857.3384		
24868.1656	0.046399999999266583	RippleTimeIntervals		24868.1728		
24871.056	0.08480000000054133	RippleTimeIntervals		24871.1312		
24872.4232	0.03440000000045984	RippleTimeIntervals		24872.4328		
24886.5488	0.0319999999992433	RippleTimeIntervals		24886.5496		
24891.108	0.07440000000133296	RippleTimeIntervals		24891.1808		
24898.7696	0.030399999999644933	RippleTimeIntervals		24898.7824		
24915.836	0.14719999999942956	RippleTimeIntervals		24915.8384		
24918.1432	0.06400000000212458	RippleTimeIntervals		24918.1728		
24920.0232	0.07600000000093132	RippleTimeIntervals		24920.0392		
24926.0256	0.08719999999811989	RippleTimeIntervals		24926.0784		
24926.2656	0.031200000001263106	RippleTimeIntervals		24926.2744		
24942.6432	0.04560000000128639	RippleTimeIntervals		24942.6704		
24943.152	0.06960000000253785	RippleTimeIntervals		24943.1664		
24948.6448	0.03840000000127475	RippleTimeIntervals		24948.6784		
24949.2728	0.035200000002078013	RippleTimeIntervals		24949.2976		
24949.6664	0.05040000000008149	RippleTimeIntervals		24949.6672		
24969.5264	0.08480000000054133	RippleTimeIntervals		24969.5544		
24969.688	0.0544000000008964	RippleTimeIntervals		24969.6928		
24991.5448	0.048800000000483124	RippleTimeIntervals		24991.552		
25030.8232	0.037599999999656575	RippleTimeIntervals		25030.8344		
25031.7368	0.06000000000130967	RippleTimeIntervals		25031.7448		
25038.1264	0.04959999999846332	RippleTimeIntervals		25038.1632		
25059.2904	0.04559999999764841	RippleTimeIntervals		25059.324		
25076.4984	0.13360000000102445	RippleTimeIntervals		25076.6112		
25077.9208	0.07760000000052969	RippleTimeIntervals		25077.9432		
25081.8832	0.03840000000127475	RippleTimeIntervals		25081.908		
25082.9752	0.0319999999992433	RippleTimeIntervals		25082.976		
25129.8584	0.062399999998888234	RippleTimeIntervals		25129.8616		
25130.6888	0.05760000000009313	RippleTimeIntervals		25130.6912		
25134.4496	0.047200000000884756	RippleTimeIntervals		25134.4504		
25146.94	0.04080000000249129	RippleTimeIntervals		25146.9712		
25147.06	0.051199999998061685	RippleTimeIntervals		25147.0808		
25152.0728	0.0415999999968335	RippleTimeIntervals		25152.1088		
25158.3632	0.04320000000006985	RippleTimeIntervals		25158.3944		
25159.324	0.03840000000127475	RippleTimeIntervals		25159.3256		
25160.8312	0.05679999999847496	RippleTimeIntervals		25160.8784		
25167.3296	0.0319999999992433	RippleTimeIntervals		25167.3536		
25183.6168	0.04320000000006985	RippleTimeIntervals		25183.644		
25194.9296	0.07840000000214786	RippleTimeIntervals		25194.9504		
25206.8712	0.06319999999686843	RippleTimeIntervals		25206.8792		
25214.9272	0.035200000002078013	RippleTimeIntervals		25214.9576		
25250.2048	0.04160000000047148	RippleTimeIntervals		25250.2368		
25255.884	0.03440000000045984	RippleTimeIntervals		25255.9096		
25256.1856	0.056000000000494765	RippleTimeIntervals		25256.2328		
25258.7632	0.051199999998061685	RippleTimeIntervals		25258.7808		
25261.2216	0.06079999999928987	RippleTimeIntervals		25261.2752		
25272.0432	0.07600000000093132	RippleTimeIntervals		25272.1096		
25275.748	0.09519999999974971	RippleTimeIntervals		25275.756		
25299.688	0.08320000000094296	RippleTimeIntervals		25299.6896		
25349.3984	0.08480000000054133	RippleTimeIntervals		25349.4056		
25352.2112	0.035199999998440035	RippleTimeIntervals		25352.216		
25367.4048	0.051199999998061685	RippleTimeIntervals		25367.4456		
25372.4968	0.030399999999644933	RippleTimeIntervals		25372.512		
25373.736	0.06719999999768334	RippleTimeIntervals		25373.7936		
25374.6024	0.037599999999656575	RippleTimeIntervals		25374.6384		
25381.2216	0.03440000000045984	RippleTimeIntervals		25381.2416		
25384.5224	0.03359999999884167	RippleTimeIntervals		25384.5368		
25384.72	0.02479999999923166	RippleTimeIntervals		25384.7432		
25384.8528	0.04320000000006985	RippleTimeIntervals		25384.8736		
25393.5672	0.0319999999992433	RippleTimeIntervals		25393.5848		
25405.0288	0.04160000000047148	RippleTimeIntervals		25405.0536		
25406.7784	0.037599999999656575	RippleTimeIntervals		25406.8064		
25412.112	0.0864000000001397	RippleTimeIntervals		25412.1696		
25415.8824	0.05280000000129803	RippleTimeIntervals		25415.9128		
25419.332	0.03200000000288128	RippleTimeIntervals		25419.3416		
25419.764	0.023199999999633292	RippleTimeIntervals		25419.7776		
25423.3216	0.04320000000006985	RippleTimeIntervals		25423.3304		
25427.1776	0.053599999999278225	RippleTimeIntervals		25427.192		
25427.8912	0.03840000000127475	RippleTimeIntervals		25427.9216		
25437.6504	0.044799999999668216	RippleTimeIntervals		25437.684		
25443.8888	0.0367999999980384	RippleTimeIntervals		25443.9224		
25447.2256	0.058399999998073326	RippleTimeIntervals		25447.2448		
25450.4472	0.06160000000090804	RippleTimeIntervals		25450.448		
25455.6784	0.04320000000006985	RippleTimeIntervals		25455.7136		
25471.8816	0.04160000000047148	RippleTimeIntervals		25471.9224		
25478.9576	0.04799999999886495	RippleTimeIntervals		25478.98		
25485.2552	0.021600000000034925	RippleTimeIntervals		25485.2672		
25488.4184	0.05680000000211294	RippleTimeIntervals		25488.4384		
25496.1928	0.044799999999668216	RippleTimeIntervals		25496.228		
25502.7072	0.04079999999885331	RippleTimeIntervals		25502.724		
25503.4472	0.051200000001699664	RippleTimeIntervals		25503.4808		
25515.912	0.05040000000008149	RippleTimeIntervals		25515.9264		
25557.7824	0.03680000000167638	RippleTimeIntervals		25557.7896		
25563.484	0.03840000000127475	RippleTimeIntervals		25563.5176		
25579.8176	0.025600000000849832	RippleTimeIntervals		25579.8256		
25587.9376	0.03839999999763677	RippleTimeIntervals		25587.948		
25607.62	0.046399999999266583	RippleTimeIntervals		25607.6232		
25630.708	0.07359999999971478	RippleTimeIntervals		25630.78		
25645.996	0.026400000002468005	RippleTimeIntervals		25645.9968		
25671.1912	0.032799999997223495	RippleTimeIntervals		25671.2208		
25683.7832	0.042399999998451676	RippleTimeIntervals		25683.8176		
25690.8664	0.04560000000128639	RippleTimeIntervals		25690.9024		
25693.3128	0.0639999999984866	RippleTimeIntervals		25693.3208		
25719.396	0.04160000000047148	RippleTimeIntervals		25719.4328		
25760.6848	0.06720000000132131	RippleTimeIntervals		25760.6976		
25768.5496	0.04560000000128639	RippleTimeIntervals		25768.576		
25774.8824	0.023199999999633292	RippleTimeIntervals		25774.9016		
25796.0536	0.037599999999656575	RippleTimeIntervals		25796.0744		
25800.4176	0.08079999999972642	RippleTimeIntervals		25800.4656		
25801.3304	0.07920000000012806	RippleTimeIntervals		25801.3568		
25810.968	0.0591999999996915	RippleTimeIntervals		25810.9768		
25826.2776	0.02479999999923166	RippleTimeIntervals		25826.2904		
25831.056	0.0367999999980384	RippleTimeIntervals		25831.084		
25838.0352	0.04080000000249129	RippleTimeIntervals		25838.0392		
25840.1936	0.05520000000251457	RippleTimeIntervals		25840.2248		
25852.0872	0.07039999999688007	RippleTimeIntervals		25852.0888		
25858.2384	0.05280000000129803	RippleTimeIntervals		25858.2392		
25863.8576	0.047200000000884756	RippleTimeIntervals		25863.8624		
25910.576	0.04799999999886495	RippleTimeIntervals		25910.6192		
25916.9328	0.04640000000290456	RippleTimeIntervals		25916.9496		
25917.7504	0.10080000000016298	RippleTimeIntervals		25917.7824		
25923.1392	0.06719999999768334	RippleTimeIntervals		25923.148		
25927.0824	0.0544000000008964	RippleTimeIntervals		25927.0904		
25931.1328	0.031200000001263106	RippleTimeIntervals		25931.1616		
25948.384	0.04080000000249129	RippleTimeIntervals		25948.3944		
25959.4552	0.1584000000002561	RippleTimeIntervals		25959.456		
25966.5392	0.07280000000173459	RippleTimeIntervals		25966.5792		
25971.8888	0.02479999999923166	RippleTimeIntervals		25971.9128		
25984.0984	0.04800000000250293	RippleTimeIntervals		25984.1024		
25985.272	0.0632000000005064	RippleTimeIntervals		25985.2864		
25990.6312	0.08480000000054133	RippleTimeIntervals		25990.6328		
25991.3832	0.035199999998440035	RippleTimeIntervals		25991.3912		
25997.0656	0.04959999999846332	RippleTimeIntervals		25997.1136		
26002.5712	0.07200000000011642	RippleTimeIntervals		26002.6232		
26010.0784	0.05760000000009313	RippleTimeIntervals		26010.0848		
26059.2232	0.12960000000020955	RippleTimeIntervals		26059.2536		
26072.4344	0.04320000000006985	RippleTimeIntervals		26072.4392		
26088.6464	0.05679999999847496	RippleTimeIntervals		26088.6808		
26097.6288	0.11040000000139116	RippleTimeIntervals		26097.6296		
26119.4064	0.04560000000128639	RippleTimeIntervals		26119.4424		
26127.664	0.06880000000091968	RippleTimeIntervals		26127.7264		
26147.4248	0.05760000000009313	RippleTimeIntervals		26147.48		
26157.912	0.04079999999885331	RippleTimeIntervals		26157.9464		
26168.048	0.07760000000052969	RippleTimeIntervals		26168.052		
26189.2904	0.04079999999885331	RippleTimeIntervals		26189.2928		
26195.5632	0.04320000000006985	RippleTimeIntervals		26195.5744		
26205.7816	0.05200000000331784	RippleTimeIntervals		26205.7912		
26247.4024	0.05280000000129803	RippleTimeIntervals		26247.4128		
26266.2472	0.0415999999968335	RippleTimeIntervals		26266.2568		
26278.5656	0.026399999998830026	RippleTimeIntervals		26278.5808		
26280.1456	0.0591999999996915	RippleTimeIntervals		26280.1952		
26292.052	0.08799999999973807	RippleTimeIntervals		26292.1392		
26298.0576	0.053599999999278225	RippleTimeIntervals		26298.08		
26303.5584	0.05679999999847496	RippleTimeIntervals		26303.5704		
26310.9416	0.04800000000250293	RippleTimeIntervals		26310.9736		
26312.7216	0.07279999999809661	RippleTimeIntervals		26312.7352		
26327.1304	0.04080000000249129	RippleTimeIntervals		26327.1312		
26328.1632	0.0272000000004482	RippleTimeIntervals		26328.1888		
26342.7032	0.06160000000090804	RippleTimeIntervals		26342.7072		
26351.0832	0.05040000000008149	RippleTimeIntervals		26351.1208		
26355.5528	0.07279999999809661	RippleTimeIntervals		26355.6096		
26384.648	0.05760000000009313	RippleTimeIntervals		26384.6872		
26390.7232	0.10320000000137952	RippleTimeIntervals		26390.8232		
26390.8792	0.06160000000090804	RippleTimeIntervals		26390.9128		
26410.532	0.0591999999996915	RippleTimeIntervals		26410.5504		
26414.0496	0.08799999999973807	RippleTimeIntervals		26414.084		
26427.0576	0.04400000000168802	RippleTimeIntervals		26427.0872		
26447.1032	0.0911999999989348	RippleTimeIntervals		26447.1904		
26457.9936	0.06959999999889988	RippleTimeIntervals		26458.0304		
26527.864	0.06159999999727006	RippleTimeIntervals		26527.8712		
26529.5056	0.06559999999808497	RippleTimeIntervals		26529.5176		
26551.9104	0.035199999998440035	RippleTimeIntervals		26551.9336		
26563.0744	0.06559999999808497	RippleTimeIntervals		26563.1064		
26565.5456	0.04719999999724678	RippleTimeIntervals		26565.5888		
26575.8248	0.06160000000090804	RippleTimeIntervals		26575.8304		
26577.8616	0.035199999998440035	RippleTimeIntervals		26577.884		
26589.1184	0.058400000001711305	RippleTimeIntervals		26589.1704		
26609.4992	0.031200000001263106	RippleTimeIntervals		26609.5224		
26612.0816	0.07279999999809661	RippleTimeIntervals		26612.1456		
26618.1352	0.02959999999802676	RippleTimeIntervals		26618.152		
26638.9872	0.08720000000175787	RippleTimeIntervals		26639.0304		
26664.5464	0.06400000000212458	RippleTimeIntervals		26664.552		
26674.0328	0.02479999999923166	RippleTimeIntervals		26674.056		
26677.5432	0.04320000000006985	RippleTimeIntervals		26677.5728		
26686.8448	0.05520000000251457	RippleTimeIntervals		26686.892		
26715.8008	0.04320000000006985	RippleTimeIntervals		26715.8096		
26719.7184	0.03919999999925494	RippleTimeIntervals		26719.7208		
26720.3864	0.028000000002066372	RippleTimeIntervals		26720.3936		
26742.6568	0.07519999999931315	RippleTimeIntervals		26742.6584		
26755.5072	0.019199999998818384	RippleTimeIntervals		26755.512		
26759.9288	0.01999999999679858	RippleTimeIntervals		26759.944		
26761.7432	0.030399999999644933	RippleTimeIntervals		26761.7728		
26763.3576	0.047200000000884756	RippleTimeIntervals		26763.3768		
26773.3448	0.024800000002869638	RippleTimeIntervals		26773.3632		
26776.6352	0.05040000000008149	RippleTimeIntervals		26776.676		
26778.6288	0.06480000000010477	RippleTimeIntervals		26778.6856		
26786.3072	0.028000000002066372	RippleTimeIntervals		26786.3288		
26793.0288	0.040000000000873115	RippleTimeIntervals		26793.0352		
26803.2464	0.021600000000034925	RippleTimeIntervals		26803.2672		
26807.076	0.03839999999763677	RippleTimeIntervals		26807.1008		
26811.5232	0.026399999998830026	RippleTimeIntervals		26811.528		
26820.7192	0.03440000000045984	RippleTimeIntervals		26820.7448		
26830.5536	0.0319999999992433	RippleTimeIntervals		26830.5792		
26883.0808	0.0272000000004482	RippleTimeIntervals		26883.1024		
26892.6192	0.028800000000046566	RippleTimeIntervals		26892.6248		
26895.2944	0.025600000000849832	RippleTimeIntervals		26895.3144		
26901.4384	0.04560000000128639	RippleTimeIntervals		26901.4704		
26919.7776	0.048800000000483124	RippleTimeIntervals		26919.8008		
26923.5552	0.03680000000167638	RippleTimeIntervals		26923.5632		
26925.9128	0.04560000000128639	RippleTimeIntervals		26925.9144		
26932.3016	0.03280000000086147	RippleTimeIntervals		26932.3112		
26947.8168	0.023199999999633292	RippleTimeIntervals		26947.828		
26952.9272	0.031200000001263106	RippleTimeIntervals		26952.9488		
26955.2784	0.031200000001263106	RippleTimeIntervals		26955.3		
26964.8064	0.03839999999763677	RippleTimeIntervals		26964.8424		
26968.292	0.03440000000045984	RippleTimeIntervals		26968.3144		
26971.0224	0.042399999998451676	RippleTimeIntervals		26971.0568		
26983.1944	0.04560000000128639	RippleTimeIntervals		26983.2104		
26992.4136	0.02960000000166474	RippleTimeIntervals		26992.4376		
26993.876	0.021600000000034925	RippleTimeIntervals		26993.8784		
27005.7792	0.030399999999644933	RippleTimeIntervals		27005.808		
27009.232	0.03359999999884167	RippleTimeIntervals		27009.252		
27010.5712	0.035200000002078013	RippleTimeIntervals		27010.5984		
27013.8944	0.02959999999802676	RippleTimeIntervals		27013.9032		
27014.1128	0.042400000002089655	RippleTimeIntervals		27014.1256		
27024.8472	0.0319999999992433	RippleTimeIntervals		27024.848		
27035.964	0.06880000000091968	RippleTimeIntervals		27035.9656		
27038.2608	0.031200000001263106	RippleTimeIntervals		27038.2856		
27042.712	0.09440000000176951	RippleTimeIntervals		27042.7144		
27054.0928	0.020000000000436557	RippleTimeIntervals		27054.1024		
27055.324	0.026399999998830026	RippleTimeIntervals		27055.3456		
27055.612	0.05199999999967986	RippleTimeIntervals		27055.6192		
27058.952	0.03600000000005821	RippleTimeIntervals		27058.9848		
27066.5608	0.05040000000008149	RippleTimeIntervals		27066.5656		
27078.6528	0.12320000000181608	RippleTimeIntervals		27078.6552		
27098.3464	0.02960000000166474	RippleTimeIntervals		27098.3736		
27099.1472	0.037599999999656575	RippleTimeIntervals		27099.1632		
27099.3008	0.047200000000884756	RippleTimeIntervals		27099.3448		
27108.5528	0.0367999999980384	RippleTimeIntervals		27108.5872		
27112.544	0.03359999999884167	RippleTimeIntervals		27112.568		
27113.5656	0.05040000000008149	RippleTimeIntervals		27113.6128		
27115.7432	0.04320000000006985	RippleTimeIntervals		27115.7824		
27116.296	0.04560000000128639	RippleTimeIntervals		27116.3104		
27118.7912	0.040000000000873115	RippleTimeIntervals		27118.8232		
27125.7112	0.04079999999885331	RippleTimeIntervals		27125.7128		
27126.8888	0.026399999998830026	RippleTimeIntervals		27126.912		
27136.8744	0.026399999998830026	RippleTimeIntervals		27136.8912		
27140.4392	0.07359999999971478	RippleTimeIntervals		27140.4408		
27142.944	5501.727966666665	epochs	fCamk3_201102_164836			
27143.0	119.0	SleepStates				WAKEstate
27152.1592	0.033600000002479646	RippleTimeIntervals		27152.1632		
27156.8224	0.10800000000017462	RippleTimeIntervals		27156.8512		
27179.0424	0.1488000000026659	RippleTimeIntervals		27179.0448		
27245.8392	0.028000000002066372	RippleTimeIntervals		27245.8584		
27262.7712	0.12960000000020955	UpDownStatesTimeIntervals			UP	
27263.0	12.0	SleepStates				NREMstate
27263.3264	0.12479999999777647	UpDownStatesTimeIntervals			UP	
27264.296	0.15760000000227592	UpDownStatesTimeIntervals			UP	
27265.6224	0.08719999999811989	UpDownStatesTimeIntervals			UP	
27266.1672	0.22399999999834108	UpDownStatesTimeIntervals			UP	
27266.8512	0.15120000000024447	UpDownStatesTimeIntervals			UP	
27267.712	0.056000000000494765	RippleTimeIntervals		27267.764		
27268.244	0.25200000000040745	UpDownStatesTimeIntervals			UP	
27268.8824	0.26640000000043074	UpDownStatesTimeIntervals			UP	
27270.0112	0.17120000000068103	UpDownStatesTimeIntervals			UP	
27271.256	0.1959999999999127	UpDownStatesTimeIntervals			UP	
27271.8976	0.0911999999989348	UpDownStatesTimeIntervals			UP	
27272.4656	0.27040000000124564	UpDownStatesTimeIntervals			UP	
27272.992	0.05280000000129803	UpDownStatesTimeIntervals			UP	
27273.3672	0.09279999999853317	UpDownStatesTimeIntervals			DOWN	
27273.46	0.22560000000157743	UpDownStatesTimeIntervals			UP	
27273.952	0.16959999999744468	UpDownStatesTimeIntervals			UP	
27274.7232	0.14800000000104774	UpDownStatesTimeIntervals			UP	
27275.1952	0.11200000000098953	UpDownStatesTimeIntervals			UP	
27276.0	57.0	SleepStates				WAKEstate
27281.1856	0.118399999999383	RippleTimeIntervals		27281.2104		
27299.856	0.053599999999278225	RippleTimeIntervals		27299.8808		
27328.4264	0.15999999999985448	RippleTimeIntervals		27328.56		
27334.0	14.0	SleepStates				NREMstate
27334.7648	0.1543999999994412	UpDownStatesTimeIntervals			UP	
27335.3608	0.11440000000220607	UpDownStatesTimeIntervals			DOWN	
27336.2096	0.11840000000302098	UpDownStatesTimeIntervals			UP	
27336.9648	0.12960000000020955	UpDownStatesTimeIntervals			UP	
27337.8848	0.21919999999954598	UpDownStatesTimeIntervals			DOWN	
27338.104	0.13279999999940628	UpDownStatesTimeIntervals			UP	
27338.9824	0.16479999999864958	UpDownStatesTimeIntervals			UP	
27340.0792	0.12960000000020955	UpDownStatesTimeIntervals			UP	
27340.8368	0.11599999999816646	UpDownStatesTimeIntervals			UP	
27341.2568	0.0816000000013446	UpDownStatesTimeIntervals			DOWN	
27341.3384	0.14879999999902793	UpDownStatesTimeIntervals			UP	
27342.0288	0.1496000000006461	UpDownStatesTimeIntervals			UP	
27344.8416	0.1320000000014261	UpDownStatesTimeIntervals			UP	
27345.604	0.17360000000189757	UpDownStatesTimeIntervals			UP	
27345.8176	0.06240000000252621	UpDownStatesTimeIntervals			DOWN	
27346.1912	0.05439999999725842	RippleTimeIntervals		27346.1952		
27347.024	0.1463999999978114	UpDownStatesTimeIntervals			UP	
27348.2528	0.07280000000173459	RippleTimeIntervals		27348.3192		
27349.0	84.0	SleepStates				WAKEstate
27378.5056	0.06559999999808497	RippleTimeIntervals		27378.5704		
27402.9184	0.03200000000288128	RippleTimeIntervals		27402.944		
27413.576	0.05279999999766005	RippleTimeIntervals		27413.5968		
27428.5616	0.0319999999992433	RippleTimeIntervals		27428.5624		
27434.0	8.0	SleepStates				NREMstate
27435.9408	0.3080000000009022	UpDownStatesTimeIntervals			UP	
27436.4224	0.07359999999971478	UpDownStatesTimeIntervals			DOWN	
27437.4144	0.19679999999789288	UpDownStatesTimeIntervals			UP	
27437.8264	0.2583999999988009	UpDownStatesTimeIntervals			DOWN	
27438.4736	0.15759999999863794	UpDownStatesTimeIntervals			UP	
27438.8112	0.05199999999967986	UpDownStatesTimeIntervals			DOWN	
27439.56	0.11999999999898137	UpDownStatesTimeIntervals			UP	
27440.0352	0.26640000000043074	UpDownStatesTimeIntervals			UP	
27441.52	0.13520000000062282	UpDownStatesTimeIntervals			UP	
27442.5536	0.2800000000024738	UpDownStatesTimeIntervals			UP	
27443.0	8.0	SleepStates				WAKEstate
27451.0872	0.22399999999834108	RippleTimeIntervals		27451.1128		
27452.0	9.0	SleepStates				NREMstate
27452.7856	0.13999999999941792	UpDownStatesTimeIntervals			UP	
27454.2032	0.118399999999383	UpDownStatesTimeIntervals			UP	
27457.9168	0.1320000000014261	UpDownStatesTimeIntervals			UP	
27458.7728	0.22800000000279397	UpDownStatesTimeIntervals			UP	
27459.5896	0.13520000000062282	UpDownStatesTimeIntervals			UP	
27460.5632	0.1543999999994412	UpDownStatesTimeIntervals			UP	
27461.124	0.254400000001624	UpDownStatesTimeIntervals			UP	
27462.0	14.0	SleepStates				WAKEstate
27472.3856	0.12399999999979627	RippleTimeIntervals		27472.4792		
27473.3928	0.14479999999821302	RippleTimeIntervals		27473.4904		
27477.0	9.0	SleepStates				NREMstate
27477.0464	0.11520000000018626	UpDownStatesTimeIntervals			UP	
27478.1496	0.21199999999953434	UpDownStatesTimeIntervals			UP	
27480.284	0.17039999999906286	UpDownStatesTimeIntervals			UP	
27480.7976	0.2831999999980326	UpDownStatesTimeIntervals			UP	
27481.604	0.17439999999987776	UpDownStatesTimeIntervals			UP	
27483.2312	0.14160000000265427	UpDownStatesTimeIntervals			UP	
27483.8512	0.1728000000002794	UpDownStatesTimeIntervals			UP	
27484.4696	0.1415999999990163	UpDownStatesTimeIntervals			UP	
27487.0	8.0	SleepStates				WAKEstate
27496.0	22.0	SleepStates				NREMstate
27496.748	0.22560000000157743	UpDownStatesTimeIntervals			UP	
27497.212	0.1952000000019325	UpDownStatesTimeIntervals			UP	
27498.32	0.1368000000002212	UpDownStatesTimeIntervals			UP	
27499.3544	0.24320000000079744	UpDownStatesTimeIntervals			UP	
27500.5528	0.1455999999998312	UpDownStatesTimeIntervals			UP	
27503.0264	0.0272000000004482	RippleTimeIntervals		27503.052		
27504.844	0.27520000000004075	UpDownStatesTimeIntervals			UP	
27505.892	0.13999999999941792	UpDownStatesTimeIntervals			UP	
27507.2904	0.1543999999994412	UpDownStatesTimeIntervals			UP	
27507.5184	0.05040000000008149	RippleTimeIntervals		27507.5512		
27507.6696	0.22159999999712454	UpDownStatesTimeIntervals			UP	
27508.5904	0.13919999999779975	UpDownStatesTimeIntervals			UP	
27509.584	0.20960000000195578	UpDownStatesTimeIntervals			UP	
27510.8696	0.15999999999985448	UpDownStatesTimeIntervals			UP	
27512.0216	0.12559999999939464	UpDownStatesTimeIntervals			UP	
27512.492	0.12320000000181608	UpDownStatesTimeIntervals			UP	
27512.6288	0.19440000000031432	UpDownStatesTimeIntervals			DOWN	
27513.176	0.18800000000192085	UpDownStatesTimeIntervals			DOWN	
27513.364	0.1735999999982596	UpDownStatesTimeIntervals			UP	
27515.0712	0.1455999999998312	UpDownStatesTimeIntervals			UP	
27515.848	0.22879999999713618	UpDownStatesTimeIntervals			UP	
27516.4408	0.13999999999941792	UpDownStatesTimeIntervals			UP	
27517.2368	0.1808000000019092	UpDownStatesTimeIntervals			UP	
27518.1464	0.23919999999998254	UpDownStatesTimeIntervals			UP	
27519.0	8.0	SleepStates				WAKEstate
27528.0	16.0	SleepStates				NREMstate
27528.2336	0.06079999999928987	RippleTimeIntervals		27528.2352		
27528.5568	0.12480000000141445	UpDownStatesTimeIntervals			UP	
27529.0696	0.20640000000275904	UpDownStatesTimeIntervals			UP	
27529.8784	0.09439999999813153	UpDownStatesTimeIntervals			DOWN	
27529.9728	0.144800000001851	UpDownStatesTimeIntervals			UP	
27531.7248	0.2040000000015425	UpDownStatesTimeIntervals			UP	
27532.7336	0.04400000000168802	UpDownStatesTimeIntervals			DOWN	
27532.7776	0.13279999999940628	UpDownStatesTimeIntervals			UP	
27533.4176	0.05519999999887659	UpDownStatesTimeIntervals			DOWN	
27533.4728	0.18800000000192085	UpDownStatesTimeIntervals			UP	
27533.9512	0.2088000000003376	UpDownStatesTimeIntervals			UP	
27536.1096	0.1775999999990745	RippleTimeIntervals		27536.1656		
27536.3024	0.18479999999908614	UpDownStatesTimeIntervals			UP	
27536.4432	0.18799999999828287	RippleTimeIntervals		27536.4528		
27537.3104	0.17360000000189757	UpDownStatesTimeIntervals			UP	
27538.296	0.24800000000323053	UpDownStatesTimeIntervals			UP	
27539.7136	0.25200000000040745	UpDownStatesTimeIntervals			UP	
27541.1296	0.12399999999979627	UpDownStatesTimeIntervals			UP	
27542.2664	0.15680000000065775	UpDownStatesTimeIntervals			UP	
27542.7944	0.12800000000061118	UpDownStatesTimeIntervals			UP	
27543.3168	0.22160000000076252	UpDownStatesTimeIntervals			UP	
27543.9016	0.10239999999976135	UpDownStatesTimeIntervals			UP	
27545.0	13.0	SleepStates				WAKEstate
27559.0	9.0	SleepStates				NREMstate
27562.3424	0.09679999999934807	UpDownStatesTimeIntervals			UP	
27562.8672	0.1136000000005879	UpDownStatesTimeIntervals			UP	
27563.716	0.21119999999791617	UpDownStatesTimeIntervals			UP	
27564.3592	0.1687999999994645	UpDownStatesTimeIntervals			UP	
27564.9208	0.27040000000124564	UpDownStatesTimeIntervals			UP	
27565.428	0.10959999999977299	UpDownStatesTimeIntervals			UP	
27569.0	13.0	SleepStates				WAKEstate
27577.9592	0.10239999999976135	RippleTimeIntervals		27577.972		
27580.8152	0.10879999999815482	RippleTimeIntervals		27580.8888		
27583.0	13.0	SleepStates				NREMstate
27595.6224	0.1408000000010361	RippleTimeIntervals		27595.668		
27597.0	27.0	SleepStates				WAKEstate
27625.0	11.0	SleepStates				NREMstate
27627.1864	0.028800000000046566	RippleTimeIntervals		27627.1944		
27632.8736	0.04800000000250293	RippleTimeIntervals		27632.8752		
27637.0	84.0	SleepStates				WAKEstate
27652.0744	0.0591999999996915	RippleTimeIntervals		27652.0752		
27698.2488	0.05519999999887659	RippleTimeIntervals		27698.2504		
27707.1984	0.0959999999977299	RippleTimeIntervals		27707.2768		
27713.352	0.042400000002089655	RippleTimeIntervals		27713.3544		
27722.0	7.0	SleepStates				NREMstate
27730.0	29.0	SleepStates				WAKEstate
27760.0	12.0	SleepStates				NREMstate
27760.1328	0.03600000000005821	RippleTimeIntervals		27760.1672		
27773.0	33.0	SleepStates				WAKEstate
27807.0	29.0	SleepStates				NREMstate
27818.084	0.07519999999931315	RippleTimeIntervals		27818.1384		
27823.5712	0.10160000000178115	RippleTimeIntervals		27823.5768		
27835.848	0.0415999999968335	RippleTimeIntervals		27835.8824		
27837.0	28.0	SleepStates				WAKEstate
27849.3056	0.05519999999887659	RippleTimeIntervals		27849.3064		
27866.0	12.0	SleepStates				NREMstate
27876.1896	0.08799999999973807	RippleTimeIntervals		27876.2336		
27879.0	9.0	SleepStates				WAKEstate
27879.1248	0.09839999999894644	RippleTimeIntervals		27879.128		
27889.0	46.0	SleepStates				NREMstate
27896.5744	0.02959999999802676	RippleTimeIntervals		27896.5872		
27902.5888	0.03359999999884167	RippleTimeIntervals		27902.62		
27913.912	0.04959999999846332	RippleTimeIntervals		27913.9176		
27924.5256	0.04399999999805004	RippleTimeIntervals		27924.5376		
27936.0	23.0	SleepStates				WAKEstate
27951.54	0.06799999999930151	RippleTimeIntervals		27951.6048		
27951.6992	0.06880000000091968	RippleTimeIntervals		27951.7024		
27960.0	9.0	SleepStates				NREMstate
27964.3432	0.05280000000129803	RippleTimeIntervals		27964.3816		
27970.0	18.0	SleepStates				WAKEstate
27989.0	7.0	SleepStates				NREMstate
27990.192	0.12960000000020955	UpDownStatesTimeIntervals			UP	
27990.6056	0.19360000000233413	UpDownStatesTimeIntervals			UP	
27991.1768	0.05760000000009313	UpDownStatesTimeIntervals			DOWN	
27991.2344	0.227999999999156	UpDownStatesTimeIntervals			UP	
27992.6536	0.3047999999980675	UpDownStatesTimeIntervals			UP	
27993.436	0.2415999999975611	UpDownStatesTimeIntervals			DOWN	
27993.6776	0.12320000000181608	UpDownStatesTimeIntervals			UP	
27994.2352	0.1415999999990163	UpDownStatesTimeIntervals			UP	
27995.5208	0.18240000000150758	UpDownStatesTimeIntervals			UP	
27996.1648	0.16560000000026776	UpDownStatesTimeIntervals			UP	
27996.6832	0.1408000000010361	UpDownStatesTimeIntervals			UP	
27997.0	7.0	SleepStates				WAKEstate
28005.0	741.0	SleepStates				NREMstate
28005.8336	0.16719999999986612	UpDownStatesTimeIntervals			UP	
28006.424	0.16480000000228756	UpDownStatesTimeIntervals			UP	
28007.1464	0.15599999999903957	UpDownStatesTimeIntervals			UP	
28007.7328	0.1368000000002212	UpDownStatesTimeIntervals			UP	
28009.8608	0.12320000000181608	UpDownStatesTimeIntervals			UP	
28010.984	0.33919999999852735	UpDownStatesTimeIntervals			UP	
28011.6392	0.1455999999998312	UpDownStatesTimeIntervals			UP	
28012.6904	0.19280000000071595	UpDownStatesTimeIntervals			UP	
28013.2624	0.19280000000071595	UpDownStatesTimeIntervals			UP	
28013.8456	0.22639999999955762	UpDownStatesTimeIntervals			UP	
28014.6536	0.1224000000001979	UpDownStatesTimeIntervals			UP	
28015.1552	0.15599999999903957	UpDownStatesTimeIntervals			UP	
28015.7464	0.12320000000181608	UpDownStatesTimeIntervals			UP	
28016.2296	0.13839999999981956	UpDownStatesTimeIntervals			UP	
28016.8376	0.15040000000226428	UpDownStatesTimeIntervals			UP	
28017.5816	0.25759999999718275	UpDownStatesTimeIntervals			DOWN	
28017.9448	0.1463999999978114	UpDownStatesTimeIntervals			UP	
28021.6	0.13920000000143773	UpDownStatesTimeIntervals			UP	
28021.6888	0.05280000000129803	RippleTimeIntervals		28021.6896		
28022.0472	0.1959999999999127	UpDownStatesTimeIntervals			UP	
28024.3576	0.06160000000090804	UpDownStatesTimeIntervals			DOWN	
28024.5632	0.22000000000116415	UpDownStatesTimeIntervals			UP	
28025.1376	0.26000000000203727	UpDownStatesTimeIntervals			UP	
28026.212	0.14640000000144937	UpDownStatesTimeIntervals			UP	
28027.4248	0.3423999999977241	UpDownStatesTimeIntervals			UP	
28028.3768	0.136000000002241	UpDownStatesTimeIntervals			UP	
28030.128	0.09679999999934807	RippleTimeIntervals		28030.2192		
28030.2168	0.1815999999998894	UpDownStatesTimeIntervals			UP	
28030.8192	0.2495999999991909	UpDownStatesTimeIntervals			UP	
28033.4792	0.26080000000001746	UpDownStatesTimeIntervals			UP	
28035.32	0.15279999999984284	UpDownStatesTimeIntervals			UP	
28036.0296	0.22639999999955762	UpDownStatesTimeIntervals			UP	
28037.3312	0.14400000000023283	UpDownStatesTimeIntervals			UP	
28041.6352	0.21039999999993597	UpDownStatesTimeIntervals			UP	
28042.696	0.12960000000020955	UpDownStatesTimeIntervals			DOWN	
28042.9296	0.18240000000150758	UpDownStatesTimeIntervals			UP	
28046.9496	0.13119999999980791	UpDownStatesTimeIntervals			UP	
28049.3968	0.11520000000018626	UpDownStatesTimeIntervals			UP	
28056.116	0.127199999998993	UpDownStatesTimeIntervals			UP	
28056.4208	0.14719999999942956	UpDownStatesTimeIntervals			DOWN	
28057.3552	0.1503999999986263	UpDownStatesTimeIntervals			UP	
28062.768	0.15199999999822467	UpDownStatesTimeIntervals			UP	
28065.2384	0.18879999999990105	UpDownStatesTimeIntervals			UP	
28066.8656	0.15279999999984284	UpDownStatesTimeIntervals			UP	
28068.8616	0.1775999999990745	UpDownStatesTimeIntervals			UP	
28068.9616	0.06720000000132131	RippleTimeIntervals		28068.9632		
28070.5568	0.2352000000028056	UpDownStatesTimeIntervals			UP	
28075.772	0.13919999999779975	RippleTimeIntervals		28075.9032		
28076.448	0.23760000000038417	UpDownStatesTimeIntervals			UP	
28080.8376	0.17760000000271248	UpDownStatesTimeIntervals			UP	
28080.9144	0.1224000000001979	RippleTimeIntervals		28080.9664		
28081.6816	0.14319999999861466	UpDownStatesTimeIntervals			UP	
28082.8224	0.1496000000006461	UpDownStatesTimeIntervals			UP	
28085.7072	0.1224000000001979	UpDownStatesTimeIntervals			DOWN	
28086.0832	0.272000000000844	UpDownStatesTimeIntervals			UP	
28087.0352	0.1584000000002561	UpDownStatesTimeIntervals			UP	
28088.1696	0.26640000000043074	UpDownStatesTimeIntervals			UP	
28091.0784	0.15279999999984284	UpDownStatesTimeIntervals			UP	
28092.3408	0.12879999999859137	UpDownStatesTimeIntervals			UP	
28093.132	0.07519999999931315	UpDownStatesTimeIntervals			DOWN	
28093.4328	0.1264000000010128	UpDownStatesTimeIntervals			UP	
28095.2656	0.13999999999941792	UpDownStatesTimeIntervals			UP	
28095.6048	0.09360000000015134	UpDownStatesTimeIntervals			DOWN	
28095.8976	0.1415999999990163	UpDownStatesTimeIntervals			UP	
28097.0088	0.23919999999998254	UpDownStatesTimeIntervals			UP	
28097.6192	0.20720000000073924	UpDownStatesTimeIntervals			DOWN	
28098.6912	0.0632000000005064	UpDownStatesTimeIntervals			DOWN	
28098.7544	0.1959999999999127	UpDownStatesTimeIntervals			UP	
28102.9984	0.16240000000107102	UpDownStatesTimeIntervals			UP	
28107.3088	0.35200000000259024	UpDownStatesTimeIntervals			UP	
28108.2064	0.26560000000245054	UpDownStatesTimeIntervals			UP	
28108.7464	0.10559999999895808	UpDownStatesTimeIntervals			UP	
28109.44	0.25120000000242726	UpDownStatesTimeIntervals			UP	
28110.7616	0.22479999999995925	UpDownStatesTimeIntervals			UP	
28111.5576	0.14719999999942956	UpDownStatesTimeIntervals			UP	
28112.1624	0.07040000000051805	UpDownStatesTimeIntervals			DOWN	
28112.2328	0.11119999999937136	UpDownStatesTimeIntervals			UP	
28112.8104	0.1264000000010128	UpDownStatesTimeIntervals			UP	
28113.464	0.15120000000024447	UpDownStatesTimeIntervals			DOWN	
28114.6176	0.15359999999782303	UpDownStatesTimeIntervals			UP	
28114.792	0.31999999999970896	UpDownStatesTimeIntervals			DOWN	
28115.112	0.15759999999863794	UpDownStatesTimeIntervals			UP	
28115.688	0.263200000001234	UpDownStatesTimeIntervals			DOWN	
28115.9512	0.18400000000110595	UpDownStatesTimeIntervals			UP	
28116.84	0.20639999999912106	UpDownStatesTimeIntervals			DOWN	
28117.5712	0.18400000000110595	UpDownStatesTimeIntervals			DOWN	
28117.7552	0.2960000000020955	UpDownStatesTimeIntervals			UP	
28118.3896	0.12480000000141445	UpDownStatesTimeIntervals			UP	
28120.0008	0.1775999999990745	UpDownStatesTimeIntervals			UP	
28120.6664	0.17840000000069267	UpDownStatesTimeIntervals			UP	
28122.6032	0.14799999999740976	UpDownStatesTimeIntervals			UP	
28125.5288	0.1503999999986263	UpDownStatesTimeIntervals			UP	
28128.3192	0.23919999999998254	UpDownStatesTimeIntervals			UP	
28129.5024	0.1551999999974214	UpDownStatesTimeIntervals			UP	
28130.9776	0.1496000000006461	UpDownStatesTimeIntervals			UP	
28131.5672	0.16319999999905122	UpDownStatesTimeIntervals			UP	
28131.972	0.4503999999978987	UpDownStatesTimeIntervals			DOWN	
28132.4224	0.12960000000020955	UpDownStatesTimeIntervals			UP	
28135.0448	0.1264000000010128	UpDownStatesTimeIntervals			UP	
28135.9416	0.2800000000024738	UpDownStatesTimeIntervals			DOWN	
28137.9992	0.11120000000300934	UpDownStatesTimeIntervals			UP	
28138.9328	0.16160000000309083	UpDownStatesTimeIntervals			UP	
28140.26	0.1584000000002561	UpDownStatesTimeIntervals			UP	
28140.7784	0.1415999999990163	UpDownStatesTimeIntervals			UP	
28145.7856	0.12960000000020955	UpDownStatesTimeIntervals			UP	
28148.1848	0.17360000000189757	UpDownStatesTimeIntervals			UP	
28151.6536	0.13599999999860302	UpDownStatesTimeIntervals			UP	
28152.5656	0.15839999999661813	UpDownStatesTimeIntervals			UP	
28153.184	0.17919999999867287	UpDownStatesTimeIntervals			UP	
28155.7672	0.3264000000017404	UpDownStatesTimeIntervals			UP	
28157.2904	0.18879999999990105	UpDownStatesTimeIntervals			UP	
28158.0232	0.32159999999930733	UpDownStatesTimeIntervals			UP	
28162.7208	0.14719999999942956	UpDownStatesTimeIntervals			UP	
28163.3336	0.20159999999668798	UpDownStatesTimeIntervals			UP	
28165.62	0.17520000000149594	UpDownStatesTimeIntervals			UP	
28166.76	0.21600000000034925	UpDownStatesTimeIntervals			UP	
28167.7376	0.17519999999785796	UpDownStatesTimeIntervals			UP	
28168.264	0.14320000000225264	UpDownStatesTimeIntervals			UP	
28168.9336	0.25679999999920256	UpDownStatesTimeIntervals			UP	
28169.6392	0.07679999999891152	UpDownStatesTimeIntervals			DOWN	
28170.356	0.15999999999985448	UpDownStatesTimeIntervals			UP	
28171.6344	0.2360000000007858	UpDownStatesTimeIntervals			UP	
28174.532	0.3328000000001339	UpDownStatesTimeIntervals			UP	
28175.0872	0.22959999999875436	UpDownStatesTimeIntervals			DOWN	
28175.3168	0.1823999999978696	UpDownStatesTimeIntervals			UP	
28175.7616	0.3631999999997788	UpDownStatesTimeIntervals			UP	
28176.7632	0.24319999999715947	UpDownStatesTimeIntervals			UP	
28177.4008	0.10399999999935972	UpDownStatesTimeIntervals			DOWN	
28177.5048	0.25760000000082073	UpDownStatesTimeIntervals			UP	
28178.1344	0.18640000000232249	UpDownStatesTimeIntervals			UP	
28185.16	0.11439999999856809	UpDownStatesTimeIntervals			UP	
28185.5744	0.263199999997596	UpDownStatesTimeIntervals			DOWN	
28185.8376	0.18640000000232249	UpDownStatesTimeIntervals			UP	
28190.9984	0.2848000000012689	UpDownStatesTimeIntervals			UP	
28192.6328	0.03919999999925494	UpDownStatesTimeIntervals			DOWN	
28192.672	0.26959999999962747	UpDownStatesTimeIntervals			UP	
28195.3456	0.2088000000003376	UpDownStatesTimeIntervals			UP	
28196.2856	0.2080000000023574	UpDownStatesTimeIntervals			UP	
28197.5816	0.20239999999830616	UpDownStatesTimeIntervals			UP	
28199.044	0.31199999999807915	UpDownStatesTimeIntervals			UP	
28200.0368	0.11439999999856809	RippleTimeIntervals		28200.0448		
28200.528	0.1992000000027474	UpDownStatesTimeIntervals			UP	
28201.0544	0.13039999999818974	UpDownStatesTimeIntervals			DOWN	
28201.1848	0.20160000000032596	UpDownStatesTimeIntervals			UP	
28204.4272	0.1400000000030559	UpDownStatesTimeIntervals			UP	
28205.2792	0.047200000000884756	UpDownStatesTimeIntervals			DOWN	
28205.3264	0.15759999999863794	UpDownStatesTimeIntervals			UP	
28208.5416	0.17199999999866122	UpDownStatesTimeIntervals			UP	
28209.4352	0.26239999999961583	UpDownStatesTimeIntervals			UP	
28210.3664	0.2528000000020256	UpDownStatesTimeIntervals			UP	
28211.4752	0.13520000000062282	UpDownStatesTimeIntervals			DOWN	
28212.0336	0.21199999999953434	UpDownStatesTimeIntervals			DOWN	
28212.2456	0.153600000001461	UpDownStatesTimeIntervals			UP	
28213.06	0.0063999999983934686	UpDownStatesTimeIntervals			DOWN	
28215.0144	0.1503999999986263	UpDownStatesTimeIntervals			UP	
28217.0328	0.20399999999790452	UpDownStatesTimeIntervals			UP	
28218.6384	0.2688000000016473	UpDownStatesTimeIntervals			UP	
28219.3576	0.25200000000040745	UpDownStatesTimeIntervals			UP	
28219.9856	0.11119999999937136	UpDownStatesTimeIntervals			DOWN	
28220.3008	0.14799999999740976	UpDownStatesTimeIntervals			UP	
28221.6256	0.005600000000413274	UpDownStatesTimeIntervals			DOWN	
28221.6312	0.17599999999947613	UpDownStatesTimeIntervals			UP	
28222.812	0.05760000000009313	RippleTimeIntervals		28222.8504		
28223.1912	0.19839999999749125	UpDownStatesTimeIntervals			UP	
28223.9472	0.08480000000054133	UpDownStatesTimeIntervals			DOWN	
28224.032	0.2551999999996042	UpDownStatesTimeIntervals			UP	
28224.5216	0.14719999999942956	UpDownStatesTimeIntervals			UP	
28225.4064	0.21519999999873107	UpDownStatesTimeIntervals			DOWN	
28225.6216	0.153600000001461	UpDownStatesTimeIntervals			UP	
28227.2432	0.1775999999990745	UpDownStatesTimeIntervals			UP	
28230.2528	0.10000000000218279	RippleTimeIntervals		28230.2824		
28231.6904	0.39359999999942374	UpDownStatesTimeIntervals			UP	
28232.872	0.18960000000151922	UpDownStatesTimeIntervals			UP	
28234.04	0.22160000000076252	UpDownStatesTimeIntervals			UP	
28234.596	0.058399999998073326	UpDownStatesTimeIntervals			DOWN	
28234.8856	0.1584000000002561	UpDownStatesTimeIntervals			UP	
28235.5088	0.13040000000182772	UpDownStatesTimeIntervals			UP	
28235.9936	0.21039999999993597	UpDownStatesTimeIntervals			UP	
28237.0664	0.19280000000071595	UpDownStatesTimeIntervals			UP	
28238.1248	0.17519999999785796	UpDownStatesTimeIntervals			UP	
28239.4928	0.23280000000158907	UpDownStatesTimeIntervals			UP	
28240.0864	0.1496000000006461	UpDownStatesTimeIntervals			UP	
28240.732	0.1496000000006461	UpDownStatesTimeIntervals			UP	
28245.5984	0.3408000000017637	UpDownStatesTimeIntervals			UP	
28246.2128	0.17039999999906286	UpDownStatesTimeIntervals			DOWN	
28246.3832	0.2592000000004191	UpDownStatesTimeIntervals			UP	
28248.2536	0.08480000000054133	RippleTimeIntervals		28248.2568		
28252.3432	0.144800000001851	UpDownStatesTimeIntervals			UP	
28252.8056	0.23280000000158907	UpDownStatesTimeIntervals			UP	
28254.3448	0.1543999999994412	UpDownStatesTimeIntervals			UP	
28255.7696	0.16159999999945285	UpDownStatesTimeIntervals			UP	
28257.3656	0.14079999999739812	UpDownStatesTimeIntervals			UP	
28257.696	0.09999999999854481	UpDownStatesTimeIntervals			DOWN	
28258.3056	0.13760000000183936	UpDownStatesTimeIntervals			DOWN	
28259.6816	0.1088000000017928	UpDownStatesTimeIntervals			DOWN	
28259.7904	0.13359999999738648	UpDownStatesTimeIntervals			UP	
28260.2384	0.29760000000169384	UpDownStatesTimeIntervals			UP	
28260.3408	0.06639999999970314	RippleTimeIntervals		28260.3896		
28264.7968	0.15999999999985448	UpDownStatesTimeIntervals			UP	
28265.4808	0.1455999999998312	UpDownStatesTimeIntervals			UP	
28265.856	0.15520000000105938	UpDownStatesTimeIntervals			DOWN	
28266.0112	0.2415999999975611	UpDownStatesTimeIntervals			UP	
28266.1096	0.05519999999887659	RippleTimeIntervals		28266.1432		
28266.548	0.19440000000031432	UpDownStatesTimeIntervals			DOWN	
28267.5056	0.23760000000038417	UpDownStatesTimeIntervals			UP	
28268.1576	0.254400000001624	UpDownStatesTimeIntervals			UP	
28270.1824	0.17919999999867287	UpDownStatesTimeIntervals			UP	
28270.8256	0.21440000000075088	UpDownStatesTimeIntervals			DOWN	
28271.04	0.23839999999836436	UpDownStatesTimeIntervals			UP	
28271.9752	0.2327999999979511	UpDownStatesTimeIntervals			UP	
28274.5456	0.2583999999988009	UpDownStatesTimeIntervals			UP	
28275.2768	0.1768000000010943	UpDownStatesTimeIntervals			UP	
28276.0808	0.18400000000110595	UpDownStatesTimeIntervals			UP	
28277.02	0.16159999999945285	UpDownStatesTimeIntervals			UP	
28280.8904	0.09279999999853317	RippleTimeIntervals		28280.928		
28284.0416	0.14719999999942956	UpDownStatesTimeIntervals			UP	
28284.66	0.2407999999995809	UpDownStatesTimeIntervals			UP	
28285.7784	0.1768000000010943	UpDownStatesTimeIntervals			UP	
28289.1616	0.21519999999873107	UpDownStatesTimeIntervals			UP	
28290.1576	0.13360000000102445	UpDownStatesTimeIntervals			UP	
28290.7288	0.13919999999779975	UpDownStatesTimeIntervals			UP	
28295.6528	0.0544000000008964	RippleTimeIntervals		28295.6608		
28298.3392	0.25760000000082073	UpDownStatesTimeIntervals			UP	
28299.4792	0.13919999999779975	UpDownStatesTimeIntervals			UP	
28300.0512	0.2743999999984226	UpDownStatesTimeIntervals			UP	
28300.1488	0.040000000000873115	RippleTimeIntervals		28300.1776		
28302.2416	0.25200000000040745	UpDownStatesTimeIntervals			UP	
28302.7288	0.2536000000000058	UpDownStatesTimeIntervals			DOWN	
28302.9824	0.14719999999942956	UpDownStatesTimeIntervals			UP	
28305.4392	0.22239999999874271	UpDownStatesTimeIntervals			UP	
28305.9472	0.056000000000494765	UpDownStatesTimeIntervals			DOWN	
28306.0032	0.26480000000083237	UpDownStatesTimeIntervals			UP	
28306.148	0.053599999999278225	RippleTimeIntervals		28306.164		
28307.7544	0.17119999999704305	UpDownStatesTimeIntervals			UP	
28311.0264	0.1368000000002212	UpDownStatesTimeIntervals			UP	
28311.4184	0.06000000000130967	UpDownStatesTimeIntervals			DOWN	
28311.928	0.15759999999863794	UpDownStatesTimeIntervals			DOWN	
28313.404	0.14720000000306754	UpDownStatesTimeIntervals			UP	
28313.9256	0.20960000000195578	UpDownStatesTimeIntervals			UP	
28314.1064	0.04079999999885331	RippleTimeIntervals		28314.1432		
28315.2704	0.22719999999753782	UpDownStatesTimeIntervals			UP	
28316.8024	0.3760000000002037	UpDownStatesTimeIntervals			UP	
28316.9056	0.03280000000086147	RippleTimeIntervals		28316.9072		
28317.7272	0.1463999999978114	UpDownStatesTimeIntervals			UP	
28321.6696	0.13999999999941792	UpDownStatesTimeIntervals			UP	
28322.7168	0.3944000000010419	UpDownStatesTimeIntervals			UP	
28323.6088	0.23359999999956926	UpDownStatesTimeIntervals			UP	
28324.4184	0.12480000000141445	UpDownStatesTimeIntervals			UP	
28327.9664	0.15680000000065775	UpDownStatesTimeIntervals			UP	
28330.9544	0.13040000000182772	UpDownStatesTimeIntervals			UP	
28334.32	0.13439999999900465	UpDownStatesTimeIntervals			UP	
28334.8816	0.16799999999784632	UpDownStatesTimeIntervals			UP	
28334.9784	0.10719999999855645	RippleTimeIntervals		28334.9808		
28337.5992	0.17439999999987776	UpDownStatesTimeIntervals			UP	
28338.1912	0.17120000000068103	UpDownStatesTimeIntervals			UP	
28340.5344	0.30159999999887077	UpDownStatesTimeIntervals			UP	
28341.8208	0.19919999999910942	UpDownStatesTimeIntervals			UP	
28342.304	0.12800000000061118	RippleTimeIntervals		28342.4144		
28345.8848	0.3055999999996857	UpDownStatesTimeIntervals			UP	
28351.2664	0.2599999999983993	UpDownStatesTimeIntervals			UP	
28354.0136	0.24639999999999418	UpDownStatesTimeIntervals			UP	
28354.4856	0.14240000000063446	UpDownStatesTimeIntervals			DOWN	
28354.628	0.22160000000076252	UpDownStatesTimeIntervals			UP	
28357.4264	0.15599999999903957	UpDownStatesTimeIntervals			UP	
28358.2112	0.14239999999699648	UpDownStatesTimeIntervals			UP	
28361.0176	0.26000000000203727	UpDownStatesTimeIntervals			UP	
28361.1104	0.10239999999976135	RippleTimeIntervals		28361.1304		
28362.0896	0.29360000000087894	UpDownStatesTimeIntervals			UP	
28367.8928	0.16159999999945285	UpDownStatesTimeIntervals			UP	
28368.8024	0.07760000000052969	UpDownStatesTimeIntervals			DOWN	
28369.0072	0.2871999999988475	UpDownStatesTimeIntervals			UP	
28370.8352	0.17199999999866122	UpDownStatesTimeIntervals			UP	
28373.8408	0.27520000000004075	UpDownStatesTimeIntervals			UP	
28374.2384	0.25600000000122236	UpDownStatesTimeIntervals			DOWN	
28374.6208	0.13279999999940628	UpDownStatesTimeIntervals			UP	
28375.0856	0.30240000000048894	UpDownStatesTimeIntervals			UP	
28375.6336	0.016799999997601844	UpDownStatesTimeIntervals			DOWN	
28375.6504	0.15520000000105938	UpDownStatesTimeIntervals			UP	
28376.304	0.2319999999999709	UpDownStatesTimeIntervals			DOWN	
28376.8432	0.11920000000100117	UpDownStatesTimeIntervals			UP	
28377.4896	0.13599999999860302	UpDownStatesTimeIntervals			UP	
28377.976	0.3536000000021886	UpDownStatesTimeIntervals			DOWN	
28378.3296	0.19919999999910942	UpDownStatesTimeIntervals			UP	
28380.1944	0.1584000000002561	UpDownStatesTimeIntervals			UP	
28381.5728	0.17279999999664142	UpDownStatesTimeIntervals			UP	
28382.4768	0.23040000000037253	UpDownStatesTimeIntervals			UP	
28382.8944	0.08719999999811989	UpDownStatesTimeIntervals			DOWN	
28382.9816	0.13920000000143773	UpDownStatesTimeIntervals			UP	
28387.592	0.059999999997671694	RippleTimeIntervals		28387.6056		
28390.4728	0.14320000000225264	UpDownStatesTimeIntervals			UP	
28390.86	0.3191999999980908	UpDownStatesTimeIntervals			DOWN	
28392.792	0.17119999999704305	UpDownStatesTimeIntervals			UP	
28393.0888	0.22959999999875436	UpDownStatesTimeIntervals			DOWN	
28393.3184	0.25679999999920256	UpDownStatesTimeIntervals			UP	
28393.6296	0.23839999999836436	UpDownStatesTimeIntervals			DOWN	
28394.0648	0.13999999999941792	UpDownStatesTimeIntervals			UP	
28397.4224	0.272000000000844	UpDownStatesTimeIntervals			UP	
28397.6336	0.05199999999967986	RippleTimeIntervals		28397.6784		
28397.9144	0.2687999999980093	UpDownStatesTimeIntervals			DOWN	
28398.1832	0.21199999999953434	UpDownStatesTimeIntervals			UP	
28398.8104	0.1904000000031374	UpDownStatesTimeIntervals			DOWN	
28399.0008	0.32079999999768916	UpDownStatesTimeIntervals			UP	
28399.4752	0.19440000000031432	UpDownStatesTimeIntervals			DOWN	
28399.6696	0.13759999999820138	UpDownStatesTimeIntervals			UP	
28400.048	0.16080000000147265	UpDownStatesTimeIntervals			DOWN	
28400.2088	0.15999999999985448	UpDownStatesTimeIntervals			UP	
28401.8216	0.15040000000226428	UpDownStatesTimeIntervals			UP	
28402.8648	0.09280000000217115	UpDownStatesTimeIntervals			DOWN	
28403.8392	0.12399999999979627	RippleTimeIntervals		28403.9192		
28405.5312	0.2183999999979278	UpDownStatesTimeIntervals			UP	
28408.384	0.14240000000063446	UpDownStatesTimeIntervals			UP	
28409.164	0.14479999999821302	UpDownStatesTimeIntervals			UP	
28410.8328	0.13439999999900465	UpDownStatesTimeIntervals			UP	
28411.8672	0.16960000000108266	UpDownStatesTimeIntervals			UP	
28412.6288	0.1040000000029977	UpDownStatesTimeIntervals			DOWN	
28415.0264	0.14160000000265427	UpDownStatesTimeIntervals			UP	
28417.4704	0.2912000000033004	UpDownStatesTimeIntervals			UP	
28418.044	0.15999999999985448	UpDownStatesTimeIntervals			DOWN	
28418.74	0.29359999999724096	UpDownStatesTimeIntervals			UP	
28419.8024	0.2736000000004424	UpDownStatesTimeIntervals			UP	
28420.2176	0.14319999999861466	UpDownStatesTimeIntervals			DOWN	
28420.3608	0.25600000000122236	UpDownStatesTimeIntervals			UP	
28423.2976	0.14879999999902793	UpDownStatesTimeIntervals			UP	
28424.056	0.1455999999998312	UpDownStatesTimeIntervals			UP	
28424.4	0.2727999999988242	UpDownStatesTimeIntervals			UP	
28426.8072	0.17599999999947613	UpDownStatesTimeIntervals			UP	
28427.8904	0.16159999999945285	UpDownStatesTimeIntervals			UP	
28431.432	0.2559999999975844	UpDownStatesTimeIntervals			UP	
28432.8712	0.16560000000026776	UpDownStatesTimeIntervals			UP	
28433.712	0.1543999999994412	UpDownStatesTimeIntervals			UP	
28435.324	0.1463999999978114	UpDownStatesTimeIntervals			UP	
28436.3088	0.14240000000063446	UpDownStatesTimeIntervals			UP	
28436.5192	0.3352000000013504	UpDownStatesTimeIntervals			UP	
28437.0704	0.19759999999951106	UpDownStatesTimeIntervals			DOWN	
28437.268	0.15680000000065775	UpDownStatesTimeIntervals			UP	
28437.684	0.042399999998451676	UpDownStatesTimeIntervals			DOWN	
28437.7264	0.26640000000043074	UpDownStatesTimeIntervals			UP	
28438.3848	0.0911999999989348	UpDownStatesTimeIntervals			DOWN	
28438.476	0.4032000000006519	UpDownStatesTimeIntervals			UP	
28440.4016	0.1319999999977881	UpDownStatesTimeIntervals			DOWN	
28440.5336	0.16159999999945285	UpDownStatesTimeIntervals			UP	
28446.0552	0.15600000000267755	UpDownStatesTimeIntervals			UP	
28449.2136	0.16319999999905122	UpDownStatesTimeIntervals			UP	
28451.1984	0.23119999999835272	UpDownStatesTimeIntervals			UP	
28452.7632	0.15359999999782303	UpDownStatesTimeIntervals			UP	
28455.2432	0.16799999999784632	UpDownStatesTimeIntervals			UP	
28456.76	0.2496000000028289	UpDownStatesTimeIntervals			UP	
28459.64	0.1224000000001979	UpDownStatesTimeIntervals			UP	
28460.7912	0.16719999999986612	UpDownStatesTimeIntervals			UP	
28465.232	0.2360000000007858	UpDownStatesTimeIntervals			UP	
28469.392	0.263200000001234	UpDownStatesTimeIntervals			UP	
28470.0896	0.337599999998929	UpDownStatesTimeIntervals			DOWN	
28471.8224	0.15120000000024447	UpDownStatesTimeIntervals			UP	
28472.4344	0.08480000000054133	UpDownStatesTimeIntervals			DOWN	
28472.8808	0.14640000000144937	UpDownStatesTimeIntervals			UP	
28477.7336	0.17360000000189757	UpDownStatesTimeIntervals			UP	
28479.0136	0.27520000000004075	UpDownStatesTimeIntervals			UP	
28479.5048	0.12080000000059954	UpDownStatesTimeIntervals			DOWN	
28480.2648	0.2736000000004424	UpDownStatesTimeIntervals			UP	
28480.3656	0.09920000000056461	RippleTimeIntervals		28480.3928		
28481.9	0.24399999999877764	UpDownStatesTimeIntervals			UP	
28482.7128	0.22879999999713618	UpDownStatesTimeIntervals			UP	
28484.332	0.24639999999999418	UpDownStatesTimeIntervals			UP	
28484.8256	0.21679999999832944	UpDownStatesTimeIntervals			UP	
28485.5088	0.1768000000010943	UpDownStatesTimeIntervals			UP	
28486.6384	0.1640000000006694	UpDownStatesTimeIntervals			UP	
28487.3576	0.16960000000108266	UpDownStatesTimeIntervals			UP	
28489.368	0.23040000000037253	UpDownStatesTimeIntervals			UP	
28490.4784	0.17439999999987776	UpDownStatesTimeIntervals			UP	
28494.0968	0.15520000000105938	UpDownStatesTimeIntervals			UP	
28494.6704	0.23760000000038417	UpDownStatesTimeIntervals			UP	
28497.476	0.26080000000001746	UpDownStatesTimeIntervals			UP	
28498.0688	0.23040000000037253	UpDownStatesTimeIntervals			UP	
28499.0568	0.20480000000316068	UpDownStatesTimeIntervals			UP	
28499.5144	0.1735999999982596	UpDownStatesTimeIntervals			DOWN	
28499.688	0.27520000000004075	UpDownStatesTimeIntervals			UP	
28500.964	0.15680000000065775	UpDownStatesTimeIntervals			UP	
28502.2912	0.27440000000206055	UpDownStatesTimeIntervals			UP	
28505.3544	0.2047999999995227	UpDownStatesTimeIntervals			UP	
28505.9112	0.14240000000063446	UpDownStatesTimeIntervals			UP	
28506.7616	0.1455999999998312	UpDownStatesTimeIntervals			UP	
28511.3688	0.13599999999860302	UpDownStatesTimeIntervals			UP	
28511.8696	0.20159999999668798	UpDownStatesTimeIntervals			UP	
28512.46	0.14320000000225264	UpDownStatesTimeIntervals			UP	
28513.3376	0.22479999999995925	UpDownStatesTimeIntervals			UP	
28513.8104	0.13839999999981956	UpDownStatesTimeIntervals			DOWN	
28516.8912	0.2176000000035856	UpDownStatesTimeIntervals			UP	
28521.2744	0.2496000000028289	UpDownStatesTimeIntervals			UP	
28526.3448	0.17120000000068103	UpDownStatesTimeIntervals			UP	
28527.7088	0.26640000000043074	UpDownStatesTimeIntervals			UP	
28528.6064	0.2824000000000524	UpDownStatesTimeIntervals			UP	
28529.172	0.06639999999970314	UpDownStatesTimeIntervals			DOWN	
28532.9456	0.18640000000232249	UpDownStatesTimeIntervals			UP	
28533.5	0.17599999999947613	UpDownStatesTimeIntervals			UP	
28535.3144	0.12960000000020955	UpDownStatesTimeIntervals			UP	
28536.0128	0.15359999999782303	UpDownStatesTimeIntervals			DOWN	
28536.1664	0.263200000001234	UpDownStatesTimeIntervals			UP	
28536.804	0.245599999998376	UpDownStatesTimeIntervals			UP	
28537.5104	0.2551999999996042	UpDownStatesTimeIntervals			UP	
28538.488	0.24399999999877764	UpDownStatesTimeIntervals			UP	
28538.6048	0.07119999999849824	RippleTimeIntervals		28538.672		
28538.884	0.04160000000047148	RippleTimeIntervals		28538.8896		
28540.1232	0.19039999999949941	UpDownStatesTimeIntervals			UP	
28543.2408	0.26239999999961583	UpDownStatesTimeIntervals			UP	
28545.0264	0.15600000000267755	UpDownStatesTimeIntervals			UP	
28549.2016	0.16240000000107102	UpDownStatesTimeIntervals			UP	
28550.3152	0.1496000000006461	UpDownStatesTimeIntervals			UP	
28550.416	0.10879999999815482	RippleTimeIntervals		28550.4208		
28551.24	0.17679999999745633	UpDownStatesTimeIntervals			DOWN	
28551.4168	0.19759999999951106	UpDownStatesTimeIntervals			UP	
28551.544	0.11359999999694992	RippleTimeIntervals		28551.6072		
28552.1432	0.2040000000015425	UpDownStatesTimeIntervals			DOWN	
28552.3472	0.3688000000001921	UpDownStatesTimeIntervals			UP	
28553.5864	0.019199999998818384	UpDownStatesTimeIntervals			DOWN	
28553.6056	0.2536000000000058	UpDownStatesTimeIntervals			UP	
28554.7016	0.12159999999857973	UpDownStatesTimeIntervals			DOWN	
28554.8232	0.18800000000192085	UpDownStatesTimeIntervals			UP	
28555.4904	0.136000000002241	UpDownStatesTimeIntervals			DOWN	
28555.6264	0.24799999999959255	UpDownStatesTimeIntervals			UP	
28557.3104	0.18480000000272412	UpDownStatesTimeIntervals			UP	
28557.9904	0.26959999999962747	UpDownStatesTimeIntervals			UP	
28559.0904	0.07679999999891152	UpDownStatesTimeIntervals			DOWN	
28559.1672	0.18479999999908614	UpDownStatesTimeIntervals			UP	
28562.5	0.19359999999869615	UpDownStatesTimeIntervals			UP	
28564.3072	0.13999999999941792	UpDownStatesTimeIntervals			UP	
28569.1648	0.1592000000018743	UpDownStatesTimeIntervals			UP	
28569.8856	0.16719999999986612	UpDownStatesTimeIntervals			DOWN	
28570.1832	0.25679999999920256	UpDownStatesTimeIntervals			UP	
28571.1792	0.22560000000157743	UpDownStatesTimeIntervals			UP	
28572.4016	0.3143999999992957	UpDownStatesTimeIntervals			UP	
28572.4984	0.07600000000093132	RippleTimeIntervals		28572.5288		
28572.8912	0.1368000000002212	UpDownStatesTimeIntervals			DOWN	
28573.4592	0.10800000000017462	UpDownStatesTimeIntervals			DOWN	
28573.5672	0.17439999999987776	UpDownStatesTimeIntervals			UP	
28574.3568	0.1503999999986263	UpDownStatesTimeIntervals			UP	
28574.9544	0.1959999999999127	UpDownStatesTimeIntervals			UP	
28575.6968	0.22959999999875436	UpDownStatesTimeIntervals			UP	
28576.5384	0.227999999999156	UpDownStatesTimeIntervals			UP	
28577.0264	0.2360000000007858	UpDownStatesTimeIntervals			UP	
28579.0272	0.1775999999990745	UpDownStatesTimeIntervals			UP	
28580.6912	0.18079999999827123	UpDownStatesTimeIntervals			UP	
28582.5984	0.1488000000026659	UpDownStatesTimeIntervals			UP	
28585.1576	0.18960000000151922	UpDownStatesTimeIntervals			UP	
28586.1872	0.11040000000139116	RippleTimeIntervals		28586.2216		
28586.4648	0.127199999998993	UpDownStatesTimeIntervals			UP	
28586.984	0.1856000000007043	UpDownStatesTimeIntervals			UP	
28587.496	0.4815999999991618	UpDownStatesTimeIntervals			DOWN	
28588.1152	0.1543999999994412	UpDownStatesTimeIntervals			UP	
28594.168	0.15359999999782303	UpDownStatesTimeIntervals			UP	
28594.7736	0.2639999999992142	UpDownStatesTimeIntervals			UP	
28594.9016	0.06639999999970314	RippleTimeIntervals		28594.9584		
28598.7912	0.14800000000104774	UpDownStatesTimeIntervals			UP	
28599.4696	0.19759999999951106	UpDownStatesTimeIntervals			UP	
28600.1408	0.1911999999974796	UpDownStatesTimeIntervals			DOWN	
28600.7512	0.12800000000061118	UpDownStatesTimeIntervals			UP	
28602.1152	0.19680000000153086	UpDownStatesTimeIntervals			UP	
28602.7216	0.30319999999846914	UpDownStatesTimeIntervals			UP	
28603.1744	0.3087999999988824	UpDownStatesTimeIntervals			DOWN	
28603.4832	0.17040000000270084	UpDownStatesTimeIntervals			UP	
28604.3504	0.14240000000063446	UpDownStatesTimeIntervals			UP	
28609.8	0.15200000000186265	UpDownStatesTimeIntervals			UP	
28610.672	0.21600000000034925	UpDownStatesTimeIntervals			UP	
28611.2616	0.2919999999976426	UpDownStatesTimeIntervals			UP	
28615.9904	0.15200000000186265	UpDownStatesTimeIntervals			UP	
28616.0944	0.08239999999932479	RippleTimeIntervals		28616.0984		
28617.124	0.2760000000016589	UpDownStatesTimeIntervals			UP	
28617.856	0.14640000000144937	UpDownStatesTimeIntervals			UP	
28618.5304	0.2760000000016589	UpDownStatesTimeIntervals			DOWN	
28618.8064	0.1783999999970547	UpDownStatesTimeIntervals			UP	
28619.3232	0.22800000000279397	UpDownStatesTimeIntervals			UP	
28620.216	0.15999999999985448	UpDownStatesTimeIntervals			UP	
28623.7816	0.254400000001624	UpDownStatesTimeIntervals			UP	
28624.204	0.5455999999976484	UpDownStatesTimeIntervals			DOWN	
28624.7048	0.044799999999668216	UpDownStatesTimeIntervals			DOWN	
28624.7496	0.3712000000014086	UpDownStatesTimeIntervals			UP	
28626.9344	0.29280000000289874	UpDownStatesTimeIntervals			UP	
28627.9784	0.17199999999866122	UpDownStatesTimeIntervals			UP	
28628.9136	0.21519999999873107	UpDownStatesTimeIntervals			UP	
28630.0216	0.32080000000132713	UpDownStatesTimeIntervals			UP	
28630.64	0.2904000000016822	UpDownStatesTimeIntervals			DOWN	
28630.9304	0.17519999999785796	UpDownStatesTimeIntervals			UP	
28631.5024	0.1551999999974214	UpDownStatesTimeIntervals			UP	
28632.0376	0.27920000000085565	UpDownStatesTimeIntervals			UP	
28632.656	0.13999999999941792	UpDownStatesTimeIntervals			UP	
28633.124	0.16159999999945285	UpDownStatesTimeIntervals			UP	
28633.884	0.20160000000032596	UpDownStatesTimeIntervals			UP	
28634.3752	0.10239999999976135	UpDownStatesTimeIntervals			DOWN	
28634.4776	0.12320000000181608	UpDownStatesTimeIntervals			UP	
28637.4624	0.24799999999959255	UpDownStatesTimeIntervals			UP	
28638.3416	0.0591999999996915	UpDownStatesTimeIntervals			DOWN	
28638.4008	0.3536000000021886	UpDownStatesTimeIntervals			UP	
28638.4848	0.07840000000214786	RippleTimeIntervals		28638.5128		
28638.7136	0.05280000000129803	RippleTimeIntervals		28638.716		
28639.208	0.24240000000281725	UpDownStatesTimeIntervals			UP	
28640.6776	0.19200000000273576	UpDownStatesTimeIntervals			UP	
28641.144	0.22399999999834108	UpDownStatesTimeIntervals			DOWN	
28641.368	0.14800000000104774	UpDownStatesTimeIntervals			UP	
28645.6904	0.25200000000040745	UpDownStatesTimeIntervals			UP	
28651.44	0.17840000000069267	UpDownStatesTimeIntervals			UP	
28653.4392	0.1959999999999127	UpDownStatesTimeIntervals			UP	
28654.2088	0.2536000000000058	UpDownStatesTimeIntervals			DOWN	
28654.5464	0.058400000001711305	RippleTimeIntervals		28654.5904		
28654.8288	0.1368000000002212	UpDownStatesTimeIntervals			UP	
28655.7256	0.24639999999999418	UpDownStatesTimeIntervals			UP	
28656.6152	0.04799999999886495	RippleTimeIntervals		28656.6256		
28656.724	0.144800000001851	UpDownStatesTimeIntervals			UP	
28656.9256	0.6192000000010012	UpDownStatesTimeIntervals			DOWN	
28657.5448	0.1728000000002794	UpDownStatesTimeIntervals			UP	
28659.8296	0.39279999999780557	UpDownStatesTimeIntervals			UP	
28660.676	0.23519999999916763	UpDownStatesTimeIntervals			UP	
28661.188	0.4184000000022934	UpDownStatesTimeIntervals			DOWN	
28662.2408	0.16719999999986612	UpDownStatesTimeIntervals			UP	
28663.5824	0.14879999999902793	UpDownStatesTimeIntervals			UP	
28664.332	0.3055999999996857	UpDownStatesTimeIntervals			UP	
28665.196	0.1368000000002212	UpDownStatesTimeIntervals			UP	
28665.6648	0.33439999999973224	UpDownStatesTimeIntervals			UP	
28665.7104	0.07119999999849824	RippleTimeIntervals		28665.7592		
28666.7896	0.33919999999852735	UpDownStatesTimeIntervals			UP	
28667.6728	0.37039999999979045	UpDownStatesTimeIntervals			UP	
28668.6128	0.1680000000014843	UpDownStatesTimeIntervals			UP	
28668.9664	0.1496000000006461	UpDownStatesTimeIntervals			DOWN	
28669.116	0.2679999999963911	UpDownStatesTimeIntervals			UP	
28671.9264	0.20799999999871943	UpDownStatesTimeIntervals			UP	
28672.392	0.3136000000013155	UpDownStatesTimeIntervals			DOWN	
28673.0344	0.18000000000029104	UpDownStatesTimeIntervals			UP	
28674.4264	0.14479999999821302	UpDownStatesTimeIntervals			UP	
28675.1696	0.14879999999902793	UpDownStatesTimeIntervals			UP	
28675.396	0.13759999999820138	UpDownStatesTimeIntervals			DOWN	
28676.2408	0.1592000000018743	UpDownStatesTimeIntervals			UP	
28678.2016	0.1584000000002561	UpDownStatesTimeIntervals			UP	
28678.7216	0.11279999999896972	UpDownStatesTimeIntervals			DOWN	
28679.356	0.1543999999994412	UpDownStatesTimeIntervals			UP	
28679.5344	0.07839999999850988	RippleTimeIntervals		28679.58		
28680.1408	0.1231999999981781	UpDownStatesTimeIntervals			UP	
28681.1784	0.280800000000454	UpDownStatesTimeIntervals			UP	
28687.9936	0.04799999999886495	RippleTimeIntervals		28688.036		
28688.5472	0.2639999999992142	UpDownStatesTimeIntervals			UP	
28689.5848	0.3127999999996973	UpDownStatesTimeIntervals			UP	
28690.708	0.17040000000270084	UpDownStatesTimeIntervals			UP	
28692.3696	0.2375999999967462	UpDownStatesTimeIntervals			UP	
28695.6144	0.17360000000189757	UpDownStatesTimeIntervals			UP	
28697.556	0.15680000000065775	UpDownStatesTimeIntervals			UP	
28698.0288	0.13920000000143773	UpDownStatesTimeIntervals			UP	
28698.7312	0.28800000000046566	UpDownStatesTimeIntervals			UP	
28699.5152	0.2327999999979511	UpDownStatesTimeIntervals			UP	
28699.808	0.19199999999909778	UpDownStatesTimeIntervals			DOWN	
28700.0	0.24720000000161235	UpDownStatesTimeIntervals			UP	
28701.8936	0.18400000000110595	UpDownStatesTimeIntervals			UP	
28703.2592	0.14719999999942956	UpDownStatesTimeIntervals			UP	
28704.4016	0.1728000000002794	UpDownStatesTimeIntervals			UP	
28705.1656	0.13759999999820138	UpDownStatesTimeIntervals			UP	
28705.7184	0.13519999999698484	UpDownStatesTimeIntervals			UP	
28706.1912	0.19679999999789288	UpDownStatesTimeIntervals			UP	
28706.5536	0.17599999999947613	UpDownStatesTimeIntervals			DOWN	
28706.7296	0.18240000000150758	UpDownStatesTimeIntervals			UP	
28708.216	0.2680000000000291	UpDownStatesTimeIntervals			UP	
28708.3232	0.06240000000252621	RippleTimeIntervals		28708.3616		
28709.3072	0.3055999999996857	UpDownStatesTimeIntervals			UP	
28710.3616	0.14800000000104774	UpDownStatesTimeIntervals			UP	
28710.4568	0.03600000000005821	RippleTimeIntervals		28710.4688		
28714.4456	0.24320000000079744	UpDownStatesTimeIntervals			UP	
28715.724	0.21200000000317232	UpDownStatesTimeIntervals			UP	
28722.4184	0.09920000000056461	UpDownStatesTimeIntervals			UP	
28722.9328	0.15600000000267755	UpDownStatesTimeIntervals			UP	
28723.0448	0.10080000000016298	RippleTimeIntervals		28723.0784		
28723.344	0.33039999999891734	UpDownStatesTimeIntervals			DOWN	
28723.6744	0.14640000000144937	UpDownStatesTimeIntervals			UP	
28724.2624	0.24399999999877764	UpDownStatesTimeIntervals			UP	
28725.8352	0.24399999999877764	UpDownStatesTimeIntervals			UP	
28727.1856	0.11999999999898137	UpDownStatesTimeIntervals			DOWN	
28727.8984	0.13360000000102445	UpDownStatesTimeIntervals			UP	
28730.3016	0.11119999999937136	UpDownStatesTimeIntervals			UP	
28730.948	0.10320000000137952	UpDownStatesTimeIntervals			UP	
28731.0688	0.17439999999987776	UpDownStatesTimeIntervals			DOWN	
28731.5152	0.16959999999744468	UpDownStatesTimeIntervals			UP	
28731.7352	0.13440000000264263	UpDownStatesTimeIntervals			DOWN	
28732.26	0.1368000000002212	UpDownStatesTimeIntervals			UP	
28735.1192	0.11119999999937136	UpDownStatesTimeIntervals			UP	
28735.7064	0.14160000000265427	UpDownStatesTimeIntervals			UP	
28735.9352	0.30719999999928405	UpDownStatesTimeIntervals			DOWN	
28736.2424	0.14879999999902793	UpDownStatesTimeIntervals			UP	
28737.5272	0.08559999999852153	UpDownStatesTimeIntervals			DOWN	
28737.6128	0.24560000000201399	UpDownStatesTimeIntervals			UP	
28738.192	0.14400000000023283	UpDownStatesTimeIntervals			UP	
28739.1192	0.1775999999990745	UpDownStatesTimeIntervals			UP	
28739.228	0.0904000000009546	RippleTimeIntervals		28739.2312		
28739.6376	0.18160000000352738	UpDownStatesTimeIntervals			DOWN	
28739.8192	0.1639999999970314	UpDownStatesTimeIntervals			UP	
28740.8576	0.16159999999945285	UpDownStatesTimeIntervals			UP	
28742.144	0.2128000000011525	UpDownStatesTimeIntervals			UP	
28747.0	9.0	SleepStates				WAKEstate
28753.172	0.07840000000214786	RippleTimeIntervals		28753.216		
28756.6416	0.09440000000176951	RippleTimeIntervals		28756.7344		
28757.0	686.0	SleepStates				NREMstate
28758.5344	0.1264000000010128	UpDownStatesTimeIntervals			UP	
28759.3496	0.25279999999838765	UpDownStatesTimeIntervals			UP	
28761.2856	0.13279999999940628	UpDownStatesTimeIntervals			UP	
28762.0688	0.04799999999886495	UpDownStatesTimeIntervals			DOWN	
28763.0504	0.15120000000024447	UpDownStatesTimeIntervals			UP	
28763.66	0.1320000000014261	UpDownStatesTimeIntervals			UP	
28764.236	0.13919999999779975	UpDownStatesTimeIntervals			UP	
28767.1984	0.15279999999984284	UpDownStatesTimeIntervals			UP	
28767.9248	0.1455999999998312	UpDownStatesTimeIntervals			UP	
28769.916	0.16079999999783468	UpDownStatesTimeIntervals			UP	
28772.22	0.1415999999990163	UpDownStatesTimeIntervals			UP	
28772.824	0.0864000000001397	UpDownStatesTimeIntervals			DOWN	
28773.8168	0.19840000000112923	UpDownStatesTimeIntervals			UP	
28776.9712	0.22880000000077416	UpDownStatesTimeIntervals			UP	
28780.184	0.13119999999980791	UpDownStatesTimeIntervals			UP	
28781.3152	0.16639999999824795	UpDownStatesTimeIntervals			UP	
28781.9808	0.16319999999905122	UpDownStatesTimeIntervals			UP	
28783.5576	0.14479999999821302	UpDownStatesTimeIntervals			UP	
28784.0576	0.1408000000010361	UpDownStatesTimeIntervals			UP	
28784.5776	0.28399999999965075	UpDownStatesTimeIntervals			UP	
28787.0	0.390400000000227	UpDownStatesTimeIntervals			UP	
28788.2608	0.26719999999841093	UpDownStatesTimeIntervals			UP	
28791.1528	0.153600000001461	UpDownStatesTimeIntervals			UP	
28792.4664	0.17599999999947613	UpDownStatesTimeIntervals			UP	
28793.8232	0.15600000000267755	UpDownStatesTimeIntervals			UP	
28795.9568	0.1543999999994412	UpDownStatesTimeIntervals			UP	
28797.0512	0.17119999999704305	UpDownStatesTimeIntervals			UP	
28803.5904	0.2592000000004191	UpDownStatesTimeIntervals			UP	
28804.0952	0.24880000000121072	UpDownStatesTimeIntervals			DOWN	
28805.7632	0.27199999999720603	UpDownStatesTimeIntervals			UP	
28806.42	0.15440000000307919	UpDownStatesTimeIntervals			UP	
28806.9912	0.040000000000873115	UpDownStatesTimeIntervals			DOWN	
28807.2288	0.3168000000005122	UpDownStatesTimeIntervals			UP	
28808.8024	0.26080000000001746	UpDownStatesTimeIntervals			UP	
28809.3656	0.2775999999976193	UpDownStatesTimeIntervals			DOWN	
28812.6352	0.13520000000062282	UpDownStatesTimeIntervals			UP	
28813.2912	0.4815999999991618	UpDownStatesTimeIntervals			DOWN	
28813.7728	0.17360000000189757	UpDownStatesTimeIntervals			UP	
28813.8824	0.06800000000293949	RippleTimeIntervals		28813.9216		
28816.8528	0.056000000000494765	UpDownStatesTimeIntervals			UP	
28817.3168	0.17599999999947613	UpDownStatesTimeIntervals			UP	
28817.9704	0.24400000000241562	UpDownStatesTimeIntervals			UP	
28819.8456	0.16479999999864958	UpDownStatesTimeIntervals			UP	
28820.7224	0.15600000000267755	UpDownStatesTimeIntervals			UP	
28821.2248	0.1591999999982363	UpDownStatesTimeIntervals			UP	
28821.86	0.1543999999994412	UpDownStatesTimeIntervals			UP	
28823.0992	0.1455999999998312	UpDownStatesTimeIntervals			UP	
28823.8288	0.14400000000023283	UpDownStatesTimeIntervals			UP	
28824.552	0.18720000000030268	UpDownStatesTimeIntervals			UP	
28826.8728	0.42959999999948195	UpDownStatesTimeIntervals			DOWN	
28827.3024	0.1584000000002561	UpDownStatesTimeIntervals			UP	
28831.0856	0.16560000000026776	UpDownStatesTimeIntervals			UP	
28831.944	0.26480000000083237	UpDownStatesTimeIntervals			UP	
28832.044	0.07519999999931315	RippleTimeIntervals		28832.0584		
28832.9976	0.15279999999984284	UpDownStatesTimeIntervals			UP	
28834.764	0.1680000000014843	UpDownStatesTimeIntervals			UP	
28835.8992	0.16640000000188593	UpDownStatesTimeIntervals			UP	
28836.2	0.2232000000003609	UpDownStatesTimeIntervals			DOWN	
28836.6688	0.34640000000217697	UpDownStatesTimeIntervals			UP	
28838.22	0.21600000000034925	UpDownStatesTimeIntervals			UP	
28838.4168	0.046399999999266583	RippleTimeIntervals		28838.4552		
28841.6944	0.29200000000128057	UpDownStatesTimeIntervals			UP	
28842.092	0.29919999999765423	UpDownStatesTimeIntervals			DOWN	
28842.3912	0.16080000000147265	UpDownStatesTimeIntervals			UP	
28842.96	0.13999999999941792	UpDownStatesTimeIntervals			UP	
28844.02	0.2680000000000291	UpDownStatesTimeIntervals			UP	
28844.088	0.0591999999996915	RippleTimeIntervals		28844.1032		
28844.4432	0.14319999999861466	RippleTimeIntervals		28844.4456		
28844.5144	0.06959999999889988	UpDownStatesTimeIntervals			DOWN	
28844.584	0.1455999999998312	UpDownStatesTimeIntervals			UP	
28844.7056	0.07519999999931315	RippleTimeIntervals		28844.708		
28846.0584	0.17679999999745633	UpDownStatesTimeIntervals			UP	
28846.74	0.14399999999659485	UpDownStatesTimeIntervals			UP	
28847.8496	0.37999999999738066	UpDownStatesTimeIntervals			UP	
28849.4952	0.1639999999970314	UpDownStatesTimeIntervals			UP	
28852.7504	0.09439999999813153	UpDownStatesTimeIntervals			DOWN	
28853.0872	0.25679999999920256	UpDownStatesTimeIntervals			UP	
28855.1352	0.1415999999990163	UpDownStatesTimeIntervals			UP	
28856.244	0.23840000000200234	UpDownStatesTimeIntervals			UP	
28858.9688	0.16080000000147265	UpDownStatesTimeIntervals			UP	
28860.1024	0.1680000000014843	UpDownStatesTimeIntervals			UP	
28862.4648	0.16559999999662978	UpDownStatesTimeIntervals			UP	
28863.0328	0.22719999999753782	UpDownStatesTimeIntervals			UP	
28863.5024	0.1543999999994412	UpDownStatesTimeIntervals			DOWN	
28863.6568	0.26719999999841093	UpDownStatesTimeIntervals			UP	
28865.008	0.28960000000006403	UpDownStatesTimeIntervals			UP	
28867.8784	0.13519999999698484	UpDownStatesTimeIntervals			UP	
28868.6576	0.14240000000063446	UpDownStatesTimeIntervals			UP	
28869.0728	0.24639999999999418	UpDownStatesTimeIntervals			UP	
28869.5008	0.15599999999903957	UpDownStatesTimeIntervals			DOWN	
28871.9256	0.3280000000013388	UpDownStatesTimeIntervals			UP	
28872.8328	0.1815999999998894	UpDownStatesTimeIntervals			UP	
28873.5168	0.13999999999941792	UpDownStatesTimeIntervals			UP	
28873.6056	0.09600000000136788	RippleTimeIntervals		28873.6664		
28873.9056	0.2536000000000058	UpDownStatesTimeIntervals			UP	
28874.6056	0.1640000000006694	UpDownStatesTimeIntervals			DOWN	
28874.9552	0.1735999999982596	UpDownStatesTimeIntervals			UP	
28875.1064	0.06639999999970314	RippleTimeIntervals		28875.1304		
28877.644	0.27119999999922584	UpDownStatesTimeIntervals			UP	
28879.924	0.044799999999668216	UpDownStatesTimeIntervals			DOWN	
28880.7328	0.27599999999802094	UpDownStatesTimeIntervals			UP	
28881.4536	0.18959999999788124	UpDownStatesTimeIntervals			UP	
28882.8488	0.15279999999984284	UpDownStatesTimeIntervals			UP	
28884.3696	0.2559999999975844	UpDownStatesTimeIntervals			UP	
28889.3008	0.2551999999996042	UpDownStatesTimeIntervals			UP	
28889.4088	0.08399999999892316	RippleTimeIntervals		28889.4768		
28896.0824	0.26640000000043074	UpDownStatesTimeIntervals			UP	
28897.1712	0.17439999999987776	UpDownStatesTimeIntervals			UP	
28898.1992	0.19280000000071595	UpDownStatesTimeIntervals			UP	
28898.8072	0.13360000000102445	UpDownStatesTimeIntervals			UP	
28900.86	0.26719999999841093	UpDownStatesTimeIntervals			UP	
28901.5912	0.14400000000023283	UpDownStatesTimeIntervals			UP	
28902.0032	0.23040000000037253	UpDownStatesTimeIntervals			UP	
28902.9328	0.26000000000203727	UpDownStatesTimeIntervals			UP	
28905.4368	0.23440000000118744	UpDownStatesTimeIntervals			UP	
28906.7896	0.16719999999986612	UpDownStatesTimeIntervals			UP	
28907.7744	0.18240000000150758	UpDownStatesTimeIntervals			UP	
28909.7592	0.0591999999996915	RippleTimeIntervals		28909.7792		
28910.5896	0.21039999999993597	UpDownStatesTimeIntervals			UP	
28914.1736	0.12880000000222935	UpDownStatesTimeIntervals			UP	
28914.7096	0.2128000000011525	UpDownStatesTimeIntervals			UP	
28915.5728	0.35759999999936554	UpDownStatesTimeIntervals			UP	
28916.3136	0.09759999999732827	UpDownStatesTimeIntervals			UP	
28916.872	0.13360000000102445	UpDownStatesTimeIntervals			UP	
28917.584	0.22880000000077416	UpDownStatesTimeIntervals			UP	
28919.1536	0.2503999999971711	UpDownStatesTimeIntervals			UP	
28921.8416	0.1415999999990163	UpDownStatesTimeIntervals			UP	
28923.1624	0.1823999999978696	UpDownStatesTimeIntervals			UP	
28924.4176	0.14319999999861466	UpDownStatesTimeIntervals			UP	
28925.4632	0.29760000000169384	UpDownStatesTimeIntervals			UP	
28926.7768	0.25200000000040745	UpDownStatesTimeIntervals			UP	
28927.5416	0.16639999999824795	UpDownStatesTimeIntervals			UP	
28928.6872	0.14319999999861466	UpDownStatesTimeIntervals			UP	
28928.928	0.0904000000009546	UpDownStatesTimeIntervals			DOWN	
28931.6336	0.04719999999724678	RippleTimeIntervals		28931.64		
28934.7272	0.16159999999945285	UpDownStatesTimeIntervals			UP	
28936.1608	0.31679999999687425	UpDownStatesTimeIntervals			UP	
28936.3184	0.15199999999822467	RippleTimeIntervals		28936.3448		
28937.6088	0.2519999999967695	UpDownStatesTimeIntervals			UP	
28939.1848	0.32960000000093714	UpDownStatesTimeIntervals			UP	
28940.5016	0.21519999999873107	UpDownStatesTimeIntervals			UP	
28941.764	0.15520000000105938	UpDownStatesTimeIntervals			UP	
28942.308	0.245599999998376	UpDownStatesTimeIntervals			UP	
28942.9784	0.455999999998312	UpDownStatesTimeIntervals			UP	
28943.8256	0.09760000000096625	UpDownStatesTimeIntervals			UP	
28945.1624	0.2559999999975844	UpDownStatesTimeIntervals			UP	
28945.8544	0.2727999999988242	UpDownStatesTimeIntervals			UP	
28946.924	0.16240000000107102	UpDownStatesTimeIntervals			UP	
28947.8016	0.19840000000112923	UpDownStatesTimeIntervals			UP	
28948.4064	0.2992000000012922	UpDownStatesTimeIntervals			DOWN	
28948.7056	0.28960000000006403	UpDownStatesTimeIntervals			UP	
28949.7112	0.23119999999835272	UpDownStatesTimeIntervals			UP	
28950.0824	0.10239999999976135	UpDownStatesTimeIntervals			DOWN	
28950.8328	0.12480000000141445	UpDownStatesTimeIntervals			UP	
28952.0512	0.23119999999835272	UpDownStatesTimeIntervals			UP	
28953.3544	0.2095999999983178	UpDownStatesTimeIntervals			UP	
28954.2288	0.13439999999900465	UpDownStatesTimeIntervals			DOWN	
28954.3632	0.4183999999986554	UpDownStatesTimeIntervals			UP	
28955.124	0.24160000000119908	UpDownStatesTimeIntervals			UP	
28961.2056	0.048800000000483124	RippleTimeIntervals		28961.2456		
28961.5712	0.14400000000023283	UpDownStatesTimeIntervals			UP	
28964.3664	0.14400000000023283	UpDownStatesTimeIntervals			UP	
28966.124	0.2599999999983993	UpDownStatesTimeIntervals			UP	
28966.9128	0.1592000000018743	UpDownStatesTimeIntervals			UP	
28969.288	0.21679999999832944	UpDownStatesTimeIntervals			UP	
28971.2952	0.17120000000068103	UpDownStatesTimeIntervals			UP	
28973.5816	0.24399999999877764	UpDownStatesTimeIntervals			UP	
28974.5424	0.21440000000075088	UpDownStatesTimeIntervals			UP	
28979.5712	0.18640000000232249	UpDownStatesTimeIntervals			UP	
28980.9808	0.2775999999976193	UpDownStatesTimeIntervals			UP	
28982.8408	0.1503999999986263	UpDownStatesTimeIntervals			UP	
28984.1344	0.14240000000063446	UpDownStatesTimeIntervals			UP	
28987.8952	0.11119999999937136	UpDownStatesTimeIntervals			DOWN	
28988.0064	0.2080000000023574	UpDownStatesTimeIntervals			UP	
28988.7992	0.13759999999820138	UpDownStatesTimeIntervals			UP	
28989.4744	0.31520000000091386	UpDownStatesTimeIntervals			UP	
28990.028	0.14160000000265427	UpDownStatesTimeIntervals			UP	
28990.704	0.22879999999713618	UpDownStatesTimeIntervals			UP	
28991.7288	0.2504000000008091	UpDownStatesTimeIntervals			UP	
28994.8432	0.272000000000844	UpDownStatesTimeIntervals			DOWN	
28995.1152	0.21679999999832944	UpDownStatesTimeIntervals			UP	
28995.9648	0.14959999999700813	UpDownStatesTimeIntervals			UP	
28996.3664	0.2000000000007276	UpDownStatesTimeIntervals			UP	
28997.2288	0.27599999999802094	UpDownStatesTimeIntervals			UP	
28998.716	0.15120000000024447	UpDownStatesTimeIntervals			UP	
28999.4024	0.17040000000270084	UpDownStatesTimeIntervals			UP	
29000.8152	0.2736000000004424	UpDownStatesTimeIntervals			UP	
29002.496	0.26239999999961583	UpDownStatesTimeIntervals			UP	
29003.1736	0.21440000000075088	UpDownStatesTimeIntervals			UP	
29003.236	0.06959999999889988	RippleTimeIntervals		29003.3		
29003.8368	0.25679999999920256	UpDownStatesTimeIntervals			UP	
29003.9808	0.0911999999989348	RippleTimeIntervals		29004.0176		
29004.7912	0.11040000000139116	RippleTimeIntervals		29004.8512		
29008.6416	0.18319999999948777	UpDownStatesTimeIntervals			UP	
29009.4616	0.15040000000226428	UpDownStatesTimeIntervals			UP	
29010.3648	0.17840000000069267	UpDownStatesTimeIntervals			UP	
29012.5016	0.24799999999959255	UpDownStatesTimeIntervals			UP	
29012.5672	0.07279999999809661	RippleTimeIntervals		29012.6184		
29015.764	0.24160000000119908	UpDownStatesTimeIntervals			UP	
29017.1056	0.3647999999993772	UpDownStatesTimeIntervals			UP	
29017.3336	0.04719999999724678	RippleTimeIntervals		29017.3744		
29019.292	0.24399999999877764	UpDownStatesTimeIntervals			UP	
29019.952	0.13439999999900465	UpDownStatesTimeIntervals			DOWN	
29020.0864	0.2864000000008673	UpDownStatesTimeIntervals			UP	
29020.9688	0.19280000000071595	UpDownStatesTimeIntervals			DOWN	
29021.1616	0.2680000000000291	UpDownStatesTimeIntervals			UP	
29022.6392	0.2495999999991909	UpDownStatesTimeIntervals			UP	
29023.4432	0.14719999999942956	UpDownStatesTimeIntervals			UP	
29023.992	0.23760000000038417	UpDownStatesTimeIntervals			UP	
29025.2504	0.1551999999974214	UpDownStatesTimeIntervals			UP	
29026.0784	0.1264000000010128	UpDownStatesTimeIntervals			UP	
29026.7136	0.23760000000038417	UpDownStatesTimeIntervals			DOWN	
29026.9512	0.17439999999987776	UpDownStatesTimeIntervals			UP	
29027.6728	0.16319999999905122	UpDownStatesTimeIntervals			UP	
29028.8584	0.15599999999903957	UpDownStatesTimeIntervals			UP	
29028.9632	0.051200000001699664	RippleTimeIntervals		29029.0056		
29029.3816	0.14879999999902793	UpDownStatesTimeIntervals			DOWN	
29030.616	0.3367999999973108	UpDownStatesTimeIntervals			UP	
29033.6424	0.2319999999999709	UpDownStatesTimeIntervals			UP	
29034.1224	0.2000000000007276	UpDownStatesTimeIntervals			DOWN	
29034.3224	0.26559999999881256	UpDownStatesTimeIntervals			UP	
29034.42	0.0808000000033644	RippleTimeIntervals		29034.4208		
29035.3472	0.2047999999995227	UpDownStatesTimeIntervals			UP	
29036.4496	0.13279999999940628	UpDownStatesTimeIntervals			UP	
29043.8808	0.035200000002078013	RippleTimeIntervals		29043.9088		
29050.6224	0.17039999999906286	UpDownStatesTimeIntervals			UP	
29053.336	0.1728000000002794	UpDownStatesTimeIntervals			UP	
29054.584	0.1368000000002212	UpDownStatesTimeIntervals			UP	
29055.4216	0.08959999999933643	RippleTimeIntervals		29055.4232		
29055.6256	0.14320000000225264	UpDownStatesTimeIntervals			UP	
29055.9224	0.18960000000151922	UpDownStatesTimeIntervals			DOWN	
29056.112	0.21919999999954598	UpDownStatesTimeIntervals			UP	
29056.4512	0.41519999999945867	UpDownStatesTimeIntervals			DOWN	
29058.204	0.048799999996845145	RippleTimeIntervals		29058.208		
29059.5152	0.05519999999887659	RippleTimeIntervals		29059.5192		
29060.524	0.04160000000047148	RippleTimeIntervals		29060.556		
29063.8336	0.24639999999999418	UpDownStatesTimeIntervals			UP	
29064.4136	0.15520000000105938	UpDownStatesTimeIntervals			UP	
29066.148	0.127199999998993	UpDownStatesTimeIntervals			UP	
29066.7128	0.1728000000002794	UpDownStatesTimeIntervals			UP	
29067.3464	0.144800000001851	UpDownStatesTimeIntervals			UP	
29068.3592	0.14400000000023283	UpDownStatesTimeIntervals			UP	
29068.7744	0.058400000001711305	UpDownStatesTimeIntervals			DOWN	
29068.8328	0.3127999999996973	UpDownStatesTimeIntervals			UP	
29068.912	0.04320000000006985	RippleTimeIntervals		29068.924		
29069.3616	0.11279999999896972	UpDownStatesTimeIntervals			DOWN	
29069.4744	0.1952000000019325	UpDownStatesTimeIntervals			UP	
29069.9568	0.1592000000018743	UpDownStatesTimeIntervals			DOWN	
29070.2296	0.27840000000287546	UpDownStatesTimeIntervals			UP	
29071.3936	0.2175999999999476	UpDownStatesTimeIntervals			UP	
29071.8296	0.1368000000002212	UpDownStatesTimeIntervals			DOWN	
29071.9664	0.12960000000020955	UpDownStatesTimeIntervals			UP	
29072.6672	0.2000000000007276	UpDownStatesTimeIntervals			UP	
29075.2984	0.06720000000132131	RippleTimeIntervals		29075.3008		
29076.9528	0.20240000000194414	UpDownStatesTimeIntervals			UP	
29077.6992	0.15520000000105938	UpDownStatesTimeIntervals			UP	
29080.2016	0.22639999999955762	UpDownStatesTimeIntervals			UP	
29081.7144	0.245599999998376	UpDownStatesTimeIntervals			UP	
29082.556	0.3695999999981723	UpDownStatesTimeIntervals			UP	
29083.376	0.18479999999908614	UpDownStatesTimeIntervals			UP	
29084.1224	0.24720000000161235	UpDownStatesTimeIntervals			UP	
29085.42	0.1496000000006461	UpDownStatesTimeIntervals			DOWN	
29085.5696	0.08720000000175787	UpDownStatesTimeIntervals			UP	
29086.184	0.2536000000000058	UpDownStatesTimeIntervals			UP	
29087.1344	0.16080000000147265	UpDownStatesTimeIntervals			UP	
29088.4	0.1775999999990745	UpDownStatesTimeIntervals			UP	
29090.1432	0.16080000000147265	UpDownStatesTimeIntervals			UP	
29092.704	0.19759999999951106	UpDownStatesTimeIntervals			UP	
29097.2384	0.22479999999995925	UpDownStatesTimeIntervals			UP	
29097.9296	0.18960000000151922	UpDownStatesTimeIntervals			UP	
29098.5224	0.36559999999735737	UpDownStatesTimeIntervals			UP	
29099.4248	0.058399999998073326	RippleTimeIntervals		29099.4816		
29101.1912	0.3544000000001688	UpDownStatesTimeIntervals			UP	
29102.3168	0.19679999999789288	UpDownStatesTimeIntervals			UP	
29102.768	0.97360000000117	UpDownStatesTimeIntervals			DOWN	
29103.7416	0.26080000000001746	UpDownStatesTimeIntervals			UP	
29105.1008	0.1503999999986263	UpDownStatesTimeIntervals			UP	
29106.2232	0.12080000000059954	UpDownStatesTimeIntervals			UP	
29106.6624	0.17840000000069267	UpDownStatesTimeIntervals			UP	
29110.0104	0.18400000000110595	UpDownStatesTimeIntervals			UP	
29110.776	0.24319999999715947	UpDownStatesTimeIntervals			UP	
29111.6088	0.1823999999978696	UpDownStatesTimeIntervals			UP	
29112.296	0.4144000000014785	UpDownStatesTimeIntervals			UP	
29113.3296	0.15359999999782303	UpDownStatesTimeIntervals			UP	
29114.2648	0.13599999999860302	UpDownStatesTimeIntervals			UP	
29117.6984	0.2783999999992375	UpDownStatesTimeIntervals			UP	
29118.7136	0.3008000000008906	UpDownStatesTimeIntervals			UP	
29120.3512	0.2448000000003958	UpDownStatesTimeIntervals			UP	
29121.0784	0.3592000000026019	UpDownStatesTimeIntervals			UP	
29123.3488	0.17120000000068103	UpDownStatesTimeIntervals			UP	
29125.0504	0.15199999999822467	UpDownStatesTimeIntervals			UP	
29127.4624	0.19039999999949941	UpDownStatesTimeIntervals			UP	
29127.9168	0.11200000000098953	UpDownStatesTimeIntervals			DOWN	
29128.756	0.21199999999953434	UpDownStatesTimeIntervals			UP	
29130.8088	0.2992000000012922	UpDownStatesTimeIntervals			UP	
29133.4816	0.07280000000173459	RippleTimeIntervals		29133.5384		
29136.7672	0.19360000000233413	UpDownStatesTimeIntervals			UP	
29140.4216	0.16719999999986612	UpDownStatesTimeIntervals			UP	
29141.0752	0.14400000000023283	UpDownStatesTimeIntervals			UP	
29141.3512	0.20160000000032596	UpDownStatesTimeIntervals			DOWN	
29141.8504	0.2312000000019907	UpDownStatesTimeIntervals			UP	
29142.1072	0.05680000000211294	RippleTimeIntervals		29142.1088		
29142.2472	0.0687999999972817	RippleTimeIntervals		29142.3032		
29142.9664	0.2863999999972293	UpDownStatesTimeIntervals			UP	
29146.4984	0.21119999999791617	UpDownStatesTimeIntervals			UP	
29149.0384	0.18959999999788124	UpDownStatesTimeIntervals			UP	
29149.6424	0.17439999999987776	UpDownStatesTimeIntervals			UP	
29151.456	0.16160000000309083	UpDownStatesTimeIntervals			UP	
29152.6384	0.15200000000186265	UpDownStatesTimeIntervals			UP	
29152.748	0.08880000000135624	RippleTimeIntervals		29152.7784		
29153.308	0.16719999999986612	UpDownStatesTimeIntervals			UP	
29153.8792	0.2816000000020722	UpDownStatesTimeIntervals			UP	
29155.0928	0.3712000000014086	UpDownStatesTimeIntervals			UP	
29156.1176	0.15359999999782303	UpDownStatesTimeIntervals			UP	
29156.7392	0.36160000000018044	UpDownStatesTimeIntervals			UP	
29157.7664	0.2952000000004773	UpDownStatesTimeIntervals			UP	
29160.1944	0.23839999999836436	UpDownStatesTimeIntervals			UP	
29160.7576	0.1463999999978114	UpDownStatesTimeIntervals			UP	
29161.9096	0.3127999999996973	UpDownStatesTimeIntervals			UP	
29162.9104	0.2536000000000058	UpDownStatesTimeIntervals			UP	
29170.7352	0.16960000000108266	UpDownStatesTimeIntervals			UP	
29171.6072	0.17360000000189757	UpDownStatesTimeIntervals			UP	
29173.252	0.28879999999844586	UpDownStatesTimeIntervals			UP	
29173.8728	0.21279999999751453	UpDownStatesTimeIntervals			UP	
29174.424	0.3040000000000873	UpDownStatesTimeIntervals			UP	
29175.6312	0.22160000000076252	UpDownStatesTimeIntervals			UP	
29175.9232	0.32959999999729916	UpDownStatesTimeIntervals			DOWN	
29176.2528	0.29280000000289874	UpDownStatesTimeIntervals			UP	
29176.7088	0.6104000000013912	UpDownStatesTimeIntervals			DOWN	
29177.3192	0.17199999999866122	UpDownStatesTimeIntervals			UP	
29181.7184	0.3511999999973341	UpDownStatesTimeIntervals			UP	
29182.9408	0.24639999999999418	UpDownStatesTimeIntervals			UP	
29186.0584	0.23519999999916763	UpDownStatesTimeIntervals			UP	
29186.3984	0.09680000000298605	UpDownStatesTimeIntervals			DOWN	
29187.1976	0.13920000000143773	UpDownStatesTimeIntervals			DOWN	
29187.5504	0.127199999998993	UpDownStatesTimeIntervals			UP	
29189.3616	0.2767999999996391	UpDownStatesTimeIntervals			UP	
29190.736	0.2504000000008091	UpDownStatesTimeIntervals			UP	
29190.832	0.06880000000091968	RippleTimeIntervals		29190.8568		
29191.6384	0.3768000000018219	UpDownStatesTimeIntervals			UP	
29192.6712	0.29439999999885913	UpDownStatesTimeIntervals			UP	
29196.1088	0.23599999999714782	UpDownStatesTimeIntervals			UP	
29196.1992	0.0816000000013446	RippleTimeIntervals		29196.2256		
29196.4256	0.10080000000016298	UpDownStatesTimeIntervals			DOWN	
29196.5264	0.263200000001234	UpDownStatesTimeIntervals			UP	
29197.544	0.26719999999841093	UpDownStatesTimeIntervals			UP	
29199.696	0.16719999999986612	UpDownStatesTimeIntervals			DOWN	
29199.8632	0.17439999999987776	UpDownStatesTimeIntervals			UP	
29200.4528	0.127200000002631	UpDownStatesTimeIntervals			UP	
29201.4368	0.17360000000189757	UpDownStatesTimeIntervals			UP	
29202.5464	0.23040000000037253	UpDownStatesTimeIntervals			UP	
29203.6728	0.14240000000063446	UpDownStatesTimeIntervals			UP	
29204.9392	0.1496000000006461	UpDownStatesTimeIntervals			UP	
29205.996	0.14719999999942956	UpDownStatesTimeIntervals			UP	
29206.6776	0.14320000000225264	UpDownStatesTimeIntervals			UP	
29207.2992	0.11520000000018626	UpDownStatesTimeIntervals			DOWN	
29207.6976	0.13999999999941792	UpDownStatesTimeIntervals			UP	
29208.2488	0.1455999999998312	UpDownStatesTimeIntervals			UP	
29210.7696	0.38400000000183354	UpDownStatesTimeIntervals			UP	
29216.832	0.1496000000006461	UpDownStatesTimeIntervals			UP	
29218.2032	0.2815999999984342	UpDownStatesTimeIntervals			UP	
29218.2928	0.0904000000009546	RippleTimeIntervals		29218.3072		
29219.6528	0.1408000000010361	UpDownStatesTimeIntervals			UP	
29223.02	0.18400000000110595	UpDownStatesTimeIntervals			UP	
29223.44	0.2312000000019907	UpDownStatesTimeIntervals			DOWN	
29225.8368	0.24320000000079744	UpDownStatesTimeIntervals			UP	
29228.4752	0.16159999999945285	UpDownStatesTimeIntervals			UP	
29229.6568	0.11200000000098953	RippleTimeIntervals		29229.6728		
29230.3392	0.14320000000225264	UpDownStatesTimeIntervals			UP	
29231.0984	0.16640000000188593	UpDownStatesTimeIntervals			UP	
29232.1456	0.2360000000007858	UpDownStatesTimeIntervals			UP	
29233.0056	0.14800000000104774	UpDownStatesTimeIntervals			UP	
29233.8856	0.12479999999777647	UpDownStatesTimeIntervals			UP	
29234.3616	0.08799999999973807	UpDownStatesTimeIntervals			DOWN	
29234.4496	0.31999999999970896	UpDownStatesTimeIntervals			UP	
29238.4992	0.1488000000026659	UpDownStatesTimeIntervals			UP	
29240.9224	0.19280000000071595	UpDownStatesTimeIntervals			UP	
29241.4744	0.1728000000002794	UpDownStatesTimeIntervals			UP	
29242.296	0.1496000000006461	UpDownStatesTimeIntervals			UP	
29243.9224	0.15599999999903957	UpDownStatesTimeIntervals			UP	
29244.912	0.13999999999941792	UpDownStatesTimeIntervals			UP	
29246.336	0.12960000000020955	UpDownStatesTimeIntervals			UP	
29247.9392	0.25200000000040745	UpDownStatesTimeIntervals			UP	
29248.032	0.0544000000008964	RippleTimeIntervals		29248.0856		
29249.0368	0.15839999999661813	UpDownStatesTimeIntervals			UP	
29250.8464	0.24080000000321888	UpDownStatesTimeIntervals			UP	
29251.564	0.1680000000014843	UpDownStatesTimeIntervals			UP	
29254.1792	0.14400000000023283	UpDownStatesTimeIntervals			UP	
29255.028	0.1496000000006461	UpDownStatesTimeIntervals			UP	
29256.2376	0.15120000000024447	UpDownStatesTimeIntervals			UP	
29257.2912	0.1264000000010128	UpDownStatesTimeIntervals			UP	
29259.7568	0.1408000000010361	UpDownStatesTimeIntervals			UP	
29260.5944	0.27199999999720603	UpDownStatesTimeIntervals			UP	
29262.9136	0.16479999999864958	UpDownStatesTimeIntervals			UP	
29263.644	0.1415999999990163	UpDownStatesTimeIntervals			UP	
29264.3712	0.13359999999738648	UpDownStatesTimeIntervals			UP	
29265.084	0.26480000000083237	UpDownStatesTimeIntervals			UP	
29265.8976	0.22239999999874271	UpDownStatesTimeIntervals			UP	
29266.8696	0.17199999999866122	UpDownStatesTimeIntervals			UP	
29271.6256	0.15279999999984284	UpDownStatesTimeIntervals			UP	
29272.6176	0.17919999999867287	UpDownStatesTimeIntervals			UP	
29273.972	0.27599999999802094	UpDownStatesTimeIntervals			UP	
29274.8912	0.2712000000028638	UpDownStatesTimeIntervals			UP	
29277.8536	0.3400000000001455	UpDownStatesTimeIntervals			UP	
29280.4848	0.16640000000188593	UpDownStatesTimeIntervals			UP	
29282.6208	0.15759999999863794	UpDownStatesTimeIntervals			UP	
29284.6856	0.2736000000004424	UpDownStatesTimeIntervals			UP	
29284.7752	0.0544000000008964	RippleTimeIntervals		29284.8088		
29285.2464	0.04079999999885331	RippleTimeIntervals		29285.2784		
29286.7416	0.1911999999974796	UpDownStatesTimeIntervals			UP	
29290.4576	0.15679999999701977	UpDownStatesTimeIntervals			UP	
29291.9624	0.2511999999987893	UpDownStatesTimeIntervals			UP	
29292.4448	0.3223999999972875	UpDownStatesTimeIntervals			DOWN	
29292.7672	0.20960000000195578	UpDownStatesTimeIntervals			UP	
29292.8816	0.04320000000006985	RippleTimeIntervals		29292.8912		
29293.7392	0.2743999999984226	UpDownStatesTimeIntervals			UP	
29294.5696	0.17920000000231084	UpDownStatesTimeIntervals			UP	
29295.1352	0.16639999999824795	UpDownStatesTimeIntervals			UP	
29295.684	0.2407999999995809	UpDownStatesTimeIntervals			UP	
29296.1224	0.20160000000032596	UpDownStatesTimeIntervals			DOWN	
29296.324	0.23359999999956926	UpDownStatesTimeIntervals			UP	
29297.1808	0.153600000001461	UpDownStatesTimeIntervals			UP	
29297.6624	0.13919999999779975	UpDownStatesTimeIntervals			DOWN	
29298.4232	0.14319999999861466	UpDownStatesTimeIntervals			UP	
29299.1104	0.2448000000003958	UpDownStatesTimeIntervals			UP	
29301.1544	0.18800000000192085	UpDownStatesTimeIntervals			UP	
29302.004	0.24719999999797437	UpDownStatesTimeIntervals			UP	
29302.8584	0.1463999999978114	UpDownStatesTimeIntervals			UP	
29304.4592	0.12639999999737483	UpDownStatesTimeIntervals			UP	
29305.2448	0.21119999999791617	UpDownStatesTimeIntervals			UP	
29306.2752	0.1959999999999127	UpDownStatesTimeIntervals			UP	
29307.1048	0.10719999999855645	UpDownStatesTimeIntervals			DOWN	
29307.212	0.2007999999987078	UpDownStatesTimeIntervals			UP	
29309.3944	0.18079999999827123	UpDownStatesTimeIntervals			UP	
29309.94	0.24240000000281725	UpDownStatesTimeIntervals			UP	
29311.6024	0.18879999999990105	UpDownStatesTimeIntervals			UP	
29312.7584	0.21520000000236905	UpDownStatesTimeIntervals			UP	
29312.8624	0.05039999999644351	RippleTimeIntervals		29312.8992		
29313.676	0.2824000000000524	UpDownStatesTimeIntervals			UP	
29315.9184	0.24560000000201399	UpDownStatesTimeIntervals			UP	
29316.0088	0.06959999999889988	RippleTimeIntervals		29316.0752		
29317.1056	0.15120000000024447	UpDownStatesTimeIntervals			UP	
29319.0592	0.22079999999914435	UpDownStatesTimeIntervals			UP	
29320.8864	0.06799999999930151	RippleTimeIntervals		29320.9232		
29321.84	0.26719999999841093	UpDownStatesTimeIntervals			UP	
29321.9624	0.051199999998061685	RippleTimeIntervals		29321.9944		
29323.7872	0.1728000000002794	UpDownStatesTimeIntervals			UP	
29324.296	0.09440000000176951	UpDownStatesTimeIntervals			DOWN	
29325.1624	0.1455999999998312	UpDownStatesTimeIntervals			UP	
29325.948	0.16479999999864958	UpDownStatesTimeIntervals			UP	
29326.4864	0.11759999999776483	UpDownStatesTimeIntervals			DOWN	
29326.604	0.2135999999991327	UpDownStatesTimeIntervals			UP	
29327.276	0.15199999999822467	UpDownStatesTimeIntervals			UP	
29327.9496	0.22079999999914435	UpDownStatesTimeIntervals			UP	
29333.2904	0.07439999999769498	RippleTimeIntervals		29333.3568		
29333.3768	0.3592000000026019	UpDownStatesTimeIntervals			UP	
29334.3568	0.36079999999856227	UpDownStatesTimeIntervals			UP	
29338.2616	0.25759999999718275	UpDownStatesTimeIntervals			UP	
29343.4384	0.15999999999985448	UpDownStatesTimeIntervals			UP	
29353.8824	0.15440000000307919	UpDownStatesTimeIntervals			UP	
29354.8488	0.14879999999902793	UpDownStatesTimeIntervals			UP	
29356.4736	0.2055999999975029	UpDownStatesTimeIntervals			UP	
29357.1136	0.34799999999813735	UpDownStatesTimeIntervals			UP	
29357.8328	0.09999999999854481	UpDownStatesTimeIntervals			UP	
29358.4928	0.1856000000007043	UpDownStatesTimeIntervals			UP	
29359.3064	0.15679999999701977	UpDownStatesTimeIntervals			UP	
29364.4768	0.26159999999799766	UpDownStatesTimeIntervals			UP	
29365.1032	0.22159999999712454	UpDownStatesTimeIntervals			UP	
29365.4816	0.7639999999992142	UpDownStatesTimeIntervals			DOWN	
29366.2456	0.1584000000002561	UpDownStatesTimeIntervals			UP	
29367.5024	0.29680000000007567	UpDownStatesTimeIntervals			UP	
29368.0944	0.16799999999784632	UpDownStatesTimeIntervals			DOWN	
29368.2624	0.2871999999988475	UpDownStatesTimeIntervals			UP	
29368.5168	0.06559999999808497	RippleTimeIntervals		29368.5272		
29382.3968	0.15279999999984284	UpDownStatesTimeIntervals			UP	
29387.5584	0.16639999999824795	UpDownStatesTimeIntervals			UP	
29391.9464	0.15680000000065775	UpDownStatesTimeIntervals			UP	
29393.3856	0.15679999999701977	UpDownStatesTimeIntervals			UP	
29394.092	0.27999999999883585	UpDownStatesTimeIntervals			UP	
29394.7	0.14479999999821302	UpDownStatesTimeIntervals			DOWN	
29394.8448	0.15279999999984284	UpDownStatesTimeIntervals			UP	
29398.6264	0.23040000000037253	UpDownStatesTimeIntervals			UP	
29400.8072	0.27119999999922584	UpDownStatesTimeIntervals			UP	
29403.6456	0.23040000000037253	UpDownStatesTimeIntervals			UP	
29405.7208	0.2272000000011758	UpDownStatesTimeIntervals			UP	
29409.0944	0.1639999999970314	UpDownStatesTimeIntervals			UP	
29411.3368	0.1687999999994645	UpDownStatesTimeIntervals			UP	
29412.2792	0.16079999999783468	UpDownStatesTimeIntervals			UP	
29413.7984	0.2448000000003958	UpDownStatesTimeIntervals			UP	
29413.892	0.048800000000483124	RippleTimeIntervals		29413.8984		
29415.0656	0.21279999999751453	UpDownStatesTimeIntervals			UP	
29415.6592	0.12800000000061118	UpDownStatesTimeIntervals			DOWN	
29416.4528	0.1680000000014843	UpDownStatesTimeIntervals			UP	
29416.852	0.2312000000019907	UpDownStatesTimeIntervals			DOWN	
29417.2104	0.25679999999920256	UpDownStatesTimeIntervals			UP	
29417.6176	0.14239999999699648	UpDownStatesTimeIntervals			DOWN	
29418.5488	0.24639999999999418	UpDownStatesTimeIntervals			UP	
29422.8016	0.2407999999995809	UpDownStatesTimeIntervals			UP	
29423.8632	0.23440000000118744	UpDownStatesTimeIntervals			UP	
29424.0352	0.10640000000057626	RippleTimeIntervals		29424.0432		
29424.5344	0.16639999999824795	UpDownStatesTimeIntervals			UP	
29425.788	0.2007999999987078	UpDownStatesTimeIntervals			UP	
29426.4656	0.17439999999987776	UpDownStatesTimeIntervals			UP	
29431.0456	0.15759999999863794	UpDownStatesTimeIntervals			UP	
29432.564	0.27520000000004075	UpDownStatesTimeIntervals			UP	
29434.6192	0.039999999997235136	RippleTimeIntervals		29434.632		
29435.864	0.12479999999777647	UpDownStatesTimeIntervals			UP	
29441.0144	0.19359999999869615	UpDownStatesTimeIntervals			UP	
29444.0	13.0	SleepStates				WAKEstate
29458.0	100.0	SleepStates				NREMstate
29459.0296	0.07920000000012806	UpDownStatesTimeIntervals			DOWN	
29459.1672	0.35120000000097207	UpDownStatesTimeIntervals			UP	
29463.3192	0.12959999999657157	UpDownStatesTimeIntervals			UP	
29464.2912	0.15200000000186265	UpDownStatesTimeIntervals			UP	
29464.4456	0.07120000000213622	RippleTimeIntervals		29464.4552		
29465.7384	0.12560000000303262	UpDownStatesTimeIntervals			DOWN	
29465.864	0.2727999999988242	UpDownStatesTimeIntervals			UP	
29467.4048	0.20720000000073924	UpDownStatesTimeIntervals			UP	
29469.1032	0.2415999999975611	UpDownStatesTimeIntervals			UP	
29471.1544	0.16719999999986612	UpDownStatesTimeIntervals			UP	
29471.9432	0.026399999998830026	UpDownStatesTimeIntervals			DOWN	
29472.6888	0.144800000001851	UpDownStatesTimeIntervals			UP	
29474.4784	0.280800000000454	UpDownStatesTimeIntervals			UP	
29481.612	0.18319999999948777	UpDownStatesTimeIntervals			UP	
29484.7768	0.1176000000014028	UpDownStatesTimeIntervals			DOWN	
29484.8944	0.14479999999821302	UpDownStatesTimeIntervals			UP	
29489.52	0.13039999999818974	UpDownStatesTimeIntervals			UP	
29491.784	0.13839999999981956	UpDownStatesTimeIntervals			UP	
29492.316	0.1455999999998312	UpDownStatesTimeIntervals			UP	
29495.4136	0.16719999999986612	UpDownStatesTimeIntervals			UP	
29501.3992	0.07679999999891152	UpDownStatesTimeIntervals			DOWN	
29501.476	0.2504000000008091	UpDownStatesTimeIntervals			UP	
29503.0728	0.1511999999966065	UpDownStatesTimeIntervals			UP	
29503.9336	0.16560000000026776	UpDownStatesTimeIntervals			UP	
29506.4096	0.2824000000000524	UpDownStatesTimeIntervals			UP	
29506.9488	0.1680000000014843	UpDownStatesTimeIntervals			DOWN	
29510.6712	0.2511999999987893	UpDownStatesTimeIntervals			UP	
29514.7216	0.14240000000063446	UpDownStatesTimeIntervals			UP	
29515.472	0.17279999999664142	UpDownStatesTimeIntervals			UP	
29527.2384	0.1408000000010361	UpDownStatesTimeIntervals			UP	
29529.2544	0.2911999999996624	UpDownStatesTimeIntervals			UP	
29530.4904	0.13040000000182772	UpDownStatesTimeIntervals			UP	
29534.016	0.2960000000020955	UpDownStatesTimeIntervals			UP	
29537.5568	0.2856000000028871	UpDownStatesTimeIntervals			UP	
29538.4512	0.019199999998818384	UpDownStatesTimeIntervals			DOWN	
29538.4704	0.24800000000323053	UpDownStatesTimeIntervals			UP	
29540.784	0.11200000000098953	UpDownStatesTimeIntervals			UP	
29541.312	0.1591999999982363	UpDownStatesTimeIntervals			UP	
29544.8688	0.1224000000001979	UpDownStatesTimeIntervals			UP	
29548.5584	0.1511999999966065	UpDownStatesTimeIntervals			UP	
29551.8688	0.14800000000104774	UpDownStatesTimeIntervals			UP	
29552.4184	0.13920000000143773	UpDownStatesTimeIntervals			UP	
29552.9704	0.12480000000141445	UpDownStatesTimeIntervals			UP	
29554.712	0.13920000000143773	UpDownStatesTimeIntervals			UP	
29559.0	18.0	SleepStates				WAKEstate
29578.0	110.0	SleepStates				NREMstate
29581.8576	0.1808000000019092	UpDownStatesTimeIntervals			UP	
29582.4568	0.2000000000007276	UpDownStatesTimeIntervals			UP	
29583.8664	0.1543999999994412	UpDownStatesTimeIntervals			DOWN	
29584.276	0.1783999999970547	UpDownStatesTimeIntervals			UP	
29585.8064	0.27999999999883585	UpDownStatesTimeIntervals			UP	
29586.9224	0.1584000000002561	UpDownStatesTimeIntervals			UP	
29588.5352	0.12480000000141445	UpDownStatesTimeIntervals			UP	
29589.0992	0.15359999999782303	UpDownStatesTimeIntervals			UP	
29589.684	0.19519999999829452	UpDownStatesTimeIntervals			UP	
29590.6944	0.1224000000001979	UpDownStatesTimeIntervals			UP	
29592.6208	0.15520000000105938	UpDownStatesTimeIntervals			UP	
29594.2344	0.1783999999970547	UpDownStatesTimeIntervals			UP	
29594.4616	0.6376000000018394	UpDownStatesTimeIntervals			DOWN	
29595.0992	0.19679999999789288	UpDownStatesTimeIntervals			UP	
29597.6872	0.21199999999953434	UpDownStatesTimeIntervals			UP	
29600.7072	0.13999999999941792	UpDownStatesTimeIntervals			UP	
29601.16	0.32080000000132713	UpDownStatesTimeIntervals			UP	
29601.8424	0.1463999999978114	UpDownStatesTimeIntervals			UP	
29603.6576	0.28880000000208383	UpDownStatesTimeIntervals			UP	
29604.1024	0.15520000000105938	UpDownStatesTimeIntervals			DOWN	
29604.8024	0.21199999999953434	UpDownStatesTimeIntervals			UP	
29611.8776	0.1408000000010361	UpDownStatesTimeIntervals			UP	
29613.9064	0.024000000001251465	UpDownStatesTimeIntervals			DOWN	
29614.1168	0.15200000000186265	UpDownStatesTimeIntervals			UP	
29616.1936	0.14400000000023283	UpDownStatesTimeIntervals			UP	
29616.8272	0.13599999999860302	UpDownStatesTimeIntervals			UP	
29616.9944	0.07600000000093132	UpDownStatesTimeIntervals			DOWN	
29617.6432	0.17439999999987776	UpDownStatesTimeIntervals			DOWN	
29617.8176	0.15279999999984284	UpDownStatesTimeIntervals			UP	
29621.2064	0.13360000000102445	UpDownStatesTimeIntervals			UP	
29621.3616	0.11599999999816646	UpDownStatesTimeIntervals			DOWN	
29625.2352	0.1543999999994412	UpDownStatesTimeIntervals			UP	
29625.8728	0.1463999999978114	UpDownStatesTimeIntervals			UP	
29632.9824	0.2559999999975844	UpDownStatesTimeIntervals			UP	
29633.0784	0.048800000000483124	RippleTimeIntervals		29633.0792		
29635.6704	0.14400000000023283	UpDownStatesTimeIntervals			UP	
29637.5752	0.16240000000107102	UpDownStatesTimeIntervals			UP	
29638.5664	0.14319999999861466	UpDownStatesTimeIntervals			UP	
29639.144	0.19519999999829452	UpDownStatesTimeIntervals			UP	
29639.8776	0.1415999999990163	UpDownStatesTimeIntervals			UP	
29641.9232	0.23839999999836436	UpDownStatesTimeIntervals			UP	
29643.3736	0.1856000000007043	UpDownStatesTimeIntervals			UP	
29648.0816	0.05199999999967986	UpDownStatesTimeIntervals			DOWN	
29648.1336	0.14240000000063446	UpDownStatesTimeIntervals			UP	
29651.3792	0.16640000000188593	UpDownStatesTimeIntervals			UP	
29652.3056	0.12559999999939464	UpDownStatesTimeIntervals			UP	
29652.7832	0.23919999999998254	UpDownStatesTimeIntervals			UP	
29653.5784	0.1584000000002561	UpDownStatesTimeIntervals			UP	
29653.868	0.28960000000006403	UpDownStatesTimeIntervals			DOWN	
29654.6288	0.153600000001461	UpDownStatesTimeIntervals			UP	
29656.7864	0.1368000000002212	UpDownStatesTimeIntervals			UP	
29660.4256	0.15600000000267755	UpDownStatesTimeIntervals			UP	
29664.0912	0.13760000000183936	UpDownStatesTimeIntervals			UP	
29664.5952	0.254400000001624	UpDownStatesTimeIntervals			UP	
29666.3136	0.07200000000011642	RippleTimeIntervals		29666.3176		
29667.4192	0.1687999999994645	UpDownStatesTimeIntervals			UP	
29673.3752	0.06960000000253785	UpDownStatesTimeIntervals			DOWN	
29673.4448	0.14879999999902793	UpDownStatesTimeIntervals			UP	
29674.5448	0.13599999999860302	UpDownStatesTimeIntervals			UP	
29678.1464	0.1415999999990163	UpDownStatesTimeIntervals			UP	
29681.4256	0.13360000000102445	UpDownStatesTimeIntervals			UP	
29683.636	0.15600000000267755	UpDownStatesTimeIntervals			UP	
29684.7184	0.21199999999953434	UpDownStatesTimeIntervals			UP	
29685.124	0.08239999999932479	UpDownStatesTimeIntervals			DOWN	
29689.0	30.0	SleepStates				WAKEstate
29720.0	8.0	SleepStates				NREMstate
29720.1904	0.13040000000182772	UpDownStatesTimeIntervals			UP	
29720.6664	0.056000000000494765	UpDownStatesTimeIntervals			DOWN	
29720.7224	0.12960000000020955	UpDownStatesTimeIntervals			UP	
29721.3184	0.2680000000000291	UpDownStatesTimeIntervals			UP	
29721.9112	0.4128000000018801	UpDownStatesTimeIntervals			UP	
29726.6808	0.09280000000217115	UpDownStatesTimeIntervals			DOWN	
29726.7736	0.1368000000002212	UpDownStatesTimeIntervals			UP	
29727.3576	0.12080000000059954	UpDownStatesTimeIntervals			UP	
29728.024	0.11520000000018626	UpDownStatesTimeIntervals			UP	
29728.6632	0.1368000000002212	UpDownStatesTimeIntervals			UP	
29729.0	43.0	SleepStates				WAKEstate
29773.0	9.0	SleepStates				NREMstate
29773.072	0.15279999999984284	UpDownStatesTimeIntervals			UP	
29773.7688	0.1823999999978696	UpDownStatesTimeIntervals			UP	
29774.7008	0.16719999999986612	UpDownStatesTimeIntervals			UP	
29775.2592	0.14240000000063446	UpDownStatesTimeIntervals			UP	
29783.0	30.0	SleepStates				WAKEstate
29793.704	0.10239999999976135	RippleTimeIntervals		29793.7752		
29794.0672	0.1687999999994645	RippleTimeIntervals		29794.1336		
29813.22	0.1496000000006461	UpDownStatesTimeIntervals			UP	
29813.8056	0.12800000000061118	UpDownStatesTimeIntervals			UP	
29814.0	25.0	SleepStates				NREMstate
29814.3752	0.15040000000226428	UpDownStatesTimeIntervals			UP	
29814.9896	0.25279999999838765	UpDownStatesTimeIntervals			UP	
29822.5568	0.12399999999979627	RippleTimeIntervals		29822.5632		
29840.0	42.0	SleepStates				WAKEstate
29846.7744	0.07280000000173459	RippleTimeIntervals		29846.844		
29878.0376	0.10239999999976135	RippleTimeIntervals		29878.1336		
29883.0	88.0	SleepStates				NREMstate
29883.2576	0.17439999999987776	UpDownStatesTimeIntervals			UP	
29883.6408	0.2687999999980093	UpDownStatesTimeIntervals			UP	
29884.4656	0.236799999998766	UpDownStatesTimeIntervals			UP	
29884.896	0.27920000000085565	UpDownStatesTimeIntervals			UP	
29885.6608	0.1415999999990163	UpDownStatesTimeIntervals			UP	
29886.1792	0.14320000000225264	UpDownStatesTimeIntervals			UP	
29894.5264	0.23280000000158907	UpDownStatesTimeIntervals			UP	
29895.1376	0.14400000000023283	UpDownStatesTimeIntervals			UP	
29896.1288	0.18640000000232249	UpDownStatesTimeIntervals			UP	
29897.528	0.24320000000079744	UpDownStatesTimeIntervals			UP	
29898.1608	0.14799999999740976	UpDownStatesTimeIntervals			UP	
29899.0736	0.2511999999987893	UpDownStatesTimeIntervals			UP	
29899.8624	0.13839999999981956	UpDownStatesTimeIntervals			UP	
29900.6456	0.20560000000114087	UpDownStatesTimeIntervals			UP	
29901.2304	0.07119999999849824	UpDownStatesTimeIntervals			DOWN	
29901.3016	0.1488000000026659	UpDownStatesTimeIntervals			UP	
29902.1544	0.17840000000069267	UpDownStatesTimeIntervals			UP	
29902.7928	0.22079999999914435	UpDownStatesTimeIntervals			UP	
29904.4368	0.07200000000011642	UpDownStatesTimeIntervals			DOWN	
29904.5088	0.17360000000189757	UpDownStatesTimeIntervals			UP	
29905.26	0.15120000000024447	UpDownStatesTimeIntervals			UP	
29905.8312	0.06480000000010477	UpDownStatesTimeIntervals			DOWN	
29906.0664	0.14719999999942956	UpDownStatesTimeIntervals			UP	
29906.3328	0.06639999999970314	UpDownStatesTimeIntervals			DOWN	
29906.668	0.22399999999834108	UpDownStatesTimeIntervals			UP	
29906.9264	0.19199999999909778	UpDownStatesTimeIntervals			DOWN	
29907.5328	0.13039999999818974	UpDownStatesTimeIntervals			UP	
29908.0704	0.1408000000010361	UpDownStatesTimeIntervals			UP	
29908.6568	0.0911999999989348	UpDownStatesTimeIntervals			DOWN	
29908.748	0.14319999999861466	UpDownStatesTimeIntervals			UP	
29909.5656	0.15999999999985448	UpDownStatesTimeIntervals			UP	
29910.4	0.11199999999735155	UpDownStatesTimeIntervals			UP	
29911.2728	0.127200000002631	UpDownStatesTimeIntervals			UP	
29913.1936	0.10720000000219443	UpDownStatesTimeIntervals			UP	
29913.5672	0.24639999999999418	UpDownStatesTimeIntervals			UP	
29914.2584	0.15680000000065775	UpDownStatesTimeIntervals			UP	
29914.5848	0.3231999999989057	UpDownStatesTimeIntervals			UP	
29915.104	0.14879999999902793	UpDownStatesTimeIntervals			DOWN	
29915.6056	0.17760000000271248	UpDownStatesTimeIntervals			UP	
29917.1584	0.13759999999820138	UpDownStatesTimeIntervals			UP	
29917.3184	0.15520000000105938	UpDownStatesTimeIntervals			DOWN	
29917.9576	0.14079999999739812	UpDownStatesTimeIntervals			UP	
29918.4008	0.14879999999902793	UpDownStatesTimeIntervals			UP	
29919.1856	0.1319999999977881	UpDownStatesTimeIntervals			UP	
29919.8432	0.2232000000003609	UpDownStatesTimeIntervals			UP	
29920.1456	0.03359999999884167	UpDownStatesTimeIntervals			DOWN	
29920.8272	0.22079999999914435	UpDownStatesTimeIntervals			UP	
29921.9944	0.15999999999985448	UpDownStatesTimeIntervals			UP	
29922.7072	0.12800000000061118	UpDownStatesTimeIntervals			UP	
29923.7976	0.13279999999940628	UpDownStatesTimeIntervals			UP	
29924.7976	0.14719999999942956	UpDownStatesTimeIntervals			UP	
29925.4896	0.14400000000023283	UpDownStatesTimeIntervals			UP	
29926.432	0.15520000000105938	UpDownStatesTimeIntervals			UP	
29926.66	0.05679999999847496	UpDownStatesTimeIntervals			DOWN	
29927.376	0.15120000000024447	UpDownStatesTimeIntervals			UP	
29929.9664	0.24879999999757274	UpDownStatesTimeIntervals			UP	
29930.7088	0.13039999999818974	UpDownStatesTimeIntervals			UP	
29930.9536	0.31120000000009895	UpDownStatesTimeIntervals			DOWN	
29931.4296	0.1592000000018743	UpDownStatesTimeIntervals			UP	
29932.0704	0.1408000000010361	UpDownStatesTimeIntervals			UP	
29932.5256	0.08480000000054133	RippleTimeIntervals		29932.572		
29932.7608	0.14479999999821302	UpDownStatesTimeIntervals			UP	
29934.5376	0.16319999999905122	UpDownStatesTimeIntervals			UP	
29935.0272	0.11279999999896972	UpDownStatesTimeIntervals			DOWN	
29935.4216	0.19839999999749125	UpDownStatesTimeIntervals			UP	
29936.46	0.14400000000023283	UpDownStatesTimeIntervals			UP	
29937.0424	0.06560000000172295	UpDownStatesTimeIntervals			UP	
29937.8424	0.09279999999853317	RippleTimeIntervals		29937.9152		
29938.2504	0.09279999999853317	RippleTimeIntervals		29938.2584		
29938.5016	0.06880000000091968	RippleTimeIntervals		29938.5344		
29938.7744	0.24639999999999418	UpDownStatesTimeIntervals			UP	
29939.764	0.2000000000007276	UpDownStatesTimeIntervals			UP	
29949.096	0.1415999999990163	UpDownStatesTimeIntervals			UP	
29949.888	0.08880000000135624	UpDownStatesTimeIntervals			UP	
29950.5024	0.12559999999939464	UpDownStatesTimeIntervals			UP	
29951.3952	0.13279999999940628	UpDownStatesTimeIntervals			UP	
29951.8712	0.15120000000024447	UpDownStatesTimeIntervals			UP	
29952.2752	0.2688000000016473	UpDownStatesTimeIntervals			UP	
29972.0	13.0	SleepStates				WAKEstate
29986.0	36.0	SleepStates				NREMstate
29988.02	0.22559999999793945	UpDownStatesTimeIntervals			UP	
29988.916	0.13039999999818974	UpDownStatesTimeIntervals			UP	
29993.5824	0.04320000000006985	RippleTimeIntervals		29993.604		
29999.9376	0.08480000000054133	RippleTimeIntervals		30000.0032		
30000.9008	0.09440000000176951	RippleTimeIntervals		30000.936		
30007.9296	0.11679999999978463	RippleTimeIntervals		30007.9376		
30008.3176	0.16480000000228756	UpDownStatesTimeIntervals			UP	
30009.0312	0.22719999999753782	UpDownStatesTimeIntervals			UP	
30009.392	0.2135999999991327	UpDownStatesTimeIntervals			DOWN	
30009.6056	0.2776000000012573	UpDownStatesTimeIntervals			UP	
30010.2752	0.08880000000135624	UpDownStatesTimeIntervals			UP	
30011.6144	0.14160000000265427	UpDownStatesTimeIntervals			UP	
30012.4944	0.1503999999986263	UpDownStatesTimeIntervals			UP	
30014.1952	0.18240000000150758	UpDownStatesTimeIntervals			UP	
30015.244	0.1088000000017928	UpDownStatesTimeIntervals			UP	
30015.8336	0.3471999999965192	UpDownStatesTimeIntervals			UP	
30016.3928	0.26239999999961583	UpDownStatesTimeIntervals			UP	
30017.2816	0.2400000000016007	UpDownStatesTimeIntervals			UP	
30017.9608	0.22079999999914435	UpDownStatesTimeIntervals			UP	
30023.0	19.0	SleepStates				WAKEstate
30043.0	10.0	SleepStates				NREMstate
30044.7224	0.23440000000118744	UpDownStatesTimeIntervals			UP	
30045.3152	0.09839999999894644	UpDownStatesTimeIntervals			DOWN	
30045.8064	0.12399999999979627	UpDownStatesTimeIntervals			UP	
30047.9488	0.03200000000288128	RippleTimeIntervals		30047.9768		
30048.2232	0.14319999999861466	UpDownStatesTimeIntervals			UP	
30048.7688	0.1687999999994645	UpDownStatesTimeIntervals			UP	
30049.2024	0.060800000002927845	UpDownStatesTimeIntervals			DOWN	
30049.3952	0.1264000000010128	UpDownStatesTimeIntervals			UP	
30050.7264	0.118399999999383	UpDownStatesTimeIntervals			UP	
30054.0	70.0	SleepStates				WAKEstate
30085.5048	0.07200000000011642	RippleTimeIntervals		30085.5616		
30087.156	0.11200000000098953	RippleTimeIntervals		30087.2392		
30108.0816	0.07839999999850988	RippleTimeIntervals		30108.1512		
30111.4504	0.10879999999815482	RippleTimeIntervals		30111.5048		
30119.3232	0.16960000000108266	RippleTimeIntervals		30119.36		
30119.7696	0.12159999999857973	RippleTimeIntervals		30119.8416		
30120.228	0.18879999999990105	RippleTimeIntervals		30120.3256		
30125.0	10.0	SleepStates				NREMstate
30127.9768	0.16479999999864958	UpDownStatesTimeIntervals			UP	
30128.8032	0.12000000000261934	UpDownStatesTimeIntervals			UP	
30129.2824	0.2495999999991909	UpDownStatesTimeIntervals			UP	
30132.7144	0.04399999999805004	RippleTimeIntervals		30132.7248		
30136.0	9.0	SleepStates				WAKEstate
30145.9072	0.11759999999776483	UpDownStatesTimeIntervals			UP	
30146.0	33.0	SleepStates				NREMstate
30146.5592	0.11200000000098953	UpDownStatesTimeIntervals			UP	
30147.0752	0.2407999999995809	UpDownStatesTimeIntervals			UP	
30148.096	0.12879999999859137	UpDownStatesTimeIntervals			UP	
30148.6024	0.19919999999910942	UpDownStatesTimeIntervals			UP	
30149.58	0.20799999999871943	UpDownStatesTimeIntervals			UP	
30149.9176	0.07839999999850988	UpDownStatesTimeIntervals			DOWN	
30150.192	0.2728000000024622	UpDownStatesTimeIntervals			UP	
30151.068	0.09920000000056461	UpDownStatesTimeIntervals			UP	
30151.2304	0.18079999999827123	UpDownStatesTimeIntervals			DOWN	
30151.4112	0.29760000000169384	UpDownStatesTimeIntervals			UP	
30152.1528	0.263200000001234	UpDownStatesTimeIntervals			UP	
30154.124	0.14879999999902793	UpDownStatesTimeIntervals			UP	
30154.7688	0.28399999999965075	UpDownStatesTimeIntervals			UP	
30157.7432	0.12080000000059954	UpDownStatesTimeIntervals			UP	
30158.6712	0.14479999999821302	UpDownStatesTimeIntervals			UP	
30159.7744	0.1408000000010361	UpDownStatesTimeIntervals			UP	
30162.4576	0.25279999999838765	UpDownStatesTimeIntervals			UP	
30163.2664	0.1912000000011176	UpDownStatesTimeIntervals			UP	
30167.3344	0.18479999999908614	UpDownStatesTimeIntervals			UP	
30167.8744	0.16240000000107102	UpDownStatesTimeIntervals			UP	
30168.6192	0.1136000000005879	UpDownStatesTimeIntervals			UP	
30169.0824	0.19840000000112923	UpDownStatesTimeIntervals			UP	
30169.7128	0.24639999999999418	UpDownStatesTimeIntervals			UP	
30170.8032	0.2624000000032538	UpDownStatesTimeIntervals			UP	
30171.4504	0.13919999999779975	UpDownStatesTimeIntervals			DOWN	
30171.5896	0.18879999999990105	UpDownStatesTimeIntervals			UP	
30172.0512	0.31120000000009895	UpDownStatesTimeIntervals			UP	
30173.8088	0.1368000000002212	UpDownStatesTimeIntervals			UP	
30174.496	0.20720000000073924	UpDownStatesTimeIntervals			UP	
30174.9816	0.47999999999956344	UpDownStatesTimeIntervals			UP	
30175.5408	0.15120000000024447	UpDownStatesTimeIntervals			DOWN	
30175.8424	0.22559999999793945	UpDownStatesTimeIntervals			UP	
30176.4416	0.07040000000051805	UpDownStatesTimeIntervals			UP	
30177.1408	0.13839999999981956	UpDownStatesTimeIntervals			UP	
30177.8544	0.21039999999993597	UpDownStatesTimeIntervals			UP	
30178.264	0.19280000000071595	UpDownStatesTimeIntervals			UP	
30178.844	0.29919999999765423	UpDownStatesTimeIntervals			UP	
30179.3936	0.14640000000144937	UpDownStatesTimeIntervals			UP	
30180.0	48.0	SleepStates				WAKEstate
30192.7544	0.1959999999999127	RippleTimeIntervals		30192.8584		
30194.2008	0.12560000000303262	RippleTimeIntervals		30194.2936		
30213.4568	0.1775999999990745	RippleTimeIntervals		30213.4944		
30229.0	34.0	SleepStates				NREMstate
30230.28	0.14400000000023283	UpDownStatesTimeIntervals			UP	
30230.8048	0.24319999999715947	UpDownStatesTimeIntervals			UP	
30231.1024	0.09679999999934807	UpDownStatesTimeIntervals			DOWN	
30231.7304	0.2319999999999709	UpDownStatesTimeIntervals			UP	
30234.0736	0.118399999999383	UpDownStatesTimeIntervals			UP	
30234.5368	0.11999999999898137	UpDownStatesTimeIntervals			UP	
30234.6976	0.12320000000181608	UpDownStatesTimeIntervals			DOWN	
30235.1168	0.10399999999935972	UpDownStatesTimeIntervals			UP	
30239.3112	0.0816000000013446	RippleTimeIntervals		30239.3784		
30239.7208	0.14640000000144937	UpDownStatesTimeIntervals			UP	
30240.56	0.24719999999797437	UpDownStatesTimeIntervals			UP	
30242.6576	0.16160000000309083	UpDownStatesTimeIntervals			UP	
30243.3728	0.18319999999948777	UpDownStatesTimeIntervals			UP	
30243.9728	0.144800000001851	UpDownStatesTimeIntervals			UP	
30245.4144	0.10800000000017462	UpDownStatesTimeIntervals			UP	
30245.9288	0.15759999999863794	UpDownStatesTimeIntervals			UP	
30255.1416	0.1136000000005879	UpDownStatesTimeIntervals			UP	
30256.0136	0.10080000000016298	UpDownStatesTimeIntervals			UP	
30257.684	0.17519999999785796	UpDownStatesTimeIntervals			UP	
30258.2848	0.11279999999896972	UpDownStatesTimeIntervals			UP	
30259.0288	0.15199999999822467	UpDownStatesTimeIntervals			UP	
30259.9472	0.144800000001851	UpDownStatesTimeIntervals			UP	
30260.6816	0.272000000000844	UpDownStatesTimeIntervals			UP	
30261.6728	0.2743999999984226	UpDownStatesTimeIntervals			UP	
30262.2992	0.13279999999940628	UpDownStatesTimeIntervals			UP	
30262.8248	0.2080000000023574	UpDownStatesTimeIntervals			UP	
30264.0	22.0	SleepStates				WAKEstate
30287.0	816.0	SleepStates				NREMstate
30287.5928	0.25600000000122236	UpDownStatesTimeIntervals			UP	
30289.6248	0.21600000000034925	UpDownStatesTimeIntervals			UP	
30291.1768	0.16799999999784632	UpDownStatesTimeIntervals			UP	
30291.8816	0.26159999999799766	UpDownStatesTimeIntervals			UP	
30292.668	0.09919999999692664	UpDownStatesTimeIntervals			UP	
30293.1392	0.13599999999860302	UpDownStatesTimeIntervals			UP	
30294.7632	0.13999999999941792	UpDownStatesTimeIntervals			UP	
30296.3584	0.16479999999864958	UpDownStatesTimeIntervals			UP	
30297.0704	0.24719999999797437	UpDownStatesTimeIntervals			UP	
30298.0184	0.26159999999799766	UpDownStatesTimeIntervals			UP	
30299.5096	0.11679999999978463	UpDownStatesTimeIntervals			UP	
30300.2144	0.15680000000065775	UpDownStatesTimeIntervals			UP	
30301.2224	0.16480000000228756	UpDownStatesTimeIntervals			UP	
30302.0848	0.14800000000104774	UpDownStatesTimeIntervals			UP	
30302.5144	0.36079999999856227	UpDownStatesTimeIntervals			UP	
30303.9336	0.12080000000059954	UpDownStatesTimeIntervals			UP	
30304.616	0.14799999999740976	UpDownStatesTimeIntervals			UP	
30305.2352	0.127200000002631	UpDownStatesTimeIntervals			UP	
30310.6504	0.11600000000180444	UpDownStatesTimeIntervals			UP	
30311.3856	0.10639999999693828	UpDownStatesTimeIntervals			UP	
30311.9256	0.1455999999998312	UpDownStatesTimeIntervals			UP	
30312.4496	0.11679999999978463	UpDownStatesTimeIntervals			UP	
30312.9464	0.11039999999775318	UpDownStatesTimeIntervals			UP	
30316.6032	0.1911999999974796	UpDownStatesTimeIntervals			UP	
30317.1376	0.1224000000001979	UpDownStatesTimeIntervals			UP	
30317.9904	0.1488000000026659	UpDownStatesTimeIntervals			UP	
30319.0336	0.14400000000023283	UpDownStatesTimeIntervals			UP	
30319.5912	0.153600000001461	UpDownStatesTimeIntervals			UP	
30320.6896	0.1279999999969732	UpDownStatesTimeIntervals			UP	
30321.292	0.11279999999896972	UpDownStatesTimeIntervals			UP	
30321.7504	0.19440000000031432	UpDownStatesTimeIntervals			UP	
30325.2272	0.15359999999782303	UpDownStatesTimeIntervals			UP	
30326.2952	0.10319999999774154	UpDownStatesTimeIntervals			UP	
30326.7672	0.24320000000079744	UpDownStatesTimeIntervals			UP	
30327.5904	0.15599999999903957	UpDownStatesTimeIntervals			UP	
30329.024	0.18559999999706633	UpDownStatesTimeIntervals			UP	
30331.7224	0.3328000000001339	UpDownStatesTimeIntervals			UP	
30332.8504	0.1815999999998894	UpDownStatesTimeIntervals			UP	
30333.6088	0.3911999999982072	UpDownStatesTimeIntervals			UP	
30334.6368	0.13920000000143773	UpDownStatesTimeIntervals			UP	
30335.3528	0.11679999999978463	UpDownStatesTimeIntervals			UP	
30335.948	0.16560000000026776	UpDownStatesTimeIntervals			UP	
30336.6208	0.08239999999932479	UpDownStatesTimeIntervals			DOWN	
30336.7032	0.2824000000000524	UpDownStatesTimeIntervals			UP	
30337.584	0.17040000000270084	UpDownStatesTimeIntervals			UP	
30338.5008	0.2727999999988242	UpDownStatesTimeIntervals			UP	
30339.1944	0.2407999999995809	UpDownStatesTimeIntervals			UP	
30340.7584	0.34320000000298023	UpDownStatesTimeIntervals			UP	
30342.4992	0.2800000000024738	UpDownStatesTimeIntervals			UP	
30343.2488	0.26159999999799766	UpDownStatesTimeIntervals			UP	
30343.6584	0.06079999999928987	UpDownStatesTimeIntervals			DOWN	
30343.7192	0.1912000000011176	UpDownStatesTimeIntervals			UP	
30344.7096	0.1952000000019325	UpDownStatesTimeIntervals			UP	
30345.516	0.18319999999948777	UpDownStatesTimeIntervals			UP	
30346.0688	0.15680000000065775	UpDownStatesTimeIntervals			UP	
30346.72	0.27999999999883585	UpDownStatesTimeIntervals			UP	
30347.4424	0.12800000000061118	UpDownStatesTimeIntervals			UP	
30348.44	0.19280000000071595	UpDownStatesTimeIntervals			UP	
30350.1064	0.14319999999861466	UpDownStatesTimeIntervals			UP	
30350.752	0.10239999999976135	UpDownStatesTimeIntervals			UP	
30351.3032	0.22800000000279397	UpDownStatesTimeIntervals			UP	
30351.4448	0.04559999999764841	RippleTimeIntervals		30351.4736		
30352.2736	0.046399999999266583	RippleTimeIntervals		30352.2832		
30354.1528	0.2736000000004424	UpDownStatesTimeIntervals			UP	
30354.8832	0.23760000000038417	UpDownStatesTimeIntervals			UP	
30355.7024	0.1959999999999127	UpDownStatesTimeIntervals			UP	
30356.3816	0.19759999999951106	UpDownStatesTimeIntervals			UP	
30356.8352	0.07519999999931315	UpDownStatesTimeIntervals			DOWN	
30356.9104	0.14400000000023283	UpDownStatesTimeIntervals			UP	
30357.5216	0.15599999999903957	UpDownStatesTimeIntervals			UP	
30358.4896	0.3175999999984924	UpDownStatesTimeIntervals			UP	
30359.3184	0.3319999999985157	UpDownStatesTimeIntervals			DOWN	
30359.6504	0.11840000000302098	UpDownStatesTimeIntervals			UP	
30360.1048	0.29759999999805586	UpDownStatesTimeIntervals			UP	
30362.7152	0.2680000000000291	UpDownStatesTimeIntervals			UP	
30363.5272	0.15359999999782303	UpDownStatesTimeIntervals			UP	
30366.5632	0.13039999999818974	UpDownStatesTimeIntervals			UP	
30367.2048	0.13760000000183936	UpDownStatesTimeIntervals			UP	
30368.1208	0.2095999999983178	UpDownStatesTimeIntervals			UP	
30369.896	0.3415999999997439	UpDownStatesTimeIntervals			UP	
30371.524	0.16639999999824795	UpDownStatesTimeIntervals			UP	
30372.0336	0.15999999999985448	UpDownStatesTimeIntervals			UP	
30373.0024	0.24239999999917927	UpDownStatesTimeIntervals			UP	
30374.1488	0.19280000000071595	UpDownStatesTimeIntervals			UP	
30375.1464	0.13919999999779975	UpDownStatesTimeIntervals			UP	
30376.104	0.20319999999992433	UpDownStatesTimeIntervals			UP	
30376.888	0.14640000000144937	UpDownStatesTimeIntervals			UP	
30377.6104	0.09839999999894644	UpDownStatesTimeIntervals			UP	
30378.196	0.24880000000121072	UpDownStatesTimeIntervals			UP	
30381.9408	0.38959999999860884	UpDownStatesTimeIntervals			UP	
30383.104	0.22880000000077416	UpDownStatesTimeIntervals			UP	
30383.7952	0.26080000000001746	UpDownStatesTimeIntervals			UP	
30384.388	0.22960000000239233	UpDownStatesTimeIntervals			UP	
30387.3152	0.15359999999782303	UpDownStatesTimeIntervals			UP	
30388.1008	0.15759999999863794	UpDownStatesTimeIntervals			DOWN	
30388.2584	0.26480000000083237	UpDownStatesTimeIntervals			UP	
30388.6696	0.45679999999993015	UpDownStatesTimeIntervals			DOWN	
30389.2504	0.1687999999994645	UpDownStatesTimeIntervals			UP	
30390.656	0.13360000000102445	UpDownStatesTimeIntervals			UP	
30391.436	0.14400000000023283	UpDownStatesTimeIntervals			UP	
30394.6016	0.13359999999738648	UpDownStatesTimeIntervals			UP	
30395.8776	0.16640000000188593	UpDownStatesTimeIntervals			UP	
30397.4552	0.26559999999881256	UpDownStatesTimeIntervals			UP	
30398.4904	0.3040000000000873	UpDownStatesTimeIntervals			UP	
30400.3	0.1224000000001979	UpDownStatesTimeIntervals			UP	
30401.9528	0.1488000000026659	UpDownStatesTimeIntervals			UP	
30402.5832	0.15359999999782303	UpDownStatesTimeIntervals			UP	
30403.5312	0.17519999999785796	UpDownStatesTimeIntervals			UP	
30405.396	0.16240000000107102	UpDownStatesTimeIntervals			UP	
30409.588	0.18400000000110595	UpDownStatesTimeIntervals			UP	
30411.5152	0.13039999999818974	UpDownStatesTimeIntervals			UP	
30415.0272	0.16719999999986612	UpDownStatesTimeIntervals			UP	
30415.6656	0.13920000000143773	UpDownStatesTimeIntervals			UP	
30416.344	0.15359999999782303	UpDownStatesTimeIntervals			UP	
30418.1176	0.28079999999681604	UpDownStatesTimeIntervals			UP	
30418.9392	0.1584000000002561	UpDownStatesTimeIntervals			UP	
30423.0616	0.14799999999740976	UpDownStatesTimeIntervals			UP	
30423.7992	0.07279999999809661	UpDownStatesTimeIntervals			DOWN	
30424.0928	0.1856000000007043	UpDownStatesTimeIntervals			UP	
30424.2024	0.0808000000033644	RippleTimeIntervals		30424.2168		
30424.6792	0.08400000000256114	UpDownStatesTimeIntervals			UP	
30425.2032	0.1496000000006461	UpDownStatesTimeIntervals			UP	
30425.6056	0.0768000000025495	UpDownStatesTimeIntervals			DOWN	
30426.0136	0.2264000000031956	UpDownStatesTimeIntervals			UP	
30427.6176	0.1551999999974214	UpDownStatesTimeIntervals			UP	
30429.0272	0.2583999999988009	UpDownStatesTimeIntervals			UP	
30432.5752	0.37440000000060536	UpDownStatesTimeIntervals			UP	
30433.1296	0.11599999999816646	UpDownStatesTimeIntervals			DOWN	
30433.5576	0.13279999999940628	UpDownStatesTimeIntervals			UP	
30435.4136	0.18319999999948777	UpDownStatesTimeIntervals			UP	
30436.0776	0.1408000000010361	UpDownStatesTimeIntervals			UP	
30436.3576	0.0816000000013446	UpDownStatesTimeIntervals			DOWN	
30436.4392	0.2559999999975844	UpDownStatesTimeIntervals			UP	
30437.36	0.17039999999906286	UpDownStatesTimeIntervals			UP	
30438.3296	0.15279999999984284	UpDownStatesTimeIntervals			UP	
30438.7888	0.21520000000236905	UpDownStatesTimeIntervals			UP	
30440.6976	0.20560000000114087	UpDownStatesTimeIntervals			UP	
30441.5024	0.19039999999949941	UpDownStatesTimeIntervals			UP	
30442.0336	0.22479999999995925	UpDownStatesTimeIntervals			UP	
30445.2992	0.07679999999891152	RippleTimeIntervals		30445.3696		
30445.3528	0.13759999999820138	UpDownStatesTimeIntervals			UP	
30446.2432	0.15359999999782303	UpDownStatesTimeIntervals			UP	
30446.4336	0.08320000000094296	UpDownStatesTimeIntervals			DOWN	
30446.772	0.2007999999987078	UpDownStatesTimeIntervals			UP	
30447.8128	0.17039999999906286	UpDownStatesTimeIntervals			UP	
30448.8464	0.2584000000024389	UpDownStatesTimeIntervals			UP	
30450.0296	0.12399999999979627	UpDownStatesTimeIntervals			UP	
30450.5568	0.16240000000107102	UpDownStatesTimeIntervals			UP	
30451.1864	0.12880000000222935	UpDownStatesTimeIntervals			UP	
30451.7624	0.13920000000143773	UpDownStatesTimeIntervals			UP	
30452.956	0.1368000000002212	UpDownStatesTimeIntervals			UP	
30454.0768	0.16560000000026776	UpDownStatesTimeIntervals			UP	
30454.4184	0.07840000000214786	UpDownStatesTimeIntervals			DOWN	
30454.4968	0.3231999999989057	UpDownStatesTimeIntervals			UP	
30455.5352	0.136000000002241	UpDownStatesTimeIntervals			UP	
30456.5424	0.09680000000298605	UpDownStatesTimeIntervals			UP	
30456.7448	0.19759999999951106	UpDownStatesTimeIntervals			DOWN	
30456.9424	0.22880000000077416	UpDownStatesTimeIntervals			UP	
30458.56	0.16719999999986612	UpDownStatesTimeIntervals			UP	
30458.972	0.21519999999873107	UpDownStatesTimeIntervals			UP	
30459.924	0.21919999999954598	UpDownStatesTimeIntervals			UP	
30460.8744	0.14240000000063446	UpDownStatesTimeIntervals			UP	
30461.44	0.1408000000010361	RippleTimeIntervals		30461.4864		
30461.5752	0.20240000000194414	UpDownStatesTimeIntervals			UP	
30462.948	0.24880000000121072	UpDownStatesTimeIntervals			UP	
30464.1704	0.21919999999954598	UpDownStatesTimeIntervals			UP	
30466.1024	0.153600000001461	UpDownStatesTimeIntervals			UP	
30468.1424	0.33359999999811407	UpDownStatesTimeIntervals			UP	
30469.0024	0.11520000000018626	UpDownStatesTimeIntervals			UP	
30469.4552	0.1503999999986263	UpDownStatesTimeIntervals			UP	
30470.108	0.3447999999989406	UpDownStatesTimeIntervals			UP	
30470.9272	0.15680000000065775	UpDownStatesTimeIntervals			UP	
30471.932	0.236799999998766	UpDownStatesTimeIntervals			UP	
30472.4296	0.09600000000136788	UpDownStatesTimeIntervals			DOWN	
30472.7664	0.23519999999916763	UpDownStatesTimeIntervals			UP	
30474.2024	0.2688000000016473	UpDownStatesTimeIntervals			UP	
30475.0208	0.04080000000249129	UpDownStatesTimeIntervals			DOWN	
30475.0616	0.2831999999980326	UpDownStatesTimeIntervals			UP	
30475.3536	0.04400000000168802	RippleTimeIntervals		30475.3584		
30476.6448	0.17040000000270084	UpDownStatesTimeIntervals			UP	
30477.1584	0.19280000000071595	UpDownStatesTimeIntervals			UP	
30478.1368	0.2319999999999709	UpDownStatesTimeIntervals			UP	
30479.0952	0.3647999999993772	UpDownStatesTimeIntervals			UP	
30480.3424	0.14400000000023283	UpDownStatesTimeIntervals			UP	
30480.8152	0.15680000000065775	UpDownStatesTimeIntervals			UP	
30481.404	0.26640000000043074	UpDownStatesTimeIntervals			UP	
30482.544	0.26159999999799766	UpDownStatesTimeIntervals			UP	
30483.724	0.23680000000240398	UpDownStatesTimeIntervals			UP	
30485.2976	0.17039999999906286	UpDownStatesTimeIntervals			UP	
30485.86	0.12399999999979627	UpDownStatesTimeIntervals			UP	
30486.428	0.3359999999993306	UpDownStatesTimeIntervals			UP	
30486.9176	0.19280000000071595	UpDownStatesTimeIntervals			DOWN	
30487.6856	0.1543999999994412	UpDownStatesTimeIntervals			UP	
30488.2344	0.14799999999740976	UpDownStatesTimeIntervals			UP	
30489.3216	0.28960000000006403	UpDownStatesTimeIntervals			UP	
30490.8224	0.17039999999906286	UpDownStatesTimeIntervals			UP	
30494.3048	0.1511999999966065	UpDownStatesTimeIntervals			UP	
30494.9048	0.27599999999802094	UpDownStatesTimeIntervals			UP	
30496.9056	0.23360000000320724	UpDownStatesTimeIntervals			UP	
30497.3696	0.07919999999649008	UpDownStatesTimeIntervals			DOWN	
30497.7032	0.14719999999942956	UpDownStatesTimeIntervals			UP	
30499.1928	0.09439999999813153	UpDownStatesTimeIntervals			UP	
30499.7904	0.24479999999675783	UpDownStatesTimeIntervals			UP	
30503.296	0.10239999999976135	UpDownStatesTimeIntervals			UP	
30504.2336	0.19280000000071595	UpDownStatesTimeIntervals			UP	
30505.0032	0.2728000000024622	UpDownStatesTimeIntervals			UP	
30505.1504	0.09360000000015134	RippleTimeIntervals		30505.1656		
30505.76	0.18320000000312575	UpDownStatesTimeIntervals			UP	
30506.7792	0.1368000000002212	UpDownStatesTimeIntervals			UP	
30508.3168	0.26719999999841093	UpDownStatesTimeIntervals			UP	
30508.8936	0.13439999999900465	UpDownStatesTimeIntervals			UP	
30513.9856	0.14479999999821302	UpDownStatesTimeIntervals			UP	
30514.6408	0.0959999999977299	UpDownStatesTimeIntervals			DOWN	
30514.7368	0.14719999999942956	UpDownStatesTimeIntervals			UP	
30516.0448	0.27920000000085565	UpDownStatesTimeIntervals			UP	
30516.7296	0.1640000000006694	UpDownStatesTimeIntervals			UP	
30517.5128	0.27599999999802094	UpDownStatesTimeIntervals			UP	
30518.1496	0.08320000000094296	UpDownStatesTimeIntervals			UP	
30518.8848	0.1503999999986263	UpDownStatesTimeIntervals			UP	
30519.3872	0.1543999999994412	UpDownStatesTimeIntervals			UP	
30519.9816	0.1775999999990745	UpDownStatesTimeIntervals			UP	
30521.0008	0.1367999999965832	UpDownStatesTimeIntervals			UP	
30521.7792	0.33919999999852735	UpDownStatesTimeIntervals			UP	
30523.3344	0.19199999999909778	UpDownStatesTimeIntervals			UP	
30523.6728	0.17599999999947613	UpDownStatesTimeIntervals			DOWN	
30523.8488	0.1808000000019092	UpDownStatesTimeIntervals			UP	
30524.7096	0.3768000000018219	UpDownStatesTimeIntervals			UP	
30525.9016	0.2415999999975611	UpDownStatesTimeIntervals			UP	
30526.4608	0.11279999999896972	UpDownStatesTimeIntervals			DOWN	
30526.5736	0.28399999999965075	UpDownStatesTimeIntervals			UP	
30527.1256	0.1592000000018743	UpDownStatesTimeIntervals			DOWN	
30527.2848	0.18879999999990105	UpDownStatesTimeIntervals			UP	
30527.9096	0.15279999999984284	UpDownStatesTimeIntervals			UP	
30528.6776	0.0816000000013446	UpDownStatesTimeIntervals			DOWN	
30528.7592	0.13599999999860302	UpDownStatesTimeIntervals			UP	
30530.452	0.2175999999999476	UpDownStatesTimeIntervals			UP	
30531.12	0.13760000000183936	UpDownStatesTimeIntervals			UP	
30531.4544	0.06960000000253785	UpDownStatesTimeIntervals			DOWN	
30531.8536	0.3168000000005122	UpDownStatesTimeIntervals			UP	
30533.3408	0.227999999999156	UpDownStatesTimeIntervals			UP	
30533.4408	0.18720000000030268	RippleTimeIntervals		30533.5136		
30533.7896	0.09360000000015134	UpDownStatesTimeIntervals			DOWN	
30533.8832	0.3055999999996857	UpDownStatesTimeIntervals			UP	
30534.5552	0.12000000000261934	UpDownStatesTimeIntervals			UP	
30537.2976	0.355199999998149	UpDownStatesTimeIntervals			UP	
30537.8736	0.1768000000010943	UpDownStatesTimeIntervals			DOWN	
30538.1752	0.26639999999679276	UpDownStatesTimeIntervals			UP	
30539.1824	0.2319999999999709	UpDownStatesTimeIntervals			UP	
30539.9264	0.10239999999976135	UpDownStatesTimeIntervals			UP	
30542.116	0.11039999999775318	UpDownStatesTimeIntervals			UP	
30542.5576	0.28960000000006403	UpDownStatesTimeIntervals			UP	
30545.1288	0.026400000002468005	RippleTimeIntervals		30545.1512		
30546.6944	0.13119999999980791	UpDownStatesTimeIntervals			UP	
30547.108	0.22639999999955762	UpDownStatesTimeIntervals			UP	
30547.7304	0.2831999999980326	UpDownStatesTimeIntervals			UP	
30548.3112	0.16159999999945285	UpDownStatesTimeIntervals			DOWN	
30548.668	0.13359999999738648	UpDownStatesTimeIntervals			UP	
30548.8832	0.12080000000059954	UpDownStatesTimeIntervals			DOWN	
30549.5792	0.22479999999995925	UpDownStatesTimeIntervals			UP	
30549.8568	0.2743999999984226	UpDownStatesTimeIntervals			DOWN	
30550.4176	0.12559999999939464	UpDownStatesTimeIntervals			UP	
30552.1632	0.2128000000011525	UpDownStatesTimeIntervals			UP	
30554.392	0.13999999999941792	UpDownStatesTimeIntervals			UP	
30555.1864	0.1584000000002561	UpDownStatesTimeIntervals			UP	
30556.0288	0.23119999999835272	UpDownStatesTimeIntervals			UP	
30557.6616	0.18000000000029104	UpDownStatesTimeIntervals			UP	
30558.1584	0.0911999999989348	UpDownStatesTimeIntervals			UP	
30558.8448	0.3032000000021071	UpDownStatesTimeIntervals			UP	
30559.356	0.6503999999986263	UpDownStatesTimeIntervals			UP	
30562.788	0.3055999999996857	UpDownStatesTimeIntervals			UP	
30563.6896	0.17039999999906286	UpDownStatesTimeIntervals			UP	
30564.3552	0.5759999999972933	UpDownStatesTimeIntervals			DOWN	
30564.9312	0.15600000000267755	UpDownStatesTimeIntervals			UP	
30565.176	0.08239999999932479	UpDownStatesTimeIntervals			DOWN	
30565.9512	0.19199999999909778	UpDownStatesTimeIntervals			UP	
30566.6536	0.1735999999982596	UpDownStatesTimeIntervals			UP	
30567.4288	0.16159999999945285	UpDownStatesTimeIntervals			UP	
30568.436	0.11759999999776483	UpDownStatesTimeIntervals			UP	
30568.68	0.07999999999810825	RippleTimeIntervals		30568.7104		
30569.6352	0.16719999999986612	UpDownStatesTimeIntervals			UP	
30575.8032	0.16640000000188593	UpDownStatesTimeIntervals			UP	
30575.9144	0.05760000000009313	RippleTimeIntervals		30575.9592		
30576.896	0.15520000000105938	UpDownStatesTimeIntervals			UP	
30577.9456	0.18640000000232249	UpDownStatesTimeIntervals			UP	
30578.7288	0.04079999999885331	UpDownStatesTimeIntervals			DOWN	
30578.7696	0.24160000000119908	UpDownStatesTimeIntervals			UP	
30580.1824	0.1319999999977881	UpDownStatesTimeIntervals			UP	
30582.5448	0.22400000000197906	UpDownStatesTimeIntervals			UP	
30583.1232	0.24799999999959255	UpDownStatesTimeIntervals			DOWN	
30583.504	0.2743999999984226	UpDownStatesTimeIntervals			UP	
30584.2728	0.16719999999986612	UpDownStatesTimeIntervals			UP	
30585.0912	0.3400000000001455	UpDownStatesTimeIntervals			UP	
30592.8992	0.1496000000006461	UpDownStatesTimeIntervals			UP	
30593.6392	0.28479999999763095	UpDownStatesTimeIntervals			UP	
30596.4904	0.15520000000105938	UpDownStatesTimeIntervals			UP	
30597.1576	0.15600000000267755	UpDownStatesTimeIntervals			DOWN	
30597.3136	0.35199999999895226	UpDownStatesTimeIntervals			UP	
30598.0792	0.18479999999908614	UpDownStatesTimeIntervals			UP	
30599.2528	0.38800000000264845	UpDownStatesTimeIntervals			UP	
30600.452	0.23519999999916763	UpDownStatesTimeIntervals			UP	
30601.3448	0.23040000000037253	UpDownStatesTimeIntervals			UP	
30601.7952	0.09360000000015134	UpDownStatesTimeIntervals			DOWN	
30601.8888	0.1543999999994412	UpDownStatesTimeIntervals			UP	
30602.3472	0.13759999999820138	UpDownStatesTimeIntervals			UP	
30602.9936	0.11919999999736319	RippleTimeIntervals		30603.0072		
30606.9032	0.20319999999992433	UpDownStatesTimeIntervals			UP	
30607.8496	0.17039999999906286	UpDownStatesTimeIntervals			UP	
30608.4368	0.16240000000107102	UpDownStatesTimeIntervals			UP	
30609.6656	0.22479999999995925	UpDownStatesTimeIntervals			UP	
30610.4208	0.2407999999995809	UpDownStatesTimeIntervals			UP	
30613.7704	0.15999999999985448	UpDownStatesTimeIntervals			UP	
30614.3464	0.1632000000026892	UpDownStatesTimeIntervals			UP	
30616.6272	0.2960000000020955	UpDownStatesTimeIntervals			UP	
30616.8784	0.07679999999891152	RippleTimeIntervals		30616.9304		
30618.0752	0.13040000000182772	UpDownStatesTimeIntervals			UP	
30618.5728	0.17119999999704305	UpDownStatesTimeIntervals			UP	
30619.824	0.18400000000110595	UpDownStatesTimeIntervals			UP	
30620.5872	0.1319999999977881	UpDownStatesTimeIntervals			UP	
30621.0912	0.17840000000069267	UpDownStatesTimeIntervals			UP	
30623.688	0.24639999999999418	UpDownStatesTimeIntervals			UP	
30624.3856	0.13759999999820138	UpDownStatesTimeIntervals			UP	
30624.7928	0.16159999999945285	UpDownStatesTimeIntervals			DOWN	
30624.9544	0.16080000000147265	UpDownStatesTimeIntervals			UP	
30625.9472	0.25200000000040745	UpDownStatesTimeIntervals			UP	
30626.9656	0.3591999999989639	UpDownStatesTimeIntervals			UP	
30627.8992	0.16560000000026776	UpDownStatesTimeIntervals			UP	
30628.4424	0.25200000000040745	UpDownStatesTimeIntervals			UP	
30631.2088	0.13999999999941792	UpDownStatesTimeIntervals			UP	
30631.708	0.144800000001851	UpDownStatesTimeIntervals			UP	
30632.232	0.19199999999909778	UpDownStatesTimeIntervals			DOWN	
30632.424	0.16159999999945285	UpDownStatesTimeIntervals			UP	
30632.9448	0.23599999999714782	UpDownStatesTimeIntervals			UP	
30633.6552	0.23519999999916763	UpDownStatesTimeIntervals			UP	
30634.228	0.13999999999941792	UpDownStatesTimeIntervals			UP	
30634.8368	0.24799999999959255	UpDownStatesTimeIntervals			UP	
30635.2864	0.22880000000077416	UpDownStatesTimeIntervals			DOWN	
30635.5152	0.25679999999920256	UpDownStatesTimeIntervals			UP	
30636.36	0.22239999999874271	UpDownStatesTimeIntervals			UP	
30637.292	0.062399999998888234	UpDownStatesTimeIntervals			DOWN	
30637.3544	0.2232000000003609	UpDownStatesTimeIntervals			UP	
30638.012	0.2776000000012573	UpDownStatesTimeIntervals			UP	
30638.6512	0.18720000000030268	UpDownStatesTimeIntervals			UP	
30641.1896	0.19839999999749125	UpDownStatesTimeIntervals			UP	
30642.8912	0.1584000000002561	UpDownStatesTimeIntervals			UP	
30643.484	0.20319999999992433	UpDownStatesTimeIntervals			UP	
30644.4216	0.0591999999996915	UpDownStatesTimeIntervals			DOWN	
30644.4808	0.355199999998149	UpDownStatesTimeIntervals			UP	
30644.5968	0.05040000000008149	RippleTimeIntervals		30644.6048		
30646.1568	0.1584000000002561	UpDownStatesTimeIntervals			UP	
30648.0632	0.254399999997986	UpDownStatesTimeIntervals			UP	
30650.1192	0.2232000000003609	UpDownStatesTimeIntervals			UP	
30650.5608	0.13760000000183936	UpDownStatesTimeIntervals			DOWN	
30650.9832	0.16480000000228756	UpDownStatesTimeIntervals			UP	
30651.7144	0.1496000000006461	UpDownStatesTimeIntervals			UP	
30656.5664	0.16319999999905122	UpDownStatesTimeIntervals			UP	
30657.284	0.17599999999947613	UpDownStatesTimeIntervals			UP	
30658.5136	0.1488000000026659	UpDownStatesTimeIntervals			UP	
30659.0072	0.1455999999998312	UpDownStatesTimeIntervals			UP	
30659.8392	0.21680000000196742	UpDownStatesTimeIntervals			UP	
30660.3696	0.14319999999861466	UpDownStatesTimeIntervals			UP	
30661.4456	0.16240000000107102	UpDownStatesTimeIntervals			UP	
30662.14	0.18640000000232249	UpDownStatesTimeIntervals			UP	
30663.6048	0.33359999999811407	UpDownStatesTimeIntervals			UP	
30664.4952	0.14959999999700813	UpDownStatesTimeIntervals			UP	
30665.14	0.14879999999902793	UpDownStatesTimeIntervals			UP	
30670.56	0.2135999999991327	UpDownStatesTimeIntervals			UP	
30671.3568	0.15599999999903957	UpDownStatesTimeIntervals			UP	
30672.0816	0.16079999999783468	UpDownStatesTimeIntervals			UP	
30672.7832	0.2775999999976193	UpDownStatesTimeIntervals			UP	
30673.304	0.16240000000107102	UpDownStatesTimeIntervals			DOWN	
30673.8736	0.12800000000061118	UpDownStatesTimeIntervals			UP	
30674.0672	0.2871999999988475	UpDownStatesTimeIntervals			DOWN	
30674.3544	0.34720000000015716	UpDownStatesTimeIntervals			UP	
30676.4048	0.10559999999895808	RippleTimeIntervals		30676.4304		
30677.2912	0.1503999999986263	UpDownStatesTimeIntervals			UP	
30677.9736	0.18720000000030268	UpDownStatesTimeIntervals			UP	
30678.756	0.2055999999975029	UpDownStatesTimeIntervals			UP	
30679.3824	0.14800000000104774	UpDownStatesTimeIntervals			UP	
30680.9864	0.3087999999988824	UpDownStatesTimeIntervals			UP	
30682.0048	0.12800000000061118	UpDownStatesTimeIntervals			DOWN	
30682.1328	0.2272000000011758	UpDownStatesTimeIntervals			UP	
30682.8752	0.2088000000003376	UpDownStatesTimeIntervals			UP	
30683.2424	0.16080000000147265	UpDownStatesTimeIntervals			DOWN	
30683.4032	0.21119999999791617	UpDownStatesTimeIntervals			UP	
30685.4056	0.20960000000195578	UpDownStatesTimeIntervals			UP	
30688.0064	0.16880000000310247	UpDownStatesTimeIntervals			UP	
30689.0744	0.14319999999861466	UpDownStatesTimeIntervals			UP	
30690.008	0.23599999999714782	UpDownStatesTimeIntervals			UP	
30690.4784	0.23519999999916763	UpDownStatesTimeIntervals			UP	
30693.428	0.16319999999905122	UpDownStatesTimeIntervals			UP	
30693.9096	0.24560000000201399	UpDownStatesTimeIntervals			DOWN	
30694.1552	0.25200000000040745	UpDownStatesTimeIntervals			UP	
30695.4736	0.039999999997235136	RippleTimeIntervals		30695.4816		
30696.2256	0.1279999999969732	UpDownStatesTimeIntervals			UP	
30696.704	0.2319999999999709	UpDownStatesTimeIntervals			UP	
30697.468	0.1463999999978114	UpDownStatesTimeIntervals			UP	
30698.0216	0.20639999999912106	UpDownStatesTimeIntervals			UP	
30698.6296	0.24239999999917927	UpDownStatesTimeIntervals			UP	
30701.0608	0.25760000000082073	UpDownStatesTimeIntervals			UP	
30701.7424	0.15279999999984284	UpDownStatesTimeIntervals			UP	
30702.3136	0.24319999999715947	UpDownStatesTimeIntervals			UP	
30703.1336	0.1455999999998312	UpDownStatesTimeIntervals			UP	
30703.6968	0.21599999999671127	UpDownStatesTimeIntervals			DOWN	
30704.3184	0.2504000000008091	UpDownStatesTimeIntervals			UP	
30705.1824	0.15999999999985448	UpDownStatesTimeIntervals			UP	
30708.7928	0.2536000000000058	UpDownStatesTimeIntervals			UP	
30710.5808	0.15120000000024447	UpDownStatesTimeIntervals			UP	
30712.5992	0.2871999999988475	UpDownStatesTimeIntervals			UP	
30713.5112	0.2495999999991909	UpDownStatesTimeIntervals			UP	
30714.3928	0.50879999999961	UpDownStatesTimeIntervals			UP	
30715.2712	0.05040000000008149	UpDownStatesTimeIntervals			DOWN	
30715.3216	0.13439999999900465	UpDownStatesTimeIntervals			UP	
30716.052	0.15200000000186265	UpDownStatesTimeIntervals			UP	
30717.9288	0.13919999999779975	UpDownStatesTimeIntervals			UP	
30719.1352	0.13279999999940628	UpDownStatesTimeIntervals			UP	
30721.0504	0.16719999999986612	UpDownStatesTimeIntervals			UP	
30721.1672	0.044799999999668216	RippleTimeIntervals		30721.168		
30721.564	0.09840000000258442	UpDownStatesTimeIntervals			UP	
30722.56	0.15199999999822467	UpDownStatesTimeIntervals			UP	
30723.0336	0.280800000000454	UpDownStatesTimeIntervals			UP	
30725.504	0.13520000000062282	UpDownStatesTimeIntervals			UP	
30725.7808	0.2272000000011758	UpDownStatesTimeIntervals			DOWN	
30726.008	0.21199999999953434	UpDownStatesTimeIntervals			UP	
30726.5416	0.10879999999815482	UpDownStatesTimeIntervals			UP	
30727.316	0.2911999999996624	UpDownStatesTimeIntervals			UP	
30728.128	0.16479999999864958	UpDownStatesTimeIntervals			UP	
30728.9768	0.2903999999980442	UpDownStatesTimeIntervals			DOWN	
30729.2672	0.2352000000028056	UpDownStatesTimeIntervals			UP	
30730.0832	0.2095999999983178	UpDownStatesTimeIntervals			DOWN	
30730.564	0.14400000000023283	UpDownStatesTimeIntervals			UP	
30730.6936	0.0496000000021013	RippleTimeIntervals		30730.7056		
30730.852	0.22880000000077416	UpDownStatesTimeIntervals			DOWN	
30731.0808	0.23919999999998254	UpDownStatesTimeIntervals			UP	
30733.184	0.2536000000000058	UpDownStatesTimeIntervals			UP	
30734.8088	0.23840000000200234	UpDownStatesTimeIntervals			UP	
30735.7704	0.26640000000043074	UpDownStatesTimeIntervals			UP	
30736.5376	0.27520000000004075	UpDownStatesTimeIntervals			UP	
30737.7896	0.2135999999991327	UpDownStatesTimeIntervals			UP	
30738.196	0.364000000001397	UpDownStatesTimeIntervals			DOWN	
30738.56	0.2743999999984226	UpDownStatesTimeIntervals			UP	
30741.236	0.4863999999979569	UpDownStatesTimeIntervals			UP	
30742.8096	0.2824000000000524	UpDownStatesTimeIntervals			UP	
30744.7888	0.3440000000009604	UpDownStatesTimeIntervals			UP	
30745.6832	0.24880000000121072	UpDownStatesTimeIntervals			UP	
30746.5632	0.1815999999998894	UpDownStatesTimeIntervals			UP	
30748.9016	0.29439999999885913	UpDownStatesTimeIntervals			UP	
30749.7928	0.14320000000225264	UpDownStatesTimeIntervals			UP	
30750.288	0.12479999999777647	UpDownStatesTimeIntervals			UP	
30752.1616	0.136000000002241	UpDownStatesTimeIntervals			UP	
30753.0168	0.16719999999986612	UpDownStatesTimeIntervals			UP	
30753.724	0.1912000000011176	UpDownStatesTimeIntervals			UP	
30755.9928	0.06560000000172295	RippleTimeIntervals		30756.0264		
30756.9456	0.36560000000099535	UpDownStatesTimeIntervals			UP	
30763.0056	0.13119999999980791	UpDownStatesTimeIntervals			UP	
30763.6984	0.1543999999994412	UpDownStatesTimeIntervals			UP	
30767.2464	0.2504000000008091	UpDownStatesTimeIntervals			UP	
30768.836	0.10480000000097789	UpDownStatesTimeIntervals			UP	
30769.2856	0.21440000000075088	UpDownStatesTimeIntervals			UP	
30769.452	0.05279999999766005	RippleTimeIntervals		30769.4968		
30769.7856	0.06240000000252621	RippleTimeIntervals		30769.7936		
30770.064	0.1680000000014843	UpDownStatesTimeIntervals			DOWN	
30770.232	0.19919999999910942	UpDownStatesTimeIntervals			UP	
30770.8496	0.3367999999973108	UpDownStatesTimeIntervals			UP	
30775.6352	0.09920000000056461	UpDownStatesTimeIntervals			UP	
30776.128	0.21440000000075088	UpDownStatesTimeIntervals			UP	
30776.956	0.1496000000006461	UpDownStatesTimeIntervals			UP	
30777.6232	0.15759999999863794	UpDownStatesTimeIntervals			UP	
30777.7264	0.15759999999863794	RippleTimeIntervals		30777.736		
30779.0176	0.24639999999999418	UpDownStatesTimeIntervals			UP	
30779.7984	0.17039999999906286	UpDownStatesTimeIntervals			UP	
30780.4416	0.26080000000001746	UpDownStatesTimeIntervals			UP	
30783.3432	0.05519999999887659	RippleTimeIntervals		30783.3512		
30787.4416	0.4144000000014785	UpDownStatesTimeIntervals			UP	
30789.6528	0.40639999999984866	UpDownStatesTimeIntervals			UP	
30790.2392	0.2767999999996391	UpDownStatesTimeIntervals			DOWN	
30790.7592	0.1503999999986263	UpDownStatesTimeIntervals			UP	
30792.3136	0.17599999999947613	UpDownStatesTimeIntervals			UP	
30793.1688	0.07760000000052969	UpDownStatesTimeIntervals			DOWN	
30793.2464	0.33439999999973224	UpDownStatesTimeIntervals			UP	
30794.8776	0.22239999999874271	UpDownStatesTimeIntervals			UP	
30795.772	0.16959999999744468	UpDownStatesTimeIntervals			UP	
30797.876	0.1856000000007043	UpDownStatesTimeIntervals			UP	
30798.8224	0.28399999999965075	UpDownStatesTimeIntervals			UP	
30799.4696	0.14479999999821302	UpDownStatesTimeIntervals			UP	
30800.1552	0.2536000000000058	UpDownStatesTimeIntervals			UP	
30801.0248	0.21199999999953434	UpDownStatesTimeIntervals			UP	
30802.284	0.16159999999945285	UpDownStatesTimeIntervals			UP	
30802.412	0.053599999999278225	RippleTimeIntervals		30802.4128		
30803.5376	0.051200000001699664	RippleTimeIntervals		30803.5808		
30805.664	0.2599999999983993	UpDownStatesTimeIntervals			UP	
30809.4368	0.2639999999992142	UpDownStatesTimeIntervals			UP	
30810.8144	0.25679999999920256	UpDownStatesTimeIntervals			UP	
30810.9088	0.058399999998073326	RippleTimeIntervals		30810.9512		
30811.7696	0.24639999999999418	UpDownStatesTimeIntervals			UP	
30812.596	0.2503999999971711	UpDownStatesTimeIntervals			UP	
30813.8456	0.18400000000110595	UpDownStatesTimeIntervals			UP	
30814.76	0.3136000000013155	UpDownStatesTimeIntervals			UP	
30816.6408	0.21440000000075088	UpDownStatesTimeIntervals			UP	
30816.8264	0.04559999999764841	RippleTimeIntervals		30816.8656		
30817.2056	0.04719999999724678	UpDownStatesTimeIntervals			UP	
30817.808	0.1415999999990163	UpDownStatesTimeIntervals			UP	
30818.2472	0.2183999999979278	UpDownStatesTimeIntervals			UP	
30820.26	0.14640000000144937	UpDownStatesTimeIntervals			UP	
30820.6752	0.17919999999867287	UpDownStatesTimeIntervals			DOWN	
30820.8544	0.1224000000001979	UpDownStatesTimeIntervals			UP	
30821.5984	0.13040000000182772	UpDownStatesTimeIntervals			UP	
30822.7064	0.06799999999930151	RippleTimeIntervals		30822.7536		
30823.388	0.12320000000181608	UpDownStatesTimeIntervals			UP	
30824.0328	0.13279999999940628	UpDownStatesTimeIntervals			UP	
30824.2008	0.12480000000141445	UpDownStatesTimeIntervals			DOWN	
30824.8016	0.2047999999995227	UpDownStatesTimeIntervals			UP	
30825.3144	0.136000000002241	UpDownStatesTimeIntervals			UP	
30825.8072	0.2783999999992375	UpDownStatesTimeIntervals			UP	
30826.9896	0.27599999999802094	UpDownStatesTimeIntervals			UP	
30827.8632	0.0632000000005064	RippleTimeIntervals		30827.9256		
30829.2	0.23919999999998254	UpDownStatesTimeIntervals			UP	
30830.0944	0.2319999999999709	UpDownStatesTimeIntervals			UP	
30830.8352	0.1319999999977881	UpDownStatesTimeIntervals			UP	
30831.436	0.3511999999973341	UpDownStatesTimeIntervals			UP	
30832.3912	0.24720000000161235	UpDownStatesTimeIntervals			UP	
30835.3544	0.26719999999841093	UpDownStatesTimeIntervals			UP	
30835.9816	0.15120000000024447	UpDownStatesTimeIntervals			UP	
30836.7176	0.15999999999985448	UpDownStatesTimeIntervals			UP	
30839.3424	0.1463999999978114	UpDownStatesTimeIntervals			UP	
30840.16	0.1224000000001979	UpDownStatesTimeIntervals			UP	
30841.5584	0.17439999999987776	UpDownStatesTimeIntervals			UP	
30843.5752	0.12160000000221771	UpDownStatesTimeIntervals			UP	
30846.3576	0.23359999999956926	UpDownStatesTimeIntervals			UP	
30847.788	0.27520000000004075	UpDownStatesTimeIntervals			UP	
30849.6952	0.23440000000118744	UpDownStatesTimeIntervals			UP	
30852.368	0.23680000000240398	UpDownStatesTimeIntervals			UP	
30853.8032	0.1680000000014843	UpDownStatesTimeIntervals			UP	
30855.4552	0.2727999999988242	UpDownStatesTimeIntervals			UP	
30856.4752	0.14479999999821302	UpDownStatesTimeIntervals			UP	
30856.5888	0.1279999999969732	RippleTimeIntervals		30856.6352		
30856.8992	0.19680000000153086	UpDownStatesTimeIntervals			UP	
30857.564	0.033600000002479646	UpDownStatesTimeIntervals			DOWN	
30857.9152	0.13279999999940628	UpDownStatesTimeIntervals			UP	
30859.8296	0.18879999999990105	UpDownStatesTimeIntervals			UP	
30860.8576	0.09760000000096625	UpDownStatesTimeIntervals			DOWN	
30860.9552	0.2864000000008673	UpDownStatesTimeIntervals			UP	
30861.6728	0.16080000000147265	UpDownStatesTimeIntervals			UP	
30862.0464	0.2319999999999709	UpDownStatesTimeIntervals			UP	
30862.8904	0.3168000000005122	UpDownStatesTimeIntervals			DOWN	
30864.4136	0.28320000000167056	UpDownStatesTimeIntervals			UP	
30865.3	0.2312000000019907	UpDownStatesTimeIntervals			UP	
30865.5744	0.19199999999909778	UpDownStatesTimeIntervals			DOWN	
30865.7664	0.22959999999875436	UpDownStatesTimeIntervals			UP	
30866.3488	0.06079999999928987	UpDownStatesTimeIntervals			DOWN	
30866.4096	0.1368000000002212	UpDownStatesTimeIntervals			UP	
30868.3896	0.0768000000025495	UpDownStatesTimeIntervals			DOWN	
30868.5584	0.236799999998766	UpDownStatesTimeIntervals			UP	
30869.4208	0.1415999999990163	UpDownStatesTimeIntervals			UP	
30869.8896	0.16640000000188593	UpDownStatesTimeIntervals			UP	
30870.3	0.23680000000240398	UpDownStatesTimeIntervals			DOWN	
30870.5368	0.17199999999866122	UpDownStatesTimeIntervals			UP	
30872.492	0.2536000000000058	UpDownStatesTimeIntervals			UP	
30873.2696	0.3087999999988824	UpDownStatesTimeIntervals			UP	
30874.1768	0.25679999999920256	UpDownStatesTimeIntervals			UP	
30875.228	0.3448000000025786	UpDownStatesTimeIntervals			UP	
30877.3928	0.31599999999889405	UpDownStatesTimeIntervals			DOWN	
30878.0848	0.1823999999978696	UpDownStatesTimeIntervals			UP	
30881.9584	0.10080000000016298	UpDownStatesTimeIntervals			UP	
30882.4496	0.12480000000141445	UpDownStatesTimeIntervals			DOWN	
30882.5744	0.13919999999779975	UpDownStatesTimeIntervals			UP	
30888.6464	0.14079999999739812	UpDownStatesTimeIntervals			UP	
30889.1072	0.11120000000300934	UpDownStatesTimeIntervals			UP	
30889.6264	0.14479999999821302	UpDownStatesTimeIntervals			UP	
30889.7256	0.11759999999776483	RippleTimeIntervals		30889.7304		
30890.4528	0.272000000000844	UpDownStatesTimeIntervals			UP	
30891.14	0.15599999999903957	UpDownStatesTimeIntervals			UP	
30891.6312	0.13119999999980791	UpDownStatesTimeIntervals			UP	
30893.8424	0.15120000000024447	UpDownStatesTimeIntervals			UP	
30894.972	0.19279999999707798	UpDownStatesTimeIntervals			UP	
30900.9584	0.05760000000009313	RippleTimeIntervals		30900.9984		
30901.0352	0.15040000000226428	UpDownStatesTimeIntervals			UP	
30901.8896	0.06160000000090804	UpDownStatesTimeIntervals			DOWN	
30901.9512	0.27920000000085565	UpDownStatesTimeIntervals			UP	
30902.5936	0.3055999999996857	UpDownStatesTimeIntervals			DOWN	
30903.0904	0.21679999999832944	UpDownStatesTimeIntervals			UP	
30903.6912	0.02479999999923166	RippleTimeIntervals		30903.6944		
30903.728	0.3096000000005006	UpDownStatesTimeIntervals			UP	
30904.4488	0.18960000000151922	UpDownStatesTimeIntervals			DOWN	
30904.6384	0.17360000000189757	UpDownStatesTimeIntervals			UP	
30907.7848	0.22159999999712454	UpDownStatesTimeIntervals			UP	
30907.9632	0.07120000000213622	RippleTimeIntervals		30907.9648		
30908.5584	0.20159999999668798	UpDownStatesTimeIntervals			UP	
30909.732	0.29839999999967404	UpDownStatesTimeIntervals			UP	
30910.6384	0.1768000000010943	UpDownStatesTimeIntervals			UP	
30911.264	0.136000000002241	UpDownStatesTimeIntervals			UP	
30911.9056	0.07280000000173459	UpDownStatesTimeIntervals			UP	
30912.5416	0.25279999999838765	UpDownStatesTimeIntervals			UP	
30913.268	0.3103999999984808	UpDownStatesTimeIntervals			UP	
30913.7872	0.11440000000220607	UpDownStatesTimeIntervals			DOWN	
30913.9016	0.23999999999796273	UpDownStatesTimeIntervals			UP	
30914.9248	0.1503999999986263	UpDownStatesTimeIntervals			UP	
30915.7744	0.15520000000105938	UpDownStatesTimeIntervals			UP	
30916.4536	0.1415999999990163	UpDownStatesTimeIntervals			UP	
30917.5432	0.15279999999984284	UpDownStatesTimeIntervals			UP	
30918.3536	0.24880000000121072	UpDownStatesTimeIntervals			UP	
30918.9416	0.1128000000026077	UpDownStatesTimeIntervals			UP	
30919.532	0.19360000000233413	UpDownStatesTimeIntervals			UP	
30920.7488	0.25679999999920256	UpDownStatesTimeIntervals			UP	
30922.3792	0.21840000000156579	UpDownStatesTimeIntervals			UP	
30924.6576	0.23919999999998254	UpDownStatesTimeIntervals			UP	
30926.3416	0.1320000000014261	UpDownStatesTimeIntervals			UP	
30927.9624	0.1455999999998312	UpDownStatesTimeIntervals			UP	
30928.8288	0.22639999999955762	UpDownStatesTimeIntervals			UP	
30929.7016	0.15120000000024447	UpDownStatesTimeIntervals			UP	
30930.3048	0.2495999999991909	UpDownStatesTimeIntervals			UP	
30930.8784	0.17119999999704305	UpDownStatesTimeIntervals			DOWN	
30931.0496	0.25200000000040745	UpDownStatesTimeIntervals			UP	
30932.0952	0.1584000000002561	UpDownStatesTimeIntervals			UP	
30932.7048	0.15680000000065775	UpDownStatesTimeIntervals			UP	
30933.1944	0.3735999999989872	UpDownStatesTimeIntervals			UP	
30933.6336	0.4375999999974738	UpDownStatesTimeIntervals			DOWN	
30934.0712	0.23680000000240398	UpDownStatesTimeIntervals			UP	
30935.3424	0.22639999999955762	UpDownStatesTimeIntervals			UP	
30936.0232	0.3408000000017637	UpDownStatesTimeIntervals			UP	
30937.0144	0.15199999999822467	UpDownStatesTimeIntervals			DOWN	
30937.1664	0.1496000000006461	UpDownStatesTimeIntervals			UP	
30937.6672	0.058400000001711305	UpDownStatesTimeIntervals			DOWN	
30937.7256	0.33439999999973224	UpDownStatesTimeIntervals			UP	
30938.8184	0.22479999999995925	UpDownStatesTimeIntervals			UP	
30939.1928	0.2047999999995227	UpDownStatesTimeIntervals			DOWN	
30939.8248	0.033600000002479646	UpDownStatesTimeIntervals			DOWN	
30939.8584	0.3911999999982072	UpDownStatesTimeIntervals			UP	
30939.9664	0.13839999999981956	RippleTimeIntervals		30940.0016		
30940.9144	0.1591999999982363	UpDownStatesTimeIntervals			UP	
30941.7848	0.26080000000001746	UpDownStatesTimeIntervals			UP	
30942.94	0.15600000000267755	UpDownStatesTimeIntervals			UP	
30943.44	0.16960000000108266	UpDownStatesTimeIntervals			UP	
30944.3496	0.15199999999822467	UpDownStatesTimeIntervals			UP	
30944.4584	0.047200000000884756	RippleTimeIntervals		30944.4904		
30944.9296	0.18240000000150758	UpDownStatesTimeIntervals			UP	
30946.0408	0.23440000000118744	UpDownStatesTimeIntervals			UP	
30947.2144	0.15120000000024447	UpDownStatesTimeIntervals			UP	
30949.556	0.32079999999768916	UpDownStatesTimeIntervals			UP	
30950.6288	0.16480000000228756	UpDownStatesTimeIntervals			UP	
30951.1576	0.1584000000002561	UpDownStatesTimeIntervals			UP	
30951.5928	0.06480000000010477	UpDownStatesTimeIntervals			DOWN	
30951.84	0.21840000000156579	UpDownStatesTimeIntervals			UP	
30952.388	0.13440000000264263	UpDownStatesTimeIntervals			UP	
30952.8888	0.21440000000075088	UpDownStatesTimeIntervals			UP	
30953.0744	0.09360000000015134	RippleTimeIntervals		30953.1576		
30954.2368	0.25120000000242726	UpDownStatesTimeIntervals			UP	
30954.8912	0.1584000000002561	UpDownStatesTimeIntervals			UP	
30955.4696	0.19359999999869615	UpDownStatesTimeIntervals			UP	
30956.3744	0.12080000000059954	UpDownStatesTimeIntervals			UP	
30958.0968	0.19440000000031432	UpDownStatesTimeIntervals			UP	
30959.1072	0.23440000000118744	UpDownStatesTimeIntervals			UP	
30959.444	0.19840000000112923	UpDownStatesTimeIntervals			DOWN	
30959.6424	0.12800000000061118	UpDownStatesTimeIntervals			UP	
30961.108	0.19759999999951106	UpDownStatesTimeIntervals			UP	
30961.8224	0.29759999999805586	UpDownStatesTimeIntervals			UP	
30963.0864	0.27040000000124564	UpDownStatesTimeIntervals			UP	
30964.148	0.24879999999757274	UpDownStatesTimeIntervals			UP	
30964.8032	0.2904000000016822	UpDownStatesTimeIntervals			DOWN	
30966.2864	0.48879999999917345	UpDownStatesTimeIntervals			UP	
30967.2096	0.1728000000002794	UpDownStatesTimeIntervals			UP	
30970.1208	0.26719999999841093	UpDownStatesTimeIntervals			UP	
30970.8296	0.16560000000026776	UpDownStatesTimeIntervals			UP	
30972.2528	0.15279999999984284	UpDownStatesTimeIntervals			UP	
30972.3568	0.07119999999849824	RippleTimeIntervals		30972.4192		
30973.6152	0.26159999999799766	UpDownStatesTimeIntervals			UP	
30973.9176	0.618399999999383	UpDownStatesTimeIntervals			DOWN	
30974.536	0.2736000000004424	UpDownStatesTimeIntervals			UP	
30975.3112	0.2767999999996391	UpDownStatesTimeIntervals			UP	
30975.9544	0.136000000002241	UpDownStatesTimeIntervals			UP	
30976.6288	0.20960000000195578	UpDownStatesTimeIntervals			UP	
30977.9024	0.13279999999940628	UpDownStatesTimeIntervals			UP	
30979.8	0.14400000000023283	UpDownStatesTimeIntervals			UP	
30980.6424	0.26239999999961583	UpDownStatesTimeIntervals			UP	
30981.3448	0.13920000000143773	UpDownStatesTimeIntervals			UP	
30981.92	0.14720000000306754	UpDownStatesTimeIntervals			UP	
30983.2088	0.2992000000012922	UpDownStatesTimeIntervals			UP	
30984.2992	0.3688000000001921	UpDownStatesTimeIntervals			UP	
30991.4792	0.12639999999737483	UpDownStatesTimeIntervals			UP	
30992.2792	0.13839999999981956	UpDownStatesTimeIntervals			UP	
30993.484	0.2007999999987078	UpDownStatesTimeIntervals			UP	
30993.9712	0.24799999999959255	UpDownStatesTimeIntervals			UP	
30994.7224	0.20160000000032596	UpDownStatesTimeIntervals			UP	
30995.1768	0.20639999999912106	UpDownStatesTimeIntervals			DOWN	
30995.7432	0.09439999999813153	UpDownStatesTimeIntervals			DOWN	
30995.8376	0.2319999999999709	UpDownStatesTimeIntervals			UP	
30998.0736	0.25600000000122236	UpDownStatesTimeIntervals			UP	
30999.188	0.14800000000104774	UpDownStatesTimeIntervals			UP	
31000.4632	0.13520000000062282	UpDownStatesTimeIntervals			UP	
31001.2736	0.15599999999903957	UpDownStatesTimeIntervals			UP	
31002.156	0.23919999999998254	UpDownStatesTimeIntervals			UP	
31002.748	0.118399999999383	UpDownStatesTimeIntervals			DOWN	
31002.8664	0.40240000000267173	UpDownStatesTimeIntervals			UP	
31003.8048	0.29839999999967404	UpDownStatesTimeIntervals			UP	
31004.2248	0.16639999999824795	UpDownStatesTimeIntervals			DOWN	
31004.6408	0.22959999999875436	UpDownStatesTimeIntervals			UP	
31007.8016	0.2496000000028289	UpDownStatesTimeIntervals			UP	
31008.7072	0.19839999999749125	UpDownStatesTimeIntervals			UP	
31010.0232	0.03600000000005821	RippleTimeIntervals		31010.028		
31010.1616	0.14240000000063446	UpDownStatesTimeIntervals			UP	
31010.6656	0.13999999999941792	UpDownStatesTimeIntervals			UP	
31011.6384	0.2504000000008091	UpDownStatesTimeIntervals			UP	
31012.8848	0.14640000000144937	UpDownStatesTimeIntervals			UP	
31013.604	0.20080000000234577	UpDownStatesTimeIntervals			UP	
31018.2728	0.18720000000030268	UpDownStatesTimeIntervals			UP	
31019.9264	0.11520000000018626	UpDownStatesTimeIntervals			UP	
31020.428	0.3055999999996857	UpDownStatesTimeIntervals			UP	
31021.0328	0.1551999999974214	UpDownStatesTimeIntervals			UP	
31021.3408	0.08559999999852153	UpDownStatesTimeIntervals			DOWN	
31023.276	0.254399999997986	UpDownStatesTimeIntervals			UP	
31023.4768	0.03840000000127475	RippleTimeIntervals		31023.5104		
31024.6328	0.136000000002241	UpDownStatesTimeIntervals			UP	
31025.2856	0.263200000001234	UpDownStatesTimeIntervals			UP	
31025.8168	0.5815999999977066	UpDownStatesTimeIntervals			DOWN	
31026.3984	0.17360000000189757	UpDownStatesTimeIntervals			UP	
31027.6112	0.15120000000024447	UpDownStatesTimeIntervals			UP	
31028.0864	0.41600000000107684	UpDownStatesTimeIntervals			UP	
31028.9752	0.13439999999900465	UpDownStatesTimeIntervals			UP	
31029.9296	0.1455999999998312	UpDownStatesTimeIntervals			UP	
31031.0328	0.2327999999979511	UpDownStatesTimeIntervals			UP	
31032.0744	0.2791999999972177	UpDownStatesTimeIntervals			UP	
31034.6216	0.18480000000272412	UpDownStatesTimeIntervals			UP	
31034.7168	0.1136000000005879	RippleTimeIntervals		31034.7256		
31035.7496	0.2135999999991327	UpDownStatesTimeIntervals			UP	
31036.5624	0.15999999999985448	UpDownStatesTimeIntervals			UP	
31036.952	0.3775999999998021	UpDownStatesTimeIntervals			DOWN	
31037.4552	0.09839999999894644	UpDownStatesTimeIntervals			DOWN	
31037.5536	0.20639999999912106	UpDownStatesTimeIntervals			UP	
31038.388	0.1856000000007043	UpDownStatesTimeIntervals			UP	
31039.5048	0.15600000000267755	UpDownStatesTimeIntervals			UP	
31041.5504	0.12879999999859137	UpDownStatesTimeIntervals			UP	
31042.6496	0.14400000000023283	UpDownStatesTimeIntervals			UP	
31043.784	0.12320000000181608	UpDownStatesTimeIntervals			UP	
31044.3576	0.136000000002241	UpDownStatesTimeIntervals			UP	
31045.0648	0.14879999999902793	UpDownStatesTimeIntervals			UP	
31045.6368	0.11920000000100117	UpDownStatesTimeIntervals			UP	
31046.4768	0.25200000000040745	UpDownStatesTimeIntervals			UP	
31046.7976	0.29439999999885913	UpDownStatesTimeIntervals			DOWN	
31047.092	0.16639999999824795	UpDownStatesTimeIntervals			UP	
31047.7352	0.11119999999937136	UpDownStatesTimeIntervals			UP	
31048.544	0.20719999999710126	UpDownStatesTimeIntervals			UP	
31049.1	0.0904000000009546	UpDownStatesTimeIntervals			UP	
31051.2912	0.34720000000015716	UpDownStatesTimeIntervals			UP	
31052.28	0.2040000000015425	UpDownStatesTimeIntervals			UP	
31052.8152	0.09200000000055297	UpDownStatesTimeIntervals			DOWN	
31052.9072	0.16639999999824795	UpDownStatesTimeIntervals			UP	
31053.968	0.13039999999818974	UpDownStatesTimeIntervals			UP	
31054.6488	0.0632000000005064	UpDownStatesTimeIntervals			DOWN	
31054.712	0.27920000000085565	UpDownStatesTimeIntervals			UP	
31055.3312	0.29200000000128057	UpDownStatesTimeIntervals			DOWN	
31055.6232	0.36239999999816064	UpDownStatesTimeIntervals			UP	
31057.1592	0.11520000000018626	UpDownStatesTimeIntervals			UP	
31057.7576	0.13919999999779975	UpDownStatesTimeIntervals			UP	
31058.0144	0.40239999999903375	UpDownStatesTimeIntervals			DOWN	
31058.4168	0.2312000000019907	UpDownStatesTimeIntervals			UP	
31061.2456	0.1408000000010361	UpDownStatesTimeIntervals			UP	
31063.0456	0.2135999999991327	UpDownStatesTimeIntervals			UP	
31063.1952	0.06640000000334112	RippleTimeIntervals		31063.2208		
31064.9376	0.24879999999757274	UpDownStatesTimeIntervals			UP	
31068.0128	0.1496000000006461	UpDownStatesTimeIntervals			UP	
31069.6072	0.1584000000002561	UpDownStatesTimeIntervals			UP	
31069.716	0.07760000000052969	RippleTimeIntervals		31069.7168		
31069.96	0.29839999999967404	UpDownStatesTimeIntervals			UP	
31070.0472	0.0272000000004482	RippleTimeIntervals		31070.0504		
31070.3288	0.3328000000001339	UpDownStatesTimeIntervals			DOWN	
31070.6616	0.16480000000228756	UpDownStatesTimeIntervals			UP	
31071.7416	0.16799999999784632	UpDownStatesTimeIntervals			UP	
31072.5256	0.17439999999987776	UpDownStatesTimeIntervals			UP	
31073.3808	0.10560000000259606	UpDownStatesTimeIntervals			UP	
31074.0552	0.1632000000026892	UpDownStatesTimeIntervals			UP	
31074.156	0.05199999999967986	RippleTimeIntervals		31074.1888		
31074.8776	0.15200000000186265	UpDownStatesTimeIntervals			UP	
31075.6256	0.12160000000221771	UpDownStatesTimeIntervals			UP	
31076.156	0.2504000000008091	UpDownStatesTimeIntervals			UP	
31076.996	0.29680000000007567	UpDownStatesTimeIntervals			UP	
31077.8192	0.16639999999824795	UpDownStatesTimeIntervals			UP	
31079.0032	0.2680000000000291	UpDownStatesTimeIntervals			UP	
31079.4216	0.13039999999818974	UpDownStatesTimeIntervals			DOWN	
31079.7632	0.1815999999998894	UpDownStatesTimeIntervals			UP	
31080.0616	0.23439999999754946	UpDownStatesTimeIntervals			DOWN	
31080.296	0.25600000000122236	UpDownStatesTimeIntervals			UP	
31080.9976	0.20240000000194414	UpDownStatesTimeIntervals			UP	
31081.3152	0.3359999999993306	UpDownStatesTimeIntervals			DOWN	
31082.076	0.1735999999982596	UpDownStatesTimeIntervals			UP	
31082.6048	0.24239999999917927	UpDownStatesTimeIntervals			UP	
31083.132	0.20719999999710126	UpDownStatesTimeIntervals			DOWN	
31083.3392	0.2640000000028522	UpDownStatesTimeIntervals			UP	
31084.392	0.1264000000010128	UpDownStatesTimeIntervals			UP	
31085.1048	0.12399999999979627	UpDownStatesTimeIntervals			UP	
31085.7928	0.09679999999934807	UpDownStatesTimeIntervals			UP	
31086.2128	0.28879999999844586	UpDownStatesTimeIntervals			UP	
31087.5176	0.20240000000194414	UpDownStatesTimeIntervals			UP	
31090.5104	0.15200000000186265	UpDownStatesTimeIntervals			UP	
31091.6136	0.23760000000038417	UpDownStatesTimeIntervals			UP	
31092.4728	0.16240000000107102	UpDownStatesTimeIntervals			UP	
31093.1312	0.0816000000013446	UpDownStatesTimeIntervals			UP	
31093.6064	0.1959999999999127	UpDownStatesTimeIntervals			UP	
31094.1664	0.16080000000147265	UpDownStatesTimeIntervals			UP	
31094.6224	0.2551999999996042	UpDownStatesTimeIntervals			UP	
31095.7728	0.19200000000273576	UpDownStatesTimeIntervals			UP	
31096.9112	0.12160000000221771	UpDownStatesTimeIntervals			UP	
31097.464	0.15599999999903957	UpDownStatesTimeIntervals			UP	
31097.9288	0.1368000000002212	UpDownStatesTimeIntervals			UP	
31098.588	0.14640000000144937	UpDownStatesTimeIntervals			UP	
31099.4096	0.13440000000264263	UpDownStatesTimeIntervals			UP	
31100.12	0.12000000000261934	UpDownStatesTimeIntervals			UP	
31101.064	0.1320000000014261	UpDownStatesTimeIntervals			UP	
31101.9712	0.1543999999994412	UpDownStatesTimeIntervals			UP	
31102.8192	0.2879999999968277	UpDownStatesTimeIntervals			UP	
31104.0	37.0	SleepStates				REMstate
31135.1144	0.09920000000056461	RippleTimeIntervals		31135.1176		
31142.0	33.0	SleepStates				WAKEstate
31172.5472	0.0639999999984866	RippleTimeIntervals		31172.568		
31175.7888	0.15520000000105938	UpDownStatesTimeIntervals			UP	
31176.0	465.0	SleepStates				NREMstate
31176.3008	0.1856000000007043	UpDownStatesTimeIntervals			DOWN	
31176.4864	0.12159999999857973	UpDownStatesTimeIntervals			UP	
31178.2464	0.17599999999947613	UpDownStatesTimeIntervals			UP	
31178.9792	0.13919999999779975	UpDownStatesTimeIntervals			UP	
31179.6824	0.23999999999796273	UpDownStatesTimeIntervals			UP	
31180.3072	0.19840000000112923	UpDownStatesTimeIntervals			UP	
31180.952	0.11679999999978463	UpDownStatesTimeIntervals			UP	
31181.8152	0.19039999999949941	UpDownStatesTimeIntervals			UP	
31182.376	0.21440000000075088	UpDownStatesTimeIntervals			UP	
31182.876	0.14800000000104774	UpDownStatesTimeIntervals			UP	
31183.828	0.032799999997223495	UpDownStatesTimeIntervals			DOWN	
31184.1728	0.16560000000026776	UpDownStatesTimeIntervals			UP	
31186.6696	0.16079999999783468	UpDownStatesTimeIntervals			UP	
31187.5584	0.12479999999777647	UpDownStatesTimeIntervals			UP	
31188.396	0.09439999999813153	UpDownStatesTimeIntervals			UP	
31188.9248	0.1768000000010943	UpDownStatesTimeIntervals			UP	
31189.9576	0.18319999999948777	UpDownStatesTimeIntervals			UP	
31190.6552	0.14240000000063446	UpDownStatesTimeIntervals			UP	
31191.332	0.21920000000318396	UpDownStatesTimeIntervals			UP	
31192.8792	0.144800000001851	UpDownStatesTimeIntervals			UP	
31194.016	0.22000000000116415	UpDownStatesTimeIntervals			UP	
31194.7344	0.11999999999898137	UpDownStatesTimeIntervals			DOWN	
31195.3376	0.14160000000265427	UpDownStatesTimeIntervals			UP	
31196.7944	0.23280000000158907	UpDownStatesTimeIntervals			UP	
31197.6768	0.07839999999850988	UpDownStatesTimeIntervals			UP	
31198.3432	0.1320000000014261	UpDownStatesTimeIntervals			UP	
31198.4432	0.07439999999769498	RippleTimeIntervals		31198.4488		
31198.9056	0.1088000000017928	UpDownStatesTimeIntervals			UP	
31200.0312	0.17519999999785796	UpDownStatesTimeIntervals			UP	
31201.0616	0.12479999999777647	UpDownStatesTimeIntervals			UP	
31201.6648	0.18720000000030268	UpDownStatesTimeIntervals			UP	
31202.0216	0.053599999999278225	UpDownStatesTimeIntervals			DOWN	
31202.3904	0.12399999999979627	UpDownStatesTimeIntervals			UP	
31203.8616	0.15599999999903957	UpDownStatesTimeIntervals			UP	
31204.588	0.12800000000061118	UpDownStatesTimeIntervals			UP	
31205.1672	0.14800000000104774	UpDownStatesTimeIntervals			UP	
31205.7328	0.11359999999694992	UpDownStatesTimeIntervals			UP	
31208.98	0.13040000000182772	UpDownStatesTimeIntervals			UP	
31209.6016	0.16479999999864958	UpDownStatesTimeIntervals			DOWN	
31210.0296	0.2911999999996624	UpDownStatesTimeIntervals			UP	
31211.4392	0.1591999999982363	UpDownStatesTimeIntervals			UP	
31212.4176	0.1503999999986263	UpDownStatesTimeIntervals			UP	
31213.1688	0.16159999999945285	UpDownStatesTimeIntervals			UP	
31213.9704	0.23280000000158907	UpDownStatesTimeIntervals			UP	
31215.432	0.2504000000008091	UpDownStatesTimeIntervals			UP	
31215.9424	0.2272000000011758	UpDownStatesTimeIntervals			DOWN	
31216.6976	0.144800000001851	UpDownStatesTimeIntervals			UP	
31218.6184	0.13839999999981956	UpDownStatesTimeIntervals			UP	
31220.3848	0.1952000000019325	UpDownStatesTimeIntervals			UP	
31221.0608	0.25200000000040745	UpDownStatesTimeIntervals			UP	
31221.7488	0.06559999999808497	UpDownStatesTimeIntervals			UP	
31222.2424	0.12399999999979627	UpDownStatesTimeIntervals			UP	
31223.7608	0.12559999999939464	UpDownStatesTimeIntervals			UP	
31227.2184	0.14799999999740976	UpDownStatesTimeIntervals			UP	
31228.252	0.1463999999978114	UpDownStatesTimeIntervals			UP	
31228.8688	0.1264000000010128	UpDownStatesTimeIntervals			UP	
31229.688	0.020000000000436557	RippleTimeIntervals		31229.6984		
31229.9752	0.22160000000076252	UpDownStatesTimeIntervals			UP	
31230.9152	0.1543999999994412	UpDownStatesTimeIntervals			UP	
31231.4744	0.16719999999986612	UpDownStatesTimeIntervals			UP	
31232.1648	0.08079999999972642	UpDownStatesTimeIntervals			DOWN	
31232.2456	0.15760000000227592	UpDownStatesTimeIntervals			UP	
31234.2592	0.13839999999981956	UpDownStatesTimeIntervals			UP	
31234.8248	0.11120000000300934	UpDownStatesTimeIntervals			UP	
31235.312	0.2375999999967462	UpDownStatesTimeIntervals			UP	
31236.9808	0.14319999999861466	UpDownStatesTimeIntervals			UP	
31238.7648	0.13279999999940628	UpDownStatesTimeIntervals			UP	
31240.5824	0.12320000000181608	UpDownStatesTimeIntervals			UP	
31241.1888	0.2727999999988242	UpDownStatesTimeIntervals			UP	
31242.1176	0.1543999999994412	UpDownStatesTimeIntervals			UP	
31242.8376	0.1543999999994412	UpDownStatesTimeIntervals			UP	
31244.744	0.12800000000061118	UpDownStatesTimeIntervals			UP	
31247.7	0.15999999999985448	UpDownStatesTimeIntervals			UP	
31249.52	0.1584000000002561	UpDownStatesTimeIntervals			UP	
31250.2344	0.2559999999975844	UpDownStatesTimeIntervals			UP	
31250.4576	0.11919999999736319	RippleTimeIntervals		31250.4904		
31252.372	0.13920000000143773	UpDownStatesTimeIntervals			UP	
31252.7824	0.18720000000030268	UpDownStatesTimeIntervals			DOWN	
31252.9696	0.23359999999956926	UpDownStatesTimeIntervals			UP	
31254.5976	0.12800000000061118	UpDownStatesTimeIntervals			UP	
31256.9064	0.127199999998993	UpDownStatesTimeIntervals			UP	
31258.9584	0.2776000000012573	UpDownStatesTimeIntervals			UP	
31259.6032	0.2503999999971711	UpDownStatesTimeIntervals			UP	
31260.6048	0.3319999999985157	UpDownStatesTimeIntervals			UP	
31262.3376	0.2760000000016589	UpDownStatesTimeIntervals			UP	
31263.2032	0.10320000000137952	UpDownStatesTimeIntervals			DOWN	
31263.3064	0.2559999999975844	UpDownStatesTimeIntervals			UP	
31263.9304	0.14400000000023283	UpDownStatesTimeIntervals			UP	
31264.7088	0.3712000000014086	UpDownStatesTimeIntervals			UP	
31267.172	0.16880000000310247	UpDownStatesTimeIntervals			UP	
31267.98	0.15759999999863794	UpDownStatesTimeIntervals			UP	
31269.6896	0.13279999999940628	UpDownStatesTimeIntervals			UP	
31270.184	0.25279999999838765	UpDownStatesTimeIntervals			UP	
31270.8792	0.13760000000183936	UpDownStatesTimeIntervals			UP	
31271.4888	0.1264000000010128	UpDownStatesTimeIntervals			UP	
31271.9128	0.364000000001397	UpDownStatesTimeIntervals			UP	
31272.8912	0.16240000000107102	UpDownStatesTimeIntervals			UP	
31273.612	0.16159999999945285	UpDownStatesTimeIntervals			UP	
31275.2568	0.27119999999922584	UpDownStatesTimeIntervals			UP	
31275.8808	0.153600000001461	UpDownStatesTimeIntervals			UP	
31276.544	0.17199999999866122	UpDownStatesTimeIntervals			UP	
31277.8232	0.23919999999998254	UpDownStatesTimeIntervals			UP	
31278.5112	0.13359999999738648	UpDownStatesTimeIntervals			UP	
31278.8616	0.07279999999809661	UpDownStatesTimeIntervals			DOWN	
31279.9016	0.16239999999743304	UpDownStatesTimeIntervals			UP	
31280.3816	0.17039999999906286	UpDownStatesTimeIntervals			DOWN	
31280.784	0.21600000000034925	UpDownStatesTimeIntervals			UP	
31282.3032	0.14720000000306754	UpDownStatesTimeIntervals			UP	
31282.8776	0.17439999999987776	UpDownStatesTimeIntervals			UP	
31283.8144	0.17599999999947613	UpDownStatesTimeIntervals			UP	
31284.3696	0.062399999998888234	UpDownStatesTimeIntervals			DOWN	
31284.432	0.33039999999891734	UpDownStatesTimeIntervals			UP	
31287.8808	0.13920000000143773	UpDownStatesTimeIntervals			UP	
31288.5664	0.11600000000180444	UpDownStatesTimeIntervals			UP	
31289.8024	0.15759999999863794	UpDownStatesTimeIntervals			UP	
31290.7936	0.12879999999859137	UpDownStatesTimeIntervals			UP	
31291.6832	0.05280000000129803	UpDownStatesTimeIntervals			DOWN	
31291.736	0.2815999999984342	UpDownStatesTimeIntervals			UP	
31292.1928	0.1863999999986845	UpDownStatesTimeIntervals			DOWN	
31292.3792	0.12960000000020955	UpDownStatesTimeIntervals			UP	
31292.9136	0.14640000000144937	UpDownStatesTimeIntervals			UP	
31293.776	0.14879999999902793	UpDownStatesTimeIntervals			UP	
31295.3152	0.25679999999920256	UpDownStatesTimeIntervals			UP	
31296.0224	0.17599999999947613	UpDownStatesTimeIntervals			UP	
31297.0096	0.37919999999940046	UpDownStatesTimeIntervals			UP	
31297.5744	0.17679999999745633	UpDownStatesTimeIntervals			DOWN	
31297.7512	0.16240000000107102	UpDownStatesTimeIntervals			UP	
31298.0976	0.17919999999867287	UpDownStatesTimeIntervals			DOWN	
31298.2768	0.26640000000043074	UpDownStatesTimeIntervals			UP	
31298.8808	0.23840000000200234	UpDownStatesTimeIntervals			UP	
31299.4816	0.2175999999999476	UpDownStatesTimeIntervals			UP	
31300.3936	0.14719999999942956	UpDownStatesTimeIntervals			UP	
31301.308	0.16319999999905122	UpDownStatesTimeIntervals			UP	
31302.3592	0.22880000000077416	UpDownStatesTimeIntervals			UP	
31303.116	0.13279999999940628	UpDownStatesTimeIntervals			UP	
31304.4224	0.2511999999987893	UpDownStatesTimeIntervals			UP	
31305.4048	0.21440000000075088	UpDownStatesTimeIntervals			UP	
31305.9744	0.2272000000011758	UpDownStatesTimeIntervals			UP	
31306.5616	0.2135999999991327	UpDownStatesTimeIntervals			UP	
31307.7608	0.22079999999914435	UpDownStatesTimeIntervals			UP	
31309.0432	0.13119999999980791	UpDownStatesTimeIntervals			UP	
31310.0792	0.1735999999982596	UpDownStatesTimeIntervals			UP	
31311.9264	0.035199999998440035	RippleTimeIntervals		31311.96		
31312.1288	0.136000000002241	UpDownStatesTimeIntervals			UP	
31315.7712	0.18240000000150758	UpDownStatesTimeIntervals			UP	
31316.7768	0.1768000000010943	UpDownStatesTimeIntervals			UP	
31317.6648	0.24400000000241562	UpDownStatesTimeIntervals			UP	
31319.4096	0.2767999999996391	UpDownStatesTimeIntervals			UP	
31321.4536	0.2783999999992375	UpDownStatesTimeIntervals			UP	
31321.5408	0.05760000000009313	RippleTimeIntervals		31321.5736		
31323.5456	0.15599999999903957	UpDownStatesTimeIntervals			UP	
31324.3416	0.14800000000104774	UpDownStatesTimeIntervals			UP	
31325.0496	0.35120000000097207	UpDownStatesTimeIntervals			UP	
31325.7696	0.09440000000176951	UpDownStatesTimeIntervals			DOWN	
31325.984	0.1415999999990163	UpDownStatesTimeIntervals			UP	
31327.5464	0.15680000000065775	UpDownStatesTimeIntervals			UP	
31328.372	0.20560000000114087	UpDownStatesTimeIntervals			UP	
31330.5016	0.13119999999980791	UpDownStatesTimeIntervals			UP	
31331.6008	0.2095999999983178	UpDownStatesTimeIntervals			UP	
31332.6896	0.2047999999995227	UpDownStatesTimeIntervals			UP	
31334.5008	0.14799999999740976	UpDownStatesTimeIntervals			UP	
31336.136	0.09200000000055297	RippleTimeIntervals		31336.1544		
31336.2208	0.15520000000105938	UpDownStatesTimeIntervals			UP	
31337.9272	0.38320000000021537	UpDownStatesTimeIntervals			UP	
31339.6344	0.24880000000121072	UpDownStatesTimeIntervals			UP	
31340.5976	0.14400000000023283	UpDownStatesTimeIntervals			UP	
31341.3992	0.14800000000104774	UpDownStatesTimeIntervals			UP	
31342.428	0.10239999999976135	UpDownStatesTimeIntervals			UP	
31343.0984	0.1640000000006694	UpDownStatesTimeIntervals			UP	
31343.9384	0.1543999999994412	UpDownStatesTimeIntervals			UP	
31344.9096	0.15999999999985448	UpDownStatesTimeIntervals			UP	
31347.2248	0.11520000000018626	UpDownStatesTimeIntervals			UP	
31348.6112	0.15520000000105938	UpDownStatesTimeIntervals			UP	
31349.7728	0.14800000000104774	UpDownStatesTimeIntervals			UP	
31350.3688	0.06720000000132131	RippleTimeIntervals		31350.4312		
31352.7984	0.17199999999866122	UpDownStatesTimeIntervals			UP	
31353.5336	0.17520000000149594	UpDownStatesTimeIntervals			UP	
31354.3544	0.16560000000026776	UpDownStatesTimeIntervals			UP	
31354.48	0.10080000000016298	RippleTimeIntervals		31354.4856		
31354.848	0.2175999999999476	UpDownStatesTimeIntervals			UP	
31355.4672	0.2504000000008091	UpDownStatesTimeIntervals			UP	
31356.3728	0.12879999999859137	UpDownStatesTimeIntervals			UP	
31357.0312	0.21039999999993597	UpDownStatesTimeIntervals			UP	
31357.7768	0.20319999999992433	UpDownStatesTimeIntervals			UP	
31358.508	0.2783999999992375	UpDownStatesTimeIntervals			DOWN	
31359.0864	0.12480000000141445	UpDownStatesTimeIntervals			UP	
31360.6216	0.18240000000150758	UpDownStatesTimeIntervals			UP	
31361.128	0.011200000000826549	UpDownStatesTimeIntervals			DOWN	
31361.1392	0.14719999999942956	UpDownStatesTimeIntervals			UP	
31361.8408	0.3951999999990221	UpDownStatesTimeIntervals			UP	
31362.5984	0.17599999999947613	UpDownStatesTimeIntervals			UP	
31366.044	0.16719999999986612	UpDownStatesTimeIntervals			UP	
31366.1496	0.09839999999894644	RippleTimeIntervals		31366.16		
31367.1256	0.16080000000147265	UpDownStatesTimeIntervals			UP	
31369.2024	0.1584000000002561	UpDownStatesTimeIntervals			UP	
31369.304	0.062399999998888234	RippleTimeIntervals		31369.352		
31370.7296	0.2640000000028522	UpDownStatesTimeIntervals			UP	
31372.0072	0.17520000000149594	UpDownStatesTimeIntervals			UP	
31372.816	0.2680000000000291	UpDownStatesTimeIntervals			UP	
31373.9896	0.16479999999864958	UpDownStatesTimeIntervals			UP	
31375.3608	0.2848000000012689	UpDownStatesTimeIntervals			UP	
31378.4992	0.29360000000087894	UpDownStatesTimeIntervals			UP	
31378.9784	0.051200000001699664	RippleTimeIntervals		31379.02		
31379.0472	0.13599999999860302	UpDownStatesTimeIntervals			UP	
31380.2632	0.16719999999986612	UpDownStatesTimeIntervals			UP	
31381.2632	0.13759999999820138	UpDownStatesTimeIntervals			UP	
31382.5232	0.41519999999945867	UpDownStatesTimeIntervals			UP	
31385.4536	0.14319999999861466	UpDownStatesTimeIntervals			UP	
31386.1944	0.20160000000032596	UpDownStatesTimeIntervals			DOWN	
31386.396	0.24320000000079744	UpDownStatesTimeIntervals			UP	
31386.8512	0.14799999999740976	UpDownStatesTimeIntervals			DOWN	
31386.9992	0.1584000000002561	UpDownStatesTimeIntervals			UP	
31387.9832	0.1455999999998312	UpDownStatesTimeIntervals			UP	
31388.7208	0.1408000000010361	UpDownStatesTimeIntervals			UP	
31389.476	0.14720000000306754	UpDownStatesTimeIntervals			DOWN	
31389.6232	0.21999999999752617	UpDownStatesTimeIntervals			UP	
31390.4592	0.32079999999768916	UpDownStatesTimeIntervals			UP	
31391.1344	0.25120000000242726	UpDownStatesTimeIntervals			UP	
31392.6672	0.14719999999942956	UpDownStatesTimeIntervals			UP	
31393.2336	0.18240000000150758	UpDownStatesTimeIntervals			UP	
31399.0912	0.14640000000144937	UpDownStatesTimeIntervals			UP	
31399.9664	0.38320000000021537	UpDownStatesTimeIntervals			UP	
31401.308	0.1640000000006694	UpDownStatesTimeIntervals			UP	
31403.2952	0.26159999999799766	UpDownStatesTimeIntervals			UP	
31404.5728	0.37039999999979045	UpDownStatesTimeIntervals			UP	
31405.3768	0.1640000000006694	UpDownStatesTimeIntervals			UP	
31405.9632	0.05680000000211294	UpDownStatesTimeIntervals			DOWN	
31406.2024	0.1959999999999127	UpDownStatesTimeIntervals			UP	
31406.9752	0.32639999999810243	UpDownStatesTimeIntervals			UP	
31407.6072	0.1488000000026659	UpDownStatesTimeIntervals			UP	
31408.3352	0.14719999999942956	UpDownStatesTimeIntervals			UP	
31409.1864	0.2680000000000291	UpDownStatesTimeIntervals			UP	
31410.636	0.13280000000304426	UpDownStatesTimeIntervals			UP	
31413.3448	0.2224000000023807	UpDownStatesTimeIntervals			DOWN	
31413.5672	0.19999999999708962	UpDownStatesTimeIntervals			UP	
31414.9176	0.2007999999987078	UpDownStatesTimeIntervals			UP	
31415.84	0.16159999999945285	UpDownStatesTimeIntervals			UP	
31416.8648	0.2584000000024389	UpDownStatesTimeIntervals			UP	
31418.0536	0.16960000000108266	UpDownStatesTimeIntervals			UP	
31418.62	0.1640000000006694	UpDownStatesTimeIntervals			UP	
31419.252	0.2095999999983178	UpDownStatesTimeIntervals			UP	
31421.1816	0.16159999999945285	UpDownStatesTimeIntervals			UP	
31421.9896	0.03440000000045984	UpDownStatesTimeIntervals			DOWN	
31422.024	0.15759999999863794	UpDownStatesTimeIntervals			UP	
31422.5224	0.263199999997596	UpDownStatesTimeIntervals			DOWN	
31422.7856	0.13760000000183936	UpDownStatesTimeIntervals			UP	
31423.4096	0.13279999999940628	UpDownStatesTimeIntervals			UP	
31424.236	0.16719999999986612	UpDownStatesTimeIntervals			UP	
31424.8792	0.18400000000110595	UpDownStatesTimeIntervals			DOWN	
31425.8104	0.23760000000038417	UpDownStatesTimeIntervals			UP	
31429.2168	0.18320000000312575	UpDownStatesTimeIntervals			UP	
31429.796	0.15120000000024447	UpDownStatesTimeIntervals			UP	
31432.6568	0.13360000000102445	UpDownStatesTimeIntervals			UP	
31433.8552	0.3047999999980675	UpDownStatesTimeIntervals			UP	
31434.7408	0.20720000000073924	UpDownStatesTimeIntervals			UP	
31435.3784	0.13839999999981956	UpDownStatesTimeIntervals			UP	
31438.336	0.1640000000006694	UpDownStatesTimeIntervals			UP	
31438.9552	0.2327999999979511	UpDownStatesTimeIntervals			UP	
31442.6872	0.2592000000004191	UpDownStatesTimeIntervals			UP	
31443.6392	0.23999999999796273	UpDownStatesTimeIntervals			UP	
31444.4248	0.0959999999977299	UpDownStatesTimeIntervals			UP	
31445.2872	0.19680000000153086	UpDownStatesTimeIntervals			UP	
31445.7568	0.23040000000037253	UpDownStatesTimeIntervals			UP	
31446.1648	0.32880000000295695	UpDownStatesTimeIntervals			DOWN	
31446.4936	0.1551999999974214	UpDownStatesTimeIntervals			UP	
31447.92	0.25600000000122236	UpDownStatesTimeIntervals			UP	
31448.5256	0.05279999999766005	UpDownStatesTimeIntervals			UP	
31449.3648	0.144800000001851	UpDownStatesTimeIntervals			UP	
31450.9056	0.16880000000310247	UpDownStatesTimeIntervals			UP	
31451.8528	0.16319999999905122	UpDownStatesTimeIntervals			UP	
31452.3856	0.2503999999971711	UpDownStatesTimeIntervals			DOWN	
31452.8752	0.1455999999998312	UpDownStatesTimeIntervals			UP	
31459.0608	0.15999999999985448	UpDownStatesTimeIntervals			UP	
31459.8328	0.20720000000073924	UpDownStatesTimeIntervals			UP	
31459.9912	0.07760000000052969	RippleTimeIntervals		31459.996		
31460.528	0.16080000000147265	UpDownStatesTimeIntervals			UP	
31461.0424	0.127200000002631	UpDownStatesTimeIntervals			UP	
31461.624	0.13520000000062282	UpDownStatesTimeIntervals			UP	
31464.4792	0.26239999999961583	UpDownStatesTimeIntervals			UP	
31465.3528	0.18799999999828287	UpDownStatesTimeIntervals			UP	
31465.4528	0.118399999999383	RippleTimeIntervals		31465.4864		
31466.3728	0.1856000000007043	UpDownStatesTimeIntervals			UP	
31467.024	0.11759999999776483	UpDownStatesTimeIntervals			UP	
31467.7568	0.2736000000004424	UpDownStatesTimeIntervals			UP	
31473.564	0.1904000000031374	UpDownStatesTimeIntervals			UP	
31474.0864	0.14719999999942956	UpDownStatesTimeIntervals			UP	
31474.8024	0.22559999999793945	UpDownStatesTimeIntervals			UP	
31477.5064	0.16719999999986612	UpDownStatesTimeIntervals			UP	
31477.8848	0.23280000000158907	UpDownStatesTimeIntervals			DOWN	
31478.4248	0.24320000000079744	UpDownStatesTimeIntervals			UP	
31479.7016	0.18000000000029104	UpDownStatesTimeIntervals			UP	
31480.7568	0.15760000000227592	UpDownStatesTimeIntervals			UP	
31482.7816	0.19760000000314903	UpDownStatesTimeIntervals			UP	
31483.824	0.1735999999982596	UpDownStatesTimeIntervals			UP	
31484.7688	0.15199999999822467	UpDownStatesTimeIntervals			UP	
31484.9056	0.0816000000013446	RippleTimeIntervals		31484.9168		
31485.7984	0.16319999999905122	UpDownStatesTimeIntervals			UP	
31489.0136	0.1400000000030559	UpDownStatesTimeIntervals			UP	
31491.7376	0.051199999998061685	RippleTimeIntervals		31491.748		
31494.46	0.17520000000149594	UpDownStatesTimeIntervals			UP	
31495.6496	0.25200000000040745	UpDownStatesTimeIntervals			UP	
31496.1288	0.2128000000011525	UpDownStatesTimeIntervals			DOWN	
31496.3416	0.1455999999998312	UpDownStatesTimeIntervals			UP	
31497.3152	0.3191999999980908	UpDownStatesTimeIntervals			UP	
31497.4704	0.040000000000873115	RippleTimeIntervals		31497.4984		
31498.1808	0.22560000000157743	UpDownStatesTimeIntervals			UP	
31499.7392	0.24799999999959255	UpDownStatesTimeIntervals			UP	
31500.2984	0.1408000000010361	UpDownStatesTimeIntervals			UP	
31500.672	0.3080000000009022	UpDownStatesTimeIntervals			DOWN	
31501.1976	0.26559999999881256	UpDownStatesTimeIntervals			UP	
31505.1496	0.15359999999782303	UpDownStatesTimeIntervals			UP	
31506.2336	0.355200000001787	UpDownStatesTimeIntervals			UP	
31508.868	0.2712000000028638	UpDownStatesTimeIntervals			UP	
31509.9352	0.051200000001699664	UpDownStatesTimeIntervals			DOWN	
31509.9864	0.14319999999861466	UpDownStatesTimeIntervals			UP	
31510.7376	0.2511999999987893	UpDownStatesTimeIntervals			UP	
31511.7904	0.254399999997986	UpDownStatesTimeIntervals			UP	
31512.5544	0.16479999999864958	UpDownStatesTimeIntervals			UP	
31513.7968	0.15279999999984284	UpDownStatesTimeIntervals			UP	
31515.9488	0.24240000000281725	UpDownStatesTimeIntervals			UP	
31519.9992	0.19200000000273576	UpDownStatesTimeIntervals			UP	
31521.1416	0.17040000000270084	UpDownStatesTimeIntervals			UP	
31522.1144	0.26160000000163564	UpDownStatesTimeIntervals			UP	
31523.0136	0.2736000000004424	UpDownStatesTimeIntervals			UP	
31523.6992	0.14240000000063446	UpDownStatesTimeIntervals			UP	
31524.8872	0.1728000000002794	UpDownStatesTimeIntervals			UP	
31525.3184	0.118399999999383	UpDownStatesTimeIntervals			DOWN	
31525.4368	0.15520000000105938	UpDownStatesTimeIntervals			UP	
31526.5664	0.15279999999984284	UpDownStatesTimeIntervals			UP	
31527.6016	0.16079999999783468	UpDownStatesTimeIntervals			UP	
31527.716	0.06639999999970314	RippleTimeIntervals		31527.736		
31528.624	0.14879999999902793	UpDownStatesTimeIntervals			UP	
31530.6264	0.33840000000054715	UpDownStatesTimeIntervals			UP	
31532.42	0.17120000000068103	UpDownStatesTimeIntervals			UP	
31533.14	0.13999999999941792	UpDownStatesTimeIntervals			UP	
31533.8152	0.13999999999941792	UpDownStatesTimeIntervals			UP	
31535.0448	0.15120000000024447	UpDownStatesTimeIntervals			UP	
31535.7928	0.1808000000019092	UpDownStatesTimeIntervals			UP	
31537.0184	0.1584000000002561	UpDownStatesTimeIntervals			UP	
31537.5664	0.28320000000167056	UpDownStatesTimeIntervals			UP	
31538.112	0.07920000000012806	UpDownStatesTimeIntervals			DOWN	
31538.2952	0.14319999999861466	UpDownStatesTimeIntervals			UP	
31538.8408	0.23519999999916763	UpDownStatesTimeIntervals			UP	
31539.3088	0.17760000000271248	UpDownStatesTimeIntervals			DOWN	
31539.4864	0.1368000000002212	UpDownStatesTimeIntervals			UP	
31540.1848	0.13119999999980791	UpDownStatesTimeIntervals			UP	
31542.736	0.38559999999779393	UpDownStatesTimeIntervals			UP	
31543.516	0.29439999999885913	UpDownStatesTimeIntervals			UP	
31545.144	0.31520000000091386	UpDownStatesTimeIntervals			UP	
31545.2744	0.05920000000332948	RippleTimeIntervals		31545.3048		
31546.1688	0.21039999999993597	UpDownStatesTimeIntervals			UP	
31546.5816	0.23999999999796273	UpDownStatesTimeIntervals			DOWN	
31546.8216	0.14719999999942956	UpDownStatesTimeIntervals			UP	
31547.3696	0.21199999999953434	UpDownStatesTimeIntervals			UP	
31547.6656	0.09279999999853317	UpDownStatesTimeIntervals			DOWN	
31549.3656	0.06159999999727006	RippleTimeIntervals		31549.424		
31549.596	0.1415999999990163	UpDownStatesTimeIntervals			UP	
31550.416	0.042399999998451676	UpDownStatesTimeIntervals			DOWN	
31550.4584	0.25600000000122236	UpDownStatesTimeIntervals			UP	
31551.604	0.14320000000225264	UpDownStatesTimeIntervals			UP	
31553.7296	0.21039999999993597	UpDownStatesTimeIntervals			UP	
31554.248	0.06799999999930151	UpDownStatesTimeIntervals			DOWN	
31554.4424	0.1496000000006461	UpDownStatesTimeIntervals			UP	
31554.7664	0.2511999999987893	UpDownStatesTimeIntervals			DOWN	
31555.0176	0.18000000000029104	UpDownStatesTimeIntervals			UP	
31556.9144	0.15759999999863794	UpDownStatesTimeIntervals			UP	
31557.6472	0.09519999999974971	UpDownStatesTimeIntervals			UP	
31558.272	0.3271999999997206	UpDownStatesTimeIntervals			UP	
31559.0672	0.10959999999977299	UpDownStatesTimeIntervals			UP	
31559.5944	0.11199999999735155	UpDownStatesTimeIntervals			UP	
31560.6424	0.1775999999990745	UpDownStatesTimeIntervals			UP	
31561.3688	0.10800000000017462	UpDownStatesTimeIntervals			UP	
31561.9472	0.15520000000105938	UpDownStatesTimeIntervals			UP	
31562.1904	0.04320000000006985	RippleTimeIntervals		31562.2256		
31562.9344	0.27840000000287546	UpDownStatesTimeIntervals			UP	
31563.8992	0.22160000000076252	UpDownStatesTimeIntervals			UP	
31567.012	0.1543999999994412	UpDownStatesTimeIntervals			UP	
31569.8416	0.49759999999878346	UpDownStatesTimeIntervals			UP	
31570.1408	0.06480000000010477	RippleTimeIntervals		31570.1904		
31570.4352	0.21519999999873107	UpDownStatesTimeIntervals			DOWN	
31570.6504	0.2767999999996391	UpDownStatesTimeIntervals			UP	
31573.0312	0.14319999999861466	UpDownStatesTimeIntervals			UP	
31573.5832	0.16239999999743304	UpDownStatesTimeIntervals			UP	
31574.1632	0.16640000000188593	UpDownStatesTimeIntervals			UP	
31575.168	0.20639999999912106	UpDownStatesTimeIntervals			UP	
31577.1528	0.3359999999993306	UpDownStatesTimeIntervals			UP	
31578.7448	0.15599999999903957	UpDownStatesTimeIntervals			UP	
31579.6184	0.16560000000026776	UpDownStatesTimeIntervals			UP	
31580.0912	0.13440000000264263	UpDownStatesTimeIntervals			UP	
31581.5424	0.15680000000065775	UpDownStatesTimeIntervals			UP	
31582.2024	0.19200000000273576	UpDownStatesTimeIntervals			UP	
31582.9288	0.2647999999971944	UpDownStatesTimeIntervals			UP	
31583.6744	0.24639999999999418	UpDownStatesTimeIntervals			UP	
31584.2728	0.20640000000275904	UpDownStatesTimeIntervals			DOWN	
31584.7232	0.13920000000143773	UpDownStatesTimeIntervals			UP	
31587.5376	0.1503999999986263	UpDownStatesTimeIntervals			UP	
31587.916	0.28399999999965075	UpDownStatesTimeIntervals			UP	
31589.5696	0.21199999999953434	UpDownStatesTimeIntervals			UP	
31590.056	0.07839999999850988	UpDownStatesTimeIntervals			DOWN	
31590.1344	0.1543999999994412	UpDownStatesTimeIntervals			UP	
31590.644	0.2871999999988475	UpDownStatesTimeIntervals			UP	
31591.2608	0.14800000000104774	UpDownStatesTimeIntervals			UP	
31592.256	0.13919999999779975	UpDownStatesTimeIntervals			UP	
31592.712	0.13999999999941792	UpDownStatesTimeIntervals			UP	
31593.2536	0.15759999999863794	UpDownStatesTimeIntervals			UP	
31593.576	0.26159999999799766	UpDownStatesTimeIntervals			DOWN	
31593.8376	0.08400000000256114	UpDownStatesTimeIntervals			UP	
31594.3736	0.2688000000016473	UpDownStatesTimeIntervals			UP	
31594.46	0.09200000000055297	RippleTimeIntervals		31594.5032		
31595.8896	0.12560000000303262	UpDownStatesTimeIntervals			UP	
31596.4224	0.29760000000169384	UpDownStatesTimeIntervals			UP	
31597.2	0.16639999999824795	UpDownStatesTimeIntervals			UP	
31598.412	0.1496000000006461	UpDownStatesTimeIntervals			UP	
31599.0096	0.1584000000002561	UpDownStatesTimeIntervals			UP	
31599.44	0.13040000000182772	UpDownStatesTimeIntervals			DOWN	
31599.5704	0.35679999999774736	UpDownStatesTimeIntervals			UP	
31601.42	0.24639999999999418	UpDownStatesTimeIntervals			UP	
31602.068	0.2584000000024389	UpDownStatesTimeIntervals			UP	
31602.5112	0.1735999999982596	UpDownStatesTimeIntervals			DOWN	
31602.6848	0.41600000000107684	UpDownStatesTimeIntervals			UP	
31603.6728	0.21199999999953434	UpDownStatesTimeIntervals			UP	
31604.4712	0.40639999999984866	UpDownStatesTimeIntervals			UP	
31607.9712	0.16960000000108266	UpDownStatesTimeIntervals			UP	
31608.1176	0.09279999999853317	RippleTimeIntervals		31608.1408		
31608.7184	0.19439999999667634	UpDownStatesTimeIntervals			UP	
31609.532	0.1320000000014261	UpDownStatesTimeIntervals			UP	
31610.0248	0.23760000000038417	UpDownStatesTimeIntervals			UP	
31610.9312	0.15760000000227592	UpDownStatesTimeIntervals			UP	
31611.4384	0.14320000000225264	UpDownStatesTimeIntervals			UP	
31612.836	0.1496000000006461	UpDownStatesTimeIntervals			UP	
31613.5264	0.19680000000153086	UpDownStatesTimeIntervals			UP	
31617.6224	0.2824000000000524	UpDownStatesTimeIntervals			UP	
31618.1848	0.22560000000157743	UpDownStatesTimeIntervals			UP	
31618.9536	0.10080000000016298	UpDownStatesTimeIntervals			UP	
31619.832	0.17439999999987776	UpDownStatesTimeIntervals			UP	
31621.3072	0.31120000000009895	UpDownStatesTimeIntervals			UP	
31622.2112	0.11199999999735155	UpDownStatesTimeIntervals			UP	
31623.5152	0.16079999999783468	UpDownStatesTimeIntervals			UP	
31624.0648	0.11200000000098953	UpDownStatesTimeIntervals			UP	
31624.7072	0.1264000000010128	UpDownStatesTimeIntervals			UP	
31625.0744	0.14479999999821302	UpDownStatesTimeIntervals			DOWN	
31625.76	0.16719999999986612	UpDownStatesTimeIntervals			UP	
31626.2648	0.25679999999920256	UpDownStatesTimeIntervals			UP	
31632.372	0.12559999999939464	UpDownStatesTimeIntervals			UP	
31633.168	0.1415999999990163	UpDownStatesTimeIntervals			UP	
31633.5376	0.2551999999996042	UpDownStatesTimeIntervals			UP	
31634.3304	0.12160000000221771	UpDownStatesTimeIntervals			UP	
31636.0608	0.13119999999980791	UpDownStatesTimeIntervals			UP	
31636.564	0.22080000000278233	UpDownStatesTimeIntervals			UP	
31637.3224	0.07839999999850988	UpDownStatesTimeIntervals			UP	
31638.0312	0.03839999999763677	RippleTimeIntervals		31638.0352		
31639.1576	0.17040000000270084	UpDownStatesTimeIntervals			UP	
31640.1176	0.1279999999969732	UpDownStatesTimeIntervals			UP	
31640.756	0.12399999999979627	UpDownStatesTimeIntervals			UP	
31642.0	19.0	SleepStates				WAKEstate
31642.7056	0.07040000000051805	RippleTimeIntervals		31642.7608		
31642.9112	0.04640000000290456	RippleTimeIntervals		31642.916		
31661.4944	0.1136000000005879	UpDownStatesTimeIntervals			UP	
31662.0	7.0	SleepStates				NREMstate
31662.1456	0.22880000000077416	UpDownStatesTimeIntervals			UP	
31663.9312	0.10399999999935972	UpDownStatesTimeIntervals			UP	
31665.0792	0.17840000000069267	UpDownStatesTimeIntervals			UP	
31667.472	0.14879999999902793	UpDownStatesTimeIntervals			UP	
31668.3448	0.11520000000018626	UpDownStatesTimeIntervals			UP	
31669.0936	0.10959999999977299	UpDownStatesTimeIntervals			UP	
31670.0	22.0	SleepStates				REMstate
31693.0	14.0	SleepStates				WAKEstate
31708.0	232.0	SleepStates				NREMstate
31708.1888	0.32479999999850406	UpDownStatesTimeIntervals			UP	
31709.1	0.2496000000028289	UpDownStatesTimeIntervals			UP	
31711.7904	0.1415999999990163	UpDownStatesTimeIntervals			UP	
31712.3944	0.0632000000005064	RippleTimeIntervals		31712.4168		
31712.4336	0.33439999999973224	UpDownStatesTimeIntervals			UP	
31713.0792	0.0632000000005064	UpDownStatesTimeIntervals			DOWN	
31714.3464	0.15120000000024447	UpDownStatesTimeIntervals			UP	
31715.2872	0.4088000000010652	UpDownStatesTimeIntervals			UP	
31715.7456	0.24560000000201399	UpDownStatesTimeIntervals			DOWN	
31717.3728	0.15120000000024447	UpDownStatesTimeIntervals			UP	
31718.1344	0.24560000000201399	UpDownStatesTimeIntervals			UP	
31718.7816	0.13040000000182772	UpDownStatesTimeIntervals			UP	
31721.724	0.14320000000225264	UpDownStatesTimeIntervals			UP	
31723.6176	0.29680000000007567	UpDownStatesTimeIntervals			UP	
31724.404	0.11679999999978463	UpDownStatesTimeIntervals			UP	
31725.0048	0.1496000000006461	UpDownStatesTimeIntervals			UP	
31726.3048	0.12879999999859137	UpDownStatesTimeIntervals			UP	
31727.064	0.13440000000264263	UpDownStatesTimeIntervals			UP	
31727.56	0.127199999998993	UpDownStatesTimeIntervals			UP	
31729.348	0.1231999999981781	UpDownStatesTimeIntervals			UP	
31732.2832	0.06159999999727006	UpDownStatesTimeIntervals			DOWN	
31732.3448	0.26560000000245054	UpDownStatesTimeIntervals			UP	
31732.944	0.04400000000168802	UpDownStatesTimeIntervals			DOWN	
31733.084	0.04080000000249129	RippleTimeIntervals		31733.124		
31733.1368	0.13839999999981956	UpDownStatesTimeIntervals			UP	
31734.98	0.16560000000026776	UpDownStatesTimeIntervals			UP	
31735.5608	0.09440000000176951	UpDownStatesTimeIntervals			UP	
31736.0408	0.03920000000289292	UpDownStatesTimeIntervals			DOWN	
31736.08	0.3359999999993306	UpDownStatesTimeIntervals			UP	
31737.1832	0.24239999999917927	UpDownStatesTimeIntervals			UP	
31738.2832	0.15759999999863794	UpDownStatesTimeIntervals			UP	
31741.9752	0.16239999999743304	UpDownStatesTimeIntervals			UP	
31742.8272	0.12080000000059954	UpDownStatesTimeIntervals			UP	
31743.5216	0.23760000000038417	UpDownStatesTimeIntervals			UP	
31745.6392	0.13599999999860302	UpDownStatesTimeIntervals			UP	
31747.504	0.14079999999739812	UpDownStatesTimeIntervals			UP	
31749.0896	0.22960000000239233	UpDownStatesTimeIntervals			UP	
31749.8272	0.16719999999986612	UpDownStatesTimeIntervals			UP	
31751.1184	0.0632000000005064	UpDownStatesTimeIntervals			DOWN	
31751.3784	0.2775999999976193	UpDownStatesTimeIntervals			UP	
31752.1456	0.11439999999856809	UpDownStatesTimeIntervals			UP	
31753.6904	0.16480000000228756	UpDownStatesTimeIntervals			UP	
31756.6624	0.13599999999860302	UpDownStatesTimeIntervals			UP	
31759.6192	0.13999999999941792	UpDownStatesTimeIntervals			UP	
31760.6568	0.13279999999940628	UpDownStatesTimeIntervals			UP	
31761.38	0.3223999999972875	UpDownStatesTimeIntervals			UP	
31762.0856	0.13760000000183936	UpDownStatesTimeIntervals			UP	
31763.5872	0.2559999999975844	UpDownStatesTimeIntervals			UP	
31764.1096	0.1088000000017928	UpDownStatesTimeIntervals			UP	
31764.8216	0.127199999998993	UpDownStatesTimeIntervals			UP	
31765.1344	0.051200000001699664	UpDownStatesTimeIntervals			DOWN	
31765.6856	0.2504000000008091	UpDownStatesTimeIntervals			UP	
31770.2312	0.1992000000027474	UpDownStatesTimeIntervals			UP	
31771.248	0.13360000000102445	UpDownStatesTimeIntervals			UP	
31772.1392	0.17679999999745633	UpDownStatesTimeIntervals			DOWN	
31772.316	0.16640000000188593	UpDownStatesTimeIntervals			UP	
31774.3152	0.12960000000020955	UpDownStatesTimeIntervals			UP	
31774.8832	0.13119999999980791	UpDownStatesTimeIntervals			UP	
31775.9424	0.13599999999860302	UpDownStatesTimeIntervals			UP	
31777.3472	0.14719999999942956	UpDownStatesTimeIntervals			UP	
31777.9144	0.12960000000020955	UpDownStatesTimeIntervals			UP	
31778.4984	0.16960000000108266	UpDownStatesTimeIntervals			UP	
31778.988	0.2536000000000058	UpDownStatesTimeIntervals			UP	
31780.4624	0.23119999999835272	UpDownStatesTimeIntervals			UP	
31781.6952	0.3120000000017171	UpDownStatesTimeIntervals			UP	
31782.6096	0.17199999999866122	UpDownStatesTimeIntervals			UP	
31784.1544	0.1496000000006461	UpDownStatesTimeIntervals			UP	
31785.104	0.14719999999942956	UpDownStatesTimeIntervals			UP	
31785.5296	0.048799999996845145	UpDownStatesTimeIntervals			DOWN	
31787.5288	0.12879999999859137	UpDownStatesTimeIntervals			UP	
31788.1424	0.2727999999988242	UpDownStatesTimeIntervals			UP	
31791.5888	0.25759999999718275	UpDownStatesTimeIntervals			UP	
31792.812	0.12639999999737483	UpDownStatesTimeIntervals			UP	
31796.62	0.1592000000018743	UpDownStatesTimeIntervals			UP	
31797.5832	0.1224000000001979	UpDownStatesTimeIntervals			UP	
31798.0392	0.12880000000222935	UpDownStatesTimeIntervals			UP	
31798.8776	0.12480000000141445	UpDownStatesTimeIntervals			UP	
31799.44	0.24639999999999418	UpDownStatesTimeIntervals			UP	
31800.2016	0.09439999999813153	UpDownStatesTimeIntervals			UP	
31801.6224	0.26640000000043074	UpDownStatesTimeIntervals			UP	
31803.1872	0.2232000000003609	UpDownStatesTimeIntervals			UP	
31803.9232	0.3096000000005006	UpDownStatesTimeIntervals			UP	
31805.284	0.20560000000114087	UpDownStatesTimeIntervals			UP	
31805.9112	0.272000000000844	UpDownStatesTimeIntervals			UP	
31807.1328	0.07040000000051805	UpDownStatesTimeIntervals			UP	
31807.7736	0.15680000000065775	UpDownStatesTimeIntervals			UP	
31808.9816	0.25600000000122236	UpDownStatesTimeIntervals			UP	
31810.1768	0.1496000000006461	UpDownStatesTimeIntervals			UP	
31810.692	0.144800000001851	UpDownStatesTimeIntervals			UP	
31811.2968	0.1455999999998312	UpDownStatesTimeIntervals			UP	
31812.7584	0.2864000000008673	UpDownStatesTimeIntervals			UP	
31813.5136	0.05920000000332948	UpDownStatesTimeIntervals			UP	
31813.9576	0.28079999999681604	UpDownStatesTimeIntervals			UP	
31814.9616	0.3504000000029919	UpDownStatesTimeIntervals			UP	
31815.6504	0.16240000000107102	UpDownStatesTimeIntervals			UP	
31815.952	0.2448000000003958	UpDownStatesTimeIntervals			DOWN	
31816.1968	0.1231999999981781	UpDownStatesTimeIntervals			UP	
31816.7704	0.13439999999900465	UpDownStatesTimeIntervals			UP	
31817.7816	0.15680000000065775	UpDownStatesTimeIntervals			UP	
31819.5392	0.16560000000026776	UpDownStatesTimeIntervals			UP	
31820.0768	0.2232000000003609	UpDownStatesTimeIntervals			DOWN	
31820.3	0.20080000000234577	UpDownStatesTimeIntervals			UP	
31820.8456	0.22160000000076252	UpDownStatesTimeIntervals			UP	
31821.6488	0.17520000000149594	UpDownStatesTimeIntervals			UP	
31822.364	0.23839999999836436	UpDownStatesTimeIntervals			UP	
31823.3704	0.13279999999940628	UpDownStatesTimeIntervals			UP	
31824.2168	0.1640000000006694	UpDownStatesTimeIntervals			UP	
31825.1072	0.13119999999980791	UpDownStatesTimeIntervals			UP	
31825.6816	0.17439999999987776	UpDownStatesTimeIntervals			UP	
31827.388	0.21919999999954598	UpDownStatesTimeIntervals			UP	
31831.6224	0.15120000000024447	UpDownStatesTimeIntervals			UP	
31832.2696	0.263200000001234	UpDownStatesTimeIntervals			UP	
31833.1272	0.12800000000061118	UpDownStatesTimeIntervals			UP	
31833.5568	0.0544000000008964	RippleTimeIntervals		31833.6016		
31835.2776	0.1735999999982596	UpDownStatesTimeIntervals			UP	
31840.7768	0.12879999999859137	UpDownStatesTimeIntervals			UP	
31845.7184	0.14400000000023283	UpDownStatesTimeIntervals			UP	
31846.2432	0.1136000000005879	UpDownStatesTimeIntervals			UP	
31846.8544	0.18720000000030268	UpDownStatesTimeIntervals			UP	
31846.9624	0.13039999999818974	RippleTimeIntervals		31846.9656		
31847.3112	0.15199999999822467	UpDownStatesTimeIntervals			UP	
31848.1688	0.3456000000005588	UpDownStatesTimeIntervals			UP	
31849.656	0.2448000000003958	UpDownStatesTimeIntervals			UP	
31852.8656	0.29680000000007567	UpDownStatesTimeIntervals			UP	
31854.6664	0.08240000000296277	RippleTimeIntervals		31854.7304		
31854.7264	0.22239999999874271	UpDownStatesTimeIntervals			UP	
31856.1896	0.254399999997986	UpDownStatesTimeIntervals			UP	
31856.6608	0.13519999999698484	UpDownStatesTimeIntervals			UP	
31858.5664	0.26080000000001746	UpDownStatesTimeIntervals			UP	
31859.3584	0.22239999999874271	UpDownStatesTimeIntervals			UP	
31860.5992	0.12800000000061118	UpDownStatesTimeIntervals			UP	
31861.6808	0.1680000000014843	UpDownStatesTimeIntervals			UP	
31863.12	0.153600000001461	UpDownStatesTimeIntervals			UP	
31865.8368	0.1591999999982363	UpDownStatesTimeIntervals			UP	
31866.636	0.2536000000000058	UpDownStatesTimeIntervals			UP	
31867.4544	0.2400000000016007	UpDownStatesTimeIntervals			UP	
31869.756	0.19279999999707798	UpDownStatesTimeIntervals			UP	
31870.7496	0.15279999999984284	UpDownStatesTimeIntervals			UP	
31871.908	0.24160000000119908	UpDownStatesTimeIntervals			UP	
31873.2128	0.1591999999982363	UpDownStatesTimeIntervals			UP	
31874.4088	0.13759999999820138	UpDownStatesTimeIntervals			UP	
31874.7728	0.2360000000007858	UpDownStatesTimeIntervals			DOWN	
31875.0088	0.21440000000075088	UpDownStatesTimeIntervals			UP	
31875.376	0.31120000000009895	UpDownStatesTimeIntervals			DOWN	
31875.6872	0.15199999999822467	UpDownStatesTimeIntervals			UP	
31876.1512	0.09519999999974971	UpDownStatesTimeIntervals			DOWN	
31876.2464	0.3456000000005588	UpDownStatesTimeIntervals			UP	
31876.7448	0.5576000000000931	UpDownStatesTimeIntervals			DOWN	
31877.7976	0.1551999999974214	UpDownStatesTimeIntervals			UP	
31878.3008	0.33359999999811407	UpDownStatesTimeIntervals			DOWN	
31878.9936	0.14879999999902793	UpDownStatesTimeIntervals			UP	
31879.672	0.2504000000008091	UpDownStatesTimeIntervals			UP	
31881.668	0.2591999999967811	UpDownStatesTimeIntervals			UP	
31883.2448	0.23440000000118744	UpDownStatesTimeIntervals			UP	
31884.5344	0.2448000000003958	UpDownStatesTimeIntervals			UP	
31885.988	0.16560000000026776	UpDownStatesTimeIntervals			UP	
31886.4368	0.17520000000149594	UpDownStatesTimeIntervals			UP	
31887.5584	0.17519999999785796	UpDownStatesTimeIntervals			UP	
31888.8376	0.1808000000019092	UpDownStatesTimeIntervals			UP	
31889.9384	0.16159999999945285	UpDownStatesTimeIntervals			UP	
31890.7304	0.3087999999988824	UpDownStatesTimeIntervals			UP	
31890.8216	0.0496000000021013	RippleTimeIntervals		31890.8504		
31891.8352	0.2639999999992142	UpDownStatesTimeIntervals			UP	
31893.7136	0.15040000000226428	UpDownStatesTimeIntervals			UP	
31896.0608	0.11920000000100117	UpDownStatesTimeIntervals			UP	
31896.5856	0.14240000000063446	UpDownStatesTimeIntervals			UP	
31897.172	0.20240000000194414	UpDownStatesTimeIntervals			UP	
31897.9952	0.27039999999760767	UpDownStatesTimeIntervals			UP	
31898.872	0.20639999999912106	UpDownStatesTimeIntervals			UP	
31899.4864	0.0864000000001397	UpDownStatesTimeIntervals			UP	
31900.0216	0.1264000000010128	UpDownStatesTimeIntervals			UP	
31902.9744	0.2760000000016589	UpDownStatesTimeIntervals			UP	
31903.8152	0.35199999999895226	UpDownStatesTimeIntervals			UP	
31903.956	0.0544000000008964	RippleTimeIntervals		31903.9616		
31904.892	0.16319999999905122	UpDownStatesTimeIntervals			UP	
31905.8216	0.25760000000082073	UpDownStatesTimeIntervals			UP	
31907.88	0.16239999999743304	UpDownStatesTimeIntervals			UP	
31908.3656	0.2536000000000058	UpDownStatesTimeIntervals			UP	
31909.5584	0.16319999999905122	UpDownStatesTimeIntervals			UP	
31909.6576	0.04160000000047148	RippleTimeIntervals		31909.6912		
31910.3368	0.16560000000026776	UpDownStatesTimeIntervals			UP	
31911.252	0.227999999999156	UpDownStatesTimeIntervals			UP	
31912.1904	0.15040000000226428	UpDownStatesTimeIntervals			UP	
31913.012	0.11920000000100117	UpDownStatesTimeIntervals			UP	
31913.3488	0.2959999999984575	UpDownStatesTimeIntervals			UP	
31915.9192	0.13439999999900465	UpDownStatesTimeIntervals			UP	
31916.6632	0.10720000000219443	UpDownStatesTimeIntervals			DOWN	
31916.7704	0.3959999999970023	UpDownStatesTimeIntervals			UP	
31917.2184	0.36639999999897555	UpDownStatesTimeIntervals			DOWN	
31918.4856	0.16719999999986612	UpDownStatesTimeIntervals			UP	
31920.3192	0.34399999999732245	UpDownStatesTimeIntervals			UP	
31921.048	0.136000000002241	UpDownStatesTimeIntervals			UP	
31922.248	0.2504000000008091	UpDownStatesTimeIntervals			UP	
31922.6864	0.24880000000121072	UpDownStatesTimeIntervals			UP	
31923.656	0.25600000000122236	UpDownStatesTimeIntervals			UP	
31925.24	0.21599999999671127	UpDownStatesTimeIntervals			UP	
31925.888	0.21440000000075088	UpDownStatesTimeIntervals			UP	
31927.012	0.1592000000018743	UpDownStatesTimeIntervals			UP	
31927.5264	0.1959999999999127	UpDownStatesTimeIntervals			UP	
31931.604	0.272000000000844	UpDownStatesTimeIntervals			UP	
31932.0704	0.1584000000002561	UpDownStatesTimeIntervals			DOWN	
31932.3416	0.18879999999990105	UpDownStatesTimeIntervals			UP	
31933.068	0.24320000000079744	UpDownStatesTimeIntervals			UP	
31934.3032	0.2504000000008091	UpDownStatesTimeIntervals			UP	
31935.0904	0.22719999999753782	UpDownStatesTimeIntervals			UP	
31937.7216	0.17919999999867287	UpDownStatesTimeIntervals			UP	
31939.4528	0.24799999999959255	UpDownStatesTimeIntervals			UP	
31941.0	10.0	SleepStates				WAKEstate
31952.0	691.0	SleepStates				NREMstate
31952.7008	0.24400000000241562	UpDownStatesTimeIntervals			UP	
31953.9736	0.127199999998993	UpDownStatesTimeIntervals			UP	
31957.2856	0.24799999999959255	UpDownStatesTimeIntervals			UP	
31958.2936	0.12559999999939464	UpDownStatesTimeIntervals			UP	
31959.5128	0.1415999999990163	UpDownStatesTimeIntervals			UP	
31961.0192	0.1455999999998312	UpDownStatesTimeIntervals			UP	
31961.9136	0.1408000000010361	UpDownStatesTimeIntervals			UP	
31963.5344	0.13919999999779975	UpDownStatesTimeIntervals			UP	
31963.9736	0.13520000000062282	UpDownStatesTimeIntervals			DOWN	
31964.1088	0.13599999999860302	UpDownStatesTimeIntervals			UP	
31965.1952	0.15680000000065775	UpDownStatesTimeIntervals			UP	
31966.2232	0.23119999999835272	UpDownStatesTimeIntervals			UP	
31966.6896	0.20239999999830616	UpDownStatesTimeIntervals			UP	
31967.4576	0.38959999999860884	UpDownStatesTimeIntervals			UP	
31968.2784	0.144800000001851	UpDownStatesTimeIntervals			UP	
31968.8704	0.05679999999847496	RippleTimeIntervals		31968.9184		
31968.9384	0.2904000000016822	UpDownStatesTimeIntervals			UP	
31970.0656	0.20319999999992433	UpDownStatesTimeIntervals			UP	
31970.496	0.0856000000021595	RippleTimeIntervals		31970.5808		
31970.7552	0.09200000000055297	UpDownStatesTimeIntervals			UP	
31971.5416	0.1224000000001979	UpDownStatesTimeIntervals			UP	
31971.9016	0.10800000000017462	UpDownStatesTimeIntervals			DOWN	
31972.0096	0.18720000000030268	UpDownStatesTimeIntervals			UP	
31972.6152	0.12559999999939464	UpDownStatesTimeIntervals			UP	
31972.9856	0.24399999999877764	UpDownStatesTimeIntervals			UP	
31973.5352	0.0632000000005064	UpDownStatesTimeIntervals			DOWN	
31973.9304	0.15199999999822467	UpDownStatesTimeIntervals			UP	
31975.6856	0.16560000000026776	UpDownStatesTimeIntervals			UP	
31976.8696	0.3143999999992957	UpDownStatesTimeIntervals			UP	
31977.8792	0.16640000000188593	UpDownStatesTimeIntervals			UP	
31979.0576	0.19440000000031432	UpDownStatesTimeIntervals			UP	
31979.6456	0.13279999999940628	UpDownStatesTimeIntervals			UP	
31980.452	0.14799999999740976	UpDownStatesTimeIntervals			UP	
31980.6816	0.29279999999926076	UpDownStatesTimeIntervals			DOWN	
31980.9744	0.21919999999954598	UpDownStatesTimeIntervals			UP	
31981.496	0.11520000000018626	UpDownStatesTimeIntervals			DOWN	
31981.6112	0.15520000000105938	UpDownStatesTimeIntervals			UP	
31982.4464	0.20239999999830616	UpDownStatesTimeIntervals			UP	
31983.2736	0.23519999999916763	UpDownStatesTimeIntervals			UP	
31988.4392	0.16960000000108266	UpDownStatesTimeIntervals			UP	
31988.8472	0.048800000000483124	RippleTimeIntervals		31988.856		
31988.9872	0.17439999999987776	UpDownStatesTimeIntervals			UP	
31989.524	0.1543999999994412	UpDownStatesTimeIntervals			UP	
31991.9248	0.23439999999754946	UpDownStatesTimeIntervals			UP	
31993.8848	0.14240000000063446	UpDownStatesTimeIntervals			UP	
31994.536	0.1408000000010361	UpDownStatesTimeIntervals			UP	
31995.3424	0.20239999999830616	UpDownStatesTimeIntervals			UP	
32003.176	0.1543999999994412	UpDownStatesTimeIntervals			UP	
32003.7504	0.17919999999867287	UpDownStatesTimeIntervals			DOWN	
32003.9296	0.16319999999905122	UpDownStatesTimeIntervals			UP	
32004.048	0.03280000000086147	RippleTimeIntervals		32004.0528		
32005.4816	0.2128000000011525	UpDownStatesTimeIntervals			UP	
32006.4744	0.2736000000004424	UpDownStatesTimeIntervals			UP	
32007.672	0.26560000000245054	UpDownStatesTimeIntervals			UP	
32009.4992	0.12960000000020955	UpDownStatesTimeIntervals			UP	
32010.536	0.13839999999981956	UpDownStatesTimeIntervals			UP	
32012.0216	0.23119999999835272	UpDownStatesTimeIntervals			UP	
32012.5808	0.17120000000068103	UpDownStatesTimeIntervals			UP	
32013.7912	0.3503999999993539	UpDownStatesTimeIntervals			UP	
32016.684	0.20160000000032596	UpDownStatesTimeIntervals			UP	
32017.996	0.263200000001234	UpDownStatesTimeIntervals			UP	
32019.7656	0.14800000000104774	UpDownStatesTimeIntervals			UP	
32020.352	0.127200000002631	UpDownStatesTimeIntervals			UP	
32022.0712	0.24240000000281725	UpDownStatesTimeIntervals			UP	
32022.98	0.1415999999990163	UpDownStatesTimeIntervals			UP	
32027.2344	0.30319999999846914	UpDownStatesTimeIntervals			UP	
32029.0256	0.14719999999942956	UpDownStatesTimeIntervals			UP	
32029.6472	0.1264000000010128	UpDownStatesTimeIntervals			UP	
32030.6168	0.153600000001461	UpDownStatesTimeIntervals			UP	
32030.7336	0.042400000002089655	RippleTimeIntervals		32030.7352		
32033.1008	0.22399999999834108	UpDownStatesTimeIntervals			UP	
32033.8824	0.1720000000022992	UpDownStatesTimeIntervals			UP	
32034.6	0.25520000000324217	UpDownStatesTimeIntervals			UP	
32039.1512	0.1455999999998312	UpDownStatesTimeIntervals			UP	
32039.3944	0.22479999999995925	UpDownStatesTimeIntervals			DOWN	
32039.6192	0.27039999999760767	UpDownStatesTimeIntervals			UP	
32040.5648	0.14879999999902793	UpDownStatesTimeIntervals			UP	
32041.224	0.14800000000104774	UpDownStatesTimeIntervals			UP	
32042.24	0.19999999999708962	UpDownStatesTimeIntervals			UP	
32044.3632	0.1503999999986263	UpDownStatesTimeIntervals			UP	
32045.5936	0.254400000001624	UpDownStatesTimeIntervals			UP	
32046.2424	0.22000000000116415	UpDownStatesTimeIntervals			UP	
32047.3408	0.1455999999998312	UpDownStatesTimeIntervals			UP	
32049.2776	0.048800000000483124	RippleTimeIntervals		32049.3208		
32049.3952	0.144800000001851	UpDownStatesTimeIntervals			UP	
32049.4872	0.053599999999278225	RippleTimeIntervals		32049.504		
32049.9552	0.08880000000135624	UpDownStatesTimeIntervals			UP	
32050.412	0.03280000000086147	RippleTimeIntervals		32050.424		
32052.3376	0.2360000000007858	UpDownStatesTimeIntervals			UP	
32053.7136	0.15040000000226428	UpDownStatesTimeIntervals			UP	
32054.368	0.11679999999978463	UpDownStatesTimeIntervals			UP	
32054.912	0.14800000000104774	UpDownStatesTimeIntervals			UP	
32058.3752	0.20560000000114087	UpDownStatesTimeIntervals			UP	
32059.3944	0.048800000000483124	UpDownStatesTimeIntervals			DOWN	
32059.4432	0.17119999999704305	UpDownStatesTimeIntervals			UP	
32059.892	0.2639999999992142	UpDownStatesTimeIntervals			UP	
32060.6976	0.16480000000228756	UpDownStatesTimeIntervals			UP	
32061.5144	0.28320000000167056	UpDownStatesTimeIntervals			UP	
32062.2704	0.245599999998376	UpDownStatesTimeIntervals			UP	
32062.3608	0.06960000000253785	RippleTimeIntervals		32062.3792		
32063.3224	0.18399999999746797	UpDownStatesTimeIntervals			UP	
32063.708	0.11040000000139116	RippleTimeIntervals		32063.712		
32064.0888	0.09679999999934807	UpDownStatesTimeIntervals			DOWN	
32064.3208	0.16159999999945285	UpDownStatesTimeIntervals			UP	
32064.6032	0.07519999999931315	UpDownStatesTimeIntervals			DOWN	
32064.8496	0.11199999999735155	UpDownStatesTimeIntervals			UP	
32065.1944	0.236799999998766	UpDownStatesTimeIntervals			DOWN	
32065.4312	0.2536000000000058	UpDownStatesTimeIntervals			UP	
32066.5336	0.17120000000068103	UpDownStatesTimeIntervals			UP	
32067.5584	0.19839999999749125	UpDownStatesTimeIntervals			UP	
32068.868	0.17760000000271248	UpDownStatesTimeIntervals			UP	
32070.2048	0.27119999999922584	UpDownStatesTimeIntervals			UP	
32071.1272	0.18640000000232249	UpDownStatesTimeIntervals			UP	
32072.3104	0.12000000000261934	UpDownStatesTimeIntervals			UP	
32073.1784	0.26159999999799766	UpDownStatesTimeIntervals			UP	
32073.7304	0.10559999999895808	UpDownStatesTimeIntervals			UP	
32074.0616	0.3231999999989057	UpDownStatesTimeIntervals			UP	
32075.2904	0.1687999999994645	UpDownStatesTimeIntervals			UP	
32076.64	0.19280000000071595	UpDownStatesTimeIntervals			UP	
32077.4096	0.22560000000157743	UpDownStatesTimeIntervals			UP	
32078.1256	0.29760000000169384	UpDownStatesTimeIntervals			UP	
32078.8496	0.13999999999941792	UpDownStatesTimeIntervals			DOWN	
32078.9896	0.30719999999928405	UpDownStatesTimeIntervals			UP	
32079.6088	0.17519999999785796	UpDownStatesTimeIntervals			UP	
32079.7552	0.06079999999928987	RippleTimeIntervals		32079.7928		
32079.976	0.21440000000075088	UpDownStatesTimeIntervals			DOWN	
32080.608	0.2272000000011758	UpDownStatesTimeIntervals			UP	
32082.3984	0.19680000000153086	UpDownStatesTimeIntervals			UP	
32083.1016	0.1735999999982596	UpDownStatesTimeIntervals			UP	
32084.9472	0.24639999999999418	UpDownStatesTimeIntervals			UP	
32086.1936	0.16480000000228756	UpDownStatesTimeIntervals			UP	
32087.9288	0.227999999999156	UpDownStatesTimeIntervals			UP	
32089.0984	0.16240000000107102	UpDownStatesTimeIntervals			UP	
32089.5616	0.09519999999974971	UpDownStatesTimeIntervals			DOWN	
32089.6568	0.27520000000004075	UpDownStatesTimeIntervals			UP	
32089.776	0.06319999999686843	RippleTimeIntervals		32089.7832		
32090.26	0.11520000000018626	UpDownStatesTimeIntervals			DOWN	
32090.3752	0.16160000000309083	UpDownStatesTimeIntervals			UP	
32090.492	0.06640000000334112	RippleTimeIntervals		32090.5024		
32090.7872	0.09840000000258442	UpDownStatesTimeIntervals			DOWN	
32090.8856	0.13759999999820138	UpDownStatesTimeIntervals			UP	
32091.7504	0.26080000000001746	UpDownStatesTimeIntervals			UP	
32092.5136	0.2584000000024389	UpDownStatesTimeIntervals			UP	
32093.4016	0.04799999999886495	UpDownStatesTimeIntervals			DOWN	
32094.2176	0.07359999999971478	UpDownStatesTimeIntervals			DOWN	
32094.6416	0.2040000000015425	UpDownStatesTimeIntervals			UP	
32095.4312	0.13760000000183936	UpDownStatesTimeIntervals			UP	
32096.0952	0.1728000000002794	UpDownStatesTimeIntervals			UP	
32096.6232	0.2599999999983993	UpDownStatesTimeIntervals			UP	
32098.5792	0.13279999999940628	UpDownStatesTimeIntervals			UP	
32099.1848	0.11040000000139116	UpDownStatesTimeIntervals			UP	
32099.676	0.15279999999984284	UpDownStatesTimeIntervals			UP	
32100.5816	0.24879999999757274	UpDownStatesTimeIntervals			UP	
32101.548	0.29360000000087894	UpDownStatesTimeIntervals			DOWN	
32102.1416	0.26239999999961583	UpDownStatesTimeIntervals			UP	
32105.5192	0.1368000000002212	UpDownStatesTimeIntervals			UP	
32106.392	0.29200000000128057	UpDownStatesTimeIntervals			UP	
32107.0272	0.17919999999867287	UpDownStatesTimeIntervals			UP	
32107.5424	0.1640000000006694	UpDownStatesTimeIntervals			UP	
32109.064	0.20560000000114087	UpDownStatesTimeIntervals			UP	
32110.464	0.15520000000105938	UpDownStatesTimeIntervals			UP	
32112.3088	0.12320000000181608	UpDownStatesTimeIntervals			UP	
32112.8144	0.18640000000232249	UpDownStatesTimeIntervals			UP	
32114.1328	0.18720000000030268	UpDownStatesTimeIntervals			UP	
32115.4032	0.1408000000010361	UpDownStatesTimeIntervals			UP	
32116.2984	0.2824000000000524	UpDownStatesTimeIntervals			UP	
32116.8896	0.0496000000021013	RippleTimeIntervals		32116.9344		
32117.2776	0.031199999997625127	UpDownStatesTimeIntervals			UP	
32117.62	0.26640000000043074	UpDownStatesTimeIntervals			UP	
32118.0392	0.4007999999994354	UpDownStatesTimeIntervals			DOWN	
32118.44	0.16880000000310247	UpDownStatesTimeIntervals			UP	
32120.5992	0.06079999999928987	UpDownStatesTimeIntervals			UP	
32120.7984	0.1912000000011176	UpDownStatesTimeIntervals			DOWN	
32120.9896	0.27119999999922584	UpDownStatesTimeIntervals			UP	
32124.7544	0.14479999999821302	UpDownStatesTimeIntervals			UP	
32125.3584	0.1687999999994645	UpDownStatesTimeIntervals			UP	
32126.2936	0.2175999999999476	UpDownStatesTimeIntervals			UP	
32126.38	0.044799999999668216	RippleTimeIntervals		32126.4072		
32127.2768	0.16319999999905122	UpDownStatesTimeIntervals			UP	
32128.7056	0.27999999999883585	UpDownStatesTimeIntervals			UP	
32129.188	0.3864000000030501	UpDownStatesTimeIntervals			DOWN	
32129.5744	0.1503999999986263	UpDownStatesTimeIntervals			UP	
32130.848	0.21919999999954598	UpDownStatesTimeIntervals			UP	
32132.316	0.24160000000119908	UpDownStatesTimeIntervals			UP	
32132.8856	0.16639999999824795	UpDownStatesTimeIntervals			UP	
32133.9608	0.17039999999906286	UpDownStatesTimeIntervals			UP	
32135.104	0.2504000000008091	UpDownStatesTimeIntervals			UP	
32135.2336	0.05760000000009313	RippleTimeIntervals		32135.2816		
32136.984	0.19359999999869615	UpDownStatesTimeIntervals			UP	
32139.6016	0.16479999999864958	UpDownStatesTimeIntervals			UP	
32141.6048	0.1319999999977881	UpDownStatesTimeIntervals			UP	
32142.364	0.04320000000006985	RippleTimeIntervals		32142.3808		
32142.9656	0.15279999999984284	UpDownStatesTimeIntervals			UP	
32143.6968	0.23999999999796273	UpDownStatesTimeIntervals			UP	
32144.0	0.24399999999877764	UpDownStatesTimeIntervals			DOWN	
32144.244	0.16080000000147265	UpDownStatesTimeIntervals			UP	
32145.2344	0.37440000000060536	UpDownStatesTimeIntervals			UP	
32146.3992	0.14319999999861466	UpDownStatesTimeIntervals			UP	
32146.9184	0.09680000000298605	UpDownStatesTimeIntervals			UP	
32147.464	0.16639999999824795	UpDownStatesTimeIntervals			UP	
32148.5496	0.13360000000102445	UpDownStatesTimeIntervals			UP	
32149.508	0.14959999999700813	UpDownStatesTimeIntervals			UP	
32150.0368	0.06159999999727006	UpDownStatesTimeIntervals			DOWN	
32150.2184	0.2599999999983993	UpDownStatesTimeIntervals			UP	
32152.0872	0.30399999999644933	UpDownStatesTimeIntervals			UP	
32152.7032	0.4815999999991618	UpDownStatesTimeIntervals			UP	
32153.6688	0.14400000000023283	UpDownStatesTimeIntervals			UP	
32154.004	0.2687999999980093	UpDownStatesTimeIntervals			DOWN	
32154.4176	0.1415999999990163	UpDownStatesTimeIntervals			UP	
32154.8208	0.3407999999981257	UpDownStatesTimeIntervals			DOWN	
32155.1616	0.1496000000006461	UpDownStatesTimeIntervals			UP	
32155.9576	0.1543999999994412	UpDownStatesTimeIntervals			UP	
32156.7128	0.2503999999971711	UpDownStatesTimeIntervals			UP	
32157.3976	0.26719999999841093	UpDownStatesTimeIntervals			UP	
32158.288	0.17439999999987776	UpDownStatesTimeIntervals			UP	
32159.144	0.13759999999820138	UpDownStatesTimeIntervals			UP	
32159.9536	0.13839999999981956	UpDownStatesTimeIntervals			UP	
32161.4008	0.1543999999994412	UpDownStatesTimeIntervals			UP	
32165.9104	0.23839999999836436	UpDownStatesTimeIntervals			UP	
32166.9992	0.15760000000227592	UpDownStatesTimeIntervals			UP	
32168.4864	0.25279999999838765	UpDownStatesTimeIntervals			UP	
32169.1264	0.1319999999977881	UpDownStatesTimeIntervals			UP	
32169.1472	0.0319999999992433	RippleTimeIntervals		32169.1584		
32170.108	0.16080000000147265	UpDownStatesTimeIntervals			UP	
32173.1872	0.06720000000132131	RippleTimeIntervals		32173.2392		
32176.4064	0.17439999999987776	UpDownStatesTimeIntervals			UP	
32177.3944	0.29359999999724096	UpDownStatesTimeIntervals			UP	
32180.2688	0.23119999999835272	UpDownStatesTimeIntervals			UP	
32180.3512	0.05279999999766005	RippleTimeIntervals		32180.3872		
32181.2904	0.30319999999846914	UpDownStatesTimeIntervals			UP	
32182.0688	0.03600000000005821	UpDownStatesTimeIntervals			DOWN	
32182.1048	0.1591999999982363	UpDownStatesTimeIntervals			UP	
32182.9864	0.1639999999970314	UpDownStatesTimeIntervals			UP	
32183.596	0.3271999999997206	UpDownStatesTimeIntervals			UP	
32184.6432	0.18400000000110595	UpDownStatesTimeIntervals			UP	
32185.552	0.3400000000001455	UpDownStatesTimeIntervals			UP	
32186.456	0.1592000000018743	UpDownStatesTimeIntervals			UP	
32187.404	0.22639999999955762	UpDownStatesTimeIntervals			UP	
32188.0056	0.22079999999914435	UpDownStatesTimeIntervals			DOWN	
32188.7176	0.13360000000102445	UpDownStatesTimeIntervals			UP	
32189.216	0.28800000000046566	UpDownStatesTimeIntervals			UP	
32191.5736	0.21519999999873107	UpDownStatesTimeIntervals			UP	
32192.204	0.2639999999992142	UpDownStatesTimeIntervals			UP	
32192.828	0.34399999999732245	UpDownStatesTimeIntervals			DOWN	
32193.172	0.2728000000024622	UpDownStatesTimeIntervals			UP	
32196.0392	0.23760000000038417	UpDownStatesTimeIntervals			UP	
32196.32	0.5312000000012631	UpDownStatesTimeIntervals			DOWN	
32197.0744	0.13519999999698484	UpDownStatesTimeIntervals			UP	
32198.32	0.13839999999981956	UpDownStatesTimeIntervals			UP	
32198.7968	0.040000000000873115	UpDownStatesTimeIntervals			DOWN	
32198.8368	0.18720000000030268	UpDownStatesTimeIntervals			UP	
32199.3264	0.02479999999923166	UpDownStatesTimeIntervals			DOWN	
32199.4656	0.2040000000015425	UpDownStatesTimeIntervals			UP	
32200.3184	0.23040000000037253	UpDownStatesTimeIntervals			UP	
32200.7792	0.14479999999821302	UpDownStatesTimeIntervals			UP	
32201.4704	0.2584000000024389	UpDownStatesTimeIntervals			UP	
32202.0376	0.1264000000010128	UpDownStatesTimeIntervals			UP	
32202.9	0.16799999999784632	UpDownStatesTimeIntervals			UP	
32204.96	0.12480000000141445	UpDownStatesTimeIntervals			UP	
32205.4256	0.13040000000182772	UpDownStatesTimeIntervals			UP	
32206.204	0.10800000000017462	UpDownStatesTimeIntervals			DOWN	
32206.6944	0.1415999999990163	UpDownStatesTimeIntervals			UP	
32207.1776	0.23760000000038417	UpDownStatesTimeIntervals			UP	
32207.9408	0.1680000000014843	UpDownStatesTimeIntervals			UP	
32216.4392	0.15759999999863794	UpDownStatesTimeIntervals			UP	
32217.1808	0.16000000000349246	UpDownStatesTimeIntervals			UP	
32218.3776	0.14800000000104774	UpDownStatesTimeIntervals			UP	
32219.0616	0.17120000000068103	UpDownStatesTimeIntervals			UP	
32219.9392	0.21679999999832944	UpDownStatesTimeIntervals			UP	
32220.5192	0.15040000000226428	UpDownStatesTimeIntervals			UP	
32221.2832	0.09519999999974971	UpDownStatesTimeIntervals			DOWN	
32221.3784	0.33439999999973224	UpDownStatesTimeIntervals			UP	
32222.0832	0.11679999999978463	UpDownStatesTimeIntervals			UP	
32222.6632	0.21680000000196742	UpDownStatesTimeIntervals			UP	
32223.1624	0.20239999999830616	UpDownStatesTimeIntervals			UP	
32224.9536	0.21679999999832944	UpDownStatesTimeIntervals			UP	
32225.7936	0.2360000000007858	UpDownStatesTimeIntervals			UP	
32226.7688	0.1231999999981781	UpDownStatesTimeIntervals			UP	
32228.2528	0.12480000000141445	UpDownStatesTimeIntervals			UP	
32228.3456	0.08320000000094296	RippleTimeIntervals		32228.3504		
32229.0592	0.3735999999989872	UpDownStatesTimeIntervals			UP	
32230.1656	0.18000000000029104	UpDownStatesTimeIntervals			UP	
32233.3952	0.2504000000008091	UpDownStatesTimeIntervals			UP	
32234.5112	0.2551999999996042	UpDownStatesTimeIntervals			UP	
32236.632	0.2735999999968044	UpDownStatesTimeIntervals			UP	
32238.0704	0.23040000000037253	UpDownStatesTimeIntervals			UP	
32239.1624	0.19919999999910942	UpDownStatesTimeIntervals			UP	
32239.9152	0.22239999999874271	UpDownStatesTimeIntervals			UP	
32243.5616	0.14400000000023283	UpDownStatesTimeIntervals			UP	
32244.3832	0.11679999999978463	UpDownStatesTimeIntervals			UP	
32244.9808	0.19679999999789288	UpDownStatesTimeIntervals			UP	
32245.06	0.05760000000009313	RippleTimeIntervals		32245.1		
32246.56	0.12399999999979627	UpDownStatesTimeIntervals			UP	
32246.9384	0.26560000000245054	UpDownStatesTimeIntervals			UP	
32247.7992	0.14959999999700813	UpDownStatesTimeIntervals			UP	
32252.8728	0.1455999999998312	UpDownStatesTimeIntervals			UP	
32253.9592	0.14240000000063446	UpDownStatesTimeIntervals			UP	
32254.3304	0.07600000000093132	UpDownStatesTimeIntervals			DOWN	
32254.4064	0.26080000000001746	UpDownStatesTimeIntervals			UP	
32255.0456	0.15359999999782303	UpDownStatesTimeIntervals			UP	
32255.6352	0.24239999999917927	UpDownStatesTimeIntervals			DOWN	
32255.8776	0.14800000000104774	UpDownStatesTimeIntervals			UP	
32256.5888	0.05679999999847496	UpDownStatesTimeIntervals			DOWN	
32256.6456	0.12879999999859137	UpDownStatesTimeIntervals			UP	
32257.62	0.13360000000102445	UpDownStatesTimeIntervals			UP	
32258.1352	0.2128000000011525	UpDownStatesTimeIntervals			UP	
32260.3728	0.19839999999749125	UpDownStatesTimeIntervals			UP	
32261.828	0.1591999999982363	UpDownStatesTimeIntervals			UP	
32262.708	0.14320000000225264	UpDownStatesTimeIntervals			UP	
32263.432	0.11599999999816646	UpDownStatesTimeIntervals			UP	
32264.7224	0.06400000000212458	RippleTimeIntervals		32264.7432		
32264.9784	0.15599999999903957	UpDownStatesTimeIntervals			UP	
32265.932	0.2743999999984226	UpDownStatesTimeIntervals			UP	
32266.4744	0.1368000000002212	UpDownStatesTimeIntervals			UP	
32267.4576	0.16799999999784632	UpDownStatesTimeIntervals			UP	
32268.1624	0.2503999999971711	UpDownStatesTimeIntervals			UP	
32268.7952	0.16799999999784632	UpDownStatesTimeIntervals			UP	
32269.2728	0.1488000000026659	UpDownStatesTimeIntervals			UP	
32271.388	0.2495999999991909	UpDownStatesTimeIntervals			UP	
32274.4256	0.1584000000002561	UpDownStatesTimeIntervals			UP	
32274.932	0.26559999999881256	UpDownStatesTimeIntervals			UP	
32276.0488	0.23040000000037253	UpDownStatesTimeIntervals			UP	
32276.7584	0.28880000000208383	UpDownStatesTimeIntervals			UP	
32279.152	0.1808000000019092	UpDownStatesTimeIntervals			UP	
32279.6504	0.35120000000097207	UpDownStatesTimeIntervals			DOWN	
32280.46	0.1687999999994645	UpDownStatesTimeIntervals			UP	
32282.6184	0.22880000000077416	UpDownStatesTimeIntervals			UP	
32283.9408	0.15120000000024447	UpDownStatesTimeIntervals			UP	
32284.6816	0.144800000001851	UpDownStatesTimeIntervals			UP	
32285.1152	0.22639999999955762	UpDownStatesTimeIntervals			UP	
32285.7832	0.22639999999955762	UpDownStatesTimeIntervals			UP	
32286.8288	0.20560000000114087	UpDownStatesTimeIntervals			UP	
32287.8312	0.1408000000010361	UpDownStatesTimeIntervals			UP	
32289.0256	0.13999999999941792	UpDownStatesTimeIntervals			UP	
32289.6112	0.26959999999962747	UpDownStatesTimeIntervals			UP	
32290.7616	0.2536000000000058	UpDownStatesTimeIntervals			UP	
32291.3064	0.14400000000023283	UpDownStatesTimeIntervals			UP	
32291.7872	0.1128000000026077	UpDownStatesTimeIntervals			UP	
32292.4856	0.1591999999982363	UpDownStatesTimeIntervals			UP	
32292.6056	0.04800000000250293	RippleTimeIntervals		32292.644		
32293.3976	0.3271999999997206	UpDownStatesTimeIntervals			UP	
32293.8304	0.35120000000097207	UpDownStatesTimeIntervals			DOWN	
32294.1816	0.2319999999999709	UpDownStatesTimeIntervals			UP	
32295.6056	0.1176000000014028	RippleTimeIntervals		32295.6104		
32297.252	0.1463999999978114	UpDownStatesTimeIntervals			UP	
32299.2896	0.1415999999990163	UpDownStatesTimeIntervals			UP	
32302.608	0.13279999999940628	UpDownStatesTimeIntervals			UP	
32303.8048	0.24239999999917927	UpDownStatesTimeIntervals			UP	
32305.644	0.15520000000105938	UpDownStatesTimeIntervals			UP	
32306.656	0.0632000000005064	RippleTimeIntervals		32306.668		
32308.2424	0.1592000000018743	UpDownStatesTimeIntervals			UP	
32308.748	0.13119999999980791	UpDownStatesTimeIntervals			UP	
32309.7536	0.13999999999941792	UpDownStatesTimeIntervals			UP	
32310.2768	0.153600000001461	UpDownStatesTimeIntervals			UP	
32311.6504	0.144800000001851	UpDownStatesTimeIntervals			UP	
32312.1288	0.25200000000040745	UpDownStatesTimeIntervals			UP	
32313.0312	0.16239999999743304	UpDownStatesTimeIntervals			UP	
32313.1808	0.06960000000253785	RippleTimeIntervals		32313.184		
32314.1584	0.21679999999832944	UpDownStatesTimeIntervals			UP	
32314.6832	0.12960000000020955	UpDownStatesTimeIntervals			DOWN	
32314.8128	0.2760000000016589	UpDownStatesTimeIntervals			UP	
32318.8832	0.1496000000006461	UpDownStatesTimeIntervals			UP	
32319.6568	0.09519999999974971	UpDownStatesTimeIntervals			DOWN	
32319.752	0.11599999999816646	UpDownStatesTimeIntervals			UP	
32320.2528	0.15760000000227592	UpDownStatesTimeIntervals			UP	
32320.9752	0.263199999997596	UpDownStatesTimeIntervals			UP	
32322.244	0.22560000000157743	UpDownStatesTimeIntervals			UP	
32323.008	0.21279999999751453	UpDownStatesTimeIntervals			UP	
32323.5496	0.24560000000201399	UpDownStatesTimeIntervals			UP	
32324.9688	0.153600000001461	UpDownStatesTimeIntervals			UP	
32325.6712	0.15680000000065775	UpDownStatesTimeIntervals			UP	
32325.8552	0.05439999999725842	RippleTimeIntervals		32325.8904		
32326.7104	0.16319999999905122	UpDownStatesTimeIntervals			UP	
32327.2712	0.19360000000233413	UpDownStatesTimeIntervals			DOWN	
32327.4648	0.2775999999976193	UpDownStatesTimeIntervals			UP	
32328.0392	0.20560000000114087	UpDownStatesTimeIntervals			UP	
32329.316	0.2528000000020256	UpDownStatesTimeIntervals			UP	
32330.356	0.1680000000014843	UpDownStatesTimeIntervals			UP	
32331.4568	0.17120000000068103	UpDownStatesTimeIntervals			UP	
32332.3136	0.3175999999984924	UpDownStatesTimeIntervals			UP	
32332.9656	0.26480000000083237	UpDownStatesTimeIntervals			UP	
32333.9576	0.24879999999757274	UpDownStatesTimeIntervals			UP	
32334.8024	0.36560000000099535	UpDownStatesTimeIntervals			UP	
32336.0912	0.19280000000071595	UpDownStatesTimeIntervals			UP	
32336.5832	0.1463999999978114	UpDownStatesTimeIntervals			UP	
32338.524	0.13119999999980791	UpDownStatesTimeIntervals			UP	
32339.4088	0.14479999999821302	UpDownStatesTimeIntervals			UP	
32342.6272	0.15200000000186265	UpDownStatesTimeIntervals			UP	
32343.2704	0.2639999999992142	UpDownStatesTimeIntervals			UP	
32344.0096	0.1639999999970314	UpDownStatesTimeIntervals			DOWN	
32344.1736	0.10960000000341097	UpDownStatesTimeIntervals			UP	
32344.396	0.07040000000051805	RippleTimeIntervals		32344.4528		
32344.5792	0.23919999999998254	UpDownStatesTimeIntervals			UP	
32350.28	0.1176000000014028	UpDownStatesTimeIntervals			UP	
32350.9704	0.6904000000031374	UpDownStatesTimeIntervals			UP	
32352.0624	0.18319999999948777	UpDownStatesTimeIntervals			UP	
32352.4736	0.3456000000005588	UpDownStatesTimeIntervals			DOWN	
32353.1824	0.23039999999673455	UpDownStatesTimeIntervals			UP	
32354.0808	0.32080000000132713	UpDownStatesTimeIntervals			DOWN	
32354.5984	0.15999999999985448	UpDownStatesTimeIntervals			UP	
32358.108	0.13999999999941792	UpDownStatesTimeIntervals			UP	
32359.096	0.15199999999822467	UpDownStatesTimeIntervals			UP	
32359.7312	0.2496000000028289	UpDownStatesTimeIntervals			UP	
32361.2	0.15520000000105938	UpDownStatesTimeIntervals			UP	
32361.816	0.11440000000220607	UpDownStatesTimeIntervals			UP	
32362.3784	0.1584000000002561	UpDownStatesTimeIntervals			UP	
32363.692	0.2672000000020489	UpDownStatesTimeIntervals			UP	
32366.4368	0.136000000002241	UpDownStatesTimeIntervals			UP	
32367.156	0.25600000000122236	UpDownStatesTimeIntervals			UP	
32367.8016	0.24240000000281725	UpDownStatesTimeIntervals			UP	
32368.2496	0.08079999999972642	UpDownStatesTimeIntervals			DOWN	
32368.3304	0.15520000000105938	UpDownStatesTimeIntervals			UP	
32369.0496	0.2736000000004424	UpDownStatesTimeIntervals			UP	
32369.7696	0.11679999999978463	UpDownStatesTimeIntervals			UP	
32370.2088	0.2511999999987893	UpDownStatesTimeIntervals			UP	
32370.824	0.49120000000039	UpDownStatesTimeIntervals			UP	
32372.4408	0.1863999999986845	UpDownStatesTimeIntervals			UP	
32373.1592	0.21360000000277068	UpDownStatesTimeIntervals			UP	
32373.9	0.16239999999743304	UpDownStatesTimeIntervals			UP	
32380.1024	0.14240000000063446	UpDownStatesTimeIntervals			UP	
32381.1264	0.1503999999986263	UpDownStatesTimeIntervals			UP	
32381.636	0.12480000000141445	UpDownStatesTimeIntervals			UP	
32382.7184	0.05519999999887659	UpDownStatesTimeIntervals			DOWN	
32382.7736	0.25200000000040745	UpDownStatesTimeIntervals			UP	
32382.9664	0.07439999999769498	RippleTimeIntervals		32382.9768		
32383.7272	0.10719999999855645	UpDownStatesTimeIntervals			UP	
32384.22	0.19279999999707798	UpDownStatesTimeIntervals			UP	
32387.396	0.2743999999984226	UpDownStatesTimeIntervals			UP	
32388.532	0.18240000000150758	UpDownStatesTimeIntervals			UP	
32389.4648	0.11039999999775318	UpDownStatesTimeIntervals			DOWN	
32390.0192	0.14800000000104774	UpDownStatesTimeIntervals			UP	
32390.7936	0.2639999999992142	UpDownStatesTimeIntervals			UP	
32391.5032	0.3096000000005006	UpDownStatesTimeIntervals			UP	
32392.3232	0.24240000000281725	UpDownStatesTimeIntervals			UP	
32393.0616	0.1463999999978114	UpDownStatesTimeIntervals			UP	
32396.7432	0.07920000000012806	RippleTimeIntervals		32396.8104		
32399.2936	0.2736000000004424	UpDownStatesTimeIntervals			UP	
32400.8264	0.227999999999156	UpDownStatesTimeIntervals			UP	
32403.6096	0.18960000000151922	UpDownStatesTimeIntervals			UP	
32404.5832	0.1455999999998312	UpDownStatesTimeIntervals			UP	
32404.7192	0.0591999999996915	RippleTimeIntervals		32404.7288		
32405.1752	0.16079999999783468	UpDownStatesTimeIntervals			UP	
32406.1016	0.18799999999828287	UpDownStatesTimeIntervals			UP	
32406.9944	0.118399999999383	UpDownStatesTimeIntervals			UP	
32407.4176	0.24879999999757274	UpDownStatesTimeIntervals			UP	
32409.3776	0.1455999999998312	UpDownStatesTimeIntervals			UP	
32410.3656	0.13439999999900465	UpDownStatesTimeIntervals			UP	
32411.1504	0.144800000001851	UpDownStatesTimeIntervals			UP	
32411.6592	0.4192000000002736	UpDownStatesTimeIntervals			DOWN	
32412.4584	0.11119999999937136	UpDownStatesTimeIntervals			UP	
32413.0088	0.3127999999996973	UpDownStatesTimeIntervals			UP	
32414.3592	0.14800000000104774	UpDownStatesTimeIntervals			UP	
32417.5448	0.0591999999996915	RippleTimeIntervals		32417.5504		
32419.7096	0.153600000001461	UpDownStatesTimeIntervals			UP	
32420.3456	0.16240000000107102	UpDownStatesTimeIntervals			UP	
32421.0816	0.10959999999977299	UpDownStatesTimeIntervals			UP	
32422.16	0.14879999999902793	UpDownStatesTimeIntervals			UP	
32422.856	0.1584000000002561	UpDownStatesTimeIntervals			UP	
32423.596	0.11999999999898137	UpDownStatesTimeIntervals			UP	
32424.0376	0.3775999999998021	UpDownStatesTimeIntervals			UP	
32424.0672	0.07200000000011642	RippleTimeIntervals		32424.1112		
32426.6656	0.18799999999828287	UpDownStatesTimeIntervals			UP	
32427.388	0.13999999999941792	UpDownStatesTimeIntervals			UP	
32427.9856	0.13279999999940628	UpDownStatesTimeIntervals			UP	
32433.1392	0.14400000000023283	UpDownStatesTimeIntervals			UP	
32433.6488	0.18879999999990105	UpDownStatesTimeIntervals			UP	
32434.0432	0.34879999999975553	UpDownStatesTimeIntervals			DOWN	
32434.392	0.272000000000844	UpDownStatesTimeIntervals			UP	
32434.5968	0.04160000000047148	RippleTimeIntervals		32434.628		
32435.3872	0.17599999999947613	UpDownStatesTimeIntervals			UP	
32437.1568	0.24719999999797437	UpDownStatesTimeIntervals			UP	
32438.168	0.13839999999981956	UpDownStatesTimeIntervals			UP	
32438.9672	0.18960000000151922	UpDownStatesTimeIntervals			UP	
32439.5888	0.13279999999940628	UpDownStatesTimeIntervals			UP	
32440.1864	0.13119999999980791	UpDownStatesTimeIntervals			UP	
32441.1576	0.18879999999990105	UpDownStatesTimeIntervals			UP	
32442.508	0.09279999999853317	UpDownStatesTimeIntervals			UP	
32443.7192	0.1680000000014843	UpDownStatesTimeIntervals			UP	
32444.12	0.1136000000005879	UpDownStatesTimeIntervals			DOWN	
32445.1192	0.17039999999906286	UpDownStatesTimeIntervals			UP	
32445.8152	0.10159999999814318	UpDownStatesTimeIntervals			UP	
32446.296	0.26160000000163564	UpDownStatesTimeIntervals			UP	
32448.3008	0.21039999999993597	UpDownStatesTimeIntervals			UP	
32448.7592	0.3760000000002037	UpDownStatesTimeIntervals			DOWN	
32449.3792	0.16560000000026776	UpDownStatesTimeIntervals			UP	
32450.9688	0.17360000000189757	UpDownStatesTimeIntervals			UP	
32451.5824	0.14719999999942956	UpDownStatesTimeIntervals			UP	
32452.3728	0.08799999999973807	UpDownStatesTimeIntervals			DOWN	
32452.4608	0.1496000000006461	UpDownStatesTimeIntervals			UP	
32453.4584	0.19680000000153086	UpDownStatesTimeIntervals			UP	
32454.6144	0.26160000000163564	UpDownStatesTimeIntervals			UP	
32454.876	0.4327999999986787	UpDownStatesTimeIntervals			UP	
32455.1224	0.1863999999986845	UpDownStatesTimeIntervals			DOWN	
32455.636	0.12320000000181608	UpDownStatesTimeIntervals			UP	
32456.4648	0.3319999999985157	UpDownStatesTimeIntervals			UP	
32457.4712	0.18000000000029104	UpDownStatesTimeIntervals			UP	
32457.9992	0.14400000000023283	UpDownStatesTimeIntervals			UP	
32459.1512	0.1368000000002212	UpDownStatesTimeIntervals			UP	
32459.748	0.08720000000175787	UpDownStatesTimeIntervals			DOWN	
32459.8352	0.280800000000454	UpDownStatesTimeIntervals			UP	
32461.7184	0.1639999999970314	UpDownStatesTimeIntervals			UP	
32464.8768	0.14160000000265427	UpDownStatesTimeIntervals			UP	
32465.516	0.11040000000139116	UpDownStatesTimeIntervals			UP	
32466.132	0.14959999999700813	UpDownStatesTimeIntervals			UP	
32466.2256	0.08479999999690335	RippleTimeIntervals		32466.2264		
32466.556	0.32879999999931897	UpDownStatesTimeIntervals			DOWN	
32466.8848	0.13439999999900465	UpDownStatesTimeIntervals			UP	
32467.3296	0.24239999999917927	UpDownStatesTimeIntervals			UP	
32467.8264	0.04799999999886495	UpDownStatesTimeIntervals			DOWN	
32468.0384	0.14479999999821302	UpDownStatesTimeIntervals			UP	
32468.9056	0.2952000000004773	UpDownStatesTimeIntervals			UP	
32472.7168	0.19760000000314903	UpDownStatesTimeIntervals			UP	
32473.3168	0.2743999999984226	UpDownStatesTimeIntervals			UP	
32474.1624	0.355199999998149	UpDownStatesTimeIntervals			UP	
32475.0216	0.1959999999999127	UpDownStatesTimeIntervals			UP	
32475.0936	0.04399999999805004	RippleTimeIntervals		32475.1296		
32476.0872	0.1911999999974796	UpDownStatesTimeIntervals			UP	
32476.5632	0.18079999999827123	UpDownStatesTimeIntervals			UP	
32477.5576	0.19440000000031432	UpDownStatesTimeIntervals			UP	
32477.7552	0.05199999999967986	RippleTimeIntervals		32477.7624		
32479.0048	0.31600000000253203	UpDownStatesTimeIntervals			UP	
32479.844	0.18000000000029104	UpDownStatesTimeIntervals			UP	
32483.8616	0.035199999998440035	RippleTimeIntervals		32483.8632		
32483.9584	0.16719999999986612	UpDownStatesTimeIntervals			UP	
32484.3128	0.2000000000007276	UpDownStatesTimeIntervals			DOWN	
32484.736	0.15120000000024447	UpDownStatesTimeIntervals			UP	
32486.908	0.14320000000225264	UpDownStatesTimeIntervals			UP	
32487.4096	0.2855999999992491	UpDownStatesTimeIntervals			UP	
32489.3664	0.26160000000163564	UpDownStatesTimeIntervals			UP	
32490.3512	0.1551999999974214	UpDownStatesTimeIntervals			UP	
32490.9264	0.4239999999990687	UpDownStatesTimeIntervals			UP	
32492.4512	0.26239999999961583	UpDownStatesTimeIntervals			UP	
32497.728	0.17120000000068103	UpDownStatesTimeIntervals			UP	
32498.3056	0.14240000000063446	UpDownStatesTimeIntervals			UP	
32498.3936	0.06959999999889988	RippleTimeIntervals		32498.424		
32498.9776	0.144800000001851	UpDownStatesTimeIntervals			UP	
32499.9712	0.2175999999999476	UpDownStatesTimeIntervals			UP	
32501.088	0.17199999999866122	UpDownStatesTimeIntervals			UP	
32501.864	0.13999999999941792	UpDownStatesTimeIntervals			UP	
32502.3416	0.07359999999971478	UpDownStatesTimeIntervals			DOWN	
32502.5984	0.17599999999947613	UpDownStatesTimeIntervals			UP	
32503.424	0.144800000001851	UpDownStatesTimeIntervals			UP	
32503.9384	0.2551999999996042	UpDownStatesTimeIntervals			UP	
32504.0352	0.07440000000133296	RippleTimeIntervals		32504.044		
32506.2776	0.13359999999738648	UpDownStatesTimeIntervals			UP	
32506.7792	0.13839999999981956	UpDownStatesTimeIntervals			UP	
32507.9072	0.15199999999822467	UpDownStatesTimeIntervals			UP	
32509.1904	0.15760000000227592	UpDownStatesTimeIntervals			UP	
32510.1144	0.1912000000011176	UpDownStatesTimeIntervals			UP	
32510.5808	0.22479999999995925	UpDownStatesTimeIntervals			UP	
32512.0672	0.1863999999986845	UpDownStatesTimeIntervals			UP	
32512.1872	0.09839999999894644	RippleTimeIntervals		32512.1904		
32512.6984	0.1640000000006694	UpDownStatesTimeIntervals			UP	
32513.2232	0.23760000000038417	UpDownStatesTimeIntervals			UP	
32513.9952	0.15999999999985448	UpDownStatesTimeIntervals			UP	
32514.4424	0.23359999999956926	UpDownStatesTimeIntervals			UP	
32514.488	0.08239999999932479	RippleTimeIntervals		32514.5048		
32515.4872	0.14400000000023283	UpDownStatesTimeIntervals			UP	
32516.192	0.22000000000116415	UpDownStatesTimeIntervals			UP	
32517.6384	0.21600000000034925	UpDownStatesTimeIntervals			UP	
32520.4344	0.153600000001461	UpDownStatesTimeIntervals			UP	
32521.1912	0.14400000000023283	UpDownStatesTimeIntervals			UP	
32522.8488	0.22079999999914435	UpDownStatesTimeIntervals			UP	
32523.6608	0.11999999999898137	UpDownStatesTimeIntervals			UP	
32525.4064	0.11600000000180444	UpDownStatesTimeIntervals			UP	
32526.1208	0.15199999999822467	UpDownStatesTimeIntervals			UP	
32532.2296	0.14160000000265427	UpDownStatesTimeIntervals			UP	
32533.1528	0.13760000000183936	UpDownStatesTimeIntervals			UP	
32533.7344	0.14239999999699648	UpDownStatesTimeIntervals			UP	
32534.968	0.24320000000079744	UpDownStatesTimeIntervals			UP	
32535.56	0.26159999999799766	UpDownStatesTimeIntervals			UP	
32537.112	0.254399999997986	UpDownStatesTimeIntervals			UP	
32537.7632	0.18559999999706633	UpDownStatesTimeIntervals			DOWN	
32537.9488	0.27440000000206055	UpDownStatesTimeIntervals			UP	
32539.276	0.10479999999733991	UpDownStatesTimeIntervals			UP	
32539.792	0.13759999999820138	UpDownStatesTimeIntervals			UP	
32540.5288	0.2504000000008091	UpDownStatesTimeIntervals			UP	
32541.6472	0.10480000000097789	UpDownStatesTimeIntervals			UP	
32542.1352	0.21119999999791617	UpDownStatesTimeIntervals			UP	
32543.6416	0.19759999999951106	UpDownStatesTimeIntervals			UP	
32543.8248	0.08720000000175787	RippleTimeIntervals		32543.8776		
32544.1664	0.0856000000021595	UpDownStatesTimeIntervals			DOWN	
32544.252	0.0632000000005064	UpDownStatesTimeIntervals			UP	
32544.492	0.41120000000228174	UpDownStatesTimeIntervals			UP	
32545.4696	0.11439999999856809	UpDownStatesTimeIntervals			UP	
32546.228	0.22639999999955762	UpDownStatesTimeIntervals			UP	
32547.332	0.22960000000239233	UpDownStatesTimeIntervals			UP	
32547.9376	0.12800000000061118	UpDownStatesTimeIntervals			UP	
32548.5656	0.13919999999779975	UpDownStatesTimeIntervals			UP	
32548.6648	0.08000000000174623	RippleTimeIntervals		32548.6768		
32550.0712	0.17920000000231084	UpDownStatesTimeIntervals			UP	
32551.3616	0.16560000000026776	UpDownStatesTimeIntervals			UP	
32552.1896	0.15759999999863794	UpDownStatesTimeIntervals			UP	
32552.7256	0.33119999999689753	UpDownStatesTimeIntervals			UP	
32553.8616	0.1815999999998894	UpDownStatesTimeIntervals			UP	
32554.6528	0.11439999999856809	UpDownStatesTimeIntervals			UP	
32555.7984	0.18400000000110595	UpDownStatesTimeIntervals			UP	
32556.4528	0.12800000000061118	UpDownStatesTimeIntervals			UP	
32556.7856	0.1368000000002212	UpDownStatesTimeIntervals			DOWN	
32556.9224	0.2639999999992142	UpDownStatesTimeIntervals			UP	
32557.8184	0.17520000000149594	UpDownStatesTimeIntervals			UP	
32558.2936	0.3600000000005821	UpDownStatesTimeIntervals			UP	
32559.012	0.16159999999945285	UpDownStatesTimeIntervals			UP	
32560.18	0.12480000000141445	UpDownStatesTimeIntervals			UP	
32561.2472	0.14799999999740976	UpDownStatesTimeIntervals			UP	
32563.5536	0.12880000000222935	UpDownStatesTimeIntervals			UP	
32564.8816	0.16960000000108266	UpDownStatesTimeIntervals			UP	
32565.4672	0.14160000000265427	UpDownStatesTimeIntervals			UP	
32569.1568	0.14800000000104774	UpDownStatesTimeIntervals			UP	
32569.7576	0.16239999999743304	UpDownStatesTimeIntervals			UP	
32570.6312	0.1408000000010361	UpDownStatesTimeIntervals			UP	
32571.9632	0.16480000000228756	UpDownStatesTimeIntervals			UP	
32572.3896	0.40080000000307336	UpDownStatesTimeIntervals			DOWN	
32572.7904	0.1551999999974214	UpDownStatesTimeIntervals			UP	
32573.3072	0.3136000000013155	UpDownStatesTimeIntervals			DOWN	
32574.1352	0.26719999999841093	UpDownStatesTimeIntervals			UP	
32576.1904	0.16640000000188593	UpDownStatesTimeIntervals			UP	
32577.0496	0.26960000000326545	UpDownStatesTimeIntervals			UP	
32577.5	0.11520000000018626	UpDownStatesTimeIntervals			UP	
32578.116	0.19439999999667634	UpDownStatesTimeIntervals			UP	
32578.9112	0.15279999999984284	UpDownStatesTimeIntervals			DOWN	
32580.2928	0.23040000000037253	UpDownStatesTimeIntervals			UP	
32580.592	0.23999999999796273	UpDownStatesTimeIntervals			DOWN	
32580.832	0.13040000000182772	UpDownStatesTimeIntervals			UP	
32582.1272	0.25600000000122236	UpDownStatesTimeIntervals			UP	
32583.3968	0.18640000000232249	UpDownStatesTimeIntervals			UP	
32584.7464	0.1408000000010361	UpDownStatesTimeIntervals			UP	
32585.2288	0.1455999999998312	UpDownStatesTimeIntervals			UP	
32587.092	0.20319999999992433	UpDownStatesTimeIntervals			UP	
32588.0776	0.1455999999998312	UpDownStatesTimeIntervals			UP	
32588.5968	0.1088000000017928	UpDownStatesTimeIntervals			UP	
32589.9296	0.07920000000012806	RippleTimeIntervals		32589.9336		
32590.096	0.21600000000034925	UpDownStatesTimeIntervals			UP	
32590.6344	0.29279999999926076	UpDownStatesTimeIntervals			UP	
32591.1904	0.09440000000176951	UpDownStatesTimeIntervals			DOWN	
32591.4328	0.13839999999981956	UpDownStatesTimeIntervals			UP	
32592.7256	0.15999999999985448	UpDownStatesTimeIntervals			UP	
32595.74	0.24399999999877764	UpDownStatesTimeIntervals			UP	
32596.668	0.16159999999945285	UpDownStatesTimeIntervals			UP	
32597.368	0.1408000000010361	UpDownStatesTimeIntervals			UP	
32597.9504	0.14400000000023283	UpDownStatesTimeIntervals			UP	
32599.9056	0.2528000000020256	UpDownStatesTimeIntervals			UP	
32601.0352	0.1264000000010128	UpDownStatesTimeIntervals			UP	
32601.6368	0.13119999999980791	UpDownStatesTimeIntervals			UP	
32602.5456	0.1687999999994645	UpDownStatesTimeIntervals			UP	
32603.1368	0.15199999999822467	UpDownStatesTimeIntervals			UP	
32604.228	0.23840000000200234	UpDownStatesTimeIntervals			UP	
32608.304	0.14319999999861466	UpDownStatesTimeIntervals			UP	
32609.8392	0.13839999999981956	UpDownStatesTimeIntervals			UP	
32610.3504	0.12320000000181608	UpDownStatesTimeIntervals			UP	
32610.9344	0.12800000000061118	UpDownStatesTimeIntervals			UP	
32611.5128	0.1503999999986263	UpDownStatesTimeIntervals			UP	
32612.2096	0.24400000000241562	UpDownStatesTimeIntervals			UP	
32614.2872	0.23840000000200234	UpDownStatesTimeIntervals			UP	
32617.688	0.2272000000011758	UpDownStatesTimeIntervals			DOWN	
32618.0056	0.4279999999998836	UpDownStatesTimeIntervals			UP	
32620.188	0.13840000000345754	UpDownStatesTimeIntervals			UP	
32620.648	0.2511999999987893	UpDownStatesTimeIntervals			UP	
32622.412	0.1455999999998312	UpDownStatesTimeIntervals			UP	
32622.5224	0.06719999999768334	RippleTimeIntervals		32622.5272		
32624.0856	0.17040000000270084	UpDownStatesTimeIntervals			UP	
32624.8688	0.1368000000002212	UpDownStatesTimeIntervals			UP	
32625.4336	0.25200000000040745	UpDownStatesTimeIntervals			UP	
32626.6984	0.12800000000061118	UpDownStatesTimeIntervals			UP	
32627.1752	0.2536000000000058	UpDownStatesTimeIntervals			UP	
32627.7368	0.07440000000133296	UpDownStatesTimeIntervals			DOWN	
32627.8112	0.33919999999852735	UpDownStatesTimeIntervals			UP	
32628.328	0.1231999999981781	UpDownStatesTimeIntervals			UP	
32628.832	0.16240000000107102	UpDownStatesTimeIntervals			UP	
32631.1208	0.37119999999777065	UpDownStatesTimeIntervals			UP	
32632.06	0.20799999999871943	UpDownStatesTimeIntervals			UP	
32634.644	0.3719999999993888	UpDownStatesTimeIntervals			UP	
32635.82	0.2007999999987078	UpDownStatesTimeIntervals			UP	
32639.4904	0.19840000000112923	UpDownStatesTimeIntervals			UP	
32643.3192	0.16559999999662978	UpDownStatesTimeIntervals			UP	
