onset	duration	nwb_table	epoch_name	behavioral_paradigm	environment	manipulation	peak_time	peak_normed_power	label
0.0	4794.464	epochs	fCamk1_200908_090519	BaselinePre	Home cage	None			
0.8432000000000001	0.06479999999999997	RippleTimeIntervals					0.86	3.9282779778713857	
0.9976	0.02320000000000011	RippleTimeIntervals					1.0104	4.062846470797442	
1.0	57.0	SleepStates							NREMstate
2.2104	0.02400000000000002	RippleTimeIntervals					2.2184	0.6204120268399002	
5.478400000000001	0.057599999999999874	RippleTimeIntervals					5.5032000000000005	2.83472621848357	
7.6160000000000005	0.04159999999999986	RippleTimeIntervals					7.632000000000001	1.6930812100101107	
7.8304	0.025600000000000733	RippleTimeIntervals					7.8376	0.7363060698567463	
8.4032	0.034399999999999764	RippleTimeIntervals					8.4304	1.1336542772027598	
9.0832	0.03760000000000119	RippleTimeIntervals					9.1056	4.864556612685269	
9.393600000000001	0.024799999999999045	RippleTimeIntervals					9.3976	0.637382899498024	
9.48	0.03999999999999915	RippleTimeIntervals					9.490400000000001	1.132923595979467	
9.92	0.02000000000000135	RippleTimeIntervals					9.9224	0.5171374868430044	
11.5656	0.036000000000001364	RippleTimeIntervals					11.5944	0.5894040170757159	
13.519200000000001	0.0367999999999995	RippleTimeIntervals					13.5488	2.4619488041679447	
15.840800000000002	0.09600000000000009	RippleTimeIntervals					15.8696	2.922878039569832	
16.4904	0.08159999999999812	RippleTimeIntervals					16.5384	4.802443299319414	
20.2288	0.04480000000000217	RippleTimeIntervals					20.2576	2.7169473553153263	
20.383200000000002	0.03119999999999834	RippleTimeIntervals					20.396800000000002	1.215801342683842	
20.7592	0.05120000000000147	RippleTimeIntervals					20.792	4.679567377102682	
20.916	0.04800000000000182	RippleTimeIntervals					20.948	2.6720739361002233	
21.140800000000002	0.03359999999999985	RippleTimeIntervals					21.157600000000002	1.0627679952673121	
21.2896	0.053599999999999426	RippleTimeIntervals					21.329600000000003	3.1155098357245987	
23.009600000000002	0.024799999999999045	RippleTimeIntervals					23.0184	1.4824109776907508	
23.863200000000003	0.047999999999998266	RippleTimeIntervals					23.8824	2.545353819019615	
24.9096	0.030400000000000205	RippleTimeIntervals					24.9176	4.299830505946631	
26.5912	0.02880000000000038	RippleTimeIntervals					26.6128	0.6316956801042986	
27.209600000000002	0.02639999999999887	RippleTimeIntervals					27.223200000000002	0.7583840359405235	
27.3104	0.030400000000000205	RippleTimeIntervals					27.3248	5.533064503737518	
27.6304	0.025600000000000733	RippleTimeIntervals					27.6432	0.6319031368141681	
37.824000000000005	0.048799999999999955	RippleTimeIntervals					37.8408	2.581376896982243	
38.2984	0.044000000000004036	RippleTimeIntervals					38.316	6.000871926771969	
38.4376	0.027200000000000557	RippleTimeIntervals					38.46	0.8334414249100108	
39.5416	0.03119999999999834	RippleTimeIntervals					39.564800000000005	3.601614232930847	
39.8584	0.020800000000001262	RippleTimeIntervals					39.868	1.663565159643061	
42.3536	0.041600000000002524	RippleTimeIntervals					42.3656	1.4451666285627343	
43.241600000000005	0.07039999999999935	RippleTimeIntervals					43.2864	2.8599893228879423	
43.699200000000005	0.050399999999996226	RippleTimeIntervals					43.7288	3.6754628414504977	
45.036	0.03999999999999915	RippleTimeIntervals					45.059200000000004	0.5164031677165954	
45.281600000000005	0.03599999999999426	RippleTimeIntervals					45.304	3.161794183382906	
45.433600000000006	0.03279999999999461	RippleTimeIntervals					45.4504	3.1972189611090025	
46.772000000000006	0.06639999999999446	RippleTimeIntervals					46.8144	4.158703060828586	
47.223200000000006	0.09999999999999432	RippleTimeIntervals					47.2992	2.4027531464707574	
48.3264	0.03359999999999985	RippleTimeIntervals					48.3528	0.6048723654553559	
48.6312	0.058400000000006	RippleTimeIntervals					48.6496	2.06187591911284	
49.9456	0.055200000000006355	RippleTimeIntervals					49.9728	2.370840943278768	
50.305600000000005	0.021599999999999397	RippleTimeIntervals					50.3192	1.7882200146061014	
51.656800000000004	0.0367999999999995	RippleTimeIntervals					51.6648	0.8416149758800597	
52.1784	0.02319999999999567	RippleTimeIntervals					52.190400000000004	1.6335427983994575	
52.2768	0.027999999999998693	RippleTimeIntervals					52.2896	2.256673452822606	
52.4624	0.036000000000001364	RippleTimeIntervals					52.4784	0.644129163048141	
53.162400000000005	0.027200000000000557	RippleTimeIntervals					53.1704	2.648797974276011	
53.8168	0.020000000000003126	RippleTimeIntervals					53.821600000000004	0.5117787499036061	
57.2896	0.038400000000002876	RippleTimeIntervals					57.3224	1.4270890777260687	
59.0	85.0	SleepStates							WAKEstate
88.4024	0.05200000000000671	RippleTimeIntervals					88.44720000000001	1.0347810773030597	
96.0048	0.037599999999997635	RippleTimeIntervals					96.03280000000001	3.289684663082676	
97.61200000000001	0.05519999999999925	RippleTimeIntervals					97.6464	3.9958036769672365	
97.7384	0.043200000000013006	RippleTimeIntervals					97.7736	1.0860153228433516	
100.3416	0.043199999999998795	RippleTimeIntervals					100.3728	3.848209761609927	
100.80080000000001	0.022399999999990428	RippleTimeIntervals					100.8152	2.835769286769983	
100.9552	0.06080000000000041	RippleTimeIntervals					100.9936	1.2689706335585869	
106.0664	0.043199999999998795	RippleTimeIntervals					106.092	1.5171202145373168	
111.39920000000001	0.061599999999998545	RippleTimeIntervals					111.4336	3.738717552367618	
111.5248	0.02960000000000207	RippleTimeIntervals					111.5472	1.847577146587298	
144.1776	0.04720000000000368	RippleTimeIntervals					144.19840000000002	2.845215550993259	
145.0	59.0	SleepStates							NREMstate
146.4384	0.021600000000006503	RippleTimeIntervals					146.4496	0.8409141839428153	
148.2888	0.02559999999999718	RippleTimeIntervals					148.2936	0.7808413498516628	
149.62	0.03999999999999204	RippleTimeIntervals					149.63760000000002	3.0567465112937944	
150.32160000000002	0.024799999999999045	RippleTimeIntervals					150.3272	0.455935438782554	
150.74800000000002	0.04719999999997526	RippleTimeIntervals					150.77200000000002	3.9477970612336715	
153.12720000000002	0.028799999999989723	RippleTimeIntervals					153.136	1.782043381204767	
153.2168	0.08559999999999945	RippleTimeIntervals					153.2872	2.7469220659409808	
156.2536	0.021600000000006503	RippleTimeIntervals					156.26160000000002	0.910714368500338	
156.3304	0.024799999999999045	RippleTimeIntervals					156.3384	1.607894485986445	
156.51600000000002	0.036000000000001364	RippleTimeIntervals					156.54080000000002	3.4628320560940264	
156.9288	0.0624000000000251	RippleTimeIntervals					156.9832	3.1689157525362055	
157.4576	0.037599999999997635	RippleTimeIntervals					157.49120000000002	0.5045732654183663	
158.32080000000002	0.023199999999974352	RippleTimeIntervals					158.3312	1.5266844297364166	
158.5064	0.10079999999999245	RippleTimeIntervals					158.56640000000002	3.2649039166592493	
159.372	0.039199999999993906	RippleTimeIntervals					159.39600000000002	2.673435596506322	
159.7312	0.03360000000000696	RippleTimeIntervals					159.73600000000002	0.940676707400678	
160.74800000000002	0.02719999999999345	RippleTimeIntervals					160.77120000000002	0.5755924305724657	
161.012	0.02800000000002001	RippleTimeIntervals					161.0328	0.730755647397408	
162.3296	0.05520000000001346	RippleTimeIntervals					162.3552	5.941994933145725	
163.85840000000002	0.08639999999999759	RippleTimeIntervals					163.924	0.5375379078033645	
164.11440000000002	0.0367999999999995	RippleTimeIntervals					164.13920000000002	0.8192246839106913	
166.75920000000002	0.0543999999999869	RippleTimeIntervals					166.788	2.8514219364861852	
173.9512	0.05680000000000973	RippleTimeIntervals					173.9656	1.3198053846783273	
179.092	0.05359999999998877	RippleTimeIntervals					179.1336	2.6594249061791846	
179.4224	0.03360000000000696	RippleTimeIntervals					179.43120000000002	0.6893820380133401	
181.02880000000002	0.03999999999999204	RippleTimeIntervals					181.06400000000002	1.1412632226306418	
182.62640000000002	0.02159999999997808	RippleTimeIntervals					182.6344	1.162011360324927	
186.2328	0.021600000000006503	RippleTimeIntervals					186.24720000000002	0.9562581397679011	
186.376	0.02400000000000091	RippleTimeIntervals					186.3912	2.892745451929977	
187.3904	0.026399999999995316	RippleTimeIntervals					187.4096	0.6554627222423782	
188.2696	0.03200000000001069	RippleTimeIntervals					188.2896	1.0594823876155077	
188.4096	0.04480000000000928	RippleTimeIntervals					188.4224	2.9826953431669367	
189.44160000000002	0.03439999999997667	RippleTimeIntervals					189.45360000000002	1.6987752111361267	
191.1048	0.09839999999999804	RippleTimeIntervals					191.1936	1.9080132919914612	
191.83520000000001	0.02240000000000464	RippleTimeIntervals					191.8496	1.1441693180917791	
192.2192	0.08639999999999759	RippleTimeIntervals					192.29520000000002	5.918641353272615	
192.3992	0.05119999999999436	RippleTimeIntervals					192.4232	1.500938994479048	
192.7632	0.04400000000001114	RippleTimeIntervals					192.77200000000002	0.9622945970619953	
192.91760000000002	0.03439999999997667	RippleTimeIntervals					192.93040000000002	3.2666985571483247	
193.0696	0.06880000000001019	RippleTimeIntervals					193.1112	2.6365142337848613	
193.25920000000002	0.048799999999999955	RippleTimeIntervals					193.2928	3.1823902567326328	
194.65120000000002	0.04959999999999809	RippleTimeIntervals					194.6584	1.4483695325118913	
194.804	0.056000000000011596	RippleTimeIntervals					194.84720000000002	2.675876792090682	
194.93040000000002	0.04559999999997899	RippleTimeIntervals					194.9456	1.814313792134365	
195.2688	0.054400000000015325	RippleTimeIntervals					195.3152	3.503950858916464	
195.8304	0.0408000000000186	RippleTimeIntervals					195.864	1.0867468006600112	
198.51760000000002	0.02240000000000464	RippleTimeIntervals					198.5264	1.4021574360706677	
199.0496	0.020000000000010232	RippleTimeIntervals					199.05440000000002	0.5048984499710545	
199.7048	0.07920000000001437	RippleTimeIntervals					199.73520000000002	1.265032504478523	
203.1968	0.040000000000020464	RippleTimeIntervals					203.216	1.0893719659224854	
204.4032	0.030400000000014415	RippleTimeIntervals					204.42880000000002	1.670526331741689	
205.0	7.0	SleepStates							WAKEstate
205.5248	0.028800000000018144	RippleTimeIntervals					205.5456	1.8794344079720031	
207.0376	0.043200000000013006	RippleTimeIntervals					207.0504	1.5431132805989065	
213.0	26.0	SleepStates							NREMstate
218.9256	0.048799999999999955	RippleTimeIntervals					218.9352	1.5023939644668651	
219.04080000000002	0.10880000000000223	RippleTimeIntervals					219.1344	2.287329776446272	
219.41760000000002	0.08319999999997663	RippleTimeIntervals					219.47840000000002	4.7945912384952845	
219.604	0.088799999999992	RippleTimeIntervals					219.64000000000001	2.5924926761210623	
227.9744	0.07200000000000273	RippleTimeIntervals					227.99040000000002	3.9258715507224164	
235.2928	0.073599999999999	RippleTimeIntervals					235.35520000000002	1.3766449807380376	
235.52800000000002	0.02719999999999345	RippleTimeIntervals					235.53920000000002	1.9007920418331956	
235.6696	0.03839999999999577	RippleTimeIntervals					235.6784	1.0568210227328219	
236.0312	0.02240000000000464	RippleTimeIntervals					236.048	0.5498477392404933	
238.63840000000002	0.027999999999991587	RippleTimeIntervals					238.6432	0.49561092038544474	
240.0	70.0	SleepStates							WAKEstate
244.0736	0.020800000000008367	RippleTimeIntervals					244.0864	0.5067730488550779	
258.748	0.02960000000001628	RippleTimeIntervals					258.76	0.6463835719749554	
261.05920000000003	0.020800000000008367	RippleTimeIntervals					261.07280000000003	0.5043548227413727	
280.8552	0.03839999999996735	RippleTimeIntervals					280.88	3.602720276003876	
284.9832	0.024800000000027467	RippleTimeIntervals					284.992	2.2829987485969614	
285.2608	0.04640000000000555	RippleTimeIntervals					285.29200000000003	2.6486476112875392	
287.5408	0.08559999999999945	RippleTimeIntervals					287.5984	4.237472947318456	
291.5224	0.02240000000000464	RippleTimeIntervals					291.528	1.2272743406019238	
292.9984	0.037599999999997635	RippleTimeIntervals					293.0152	1.2663502723738684	
294.4152	0.031999999999982265	RippleTimeIntervals					294.4352	3.0206546511634116	
303.43440000000004	0.030399999999985994	RippleTimeIntervals					303.44	1.4358958263012724	
303.6248	0.02240000000000464	RippleTimeIntervals					303.64	0.5307448693215822	
304.51840000000004	0.03439999999994825	RippleTimeIntervals					304.5488	0.4944618860054355	
310.6168	0.11200000000002319	RippleTimeIntervals					310.7144	2.7038516144048272	
311.0	101.0	SleepStates							NREMstate
312.652	0.02240000000000464	RippleTimeIntervals					312.6608	0.4116780079813871	
317.728	0.06799999999998363	RippleTimeIntervals					317.7488	2.603149172033707	
317.8992	0.02240000000000464	RippleTimeIntervals					317.9072	2.385411163709257	
323.1232	0.0928000000000111	RippleTimeIntervals					323.1752	0.7779852643797739	
328.1752	0.031999999999982265	RippleTimeIntervals					328.19120000000004	1.6809391765454245	
330.3136	0.02800000000002001	RippleTimeIntervals					330.324	1.839956560634437	
332.672	0.04640000000000555	RippleTimeIntervals					332.6872	1.840487465657661	
333.576	0.02960000000001628	RippleTimeIntervals					333.584	2.9417536632768964	
335.6112	0.02800000000002001	RippleTimeIntervals					335.62800000000004	1.5530342622352398	
336.1664	0.047200000000032105	RippleTimeIntervals					336.1888	1.7572918424525266	
336.47040000000004	0.02559999999999718	RippleTimeIntervals					336.4744	0.5870264266449378	
337.2936	0.026399999999966894	RippleTimeIntervals					337.3056	2.6547644361471074	
337.45680000000004	0.04959999999999809	RippleTimeIntervals					337.47520000000003	2.11491459131584	
340.59680000000003	0.07679999999999154	RippleTimeIntervals					340.6664	0.7440624611041624	
341.75440000000003	0.04239999999998645	RippleTimeIntervals					341.7712	3.3530656061937836	
342.16560000000004	0.026399999999966894	RippleTimeIntervals					342.1744	0.9699301618270475	
342.3816	0.04800000000000182	RippleTimeIntervals					342.4072	4.6095763361516475	
342.61760000000004	0.02559999999999718	RippleTimeIntervals					342.6288	3.0097513855505307	
342.7208	0.021600000000034925	RippleTimeIntervals					342.73040000000003	1.1208208058755875	
343.248	0.03920000000005075	RippleTimeIntervals					343.26640000000003	2.02606330147711	
344.0256	0.023200000000031196	RippleTimeIntervals					344.036	0.9461878519062518	
344.15840000000003	0.031999999999982265	RippleTimeIntervals					344.1832	1.9930704843203733	
344.348	0.02400000000000091	RippleTimeIntervals					344.36400000000003	1.1895270690471778	
348.95120000000003	0.043200000000013006	RippleTimeIntervals					348.98240000000004	2.5524807548483293	
354.9144	0.060000000000002274	RippleTimeIntervals					354.9536	3.497502727963132	
355.0768	0.024800000000027467	RippleTimeIntervals					355.0888	3.0918241390312273	
355.3272	0.03440000000000509	RippleTimeIntervals					355.35360000000003	2.990175805690259	
360.064	0.02719999999999345	RippleTimeIntervals					360.076	0.7623299001165255	
361.07840000000004	0.031199999999955708	RippleTimeIntervals					361.0912	1.2600123804174352	
361.71680000000003	0.039199999999993906	RippleTimeIntervals					361.7336	2.5206569090299196	
362.0584	0.0543999999999869	RippleTimeIntervals					362.0792	0.9617974058360129	
362.22880000000004	0.031999999999982265	RippleTimeIntervals					362.2344	1.1018878802123875	
362.5736	0.08080000000001064	RippleTimeIntervals					362.6184	3.3448703503783883	
369.10240000000005	0.02719999999999345	RippleTimeIntervals					369.1048	0.5099396355749893	
369.6512	0.031999999999982265	RippleTimeIntervals					369.67600000000004	0.4974857107061575	
372.3224	0.02559999999999718	RippleTimeIntervals					372.3272	0.6234118397924162	
373.88960000000003	0.03120000000001255	RippleTimeIntervals					373.9128	0.6429503429043731	
374.1816	0.08480000000002974	RippleTimeIntervals					374.208	3.1820513180985177	
374.4056	0.027200000000050295	RippleTimeIntervals					374.4144	0.5417903207392326	
374.86	0.030399999999985994	RippleTimeIntervals					374.88480000000004	0.9881626212653121	
375.94480000000004	0.02719999999999345	RippleTimeIntervals					375.9536	1.8955740379254449	
376.168	0.03360000000003538	RippleTimeIntervals					376.1768	2.5280699440894923	
376.26640000000003	0.03440000000000509	RippleTimeIntervals					376.2808	0.9232354895351232	
376.8696	0.041600000000016735	RippleTimeIntervals					376.8888	2.0095500279131318	
377.1336	0.02400000000000091	RippleTimeIntervals					377.1408	0.5741140854898751	
377.27360000000004	0.024799999999970623	RippleTimeIntervals					377.2864	0.8636361293012719	
377.488	0.02240000000000464	RippleTimeIntervals					377.4936	1.5713848045047012	
378.7456	0.05360000000001719	RippleTimeIntervals					378.7576	0.6464310674591653	
380.0136	0.03680000000002792	RippleTimeIntervals					380.01840000000004	1.389366065333199	
380.4112	0.021600000000034925	RippleTimeIntervals					380.4248	0.9756085174959427	
382.7928	0.028800000000046566	RippleTimeIntervals					382.8056	2.593461845010955	
383.3432	0.02559999999999718	RippleTimeIntervals					383.36080000000004	2.339027110593994	
383.89520000000005	0.02400000000000091	RippleTimeIntervals					383.90720000000005	2.0989818283646384	
390.7368	0.09840000000002647	RippleTimeIntervals					390.764	3.817948925814139	
392.37600000000003	0.037599999999997635	RippleTimeIntervals					392.3808	0.42232026832370334	
392.528	0.043200000000013006	RippleTimeIntervals					392.54240000000004	0.5836920222667329	
393.1	0.057599999999979445	RippleTimeIntervals					393.1376	2.9101792024173383	
393.3192	0.03839999999996735	RippleTimeIntervals					393.332	1.6656251383455154	
394.0672	0.09359999999998081	RippleTimeIntervals					394.14000000000004	3.990886367638507	
394.332	0.03520000000003165	RippleTimeIntervals					394.35920000000004	1.871980395273102	
394.3904	0.04800000000000182	RippleTimeIntervals					394.42240000000004	0.5953358136738793	
395.44800000000004	0.028799999999989723	RippleTimeIntervals					395.4592	1.6816269238828205	
395.8016	0.03440000000000509	RippleTimeIntervals					395.8208	1.5693825207079761	
400.1832	0.037599999999997635	RippleTimeIntervals					400.20640000000003	3.725310252191528	
400.8168	0.03680000000002792	RippleTimeIntervals					400.8416	4.129804403591903	
401.0032	0.027200000000050295	RippleTimeIntervals					401.0224	0.5745116066510271	
402.1032	0.031999999999982265	RippleTimeIntervals					402.12080000000003	1.7197458415345555	
402.5432	0.04480000000000928	RippleTimeIntervals					402.55440000000004	1.378064371996957	
405.44800000000004	0.029599999999959437	RippleTimeIntervals					405.46160000000003	2.6043733571428427	
408.58000000000004	0.029599999999959437	RippleTimeIntervals					408.596	2.0635872512585562	
410.0392	0.05600000000004002	RippleTimeIntervals					410.0616	1.8434262604834486	
410.168	0.03280000000000882	RippleTimeIntervals					410.19440000000003	0.765083304178071	
410.26320000000004	0.026399999999966894	RippleTimeIntervals					410.2728	1.7558737335869414	
412.2344	0.03280000000000882	RippleTimeIntervals					412.25440000000003	1.6382063491992886	
413.0	31.0	SleepStates							WAKEstate
418.98240000000004	0.03839999999996735	RippleTimeIntervals					419.01680000000005	0.6609872196155584	
427.20000000000005	0.022399999999947795	RippleTimeIntervals					427.208	0.6191213153597775	
434.54	0.043200000000013006	RippleTimeIntervals					434.576	1.9667437425401062	
438.93120000000005	0.03679999999997108	RippleTimeIntervals					438.94	1.0176235483366043	
442.55760000000004	0.033599999999978536	RippleTimeIntervals					442.56480000000005	1.532612064787285	
444.0008	0.04239999999998645	RippleTimeIntervals					444.036	1.2209675828815008	
445.0	103.0	SleepStates							NREMstate
445.17920000000004	0.057599999999979445	RippleTimeIntervals					445.1904	0.5783482408300831	
447.024	0.06960000000003674	RippleTimeIntervals					447.03200000000004	3.1144320731432145	
448.244	0.041600000000016735	RippleTimeIntervals					448.26480000000004	3.7189291586641318	
449.13120000000004	0.134399999999971	RippleTimeIntervals					449.1592	2.8163256552422324	
449.38800000000003	0.020800000000008367	RippleTimeIntervals					449.4008	1.4425147761913646	
451.528	0.04719999999997526	RippleTimeIntervals					451.56080000000003	2.675918316681297	
451.6248	0.03200000000003911	RippleTimeIntervals					451.6456	4.213209616039673	
452.2232	0.05200000000002092	RippleTimeIntervals					452.244	2.408920594161109	
452.9728	0.061599999999998545	RippleTimeIntervals					453.0248	3.256672393283271	
456.30960000000005	0.055999999999983174	RippleTimeIntervals					456.31600000000003	1.586504324947666	
456.92560000000003	0.027999999999963165	RippleTimeIntervals					456.9392	2.5690854457416035	
457.752	0.07920000000001437	RippleTimeIntervals					457.82320000000004	1.0219494605416046	
458.67920000000004	0.028799999999989723	RippleTimeIntervals					458.6968	0.644541650491736	
463.2936	0.059199999999975716	RippleTimeIntervals					463.3448	0.7432232211340706	
463.6768	0.041600000000016735	RippleTimeIntervals					463.7096	1.1776221040664367	
465.82800000000003	0.03440000000000509	RippleTimeIntervals					465.83680000000004	1.1961479427431447	
465.9504	0.02400000000000091	RippleTimeIntervals					465.968	0.50600851982002	
469.67920000000004	0.06479999999999109	RippleTimeIntervals					469.71200000000005	3.861662353488003	
469.93120000000005	0.023199999999974352	RippleTimeIntervals					469.93600000000004	0.7863345767351672	
470.3208	0.08960000000001855	RippleTimeIntervals					470.40000000000003	4.155731558087797	
470.7816	0.05040000000002465	RippleTimeIntervals					470.80960000000005	2.4094783443131624	
471.52320000000003	0.033599999999978536	RippleTimeIntervals					471.52880000000005	0.8063847583498888	
471.62080000000003	0.026399999999966894	RippleTimeIntervals					471.6288	1.3207222556366747	
472.7624	0.03280000000000882	RippleTimeIntervals					472.7696	1.4600825085231124	
472.92	0.09199999999998454	RippleTimeIntervals					472.99920000000003	2.7444564248776717	
473.1168	0.041600000000016735	RippleTimeIntervals					473.13120000000004	0.987678637666821	
473.2368	0.03440000000000509	RippleTimeIntervals					473.26320000000004	0.7343232412278915	
473.36	0.031999999999982265	RippleTimeIntervals					473.3752	3.7831203377578495	
474.124	0.03679999999997108	RippleTimeIntervals					474.14320000000004	1.6080450124635923	
475.4776	0.025600000000054024	RippleTimeIntervals					475.49120000000005	0.6467286760835527	
475.992	0.04800000000000182	RippleTimeIntervals					476.00640000000004	6.2621701862614	
476.1344	0.04079999999999018	RippleTimeIntervals					476.15840000000003	4.159394112359412	
477.0624	0.026400000000023738	RippleTimeIntervals					477.0776	1.3570919661749505	
477.1408	0.02800000000002001	RippleTimeIntervals					477.1464	1.1787377755345043	
480.34720000000004	0.026399999999966894	RippleTimeIntervals					480.36240000000004	0.9493697174178187	
480.4896	0.06720000000001392	RippleTimeIntervals					480.50960000000003	3.549225198887704	
480.75280000000004	0.04159999999995989	RippleTimeIntervals					480.7608	2.3350094015682124	
481.588	0.04239999999998645	RippleTimeIntervals					481.6096	2.7498231747935638	
481.67760000000004	0.04640000000000555	RippleTimeIntervals					481.6904	1.2698733907957631	
484.5504	0.03280000000000882	RippleTimeIntervals					484.55920000000003	0.758785878007928	
485.84560000000005	0.02719999999999345	RippleTimeIntervals					485.8568	2.4652123770097014	
486.5688	0.07519999999999527	RippleTimeIntervals					486.61760000000004	3.850267077591451	
486.7024	0.05520000000001346	RippleTimeIntervals					486.71360000000004	4.0767246621861295	
487.5192	0.030399999999985994	RippleTimeIntervals					487.5328	1.328106341361522	
488.13680000000005	0.026399999999966894	RippleTimeIntervals					488.1424	0.7488890156586587	
488.96880000000004	0.024799999999970623	RippleTimeIntervals					488.98	1.4738686124866964	
489.1016	0.031999999999982265	RippleTimeIntervals					489.1064	1.2260479139679459	
489.30080000000004	0.04159999999995989	RippleTimeIntervals					489.3312	2.1167900181993593	
490.3408	0.03200000000003911	RippleTimeIntervals					490.36560000000003	0.5325637879682866	
492.8304	0.025600000000054024	RippleTimeIntervals					492.8392	1.0814056806064876	
496.35920000000004	0.031999999999982265	RippleTimeIntervals					496.37440000000004	0.883425925396904	
496.432	0.05200000000002092	RippleTimeIntervals					496.46880000000004	3.3830167468203634	
497.27680000000004	0.03120000000001255	RippleTimeIntervals					497.2808	0.718240461903852	
497.8944	0.026400000000023738	RippleTimeIntervals					497.916	0.8088273935713068	
501.1752	0.02400000000000091	RippleTimeIntervals					501.1872	1.004140269783205	
502.3976	0.036000000000001364	RippleTimeIntervals					502.41200000000003	0.9643001664674671	
502.9112	0.04400000000003956	RippleTimeIntervals					502.9368	3.5951467185891532	
504.10080000000005	0.0999999999999659	RippleTimeIntervals					504.1816	1.753300934255514	
504.87760000000003	0.058400000000006	RippleTimeIntervals					504.892	1.7605193943352329	
505.48080000000004	0.0807999999999538	RippleTimeIntervals					505.5088	2.1004211657216505	
505.9608	0.040000000000020464	RippleTimeIntervals					505.9832	3.5039464023639764	
506.7208	0.020800000000008367	RippleTimeIntervals					506.7296	0.5868024572005133	
511.0736	0.026400000000023738	RippleTimeIntervals					511.08480000000003	1.0227734382909373	
515.6792	0.045600000000035834	RippleTimeIntervals					515.6936000000001	3.957226726717376	
517.124	0.04240000000004329	RippleTimeIntervals					517.1488	1.782952256402025	
517.9072	0.09440000000006421	RippleTimeIntervals					517.9336000000001	3.9163932822546785	
519.3384	0.024800000000027467	RippleTimeIntervals					519.3480000000001	2.414162096852985	
519.5464000000001	0.02479999999991378	RippleTimeIntervals					519.5552	0.8918934056663133	
520.1264	0.02400000000000091	RippleTimeIntervals					520.1352	1.9876824529499308	
520.424	0.021600000000034925	RippleTimeIntervals					520.4288	0.4838188449521354	
520.5160000000001	0.07519999999999527	RippleTimeIntervals					520.5536000000001	2.8101129370985984	
521.5864	0.07280000000002929	RippleTimeIntervals					521.6288000000001	2.4466791902208205	
522.392	0.03599999999994452	RippleTimeIntervals					522.4112	3.9305844202458853	
523.5704000000001	0.041600000000016735	RippleTimeIntervals					523.5936	2.3573487630126597	
525.1800000000001	0.03440000000000509	RippleTimeIntervals					525.1888	0.7743176942935764	
529.3552000000001	0.04559999999992215	RippleTimeIntervals					529.3632	2.1501724582213333	
530.6344	0.023199999999974352	RippleTimeIntervals					530.6472	0.6090661790790143	
533.8408000000001	0.03279999999995198	RippleTimeIntervals					533.8488	0.9019371083015385	
534.0424	0.03440000000000509	RippleTimeIntervals					534.0552	2.1280933913737523	
534.1856	0.04240000000004329	RippleTimeIntervals					534.2136	1.6291184511408592	
534.8208000000001	0.07119999999997617	RippleTimeIntervals					534.8728	1.8061189137564826	
535.0408	0.02320000000008804	RippleTimeIntervals					535.0592	0.7388486953513168	
536.124	0.04480000000000928	RippleTimeIntervals					536.14	1.9494815782962631	
539.3952	0.026399999999966894	RippleTimeIntervals					539.4104	2.6975222573655198	
541.0576	0.02640000000008058	RippleTimeIntervals					541.08	0.5503676450670008	
541.2136	0.02719999999999345	RippleTimeIntervals					541.2336	1.1122304352626349	
541.952	0.08400000000006003	RippleTimeIntervals					541.9816000000001	1.2500230197152895	
542.2176000000001	0.04399999999998272	RippleTimeIntervals					542.2448	2.738795191099634	
545.3808	0.04319999999995616	RippleTimeIntervals					545.4008	2.373178915663513	
546.3704	0.020800000000008367	RippleTimeIntervals					546.3792000000001	0.6247517163058056	
547.1368	0.048800000000028376	RippleTimeIntervals					547.1816	0.4812530734673625	
549.0	13.0	SleepStates							WAKEstate
560.7768	0.0784000000001015	RippleTimeIntervals					560.8216	2.4762031430966487	
560.884	0.06079999999997199	RippleTimeIntervals					560.9056	1.9526256030536258	
563.0	192.0	SleepStates							NREMstate
567.044	0.07360000000005584	RippleTimeIntervals					567.0824	3.3278546666278483	
567.9192	0.03520000000003165	RippleTimeIntervals					567.94	2.8050643553347774	
570.1224	0.028800000000046566	RippleTimeIntervals					570.1472	0.5414919772372115	
571.7264	0.030399999999985994	RippleTimeIntervals					571.748	1.3571537701638547	
574.1600000000001	0.022399999999947795	RippleTimeIntervals					574.1656	0.6164643962763463	
577.9544000000001	0.042399999999929605	RippleTimeIntervals					577.9888000000001	2.699551583714063	
578.0976	0.053599999999960346	RippleTimeIntervals					578.1376	1.6618230349376484	
581.2520000000001	0.021599999999921238	RippleTimeIntervals					581.2656000000001	1.2224864603944736	
581.6120000000001	0.07919999999990068	RippleTimeIntervals					581.6752	1.7171346875746412	
582.0144	0.037599999999997635	RippleTimeIntervals					582.0296000000001	4.221983836637848	
582.248	0.06880000000001019	RippleTimeIntervals					582.2632	4.385591718102647	
582.5512	0.05920000000003256	RippleTimeIntervals					582.5688	5.20595160637328	
582.672	0.03279999999995198	RippleTimeIntervals					582.6904000000001	2.809078238030805	
582.976	0.05360000000007403	RippleTimeIntervals					583.0192000000001	5.2871286025434365	
584.072	0.030399999999985994	RippleTimeIntervals					584.0904	0.8575092482749447	
585.3432	0.030399999999985994	RippleTimeIntervals					585.3512000000001	1.3039395267905742	
587.5880000000001	0.037599999999997635	RippleTimeIntervals					587.6096	1.6542866380672285	
589.7736	0.04800000000000182	RippleTimeIntervals					589.8008	2.3748658632252884	
590.0400000000001	0.04719999999997526	RippleTimeIntervals					590.0616	2.300691995065722	
590.2272	0.03919999999993706	RippleTimeIntervals					590.2424	3.827125526452623	
590.3808	0.049600000000054933	RippleTimeIntervals					590.4	2.417393281419812	
590.5912000000001	0.07119999999997617	RippleTimeIntervals					590.6472	2.2722458857308383	
590.8912	0.03999999999996362	RippleTimeIntervals					590.9008	0.6319617511440017	
591.4928	0.041600000000016735	RippleTimeIntervals					591.5272	0.6172544006939984	
593.0608	0.029600000000073123	RippleTimeIntervals					593.08	2.4683145238689836	
594.3288	0.02640000000008058	RippleTimeIntervals					594.336	1.8555883138930587	
597.2648	0.03520000000003165	RippleTimeIntervals					597.2776	1.0063219303906272	
603.2760000000001	0.0543999999999869	RippleTimeIntervals					603.2984	3.489504749059558	
603.52	0.04800000000000182	RippleTimeIntervals					603.544	2.16668612716896	
603.8776	0.05920000000003256	RippleTimeIntervals					603.8992000000001	2.0411579335097088	
605.0904	0.041600000000016735	RippleTimeIntervals					605.1080000000001	5.095608942789779	
606.7608	0.04079999999999018	RippleTimeIntervals					606.7824	5.342803563067731	
607.744	0.02800000000002001	RippleTimeIntervals					607.7608	4.266408165011111	
608.4128000000001	0.04079999999999018	RippleTimeIntervals					608.4368000000001	5.443891440848461	
612.5896	0.056800000000066575	RippleTimeIntervals					612.6056	2.389159782610013	
613.7216000000001	0.037599999999997635	RippleTimeIntervals					613.7392	2.9600391730067677	
613.8904	0.06880000000001019	RippleTimeIntervals					613.9296	1.6709183891822885	
614.2848	0.02800000000002001	RippleTimeIntervals					614.3048	2.3677646699367854	
614.3784	0.08159999999998035	RippleTimeIntervals					614.4304000000001	2.053010151861369	
614.8056	0.020800000000008367	RippleTimeIntervals					614.8144	3.147372221978106	
615.1256000000001	0.04159999999990305	RippleTimeIntervals					615.148	3.46787700542481	
615.7024	0.07280000000002929	RippleTimeIntervals					615.7128	0.7183422404973551	
617.5864	0.021600000000034925	RippleTimeIntervals					617.5912000000001	0.5376607523840543	
629.9856	0.024800000000027467	RippleTimeIntervals					629.9944	1.511695509547384	
638.0568000000001	0.05119999999999436	RippleTimeIntervals					638.0816	4.62573188373053	
638.2064	0.03120000000001255	RippleTimeIntervals					638.2232	6.266281450445958	
638.3480000000001	0.03599999999994452	RippleTimeIntervals					638.3624	3.139031410047117	
638.5008	0.05119999999999436	RippleTimeIntervals					638.5208	2.271691578237625	
639.4624	0.029600000000073123	RippleTimeIntervals					639.4848000000001	0.6394712166590781	
641.1288000000001	0.033599999999978536	RippleTimeIntervals					641.1496000000001	0.8155028096417061	
641.816	0.030399999999985994	RippleTimeIntervals					641.8288	1.5083298170354889	
642.272	0.04319999999995616	RippleTimeIntervals					642.3016	0.7281697131072432	
642.4216	0.050399999999967804	RippleTimeIntervals					642.4584	2.733232703397335	
644.3776	0.025600000000054024	RippleTimeIntervals					644.3864	1.6988803879450067	
644.9064000000001	0.06959999999992306	RippleTimeIntervals					644.9616	1.026889480758674	
645.1792	0.04079999999999018	RippleTimeIntervals					645.2040000000001	1.311469959249621	
645.3168000000001	0.033599999999978536	RippleTimeIntervals					645.336	0.747369218838999	
645.5784	0.05760000000009313	RippleTimeIntervals					645.6032	1.0699138119079532	
645.74	0.028800000000046566	RippleTimeIntervals					645.7448	0.6605884493438663	
658.9464	0.03919999999993706	RippleTimeIntervals					658.9728	1.37844716274412	
662.7256	0.048800000000028376	RippleTimeIntervals					662.7496	1.9747123534003614	
662.9448	0.06479999999999109	RippleTimeIntervals					662.9848000000001	3.12976414881917	
663.1216000000001	0.04079999999999018	RippleTimeIntervals					663.1392000000001	5.296325293060846	
663.2992	0.06079999999997199	RippleTimeIntervals					663.312	3.3930808868687174	
663.5512	0.12400000000002365	RippleTimeIntervals					663.6048000000001	2.0607843971532236	
664.1192	0.03520000000003165	RippleTimeIntervals					664.1376	0.663573341406245	
664.5224000000001	0.029599999999959437	RippleTimeIntervals					664.5288	0.6484746933942982	
665.9456	0.03120000000001255	RippleTimeIntervals					665.9512000000001	1.0094447283553594	
666.1320000000001	0.03679999999997108	RippleTimeIntervals					666.1456000000001	2.6048930289149594	
668.8392	0.029600000000073123	RippleTimeIntervals					668.8544	2.5906350710449098	
668.9888000000001	0.046399999999948704	RippleTimeIntervals					669.0160000000001	2.931497376141346	
669.2016	0.04480000000000928	RippleTimeIntervals					669.2376	2.4544417238575797	
669.5832	0.07359999999994216	RippleTimeIntervals					669.6320000000001	4.803153369366134	
670.0088000000001	0.04800000000000182	RippleTimeIntervals					670.0352	2.7227715530179606	
670.2168	0.030399999999985994	RippleTimeIntervals					670.2336	3.5680401998818807	
670.8024	0.0664000000000442	RippleTimeIntervals					670.8448000000001	3.1589273686144943	
671.0072	0.04480000000000928	RippleTimeIntervals					671.0304	6.454532526633721	
671.6528000000001	0.030399999999985994	RippleTimeIntervals					671.6664000000001	1.1558351696444733	
672.0696	0.02800000000002001	RippleTimeIntervals					672.0792	1.2431328917401963	
674.2856	0.030399999999985994	RippleTimeIntervals					674.2984	0.7245321609039516	
675.4768	0.03600000000005821	RippleTimeIntervals					675.5048	2.443892929509446	
675.9728	0.02640000000008058	RippleTimeIntervals					675.9776	0.6321799888017857	
676.4928	0.03920000000005075	RippleTimeIntervals					676.5120000000001	3.5935818010039067	
678.7424000000001	0.06079999999997199	RippleTimeIntervals					678.7768	3.712208084236761	
686.384	0.061599999999998545	RippleTimeIntervals					686.428	2.4791999861070284	
688.7528	0.03200000000003911	RippleTimeIntervals					688.7584	0.9685963854512648	
689.8352	0.024800000000027467	RippleTimeIntervals					689.8472	0.618206374391537	
690.264	0.03120000000001255	RippleTimeIntervals					690.288	0.4790420070999478	
690.7424000000001	0.02479999999991378	RippleTimeIntervals					690.7512	1.2211816953537655	
695.7032	0.04959999999994125	RippleTimeIntervals					695.7320000000001	2.129268479096493	
697.0584	0.08960000000001855	RippleTimeIntervals					697.1264	1.3167604266614457	
697.7416000000001	0.06639999999993051	RippleTimeIntervals					697.7632	3.2199119302300505	
698.244	0.024800000000027467	RippleTimeIntervals					698.2608	2.252481506597218	
698.392	0.048800000000028376	RippleTimeIntervals					698.4048	2.0067643342927646	
698.98	0.03200000000003911	RippleTimeIntervals					698.9896	1.574141435181921	
699.08	0.02400000000000091	RippleTimeIntervals					699.0968	0.6712394614327876	
702.3208000000001	0.020800000000008367	RippleTimeIntervals					702.3336	1.157463551054006	
702.4384	0.020800000000008367	RippleTimeIntervals					702.4440000000001	1.0416506831805676	
707.3192	0.03679999999997108	RippleTimeIntervals					707.3432	0.9910868527939738	
707.9936	0.033599999999978536	RippleTimeIntervals					708.0032	0.9193189187376662	
708.5944000000001	0.10719999999992069	RippleTimeIntervals					708.6744	3.031219855404326	
709.1008	0.033599999999978536	RippleTimeIntervals					709.1272	0.4085127351134394	
709.5192000000001	0.023199999999974352	RippleTimeIntervals					709.5288	0.8838204727129602	
712.2592000000001	0.07839999999998781	RippleTimeIntervals					712.3296	2.4138568978897275	
712.7984	0.04800000000000182	RippleTimeIntervals					712.832	3.628497842733905	
715.5656	0.03440000000000509	RippleTimeIntervals					715.5912000000001	1.6385001634259597	
718.7520000000001	0.023199999999974352	RippleTimeIntervals					718.768	1.6031536086149496	
722.0352	0.03920000000005075	RippleTimeIntervals					722.0664	1.083876972403966	
723.816	0.04240000000004329	RippleTimeIntervals					723.8264	2.285334819840819	
725.2672	0.02400000000000091	RippleTimeIntervals					725.284	1.1268372699395324	
725.9568	0.03520000000003165	RippleTimeIntervals					725.9688	1.2662257795288396	
726.5648	0.032800000000065666	RippleTimeIntervals					726.5848000000001	0.7397672727097799	
726.6568000000001	0.07839999999998781	RippleTimeIntervals					726.716	1.546255432421279	
727.5904	0.025599999999940337	RippleTimeIntervals					727.6088000000001	0.8294688074750604	
728.9896	0.029600000000073123	RippleTimeIntervals					729.0112	1.4805002879305125	
729.128	0.058400000000006	RippleTimeIntervals					729.1424000000001	1.78371716838392	
731.1872000000001	0.03120000000001255	RippleTimeIntervals					731.2072000000001	3.2488790107735883	
731.3224	0.06960000000003674	RippleTimeIntervals					731.3424	1.6794610583252225	
736.1864	0.02400000000000091	RippleTimeIntervals					736.1912	0.6864807478041136	
744.1848	0.028800000000046566	RippleTimeIntervals					744.1944000000001	0.8507290808102556	
744.2512	0.023199999999974352	RippleTimeIntervals					744.2696000000001	0.6062226371434402	
744.568	0.07680000000004839	RippleTimeIntervals					744.5856	1.642599974344637	
744.7568	0.024800000000027467	RippleTimeIntervals					744.764	2.142125604255184	
744.8496	0.09519999999997708	RippleTimeIntervals					744.932	1.8628210753197474	
752.7112000000001	0.02719999999999345	RippleTimeIntervals					752.7296	1.7222309249468821	
753.3568	0.024800000000027467	RippleTimeIntervals					753.368	3.8762662150468437	
755.8000000000001	0.02800000000002001	RippleTimeIntervals					755.82	0.4839050696497702	
756.0	29.0	SleepStates							WAKEstate
784.9552	0.02800000000002001	RippleTimeIntervals					784.9704	2.062613505709636	
786.0	425.0	SleepStates							NREMstate
786.4912	0.025599999999940337	RippleTimeIntervals					786.5088000000001	3.0280521847813264	
786.6528000000001	0.022399999999947795	RippleTimeIntervals					786.6672000000001	0.9165898766612058	
789.3256	0.02800000000002001	RippleTimeIntervals					789.3368	2.5639709259772263	
789.748	0.02400000000000091	RippleTimeIntervals					789.7632	0.9173448154186777	
790.44	0.06719999999995707	RippleTimeIntervals					790.4968	2.495748992293746	
791.26	0.03920000000005075	RippleTimeIntervals					791.2776	1.5875087556130216	
791.908	0.04480000000000928	RippleTimeIntervals					791.9352	2.1817240786680694	
792.7328	0.045600000000035834	RippleTimeIntervals					792.7488000000001	5.498456172425014	
798.3128	0.021600000000034925	RippleTimeIntervals					798.3272000000001	0.9426712113330811	
798.384	0.061599999999998545	RippleTimeIntervals					798.4248	2.7695515159263007	
802.5752	0.08320000000003347	RippleTimeIntervals					802.6376	3.683716238300341	
803.6608	0.05600000000004002	RippleTimeIntervals					803.6728	1.343847136688736	
803.8136000000001	0.026399999999966894	RippleTimeIntervals					803.8280000000001	1.887094794582933	
804.0024000000001	0.020800000000008367	RippleTimeIntervals					804.0104	1.1449962521587023	
804.1048000000001	0.03440000000000509	RippleTimeIntervals					804.1232	1.6808926243138709	
804.336	0.048800000000028376	RippleTimeIntervals					804.3752000000001	3.0232388059988966	
804.7584	0.023199999999974352	RippleTimeIntervals					804.7768000000001	0.4646624601939671	
804.9192	0.020800000000008367	RippleTimeIntervals					804.9240000000001	0.7742575873362377	
805.2128	0.04240000000004329	RippleTimeIntervals					805.2368	1.8665605556212597	
805.8688000000001	0.03999999999996362	RippleTimeIntervals					805.8832	0.9294600813917092	
806.1056000000001	0.021599999999921238	RippleTimeIntervals					806.1104	1.1055101769829603	
806.3264	0.04480000000000928	RippleTimeIntervals					806.3496	6.218763435930237	
806.4792	0.04079999999999018	RippleTimeIntervals					806.504	1.54253640629541	
806.7912	0.06960000000003674	RippleTimeIntervals					806.8136000000001	0.8791183696574781	
806.9952000000001	0.025599999999940337	RippleTimeIntervals					807.008	2.6777998184780927	
807.4000000000001	0.08719999999993888	RippleTimeIntervals					807.4384	3.114627491905758	
809.244	0.056800000000066575	RippleTimeIntervals					809.2728000000001	2.7156787532556113	
819.8688000000001	0.025599999999940337	RippleTimeIntervals					819.8824000000001	0.5504702482749982	
819.9656	0.05440000000010059	RippleTimeIntervals					819.9864	1.7398218198826825	
824.0768	0.02719999999999345	RippleTimeIntervals					824.096	0.7475130411306292	
825.0568000000001	0.030399999999985994	RippleTimeIntervals					825.0648	1.7902072891127954	
825.8608	0.04800000000000182	RippleTimeIntervals					825.8912	0.8090966668598086	
826.8744	0.03279999999995198	RippleTimeIntervals					826.9032000000001	0.6615864841757746	
828.3136000000001	0.03440000000000509	RippleTimeIntervals					828.34	1.8931080891472483	
828.6952	0.05119999999999436	RippleTimeIntervals					828.712	1.1551979331305806	
830.2352000000001	0.020800000000008367	RippleTimeIntervals					830.2456000000001	0.5281708521542258	
830.8448000000001	0.03440000000000509	RippleTimeIntervals					830.8648000000001	1.225217799513244	
831.4016	0.03600000000005821	RippleTimeIntervals					831.4248	0.5132031764372144	
831.5288	0.021600000000034925	RippleTimeIntervals					831.5424	1.051336469515639	
835.1360000000001	0.023199999999974352	RippleTimeIntervals					835.152	0.8698150169876021	
838.4048	0.04399999999998272	RippleTimeIntervals					838.4136000000001	3.287467809413904	
840.1704000000001	0.08559999999999945	RippleTimeIntervals					840.1904000000001	2.624778053885297	
841.1136	0.03600000000005821	RippleTimeIntervals					841.1336	3.730076257696864	
841.5608000000001	0.05679999999995289	RippleTimeIntervals					841.5976	3.359817767464839	
842.3824000000001	0.06399999999996453	RippleTimeIntervals					842.3928000000001	1.4749623511186527	
842.5448	0.05040000000008149	RippleTimeIntervals					842.5736	5.1847579665431445	
843.9816000000001	0.09519999999997708	RippleTimeIntervals					844.0440000000001	1.3240886196837183	
844.212	0.07120000000008986	RippleTimeIntervals					844.2320000000001	1.6163739627577165	
846.6536000000001	0.04399999999998272	RippleTimeIntervals					846.6592	0.7523983287194743	
846.8192	0.022400000000061482	RippleTimeIntervals					846.8344000000001	1.470138966398876	
847.2696000000001	0.03199999999992542	RippleTimeIntervals					847.2936000000001	1.576102418909019	
847.4696	0.06560000000001764	RippleTimeIntervals					847.4896	2.214890931921703	
847.6192000000001	0.08799999999996544	RippleTimeIntervals					847.64	3.2497766073915835	
847.9464	0.028800000000046566	RippleTimeIntervals					847.9584000000001	2.035566184589216	
849.0224000000001	0.030399999999985994	RippleTimeIntervals					849.0352	0.8549624862509014	
849.5368000000001	0.022399999999947795	RippleTimeIntervals					849.5464000000001	1.1076054776193291	
852.6472	0.024800000000027467	RippleTimeIntervals					852.6608	3.8100460326383603	
863.5648	0.03200000000003911	RippleTimeIntervals					863.5888	2.0622642066378947	
863.8392	0.05520000000001346	RippleTimeIntervals					863.8872	0.6104599771982524	
864.1432000000001	0.029599999999959437	RippleTimeIntervals					864.1512	4.218083997880518	
864.2656000000001	0.03840000000002419	RippleTimeIntervals					864.2936000000001	4.459482741858475	
865.2008000000001	0.03919999999993706	RippleTimeIntervals					865.2272	1.8659306934399127	
865.364	0.03440000000000509	RippleTimeIntervals					865.3736	0.854316705425807	
865.4584000000001	0.038399999999910506	RippleTimeIntervals					865.4680000000001	1.2976693934223613	
866.312	0.02800000000002001	RippleTimeIntervals					866.3168000000001	0.5560223799234952	
866.4104000000001	0.030399999999985994	RippleTimeIntervals					866.4328	2.235205555155201	
866.9960000000001	0.034399999999891406	RippleTimeIntervals					867.0064	1.0433971553248054	
870.196	0.02719999999999345	RippleTimeIntervals					870.2072000000001	1.0773267905924684	
870.408	0.04079999999999018	RippleTimeIntervals					870.4384	4.659498431705478	
870.5704000000001	0.07359999999994216	RippleTimeIntervals					870.6144	1.850950749371763	
870.8096	0.05119999999999436	RippleTimeIntervals					870.8352	4.573513848560522	
870.9336000000001	0.04319999999995616	RippleTimeIntervals					870.9528	4.7282346785045535	
871.1928	0.037599999999997635	RippleTimeIntervals					871.2168	2.0767589939201185	
871.8664	0.05360000000007403	RippleTimeIntervals					871.8936	2.2893025868185144	
871.9928	0.036800000000084765	RippleTimeIntervals					872.0096000000001	1.1387013462855806	
872.1176	0.03679999999997108	RippleTimeIntervals					872.1352	4.548103154844866	
872.6048000000001	0.05599999999992633	RippleTimeIntervals					872.6448	1.5908361512528515	
873.2992	0.020800000000008367	RippleTimeIntervals					873.308	1.953632628035354	
874.2456000000001	0.07519999999999527	RippleTimeIntervals					874.268	2.2265352245905237	
874.4016	0.056800000000066575	RippleTimeIntervals					874.4408000000001	2.8290234299585606	
875.7624000000001	0.053599999999960346	RippleTimeIntervals					875.7856	2.602310420421367	
875.9136000000001	0.025599999999940337	RippleTimeIntervals					875.9232000000001	2.361319333282073	
876.0328000000001	0.03199999999992542	RippleTimeIntervals					876.056	0.40474835318800023	
876.32	0.053599999999960346	RippleTimeIntervals					876.3288	1.2678266662481605	
876.5368000000001	0.04719999999997526	RippleTimeIntervals					876.5728	3.6945874557395566	
886.5584	0.05920000000003256	RippleTimeIntervals					886.5904	4.404388772058116	
888.3224	0.03200000000003911	RippleTimeIntervals					888.344	2.2710843268067467	
889.2264	0.02719999999999345	RippleTimeIntervals					889.2368	0.45176427475305264	
890.6744	0.02640000000008058	RippleTimeIntervals					890.6872000000001	0.8271987379675839	
892.8472	0.03120000000001255	RippleTimeIntervals					892.8552000000001	0.6276132466274142	
893.004	0.048800000000028376	RippleTimeIntervals					893.0376	2.147322656916846	
900.5768	0.028800000000046566	RippleTimeIntervals					900.5928	2.724174535702663	
900.8512000000001	0.033599999999978536	RippleTimeIntervals					900.8664	2.1119803970638817	
901.0504000000001	0.03999999999996362	RippleTimeIntervals					901.0832	3.360566670486231	
901.6832	0.05119999999999436	RippleTimeIntervals					901.716	4.913107325886393	
902.096	0.02400000000000091	RippleTimeIntervals					902.104	2.708526516089512	
902.7144000000001	0.048800000000028376	RippleTimeIntervals					902.724	2.280192796292168	
903.0376	0.08400000000006003	RippleTimeIntervals					903.0728	2.80792878727873	
903.2224	0.032800000000065666	RippleTimeIntervals					903.2416000000001	3.123821728053041	
903.7304	0.041600000000016735	RippleTimeIntervals					903.7496	1.7382650992900064	
905.1744	0.03040000000009968	RippleTimeIntervals					905.1848	0.6568201392829347	
905.2992	0.041600000000016735	RippleTimeIntervals					905.3184	2.1110802733968144	
906.0920000000001	0.04800000000000182	RippleTimeIntervals					906.1104	1.0767134894403292	
907.1056000000001	0.04479999999989559	RippleTimeIntervals					907.1304	2.2006022522546833	
907.5944000000001	0.09600000000000364	RippleTimeIntervals					907.6728	1.8443155303270224	
907.7448	0.04399999999998272	RippleTimeIntervals					907.7696000000001	1.9312075240890045	
908.0336000000001	0.02879999999993288	RippleTimeIntervals					908.052	4.280169934936946	
908.4904	0.03520000000003165	RippleTimeIntervals					908.5120000000001	1.7197418024264712	
908.8584000000001	0.03999999999996362	RippleTimeIntervals					908.8872	3.199136762441425	
908.9192	0.057599999999979445	RippleTimeIntervals					908.9440000000001	0.6450100670525757	
909.5096000000001	0.026399999999966894	RippleTimeIntervals					909.5288	0.6140234819177892	
912.1824	0.030399999999985994	RippleTimeIntervals					912.1976000000001	1.8666109829376782	
912.2552000000001	0.03840000000002419	RippleTimeIntervals					912.2664000000001	2.3083732772104075	
912.3224	0.020800000000008367	RippleTimeIntervals					912.3344000000001	0.6068336611048619	
913.5264000000001	0.022399999999947795	RippleTimeIntervals					913.5408	0.6713451256096149	
913.6448	0.024800000000027467	RippleTimeIntervals					913.6624	0.45090317967149707	
913.7624000000001	0.03840000000002419	RippleTimeIntervals					913.7936000000001	1.0718558971995646	
915.1048000000001	0.020800000000008367	RippleTimeIntervals					915.1128	0.9172248968574244	
920.4152	0.03840000000002419	RippleTimeIntervals					920.4384	1.3467717382455227	
920.7336	0.030399999999985994	RippleTimeIntervals					920.7384000000001	0.7202682447299573	
921.1696000000001	0.061599999999998545	RippleTimeIntervals					921.1952	0.9822194715573519	
921.4656	0.03600000000005821	RippleTimeIntervals					921.4808	4.114833504623796	
921.7216000000001	0.038399999999910506	RippleTimeIntervals					921.748	0.5280544524267051	
922.4216	0.03600000000005821	RippleTimeIntervals					922.4256	0.44987491164945714	
922.8288	0.02640000000008058	RippleTimeIntervals					922.8408000000001	1.1671501536202344	
925.0128000000001	0.033599999999978536	RippleTimeIntervals					925.0184	0.4142950363554437	
925.1856	0.04320000000006985	RippleTimeIntervals					925.2080000000001	1.5576113764182447	
926.3872	0.04720000000008895	RippleTimeIntervals					926.3976	0.6172951286345434	
926.5904	0.04319999999995616	RippleTimeIntervals					926.6208	0.6938628065084391	
928.1936000000001	0.02400000000000091	RippleTimeIntervals					928.2088	2.7667073721886415	
929.436	0.06079999999997199	RippleTimeIntervals					929.4720000000001	5.019222187647063	
939.0416	0.037599999999997635	RippleTimeIntervals					939.0496	1.2018294623065997	
941.9416	0.04720000000008895	RippleTimeIntervals					941.9784000000001	0.9606591742271803	
943.1816	0.04640000000006239	RippleTimeIntervals					943.2176000000001	3.60517647855494	
943.5928	0.06720000000007076	RippleTimeIntervals					943.6528000000001	0.5896280529635368	
943.7040000000001	0.020800000000008367	RippleTimeIntervals					943.7088	0.7957859866221478	
943.8336	0.03279999999995198	RippleTimeIntervals					943.8504	3.8416660020180378	
951.2136	0.020800000000008367	RippleTimeIntervals					951.2264	1.0589972162380086	
953.128	0.029599999999959437	RippleTimeIntervals					953.1376	1.284092151775669	
956.4304000000001	0.03120000000001255	RippleTimeIntervals					956.4376000000001	3.476629968480077	
956.62	0.04240000000004329	RippleTimeIntervals					956.6448	4.705368381493007	
957.0512	0.032800000000065666	RippleTimeIntervals					957.0696	3.574168575657867	
957.4224	0.048800000000028376	RippleTimeIntervals					957.4392	1.238033175361935	
959.4192	0.06719999999995707	RippleTimeIntervals					959.4656	4.737203940721658	
959.5952000000001	0.03199999999992542	RippleTimeIntervals					959.6152000000001	2.4737946212356254	
960.344	0.057599999999979445	RippleTimeIntervals					960.3624000000001	5.708853830545166	
960.4704	0.03520000000003165	RippleTimeIntervals					960.4792	0.7439595564845174	
961.1648	0.0543999999999869	RippleTimeIntervals					961.2032	4.525825178643533	
961.336	0.04000000000007731	RippleTimeIntervals					961.3704	0.8414562618203298	
961.6416	0.024800000000027467	RippleTimeIntervals					961.6456000000001	0.4036730234463405	
963.7072000000001	0.12319999999999709	RippleTimeIntervals					963.7328	3.1217764330498827	
964.5264000000001	0.050399999999967804	RippleTimeIntervals					964.5608000000001	0.7388577841945758	
964.6648	0.021600000000034925	RippleTimeIntervals					964.6784	1.4011330128664432	
967.6600000000001	0.022399999999947795	RippleTimeIntervals					967.6704000000001	4.703351422844273	
967.7456000000001	0.037599999999997635	RippleTimeIntervals					967.7624000000001	2.2093555121720527	
967.8584000000001	0.03919999999993706	RippleTimeIntervals					967.8904	1.6023183790134117	
971.7936000000001	0.04800000000000182	RippleTimeIntervals					971.8096	3.7425084988924993	
971.9584000000001	0.04479999999989559	RippleTimeIntervals					971.9896	1.7051026468865118	
973.1400000000001	0.035199999999917964	RippleTimeIntervals					973.1576	1.1043824212832414	
973.9128000000001	0.058400000000006	RippleTimeIntervals					973.9368000000001	2.593379678796895	
974.1216000000001	0.04480000000000928	RippleTimeIntervals					974.1512	3.6947972460882577	
978.0608000000001	0.033599999999978536	RippleTimeIntervals					978.0808000000001	2.9819362309501125	
982.8424	0.058400000000006	RippleTimeIntervals					982.8632	4.095960851910933	
983.0	0.037599999999997635	RippleTimeIntervals					983.0296000000001	1.6663472576697747	
983.2432	0.036800000000084765	RippleTimeIntervals					983.272	0.48673006423199777	
991.0416	0.057599999999979445	RippleTimeIntervals					991.0696	0.6993019332142896	
996.5088000000001	0.09919999999999618	RippleTimeIntervals					996.604	0.6727412330044801	
997.4824000000001	0.050399999999967804	RippleTimeIntervals					997.5096000000001	3.4049765229488305	
1003.8136000000001	0.033599999999978536	RippleTimeIntervals					1003.832	2.2820109784391924	
1004.6576	0.052800000000047476	RippleTimeIntervals					1004.6792	1.4137338867267475	
1004.7656000000001	0.048800000000028376	RippleTimeIntervals					1004.8064	0.5760080420686077	
1007.2496000000001	0.029599999999959437	RippleTimeIntervals					1007.2664000000001	1.946023575844262	
1008.6608	0.03360000000009222	RippleTimeIntervals					1008.6776000000001	4.247362442054949	
1012.2032	0.041600000000016735	RippleTimeIntervals					1012.2264	1.1083700683029247	
1012.4752000000001	0.03279999999995198	RippleTimeIntervals					1012.4864	1.027285023488174	
1012.7056	0.02719999999999345	RippleTimeIntervals					1012.7248000000001	1.14676200820008	
1014.8384000000001	0.03120000000001255	RippleTimeIntervals					1014.8528	0.917549585710402	
1015.1656	0.06799999999998363	RippleTimeIntervals					1015.2056	3.8609533298798397	
1015.5296000000001	0.053599999999960346	RippleTimeIntervals					1015.556	0.6764467049644173	
1016.1096	0.061599999999998545	RippleTimeIntervals					1016.1552	3.8562371937537017	
1016.2512	0.06000000000005912	RippleTimeIntervals					1016.2824	3.604316941367602	
1018.3584000000001	0.03599999999994452	RippleTimeIntervals					1018.3720000000001	5.321269060947903	
1018.4872	0.033599999999978536	RippleTimeIntervals					1018.5128000000001	2.292180223271294	
1018.6584	0.07439999999996871	RippleTimeIntervals					1018.7136	2.196646701015798	
1020.9904	0.03520000000003165	RippleTimeIntervals					1021.0088000000001	1.1059321570391252	
1021.1696000000001	0.033599999999978536	RippleTimeIntervals					1021.1808000000001	4.019021341612873	
1022.2864000000001	0.0543999999999869	RippleTimeIntervals					1022.3256	3.869784565569632	
1023.1512	0.04719999999997526	RippleTimeIntervals					1023.1744000000001	1.738029168355808	
1023.6672000000001	0.038399999999910506	RippleTimeIntervals					1023.6944000000001	1.515480764554778	
1023.8088	0.04079999999999018	RippleTimeIntervals					1023.8496	0.47079465563614525	
1023.9592	0.032800000000065666	RippleTimeIntervals					1023.988	0.4655676961449792	
1027.376	0.03440000000000509	RippleTimeIntervals					1027.3968	2.099389855666928	
1027.7704	0.02479999999991378	RippleTimeIntervals					1027.7832	0.7619378469483955	
1030.0144	0.044800000000122964	RippleTimeIntervals					1030.0344	4.5756003619237635	
1031.2024000000001	0.022399999999834108	RippleTimeIntervals					1031.2208	0.9431329637645722	
1032.3008	0.022400000000061482	RippleTimeIntervals					1032.3152	0.5813353369091996	
1033.4176	0.02560000000016771	RippleTimeIntervals					1033.4296	0.4556826269857878	
1035.4632000000001	0.04239999999981592	RippleTimeIntervals					1035.4976000000001	4.60137702104294	
1035.8248	0.05520000000001346	RippleTimeIntervals					1035.8624	3.5705878679369287	
1035.9864	0.03760000000011132	RippleTimeIntervals					1036.0024	2.7162546412580486	
1036.1264	0.07999999999992724	RippleTimeIntervals					1036.1984	2.833948605387158	
1036.9328	0.05760000000009313	RippleTimeIntervals					1036.9656	2.4433925308863533	
1037.1968	0.052000000000134605	RippleTimeIntervals					1037.2176	1.6060209894928306	
1037.4024	0.02320000000008804	RippleTimeIntervals					1037.4048	0.4585090681215043	
1038.356	0.02719999999999345	RippleTimeIntervals					1038.376	1.4200077200286911	
1040.0712	0.023199999999860665	RippleTimeIntervals					1040.0904	0.647266189597702	
1040.7936	0.05600000000004002	RippleTimeIntervals					1040.8184	3.290975249975183	
1041.4104	0.03920000000016444	RippleTimeIntervals					1041.4376	2.2840431130520344	
1042.7752	0.02479999999991378	RippleTimeIntervals					1042.7888	0.992267353136182	
1043.28	0.049600000000054933	RippleTimeIntervals					1043.3216	1.3008611238096948	
1043.8032	0.05919999999991887	RippleTimeIntervals					1043.848	0.9598571997950438	
1046.1000000000001	0.0624000000000251	RippleTimeIntervals					1046.1488	0.6999714540726009	
1048.2208	0.06880000000001019	RippleTimeIntervals					1048.2640000000001	2.788490442734311	
1048.3664	0.07359999999994216	RippleTimeIntervals					1048.4096	2.6234807096196526	
1048.5800000000002	0.026399999999966894	RippleTimeIntervals					1048.584	0.6256835965749288	
1049.084	0.08400000000006003	RippleTimeIntervals					1049.1296	1.929672646313699	
1049.24	0.03840000000013788	RippleTimeIntervals					1049.2616	1.7591235776445895	
1058.6368	0.022400000000061482	RippleTimeIntervals					1058.6512	0.7402178271134539	
1061.2816	0.04559999999992215	RippleTimeIntervals					1061.3072	3.0684615356358553	
1062.2328	0.07120000000008986	RippleTimeIntervals					1062.2616	2.918062356792207	
1062.3272	0.08400000000006003	RippleTimeIntervals					1062.3872000000001	2.7149757276134285	
1062.66	0.05040000000008149	RippleTimeIntervals					1062.7024000000001	1.7849127817004946	
1064.932	0.03440000000000509	RippleTimeIntervals					1064.9584	1.0608028353905898	
1067.9968000000001	0.02719999999999345	RippleTimeIntervals					1068.008	1.5076760790720316	
1068.6576	0.024000000000114596	RippleTimeIntervals					1068.6648	2.104871147264543	
1069.8368	0.03040000000009968	RippleTimeIntervals					1069.8424	1.2878806419076034	
1070.1664	0.03759999999988395	RippleTimeIntervals					1070.1704	0.5508213519837893	
1071.3200000000002	0.051199999999880674	RippleTimeIntervals					1071.3624	3.590650957695891	
1073.8264000000001	0.05999999999994543	RippleTimeIntervals					1073.8528000000001	1.2888337421613325	
1075.4608	0.023999999999887223	RippleTimeIntervals					1075.472	1.6093831278894732	
1075.6032	0.03279999999995198	RippleTimeIntervals					1075.624	5.653253762550392	
1075.7744	0.02800000000002001	RippleTimeIntervals					1075.788	0.7672702613923292	
1076.8408	0.03360000000020591	RippleTimeIntervals					1076.8576	0.6749524546192033	
1078.4296000000002	0.023199999999860665	RippleTimeIntervals					1078.4448	1.7781495927896058	
1078.8176	0.02800000000002001	RippleTimeIntervals					1078.8304	1.0090978157046198	
1078.8752	0.061599999999998545	RippleTimeIntervals					1078.9224000000002	3.187999713370072	
1080.3128000000002	0.02159999999980755	RippleTimeIntervals					1080.3224	0.7631360364851185	
1080.4096	0.041600000000016735	RippleTimeIntervals					1080.424	1.2263142201910993	
1080.604	0.033599999999978536	RippleTimeIntervals					1080.6208000000001	0.9016936482229632	
1090.2952	0.04240000000004329	RippleTimeIntervals					1090.3072	1.5351409767660729	
1091.8808000000001	0.030399999999872307	RippleTimeIntervals					1091.8912	2.414449634446914	
1092.3952000000002	0.04239999999981592	RippleTimeIntervals					1092.4088000000002	2.2574635336955313	
1094.9904000000001	0.02159999999980755	RippleTimeIntervals					1095.0048000000002	0.890790124754259	
1095.056	0.03919999999993706	RippleTimeIntervals					1095.0776	2.0796685283570646	
1097.8248	0.025599999999940337	RippleTimeIntervals					1097.8336000000002	0.6239974779779753	
1101.6328	0.07199999999988904	RippleTimeIntervals					1101.656	2.709041200525286	
1104.5928000000001	0.04079999999999018	RippleTimeIntervals					1104.6112	2.763448867244259	
1105.4408	0.03279999999995198	RippleTimeIntervals					1105.4424000000001	0.41200779476614763	
1105.9184	0.05600000000004002	RippleTimeIntervals					1105.9456	1.08750522550702	
1107.28	0.05600000000004002	RippleTimeIntervals					1107.3056000000001	3.2134172410068427	
1107.5072	0.06960000000003674	RippleTimeIntervals					1107.5336	4.52433672853458	
1108.348	0.028800000000046566	RippleTimeIntervals					1108.3496	0.492059536478452	
1108.5016	0.020800000000008367	RippleTimeIntervals					1108.5144	0.8169050374039858	
1108.8368	0.03440000000000509	RippleTimeIntervals					1108.848	4.117407944617059	
1111.0872000000002	0.035999999999830834	RippleTimeIntervals					1111.1008000000002	3.360456981285725	
1111.2008	0.06639999999993051	RippleTimeIntervals					1111.2568	2.6974637305805684	
1111.7264	0.06400000000007822	RippleTimeIntervals					1111.7728	2.284834823014899	
1111.872	0.03999999999996362	RippleTimeIntervals					1111.896	1.9161254246593462	
1112.2032000000002	0.030399999999872307	RippleTimeIntervals					1112.212	0.49346131057707027	
1112.3192000000001	0.046399999999948704	RippleTimeIntervals					1112.344	2.759485368506911	
1112.4784	0.03440000000000509	RippleTimeIntervals					1112.5064	1.2445854941572942	
1115.1232	0.024800000000141154	RippleTimeIntervals					1115.1408000000001	0.7177077219625828	
1116.3728	0.06639999999993051	RippleTimeIntervals					1116.4112	3.7060409179205833	
1117.9192	0.03279999999995198	RippleTimeIntervals					1117.9312	1.1675102892696734	
1118.0384000000001	0.033599999999978536	RippleTimeIntervals					1118.064	2.9145548857267993	
1118.2192	0.05600000000004002	RippleTimeIntervals					1118.2416	3.2109567759827713	
1124.0408	0.03999999999996362	RippleTimeIntervals					1124.064	1.373577901827799	
1124.1696	0.03600000000005821	RippleTimeIntervals					1124.1944	0.8556123522779678	
1129.4264	0.031199999999898864	RippleTimeIntervals					1129.4528	1.1988201707430775	
1131.824	0.026399999999966894	RippleTimeIntervals					1131.8432	0.7852170892103065	
1135.5352	0.04079999999999018	RippleTimeIntervals					1135.56	0.7641896387405874	
1135.6344000000001	0.08399999999983265	RippleTimeIntervals					1135.6688000000001	1.5642989833329626	
1137.1352000000002	0.02719999999999345	RippleTimeIntervals					1137.1512	1.292132571695549	
1137.2096000000001	0.02959999999984575	RippleTimeIntervals					1137.2176	0.5114224808797704	
1139.5728000000001	0.04079999999999018	RippleTimeIntervals					1139.6032	3.985659191253591	
1139.6912	0.044800000000122964	RippleTimeIntervals					1139.7128	3.5096957963299555	
1142.6368	0.04560000000014952	RippleTimeIntervals					1142.6688000000001	0.4260327371411246	
1145.3344	0.03840000000013788	RippleTimeIntervals					1145.3616	0.622842743388082	
1145.452	0.02560000000016771	RippleTimeIntervals					1145.4688	1.3084851447948629	
1146.636	0.03520000000003165	RippleTimeIntervals					1146.6632	0.6726294761364934	
1146.748	0.031199999999898864	RippleTimeIntervals					1146.7616	1.2276281181917585	
1146.8488	0.04800000000000182	RippleTimeIntervals					1146.8832	1.3861959685481116	
1147.9488000000001	0.02959999999984575	RippleTimeIntervals					1147.9616	1.2602966225646013	
1148.6912	0.028800000000046566	RippleTimeIntervals					1148.7008	2.9133683971545135	
1148.9592	0.02320000000008804	RippleTimeIntervals					1148.968	1.5892449199559713	
1155.3896	0.07920000000012806	RippleTimeIntervals					1155.4448	3.733747374397983	
1156.516	0.06960000000003674	RippleTimeIntervals					1156.5392000000002	2.0133329870093446	
1157.0768	0.05520000000001346	RippleTimeIntervals					1157.116	1.6068904640449462	
1157.1912	0.06560000000013133	RippleTimeIntervals					1157.2288	4.50045246133437	
1160.7648000000002	0.02479999999991378	RippleTimeIntervals					1160.7728	1.012505915661096	
1161.8376	0.03520000000003165	RippleTimeIntervals					1161.8536000000001	4.252141119461393	
1161.9912000000002	0.031199999999898864	RippleTimeIntervals					1162.0072	3.2457436936486905	
1162.4656	0.020800000000008367	RippleTimeIntervals					1162.4704000000002	1.0433348901043549	
1162.5896	0.020800000000008367	RippleTimeIntervals					1162.6024	1.665266990887512	
1162.7008	0.026399999999966894	RippleTimeIntervals					1162.7048	0.5840836276405942	
1163.8952000000002	0.028799999999819192	RippleTimeIntervals					1163.9176	0.4415153211334002	
1168.1168	0.048800000000028376	RippleTimeIntervals					1168.1504	2.54314719083314	
1168.1896000000002	0.02159999999980755	RippleTimeIntervals					1168.1976	2.0496940071519734	
1168.3104	0.12799999999992906	RippleTimeIntervals					1168.3272	2.0799731978777505	
1168.8168	0.05279999999993379	RippleTimeIntervals					1168.8368	5.060054119462339	
1176.7344	0.04240000000004329	RippleTimeIntervals					1176.7536	1.5640460066885833	
1176.8344	0.0784000000001015	RippleTimeIntervals					1176.8576	1.0875216296132297	
1177.1024	0.056800000000066575	RippleTimeIntervals					1177.1312	4.65812089877381	
1177.2224	0.05759999999986576	RippleTimeIntervals					1177.2616	0.7224540217067124	
1177.5056	0.07120000000008986	RippleTimeIntervals					1177.5616	3.696489023492351	
1178.6464	0.0543999999999869	RippleTimeIntervals					1178.6752000000001	2.0970305533949465	
1178.8880000000001	0.04719999999997526	RippleTimeIntervals					1178.8968	1.6174939165924913	
1179.4976000000001	0.035999999999830834	RippleTimeIntervals					1179.5304	0.45570701604232305	
1179.6464	0.04079999999999018	RippleTimeIntervals					1179.6616000000001	0.9992366290269011	
1179.912	0.04240000000004329	RippleTimeIntervals					1179.9248	2.4870979069893853	
1180.528	0.025599999999940337	RippleTimeIntervals					1180.5496	0.5756221131529411	
1186.5792000000001	0.04079999999999018	RippleTimeIntervals					1186.6088	5.994536505885405	
1188.88	0.025599999999940337	RippleTimeIntervals					1188.8880000000001	0.8842651048150448	
1189.7992000000002	0.020800000000008367	RippleTimeIntervals					1189.8120000000001	1.540289198281878	
1190.1960000000001	0.07919999999990068	RippleTimeIntervals					1190.2608	1.6275419939762759	
1190.3488	0.02719999999999345	RippleTimeIntervals					1190.3608000000002	0.5977451380182964	
1191.7888	0.03919999999993706	RippleTimeIntervals					1191.8016	0.6680088162662045	
1191.9224000000002	0.02719999999999345	RippleTimeIntervals					1191.9424000000001	1.812026890798258	
1192.2624	0.02320000000008804	RippleTimeIntervals					1192.2712000000001	0.5650477076928275	
1194.896	0.04079999999999018	RippleTimeIntervals					1194.9088000000002	1.6146094120535723	
1194.9608	0.04800000000000182	RippleTimeIntervals					1194.9752	1.6909947998964856	
1195.1032	0.05999999999994543	RippleTimeIntervals					1195.112	2.461703040638028	
1200.6712	0.05520000000001346	RippleTimeIntervals					1200.7016	0.727141820144485	
1201.9856	0.09600000000000364	RippleTimeIntervals					1202.0576	1.6965844528548821	
1202.3064000000002	0.028799999999819192	RippleTimeIntervals					1202.328	0.6203732120595299	
1204.8536000000001	0.05279999999993379	RippleTimeIntervals					1204.8944000000001	1.9297984856596986	
1204.9608	0.04079999999999018	RippleTimeIntervals					1204.9712	1.6931344641043735	
1212.0	51.0	SleepStates							REMstate
1235.608	0.09600000000000364	RippleTimeIntervals					1235.636	1.2162546011509798	
1235.904	0.07280000000014297	RippleTimeIntervals					1235.9208	1.446099792007918	
1236.1008000000002	0.04399999999986903	RippleTimeIntervals					1236.1376	1.375699710233363	
1237.7888	0.036800000000084765	RippleTimeIntervals					1237.808	1.5553976489741106	
1244.2832	0.021600000000034925	RippleTimeIntervals					1244.2920000000001	0.6078139560220184	
1245.2408	0.03199999999992542	RippleTimeIntervals					1245.2648000000002	1.2421320198836403	
1245.3584	0.020800000000008367	RippleTimeIntervals					1245.3712	0.5565288552316303	
1246.0464	0.026400000000194268	RippleTimeIntervals					1246.0520000000001	0.4727222243650711	
1248.044	0.030399999999872307	RippleTimeIntervals					1248.0592000000001	0.8327956795900572	
1248.324	0.020800000000008367	RippleTimeIntervals					1248.3400000000001	0.4930616829111837	
1248.4448	0.03999999999996362	RippleTimeIntervals					1248.4728	0.6860065571243461	
1250.4096	0.026400000000194268	RippleTimeIntervals					1250.4288000000001	0.5115233711784277	
1250.6456	0.03279999999995198	RippleTimeIntervals					1250.6576	1.0192138469964227	
1250.9544	0.06400000000007822	RippleTimeIntervals					1250.9776000000002	2.0933804756392487	
1251.4096	0.03600000000005821	RippleTimeIntervals					1251.4384	0.9597432154349558	
1253.8368	0.031200000000126238	RippleTimeIntervals					1253.8448	0.9571845828200313	
1261.044	0.03440000000000509	RippleTimeIntervals					1261.0752	0.43957331121502696	
1264.0	34.0	SleepStates							WAKEstate
1274.2952	0.020800000000008367	RippleTimeIntervals					1274.3144	0.4090229471094405	
1281.6056	0.03440000000000509	RippleTimeIntervals					1281.632	1.9763744976045323	
1290.0672	0.05280000000016116	RippleTimeIntervals					1290.0824	2.921433479737953	
1290.6032	0.032000000000152795	RippleTimeIntervals					1290.6272000000001	1.863263145997488	
1292.5744	0.02320000000008804	RippleTimeIntervals					1292.5864000000001	3.0003948394555224	
1295.8464000000001	0.02719999999999345	RippleTimeIntervals					1295.8656	2.222722721752734	
1299.0	350.0	SleepStates							NREMstate
1299.9784	0.04320000000006985	RippleTimeIntervals					1299.9968000000001	1.8935917861591818	
1300.0752	0.05120000000010805	RippleTimeIntervals					1300.1064000000001	3.308952366803623	
1300.6336000000001	0.04800000000000182	RippleTimeIntervals					1300.6704	4.248714778411094	
1301.3512	0.03279999999995198	RippleTimeIntervals					1301.3672000000001	2.0028048159745437	
1304.8216	0.03760000000011132	RippleTimeIntervals					1304.8296	3.283930021930335	
1309.2144	0.0727999999999156	RippleTimeIntervals					1309.2584000000002	3.5761221061772903	
1314.1024	0.048800000000028376	RippleTimeIntervals					1314.1248	1.195641299308478	
1314.5208	0.022400000000061482	RippleTimeIntervals					1314.536	1.1939335052067437	
1315.1864	0.044000000000096406	RippleTimeIntervals					1315.204	2.346978542609031	
1316.4672	0.04240000000004329	RippleTimeIntervals					1316.5040000000001	1.1281959646756816	
1317.392	0.020800000000008367	RippleTimeIntervals					1317.4048	0.9393192897353791	
1317.8648	0.022400000000061482	RippleTimeIntervals					1317.8696	0.6260370585169922	
1318.4104	0.024800000000141154	RippleTimeIntervals					1318.4208	0.5818575243939907	
1320.3784	0.09999999999990905	RippleTimeIntervals					1320.4624000000001	4.405257522295752	
1323.5448000000001	0.03759999999988395	RippleTimeIntervals					1323.5536	3.035440951385993	
1324.5496	0.05199999999990723	RippleTimeIntervals					1324.5800000000002	1.7375343739802196	
1324.8808000000001	0.043199999999842476	RippleTimeIntervals					1324.9088000000002	2.74588331632577	
1328.3176	0.03759999999988395	RippleTimeIntervals					1328.348	0.9022661607758976	
1329.5976	0.05199999999990723	RippleTimeIntervals					1329.6096	0.8942969823537427	
1333.5208	0.03920000000016444	RippleTimeIntervals					1333.5496	0.8526541088785535	
1334.752	0.03520000000003165	RippleTimeIntervals					1334.7696	2.023717797761538	
1334.9056	0.03199999999992542	RippleTimeIntervals					1334.92	0.8645725576450408	
1340.428	0.03440000000000509	RippleTimeIntervals					1340.4456	6.108813749094188	
1340.5352	0.05120000000010805	RippleTimeIntervals					1340.5624	2.8399309971989086	
1340.6824000000001	0.026399999999966894	RippleTimeIntervals					1340.6936	1.2868218810781542	
1340.7864	0.04640000000017608	RippleTimeIntervals					1340.8032	0.5234276288350621	
1341.6424	0.03040000000009968	RippleTimeIntervals					1341.66	1.4691994597983447	
1342.26	0.03840000000013788	RippleTimeIntervals					1342.2736	1.7421411990488875	
1342.4096	0.024000000000114596	RippleTimeIntervals					1342.4264	1.2688756087935982	
1342.604	0.02719999999999345	RippleTimeIntervals					1342.6232	1.2088186446226823	
1342.9008000000001	0.08799999999996544	RippleTimeIntervals					1342.9752	4.073692601086369	
1343.0672	0.05360000000018772	RippleTimeIntervals					1343.0976	1.7005857047642217	
1343.5736000000002	0.030399999999872307	RippleTimeIntervals					1343.5824	1.20141976574138	
1343.8272000000002	0.02719999999999345	RippleTimeIntervals					1343.8328000000001	0.5220893878053104	
1343.88	0.023999999999887223	RippleTimeIntervals					1343.8928	2.8636100261561714	
1344.0104000000001	0.02800000000002001	RippleTimeIntervals					1344.0264	3.4478144048564716	
1344.22	0.03040000000009968	RippleTimeIntervals					1344.2344	2.7640726813262613	
1344.3792	0.053599999999960346	RippleTimeIntervals					1344.4152000000001	2.885089492536709	
1344.528	0.04320000000006985	RippleTimeIntervals					1344.5504	1.028006953950563	
1344.896	0.04240000000004329	RippleTimeIntervals					1344.9152000000001	1.0341509540381273	
1345.5032	0.03279999999995198	RippleTimeIntervals					1345.5144	3.4140080111008895	
1346.2064	0.06719999999995707	RippleTimeIntervals					1346.2456	2.4904010801743715	
1346.588	0.04800000000000182	RippleTimeIntervals					1346.6096	1.389461755408446	
1347.6072000000001	0.025599999999940337	RippleTimeIntervals					1347.6256	0.42494373598770513	
1354.9872	0.044000000000096406	RippleTimeIntervals					1354.992	0.5850138031511101	
1355.3152	0.03279999999995198	RippleTimeIntervals					1355.3200000000002	0.7867243764038393	
1355.6816000000001	0.0624000000000251	RippleTimeIntervals					1355.7056	2.2862897637442994	
1355.9152000000001	0.04719999999997526	RippleTimeIntervals					1355.9416	4.290217817118545	
1356.212	0.05600000000004002	RippleTimeIntervals					1356.2504000000001	1.5331741084337969	
1356.9392	0.03520000000003165	RippleTimeIntervals					1356.9504000000002	1.6087493768286087	
1357.6456	0.033599999999978536	RippleTimeIntervals					1357.672	0.8081908255676009	
1357.9456	0.032000000000152795	RippleTimeIntervals					1357.9704000000002	1.0952573542306014	
1359.2912000000001	0.021600000000034925	RippleTimeIntervals					1359.2968	0.8028471698320975	
1359.4088000000002	0.02800000000002001	RippleTimeIntervals					1359.4176	1.49090564733039	
1361.7264	0.13599999999996726	RippleTimeIntervals					1361.8512	2.8349143450473937	
1362.3400000000001	0.02719999999999345	RippleTimeIntervals					1362.3496	1.815407992681491	
1364.904	0.03040000000009968	RippleTimeIntervals					1364.9176	0.914281887869855	
1366.4984000000002	0.12959999999998217	RippleTimeIntervals					1366.6072000000001	1.8950856208220763	
1366.7072	0.05040000000008149	RippleTimeIntervals					1366.7248	1.7676328383282773	
1367.4832000000001	0.030399999999872307	RippleTimeIntervals					1367.4936	0.9706776287485921	
1367.5848	0.04800000000000182	RippleTimeIntervals					1367.6256	0.662980063278399	
1368.1288	0.06880000000001019	RippleTimeIntervals					1368.1816000000001	4.093553059159416	
1368.652	0.021600000000034925	RippleTimeIntervals					1368.6576	0.7034483030197369	
1368.748	0.04800000000000182	RippleTimeIntervals					1368.7576000000001	1.6075449313794437	
1376.6424	0.06080000000019936	RippleTimeIntervals					1376.6768	4.526630732292378	
1376.7736	0.044800000000122964	RippleTimeIntervals					1376.7856000000002	3.56738434099115	
1377.7264	0.053599999999960346	RippleTimeIntervals					1377.7368000000001	5.542571256191476	
1379.16	0.04320000000006985	RippleTimeIntervals					1379.1808	2.448969044877863	
1380.5536	0.09360000000015134	RippleTimeIntervals					1380.64	2.0249997594706377	
1383.3896	0.02560000000016771	RippleTimeIntervals					1383.3952000000002	2.3600856482636616	
1388.6560000000002	0.03199999999992542	RippleTimeIntervals					1388.6712	4.230161473208217	
1390.5488	0.03520000000003165	RippleTimeIntervals					1390.5632	1.3515005768356148	
1390.7632	0.03440000000000509	RippleTimeIntervals					1390.7888	1.6274493063426068	
1391.3224	0.09200000000009823	RippleTimeIntervals					1391.3528000000001	3.4710830077211776	
1391.4976000000001	0.06319999999982429	RippleTimeIntervals					1391.5216	3.693486409298867	
1391.6456	0.11840000000006512	RippleTimeIntervals					1391.7352	2.5334061274259527	
1392.3256000000001	0.02719999999999345	RippleTimeIntervals					1392.336	0.9323841643422328	
1392.4744	0.06320000000005166	RippleTimeIntervals					1392.5048000000002	2.00516482583141	
1393.3408000000002	0.04719999999997526	RippleTimeIntervals					1393.3744000000002	2.458356706988609	
1393.968	0.06880000000001019	RippleTimeIntervals					1394.0184000000002	2.255675441388018	
1394.6752000000001	0.0647999999998774	RippleTimeIntervals					1394.7256	2.555445768723348	
1394.8696	0.05360000000018772	RippleTimeIntervals					1394.9048	2.2971985889563777	
1396.6632	0.024000000000114596	RippleTimeIntervals					1396.6760000000002	0.8637307457462864	
1396.7608	0.04240000000004329	RippleTimeIntervals					1396.7824	1.421524505259372	
1396.8528000000001	0.023199999999860665	RippleTimeIntervals					1396.8632	0.5583837900388541	
1397.5648	0.06799999999998363	RippleTimeIntervals					1397.5768	4.356251505244881	
1397.788	0.10000000000013642	RippleTimeIntervals					1397.8016	1.6664140222695034	
1398.2472	0.024800000000141154	RippleTimeIntervals					1398.2568	0.508493728606913	
1400.7416	0.03040000000009968	RippleTimeIntervals					1400.7648000000002	2.063092806378476	
1403.892	0.08240000000000691	RippleTimeIntervals					1403.9504000000002	2.965077612470447	
1404.048	0.05760000000009313	RippleTimeIntervals					1404.0728000000001	3.248975272726512	
1404.3184	0.03759999999988395	RippleTimeIntervals					1404.3472000000002	2.5202171921967205	
1404.636	0.020000000000209184	RippleTimeIntervals					1404.6416000000002	0.5660676562269594	
1405.1544000000001	0.0567999999998392	RippleTimeIntervals					1405.1984	2.276514461000049	
1405.3672000000001	0.038399999999910506	RippleTimeIntervals					1405.376	1.4714379627650676	
1405.8568	0.04079999999999018	RippleTimeIntervals					1405.8768	2.7802787332826364	
1406.2456	0.052000000000134605	RippleTimeIntervals					1406.276	3.093425141094609	
1406.3552	0.05040000000008149	RippleTimeIntervals					1406.3936	1.793590920634287	
1408.9824	0.05999999999994543	RippleTimeIntervals					1409.0232	2.428711872297792	
1413.5688	0.026399999999966894	RippleTimeIntervals					1413.5768	2.3060582822539546	
1413.6448	0.03520000000003165	RippleTimeIntervals					1413.6584	1.126181270529641	
1413.7544	0.02320000000008804	RippleTimeIntervals					1413.7592	1.2612515639273951	
1415.8408000000002	0.038399999999910506	RippleTimeIntervals					1415.852	0.6136239411784087	
1417.588	0.03840000000013788	RippleTimeIntervals					1417.6216000000002	0.4814376474405514	
1417.912	0.04800000000000182	RippleTimeIntervals					1417.952	2.595595504592138	
1420.0816	0.03440000000000509	RippleTimeIntervals					1420.0952	2.7473800419130447	
1420.1576	0.029600000000073123	RippleTimeIntervals					1420.172	0.6734884483198601	
1421.3312	0.053599999999960346	RippleTimeIntervals					1421.344	1.8922908997713714	
1422.2104000000002	0.06880000000001019	RippleTimeIntervals					1422.2488	4.1410919633642935	
1422.3456	0.05919999999991887	RippleTimeIntervals					1422.3712	2.542786884771223	
1422.7784000000001	0.03999999999996362	RippleTimeIntervals					1422.8072	1.7551518045057346	
1424.6752000000001	0.033599999999978536	RippleTimeIntervals					1424.6952	1.6553242756512616	
1425.1992	0.05520000000001346	RippleTimeIntervals					1425.2128	2.060605487455023	
1426.132	0.02719999999999345	RippleTimeIntervals					1426.1368	1.3060969765813044	
1436.1680000000001	0.04399999999986903	RippleTimeIntervals					1436.1952	0.604086530814317	
1437.104	0.03520000000003165	RippleTimeIntervals					1437.1216000000002	0.6877719085652277	
1437.3416	0.068000000000211	RippleTimeIntervals					1437.3496	2.2617175361698405	
1437.5192	0.024000000000114596	RippleTimeIntervals					1437.5272	0.921966555243845	
1437.6576	0.06640000000015789	RippleTimeIntervals					1437.6816000000001	3.3667583991376038	
1438.1944	0.02800000000002001	RippleTimeIntervals					1438.2152	0.9357389431355995	
1438.2536	0.09360000000015134	RippleTimeIntervals					1438.324	1.6940660617826169	
1439.6056	0.05919999999991887	RippleTimeIntervals					1439.64	2.197116886030131	
1439.7352	0.0543999999999869	RippleTimeIntervals					1439.7728	4.3272207963304306	
1439.8968	0.02560000000016771	RippleTimeIntervals					1439.9104	0.6353234364381215	
1450.2056	0.06880000000001019	RippleTimeIntervals					1450.212	0.7500182371370065	
1450.304	0.023999999999887223	RippleTimeIntervals					1450.3128000000002	2.2689428807789556	
1450.3928	0.03199999999992542	RippleTimeIntervals					1450.4144000000001	4.157601548659963	
1450.5136	0.05520000000001346	RippleTimeIntervals					1450.5552	2.5298983904654317	
1450.6416000000002	0.06079999999997199	RippleTimeIntervals					1450.6808	4.705886597185319	
1450.756	0.038399999999910506	RippleTimeIntervals					1450.7784000000001	3.711072271981911	
1452.9944	0.02320000000008804	RippleTimeIntervals					1453.0104000000001	0.5685503090728483	
1454.8104	0.022400000000061482	RippleTimeIntervals					1454.8176	1.4390823024837094	
1454.9232000000002	0.031199999999898864	RippleTimeIntervals					1454.9464	2.4763549570743506	
1455.2336	0.08159999999998035	RippleTimeIntervals					1455.3072	1.2870197834327777	
1456.2128	0.03840000000013788	RippleTimeIntervals					1456.2264	2.659483718099024	
1456.4368000000002	0.028799999999819192	RippleTimeIntervals					1456.4456	2.534512890625939	
1456.5992	0.026399999999966894	RippleTimeIntervals					1456.6072000000001	1.0960691196008132	
1456.7848000000001	0.05600000000004002	RippleTimeIntervals					1456.8200000000002	3.1610307887325364	
1466.384	0.05840000000011969	RippleTimeIntervals					1466.3952000000002	3.568265395550549	
1466.7464	0.03600000000005821	RippleTimeIntervals					1466.7576000000001	3.216076350333126	
1472.3472000000002	0.14799999999991087	RippleTimeIntervals					1472.4872	1.1565176991593002	
1473.7896	0.026399999999966894	RippleTimeIntervals					1473.7984000000001	0.5218141392710609	
1473.8480000000002	0.05759999999986576	RippleTimeIntervals					1473.8952000000002	2.1865087506600513	
1474.0152	0.04320000000006985	RippleTimeIntervals					1474.0296	5.806597322507441	
1474.1464	0.04559999999992215	RippleTimeIntervals					1474.184	1.7415211082203192	
1474.3328000000001	0.028800000000046566	RippleTimeIntervals					1474.3464000000001	0.9786793853665213	
1474.8864	0.03919999999993706	RippleTimeIntervals					1474.9024000000002	3.5149498668915387	
1475.0544	0.033599999999978536	RippleTimeIntervals					1475.0744	3.1244893166525665	
1478.8216	0.021600000000034925	RippleTimeIntervals					1478.8352	1.0739149725091997	
1479.948	0.07919999999990068	RippleTimeIntervals					1480.0120000000002	1.9134308230264063	
1492.0112000000001	0.02479999999991378	RippleTimeIntervals					1492.0192000000002	1.4696481399827608	
1492.0912	0.07519999999999527	RippleTimeIntervals					1492.1448	2.34787593001383	
1492.2632	0.026399999999966894	RippleTimeIntervals					1492.2712000000001	0.7322964890838634	
1492.3736000000001	0.051199999999880674	RippleTimeIntervals					1492.4112	2.4680516852502095	
1492.7808	0.04240000000004329	RippleTimeIntervals					1492.796	3.302003787362102	
1493.3072	0.02719999999999345	RippleTimeIntervals					1493.3304	0.5796175422986504	
1493.4208	0.02800000000002001	RippleTimeIntervals					1493.4288000000001	2.11514431690178	
1493.8288	0.03840000000013788	RippleTimeIntervals					1493.8408000000002	4.59211353880938	
1494.3856	0.06799999999998363	RippleTimeIntervals					1494.4432000000002	3.640364276639758	
1494.9584	0.040000000000190994	RippleTimeIntervals					1494.9872	2.9117806633428067	
1495.5856	0.03520000000003165	RippleTimeIntervals					1495.6072000000001	1.1752101152696877	
1495.9152000000001	0.020800000000008367	RippleTimeIntervals					1495.924	0.7407490202206867	
1497.5656000000001	0.04479999999989559	RippleTimeIntervals					1497.5904	0.7520048176717208	
1497.7968	0.025599999999940337	RippleTimeIntervals					1497.8152	0.891884707792704	
1498.5888	0.021600000000034925	RippleTimeIntervals					1498.5976	0.7225150992626371	
1498.852	0.02719999999999345	RippleTimeIntervals					1498.8632	2.199646071260909	
1499.9288000000001	0.023199999999860665	RippleTimeIntervals					1499.9336	0.45722826011571227	
1500.5496	0.03999999999996362	RippleTimeIntervals					1500.5704	1.8580495510034607	
1504.6744	0.028800000000046566	RippleTimeIntervals					1504.6872	0.7186485737192582	
1510.9976000000001	0.033599999999978536	RippleTimeIntervals					1511.0072	0.8134955260469057	
1511.4336	0.03520000000003165	RippleTimeIntervals					1511.452	1.4163715676483615	
1511.5736000000002	0.04800000000000182	RippleTimeIntervals					1511.6136000000001	0.8165030181184005	
1511.9936	0.048800000000028376	RippleTimeIntervals					1512.0152	4.7162668000810575	
1513.0792000000001	0.04559999999992215	RippleTimeIntervals					1513.1008000000002	3.588398780259614	
1514.3888000000002	0.06880000000001019	RippleTimeIntervals					1514.4064	2.1037950608248055	
1515.4192	0.04320000000006985	RippleTimeIntervals					1515.4416	2.474289049817596	
1518.3456	0.04800000000000182	RippleTimeIntervals					1518.3608000000002	1.2522115983702602	
1518.4544	0.05999999999994543	RippleTimeIntervals					1518.5040000000001	1.374193220705021	
1518.5936000000002	0.088799999999992	RippleTimeIntervals					1518.6080000000002	3.526162085923689	
1521.6072000000001	0.02719999999999345	RippleTimeIntervals					1521.6152000000002	0.5045817852159202	
1521.8864	0.020800000000008367	RippleTimeIntervals					1521.892	0.587974012199868	
1526.556	0.05760000000009313	RippleTimeIntervals					1526.5928000000001	2.4077126026809563	
1526.6816000000001	0.030399999999872307	RippleTimeIntervals					1526.7088	0.5680495964088004	
1526.8504	0.02800000000002001	RippleTimeIntervals					1526.8592	1.216762710350002	
1526.9008000000001	0.04399999999986903	RippleTimeIntervals					1526.9336	2.7621975054145214	
1527.0464000000002	0.027999999999792635	RippleTimeIntervals					1527.0608	1.1905914529932287	
1527.6456	0.02800000000002001	RippleTimeIntervals					1527.6592	3.0700987258685695	
1527.7864000000002	0.02959999999984575	RippleTimeIntervals					1527.8112	0.7259685359270763	
1528.4984000000002	0.02959999999984575	RippleTimeIntervals					1528.5152	1.3038044300593798	
1529.2368000000001	0.02959999999984575	RippleTimeIntervals					1529.2520000000002	2.1598827498270725	
1537.9368000000002	0.05999999999994543	RippleTimeIntervals					1537.9672	3.064619704918749	
1539.1648	0.032000000000152795	RippleTimeIntervals					1539.1776	0.4664950906134852	
1539.3808000000001	0.04399999999986903	RippleTimeIntervals					1539.4016000000001	1.5798286867633917	
1540.3112	0.03279999999995198	RippleTimeIntervals					1540.3232	0.6580781441105717	
1541.1784	0.021600000000034925	RippleTimeIntervals					1541.1864	0.7270837345744876	
1541.6192	0.025599999999940337	RippleTimeIntervals					1541.636	3.591184259594319	
1541.7176000000002	0.05999999999994543	RippleTimeIntervals					1541.7616	1.421946889535113	
1541.9136	0.038399999999910506	RippleTimeIntervals					1541.9256	1.099443508914478	
1544.3608000000002	0.030399999999872307	RippleTimeIntervals					1544.3696	0.4362899977944465	
1544.7008	0.03999999999996362	RippleTimeIntervals					1544.7344	1.1080908248141859	
1544.9056	0.053599999999960346	RippleTimeIntervals					1544.9472	3.248839244670396	
1545.8064000000002	0.041600000000016735	RippleTimeIntervals					1545.8200000000002	0.6487802981494063	
1546.1792	0.020800000000008367	RippleTimeIntervals					1546.184	0.48696605497415774	
1546.4792	0.029600000000073123	RippleTimeIntervals					1546.5016	0.5146011404351571	
1547.1888000000001	0.03279999999995198	RippleTimeIntervals					1547.2144	0.48298966442176117	
1547.9416	0.03199999999992542	RippleTimeIntervals					1547.9608	1.0912986603594688	
1548.9776000000002	0.06399999999985084	RippleTimeIntervals					1549.0008	2.1726126432748853	
1549.3432	0.03040000000009968	RippleTimeIntervals					1549.3664	0.8612379966890997	
1549.492	0.044800000000122964	RippleTimeIntervals					1549.5120000000002	2.23780167250668	
1549.9136	0.05040000000008149	RippleTimeIntervals					1549.9408	1.567539879585355	
1550.0896	0.05760000000009313	RippleTimeIntervals					1550.1208000000001	1.711408237286535	
1551.5344	0.03280000000017935	RippleTimeIntervals					1551.5504	1.0986327074364577	
1552.9024000000002	0.03199999999992542	RippleTimeIntervals					1552.9144000000001	0.8016560077903435	
1553.688	0.06719999999995707	RippleTimeIntervals					1553.7256	1.8233788193158915	
1554.6512	0.024800000000141154	RippleTimeIntervals					1554.6560000000002	1.0860312885727712	
1558.14	0.021600000000034925	RippleTimeIntervals					1558.1448	0.6331089772404501	
1559.7296000000001	0.02959999999984575	RippleTimeIntervals					1559.7384000000002	2.105851300325149	
1560.1536	0.02320000000008804	RippleTimeIntervals					1560.1688000000001	1.1550462273768105	
1566.2792000000002	0.02159999999980755	RippleTimeIntervals					1566.2968	0.4641296753487954	
1566.4368000000002	0.020800000000008367	RippleTimeIntervals					1566.4528	0.43164010020737525	
1567.2552	0.06079999999997199	RippleTimeIntervals					1567.2912000000001	2.5849356383898883	
1567.7472	0.04719999999997526	RippleTimeIntervals					1567.7728000000002	5.348522593975297	
1572.4976000000001	0.02479999999991378	RippleTimeIntervals					1572.5032	1.2233867010082875	
1573.3184	0.053599999999960346	RippleTimeIntervals					1573.3392000000001	4.756543402750047	
1573.4712000000002	0.03440000000000509	RippleTimeIntervals					1573.4936	0.8972701350290674	
1573.8952000000002	0.03999999999996362	RippleTimeIntervals					1573.9184	1.713709760586454	
1573.996	0.02719999999999345	RippleTimeIntervals					1574.0152	0.9059788905069586	
1574.8704	0.03520000000003165	RippleTimeIntervals					1574.8872000000001	2.348725870411526	
1574.9688	0.06559999999990396	RippleTimeIntervals					1575.0112000000001	4.033302009747656	
1575.892	0.04240000000004329	RippleTimeIntervals					1575.9184	2.453671810699694	
1576.0784	0.03520000000003165	RippleTimeIntervals					1576.0968	1.9762596435400088	
1577.0528000000002	0.03199999999992542	RippleTimeIntervals					1577.0608	2.5257724323204633	
1577.1336000000001	0.03999999999996362	RippleTimeIntervals					1577.1536	4.017325881842787	
1577.3576	0.05040000000008149	RippleTimeIntervals					1577.3792	2.2584961967326014	
1578.3944000000001	0.026399999999966894	RippleTimeIntervals					1578.4168	0.511560340089836	
1578.468	0.02719999999999345	RippleTimeIntervals					1578.4824	1.6016151821746438	
1578.6312	0.031200000000126238	RippleTimeIntervals					1578.6552000000001	2.231385597161913	
1584.2344	0.044800000000122964	RippleTimeIntervals					1584.2440000000001	2.1305899862745004	
1584.3136000000002	0.04800000000000182	RippleTimeIntervals					1584.3328000000001	2.5036084088246695	
1584.4408	0.04559999999992215	RippleTimeIntervals					1584.4560000000001	1.2825368833301443	
1586.4312	0.03600000000005821	RippleTimeIntervals					1586.4408	0.762546387007808	
1588.564	0.06400000000007822	RippleTimeIntervals					1588.6200000000001	1.4514984125128454	
1590.4808	0.10400000000004184	RippleTimeIntervals					1590.5584000000001	2.5841889299218774	
1590.6288000000002	0.05519999999978609	RippleTimeIntervals					1590.6384	2.1788170325257927	
1591.7704	0.03919999999993706	RippleTimeIntervals					1591.7944	1.1576906108614105	
1592.5536000000002	0.06239999999979773	RippleTimeIntervals					1592.6096	0.591300247217276	
1593.1664	0.03279999999995198	RippleTimeIntervals					1593.1688000000001	0.45768851485239503	
1593.428	0.031199999999898864	RippleTimeIntervals					1593.4368000000002	2.0997774462253953	
1593.7424	0.02800000000002001	RippleTimeIntervals					1593.7656000000002	0.7075058296539604	
1593.8656	0.03999999999996362	RippleTimeIntervals					1593.8736000000001	1.562617608052536	
1594.2016	0.033599999999978536	RippleTimeIntervals					1594.22	2.5287259755862213	
1594.3208	0.02800000000002001	RippleTimeIntervals					1594.3448	0.43099857026334676	
1596.7304000000001	0.028799999999819192	RippleTimeIntervals					1596.7504000000001	1.9041441112908586	
1596.9104	0.028800000000046566	RippleTimeIntervals					1596.932	0.4212902096662352	
1597.528	0.044000000000096406	RippleTimeIntervals					1597.5424	1.6142536062932427	
1600.1624000000002	0.02479999999991378	RippleTimeIntervals					1600.1712	0.6391459704651519	
1602.508	0.02320000000008804	RippleTimeIntervals					1602.5176000000001	1.6228002917682443	
1606.3912	0.024800000000141154	RippleTimeIntervals					1606.4072	1.7227675219080605	
1613.44	0.036800000000084765	RippleTimeIntervals					1613.4560000000001	3.6108007248072806	
1613.6112	0.022400000000061482	RippleTimeIntervals					1613.6264	1.6083432630328756	
1614.508	0.04719999999997526	RippleTimeIntervals					1614.5304	4.471398295142905	
1619.9160000000002	0.035999999999830834	RippleTimeIntervals					1619.9440000000002	0.6594682270260275	
1620.4632000000001	0.030399999999872307	RippleTimeIntervals					1620.4824	2.4884559671182056	
1620.6776	0.03840000000013788	RippleTimeIntervals					1620.6928	4.353813443392258	
1620.9736	0.032000000000152795	RippleTimeIntervals					1620.9832000000001	1.1042195038366915	
1623.104	0.025599999999940337	RippleTimeIntervals					1623.1088	0.5549297805788972	
1624.8704	0.02560000000016771	RippleTimeIntervals					1624.892	0.42225177808312014	
1625.0688	0.03999999999996362	RippleTimeIntervals					1625.1008000000002	2.0399805442552927	
1625.4872	0.021600000000034925	RippleTimeIntervals					1625.4984000000002	6.041291302101563	
1625.9424000000001	0.05199999999990723	RippleTimeIntervals					1625.9824	2.367040343568364	
1626.1184	0.024000000000114596	RippleTimeIntervals					1626.1352000000002	0.977000383795241	
1626.8416	0.02800000000002001	RippleTimeIntervals					1626.8592	2.1621932034053732	
1626.9416	0.022400000000061482	RippleTimeIntervals					1626.9464	0.5819376998717022	
1627.1104	0.032000000000152795	RippleTimeIntervals					1627.1264	1.27466768678696	
1633.6816000000001	0.053599999999960346	RippleTimeIntervals					1633.6936	2.561499668531005	
1634.044	0.04240000000004329	RippleTimeIntervals					1634.0592000000001	1.518865052835334	
1639.5800000000002	0.03199999999992542	RippleTimeIntervals					1639.588	2.434918264411865	
1640.3296	0.03440000000000509	RippleTimeIntervals					1640.3496	1.213614076133581	
1641.1888000000001	0.025599999999940337	RippleTimeIntervals					1641.1936	0.7661540979764503	
1641.5488	0.03440000000000509	RippleTimeIntervals					1641.564	1.8066422239134137	
1642.1848	0.07200000000011642	RippleTimeIntervals					1642.2224	3.634539907344096	
1642.3456	0.02719999999999345	RippleTimeIntervals					1642.3576	3.487734441054573	
1642.4144000000001	0.04719999999997526	RippleTimeIntervals					1642.4392	2.364200628440105	
1642.6152000000002	0.026399999999966894	RippleTimeIntervals					1642.6280000000002	0.6650517898172823	
1642.9528	0.09760000000005675	RippleTimeIntervals					1642.9696000000001	1.1896494970911267	
1643.9536	0.024800000000141154	RippleTimeIntervals					1643.9664	2.2216194148221313	
1650.0	10.0	SleepStates							WAKEstate
1661.0	74.0	SleepStates							NREMstate
1663.932	0.07360000000016953	RippleTimeIntervals					1663.9752	2.8763540143179767	
1665.136	0.09360000000015134	RippleTimeIntervals					1665.1664	4.8065492169019866	
1668.1976000000002	0.02959999999984575	RippleTimeIntervals					1668.2048	1.2534901176869677	
1669.2704	0.02719999999999345	RippleTimeIntervals					1669.2928000000002	1.1768951808027752	
1672.3912	0.024000000000114596	RippleTimeIntervals					1672.404	1.8856265430914716	
1673.0592000000001	0.02800000000002001	RippleTimeIntervals					1673.0792000000001	0.5279074701693327	
1673.4672	0.028800000000046566	RippleTimeIntervals					1673.4888	1.1149427978689375	
1676.1688000000001	0.05520000000001346	RippleTimeIntervals					1676.2096000000001	5.459842121342085	
1683.8816000000002	0.025599999999940337	RippleTimeIntervals					1683.8872000000001	0.9466384502720567	
1686.1336000000001	0.04240000000004329	RippleTimeIntervals					1686.1472	3.105991599316188	
1687.4912000000002	0.058399999999892316	RippleTimeIntervals					1687.5224	5.420611667677403	
1688.0768	0.09040000000004511	RippleTimeIntervals					1688.1344000000001	2.834730159695121	
1688.8648	0.04320000000006985	RippleTimeIntervals					1688.9	2.960343088032695	
1689.0096	0.05919999999991887	RippleTimeIntervals					1689.028	1.2470240386246032	
1692.0736000000002	0.03440000000000509	RippleTimeIntervals					1692.0864000000001	4.782040607415816	
1696.184	0.03760000000011132	RippleTimeIntervals					1696.1936	0.468643821141963	
1699.0488	0.021600000000034925	RippleTimeIntervals					1699.0536000000002	0.6669723052805838	
1700.3680000000002	0.04079999999999018	RippleTimeIntervals					1700.3832	2.9309188297140065	
1700.52	0.03360000000020591	RippleTimeIntervals					1700.5368	0.6654594225608063	
1703.044	0.020800000000008367	RippleTimeIntervals					1703.0568	1.8818914007493786	
1704.996	0.08320000000003347	RippleTimeIntervals					1705.048	1.975397962659746	
1705.1336000000001	0.06799999999998363	RippleTimeIntervals					1705.1616000000001	0.7142413324405018	
1705.3328000000001	0.05759999999986576	RippleTimeIntervals					1705.3448	2.403575706876594	
1708.228	0.020800000000008367	RippleTimeIntervals					1708.2408	2.057340009855032	
1710.208	0.05520000000001346	RippleTimeIntervals					1710.2208	1.4469692760738535	
1710.3400000000001	0.06399999999985084	RippleTimeIntervals					1710.392	3.7856261338435675	
1710.4408	0.02320000000008804	RippleTimeIntervals					1710.4568000000002	1.4516460115190355	
1712.9952	0.02320000000008804	RippleTimeIntervals					1713.0048000000002	0.5424640751568068	
1718.5184000000002	0.021600000000034925	RippleTimeIntervals					1718.5296	0.8601227182708697	
1721.228	0.03520000000003165	RippleTimeIntervals					1721.2592000000002	0.842340411656815	
1721.5352	0.03760000000011132	RippleTimeIntervals					1721.5496	0.880457474684886	
1722.2944	0.022400000000061482	RippleTimeIntervals					1722.3096	0.8877560478879287	
1723.1872	0.026399999999966894	RippleTimeIntervals					1723.192	0.7077295683303328	
1723.4608	0.025599999999940337	RippleTimeIntervals					1723.4784000000002	1.6083142389718064	
1725.048	0.08560000000011314	RippleTimeIntervals					1725.0704	0.8285200634162978	
1725.2552	0.04719999999997526	RippleTimeIntervals					1725.2728000000002	4.571989988908277	
1725.604	0.022400000000061482	RippleTimeIntervals					1725.6136000000001	0.8745980247605887	
1727.6168	0.0944000000001779	RippleTimeIntervals					1727.6864	3.4147317823645804	
1728.2464	0.03600000000005821	RippleTimeIntervals					1728.2544	1.1435314033765287	
1728.5144	0.03920000000016444	RippleTimeIntervals					1728.5496	0.5659876528347635	
1729.2392	0.06640000000015789	RippleTimeIntervals					1729.2808	1.7343399054840176	
1736.0	47.0	SleepStates							WAKEstate
1766.8928	0.036800000000084765	RippleTimeIntervals					1766.9216000000001	1.056782995317418	
1767.1280000000002	0.02719999999999345	RippleTimeIntervals					1767.1472	1.1905746939412232	
1767.4128	0.044800000000122964	RippleTimeIntervals					1767.4416	3.6002858472681454	
1768.2384000000002	0.03679999999985739	RippleTimeIntervals					1768.2672	1.9607905081084274	
1768.4136	0.03279999999995198	RippleTimeIntervals					1768.4360000000001	2.969776144186434	
1769.5664000000002	0.03440000000000509	RippleTimeIntervals					1769.5880000000002	1.0501843754072002	
1770.0392000000002	0.03759999999988395	RippleTimeIntervals					1770.0472	0.7906996280626999	
1773.2	0.044800000000122964	RippleTimeIntervals					1773.2328	0.8721391653075067	
1778.6216000000002	0.04079999999999018	RippleTimeIntervals					1778.6472	2.6704952571438687	
1784.0	194.0	SleepStates							NREMstate
1784.6672	0.046399999999948704	RippleTimeIntervals					1784.7032000000002	2.0920374176259	
1787.3848	0.06320000000005166	RippleTimeIntervals					1787.432	2.8742936292331698	
1788.1312	0.026399999999966894	RippleTimeIntervals					1788.14	0.8036235705886994	
1789.3968	0.05520000000001346	RippleTimeIntervals					1789.4360000000001	2.3238073863842055	
1790.4576000000002	0.0647999999998774	RippleTimeIntervals					1790.488	1.5150041543681934	
1791.9728	0.026399999999966894	RippleTimeIntervals					1791.9912000000002	1.2272378575529312	
1795.2128	0.03760000000011132	RippleTimeIntervals					1795.2296000000001	2.3269664825985394	
1795.328	0.04080000000021755	RippleTimeIntervals					1795.3584	4.614200286747896	
1799.4416	0.08799999999996544	RippleTimeIntervals					1799.5216	2.4197957730191293	
1799.9352000000001	0.02479999999991378	RippleTimeIntervals					1799.9472	0.682526077423463	
1800.3672000000001	0.08799999999996544	RippleTimeIntervals					1800.3960000000002	1.6838904674546409	
1802.3832	0.061599999999998545	RippleTimeIntervals					1802.4048	1.3139528231329496	
1802.8336000000002	0.03520000000003165	RippleTimeIntervals					1802.8600000000001	1.4208111387758438	
1804.9848000000002	0.030399999999872307	RippleTimeIntervals					1805.0032	2.806978070855437	
1805.4928	0.02719999999999345	RippleTimeIntervals					1805.5072	2.0743113398885518	
1808.1280000000002	0.05999999999994543	RippleTimeIntervals					1808.1624000000002	1.9161516721187082	
1809.4168000000002	0.03519999999980428	RippleTimeIntervals					1809.4376	2.4639365149702197	
1810.0576	0.022400000000061482	RippleTimeIntervals					1810.0632	0.5475794582561283	
1810.1488000000002	0.035999999999830834	RippleTimeIntervals					1810.1776	0.9385261538579677	
1812.2440000000001	0.06639999999993051	RippleTimeIntervals					1812.26	3.089731955089693	
1812.6896000000002	0.0543999999999869	RippleTimeIntervals					1812.7136	3.229113340686708	
1813.0800000000002	0.051199999999880674	RippleTimeIntervals					1813.1000000000001	2.7236030275424183	
1813.5112000000001	0.04240000000004329	RippleTimeIntervals					1813.5352	1.585340180128149	
1817.0112000000001	0.08479999999985921	RippleTimeIntervals					1817.0288	1.59274700965107	
1817.1616000000001	0.06079999999997199	RippleTimeIntervals					1817.1736	2.033999457109842	
1823.428	0.023999999999887223	RippleTimeIntervals					1823.4448	0.5627357709015272	
1823.7608	0.04240000000004329	RippleTimeIntervals					1823.7856000000002	1.1881714711163387	
1823.8512	0.052000000000134605	RippleTimeIntervals					1823.8848	1.6890822892579114	
1824.7992000000002	0.033599999999978536	RippleTimeIntervals					1824.8168	1.5632642376989352	
1829.4896	0.05520000000001346	RippleTimeIntervals					1829.5008	2.6468210250580526	
1830.0416	0.08000000000015461	RippleTimeIntervals					1830.084	1.7503598506963933	
1831.1224000000002	0.07999999999992724	RippleTimeIntervals					1831.1952	1.8622052653032806	
1833.5600000000002	0.08240000000000691	RippleTimeIntervals					1833.5832	3.6995216362081598	
1836.6648	0.03760000000011132	RippleTimeIntervals					1836.6856	1.9061830520635044	
1845.5472	0.07360000000016953	RippleTimeIntervals					1845.5824	5.014841557048801	
1847.6192	0.02719999999999345	RippleTimeIntervals					1847.6384	0.8045635783534131	
1848.5608000000002	0.03519999999980428	RippleTimeIntervals					1848.5704	0.4480159295011107	
1849.1168	0.05040000000008149	RippleTimeIntervals					1849.1224000000002	0.4910688674466572	
1850.1096	0.03040000000009968	RippleTimeIntervals					1850.132	3.549048290895046	
1853.5976	0.03919999999993706	RippleTimeIntervals					1853.6128	2.3265553818205524	
1853.776	0.036800000000084765	RippleTimeIntervals					1853.7976	5.327793800645216	
1854.4544	0.03600000000005821	RippleTimeIntervals					1854.472	2.897465174091072	
1854.6312	0.03279999999995198	RippleTimeIntervals					1854.6528	3.487081484186669	
1854.7912000000001	0.026399999999966894	RippleTimeIntervals					1854.8056000000001	2.0041523753373904	
1855.6392	0.053599999999960346	RippleTimeIntervals					1855.6488000000002	1.0346502998027183	
1856.8648	0.03440000000000509	RippleTimeIntervals					1856.8728	3.1123869169321807	
1857.296	0.020800000000008367	RippleTimeIntervals					1857.304	0.47848516581242573	
1864.2744	0.03840000000013788	RippleTimeIntervals					1864.2968	2.6427058305956646	
1864.42	0.028800000000046566	RippleTimeIntervals					1864.4288000000001	4.592465222624673	
1867.0424	0.036800000000084765	RippleTimeIntervals					1867.0552	2.4881369201044246	
1867.172	0.032000000000152795	RippleTimeIntervals					1867.188	2.6461527303847965	
1867.2792000000002	0.03679999999985739	RippleTimeIntervals					1867.3000000000002	1.95240849332881	
1867.4032000000002	0.035999999999830834	RippleTimeIntervals					1867.4176	4.081903850241579	
1867.5408	0.029600000000073123	RippleTimeIntervals					1867.5544	3.6521018876307108	
1871.548	0.036800000000084765	RippleTimeIntervals					1871.5576	1.8075312687372505	
1871.7312000000002	0.07119999999986248	RippleTimeIntervals					1871.7552	0.8928023130669567	
1872.5416	0.09360000000015134	RippleTimeIntervals					1872.5544	3.159020855576605	
1872.7432000000001	0.05919999999991887	RippleTimeIntervals					1872.7912000000001	4.54516682762155	
1874.2816	0.024800000000141154	RippleTimeIntervals					1874.2896	2.8818734364005127	
1874.448	0.05600000000004002	RippleTimeIntervals					1874.4864	2.8488615819429164	
1875.2616	0.0807999999999538	RippleTimeIntervals					1875.3000000000002	0.7979613755066396	
1878.1544000000001	0.030399999999872307	RippleTimeIntervals					1878.1760000000002	0.5219841269022362	
1878.4416	0.04079999999999018	RippleTimeIntervals					1878.4584	1.525262576596669	
1885.5488	0.02320000000008804	RippleTimeIntervals					1885.564	0.6598321733376143	
1886.9024000000002	0.04959999999982756	RippleTimeIntervals					1886.928	2.4834068291531257	
1887.2232000000001	0.02800000000002001	RippleTimeIntervals					1887.236	0.8279292474138628	
1889.1072000000001	0.020800000000008367	RippleTimeIntervals					1889.116	0.7085662859575267	
1889.372	0.04800000000000182	RippleTimeIntervals					1889.3896000000002	1.1110340558301957	
1891.3264000000001	0.031199999999898864	RippleTimeIntervals					1891.336	2.1331680831255557	
1892.6632000000002	0.02959999999984575	RippleTimeIntervals					1892.6728	0.8901069126138824	
1903.728	0.07359999999994216	RippleTimeIntervals					1903.7728000000002	1.5552059842055428	
1905.2160000000001	0.03440000000000509	RippleTimeIntervals					1905.2368000000001	4.714185676544007	
1911.5048000000002	0.023199999999860665	RippleTimeIntervals					1911.5104000000001	0.9064331571870365	
1911.7256	0.04080000000021755	RippleTimeIntervals					1911.7512000000002	3.029766761396604	
1913.2528	0.027200000000220825	RippleTimeIntervals					1913.2576000000001	0.8047659730154505	
1913.7552	0.05040000000008149	RippleTimeIntervals					1913.7872	0.9704979041020995	
1916.0648	0.021600000000034925	RippleTimeIntervals					1916.0776	0.686554762583484	
1916.1568000000002	0.031199999999898864	RippleTimeIntervals					1916.1664	2.723020157302767	
1916.2408	0.052000000000134605	RippleTimeIntervals					1916.2752	2.3442883382140063	
1917.0064	0.04640000000017608	RippleTimeIntervals					1917.0240000000001	4.793106824174184	
1917.3680000000002	0.043199999999842476	RippleTimeIntervals					1917.3808000000001	1.1907762122236658	
1917.8752000000002	0.06079999999997199	RippleTimeIntervals					1917.928	1.5732395434760633	
1918.2032000000002	0.06079999999997199	RippleTimeIntervals					1918.2472	3.683781895975597	
1919.6728	0.021600000000034925	RippleTimeIntervals					1919.6896000000002	0.4898666761912571	
1919.8504	0.05120000000010805	RippleTimeIntervals					1919.8888000000002	0.4935925171883718	
1921.4248	0.028800000000046566	RippleTimeIntervals					1921.4464	2.487793277831143	
1925.0672000000002	0.023999999999887223	RippleTimeIntervals					1925.0832	0.8991484920256398	
1925.4640000000002	0.07119999999986248	RippleTimeIntervals					1925.4848000000002	2.606174350265638	
1925.6064000000001	0.04079999999999018	RippleTimeIntervals					1925.6280000000002	2.280005109297637	
1925.8136000000002	0.030399999999872307	RippleTimeIntervals					1925.8272000000002	4.56494235356439	
1925.9328	0.049600000000054933	RippleTimeIntervals					1925.9536	1.9424376738447655	
1928.9496000000001	0.02959999999984575	RippleTimeIntervals					1928.972	1.032146659856104	
1930.2008	0.05199999999990723	RippleTimeIntervals					1930.2160000000001	4.249999732556196	
1930.3368	0.07120000000008986	RippleTimeIntervals					1930.3968	3.3060041441891146	
1936.96	0.021600000000034925	RippleTimeIntervals					1936.968	0.7370712851651037	
1937.2944	0.047200000000202635	RippleTimeIntervals					1937.304	4.39421091026366	
1937.5248000000001	0.0807999999999538	RippleTimeIntervals					1937.5832	3.5122612673924603	
1938.9888	0.04240000000004329	RippleTimeIntervals					1939.0072	2.898000460502369	
1939.4144000000001	0.05520000000001346	RippleTimeIntervals					1939.44	5.009615251181823	
1939.7544	0.031200000000126238	RippleTimeIntervals					1939.7784000000001	1.20756487183435	
1941.3416000000002	0.02479999999991378	RippleTimeIntervals					1941.3528000000001	0.5692230163571426	
1943.5552	0.04320000000006985	RippleTimeIntervals					1943.5912	0.5601965017297611	
1944.9288000000001	0.041600000000016735	RippleTimeIntervals					1944.9632000000001	1.4534597970612446	
1945.044	0.028800000000046566	RippleTimeIntervals					1945.0648	0.9811418736387331	
1945.7328	0.021600000000034925	RippleTimeIntervals					1945.7464	1.286265994847932	
1945.7792000000002	0.03199999999992542	RippleTimeIntervals					1945.7944	0.7887469957285859	
1948.5968	0.021600000000034925	RippleTimeIntervals					1948.6056	0.5107530652430246	
1949.1424000000002	0.04719999999997526	RippleTimeIntervals					1949.1680000000001	3.4514622199376297	
1950.4360000000001	0.025599999999940337	RippleTimeIntervals					1950.4464	4.797205297691717	
1950.7024000000001	0.031199999999898864	RippleTimeIntervals					1950.7112000000002	1.8231509367717074	
1952.952	0.022400000000061482	RippleTimeIntervals					1952.9632000000001	0.5921242343613494	
1953.0408	0.06320000000005166	RippleTimeIntervals					1953.092	3.187151951660083	
1953.1776	0.06960000000003674	RippleTimeIntervals					1953.24	1.0979521807894037	
1953.3544000000002	0.0647999999998774	RippleTimeIntervals					1953.3856	3.219052995583527	
1953.76	0.03840000000013788	RippleTimeIntervals					1953.7808	1.8407045798920352	
1954.528	0.05520000000001346	RippleTimeIntervals					1954.5472000000002	3.484719592665682	
1955.6976000000002	0.023999999999887223	RippleTimeIntervals					1955.7136	0.9164725935397672	
1955.9648000000002	0.02479999999991378	RippleTimeIntervals					1955.9728	0.5935323049912887	
1959.9656	0.032000000000152795	RippleTimeIntervals					1959.9792	0.4193868732228327	
1968.3400000000001	0.038399999999910506	RippleTimeIntervals					1968.3632	2.6808006647683067	
1969.3008	0.05120000000010805	RippleTimeIntervals					1969.3200000000002	1.2430444122109658	
1971.3552000000002	0.023199999999860665	RippleTimeIntervals					1971.364	0.5157904635548751	
1971.6224000000002	0.02479999999991378	RippleTimeIntervals					1971.6424000000002	0.4268467323110265	
1977.2176000000002	0.06959999999980937	RippleTimeIntervals					1977.2456000000002	2.5263084543756213	
1977.3784	0.028800000000046566	RippleTimeIntervals					1977.3912	0.5250068163117678	
1977.5392000000002	0.03520000000003165	RippleTimeIntervals					1977.5432	0.7199694611969886	
1979.0	30.0	SleepStates							WAKEstate
1990.9440000000002	0.06559999999990396	RippleTimeIntervals					1991.0056000000002	0.765186521208797	
1998.4256	0.04640000000017608	RippleTimeIntervals					1998.4640000000002	1.060194884271798	
2000.8736000000001	0.04719999999997526	RippleTimeIntervals					2000.8888000000002	4.408067594755421	
2004.276	0.05120000000010805	RippleTimeIntervals					2004.3184	0.7328747901372407	
2009.0248000000001	0.02800000000002001	RippleTimeIntervals					2009.0328000000002	0.7804958533948002	
2010.0	341.0	SleepStates							NREMstate
2014.6560000000002	0.06399999999985084	RippleTimeIntervals					2014.6736	0.6657436902624249	
2017.8392000000001	0.05279999999993379	RippleTimeIntervals					2017.8704	1.850691043765583	
2018.2832	0.05520000000001346	RippleTimeIntervals					2018.3168	2.30553349993802	
2018.5648	0.06480000000010477	RippleTimeIntervals					2018.5984	3.5483652841470112	
2020.7672	0.02719999999999345	RippleTimeIntervals					2020.7824	1.4394449383625803	
2020.9224000000002	0.03919999999993706	RippleTimeIntervals					2020.9368000000002	2.8669752944616054	
2021.0888	0.031200000000126238	RippleTimeIntervals					2021.104	3.502014194244796	
2024.7952	0.06560000000013133	RippleTimeIntervals					2024.8328000000001	3.219901498039397	
2024.9840000000002	0.03440000000000509	RippleTimeIntervals					2024.996	1.3474452733722393	
2025.0848	0.026399999999966894	RippleTimeIntervals					2025.1032	0.8835293487363235	
2025.2552	0.10320000000001528	RippleTimeIntervals					2025.3008000000002	2.462830157451764	
2026.2512000000002	0.0567999999998392	RippleTimeIntervals					2026.2720000000002	2.4924210925094714	
2026.4192	0.025599999999940337	RippleTimeIntervals					2026.4352000000001	1.841633435588696	
2026.584	0.04719999999997526	RippleTimeIntervals					2026.616	3.300909614564027	
2027.6832000000002	0.051199999999880674	RippleTimeIntervals					2027.7232000000001	0.8465559643651749	
2030.0216	0.029600000000073123	RippleTimeIntervals					2030.0352	0.8682786346170109	
2031.0456000000001	0.043199999999842476	RippleTimeIntervals					2031.0688	1.5818615767879247	
2033.7352	0.06320000000005166	RippleTimeIntervals					2033.776	0.6174999209558918	
2037.4304000000002	0.053599999999960346	RippleTimeIntervals					2037.4408	4.233381095311614	
2037.5520000000001	0.0704000000000633	RippleTimeIntervals					2037.6112	0.9634641548057125	
2037.6936	0.033599999999978536	RippleTimeIntervals					2037.7040000000002	2.417471016703921	
2038.9552	0.04079999999999018	RippleTimeIntervals					2038.9808	1.2548215059386523	
2041.0192000000002	0.02719999999999345	RippleTimeIntervals					2041.0304	1.7240692099191022	
2042.8664	0.025599999999940337	RippleTimeIntervals					2042.8848	0.9952931114927381	
2043.8672000000001	0.033599999999978536	RippleTimeIntervals					2043.8968	0.6393846973426199	
2045.1448	0.03040000000009968	RippleTimeIntervals					2045.1592	0.8318581574574311	
2045.3296	0.036800000000084765	RippleTimeIntervals					2045.352	2.60320657746583	
2045.4560000000001	0.03759999999988395	RippleTimeIntervals					2045.4696000000001	3.7924825909149043	
2046.4440000000002	0.041600000000016735	RippleTimeIntervals					2046.4560000000001	0.926069998595738	
2047.9064	0.026399999999966894	RippleTimeIntervals					2047.9160000000002	2.4717582429388596	
2048.0472	0.021600000000034925	RippleTimeIntervals					2048.0592	6.049893444296977	
2048.2088	0.048800000000028376	RippleTimeIntervals					2048.2304	0.6596049170634435	
2049.092	0.020799999999780994	RippleTimeIntervals					2049.1008	0.8908941357137494	
2049.3264	0.03680000000031214	RippleTimeIntervals					2049.3488	1.055825352844718	
2049.456	0.051199999999880674	RippleTimeIntervals					2049.4824000000003	1.2044875756351738	
2049.6432	0.055200000000240834	RippleTimeIntervals					2049.6600000000003	1.9874070907659072	
2050.2976	0.03360000000020591	RippleTimeIntervals					2050.3048	0.42501429506220406	
2052.9952000000003	0.022399999999834108	RippleTimeIntervals					2053.0072	5.779147570160921	
2053.0480000000002	0.031199999999898864	RippleTimeIntervals					2053.0664	1.0904412842597584	
2055.7648	0.03680000000031214	RippleTimeIntervals					2055.7792	3.026735479006369	
2056.2456	0.04399999999986903	RippleTimeIntervals					2056.2616000000003	1.3661502995392443	
2056.3616	0.02320000000008804	RippleTimeIntervals					2056.3776000000003	0.6047754816650193	
2056.4352	0.03120000000035361	RippleTimeIntervals					2056.4504	2.7106528590058607	
2057.0480000000002	0.02320000000008804	RippleTimeIntervals					2057.0632	2.423359480316704	
2057.708	0.038399999999910506	RippleTimeIntervals					2057.7168	0.7518511985443878	
2058.0728	0.026400000000194268	RippleTimeIntervals					2058.092	0.9130421642693206	
2060.0176	0.03679999999985739	RippleTimeIntervals					2060.0464	1.3309320297398937	
2061.5184	0.05040000000008149	RippleTimeIntervals					2061.5312	0.792733126149438	
2064.4384	0.0543999999999869	RippleTimeIntervals					2064.4816	3.2595004368314657	
2064.9792	0.0727999999999156	RippleTimeIntervals					2065.0344	2.723280788382721	
2065.3384	0.051199999999880674	RippleTimeIntervals					2065.3696	2.6841026903648353	
2067.3344	0.02719999999999345	RippleTimeIntervals					2067.3392	0.43956936694533555	
2069.9680000000003	0.08799999999973807	RippleTimeIntervals					2070.0	2.389567028220516	
2070.8112	0.04239999999981592	RippleTimeIntervals					2070.84	0.7959292477758872	
2070.8912	0.04960000000028231	RippleTimeIntervals					2070.9344	1.1863711281818776	
2071.0648	0.058399999999892316	RippleTimeIntervals					2071.0984000000003	1.316990871678807	
2071.7584	0.03040000000009968	RippleTimeIntervals					2071.772	0.9195395853614767	
2071.9456	0.058399999999892316	RippleTimeIntervals					2071.9824000000003	1.8476915265273706	
2072.088	0.04639999999972133	RippleTimeIntervals					2072.1128	4.343152911277899	
2072.2968	0.04640000000017608	RippleTimeIntervals					2072.324	2.747568753369815	
2072.716	0.07680000000027576	RippleTimeIntervals					2072.768	2.212503223238724	
2072.8264	0.0704000000000633	RippleTimeIntervals					2072.8464	1.8695456671294837	
2072.9624	0.06000000000040018	RippleTimeIntervals					2073.0136	3.356227636101271	
2074.3856	0.03679999999985739	RippleTimeIntervals					2074.4	2.0612649384043635	
2081.6104	0.06399999999985084	RippleTimeIntervals					2081.6624	0.8507339184960094	
2084.1472	0.032800000000406726	RippleTimeIntervals					2084.1528000000003	0.5286676731409662	
2085.2872	0.03519999999980428	RippleTimeIntervals					2085.3096	1.7172558018449946	
2086.1872000000003	0.022399999999834108	RippleTimeIntervals					2086.192	0.487080404434794	
2086.2456	0.02320000000008804	RippleTimeIntervals					2086.2568	0.673326716242955	
2086.3232000000003	0.027999999999792635	RippleTimeIntervals					2086.3384	3.64845194922154	
2087.0632	0.041600000000016735	RippleTimeIntervals					2087.0712000000003	0.5754211220092825	
2092.8992000000003	0.04399999999986903	RippleTimeIntervals					2092.9272	1.9794860912534855	
2098.9624	0.045600000000376895	RippleTimeIntervals					2098.9816	2.419390197149201	
2100.204	0.021600000000034925	RippleTimeIntervals					2100.208	0.659676852417926	
2100.44	0.03920000000016444	RippleTimeIntervals					2100.4728	0.6184551052808368	
2100.5432	0.04559999999992215	RippleTimeIntervals					2100.5712000000003	2.947207769675287	
2102.9792	0.03040000000009968	RippleTimeIntervals					2103.0016	1.3685884544897278	
2103.9120000000003	0.03440000000000509	RippleTimeIntervals					2103.9416	1.5401016910425005	
2105.0256	0.044800000000122964	RippleTimeIntervals					2105.0416	1.820258157010456	
2105.5672	0.041600000000016735	RippleTimeIntervals					2105.5944	0.6262584061630415	
2105.896	0.022399999999834108	RippleTimeIntervals					2105.9112	0.5332947681095117	
2106.8392	0.032800000000406726	RippleTimeIntervals					2106.8608	1.2541703587896993	
2113.3512	0.03360000000020591	RippleTimeIntervals					2113.3624	1.8639145819058454	
2116.3192	0.022400000000288856	RippleTimeIntervals					2116.3256	1.057924360680308	
2116.5976	0.07600000000002183	RippleTimeIntervals					2116.6472	1.5993786791827544	
2116.7048	0.029600000000300497	RippleTimeIntervals					2116.7200000000003	5.345845285390742	
2121.3592000000003	0.05199999999967986	RippleTimeIntervals					2121.3992000000003	1.2919587145450497	
2126.6304	0.03760000000011132	RippleTimeIntervals					2126.6576	1.147614844190646	
2127.0712000000003	0.03919999999970969	RippleTimeIntervals					2127.0904	3.1530671775882113	
2127.2192	0.03360000000020591	RippleTimeIntervals					2127.2352	3.0735303671300827	
2127.4712	0.04080000000021755	RippleTimeIntervals					2127.4864000000002	1.4571349939199898	
2128.2744000000002	0.03440000000000509	RippleTimeIntervals					2128.288	2.5719167872692865	
2129.6584000000003	0.05359999999973297	RippleTimeIntervals					2129.6704	0.8132501639215296	
2131.04	0.03440000000000509	RippleTimeIntervals					2131.0616	0.6784136797144849	
2131.9184	0.04960000000028231	RippleTimeIntervals					2131.9352	2.3122487084438244	
2133.3256	0.02719999999999345	RippleTimeIntervals					2133.3488	0.6355200363313516	
2141.0512	0.09840000000031068	RippleTimeIntervals					2141.1416	1.850905925325282	
2141.7912	0.05360000000018772	RippleTimeIntervals					2141.8064	3.933377324114611	
2142.8744	0.03040000000009968	RippleTimeIntervals					2142.8872	0.9289923981258638	
2143.3104000000003	0.020799999999780994	RippleTimeIntervals					2143.3160000000003	1.014769946251906	
2145.1456000000003	0.021600000000034925	RippleTimeIntervals					2145.1552	0.7298981132124436	
2148.1144	0.028000000000247383	RippleTimeIntervals					2148.1344	1.4561124456368186	
2148.304	0.02320000000008804	RippleTimeIntervals					2148.3144	0.4448667307229583	
2150.2152	0.02320000000008804	RippleTimeIntervals					2150.2336	0.5871490828799051	
2151.2032	0.02080000000023574	RippleTimeIntervals					2151.2168	1.3948333059141476	
2151.6328000000003	0.020799999999780994	RippleTimeIntervals					2151.6448	0.7044024078664008	
2155.1968	0.022399999999834108	RippleTimeIntervals					2155.2032	0.5775846318698091	
2157.2552	0.02320000000008804	RippleTimeIntervals					2157.2704	1.0366601602542675	
2157.344	0.035200000000259024	RippleTimeIntervals					2157.3584	2.1941087312308976	
2157.8328	0.027999999999792635	RippleTimeIntervals					2157.8416	2.475405445142508	
2159.6552	0.08239999999977954	RippleTimeIntervals					2159.696	0.7633507988797348	
2159.8752	0.03360000000020591	RippleTimeIntervals					2159.8872	1.7780621650973238	
2160.2528	0.027999999999792635	RippleTimeIntervals					2160.2736	0.8822391047829591	
2161.7608	0.052000000000134605	RippleTimeIntervals					2161.7832000000003	1.6314232326172269	
2162.752	0.03920000000016444	RippleTimeIntervals					2162.76	1.1807156671367351	
2164.0848	0.028800000000046566	RippleTimeIntervals					2164.0904	0.6191547719757524	
2165.3792000000003	0.030399999999644933	RippleTimeIntervals					2165.388	1.4272290636586853	
2165.4536000000003	0.0567999999998392	RippleTimeIntervals					2165.5024000000003	2.156396944759716	
2167.668	0.03679999999985739	RippleTimeIntervals					2167.6936	1.8168074816489603	
2167.8768	0.029600000000300497	RippleTimeIntervals					2167.8848000000003	2.838339271899701	
2168.0552000000002	0.022399999999834108	RippleTimeIntervals					2168.0704	1.3908108521850076	
2172.9864000000002	0.031199999999898864	RippleTimeIntervals					2173.0008000000003	1.820878495240085	
2173.3592000000003	0.02639999999973952	RippleTimeIntervals					2173.3784	1.722879205184715	
2173.6432	0.029600000000300497	RippleTimeIntervals					2173.6600000000003	1.154264442897776	
2176.4496	0.044800000000122964	RippleTimeIntervals					2176.4632	0.8333599325910176	
2181.116	0.03999999999996362	RippleTimeIntervals					2181.1408	2.1502340065549292	
2181.8856	0.03999999999996362	RippleTimeIntervals					2181.9064000000003	2.139044926000605	
2182.2104	0.035200000000259024	RippleTimeIntervals					2182.2384	0.45823625300755755	
2182.3352	0.04719999999997526	RippleTimeIntervals					2182.3744	3.0833078948657913	
2182.656	0.026400000000194268	RippleTimeIntervals					2182.6664	0.7021980194747318	
2183.0032	0.05920000000014625	RippleTimeIntervals					2183.0416	3.1455082894648374	
2183.4944	0.05279999999993379	RippleTimeIntervals					2183.5352000000003	3.2529956912124183	
2183.7656	0.03040000000009968	RippleTimeIntervals					2183.784	1.5569514812731997	
2184.6816	0.021600000000034925	RippleTimeIntervals					2184.6944000000003	1.822407242704061	
2190.6296	0.058399999999892316	RippleTimeIntervals					2190.6800000000003	1.1403836107695036	
2194.2664	0.02320000000008804	RippleTimeIntervals					2194.2752	0.5350269631160749	
2194.9728	0.038399999999910506	RippleTimeIntervals					2194.9872	0.6086267299307985	
2195.1664	0.03040000000009968	RippleTimeIntervals					2195.1792	1.2568997386352707	
2195.8048	0.05440000000044165	RippleTimeIntervals					2195.8352	3.4960531481042296	
2195.9248000000002	0.025599999999940337	RippleTimeIntervals					2195.9304	0.929146641914287	
2195.9856	0.026400000000194268	RippleTimeIntervals					2195.9968	2.509877752411184	
2197.7856	0.027999999999792635	RippleTimeIntervals					2197.7960000000003	1.9383309289407917	
2197.9648	0.028800000000046566	RippleTimeIntervals					2197.9784	1.0748021168606914	
2199.0424000000003	0.02959999999984575	RippleTimeIntervals					2199.0640000000003	1.3154768230990184	
2212.8824	0.03120000000035361	RippleTimeIntervals					2212.9064000000003	0.5599772966148582	
2219.1024	0.03519999999980428	RippleTimeIntervals					2219.1272	3.092221642004749	
2220.0448	0.03440000000000509	RippleTimeIntervals					2220.0616	1.368981179821742	
2220.1616	0.04080000000021755	RippleTimeIntervals					2220.1816	2.661893139475601	
2220.7952	0.05680000000029395	RippleTimeIntervals					2220.8392	2.3908025033009106	
2220.9304	0.040799999999762804	RippleTimeIntervals					2220.9464000000003	2.3850529496802677	
2221.3432000000003	0.04320000000006985	RippleTimeIntervals					2221.3544	2.1538254570381996	
2223.3336	0.03920000000016444	RippleTimeIntervals					2223.34	1.142195639961568	
2223.8656	0.02959999999984575	RippleTimeIntervals					2223.8744	1.2493955896104385	
2223.9272	0.02080000000023574	RippleTimeIntervals					2223.9408000000003	1.199996699297309	
2225.12	0.025600000000395084	RippleTimeIntervals					2225.1328000000003	0.9404144097069468	
2226.46	0.023999999999887223	RippleTimeIntervals					2226.4752000000003	1.2060168912822202	
2227.06	0.035200000000259024	RippleTimeIntervals					2227.0688	0.9373747991038921	
2230.4120000000003	0.13279999999986103	RippleTimeIntervals					2230.5176	2.763748424077773	
2231.2576	0.03040000000009968	RippleTimeIntervals					2231.2656	3.6380968790949453	
2234.9712	0.05360000000018772	RippleTimeIntervals					2234.992	1.6344271775847745	
2238.9648	0.04639999999972133	RippleTimeIntervals					2238.9968	1.3650170331229983	
2240.1248	0.02080000000023574	RippleTimeIntervals					2240.1328000000003	4.983859881495371	
2240.4528	0.044800000000122964	RippleTimeIntervals					2240.4656	1.7320301823461262	
2256.2304	0.02080000000023574	RippleTimeIntervals					2256.2384	0.565002525417557	
2257.1672000000003	0.0727999999999156	RippleTimeIntervals					2257.2184	3.061220812993138	
2259.9648	0.027999999999792635	RippleTimeIntervals					2259.9776	2.425030763980028	
2261.0928	0.045600000000376895	RippleTimeIntervals					2261.1024	0.6050511448887446	
2263.916	0.027999999999792635	RippleTimeIntervals					2263.9328	1.5130865252506318	
2264.4448	0.021600000000034925	RippleTimeIntervals					2264.4488	0.5608653355903847	
2269.8952	0.03040000000009968	RippleTimeIntervals					2269.9184	1.42609264921767	
2270.1664	0.03600000000005821	RippleTimeIntervals					2270.1816	4.042080139721498	
2270.416	0.025599999999940337	RippleTimeIntervals					2270.424	4.128430082941868	
2270.7864	0.042400000000270666	RippleTimeIntervals					2270.8088000000002	2.846060593328073	
2272.1936	0.024800000000141154	RippleTimeIntervals					2272.2000000000003	0.6208887306417963	
2272.408	0.024800000000141154	RippleTimeIntervals					2272.424	1.5705730498246975	
2272.4888	0.026400000000194268	RippleTimeIntervals					2272.5016	1.704208352626522	
2272.7088	0.022400000000288856	RippleTimeIntervals					2272.7136	0.6763583631385877	
2272.7760000000003	0.05600000000004002	RippleTimeIntervals					2272.8024	3.6841070804803593	
2273.8328	0.020799999999780994	RippleTimeIntervals					2273.8448000000003	3.4135516035355984	
2277.4680000000003	0.02879999999959182	RippleTimeIntervals					2277.4744	1.4134604189754372	
2277.6008	0.02719999999999345	RippleTimeIntervals					2277.6112000000003	0.909516060830728	
2278.26	0.03440000000000509	RippleTimeIntervals					2278.2648	0.633013593398485	
2279.1704	0.022400000000288856	RippleTimeIntervals					2279.1752	1.112040616098254	
2279.3016000000002	0.03199999999969805	RippleTimeIntervals					2279.3168	5.006169368566322	
2280.4368	0.03920000000016444	RippleTimeIntervals					2280.4552000000003	1.076929410465525	
2282.1528000000003	0.03599999999960346	RippleTimeIntervals					2282.1632	0.6586683444354444	
2283.6832	0.02719999999999345	RippleTimeIntervals					2283.704	1.08339966491813	
2284.072	0.04080000000021755	RippleTimeIntervals					2284.1040000000003	0.5271838285499544	
2286.7912	0.03360000000020591	RippleTimeIntervals					2286.8144	0.9643073589439264	
2292.108	0.020799999999780994	RippleTimeIntervals					2292.1248	0.5034084802381356	
2293.1984	0.03679999999985739	RippleTimeIntervals					2293.2288000000003	0.48599937795924686	
2293.3272	0.028800000000046566	RippleTimeIntervals					2293.3336	1.4839432254853377	
2293.588	0.02719999999999345	RippleTimeIntervals					2293.6072	0.429031366730915	
2294.0808	0.025599999999940337	RippleTimeIntervals					2294.0976	0.8191625788655115	
2295.072	0.04399999999986903	RippleTimeIntervals					2295.1088	1.2018475836549303	
2296.3384	0.024800000000141154	RippleTimeIntervals					2296.3464	1.0684819916604746	
2303.8320000000003	0.023199999999633292	RippleTimeIntervals					2303.8504000000003	0.4001237978025338	
2307.2032	0.028000000000247383	RippleTimeIntervals					2307.2232	0.5976217302210574	
2307.4488	0.024800000000141154	RippleTimeIntervals					2307.4576	1.8163565803284074	
2307.9664000000002	0.03359999999975116	RippleTimeIntervals					2307.9880000000003	0.967206665716756	
2308.0792	0.023999999999887223	RippleTimeIntervals					2308.096	0.7984379495411179	
2312.2648	0.02719999999999345	RippleTimeIntervals					2312.2768	1.0896699653294728	
2312.5424000000003	0.0591999999996915	RippleTimeIntervals					2312.5632	1.0873916629978082	
2313.6896	0.051199999999880674	RippleTimeIntervals					2313.7296	2.7372086001190308	
2315.2752	0.03040000000009968	RippleTimeIntervals					2315.2808	0.6181927305821594	
2315.4992	0.03440000000000509	RippleTimeIntervals					2315.5256	1.878050910665964	
2318.5912000000003	0.02719999999999345	RippleTimeIntervals					2318.5952	0.6241875478500993	
2318.7144000000003	0.08479999999963184	RippleTimeIntervals					2318.7336	1.9890162949151227	
2318.8384	0.051199999999880674	RippleTimeIntervals					2318.8536	3.154564960262053	
2320.6776	0.0727999999999156	RippleTimeIntervals					2320.7224	2.6901871521443326	
2321.2912	0.04080000000021755	RippleTimeIntervals					2321.3144	1.734873410445678	
2323.0176	0.031199999999898864	RippleTimeIntervals					2323.0424000000003	0.6946519686989726	
2323.9912	0.02320000000008804	RippleTimeIntervals					2324.0024000000003	0.4871538878388933	
2327.0480000000002	0.02639999999973952	RippleTimeIntervals					2327.0608	1.8541262812509656	
2329.3784	0.07439999999996871	RippleTimeIntervals					2329.4144	2.586588902401102	
2329.5504	0.028000000000247383	RippleTimeIntervals					2329.5632	1.4377425632164194	
2329.6544	0.05120000000033542	RippleTimeIntervals					2329.6832	1.0138718307643473	
2330.3296	0.04800000000022919	RippleTimeIntervals					2330.3568	1.4412298515847302	
2333.1136	0.02320000000008804	RippleTimeIntervals					2333.1296	1.245388656532695	
2334.2176	0.03840000000036525	RippleTimeIntervals					2334.2232	0.9061959957814069	
2344.944	0.03120000000035361	RippleTimeIntervals					2344.96	1.9101546041379993	
2345.3912	0.02719999999999345	RippleTimeIntervals					2345.4104	2.36687937348614	
2352.0	7.0	SleepStates							WAKEstate
2360.0	11.0	SleepStates							REMstate
2372.0	25.0	SleepStates							WAKEstate
2377.2496	0.04800000000022919	RippleTimeIntervals					2377.2760000000003	1.1151907763954274	
2398.0	21.0	SleepStates							NREMstate
2401.3792000000003	0.030399999999644933	RippleTimeIntervals					2401.4008	2.4021210996621645	
2401.4504	0.03359999999975116	RippleTimeIntervals					2401.4680000000003	3.011796353173858	
2401.6432	0.03440000000000509	RippleTimeIntervals					2401.6512000000002	1.481624359369002	
2402.4656	0.024800000000141154	RippleTimeIntervals					2402.476	1.348876410426864	
2403.5032	0.02320000000008804	RippleTimeIntervals					2403.5184	2.279985033210357	
2403.6400000000003	0.022399999999834108	RippleTimeIntervals					2403.6544	0.8205683040434816	
2405.8824	0.03600000000005821	RippleTimeIntervals					2405.9032	4.473588987747275	
2414.3264	0.028800000000046566	RippleTimeIntervals					2414.3392	2.1227066303235245	
2414.9776	0.08799999999973807	RippleTimeIntervals					2415.0352000000003	1.1167682975629034	
2415.4312	0.028800000000046566	RippleTimeIntervals					2415.4464000000003	1.1123204413463956	
2420.0	8.0	SleepStates							WAKEstate
2429.0	208.0	SleepStates							NREMstate
2430.7448	0.03120000000035361	RippleTimeIntervals					2430.7536	2.0687600003906117	
2431.3456	0.02080000000023574	RippleTimeIntervals					2431.3528	2.4530513385998844	
2432.7072000000003	0.03600000000005821	RippleTimeIntervals					2432.7224	1.1704572064592185	
2432.9232	0.020799999999780994	RippleTimeIntervals					2432.94	0.6718902050070353	
2439.688	0.028800000000046566	RippleTimeIntervals					2439.696	2.2676195522203564	
2441.0528	0.03120000000035361	RippleTimeIntervals					2441.0792	0.8083734677236113	
2441.7576	0.025600000000395084	RippleTimeIntervals					2441.7760000000003	0.9280697683976218	
2443.1176	0.028000000000247383	RippleTimeIntervals					2443.1264	3.6004137125824647	
2443.2432000000003	0.027999999999792635	RippleTimeIntervals					2443.2632000000003	3.6871223295270608	
2444.8272	0.023999999999887223	RippleTimeIntervals					2444.844	1.6915823813080006	
2445.1328000000003	0.0543999999999869	RippleTimeIntervals					2445.1408	1.8844166084091643	
2445.4344	0.041600000000016735	RippleTimeIntervals					2445.4648	1.427286369474463	
2446.2032	0.028000000000247383	RippleTimeIntervals					2446.224	0.484361367397212	
2456.6064	0.047999999999774445	RippleTimeIntervals					2456.6424	1.5083672909652175	
2459.3848000000003	0.021600000000034925	RippleTimeIntervals					2459.3984	0.8198411496475625	
2459.5344	0.026400000000194268	RippleTimeIntervals					2459.5480000000002	0.5498699304039077	
2463.4792	0.04959999999982756	RippleTimeIntervals					2463.5216	2.5717779673508248	
2465.4728	0.06640000000015789	RippleTimeIntervals					2465.5104	1.03230923723312	
2466.5568000000003	0.031199999999898864	RippleTimeIntervals					2466.5712000000003	0.878199277916586	
2467.8352	0.041600000000016735	RippleTimeIntervals					2467.8464	1.1760431977416272	
2468.2536	0.0543999999999869	RippleTimeIntervals					2468.2592	1.509623991690322	
2468.6096000000002	0.03040000000009968	RippleTimeIntervals					2468.6144	0.42625756397665554	
2470.0896000000002	0.024799999999686406	RippleTimeIntervals					2470.1016	1.0113727470079084	
2475.576	0.04400000000032378	RippleTimeIntervals					2475.5936	2.2906366099175512	
2476.5592	0.03999999999996362	RippleTimeIntervals					2476.5752	1.8312136910318209	
2477.3624	0.04559999999992215	RippleTimeIntervals					2477.388	3.9416865925037836	
2477.8888	0.11839999999983775	RippleTimeIntervals					2477.9872	2.0423041681034015	
2479.596	0.02080000000023574	RippleTimeIntervals					2479.6088	1.0988755636531486	
2480.0848	0.09200000000009823	RippleTimeIntervals					2480.1568	1.834145352519498	
2480.476	0.023999999999887223	RippleTimeIntervals					2480.4896000000003	0.5882359654768875	
2481.8424	0.022400000000288856	RippleTimeIntervals					2481.856	1.5370386550014499	
2488.8432000000003	0.03600000000005821	RippleTimeIntervals					2488.856	0.8722913153246793	
2489.2056000000002	0.03919999999970969	RippleTimeIntervals					2489.2136	1.014251313125733	
2489.54	0.03999999999996362	RippleTimeIntervals					2489.572	2.8675251338243464	
2489.86	0.05360000000018772	RippleTimeIntervals					2489.8792000000003	2.6492803568142866	
2490.1616	0.07840000000032887	RippleTimeIntervals					2490.2216000000003	2.840907074711911	
2490.4672	0.023999999999887223	RippleTimeIntervals					2490.4752000000003	1.307927027725032	
2494.6448	0.024800000000141154	RippleTimeIntervals					2494.6536	1.239617594764644	
2496.8392000000003	0.04159999999956199	RippleTimeIntervals					2496.8672	0.9155178880064915	
2498.572	0.04559999999992215	RippleTimeIntervals					2498.5912000000003	0.7316952464739059	
2498.7360000000003	0.03359999999975116	RippleTimeIntervals					2498.7568	0.5019379291631226	
2500.2328	0.022399999999834108	RippleTimeIntervals					2500.2408	1.3130375525038884	
2500.9248000000002	0.041600000000016735	RippleTimeIntervals					2500.9344	0.9162068911618695	
2501.9864000000002	0.03679999999985739	RippleTimeIntervals					2502.0072	3.8201339552521003	
2503.0072	0.041600000000016735	RippleTimeIntervals					2503.012	0.532618902983326	
2503.3	0.03920000000016444	RippleTimeIntervals					2503.3048000000003	0.662894045327639	
2503.6712	0.031199999999898864	RippleTimeIntervals					2503.6984	0.457552976018657	
2505.0056	0.026400000000194268	RippleTimeIntervals					2505.0216	0.8434447332761092	
2509.3096	0.032000000000152795	RippleTimeIntervals					2509.3192	3.437393216730861	
2509.4304	0.031199999999898864	RippleTimeIntervals					2509.4536000000003	1.36529159907421	
2509.9384	0.041600000000016735	RippleTimeIntervals					2509.9576	2.771506111299472	
2517.0808	0.023999999999887223	RippleTimeIntervals					2517.0896000000002	2.095519062641676	
2517.1824	0.03999999999996362	RippleTimeIntervals					2517.192	3.3536380441197067	
2518.1752	0.031199999999898864	RippleTimeIntervals					2518.1904	0.8743549506350861	
2518.9272	0.03040000000009968	RippleTimeIntervals					2518.9504	2.0218738112215853	
2519.0992	0.03600000000005821	RippleTimeIntervals					2519.1312000000003	0.49088491525440553	
2526.7608	0.029600000000300497	RippleTimeIntervals					2526.7832000000003	0.534557226937882	
2526.9056	0.051199999999880674	RippleTimeIntervals					2526.9312	3.083958518475211	
2528.1200000000003	0.06719999999995707	RippleTimeIntervals					2528.1464	1.5280425035712135	
2528.4936000000002	0.04639999999972133	RippleTimeIntervals					2528.5176	2.231947789454959	
2528.5992	0.025599999999940337	RippleTimeIntervals					2528.6088	0.4696497928474801	
2529.5048	0.03999999999996362	RippleTimeIntervals					2529.532	0.9396540910465035	
2530.3384	0.04080000000021755	RippleTimeIntervals					2530.3624	1.1952698520264096	
2530.4992	0.027999999999792635	RippleTimeIntervals					2530.5128	1.4641514930619006	
2531.3032000000003	0.038399999999910506	RippleTimeIntervals					2531.3088000000002	0.5380895334682417	
2531.6816000000003	0.021599999999580177	RippleTimeIntervals					2531.6864	0.5148368318096853	
2534.1344	0.025600000000395084	RippleTimeIntervals					2534.1472000000003	0.9063643256922983	
2534.5064	0.023999999999887223	RippleTimeIntervals					2534.5256	0.5266895130904453	
2539.1344	0.028000000000247383	RippleTimeIntervals					2539.1472000000003	2.786949967716872	
2539.6416	0.022400000000288856	RippleTimeIntervals					2539.6544	1.810115005859566	
2539.7552	0.06719999999995707	RippleTimeIntervals					2539.8152	2.684858657765916	
2546.1256000000003	0.02879999999959182	RippleTimeIntervals					2546.1352	2.0766895864775896	
2546.3392000000003	0.05359999999973297	RippleTimeIntervals					2546.3568	0.886752640953644	
2548.9896000000003	0.04399999999986903	RippleTimeIntervals					2549.0184	3.6818059275162236	
2549.4944	0.055200000000240834	RippleTimeIntervals					2549.5128	1.098858570492058	
2553.9504	0.020799999999780994	RippleTimeIntervals					2553.9672	0.4087882186267598	
2554.1616	0.045600000000376895	RippleTimeIntervals					2554.2024	0.4851005533315562	
2555.1128000000003	0.03519999999980428	RippleTimeIntervals					2555.1432	0.4114348218587114	
2555.6744000000003	0.027999999999792635	RippleTimeIntervals					2555.6904	1.7450648421060544	
2555.8936000000003	0.05519999999978609	RippleTimeIntervals					2555.9208000000003	1.3850118140429002	
2556.5008000000003	0.03919999999970969	RippleTimeIntervals					2556.5152000000003	0.7909400712377828	
2560.3056	0.03360000000020591	RippleTimeIntervals					2560.3144	4.863963370588291	
2561.2256	0.09279999999989741	RippleTimeIntervals					2561.28	2.333449248572869	
2561.4624000000003	0.06559999999990396	RippleTimeIntervals					2561.4896000000003	3.4296075518030844	
2563.7312	0.02719999999999345	RippleTimeIntervals					2563.7512	0.5980171792133754	
2564.7104	0.02400000000034197	RippleTimeIntervals					2564.7160000000003	0.65185133229064	
2566.1344	0.03600000000005821	RippleTimeIntervals					2566.1664	0.5587859820885767	
2567.9056	0.07680000000027576	RippleTimeIntervals					2567.9208000000003	1.5714555225145708	
2568.7296	0.04559999999992215	RippleTimeIntervals					2568.7528	1.8681426275426152	
2569.808	0.02080000000023574	RippleTimeIntervals					2569.82	0.922952153236495	
2571.1352	0.02639999999973952	RippleTimeIntervals					2571.1448	0.9808364049074818	
2571.696	0.020000000000436557	RippleTimeIntervals					2571.708	1.565088905953927	
2571.7512	0.06559999999990396	RippleTimeIntervals					2571.8048000000003	1.7728449179667718	
2572.1608	0.032000000000152795	RippleTimeIntervals					2572.1704	0.9125770576156635	
2572.5136	0.04959999999982756	RippleTimeIntervals					2572.5408	3.6048616652980026	
2573.8184	0.04239999999981592	RippleTimeIntervals					2573.84	0.7635051535754661	
2574.2256	0.027999999999792635	RippleTimeIntervals					2574.2352	0.4513937426130491	
2576.136	0.028000000000247383	RippleTimeIntervals					2576.1568	0.8564192809728236	
2576.4024	0.021600000000034925	RippleTimeIntervals					2576.4072	1.0472156243944022	
2579.6712	0.04639999999972133	RippleTimeIntervals					2579.7064	1.491245822388006	
2588.3896	0.021600000000034925	RippleTimeIntervals					2588.3944	0.8445940981856569	
2592.3288000000002	0.02719999999999345	RippleTimeIntervals					2592.3416	0.968079340045068	
2592.4592000000002	0.03279999999995198	RippleTimeIntervals					2592.4776	1.8333410588131072	
2593.7392	0.09120000000029904	RippleTimeIntervals					2593.8192	2.4932994373152693	
2594.5648	0.05040000000008149	RippleTimeIntervals					2594.5808	2.6531299889579745	
2594.7184	0.038399999999910506	RippleTimeIntervals					2594.7416000000003	3.3698192562634537	
2595.4984	0.041600000000016735	RippleTimeIntervals					2595.5168000000003	0.7545070267970493	
2595.9544	0.028800000000046566	RippleTimeIntervals					2595.9680000000003	1.7186872522895582	
2596.304	0.04239999999981592	RippleTimeIntervals					2596.3312	1.5484776049526214	
2596.3736000000004	0.04879999999957363	RippleTimeIntervals					2596.3816	1.6548482337133092	
2596.46	0.062400000000252476	RippleTimeIntervals					2596.4968000000003	1.0861429528888455	
2596.5672	0.03999999999996362	RippleTimeIntervals					2596.5904	3.8260965946793415	
2597.1896	0.040799999999762804	RippleTimeIntervals					2597.2104	1.0425795185677522	
2597.396	0.04719999999997526	RippleTimeIntervals					2597.4344	3.7508262644067667	
2597.5288	0.07439999999996871	RippleTimeIntervals					2597.5912000000003	1.6338395950176925	
2599.652	0.02320000000008804	RippleTimeIntervals					2599.6632	0.8125753577632592	
2600.0472	0.028000000000247383	RippleTimeIntervals					2600.0672	2.14006707073569	
2600.1096000000002	0.021600000000034925	RippleTimeIntervals					2600.1184000000003	1.5454754986972117	
2602.7960000000003	0.020799999999780994	RippleTimeIntervals					2602.8048000000003	3.642831338896787	
2604.056	0.042400000000270666	RippleTimeIntervals					2604.0864	2.4681994015993207	
2604.4184	0.03360000000020591	RippleTimeIntervals					2604.4272	3.2850904263331815	
2604.5768000000003	0.021600000000034925	RippleTimeIntervals					2604.5816	1.3778421103848035	
2604.704	0.05040000000008149	RippleTimeIntervals					2604.7392	2.554157306321757	
2606.8904	0.023999999999887223	RippleTimeIntervals					2606.9072	0.8313266708555681	
2610.6728000000003	0.02719999999999345	RippleTimeIntervals					2610.692	0.9260351156322669	
2615.6752	0.05040000000008149	RippleTimeIntervals					2615.7176	2.583651289100197	
2615.7936	0.042400000000270666	RippleTimeIntervals					2615.8208	1.6530544574742503	
2615.98	0.024800000000141154	RippleTimeIntervals					2615.9864000000002	0.714723471121573	
2627.36	0.020799999999780994	RippleTimeIntervals					2627.3720000000003	1.3289329649227675	
2628.2072000000003	0.024799999999686406	RippleTimeIntervals					2628.2256	0.6080936833164969	
2633.4328	0.04080000000021755	RippleTimeIntervals					2633.4664000000002	2.255660290115475	
2638.0	138.0	SleepStates							REMstate
2638.3368	0.028800000000046566	RippleTimeIntervals					2638.3584	0.7189068079184883	
2777.0	29.0	SleepStates							WAKEstate
2792.596	0.026400000000194268	RippleTimeIntervals					2792.6072	1.122044086859149	
2792.7064	0.02080000000023574	RippleTimeIntervals					2792.7200000000003	1.7673380382737516	
2796.3888	0.05359999999973297	RippleTimeIntervals					2796.4184	3.6451729568804665	
2807.0	579.0	SleepStates							NREMstate
2807.5984000000003	0.03359999999975116	RippleTimeIntervals					2807.6040000000003	1.6593187677415393	
2808.2056000000002	0.05040000000008149	RippleTimeIntervals					2808.248	1.6857745256117604	
2813.0256	0.0656000000003587	RippleTimeIntervals					2813.068	3.097687798113228	
2813.4664000000002	0.03519999999980428	RippleTimeIntervals					2813.4856	2.5213295725427383	
2814.0616	0.07840000000032887	RippleTimeIntervals					2814.092	4.464358483846596	
2814.9528	0.035200000000259024	RippleTimeIntervals					2814.9576	0.4577567156700682	
2817.4216	0.04559999999992215	RippleTimeIntervals					2817.4416	1.197357573414007	
2817.7376	0.048800000000028376	RippleTimeIntervals					2817.7656	0.8429699767331575	
2817.9568	0.04320000000006985	RippleTimeIntervals					2817.9848	1.4849652673485587	
2820.8904	0.038399999999910506	RippleTimeIntervals					2820.9248000000002	0.7359070515631397	
2823.3504000000003	0.02719999999999345	RippleTimeIntervals					2823.3704000000002	1.473771641201048	
2823.7272000000003	0.02959999999984575	RippleTimeIntervals					2823.7376	2.4838339858434453	
2826.824	0.04399999999986903	RippleTimeIntervals					2826.848	1.742961836275618	
2827.0448	0.07600000000002183	RippleTimeIntervals					2827.1056000000003	1.6405338414399186	
2830.3688	0.038399999999910506	RippleTimeIntervals					2830.3952	0.7462187435747883	
2831.4592000000002	0.03279999999995198	RippleTimeIntervals					2831.4792	1.1844504180359754	
2832.7984	0.03279999999995198	RippleTimeIntervals					2832.8032000000003	0.7591088939527754	
2833.7464	0.03360000000020591	RippleTimeIntervals					2833.7512	0.41210898877204233	
2833.9056	0.023999999999887223	RippleTimeIntervals					2833.9112	0.5445376286482475	
2835.3360000000002	0.051199999999880674	RippleTimeIntervals					2835.3592000000003	1.086913117013207	
2836.9976	0.02719999999999345	RippleTimeIntervals					2837.0032	0.5262643329786755	
2842.2544000000003	0.07839999999987413	RippleTimeIntervals					2842.304	2.3609523142507545	
2843.04	0.052000000000134605	RippleTimeIntervals					2843.072	1.9432980956942338	
2843.2608	0.026400000000194268	RippleTimeIntervals					2843.2656	0.4988940515721344	
2844.0976	0.04559999999992215	RippleTimeIntervals					2844.112	2.8050633179124103	
2845.6224	0.03600000000005821	RippleTimeIntervals					2845.636	4.554090993994228	
2845.828	0.02320000000008804	RippleTimeIntervals					2845.8432000000003	1.3568336346284369	
2846.3264	0.03040000000009968	RippleTimeIntervals					2846.3352	1.7489782642627	
2846.4064000000003	0.02719999999999345	RippleTimeIntervals					2846.4120000000003	0.77951123909893	
2846.7992	0.04000000000041837	RippleTimeIntervals					2846.8176000000003	2.630016559703678	
2847.128	0.05999999999994543	RippleTimeIntervals					2847.1632	4.054697417507623	
2851.6552	0.06399999999985084	RippleTimeIntervals					2851.6832	3.083473307872102	
2851.8368	0.04960000000028231	RippleTimeIntervals					2851.8416	0.6796787835570022	
2853.8032000000003	0.03919999999970969	RippleTimeIntervals					2853.8104000000003	0.788980985390524	
2853.9504	0.03679999999985739	RippleTimeIntervals					2853.9592000000002	0.9347431955491835	
2854.0424000000003	0.05760000000009313	RippleTimeIntervals					2854.0912000000003	1.9225237066073435	
2854.212	0.048800000000028376	RippleTimeIntervals					2854.2224	2.7483517510670046	
2854.4528	0.028000000000247383	RippleTimeIntervals					2854.4696000000004	4.902823474554886	
2854.5928000000004	0.040799999999762804	RippleTimeIntervals					2854.6208	3.470957355603768	
2855.5008000000003	0.021600000000034925	RippleTimeIntervals					2855.5056	0.5988839151285249	
2855.6632	0.032000000000152795	RippleTimeIntervals					2855.6792	1.7664212578737835	
2856.2608	0.02080000000023574	RippleTimeIntervals					2856.2744000000002	0.8872521309953848	
2856.416	0.028800000000046566	RippleTimeIntervals					2856.4296	0.40077305484225834	
2865.9648	0.03279999999995198	RippleTimeIntervals					2865.9864000000002	3.2707089934415055	
2866.1184000000003	0.04399999999986903	RippleTimeIntervals					2866.1512000000002	3.3243587311991	
2866.3392000000003	0.03359999999975116	RippleTimeIntervals					2866.348	2.677881167822366	
2866.5040000000004	0.03599999999960346	RippleTimeIntervals					2866.5328	1.512168896281209	
2868.1272000000004	0.037599999999656575	RippleTimeIntervals					2868.1576	0.4472065757807566	
2868.9304	0.052000000000134605	RippleTimeIntervals					2868.9592000000002	1.368160880504581	
2869.5248	0.02719999999999345	RippleTimeIntervals					2869.5440000000003	0.7927796187751881	
2870.708	0.025599999999940337	RippleTimeIntervals					2870.7256	0.41062115922718423	
2871.3	0.025599999999940337	RippleTimeIntervals					2871.3096	2.8201435366467935	
2871.6088	0.03040000000009968	RippleTimeIntervals					2871.6256000000003	1.3962165312431418	
2876.3264	0.04800000000022919	RippleTimeIntervals					2876.3472	4.0001289824177215	
2876.4432	0.02959999999984575	RippleTimeIntervals					2876.456	1.081800429026944	
2876.8712	0.07839999999987413	RippleTimeIntervals					2876.9272	2.4665733041797164	
2877.0384	0.05760000000009313	RippleTimeIntervals					2877.0568000000003	1.940602002692178	
2877.1600000000003	0.07119999999986248	RippleTimeIntervals					2877.2232000000004	1.9521708956471817	
2877.3752	0.026400000000194268	RippleTimeIntervals					2877.3904	1.1698675275911359	
2877.5088	0.03279999999995198	RippleTimeIntervals					2877.5208000000002	1.4245626956232162	
2878.0976	0.032000000000152795	RippleTimeIntervals					2878.1224	1.0555914400500177	
2878.7392	0.07200000000011642	RippleTimeIntervals					2878.7544000000003	1.6333142702656536	
2878.8736000000004	0.024799999999686406	RippleTimeIntervals					2878.8784	0.5510576180651325	
2879.9832	0.06239999999979773	RippleTimeIntervals					2879.9944	2.748143881838097	
2880.1408	0.02719999999999345	RippleTimeIntervals					2880.1568	1.5434215956704604	
2880.2176	0.08000000000038199	RippleTimeIntervals					2880.28	0.9934026098397253	
2880.364	0.028000000000247383	RippleTimeIntervals					2880.38	4.775056368503478	
2880.4736000000003	0.0591999999996915	RippleTimeIntervals					2880.4776	1.0703680469543588	
2884.0080000000003	0.04559999999992215	RippleTimeIntervals					2884.0352000000003	3.5004551109438884	
2888.0432	0.031199999999898864	RippleTimeIntervals					2888.0472	0.8463610925435332	
2889.7648	0.02320000000008804	RippleTimeIntervals					2889.7776000000003	5.26842229823839	
2895.0296000000003	0.030399999999644933	RippleTimeIntervals					2895.0376	2.82309988942625	
2895.2576000000004	0.05359999999973297	RippleTimeIntervals					2895.28	4.024479731798432	
2895.424	0.05760000000009313	RippleTimeIntervals					2895.4616	2.2701477423252916	
2896.4144	0.1248000000000502	RippleTimeIntervals					2896.5152000000003	2.7921044240986292	
2896.6224	0.03279999999995198	RippleTimeIntervals					2896.6312000000003	0.6042061064352373	
2897.0176	0.03040000000009968	RippleTimeIntervals					2897.0256	3.003004044953643	
2898.2528	0.04959999999982756	RippleTimeIntervals					2898.2648	1.2224874970643629	
2898.4128	0.04960000000028231	RippleTimeIntervals					2898.4176	0.49830938482275733	
2899.5480000000002	0.03999999999996362	RippleTimeIntervals					2899.5808	1.5308323544395925	
2899.7472000000002	0.02320000000008804	RippleTimeIntervals					2899.76	0.9197403316847562	
2904.2032	0.05680000000029395	RippleTimeIntervals					2904.2200000000003	1.6498650809181976	
2905.1568	0.024800000000141154	RippleTimeIntervals					2905.1768	1.9636857527665932	
2905.5440000000003	0.031199999999898864	RippleTimeIntervals					2905.5528	0.6762355214867561	
2905.752	0.048800000000028376	RippleTimeIntervals					2905.7672000000002	1.422319827516628	
2905.8744	0.020799999999780994	RippleTimeIntervals					2905.888	2.5981521629043676	
2906.0272	0.03680000000031214	RippleTimeIntervals					2906.0424000000003	2.9731810218502286	
2906.1536	0.07679999999982101	RippleTimeIntervals					2906.2144000000003	1.7592762909884185	
2909.304	0.04959999999982756	RippleTimeIntervals					2909.3328	2.4324607280406485	
2911.0240000000003	0.037599999999656575	RippleTimeIntervals					2911.0344	2.4341619834376194	
2914.5576	0.04399999999986903	RippleTimeIntervals					2914.5848	0.8855677097201119	
2915.0240000000003	0.0567999999998392	RippleTimeIntervals					2915.0504	3.7092709181883916	
2921.4656	0.02400000000034197	RippleTimeIntervals					2921.4816	1.5952053722939712	
2922.6664	0.12640000000010332	RippleTimeIntervals					2922.7008	2.06330224965433	
2930.3768	0.05920000000014625	RippleTimeIntervals					2930.3848000000003	1.4748962250514832	
2930.5104	0.068000000000211	RippleTimeIntervals					2930.5448	1.3098921967572381	
2930.7848000000004	0.04159999999956199	RippleTimeIntervals					2930.8192000000004	1.4830262853195164	
2931.3416	0.10080000000016298	RippleTimeIntervals					2931.3496	1.8662492918677978	
2932.0912000000003	0.06239999999979773	RippleTimeIntervals					2932.1424	2.0238404838655955	
2932.2184	0.03920000000016444	RippleTimeIntervals					2932.2496	3.162647718107171	
2932.3368	0.028000000000247383	RippleTimeIntervals					2932.3536	1.629197859857439	
2933.3176000000003	0.04239999999981592	RippleTimeIntervals					2933.356	0.8074053413666821	
2937.3184	0.03279999999995198	RippleTimeIntervals					2937.3336	2.4215051778692858	
2938.7616000000003	0.03999999999996362	RippleTimeIntervals					2938.7752	3.470777052780268	
2941.936	0.03679999999985739	RippleTimeIntervals					2941.9688	0.41355181158908977	
2944.5272	0.028000000000247383	RippleTimeIntervals					2944.5504	0.4027482258107592	
2950.6904	0.04400000000032378	RippleTimeIntervals					2950.7000000000003	2.772614177168332	
2950.956	0.031199999999898864	RippleTimeIntervals					2950.9656	2.282690229668271	
2951.1776	0.04960000000028231	RippleTimeIntervals					2951.2008	0.787308817631199	
2951.976	0.05600000000004002	RippleTimeIntervals					2952.012	3.931084942566804	
2953.7648	0.048800000000028376	RippleTimeIntervals					2953.7848000000004	1.4346258551046969	
2954.2816000000003	0.020799999999780994	RippleTimeIntervals					2954.2984	0.4343835189957771	
2956.5040000000004	0.02959999999984575	RippleTimeIntervals					2956.5264	0.5462559509855576	
2956.916	0.041600000000016735	RippleTimeIntervals					2956.9416	3.616802754759973	
2957.8216	0.020799999999780994	RippleTimeIntervals					2957.8344	0.8191271121447966	
2959.3696	0.044800000000122964	RippleTimeIntervals					2959.3912	1.053327920557096	
2959.5344	0.08960000000024593	RippleTimeIntervals					2959.5840000000003	2.606040697086784	
2959.7168	0.023999999999887223	RippleTimeIntervals					2959.7328	0.784861551671062	
2959.8888	0.061599999999998545	RippleTimeIntervals					2959.9128	1.6047049829914029	
2960.1424	0.02959999999984575	RippleTimeIntervals					2960.1648	3.6158407211122396	
2961.5336	0.021600000000034925	RippleTimeIntervals					2961.5384000000004	0.49889111457176477	
2962.48	0.03040000000009968	RippleTimeIntervals					2962.4944	1.4827939839960729	
2962.6672000000003	0.022399999999834108	RippleTimeIntervals					2962.672	0.5057480399497531	
2963.4944	0.021600000000034925	RippleTimeIntervals					2963.5040000000004	0.7637042150512598	
2963.6240000000003	0.03199999999969805	RippleTimeIntervals					2963.6496	0.9126983629402539	
2963.7376	0.021600000000034925	RippleTimeIntervals					2963.7544000000003	0.661251156051082	
2964.1544000000004	0.06719999999995707	RippleTimeIntervals					2964.1936	3.3765228346219716	
2964.3976000000002	0.027999999999792635	RippleTimeIntervals					2964.4216	0.5689200613516078	
2971.1416	0.03760000000011132	RippleTimeIntervals					2971.1656000000003	0.6114343640303028	
2974.5280000000002	0.09359999999969659	RippleTimeIntervals					2974.5928000000004	1.8518325798028825	
2974.6736	0.08559999999988577	RippleTimeIntervals					2974.7488000000003	2.944481929899075	
2974.8720000000003	0.04559999999992215	RippleTimeIntervals					2974.88	0.5674438586421408	
2975.0272	0.02320000000008804	RippleTimeIntervals					2975.0392	1.0389572052434457	
2976.5224000000003	0.02959999999984575	RippleTimeIntervals					2976.5344	1.6350059461960575	
2978.1832	0.06480000000010477	RippleTimeIntervals					2978.2400000000002	1.3215452503807565	
2978.3472	0.038399999999910506	RippleTimeIntervals					2978.3656	1.5815382305306205	
2978.5608	0.021600000000034925	RippleTimeIntervals					2978.5712000000003	1.1567533129544283	
2979.5048	0.02719999999999345	RippleTimeIntervals					2979.5184	0.9516273582055979	
2982.8752	0.05760000000009313	RippleTimeIntervals					2982.9208000000003	1.1725247234789606	
2983.092	0.048800000000028376	RippleTimeIntervals					2983.1048	1.2107686484573774	
2983.2176	0.062400000000252476	RippleTimeIntervals					2983.26	4.652604399680401	
2984.0344	0.028800000000046566	RippleTimeIntervals					2984.0424000000003	3.3478250570151777	
2984.6448	0.02719999999999345	RippleTimeIntervals					2984.6632	1.3640836410340493	
2984.7696	0.021600000000034925	RippleTimeIntervals					2984.7808	1.3534695594294845	
2986.3608	0.03600000000005821	RippleTimeIntervals					2986.3888	2.225850357857096	
2995.5416	0.03760000000011132	RippleTimeIntervals					2995.5632	1.6152830368248177	
2995.6576	0.07840000000032887	RippleTimeIntervals					2995.6872000000003	2.360001843362043	
2997.3728	0.028800000000046566	RippleTimeIntervals					2997.3864000000003	2.0533266843748454	
2997.4936000000002	0.0543999999999869	RippleTimeIntervals					2997.5104	1.3444984557373207	
2998.0152000000003	0.08639999999968495	RippleTimeIntervals					2998.0512000000003	1.9259779099849705	
3001.6512000000002	0.05359999999973297	RippleTimeIntervals					3001.6888000000004	3.0860822614181656	
3002.076	0.052000000000134605	RippleTimeIntervals					3002.1136	2.6797721158336616	
3002.2952	0.05279999999993379	RippleTimeIntervals					3002.3296	1.7463154901709286	
3007.0536	0.02959999999984575	RippleTimeIntervals					3007.0632	1.6064700864333463	
3007.1448	0.07120000000031723	RippleTimeIntervals					3007.2048	0.9860917364237618	
3008.2976000000003	0.06399999999985084	RippleTimeIntervals					3008.3504000000003	2.914473735085035	
3008.9544	0.024800000000141154	RippleTimeIntervals					3008.9744	0.5434006349797977	
3009.2352	0.03679999999985739	RippleTimeIntervals					3009.2464	1.962578641084538	
3009.3472	0.08559999999988577	RippleTimeIntervals					3009.4016	4.070407477218279	
3009.6568	0.03600000000005821	RippleTimeIntervals					3009.6856000000002	0.6540676852735435	
3009.8048000000003	0.031199999999898864	RippleTimeIntervals					3009.8208	2.6781180950235286	
3009.9320000000002	0.03679999999985739	RippleTimeIntervals					3009.9616	1.910505957248966	
3010.1064	0.032000000000152795	RippleTimeIntervals					3010.1200000000003	4.729508485997149	
3010.3192000000004	0.10719999999992069	RippleTimeIntervals					3010.404	3.0301899919438453	
3010.5288	0.03680000000031214	RippleTimeIntervals					3010.5368000000003	0.6931926885129585	
3010.7808	0.07920000000012806	RippleTimeIntervals					3010.8048000000003	0.9885320919795804	
3017.7976000000003	0.1255999999998494	RippleTimeIntervals					3017.8528	0.9711935198544518	
3019.2048	0.03040000000009968	RippleTimeIntervals					3019.2184	1.0013979128948025	
3021.4880000000003	0.027999999999792635	RippleTimeIntervals					3021.4976	1.1594948431120984	
3022.1816000000003	0.047999999999774445	RippleTimeIntervals					3022.2024	2.9022840101123033	
3023.3	0.032000000000152795	RippleTimeIntervals					3023.3232000000003	1.3077968478087383	
3023.7008	0.10719999999992069	RippleTimeIntervals					3023.7256	0.8725112800006847	
3026.4216	0.03920000000016444	RippleTimeIntervals					3026.4448	2.8572412126414926	
3027.0	0.05920000000014625	RippleTimeIntervals					3027.0488	3.2735686167840155	
3028.4064000000003	0.023199999999633292	RippleTimeIntervals					3028.416	0.8605677421424037	
3029.9528	0.028800000000046566	RippleTimeIntervals					3029.9776	0.5097753246661302	
3032.2912	0.04080000000021755	RippleTimeIntervals					3032.3168	0.7513685845776162	
3032.3704000000002	0.038399999999910506	RippleTimeIntervals					3032.4016	1.1017312510564805	
3033.0192	0.020799999999780994	RippleTimeIntervals					3033.0328	0.5588761844581555	
3035.0824000000002	0.020799999999780994	RippleTimeIntervals					3035.096	1.9646588087607297	
3035.2584	0.047999999999774445	RippleTimeIntervals					3035.288	1.6492463989540231	
3036.5	0.02400000000034197	RippleTimeIntervals					3036.5088	1.900346986990519	
3036.6248	0.061599999999998545	RippleTimeIntervals					3036.6456000000003	1.5829806228506311	
3036.8264	0.04640000000017608	RippleTimeIntervals					3036.8448000000003	2.43324800559836	
3037.0480000000002	0.04639999999972133	RippleTimeIntervals					3037.0768000000003	2.325241650135748	
3037.572	0.041600000000016735	RippleTimeIntervals					3037.5808	0.6394155483446992	
3037.6832	0.05040000000008149	RippleTimeIntervals					3037.7184	2.1000793758787286	
3040.5608	0.04239999999981592	RippleTimeIntervals					3040.58	2.7350566112948638	
3041.9592000000002	0.03199999999969805	RippleTimeIntervals					3041.9680000000003	1.2516342863908705	
3044.244	0.048800000000028376	RippleTimeIntervals					3044.2624	2.1349960848218434	
3044.3704000000002	0.08399999999983265	RippleTimeIntervals					3044.4384	3.009100270159944	
3046.5168000000003	0.03519999999980428	RippleTimeIntervals					3046.5296000000003	2.3245025174421867	
3052.0016	0.0727999999999156	RippleTimeIntervals					3052.0544	1.7272008818653346	
3052.1456000000003	0.047999999999774445	RippleTimeIntervals					3052.168	2.309621881521381	
3052.2984	0.03440000000000509	RippleTimeIntervals					3052.3192000000004	4.110658517218982	
3052.512	0.03359999999975116	RippleTimeIntervals					3052.5336	1.3063806504993767	
3053.5296000000003	0.03679999999985739	RippleTimeIntervals					3053.5584000000003	2.2209291651023233	
3057.78	0.032000000000152795	RippleTimeIntervals					3057.788	2.1817330500926717	
3059.9120000000003	0.06399999999985084	RippleTimeIntervals					3059.9384	4.020187285556511	
3060.0544	0.044800000000122964	RippleTimeIntervals					3060.0656000000004	3.068681563744966	
3060.456	0.03040000000009968	RippleTimeIntervals					3060.4648	0.5703870268966581	
3060.5832	0.03760000000011132	RippleTimeIntervals					3060.6048	1.0845156925622454	
3061.2416000000003	0.03999999999996362	RippleTimeIntervals					3061.2608	1.4209037722922926	
3061.3936000000003	0.02719999999999345	RippleTimeIntervals					3061.4136000000003	2.581689580160563	
3063.0744	0.03120000000035361	RippleTimeIntervals					3063.0888	0.7860512686843651	
3063.3064	0.026400000000194268	RippleTimeIntervals					3063.328	0.7399467438258804	
3063.6584000000003	0.038399999999910506	RippleTimeIntervals					3063.6816000000003	3.224237073572684	
3064.3656	0.03760000000011132	RippleTimeIntervals					3064.3720000000003	0.803065661160827	
3070.152	0.04080000000021755	RippleTimeIntervals					3070.1728000000003	1.186980503021303	
3071.4664000000002	0.05760000000009313	RippleTimeIntervals					3071.4976	1.219722860735308	
3071.5512000000003	0.09519999999974971	RippleTimeIntervals					3071.6176	3.3576122879854577	
3072.2448	0.08240000000023429	RippleTimeIntervals					3072.3064	1.3041651674788686	
3072.46	0.05760000000009313	RippleTimeIntervals					3072.4712	2.291376828980968	
3073.1568	0.03519999999980428	RippleTimeIntervals					3073.168	3.5054871839630084	
3074.2224	0.0864000000001397	RippleTimeIntervals					3074.2408	1.6642607681404447	
3074.3336	0.04640000000017608	RippleTimeIntervals					3074.3496	3.9560728689125537	
3074.472	0.05600000000004002	RippleTimeIntervals					3074.4808000000003	1.9784577557259135	
3078.3008	0.03360000000020591	RippleTimeIntervals					3078.3136	1.7154992570403114	
3078.3920000000003	0.040799999999762804	RippleTimeIntervals					3078.4048000000003	2.7459173517146755	
3078.456	0.02080000000023574	RippleTimeIntervals					3078.4688	1.1544064136836336	
3078.5248	0.03760000000011132	RippleTimeIntervals					3078.54	0.8515804722576285	
3081.6496	0.04320000000006985	RippleTimeIntervals					3081.6808	1.7839875783175028	
3082.0384000000004	0.03199999999969805	RippleTimeIntervals					3082.0624000000003	1.6275995986052956	
3083.856	0.020799999999780994	RippleTimeIntervals					3083.8608	1.3178024981632062	
3084.0528	0.020000000000436557	RippleTimeIntervals					3084.0616	1.6691091336615687	
3084.108	0.032000000000152795	RippleTimeIntervals					3084.1240000000003	2.4851952827873345	
3084.2664	0.13280000000031578	RippleTimeIntervals					3084.3912	1.1335715239912671	
3085.5616	0.04640000000017608	RippleTimeIntervals					3085.5888	0.5242564901323663	
3086.7816000000003	0.0567999999998392	RippleTimeIntervals					3086.7968	3.7744483225104446	
3086.8776000000003	0.0543999999999869	RippleTimeIntervals					3086.92	3.5212867374814647	
3087.1368	0.023999999999887223	RippleTimeIntervals					3087.1472000000003	0.43734774791565717	
3094.9192000000003	0.04399999999986903	RippleTimeIntervals					3094.936	2.4487806392247333	
3095.7712	0.023999999999887223	RippleTimeIntervals					3095.7760000000003	0.8224823468407966	
3096.0112000000004	0.022399999999834108	RippleTimeIntervals					3096.0192	2.0285167341658585	
3097.032	0.022399999999834108	RippleTimeIntervals					3097.0408	0.9316960978221767	
3100.6776	0.02080000000023574	RippleTimeIntervals					3100.6872000000003	0.9737365046596679	
3100.9080000000004	0.03359999999975116	RippleTimeIntervals					3100.9336000000003	0.9521216729529769	
3101.2536	0.06320000000005166	RippleTimeIntervals					3101.2744000000002	5.0893142609200765	
3101.5232	0.04800000000022919	RippleTimeIntervals					3101.5288	1.0158828509581308	
3101.6600000000003	0.0591999999996915	RippleTimeIntervals					3101.6792	1.2335985156949474	
3102.1024	0.03919999999970969	RippleTimeIntervals					3102.1344000000004	1.1664369009123832	
3102.2888000000003	0.02719999999999345	RippleTimeIntervals					3102.3	0.46274005825031045	
3102.3608	0.05600000000004002	RippleTimeIntervals					3102.3776000000003	3.98031233782679	
3102.6552	0.03600000000005821	RippleTimeIntervals					3102.6648	1.0100666909905296	
3105.9328	0.04800000000022919	RippleTimeIntervals					3105.9608000000003	3.1190742965100875	
3106.2816000000003	0.02320000000008804	RippleTimeIntervals					3106.2968	1.0439411905453226	
3106.556	0.03040000000009968	RippleTimeIntervals					3106.5744	4.996774532758139	
3106.7624	0.0727999999999156	RippleTimeIntervals					3106.8120000000004	0.7688825274889902	
3106.884	0.028000000000247383	RippleTimeIntervals					3106.9048000000003	2.705470388821412	
3107.2944	0.06639999999970314	RippleTimeIntervals					3107.3	2.0706003015045606	
3107.4432	0.058399999999892316	RippleTimeIntervals					3107.4648	3.0491950994956953	
3111.5744	0.035200000000259024	RippleTimeIntervals					3111.5888	2.874730165472869	
3111.7592	0.035200000000259024	RippleTimeIntervals					3111.7704000000003	0.9402820359834225	
3112.3168	0.038399999999910506	RippleTimeIntervals					3112.3248000000003	0.7648383079344926	
3123.2464	0.024800000000141154	RippleTimeIntervals					3123.2552	1.098228808816508	
3129.5552000000002	0.044800000000122964	RippleTimeIntervals					3129.5704	1.760048327457014	
3129.708	0.03920000000016444	RippleTimeIntervals					3129.7208	2.9173607111214768	
3129.84	0.03920000000016444	RippleTimeIntervals					3129.8568	4.7437891667769145	
3130.1128000000003	0.04399999999986903	RippleTimeIntervals					3130.1328000000003	1.4235776812580208	
3132.5688	0.04080000000021755	RippleTimeIntervals					3132.6016	1.958809527124409	
3133.288	0.04080000000021755	RippleTimeIntervals					3133.3152	3.789399508892308	
3133.4824000000003	0.030399999999644933	RippleTimeIntervals					3133.5056	1.385031050499093	
3133.7064	0.03440000000000509	RippleTimeIntervals					3133.7208	3.2707288933535885	
3135.208	0.035200000000259024	RippleTimeIntervals					3135.2176	0.4630821661489587	
3142.6144	0.02719999999999345	RippleTimeIntervals					3142.6336	3.085705474762549	
3142.7576000000004	0.038399999999910506	RippleTimeIntervals					3142.788	2.5038631227557087	
3145.0352000000003	0.02639999999973952	RippleTimeIntervals					3145.04	0.6878701382142648	
3145.6432	0.02080000000023574	RippleTimeIntervals					3145.652	0.8108954356701187	
3146.2056000000002	0.022399999999834108	RippleTimeIntervals					3146.224	0.5008896685636497	
3148.4688	0.021600000000034925	RippleTimeIntervals					3148.4752000000003	0.7130077898053465	
3151.4664000000002	0.025599999999940337	RippleTimeIntervals					3151.476	0.8039847440469686	
3151.8472	0.04239999999981592	RippleTimeIntervals					3151.8648000000003	3.2520004930435373	
3153.5152000000003	0.037599999999656575	RippleTimeIntervals					3153.5328	1.280692205159906	
3153.6408	0.026400000000194268	RippleTimeIntervals					3153.652	0.7799606221425237	
3154.1968	0.03920000000016444	RippleTimeIntervals					3154.2056000000002	0.6953439145422643	
3154.6128000000003	0.05359999999973297	RippleTimeIntervals					3154.6416	1.2028502541043609	
3156.1792	0.03440000000000509	RippleTimeIntervals					3156.1936	1.2114478470102144	
3157.0608	0.02639999999973952	RippleTimeIntervals					3157.0704	0.833114982184909	
3157.3536000000004	0.027999999999792635	RippleTimeIntervals					3157.3648000000003	2.4078347201481853	
3158.8392000000003	0.024799999999686406	RippleTimeIntervals					3158.8496	1.0756827535238327	
3160.6648	0.03440000000000509	RippleTimeIntervals					3160.6736	0.5095574239735124	
3161.2408	0.028000000000247383	RippleTimeIntervals					3161.2560000000003	0.7260705265105364	
3161.9528	0.03440000000000509	RippleTimeIntervals					3161.98	0.7930986042610979	
3162.1032	0.02080000000023574	RippleTimeIntervals					3162.108	0.9305573736124116	
3163.2912	0.04640000000017608	RippleTimeIntervals					3163.3056	1.034340900214207	
3163.3952	0.04800000000022919	RippleTimeIntervals					3163.4224	3.108653114741211	
3163.5008000000003	0.051199999999880674	RippleTimeIntervals					3163.5128	2.481026308337284	
3164.036	0.03920000000016444	RippleTimeIntervals					3164.0640000000003	3.384442004355433	
3169.3704000000002	0.03600000000005821	RippleTimeIntervals					3169.3808000000004	2.830216993822038	
3169.4576	0.05360000000018772	RippleTimeIntervals					3169.4664000000002	1.8849864440795054	
3172.0056	0.02719999999999345	RippleTimeIntervals					3172.0176	1.847165715381033	
3173.8920000000003	0.040799999999762804	RippleTimeIntervals					3173.9176	0.8452541188126723	
3175.9128	0.05279999999993379	RippleTimeIntervals					3175.9448	2.1563068346394973	
3177.3016000000002	0.051199999999880674	RippleTimeIntervals					3177.3104000000003	1.2963459474557353	
3178.4	0.03360000000020591	RippleTimeIntervals					3178.4128	1.2237435400699674	
3179.9512	0.07840000000032887	RippleTimeIntervals					3179.964	1.6821236801042212	
3180.1512000000002	0.052000000000134605	RippleTimeIntervals					3180.1752	1.3142992695048057	
3182.3456	0.03360000000020591	RippleTimeIntervals					3182.3584	0.8310574824509486	
3182.4736000000003	0.07919999999967331	RippleTimeIntervals					3182.4856	1.196682412700714	
3183.9368	0.04000000000041837	RippleTimeIntervals					3183.9632	1.9468026082508005	
3184.2000000000003	0.0567999999998392	RippleTimeIntervals					3184.2496	1.459317689598758	
3184.3152	0.04400000000032378	RippleTimeIntervals					3184.3520000000003	1.0816636623670584	
3185.7712	0.02719999999999345	RippleTimeIntervals					3185.7816000000003	2.310015779803998	
3186.972	0.03999999999996362	RippleTimeIntervals					3186.9872	0.4353651656120478	
3192.6416	0.02320000000008804	RippleTimeIntervals					3192.6504	1.7627243346858932	
3193.2392	0.04719999999997526	RippleTimeIntervals					3193.2696	3.160784626182229	
3193.5504	0.04399999999986903	RippleTimeIntervals					3193.5712000000003	3.2547024088706147	
3201.5904	0.044800000000122964	RippleTimeIntervals					3201.6056000000003	2.8482467550909822	
3202.2688000000003	0.048800000000028376	RippleTimeIntervals					3202.2944	2.7666715667936312	
3204.0008000000003	0.022399999999834108	RippleTimeIntervals					3204.0184	0.5229744350125437	
3208.2472000000002	0.024799999999686406	RippleTimeIntervals					3208.2568	1.1934219305775973	
3208.6576	0.03120000000035361	RippleTimeIntervals					3208.6808	0.8962998809201429	
3210.0928000000004	0.044799999999668216	RippleTimeIntervals					3210.1176	2.4484920056921995	
3210.2000000000003	0.02959999999984575	RippleTimeIntervals					3210.2152	2.1208252477095213	
3212.7208	0.04960000000028231	RippleTimeIntervals					3212.7544000000003	2.655949098394119	
3214.4840000000004	0.04959999999982756	RippleTimeIntervals					3214.5264	1.4177811078836233	
3214.576	0.041600000000016735	RippleTimeIntervals					3214.5984000000003	4.097329392952139	
3215.1408	0.061599999999998545	RippleTimeIntervals					3215.1832	3.4963283814656556	
3215.2960000000003	0.027999999999792635	RippleTimeIntervals					3215.3064	0.8908657140843965	
3215.904	0.025599999999940337	RippleTimeIntervals					3215.9224000000004	0.6122404512049622	
3216.2128000000002	0.05279999999993379	RippleTimeIntervals					3216.2536	3.60169577598178	
3216.3792000000003	0.060799999999744614	RippleTimeIntervals					3216.4328	1.7888899269560226	
3217.2208	0.02320000000008804	RippleTimeIntervals					3217.2360000000003	0.8455624155447767	
3221.7848000000004	0.03919999999970969	RippleTimeIntervals					3221.7936	0.9085815488177486	
3222.6584000000003	0.058399999999892316	RippleTimeIntervals					3222.6712	2.7711745175412412	
3222.82	0.03519999999980428	RippleTimeIntervals					3222.8448000000003	1.1414776422530033	
3223.188	0.023999999999887223	RippleTimeIntervals					3223.1960000000004	1.6322260369148578	
3223.768	0.02400000000034197	RippleTimeIntervals					3223.7752	1.353268172226985	
3224.1944000000003	0.02719999999999345	RippleTimeIntervals					3224.2064	0.7006817908003716	
3224.252	0.02400000000034197	RippleTimeIntervals					3224.2608	2.7799640207568945	
3224.3552	0.03920000000016444	RippleTimeIntervals					3224.38	3.4320106292943544	
3228.0176	0.044800000000122964	RippleTimeIntervals					3228.0416	2.62492753676804	
3232.3688	0.03359999999975116	RippleTimeIntervals					3232.3824	0.9290417389282551	
3232.5328	0.03600000000005821	RippleTimeIntervals					3232.5456000000004	1.5520742895454258	
3232.6152	0.03999999999996362	RippleTimeIntervals					3232.6344000000004	1.9867873657535668	
3232.764	0.062400000000252476	RippleTimeIntervals					3232.8112	1.2692792917955869	
3233.9832	0.03360000000020591	RippleTimeIntervals					3233.9952000000003	2.9069855984167834	
3234.1288	0.021600000000034925	RippleTimeIntervals					3234.1376	1.2961899075430938	
3237.0184	0.03600000000005821	RippleTimeIntervals					3237.0472	0.570631078306313	
3237.516	0.052000000000134605	RippleTimeIntervals					3237.5264	1.1178971589724145	
3237.6856000000002	0.028800000000046566	RippleTimeIntervals					3237.6912	1.948364932187308	
3237.8104000000003	0.03199999999969805	RippleTimeIntervals					3237.8272	1.9071829850811566	
3238.5568000000003	0.06959999999980937	RippleTimeIntervals					3238.596	1.7695542499298924	
3238.7168	0.06719999999995707	RippleTimeIntervals					3238.7432000000003	1.071712718032424	
3239.272	0.020000000000436557	RippleTimeIntervals					3239.284	0.7895548944039	
3240.4216	0.07600000000002183	RippleTimeIntervals					3240.4464000000003	1.5120805180792043	
3241.3008	0.029600000000300497	RippleTimeIntervals					3241.3136	1.1422622057649297	
3241.7056000000002	0.04399999999986903	RippleTimeIntervals					3241.7112	0.49308825644419896	
3243.7512	0.020799999999780994	RippleTimeIntervals					3243.764	2.660484261417043	
3243.8608000000004	0.04639999999972133	RippleTimeIntervals					3243.8976000000002	3.7949834848415294	
3247.764	0.026400000000194268	RippleTimeIntervals					3247.7752	1.914295398098256	
3251.4304	0.040799999999762804	RippleTimeIntervals					3251.4504	2.927320777155189	
3252.1216	0.048800000000028376	RippleTimeIntervals					3252.1488	3.4324539680235557	
3252.3648000000003	0.025599999999940337	RippleTimeIntervals					3252.3728	0.704322601718728	
3253.136	0.02320000000008804	RippleTimeIntervals					3253.1544000000004	0.7675942440533653	
3258.0072	0.04719999999997526	RippleTimeIntervals					3258.0248	1.9862572600854722	
3258.1032	0.028000000000247383	RippleTimeIntervals					3258.1232	1.7724216650687528	
3258.2472000000002	0.027999999999792635	RippleTimeIntervals					3258.26	2.930980171455512	
3258.3152	0.025599999999940337	RippleTimeIntervals					3258.3336	1.8069750238200013	
3261.2592	0.02719999999999345	RippleTimeIntervals					3261.2648000000004	0.6789786663739179	
3262.1112000000003	0.020799999999780994	RippleTimeIntervals					3262.116	0.4679565899480025	
3267.9616	0.02080000000023574	RippleTimeIntervals					3267.9704	0.6090999884142609	
3268.42	0.04080000000021755	RippleTimeIntervals					3268.4416	3.3735867366125944	
3268.6112000000003	0.02719999999999345	RippleTimeIntervals					3268.616	0.4938640958732255	
3268.7256	0.028800000000046566	RippleTimeIntervals					3268.7472000000002	0.5410795943653977	
3268.84	0.0567999999998392	RippleTimeIntervals					3268.8808000000004	2.1712040333460907	
3269.436	0.05519999999978609	RippleTimeIntervals					3269.4752000000003	3.8651668598696762	
3269.5552000000002	0.05760000000009313	RippleTimeIntervals					3269.5744	1.7520818196214627	
3274.7008	0.03680000000031214	RippleTimeIntervals					3274.7056000000002	0.5685116258418083	
3275.128	0.03999999999996362	RippleTimeIntervals					3275.1456000000003	1.8915811009269954	
3279.3632000000002	0.05279999999993379	RippleTimeIntervals					3279.3856	3.297650417451293	
3279.5384000000004	0.02959999999984575	RippleTimeIntervals					3279.5640000000003	0.5884360661612006	
3281.9904	0.021600000000034925	RippleTimeIntervals					3282.0040000000004	0.5688914024072577	
3282.8512	0.028800000000046566	RippleTimeIntervals					3282.8656	0.9617994449584091	
3283.0528	0.05360000000018772	RippleTimeIntervals					3283.0872	3.204471145467677	
3283.1432	0.0840000000002874	RippleTimeIntervals					3283.1816000000003	1.427058855352419	
3283.4552000000003	0.028800000000046566	RippleTimeIntervals					3283.4648	1.2512597476918719	
3283.5168000000003	0.027999999999792635	RippleTimeIntervals					3283.5288	0.8532401704732528	
3284.5152000000003	0.0543999999999869	RippleTimeIntervals					3284.5480000000002	2.5050984252880486	
3286.7448	0.02080000000023574	RippleTimeIntervals					3286.7584	0.5876394803951854	
3286.8624	0.02719999999999345	RippleTimeIntervals					3286.868	2.3136932610195777	
3296.0024000000003	0.04639999999972133	RippleTimeIntervals					3296.0240000000003	3.780592091680321	
3296.148	0.06959999999980937	RippleTimeIntervals					3296.2056000000002	2.334181242397499	
3296.2960000000003	0.0543999999999869	RippleTimeIntervals					3296.3384	1.8236612217286026	
3297.0480000000002	0.02959999999984575	RippleTimeIntervals					3297.0624000000003	2.045910928825338	
3298.4880000000003	0.05600000000004002	RippleTimeIntervals					3298.5192	2.363407092884763	
3299.0568000000003	0.06880000000001019	RippleTimeIntervals					3299.1112000000003	0.700943924787942	
3299.1704	0.09840000000031068	RippleTimeIntervals					3299.1904	1.373510991794033	
3299.6808	0.02320000000008804	RippleTimeIntervals					3299.6896	0.4871156683246814	
3300.0216	0.031199999999898864	RippleTimeIntervals					3300.0408	1.9964341132486256	
3304.0176	0.03760000000011132	RippleTimeIntervals					3304.036	1.207563259897769	
3305.8016000000002	0.04320000000006985	RippleTimeIntervals					3305.8184	2.053943057823065	
3306.2960000000003	0.03440000000000509	RippleTimeIntervals					3306.3224	2.50535686127289	
3308.2264	0.044800000000122964	RippleTimeIntervals					3308.2512	2.7497869903255885	
3308.6096000000002	0.044800000000122964	RippleTimeIntervals					3308.6232	2.063658221802746	
3308.6952	0.028000000000247383	RippleTimeIntervals					3308.7024	1.5898725934054907	
3308.9232	0.040799999999762804	RippleTimeIntervals					3308.956	1.01069234500493	
3309.1392	0.021600000000034925	RippleTimeIntervals					3309.1504	2.1311164454091682	
3309.5448	0.09760000000005675	RippleTimeIntervals					3309.6240000000003	1.8136435748044364	
3309.6976	0.04719999999997526	RippleTimeIntervals					3309.7384	0.7023936309347009	
3309.8944	0.03519999999980428	RippleTimeIntervals					3309.9120000000003	2.630966148252615	
3310.0344	0.03999999999996362	RippleTimeIntervals					3310.0424000000003	0.6857858047228427	
3310.7432000000003	0.030399999999644933	RippleTimeIntervals					3310.7656	1.751472307650347	
3310.904	0.06719999999995707	RippleTimeIntervals					3310.9552000000003	2.18263176227242	
3311.5888	0.03680000000031214	RippleTimeIntervals					3311.6024	2.3090690053905973	
3315.076	0.03040000000009968	RippleTimeIntervals					3315.0912000000003	2.693015809317769	
3315.1344000000004	0.024799999999686406	RippleTimeIntervals					3315.1512000000002	1.7874776818412177	
3315.5816	0.02320000000008804	RippleTimeIntervals					3315.5976	0.8281847802813704	
3316.9472	0.031199999999898864	RippleTimeIntervals					3316.9656	0.7635960196558196	
3320.4856	0.03920000000016444	RippleTimeIntervals					3320.5008000000003	0.48184784550025783	
3327.8512	0.03999999999996362	RippleTimeIntervals					3327.8744	1.204629174160535	
3328.864	0.03360000000020591	RippleTimeIntervals					3328.8752	1.7997045509562277	
3331.4008000000003	0.09199999999964348	RippleTimeIntervals					3331.4680000000003	2.6951003280581842	
3332.688	0.05999999999994543	RippleTimeIntervals					3332.7048	2.1470838274146438	
3332.8488	0.06559999999990396	RippleTimeIntervals					3332.8696	2.0423817763250294	
3333.5496000000003	0.03199999999969805	RippleTimeIntervals					3333.5704	3.655048511173775	
3334.0816	0.02719999999999345	RippleTimeIntervals					3334.0984000000003	4.225163398687454	
3334.1992	0.04640000000017608	RippleTimeIntervals					3334.2312	1.7469069210326742	
3335.5672	0.04640000000017608	RippleTimeIntervals					3335.5888	1.1182461024524684	
3336.536	0.03600000000005821	RippleTimeIntervals					3336.5488	1.5972379574871356	
3338.0912000000003	0.040799999999762804	RippleTimeIntervals					3338.1240000000003	5.121359631089882	
3339.1584000000003	0.07600000000002183	RippleTimeIntervals					3339.1896	2.3958240432159514	
3348.6752	0.055200000000240834	RippleTimeIntervals					3348.7248	1.0375752434265804	
3350.1792	0.021600000000034925	RippleTimeIntervals					3350.1848	1.3714046652504879	
3350.6248	0.025599999999940337	RippleTimeIntervals					3350.6296	1.4894066755132847	
3351.3576000000003	0.08079999999972642	RippleTimeIntervals					3351.424	3.2383881192827313	
3351.724	0.04320000000006985	RippleTimeIntervals					3351.7568	2.6152569806027315	
3351.9024	0.03840000000036525	RippleTimeIntervals					3351.9264000000003	1.1054198708697112	
3356.7024	0.031199999999898864	RippleTimeIntervals					3356.7224	0.6210198452939173	
3358.8536000000004	0.022399999999834108	RippleTimeIntervals					3358.868	1.6802201512806916	
3358.8992000000003	0.09760000000005675	RippleTimeIntervals					3358.9888	2.1614873802204166	
3362.8312	0.09439999999995052	RippleTimeIntervals					3362.8704000000002	2.0811162508430856	
3363.1408	0.021600000000034925	RippleTimeIntervals					3363.148	0.9893872583152288	
3363.6496	0.028800000000046566	RippleTimeIntervals					3363.6592	1.0172995164189718	
3368.7272000000003	0.025599999999940337	RippleTimeIntervals					3368.732	0.49083979660248506	
3371.6336	0.022399999999834108	RippleTimeIntervals					3371.6416000000004	1.0562886876691027	
3377.7512	0.06399999999985084	RippleTimeIntervals					3377.772	1.514766473147901	
3377.8472	0.07679999999982101	RippleTimeIntervals					3377.8552	0.6971467565851697	
3380.3792000000003	0.0543999999999869	RippleTimeIntervals					3380.4048000000003	3.276682055423546	
3380.4696000000004	0.023999999999887223	RippleTimeIntervals					3380.4856	1.836097421048118	
3382.1440000000002	0.05359999999973297	RippleTimeIntervals					3382.1696	0.701729206042915	
3382.7272000000003	0.04399999999986903	RippleTimeIntervals					3382.7528	0.9997122811158831	
3383.8664000000003	0.06479999999965003	RippleTimeIntervals					3383.8744	0.869375731674576	
3387.0	58.0	SleepStates							REMstate
3395.8032000000003	0.051199999999880674	RippleTimeIntervals					3395.8496	0.8271255238385283	
3397.7216000000003	0.028800000000046566	RippleTimeIntervals					3397.7296	0.8675644099793997	
3424.1968	0.048800000000028376	RippleTimeIntervals					3424.2376000000004	1.0803777419869927	
3429.616	0.03600000000005821	RippleTimeIntervals					3429.6400000000003	0.5920562031571291	
3432.1944000000003	0.022399999999834108	RippleTimeIntervals					3432.1992	0.7296104233538625	
3446.0	53.0	SleepStates							WAKEstate
3458.2688000000003	0.03279999999995198	RippleTimeIntervals					3458.2776000000003	1.2994791607679994	
3458.3648000000003	0.022399999999834108	RippleTimeIntervals					3458.3776000000003	1.1304696849012599	
3460.8144	0.05279999999993379	RippleTimeIntervals					3460.8368	2.2259622144236717	
3460.976	0.03999999999996362	RippleTimeIntervals					3461.0	1.3001687599513674	
3464.76	0.024800000000141154	RippleTimeIntervals					3464.7768	2.639186685639107	
3467.7184	0.05920000000014625	RippleTimeIntervals					3467.7648000000004	2.9591571137688173	
3469.6424	0.03600000000005821	RippleTimeIntervals					3469.6648	0.4737720502153574	
3492.112	0.06320000000005166	RippleTimeIntervals					3492.1432	1.6089526714233409	
3492.8928	0.022400000000288856	RippleTimeIntervals					3492.8984	1.0543950349862543	
3493.4664000000002	0.03279999999995198	RippleTimeIntervals					3493.4824000000003	1.6806154564900015	
3494.4696000000004	0.030399999999644933	RippleTimeIntervals					3494.4752000000003	1.5422645169025273	
3495.3160000000003	0.03919999999970969	RippleTimeIntervals					3495.3272	0.4206881588707552	
3496.416	0.02320000000008804	RippleTimeIntervals					3496.4248000000002	0.4329284942464438	
3500.0	284.0	SleepStates							NREMstate
3501.4584	0.08000000000038199	RippleTimeIntervals					3501.5184000000004	1.8487940435228996	
3503.5624000000003	0.02639999999973952	RippleTimeIntervals					3503.5792	2.0887739118341115	
3505.0208000000002	0.023999999999887223	RippleTimeIntervals					3505.036	0.5090323522247169	
3505.1552	0.03440000000000509	RippleTimeIntervals					3505.1712	0.9951177320063445	
3507.6768	0.025599999999940337	RippleTimeIntervals					3507.6936	1.9458884547649133	
3510.0816	0.02719999999999345	RippleTimeIntervals					3510.0936	1.858942164739493	
3511.5024000000003	0.047999999999774445	RippleTimeIntervals					3511.5336	0.5316279833555513	
3511.7088000000003	0.03440000000000509	RippleTimeIntervals					3511.7184	1.098992555807156	
3512.2592	0.021600000000034925	RippleTimeIntervals					3512.264	0.4391793704925116	
3517.82	0.04320000000006985	RippleTimeIntervals					3517.8344	3.806171125338076	
3518.0968000000003	0.07760000000007494	RippleTimeIntervals					3518.1168000000002	2.509260937384815	
3518.8312	0.06080000000019936	RippleTimeIntervals					3518.8536000000004	1.6955530509848205	
3518.9624000000003	0.09919999999965512	RippleTimeIntervals					3519.0472	2.3452041706077202	
3519.204	0.020799999999780994	RippleTimeIntervals					3519.2064	0.6547847358151272	
3520.7872	0.05920000000014625	RippleTimeIntervals					3520.7984	1.8856616251318798	
3520.9064000000003	0.06239999999979773	RippleTimeIntervals					3520.9336000000003	1.7921948611051681	
3521.1200000000003	0.024799999999686406	RippleTimeIntervals					3521.1376	0.6391073968107976	
3524.8552	0.03680000000031214	RippleTimeIntervals					3524.8648000000003	0.5430213317713782	
3525.1456000000003	0.03199999999969805	RippleTimeIntervals					3525.1584000000003	0.7128767712748387	
3525.9056	0.03600000000005821	RippleTimeIntervals					3525.9328	1.8810821679646261	
3526.6296	0.028800000000046566	RippleTimeIntervals					3526.6408	3.2273578439800046	
3528.9320000000002	0.04399999999986903	RippleTimeIntervals					3528.9648	0.6533226872431892	
3529.132	0.08480000000008658	RippleTimeIntervals					3529.1912	3.9412024889083015	
3530.2360000000003	0.023999999999887223	RippleTimeIntervals					3530.2560000000003	0.5281237075821192	
3540.3752	0.03680000000031214	RippleTimeIntervals					3540.3792000000003	0.407225799449133	
3544.416	0.02320000000008804	RippleTimeIntervals					3544.4208000000003	0.9606013005988169	
3547.936	0.03440000000000509	RippleTimeIntervals					3547.9544	3.0261477846450937	
3550.2488000000003	0.06639999999970314	RippleTimeIntervals					3550.2952	5.23123805042661	
3550.3752	0.0656000000003587	RippleTimeIntervals					3550.4008000000003	1.9946916766070788	
3550.5456000000004	0.030399999999644933	RippleTimeIntervals					3550.5544	0.4592839377087085	
3550.7128000000002	0.04559999999992215	RippleTimeIntervals					3550.7304000000004	2.20194515567561	
3550.8808000000004	0.038399999999910506	RippleTimeIntervals					3550.9080000000004	1.935578739567026	
3551.4552000000003	0.04959999999982756	RippleTimeIntervals					3551.4712	1.316841106514617	
3553.0152000000003	0.03040000000009968	RippleTimeIntervals					3553.0208000000002	1.3443790676912706	
3555.04	0.021600000000034925	RippleTimeIntervals					3555.0528000000004	2.704411344039614	
3557.3576000000003	0.04639999999972133	RippleTimeIntervals					3557.3880000000004	1.6329709154078658	
3557.8104000000003	0.038399999999910506	RippleTimeIntervals					3557.8264000000004	2.6118432025775116	
3558.2072000000003	0.05760000000009313	RippleTimeIntervals					3558.2336	4.736032796291728	
3558.4456	0.03600000000005821	RippleTimeIntervals					3558.4712	4.564133731050142	
3558.8360000000002	0.03040000000009968	RippleTimeIntervals					3558.8552	4.683520205833411	
3559.4184	0.022400000000288856	RippleTimeIntervals					3559.4328	0.9232100828098938	
3560.2408	0.028000000000247383	RippleTimeIntervals					3560.2608	1.3607104050252956	
3560.7568	0.02320000000008804	RippleTimeIntervals					3560.768	1.8841719911953143	
3560.8256	0.02719999999999345	RippleTimeIntervals					3560.8336000000004	1.414233424417825	
3565.0232	0.03920000000016444	RippleTimeIntervals					3565.0272	0.4398357345292036	
3567.7704000000003	0.023999999999887223	RippleTimeIntervals					3567.7776000000003	0.9094293110419697	
3569.8048000000003	0.03279999999995198	RippleTimeIntervals					3569.8248000000003	0.780736542302733	
3569.9256	0.028000000000247383	RippleTimeIntervals					3569.9456	0.8491267998400593	
3571.0376	0.05600000000004002	RippleTimeIntervals					3571.0856000000003	0.6702041935939039	
3571.2424	0.04719999999997526	RippleTimeIntervals					3571.2616000000003	4.066773352029124	
3578.0344	0.08320000000003347	RippleTimeIntervals					3578.0512000000003	1.736153620364818	
3578.3520000000003	0.022399999999834108	RippleTimeIntervals					3578.3616	5.608042320542299	
3579.6888000000004	0.04239999999981592	RippleTimeIntervals					3579.7032000000004	2.6791094170162677	
3585.2496	0.021600000000034925	RippleTimeIntervals					3585.2576000000004	2.5971536364148653	
3585.4152000000004	0.023199999999633292	RippleTimeIntervals					3585.4272	0.5925965312841707	
3587.552	0.03760000000011132	RippleTimeIntervals					3587.5792	3.3531102668376622	
3588.4808000000003	0.1248000000000502	RippleTimeIntervals					3588.5840000000003	2.2829756425786383	
3589.1328000000003	0.02719999999999345	RippleTimeIntervals					3589.1368	0.42608602912367716	
3589.3360000000002	0.04399999999986903	RippleTimeIntervals					3589.3592000000003	2.0143617388198383	
3590.5024000000003	0.020799999999780994	RippleTimeIntervals					3590.5112000000004	0.5249058030516598	
3592.3744	0.03440000000000509	RippleTimeIntervals					3592.3912	0.9810348515857571	
3593.2088000000003	0.022399999999834108	RippleTimeIntervals					3593.2144000000003	0.4594180874822442	
3593.3456	0.06880000000001019	RippleTimeIntervals					3593.3512	0.58874596113911	
3594.1768	0.032000000000152795	RippleTimeIntervals					3594.1936	1.219503566908674	
3594.3464000000004	0.02639999999973952	RippleTimeIntervals					3594.3512	0.44148216251273265	
3600.5592	0.07679999999982101	RippleTimeIntervals					3600.6176	3.9830445762691844	
3603.0712000000003	0.03440000000000509	RippleTimeIntervals					3603.0888	1.3351968915439463	
3604.1336	0.041600000000016735	RippleTimeIntervals					3604.168	0.46374016005681407	
3604.3472	0.028800000000046566	RippleTimeIntervals					3604.3624	0.44329209155040644	
3604.6264	0.05760000000009313	RippleTimeIntervals					3604.6368	0.8431373311987261	
3604.7304000000004	0.0543999999999869	RippleTimeIntervals					3604.7768	1.6377654346596622	
3604.8216	0.051199999999880674	RippleTimeIntervals					3604.8344	2.603195296019526	
3605.308	0.026400000000194268	RippleTimeIntervals					3605.3176000000003	1.0882894243681174	
3605.6712	0.058399999999892316	RippleTimeIntervals					3605.7144000000003	3.873489957056215	
3608.1992	0.03360000000020591	RippleTimeIntervals					3608.2136	2.9294580709325495	
3609.4272	0.04080000000021755	RippleTimeIntervals					3609.4488	0.5777801072346173	
3610.2536	0.03120000000035361	RippleTimeIntervals					3610.2712	7.213551877465705	
3610.6312000000003	0.03040000000009968	RippleTimeIntervals					3610.6472000000003	1.942431916663923	
3611.0640000000003	0.04399999999986903	RippleTimeIntervals					3611.0848	0.910722934207076	
3611.4968000000003	0.024799999999686406	RippleTimeIntervals					3611.5152000000003	0.6550026279747418	
3611.5992	0.026400000000194268	RippleTimeIntervals					3611.6112000000003	3.9087326621326293	
3611.8888	0.03920000000016444	RippleTimeIntervals					3611.9176	2.0569712085328007	
3613.2968	0.028000000000247383	RippleTimeIntervals					3613.3168	1.3497343192694329	
3615.7096	0.02719999999999345	RippleTimeIntervals					3615.7296	1.2290643132408237	
3617.648	0.03279999999995198	RippleTimeIntervals					3617.6608	4.004566698950148	
3621.4368	0.03040000000009968	RippleTimeIntervals					3621.4504	1.2300120286741207	
3621.5248	0.04719999999997526	RippleTimeIntervals					3621.5384000000004	3.0452079754169668	
3623.992	0.03040000000009968	RippleTimeIntervals					3624.0024000000003	2.435942406808644	
3625.6312000000003	0.03679999999985739	RippleTimeIntervals					3625.652	2.963793866444214	
3631.7112	0.03760000000011132	RippleTimeIntervals					3631.7256	1.9244293956160565	
3631.9304	0.03040000000009968	RippleTimeIntervals					3631.9432	0.8645143977436045	
3633.5576	0.04960000000028231	RippleTimeIntervals					3633.6016	0.8455261664867796	
3633.9216	0.04320000000006985	RippleTimeIntervals					3633.952	2.1225970619853296	
3640.2824	0.06640000000015789	RippleTimeIntervals					3640.3272	3.659962451303222	
3640.6696	0.0727999999999156	RippleTimeIntervals					3640.6888000000004	2.114783506455258	
3640.996	0.032000000000152795	RippleTimeIntervals					3641.0208000000002	0.6366790840404106	
3642.9592000000002	0.06640000000015789	RippleTimeIntervals					3642.972	1.3523408325817357	
3647.3752	0.12400000000025102	RippleTimeIntervals					3647.4816	3.133096487934872	
3647.5384000000004	0.0751999999997679	RippleTimeIntervals					3647.596	1.5105005007787988	
3647.6960000000004	0.024799999999686406	RippleTimeIntervals					3647.712	0.8945094910904475	
3647.8624	0.04080000000021755	RippleTimeIntervals					3647.8904	0.9604472411566006	
3648.4320000000002	0.04399999999986903	RippleTimeIntervals					3648.4656	1.3590138606911695	
3648.4976	0.03999999999996362	RippleTimeIntervals					3648.5256000000004	2.724624729341668	
3648.6672000000003	0.04320000000006985	RippleTimeIntervals					3648.6896	1.4209840006413947	
3648.824	0.038399999999910506	RippleTimeIntervals					3648.8456	0.6347768544996987	
3649.5672	0.08240000000023429	RippleTimeIntervals					3649.6344000000004	3.3514714825337935	
3649.712	0.11680000000023938	RippleTimeIntervals					3649.764	2.351722436686941	
3649.8728	0.026400000000194268	RippleTimeIntervals					3649.8848000000003	1.1674959182387301	
3650.1512000000002	0.02959999999984575	RippleTimeIntervals					3650.1664	2.1014006998614687	
3654.8576000000003	0.06399999999985084	RippleTimeIntervals					3654.8984	2.3767757749716734	
3666.476	0.03440000000000509	RippleTimeIntervals					3666.4944	1.31062990667907	
3666.6184000000003	0.04399999999986903	RippleTimeIntervals					3666.6376	1.074042691878681	
3666.7560000000003	0.06399999999985084	RippleTimeIntervals					3666.7904000000003	1.4826562914668575	
3671.9944	0.025599999999940337	RippleTimeIntervals					3672.0016	0.8060067774263007	
3673.032	0.09839999999985594	RippleTimeIntervals					3673.1096000000002	2.7600144498360075	
3673.2024	0.08800000000019281	RippleTimeIntervals					3673.2688000000003	1.9998539261404242	
3676.7448000000004	0.030399999999644933	RippleTimeIntervals					3676.7672000000002	2.0773267147896486	
3677.0136	0.06480000000010477	RippleTimeIntervals					3677.0600000000004	2.144606019683288	
3677.7400000000002	0.03999999999996362	RippleTimeIntervals					3677.7592	3.453257447454934	
3678.3184	0.02320000000008804	RippleTimeIntervals					3678.3264000000004	2.996914354397226	
3678.404	0.05760000000009313	RippleTimeIntervals					3678.4152000000004	1.8018726009858088	
3678.8336000000004	0.05359999999973297	RippleTimeIntervals					3678.876	4.430744541776864	
3679.3784	0.025599999999940337	RippleTimeIntervals					3679.3880000000004	4.085315800161249	
3679.5384000000004	0.051199999999880674	RippleTimeIntervals					3679.5488	3.594653779841128	
3679.6096000000002	0.03279999999995198	RippleTimeIntervals					3679.6144000000004	0.795677519110621	
3679.9024000000004	0.03359999999975116	RippleTimeIntervals					3679.9248000000002	1.6452643170685035	
3680.8808000000004	0.03679999999985739	RippleTimeIntervals					3680.9016	1.7263762032770904	
3681.8376000000003	0.028800000000046566	RippleTimeIntervals					3681.8584	2.5732143858820953	
3683.6984	0.024800000000141154	RippleTimeIntervals					3683.7160000000003	0.6229775564687189	
3683.7928	0.04640000000017608	RippleTimeIntervals					3683.8264000000004	0.6871724700722072	
3684.2784	0.026400000000194268	RippleTimeIntervals					3684.2976000000003	1.1841658724690631	
3685.8208	0.02320000000008804	RippleTimeIntervals					3685.84	0.44880052143588517	
3686.2928	0.05600000000004002	RippleTimeIntervals					3686.3408000000004	1.6574863893806322	
3686.4888	0.04559999999992215	RippleTimeIntervals					3686.4984000000004	2.9922353482838657	
3686.5736	0.03040000000009968	RippleTimeIntervals					3686.5792	1.2853948552916592	
3689.0392	0.03040000000009968	RippleTimeIntervals					3689.0472	0.6084715544029601	
3689.6128000000003	0.05359999999973297	RippleTimeIntervals					3689.6528000000003	4.4169493276471705	
3689.7832000000003	0.03999999999996362	RippleTimeIntervals					3689.8048000000003	0.5743336927008218	
3693.8664000000003	0.04399999999986903	RippleTimeIntervals					3693.9024000000004	1.5649117455559218	
3694.04	0.09520000000020445	RippleTimeIntervals					3694.108	1.7522264606303546	
3696.6416000000004	0.022399999999834108	RippleTimeIntervals					3696.6456000000003	0.799219862237288	
3697.7512	0.02959999999984575	RippleTimeIntervals					3697.7608	1.3009134533065514	
3697.9264000000003	0.025599999999940337	RippleTimeIntervals					3697.9320000000002	0.6651578255010497	
3698.0832	0.0864000000001397	RippleTimeIntervals					3698.1024	1.2503512911506294	
3700.7560000000003	0.02320000000008804	RippleTimeIntervals					3700.7720000000004	1.0217612586078395	
3711.1040000000003	0.03040000000009968	RippleTimeIntervals					3711.1232	0.9400014746452985	
3715.4352000000003	0.038399999999910506	RippleTimeIntervals					3715.4656	0.9214566688600974	
3715.6136	0.0727999999999156	RippleTimeIntervals					3715.664	2.112372721336234	
3715.824	0.032000000000152795	RippleTimeIntervals					3715.84	1.1431179504947087	
3717.0440000000003	0.037599999999656575	RippleTimeIntervals					3717.0688	0.9876492573810872	
3717.1488000000004	0.04159999999956199	RippleTimeIntervals					3717.1744000000003	2.2331561366118438	
3717.7952	0.03040000000009968	RippleTimeIntervals					3717.8144	3.0925190274687853	
3731.2560000000003	0.11439999999993233	RippleTimeIntervals					3731.2832000000003	1.6790415520095878	
3731.7104000000004	0.06719999999995707	RippleTimeIntervals					3731.7296	2.4969886580698004	
3731.8832	0.04719999999997526	RippleTimeIntervals					3731.8944	3.060779735312676	
3732.136	0.03760000000011132	RippleTimeIntervals					3732.1664	2.5640326727069107	
3732.3024	0.03040000000009968	RippleTimeIntervals					3732.3168	2.3834323342693042	
3736.6104	0.025599999999940337	RippleTimeIntervals					3736.6248	0.6189510542451289	
3741.1560000000004	0.02639999999973952	RippleTimeIntervals					3741.1608	0.4656336143257952	
3741.5968000000003	0.021600000000034925	RippleTimeIntervals					3741.6104	1.4025358212226129	
3744.3008	0.022400000000288856	RippleTimeIntervals					3744.3096	0.594720547835511	
3744.6128000000003	0.03600000000005821	RippleTimeIntervals					3744.6216000000004	1.3582627512723264	
3746.7088000000003	0.06239999999979773	RippleTimeIntervals					3746.7672000000002	0.7474537821077637	
3747.0168000000003	0.02719999999999345	RippleTimeIntervals					3747.0304	1.768298697587376	
3748.724	0.02959999999984575	RippleTimeIntervals					3748.7352	1.9355635289574065	
3749.8416	0.044800000000122964	RippleTimeIntervals					3749.8720000000003	1.4562665535025396	
3750.8248000000003	0.04639999999972133	RippleTimeIntervals					3750.864	0.7638415048706696	
3751.0248	0.07600000000002183	RippleTimeIntervals					3751.0856000000003	3.2240100060819072	
3753.0928000000004	0.03440000000000509	RippleTimeIntervals					3753.1112000000003	0.6583918947536164	
3753.2264	0.08000000000038199	RippleTimeIntervals					3753.2656	2.9621240884092574	
3754.4432	0.027999999999792635	RippleTimeIntervals					3754.4528	0.5765537156000163	
3754.6912	0.02959999999984575	RippleTimeIntervals					3754.7160000000003	0.5252159077186725	
3756.0208000000002	0.02959999999984575	RippleTimeIntervals					3756.0472	0.5858998634774538	
3757.1784000000002	0.038399999999910506	RippleTimeIntervals					3757.1864	0.9913885821336679	
3757.3744	0.03040000000009968	RippleTimeIntervals					3757.3816	2.1166564655993185	
3759.8936000000003	0.03679999999985739	RippleTimeIntervals					3759.8992000000003	0.8928104452678199	
3762.4744	0.02080000000023574	RippleTimeIntervals					3762.4880000000003	0.5897716798482425	
3762.5600000000004	0.044799999999668216	RippleTimeIntervals					3762.5768000000003	2.745743124320343	
3762.6288	0.03920000000016444	RippleTimeIntervals					3762.6600000000003	1.8074657962671736	
3767.148	0.1087999999999738	RippleTimeIntervals					3767.1752	3.404875999507317	
3774.4384	0.02080000000023574	RippleTimeIntervals					3774.4432	0.6689385100256139	
3775.6312000000003	0.020799999999780994	RippleTimeIntervals					3775.6448	0.5392754637327267	
3778.3720000000003	0.060799999999744614	RippleTimeIntervals					3778.3816	0.7564901014993038	
3779.404	0.03760000000011132	RippleTimeIntervals					3779.4344	0.7408567673332886	
3779.4824000000003	0.10559999999986758	RippleTimeIntervals					3779.4896000000003	1.6873224855170192	
3785.0	10.0	SleepStates							WAKEstate
3787.0904	0.03760000000011132	RippleTimeIntervals					3787.112	2.477770794402596	
3790.0248	0.02080000000023574	RippleTimeIntervals					3790.0336	0.46978781721368446	
3796.0	721.0	SleepStates							NREMstate
3798.2216000000003	0.04320000000006985	RippleTimeIntervals					3798.2456	2.1295565984978957	
3804.7960000000003	0.04639999999972133	RippleTimeIntervals					3804.8136000000004	2.170499520413489	
3805.1224	0.027999999999792635	RippleTimeIntervals					3805.1424	1.1433674691584472	
3805.2064	0.07600000000002183	RippleTimeIntervals					3805.2576000000004	2.148772768070972	
3805.3984	0.04080000000021755	RippleTimeIntervals					3805.4312	2.4247931491953443	
3806.6504	0.021600000000034925	RippleTimeIntervals					3806.6648	0.9475235373665583	
3806.9464000000003	0.022399999999834108	RippleTimeIntervals					3806.9544	1.138442590999098	
3810.3216	0.044800000000122964	RippleTimeIntervals					3810.3368	1.4230721659158816	
3812.4056	0.03999999999996362	RippleTimeIntervals					3812.424	0.41629905395435884	
3813.208	0.02719999999999345	RippleTimeIntervals					3813.2272000000003	0.782269643118877	
3813.5744	0.032000000000152795	RippleTimeIntervals					3813.5864	3.1984313323868276	
3814.848	0.032000000000152795	RippleTimeIntervals					3814.8672	1.3179465873238536	
3816.152	0.0656000000003587	RippleTimeIntervals					3816.1648	0.8162321193182007	
3816.3336000000004	0.04959999999982756	RippleTimeIntervals					3816.3552	4.5118565940900925	
3816.4064000000003	0.025599999999940337	RippleTimeIntervals					3816.424	1.663674954018304	
3816.5232	0.051199999999880674	RippleTimeIntervals					3816.5576	2.1170581860181015	
3819.9	0.03680000000031214	RippleTimeIntervals					3819.9216	2.7702617969137875	
3820.0072	0.061599999999998545	RippleTimeIntervals					3820.0240000000003	1.923849397371758	
3823.0192	0.02959999999984575	RippleTimeIntervals					3823.0392	1.2480193778859112	
3823.8160000000003	0.025599999999940337	RippleTimeIntervals					3823.8344	0.5343344493105147	
3824.5808	0.03040000000009968	RippleTimeIntervals					3824.6008	1.0891872057769711	
3826.1912	0.05040000000008149	RippleTimeIntervals					3826.2200000000003	1.1015755977116473	
3827.8232000000003	0.02959999999984575	RippleTimeIntervals					3827.8360000000002	1.4248145814834023	
3828.2352	0.023999999999887223	RippleTimeIntervals					3828.2520000000004	1.9822443050978538	
3828.2968	0.03040000000009968	RippleTimeIntervals					3828.3096	0.829149921614466	
3828.4696000000004	0.023199999999633292	RippleTimeIntervals					3828.4808000000003	1.7502107262503177	
3828.7072000000003	0.03040000000009968	RippleTimeIntervals					3828.7208	1.473212599308625	
3829.9024000000004	0.020799999999780994	RippleTimeIntervals					3829.9152000000004	4.561675721775652	
3829.972	0.022399999999834108	RippleTimeIntervals					3829.9872	1.1509589748348417	
3840.7720000000004	0.03679999999985739	RippleTimeIntervals					3840.8024	0.9130985769868629	
3842.7784	0.04080000000021755	RippleTimeIntervals					3842.8064000000004	1.374015136324783	
3843.3976000000002	0.04719999999997526	RippleTimeIntervals					3843.4120000000003	2.15265685880214	
3843.6448	0.04320000000006985	RippleTimeIntervals					3843.6608	1.7259793942564898	
3843.7664	0.044800000000122964	RippleTimeIntervals					3843.7992000000004	3.315508622622207	
3845.0488	0.024800000000141154	RippleTimeIntervals					3845.0664	0.7503305017342767	
3846.7896	0.052000000000134605	RippleTimeIntervals					3846.8288000000002	0.5957397479001405	
3847.8752000000004	0.03919999999970969	RippleTimeIntervals					3847.9024000000004	2.095004481164444	
3850.3136000000004	0.061599999999998545	RippleTimeIntervals					3850.3272	0.6267576228572451	
3850.6552	0.05040000000008149	RippleTimeIntervals					3850.684	0.9490094265308885	
3850.8016000000002	0.022399999999834108	RippleTimeIntervals					3850.8096	0.9355140134464643	
3851.3744	0.028800000000046566	RippleTimeIntervals					3851.3920000000003	2.0204622301240445	
3853.8056	0.03440000000000509	RippleTimeIntervals					3853.8320000000003	2.409486661521808	
3855.788	0.026400000000194268	RippleTimeIntervals					3855.8072	1.1986117713078575	
3855.8856	0.021600000000034925	RippleTimeIntervals					3855.8912	1.230467921871263	
3855.9472	0.029600000000300497	RippleTimeIntervals					3855.9664000000002	0.6697751529802947	
3856.0392	0.02080000000023574	RippleTimeIntervals					3856.0528000000004	2.2865361059118112	
3856.3904	0.041600000000016735	RippleTimeIntervals					3856.4096000000004	0.6818788322268531	
3856.7624	0.022400000000288856	RippleTimeIntervals					3856.7672000000002	0.6841090030104152	
3861.4176	0.07920000000012806	RippleTimeIntervals					3861.4888	1.3138032536657935	
3861.5824000000002	0.02959999999984575	RippleTimeIntervals					3861.5896000000002	0.5523641213893766	
3861.6864	0.029600000000300497	RippleTimeIntervals					3861.7088000000003	0.8988254902645708	
3864.1232	0.04800000000022919	RippleTimeIntervals					3864.1568	0.5396638721436643	
3864.2848000000004	0.031199999999898864	RippleTimeIntervals					3864.2896	0.5898814536058714	
3865.0376	0.04320000000006985	RippleTimeIntervals					3865.04	0.44626121110417566	
3865.3448000000003	0.02719999999999345	RippleTimeIntervals					3865.3592000000003	1.7202784049592297	
3865.708	0.021600000000034925	RippleTimeIntervals					3865.7184	0.47776669698511326	
3869.5840000000003	0.05040000000008149	RippleTimeIntervals					3869.6112000000003	0.5970215594448653	
3873.6512000000002	0.020799999999780994	RippleTimeIntervals					3873.6600000000003	0.5665446696070436	
3874.9576	0.058399999999892316	RippleTimeIntervals					3874.9944	0.687075707457274	
3880.8784	0.029600000000300497	RippleTimeIntervals					3880.896	0.7799602013239598	
3881.5480000000002	0.03440000000000509	RippleTimeIntervals					3881.552	0.45021632264877515	
3890.8856	0.02320000000008804	RippleTimeIntervals					3890.8984	1.7972174613942893	
3892.0304	0.028000000000247383	RippleTimeIntervals					3892.0528000000004	1.4742483236293844	
3892.7176000000004	0.027999999999792635	RippleTimeIntervals					3892.7376000000004	1.9187755054778168	
3892.9664000000002	0.023999999999887223	RippleTimeIntervals					3892.9824000000003	3.0197992207834536	
3893.2672000000002	0.03359999999975116	RippleTimeIntervals					3893.2832000000003	3.35448083920875	
3894.5144	0.03760000000011132	RippleTimeIntervals					3894.536	1.135790561989479	
3904.3992000000003	0.04320000000006985	RippleTimeIntervals					3904.4192000000003	2.3281747215267496	
3904.608	0.05760000000009313	RippleTimeIntervals					3904.6184000000003	2.401010296816585	
3905.8424	0.06960000000026412	RippleTimeIntervals					3905.884	3.8091209683045104	
3906.232	0.05840000000034706	RippleTimeIntervals					3906.2808	2.3031444746342253	
3910.8376000000003	0.022399999999834108	RippleTimeIntervals					3910.856	0.5151332522567513	
3911.7536	0.029600000000300497	RippleTimeIntervals					3911.76	0.8535573013661493	
3913.5008000000003	0.020799999999780994	RippleTimeIntervals					3913.5128	0.5747188682534303	
3913.9504	0.05040000000008149	RippleTimeIntervals					3913.9840000000004	1.1721414742499812	
3915.6136	0.024800000000141154	RippleTimeIntervals					3915.6344000000004	0.6190430808868325	
3915.7976000000003	0.05040000000008149	RippleTimeIntervals					3915.8368	4.118497565424325	
3915.9784	0.03600000000005821	RippleTimeIntervals					3915.9840000000004	1.040161846178365	
3920.1104	0.11599999999998545	RippleTimeIntervals					3920.1344000000004	2.752474286152401	
3920.9280000000003	0.024799999999686406	RippleTimeIntervals					3920.9480000000003	0.402496737472657	
3921.076	0.025599999999940337	RippleTimeIntervals					3921.0944000000004	0.7222199656616732	
3921.2816000000003	0.05760000000009313	RippleTimeIntervals					3921.3128	3.300326349694251	
3921.4176	0.040799999999762804	RippleTimeIntervals					3921.4248000000002	0.6837099962823086	
3921.5592	0.12159999999994398	RippleTimeIntervals					3921.6648	1.4115391943676956	
3923.6816000000003	0.041600000000016735	RippleTimeIntervals					3923.7000000000003	2.062929483715996	
3924.7208	0.035200000000259024	RippleTimeIntervals					3924.7408	4.123086925240745	
3924.824	0.06960000000026412	RippleTimeIntervals					3924.8664000000003	0.9927604522546211	
3927.2368	0.021600000000034925	RippleTimeIntervals					3927.2448000000004	1.4536767158294948	
3929.4824000000003	0.06479999999965003	RippleTimeIntervals					3929.4968000000003	0.46545581907940214	
3929.6048	0.021600000000034925	RippleTimeIntervals					3929.6096000000002	1.1459054994952957	
3931.0576	0.03680000000031214	RippleTimeIntervals					3931.0800000000004	1.8260197460043122	
3931.8512	0.03680000000031214	RippleTimeIntervals					3931.8704000000002	1.073801645900558	
3933.5568000000003	0.021600000000034925	RippleTimeIntervals					3933.5672000000004	1.0640862566570253	
3935.628	0.03760000000011132	RippleTimeIntervals					3935.6432	1.7256622887287407	
3936.4784	0.044800000000122964	RippleTimeIntervals					3936.4912000000004	0.9826020051227515	
3938.1600000000003	0.024799999999686406	RippleTimeIntervals					3938.1712	0.6143957984797549	
3944.6024	0.06959999999980937	RippleTimeIntervals					3944.6296	2.465376146850675	
3945.5392	0.028000000000247383	RippleTimeIntervals					3945.5504	1.3392227519053337	
3947.3424	0.06320000000005166	RippleTimeIntervals					3947.3584	1.7968415063875829	
3947.4312	0.055200000000240834	RippleTimeIntervals					3947.4592000000002	0.8078723076409201	
3949.708	0.03680000000031214	RippleTimeIntervals					3949.7192	1.539059754907511	
3951.4976	0.04320000000006985	RippleTimeIntervals					3951.5056000000004	0.7830523406572407	
3952.896	0.038399999999910506	RippleTimeIntervals					3952.9272	0.4751732902582539	
3953.8712	0.04800000000022919	RippleTimeIntervals					3953.8912	1.7261211829001946	
3953.9936000000002	0.03359999999975116	RippleTimeIntervals					3954.0208000000002	0.9050135493948716	
3954.2000000000003	0.07679999999982101	RippleTimeIntervals					3954.2448000000004	3.4959576593430626	
3954.3824000000004	0.03919999999970969	RippleTimeIntervals					3954.4168	0.7665474722626999	
3954.4488	0.04800000000022919	RippleTimeIntervals					3954.4736000000003	1.5678396041358484	
3955.6824	0.03600000000005821	RippleTimeIntervals					3955.6952	2.3887395835076455	
3955.9120000000003	0.022399999999834108	RippleTimeIntervals					3955.9168	1.2080798042338088	
3956.704	0.02080000000023574	RippleTimeIntervals					3956.7088000000003	0.8500869891362616	
3956.7472000000002	0.06880000000001019	RippleTimeIntervals					3956.7960000000003	2.148558988492025	
3958.3464000000004	0.02719999999999345	RippleTimeIntervals					3958.3608000000004	0.9319458092820353	
3963.164	0.03359999999975116	RippleTimeIntervals					3963.1928000000003	0.9533461597942751	
3966.1328000000003	0.027999999999792635	RippleTimeIntervals					3966.1448	2.1105253369867043	
3968.2376000000004	0.025599999999940337	RippleTimeIntervals					3968.2552	1.462876908446175	
3970.9328	0.026400000000194268	RippleTimeIntervals					3970.9552000000003	0.5011283514757627	
3971.1192	0.05040000000008149	RippleTimeIntervals					3971.1544000000004	1.1055007279344573	
3972.46	0.028000000000247383	RippleTimeIntervals					3972.4640000000004	0.6873401825043811	
3972.6072000000004	0.03599999999960346	RippleTimeIntervals					3972.6352	2.122725078893815	
3986.8464000000004	0.040799999999762804	RippleTimeIntervals					3986.8712	0.8825631667218539	
3989.4744	0.05840000000034706	RippleTimeIntervals					3989.5080000000003	2.493837816409745	
3992.9408000000003	0.04320000000006985	RippleTimeIntervals					3992.9624000000003	0.7667180074042244	
3993.2048	0.022400000000288856	RippleTimeIntervals					3993.212	1.797541982832989	
3993.7944	0.05360000000018772	RippleTimeIntervals					3993.8408000000004	0.9831368040921835	
3995.9872	0.03440000000000509	RippleTimeIntervals					3995.9952000000003	1.1896452980861023	
4000.384	0.026400000000194268	RippleTimeIntervals					4000.4024000000004	1.2172874413747796	
4001.6016000000004	0.04959999999982756	RippleTimeIntervals					4001.6224	1.9916029230274688	
4001.6864	0.061599999999998545	RippleTimeIntervals					4001.7032000000004	2.39119721722913	
4002.3856	0.04320000000006985	RippleTimeIntervals					4002.4032	1.7237386253036087	
4002.7464	0.05760000000009313	RippleTimeIntervals					4002.76	0.8803240926468839	
4002.9544	0.04640000000017608	RippleTimeIntervals					4002.9632	2.2442766649653456	
4003.8824000000004	0.051199999999880674	RippleTimeIntervals					4003.9136000000003	3.983850252978539	
4004.0416	0.06400000000030559	RippleTimeIntervals					4004.0608	2.747871406793375	
4004.2160000000003	0.03999999999996362	RippleTimeIntervals					4004.228	2.3849463499287262	
4004.5528000000004	0.06719999999995707	RippleTimeIntervals					4004.6064	2.041013774632411	
4008.7992000000004	0.03279999999995198	RippleTimeIntervals					4008.8072	1.7644268800259364	
4010.9472	0.022400000000288856	RippleTimeIntervals					4010.9656	0.52455973427427	
4011.0248	0.03920000000016444	RippleTimeIntervals					4011.052	1.4649931219037782	
4011.164	0.05040000000008149	RippleTimeIntervals					4011.2064	1.5201953055029402	
4012.3488	0.03279999999995198	RippleTimeIntervals					4012.3744	0.48022227609887896	
4015.0400000000004	0.038399999999910506	RippleTimeIntervals					4015.0632	0.5069082390815767	
4015.1240000000003	0.02320000000008804	RippleTimeIntervals					4015.1392	2.1731039383677304	
4017.224	0.02719999999999345	RippleTimeIntervals					4017.2432000000003	1.423756778338513	
4020.4352000000003	0.037599999999656575	RippleTimeIntervals					4020.4496000000004	1.3242253448199117	
4021.1800000000003	0.05199999999967986	RippleTimeIntervals					4021.1904000000004	0.5684005042185613	
4029.728	0.038399999999910506	RippleTimeIntervals					4029.7384	2.1380096234943733	
4033.4672	0.05279999999993379	RippleTimeIntervals					4033.4928	0.7434101009390814	
4033.7112	0.09679999999980282	RippleTimeIntervals					4033.7856	3.0474079925492035	
4033.9288	0.05600000000004002	RippleTimeIntervals					4033.9472	4.025607611748553	
4034.1608	0.06080000000019936	RippleTimeIntervals					4034.2064	2.8122518189286283	
4035.4496000000004	0.09679999999980282	RippleTimeIntervals					4035.48	1.4805436845947766	
4035.7720000000004	0.02719999999999345	RippleTimeIntervals					4035.7776000000003	1.1061339950061462	
4036.3920000000003	0.03199999999969805	RippleTimeIntervals					4036.404	1.9847843883487293	
4038.7648000000004	0.022399999999834108	RippleTimeIntervals					4038.7792000000004	2.741749977490129	
4038.8832	0.03920000000016444	RippleTimeIntervals					4038.9144	1.8803964907147226	
4039.9264000000003	0.03440000000000509	RippleTimeIntervals					4039.9448	1.3440356743050184	
4040.608	0.04800000000022919	RippleTimeIntervals					4040.6392	1.5182987663270666	
4041.5440000000003	0.05040000000008149	RippleTimeIntervals					4041.5744	2.696890314929738	
4045.2576000000004	0.02959999999984575	RippleTimeIntervals					4045.2792000000004	0.5690085399367197	
4046.2104000000004	0.02639999999973952	RippleTimeIntervals					4046.2200000000003	1.3272145241167912	
4058.2984	0.05600000000004002	RippleTimeIntervals					4058.3344	2.256846842943011	
4058.4072	0.024800000000141154	RippleTimeIntervals					4058.4112	0.7101136097824048	
4058.5352000000003	0.04959999999982756	RippleTimeIntervals					4058.5600000000004	3.0701899381873354	
4058.6816000000003	0.06479999999965003	RippleTimeIntervals					4058.7384	2.7451579569250333	
4059.2352	0.028000000000247383	RippleTimeIntervals					4059.2408	0.7944147192422633	
4059.3864000000003	0.058399999999892316	RippleTimeIntervals					4059.4256	2.7119012294906537	
4062.6384000000003	0.020799999999780994	RippleTimeIntervals					4062.6472000000003	1.0942634258327186	
4063.5392	0.03679999999985739	RippleTimeIntervals					4063.5552000000002	1.163870848867246	
4064.2824	0.05360000000018772	RippleTimeIntervals					4064.2976000000003	2.8969126144271535	
4064.5872000000004	0.03519999999980428	RippleTimeIntervals					4064.6144000000004	2.078283738802223	
4064.784	0.02320000000008804	RippleTimeIntervals					4064.7952	2.981870619000943	
4065.0552000000002	0.025599999999940337	RippleTimeIntervals					4065.0696000000003	0.9975790669871373	
4065.2472000000002	0.040799999999762804	RippleTimeIntervals					4065.268	1.500917596396722	
4072.8520000000003	0.05519999999978609	RippleTimeIntervals					4072.8992000000003	0.9653438132841922	
4074.7744000000002	0.10559999999986758	RippleTimeIntervals					4074.7984	1.8766234542373574	
4074.9336000000003	0.047999999999774445	RippleTimeIntervals					4074.9664000000002	3.908986894898764	
4075.2968	0.08560000000034051	RippleTimeIntervals					4075.356	1.079306320872948	
4075.6048	0.061599999999998545	RippleTimeIntervals					4075.6464	1.831249764733593	
4076.0128	0.044800000000122964	RippleTimeIntervals					4076.0440000000003	1.911670036016193	
4076.4168000000004	0.024799999999686406	RippleTimeIntervals					4076.4288	2.4325125833645327	
4077.2496	0.07680000000027576	RippleTimeIntervals					4077.2760000000003	1.5074947072035199	
4082.44	0.09600000000000364	RippleTimeIntervals					4082.5072	0.999628838837722	
4083.6528000000003	0.05760000000009313	RippleTimeIntervals					4083.6800000000003	1.072492501370525	
4085.5576	0.03760000000011132	RippleTimeIntervals					4085.5712000000003	2.4946241215948914	
4087.7472000000002	0.020799999999780994	RippleTimeIntervals					4087.764	0.4207873219935889	
4091.2208	0.03120000000035361	RippleTimeIntervals					4091.2504000000004	0.4556892389561151	
4092.6776	0.021600000000034925	RippleTimeIntervals					4092.6896	2.72781531375805	
4100.5232000000005	0.04879999999957363	RippleTimeIntervals					4100.5464	2.456529249243979	
4102.407200000001	0.025599999999940337	RippleTimeIntervals					4102.428	0.6282332252372196	
4104.7752	0.058399999999892316	RippleTimeIntervals					4104.791200000001	1.3171311117359898	
4104.9008	0.027199999999538704	RippleTimeIntervals					4104.9128	2.3571702700249206	
4105.112	0.044799999999668216	RippleTimeIntervals					4105.1376	3.1446373507387344	
4105.192	0.02959999999984575	RippleTimeIntervals					4105.2072	3.192639736782139	
4107.504800000001	0.02479999999923166	RippleTimeIntervals					4107.5144	0.9279999553678868	
4107.772	0.0543999999999869	RippleTimeIntervals					4107.8032	2.455029392883386	
4107.8656	0.07920000000012806	RippleTimeIntervals					4107.9352	2.4540881335520703	
4108.2208	0.040799999999762804	RippleTimeIntervals					4108.2344	0.8964691896581464	
4115.334400000001	0.023199999999633292	RippleTimeIntervals					4115.3488	2.4931776275384476	
4115.72	0.03920000000016444	RippleTimeIntervals					4115.7376	2.65300487913229	
4120.5016000000005	0.047999999999774445	RippleTimeIntervals					4120.5424	0.43720545316325365	
4120.8640000000005	0.037599999999656575	RippleTimeIntervals					4120.8752	1.7850713900308588	
4121.3824	0.05279999999947904	RippleTimeIntervals					4121.396000000001	1.3964252328919888	
4121.5784	0.021600000000034925	RippleTimeIntervals					4121.5928	0.602630808308635	
4121.7016	0.03679999999985739	RippleTimeIntervals					4121.7312	0.6429549272191151	
4122.044800000001	0.022399999999834108	RippleTimeIntervals					4122.0496	0.4694308309474467	
4131.914400000001	0.05040000000008149	RippleTimeIntervals					4131.924	2.4040863208243644	
4131.9984	0.03600000000005821	RippleTimeIntervals					4132.0160000000005	1.8924298371462442	
4132.0712	0.03920000000016444	RippleTimeIntervals					4132.0904	2.055427739434865	
4132.957600000001	0.05279999999947904	RippleTimeIntervals					4132.9784	1.372718023791669	
4133.736800000001	0.027999999999337888	RippleTimeIntervals					4133.7424	1.6931694804151654	
4133.8408	0.028000000000247383	RippleTimeIntervals					4133.8544	2.534916088016096	
4134.0624	0.061599999999998545	RippleTimeIntervals					4134.0888	3.1486284195156	
4134.148	0.048800000000483124	RippleTimeIntervals					4134.1576000000005	0.6608573718674164	
4134.236	0.03840000000036525	RippleTimeIntervals					4134.252	2.205596152512401	
4137.4344	0.03359999999975116	RippleTimeIntervals					4137.452	0.8079835865458935	
4143.5088000000005	0.028800000000046566	RippleTimeIntervals					4143.5344000000005	0.46952314433914843	
4147.4632	0.03920000000016444	RippleTimeIntervals					4147.468800000001	0.9318493369974752	
4156.8776	0.024800000000141154	RippleTimeIntervals					4156.8952	1.3898298449695017	
4157.4064	0.028000000000247383	RippleTimeIntervals					4157.428	1.5238539622509013	
4158.124	0.0272000000004482	RippleTimeIntervals					4158.144	1.4987643651153213	
4158.6344	0.05040000000008149	RippleTimeIntervals					4158.6584	1.9935142905210623	
4162.983200000001	0.02479999999923166	RippleTimeIntervals					4163.0032	0.41209115577089395	
4174.9048	0.042400000000270666	RippleTimeIntervals					4174.9344	1.0015954621775949	
4175.4448	0.028000000000247383	RippleTimeIntervals					4175.464800000001	1.948677982235685	
4175.84	0.08799999999973807	RippleTimeIntervals					4175.908	4.971904383660881	
4176.032	0.04320000000006985	RippleTimeIntervals					4176.0624	0.4017779885207635	
4176.0960000000005	0.028800000000046566	RippleTimeIntervals					4176.106400000001	1.2982979598031974	
4176.392	0.030400000000554428	RippleTimeIntervals					4176.4056	1.5975048896460102	
4176.4736	0.04719999999997526	RippleTimeIntervals					4176.5088000000005	2.118710086787276	
4176.8536	0.02080000000023574	RippleTimeIntervals					4176.8616	1.2906464563732574	
4177.0336	0.05840000000080181	RippleTimeIntervals					4177.0648	1.9415663639647713	
4177.1952	0.05199999999967986	RippleTimeIntervals					4177.2032	1.1476081437325476	
4178.764	0.03440000000045984	RippleTimeIntervals					4178.7824	2.320730195399517	
4184.292	0.05599999999958527	RippleTimeIntervals					4184.3104	2.6216521868513554	
4190.2576	0.020000000000436557	RippleTimeIntervals					4190.2704	0.5980154842407857	
4195.9864	0.022400000000743603	RippleTimeIntervals					4195.992	0.44167385013524846	
4196.4944000000005	0.051199999999880674	RippleTimeIntervals					4196.5136	1.8405678696130918	
4198.296	0.061599999999998545	RippleTimeIntervals					4198.3376	2.072103146923822	
4198.472	0.04640000000017608	RippleTimeIntervals					4198.4896	1.914806484336675	
4198.7632	0.025599999999940337	RippleTimeIntervals					4198.776	0.9509243696510883	
4198.903200000001	0.027199999999538704	RippleTimeIntervals					4198.9224	1.2032573711824723	
4202.9256000000005	0.1048000000000684	RippleTimeIntervals					4202.9712	2.0599372717562767	
4203.92	0.042400000000270666	RippleTimeIntervals					4203.9352	2.2896445261668017	
4204.0384	0.04640000000017608	RippleTimeIntervals					4204.0672	4.5912267054145515	
4206.3064	0.12559999999939464	RippleTimeIntervals					4206.424	2.8786322979967305	
4207.4792	0.028000000000247383	RippleTimeIntervals					4207.4992	4.507217657685577	
4208.924	0.02080000000023574	RippleTimeIntervals					4208.9368	0.8174345541156501	
4210.6304	0.042400000000270666	RippleTimeIntervals					4210.6472	0.8878964231593165	
4215.2688	0.04320000000006985	RippleTimeIntervals					4215.2824	1.2229365932787428	
4216.3072	0.068000000000211	RippleTimeIntervals					4216.3304	0.9048333011873217	
4223.836	0.06000000000040018	RippleTimeIntervals					4223.8536	3.41495536744623	
4223.950400000001	0.04719999999997526	RippleTimeIntervals					4223.9672	3.383265259637042	
4224.232	0.028800000000046566	RippleTimeIntervals					4224.244000000001	2.6899169830162015	
4224.3216	0.040799999999762804	RippleTimeIntervals					4224.3376	2.83369989711111	
4225.6088	0.11760000000049331	RippleTimeIntervals					4225.7104	2.1625413438400805	
4226.1936000000005	0.08159999999952561	RippleTimeIntervals					4226.2064	3.3304565793472625	
4226.4016	0.02080000000023574	RippleTimeIntervals					4226.414400000001	2.018752853011521	
4226.5688	0.021600000000034925	RippleTimeIntervals					4226.5856	0.5178961519909677	
4226.7128	0.07840000000032887	RippleTimeIntervals					4226.7448	2.0589557340661826	
4226.9048	0.05199999999967986	RippleTimeIntervals					4226.9376	3.0601469523063196	
4227.0312	0.05519999999978609	RippleTimeIntervals					4227.0632000000005	0.8807269451733523	
4228.0624	0.042400000000270666	RippleTimeIntervals					4228.08	0.6745640384808765	
4228.3376	0.022400000000743603	RippleTimeIntervals					4228.3464	1.0188191394657484	
4228.5088000000005	0.037599999999656575	RippleTimeIntervals					4228.5312	2.486910853869718	
4228.572	0.02639999999973952	RippleTimeIntervals					4228.5816	1.0173515356674527	
4228.7872	0.05360000000018772	RippleTimeIntervals					4228.7952000000005	1.2579426238140314	
4233.588000000001	0.027999999999337888	RippleTimeIntervals					4233.6088	1.9170575893244757	
4234.5128	0.05199999999967986	RippleTimeIntervals					4234.5424	1.570994256242715	
4234.9376	0.03120000000035361	RippleTimeIntervals					4234.9528	1.5558273467849122	
4235.7232	0.030399999999644933	RippleTimeIntervals					4235.736	1.513012979105329	
4237.3088	0.026400000000649015	RippleTimeIntervals					4237.328	0.5090469453126575	
4239.0936	0.05040000000008149	RippleTimeIntervals					4239.120800000001	0.9000996537022359	
4239.456	0.025599999999940337	RippleTimeIntervals					4239.4704	1.083509570944389	
4240.0288	0.03920000000016444	RippleTimeIntervals					4240.0408	2.4764769267484996	
4240.6784	0.036800000000766886	RippleTimeIntervals					4240.6936000000005	3.1410873857637323	
4240.9968	0.03760000000056607	RippleTimeIntervals					4241.012000000001	2.1465100447594945	
4241.124	0.03920000000016444	RippleTimeIntervals					4241.1512	2.222657319128787	
4241.276	0.032000000000152795	RippleTimeIntervals					4241.3	1.8413208637197138	
4241.7008000000005	0.05199999999967986	RippleTimeIntervals					4241.74	1.31429046419387	
4242.2616	0.08320000000003347	RippleTimeIntervals					4242.3224	1.2451769267134445	
4243.4784	0.07520000000022264	RippleTimeIntervals					4243.532	3.5909277350646116	
4247.215200000001	0.03359999999975116	RippleTimeIntervals					4247.2448	0.4802105331013442	
4252.7024	0.03359999999975116	RippleTimeIntervals					4252.72	2.779791549964098	
4253.7384	0.025599999999940337	RippleTimeIntervals					4253.7464	0.7844253908565144	
4254.3904	0.022399999999834108	RippleTimeIntervals					4254.396000000001	1.0980070350348157	
4261.9888	0.04640000000017608	RippleTimeIntervals					4262.004	1.9830337250032108	
4262.0928	0.11520000000018626	RippleTimeIntervals					4262.1872	2.236094890293345	
4262.6392000000005	0.03279999999995198	RippleTimeIntervals					4262.6616	3.0307098041480516	
4262.736800000001	0.0775999999996202	RippleTimeIntervals					4262.7592	2.0456333672540854	
4264.9800000000005	0.02639999999973952	RippleTimeIntervals					4264.9936	1.8121764478766043	
4265.0712	0.05760000000009313	RippleTimeIntervals					4265.1152	2.5151976422600932	
4265.2480000000005	0.03279999999995198	RippleTimeIntervals					4265.2736	1.5274354560117414	
4265.3832	0.04719999999997526	RippleTimeIntervals					4265.4016	0.6159900616136262	
4266.4168	0.05360000000018772	RippleTimeIntervals					4266.4512	1.5716126862551179	
4266.9792	0.036800000000766886	RippleTimeIntervals					4266.9968	1.6296724084677847	
4267.052000000001	0.03600000000005821	RippleTimeIntervals					4267.06	2.6921741009398477	
4267.256	0.024800000000141154	RippleTimeIntervals					4267.272800000001	0.795239586891419	
4267.751200000001	0.030399999999644933	RippleTimeIntervals					4267.7616	0.8203468345476821	
4271.8224	0.03440000000045984	RippleTimeIntervals					4271.844	0.6347161032985896	
4274.9064	0.09920000000056461	RippleTimeIntervals					4274.9968	1.0345060806523378	
4278.026400000001	0.04399999999986903	RippleTimeIntervals					4278.0344000000005	2.4328200378506346	
4278.1776	0.08240000000023429	RippleTimeIntervals					4278.1928	2.1947331478641616	
4279.16	0.023200000000542786	RippleTimeIntervals					4279.1688	0.7454332483135366	
4288.8968	0.03359999999975116	RippleTimeIntervals					4288.9112000000005	1.6911911345406183	
4296.3336	0.0408000000006723	RippleTimeIntervals					4296.3512	2.8796253903182207	
4296.74	0.06640000000061264	RippleTimeIntervals					4296.791200000001	3.1061590504250653	
4300.4736	0.02080000000023574	RippleTimeIntervals					4300.4792	0.47143727758946985	
4300.791200000001	0.022399999999834108	RippleTimeIntervals					4300.805600000001	0.8784866405159313	
4303.827200000001	0.031199999999444117	RippleTimeIntervals					4303.836	0.9028004324293512	
4305.5568	0.03679999999985739	RippleTimeIntervals					4305.5848000000005	1.5836894590296924	
4306.6864000000005	0.04879999999957363	RippleTimeIntervals					4306.7264000000005	2.538702591644437	
4308.1664	0.025599999999940337	RippleTimeIntervals					4308.1848	2.028439904756149	
4308.3432	0.02400000000034197	RippleTimeIntervals					4308.3496000000005	2.330356262654967	
4308.4784	0.030400000000554428	RippleTimeIntervals					4308.4872000000005	0.8160947707220026	
4310.2832	0.0816000000004351	RippleTimeIntervals					4310.3376	1.4978391585625725	
4319.8008	0.028800000000046566	RippleTimeIntervals					4319.8224	1.2396181575548169	
4321.012000000001	0.02639999999973952	RippleTimeIntervals					4321.0224	0.6432992315487268	
4321.4912	0.0455999999994674	RippleTimeIntervals					4321.5104	2.532132982041245	
4323.8064	0.03679999999985739	RippleTimeIntervals					4323.816	1.4266006609469066	
4323.9584	0.044799999999668216	RippleTimeIntervals					4323.9784	1.3439377808644477	
4324.1848	0.028800000000046566	RippleTimeIntervals					4324.2016	0.5020876036654968	
4324.4352	0.0632000000005064	RippleTimeIntervals					4324.4472000000005	2.5845830405525017	
4324.5544	0.07360000000062428	RippleTimeIntervals					4324.6008	1.2910955573912013	
4326.4056	0.02639999999973952	RippleTimeIntervals					4326.4104	0.6089002203171453	
4341.5872	0.028800000000046566	RippleTimeIntervals					4341.608	1.3157479224561253	
4342.2104	0.028000000000247383	RippleTimeIntervals					4342.216	0.8054682693156221	
4342.5616	0.03679999999985739	RippleTimeIntervals					4342.584	1.7020845059660645	
4342.9768	0.03679999999985739	RippleTimeIntervals					4342.9952	0.8606631629850268	
4344.0688	0.11200000000008004	RippleTimeIntervals					4344.16	2.3863819572016833	
4344.316	0.03279999999995198	RippleTimeIntervals					4344.3408	3.730066101939086	
4351.5976	0.035200000000259024	RippleTimeIntervals					4351.6256	1.1713903030308639	
4353.8968	0.022399999999834108	RippleTimeIntervals					4353.9064	1.4176328876335775	
4356.1904	0.028800000000046566	RippleTimeIntervals					4356.2080000000005	0.818550896041598	
4356.3496000000005	0.044799999999668216	RippleTimeIntervals					4356.3648	2.6692022350753635	
4356.4776	0.025599999999940337	RippleTimeIntervals					4356.4936	1.2441404683345503	
4356.948	0.05999999999949068	RippleTimeIntervals					4357.0	0.9631455983050953	
4357.2408000000005	0.031199999999444117	RippleTimeIntervals					4357.2608	3.6909219261986808	
4357.564	0.05279999999947904	RippleTimeIntervals					4357.5824	1.756901480123409	
4358.729600000001	0.030399999999644933	RippleTimeIntervals					4358.74	3.072111153281379	
4358.9264	0.02400000000034197	RippleTimeIntervals					4358.9416	0.7225290609846323	
4360.4592	0.06480000000010477	RippleTimeIntervals					4360.5	1.0366350459988012	
4360.6168	0.028000000000247383	RippleTimeIntervals					4360.6224	0.9921260264108858	
4368.0704000000005	0.05519999999978609	RippleTimeIntervals					4368.076	1.5203456246195732	
4369.0728	0.04399999999986903	RippleTimeIntervals					4369.1048	0.6738634130564445	
4370.1728	0.022399999999834108	RippleTimeIntervals					4370.1872	1.6129226860228065	
4371.956	0.09199999999964348	RippleTimeIntervals					4372.032	3.829077957319123	
4378.424	0.030400000000554428	RippleTimeIntervals					4378.4328000000005	3.7921055805146398	
4378.6168	0.05760000000009313	RippleTimeIntervals					4378.660800000001	2.1266078392790857	
4380.436000000001	0.02639999999973952	RippleTimeIntervals					4380.4448	1.6291869915652302	
4388.2328	0.0408000000006723	RippleTimeIntervals					4388.26	2.4845889505126992	
4390.148	0.044799999999668216	RippleTimeIntervals					4390.1744	3.8335884802609397	
4390.2616	0.07600000000002183	RippleTimeIntervals					4390.312800000001	1.8371244150549562	
4390.3936	0.11120000000028085	RippleTimeIntervals					4390.4536	2.796381089987384	
4391.3704	0.09600000000045839	RippleTimeIntervals					4391.38	0.7692773612093172	
4391.7288	0.05760000000009313	RippleTimeIntervals					4391.7704	3.182699957621189	
4392.606400000001	0.03519999999934953	RippleTimeIntervals					4392.635200000001	0.4028073222457316	
4392.7072	0.07760000000052969	RippleTimeIntervals					4392.776800000001	1.4612427622278323	
4392.8312000000005	0.07039999999960855	RippleTimeIntervals					4392.8368	0.7772654263615294	
4394.8184	0.02080000000023574	RippleTimeIntervals					4394.8376	0.42511152118881607	
4395.1008	0.028800000000046566	RippleTimeIntervals					4395.1224	0.6792034327924421	
4407.3936	0.028800000000046566	RippleTimeIntervals					4407.4064	1.5137586621712678	
4408.6144	0.028800000000046566	RippleTimeIntervals					4408.635200000001	1.3829263318335376	
4408.7104	0.051199999999880674	RippleTimeIntervals					4408.7232	1.806465100084501	
4408.8976	0.04960000000028231	RippleTimeIntervals					4408.9096	3.6786935675548085	
4411.744000000001	0.03359999999975116	RippleTimeIntervals					4411.752	0.5034971387394193	
4411.8216	0.045600000000376895	RippleTimeIntervals					4411.860000000001	0.7683429254214118	
4419.6128	0.051199999999880674	RippleTimeIntervals					4419.6416	1.088250327701537	
4424.144	0.0543999999999869	RippleTimeIntervals					4424.1784	2.446368935770425	
4425.272800000001	0.051199999999880674	RippleTimeIntervals					4425.3008	1.567753390337223	
4425.4392	0.04320000000006985	RippleTimeIntervals					4425.4712	2.1606287002002444	
4426.019200000001	0.044799999999668216	RippleTimeIntervals					4426.0512	1.584518144590608	
4426.6032000000005	0.021600000000034925	RippleTimeIntervals					4426.6104000000005	1.4311260295907775	
4428.0560000000005	0.04320000000006985	RippleTimeIntervals					4428.0672	0.6008317048608207	
4432.0672	0.02959999999984575	RippleTimeIntervals					4432.08	1.2724634849206111	
4437.3872	0.02400000000034197	RippleTimeIntervals					4437.403200000001	1.674788243458927	
4437.648	0.024800000000141154	RippleTimeIntervals					4437.66	2.0527562065834326	
4443.6008	0.022399999999834108	RippleTimeIntervals					4443.6096	1.4064104399951227	
4447.3464	0.04399999999986903	RippleTimeIntervals					4447.3768	1.0880422168289576	
4447.7744	0.032000000000152795	RippleTimeIntervals					4447.792	2.0754435763595125	
4449.0712	0.047999999999774445	RippleTimeIntervals					4449.112	0.7405924294436853	
4450.6528	0.05200000000058935	RippleTimeIntervals					4450.6952	2.278423375242319	
4450.848800000001	0.10079999999925349	RippleTimeIntervals					4450.9168	2.4057717762413167	
4452.444	0.047999999999774445	RippleTimeIntervals					4452.484	1.0630084212315642	
4454.204000000001	0.023199999999633292	RippleTimeIntervals					4454.22	1.2987806800452977	
4454.5648	0.021600000000034925	RippleTimeIntervals					4454.5704000000005	0.8131429278261436	
4454.6096	0.021600000000034925	RippleTimeIntervals					4454.6144	2.0635859474431704	
4456.144	0.03120000000035361	RippleTimeIntervals					4456.1712	0.46423575842423204	
4462.1624	0.02080000000023574	RippleTimeIntervals					4462.175200000001	0.9866492387248796	
4463.468	0.05120000000079017	RippleTimeIntervals					4463.5064	1.2759263576168276	
4465.1704	0.026400000000649015	RippleTimeIntervals					4465.1832	3.098784108862778	
4473.0248	0.0591999999996915	RippleTimeIntervals					4473.0512	1.676622543087669	
4475.5584	0.03279999999995198	RippleTimeIntervals					4475.5632000000005	0.46227946378604884	
4475.635200000001	0.05279999999947904	RippleTimeIntervals					4475.6648000000005	2.730294000396755	
4476.4176	0.07040000000051805	RippleTimeIntervals					4476.448	1.0869812769822986	
4476.7056	0.04320000000006985	RippleTimeIntervals					4476.732	0.9228239052375012	
4476.9296	0.09199999999964348	RippleTimeIntervals					4476.9936	3.8956077245368954	
4477.6408	0.042400000000270666	RippleTimeIntervals					4477.6576000000005	3.2184922386543433	
4477.9008	0.07200000000011642	RippleTimeIntervals					4477.9496	1.047529968827585	
4478.236	0.03920000000016444	RippleTimeIntervals					4478.2544	3.238788331469812	
4480.0184	0.06240000000070722	RippleTimeIntervals					4480.0424	1.9919431553057816	
4480.1376	0.035200000000259024	RippleTimeIntervals					4480.153600000001	2.4536075983877974	
4485.0928	0.032000000000152795	RippleTimeIntervals					4485.1048	0.9340632189117688	
4485.964800000001	0.02639999999973952	RippleTimeIntervals					4485.9824	0.47977787885165	
4486.764	0.04640000000017608	RippleTimeIntervals					4486.798400000001	1.6654803884878275	
4493.4184000000005	0.07039999999960855	RippleTimeIntervals					4493.4472000000005	0.8510349500569471	
4494.5672	0.030399999999644933	RippleTimeIntervals					4494.58	0.6379439179315901	
4494.6528	0.028800000000046566	RippleTimeIntervals					4494.6616	3.20596568673366	
4496.1584	0.07679999999982101	RippleTimeIntervals					4496.1768	1.458193954382661	
4496.892	0.030400000000554428	RippleTimeIntervals					4496.9008	0.45007578420864885	
4500.2752	0.021600000000034925	RippleTimeIntervals					4500.2880000000005	1.0970101255475786	
4502.6512	0.05760000000009313	RippleTimeIntervals					4502.696800000001	0.6456579968315237	
4518.0	10.0	SleepStates							WAKEstate
4529.0	183.0	SleepStates							NREMstate
4531.136	0.08320000000003347	RippleTimeIntervals					4531.2008000000005	2.430504849563201	
4531.4800000000005	0.03519999999934953	RippleTimeIntervals					4531.5072	1.7677026664261684	
4533.334400000001	0.02879999999913707	RippleTimeIntervals					4533.3432	3.6900880200858173	
4537.5784	0.051199999999880674	RippleTimeIntervals					4537.5976	2.555235978562946	
4540.572	0.030400000000554428	RippleTimeIntervals					4540.5872	0.6242385640729158	
4542.3008	0.02080000000023574	RippleTimeIntervals					4542.3144	0.8708543576463333	
4543.0688	0.04160000000047148	RippleTimeIntervals					4543.0864	2.9137680349055097	
4546.153600000001	0.06880000000001019	RippleTimeIntervals					4546.1936000000005	1.7942929720630778	
4546.832	0.035200000000259024	RippleTimeIntervals					4546.8512	3.6026835443676335	
4546.968	0.068000000000211	RippleTimeIntervals					4547.024	1.8545474605795702	
4547.12	0.03840000000036525	RippleTimeIntervals					4547.14	2.872874074474421	
4551.404	0.04879999999957363	RippleTimeIntervals					4551.4352	3.7693644777047988	
4551.692	0.051199999999880674	RippleTimeIntervals					4551.716	0.661233836279535	
4552.030400000001	0.03279999999995198	RippleTimeIntervals					4552.0488000000005	0.9364114173486708	
4553.1472	0.023999999999432475	RippleTimeIntervals					4553.1584	3.2234817402733196	
4553.244000000001	0.047999999999774445	RippleTimeIntervals					4553.2832	4.418685833739332	
4558.9136	0.0408000000006723	RippleTimeIntervals					4558.9232	1.66450374236571	
4560.7616	0.025600000000849832	RippleTimeIntervals					4560.776800000001	5.2512847860625715	
4561.2624000000005	0.034399999999550346	RippleTimeIntervals					4561.2888	0.589796421286014	
4561.907200000001	0.06239999999979773	RippleTimeIntervals					4561.9304	2.174685708952753	
4562.064	0.03840000000036525	RippleTimeIntervals					4562.0752	0.8962043009429767	
4566.2944	0.0632000000005064	RippleTimeIntervals					4566.3264	2.4453291618799917	
4566.5072	0.03840000000036525	RippleTimeIntervals					4566.5216	4.140141860778624	
4566.6744	0.04719999999997526	RippleTimeIntervals					4566.7072	2.715906184551949	
4568.6936000000005	0.02639999999973952	RippleTimeIntervals					4568.711200000001	4.139273125683002	
4568.808	0.030400000000554428	RippleTimeIntervals					4568.812800000001	0.626705255533549	
4569.1848	0.04719999999997526	RippleTimeIntervals					4569.2088	2.4396936849835935	
4569.5392	0.04719999999997526	RippleTimeIntervals					4569.5544	1.7899371091855378	
4569.608	0.040799999999762804	RippleTimeIntervals					4569.6288	0.6719607006445436	
4572.6584	0.025599999999940337	RippleTimeIntervals					4572.6672	2.1681636444495838	
4572.72	0.04879999999957363	RippleTimeIntervals					4572.7312	1.330352330004469	
4572.9896	0.04719999999997526	RippleTimeIntervals					4573.0168	0.4078647609703989	
4573.8992	0.08400000000074215	RippleTimeIntervals					4573.9544000000005	1.75968380421219	
4579.8568000000005	0.03519999999934953	RippleTimeIntervals					4579.8848	1.1014253565500276	
4580.0816	0.05040000000008149	RippleTimeIntervals					4580.1032000000005	1.4252340754500383	
4580.1944	0.05999999999949068	RippleTimeIntervals					4580.2432	4.47076357372497	
4581.5792	0.04320000000006985	RippleTimeIntervals					4581.6176000000005	0.5961819401374852	
4581.7064	0.023200000000542786	RippleTimeIntervals					4581.7168	1.0007531200576503	
4581.88	0.02080000000023574	RippleTimeIntervals					4581.8928000000005	0.986320633613051	
4583.113600000001	0.037599999999656575	RippleTimeIntervals					4583.1272	2.366492953094939	
4583.2048	0.09919999999965512	RippleTimeIntervals					4583.291200000001	1.2535673392305018	
4585.2048	0.03600000000005821	RippleTimeIntervals					4585.229600000001	2.054117242679281	
4585.7088	0.02959999999984575	RippleTimeIntervals					4585.724	1.068660729312306	
4586.34	0.025599999999940337	RippleTimeIntervals					4586.3544	1.7873798084471184	
4586.736800000001	0.027999999999337888	RippleTimeIntervals					4586.7568	1.2571088972055409	
4587.997600000001	0.023999999999432475	RippleTimeIntervals					4588.0144	1.1025062990520826	
4588.1712	0.02080000000023574	RippleTimeIntervals					4588.1848	1.221402123412054	
4590.3240000000005	0.031199999999444117	RippleTimeIntervals					4590.3472	2.329018671673885	
4601.5928	0.022399999999834108	RippleTimeIntervals					4601.608	0.7081210409977552	
4601.8152	0.035200000000259024	RippleTimeIntervals					4601.8392	2.347000908931133	
4602.5984	0.048800000000483124	RippleTimeIntervals					4602.6128	4.301276991991316	
4602.716	0.035200000000259024	RippleTimeIntervals					4602.7432	0.5937916874002159	
4603.768	0.03359999999975116	RippleTimeIntervals					4603.7864	0.7492008436469756	
4605.5168	0.025599999999940337	RippleTimeIntervals					4605.5216	0.6246424115629469	
4606.4752	0.03840000000036525	RippleTimeIntervals					4606.4800000000005	0.7446282448143151	
4611.080800000001	0.03839999999945576	RippleTimeIntervals					4611.1056	0.8302652879186004	
4613.1592	0.02080000000023574	RippleTimeIntervals					4613.1728	0.813472507780942	
4613.3144	0.02639999999973952	RippleTimeIntervals					4613.320000000001	0.7352765725171674	
4615.112	0.03120000000035361	RippleTimeIntervals					4615.1312	1.5501445932145976	
4616.566400000001	0.10799999999926513	RippleTimeIntervals					4616.602400000001	0.8590913861190465	
4617.16	0.03600000000005821	RippleTimeIntervals					4617.184	0.6005963218957191	
4618.736	0.02400000000034197	RippleTimeIntervals					4618.7488	0.9309607380905763	
4618.8784000000005	0.020799999999326246	RippleTimeIntervals					4618.8832	1.394148723624493	
4619.5072	0.028000000000247383	RippleTimeIntervals					4619.528	2.1316112222123174	
4619.6272	0.04480000000057771	RippleTimeIntervals					4619.6512	2.571484320127757	
4622.805600000001	0.021600000000034925	RippleTimeIntervals					4622.8144	0.5624327329324101	
4623.0472	0.022399999999834108	RippleTimeIntervals					4623.0584	1.1158981200982399	
4623.1704	0.04399999999986903	RippleTimeIntervals					4623.1976	1.8836078117212365	
4624.024	0.023199999999633292	RippleTimeIntervals					4624.0296	0.931358688772002	
4624.1	0.08240000000023429	RippleTimeIntervals					4624.149600000001	0.7099101970648977	
4626.892	0.026400000000649015	RippleTimeIntervals					4626.9024	0.7085160408666267	
4627.0016000000005	0.03839999999945576	RippleTimeIntervals					4627.0104	2.3006636576144186	
4627.0768	0.030400000000554428	RippleTimeIntervals					4627.0848000000005	2.0029401416110995	
4627.4392	0.05200000000058935	RippleTimeIntervals					4627.464800000001	2.028951535345817	
4639.5136	0.0272000000004482	RippleTimeIntervals					4639.5224	1.5734028400833284	
4639.66	0.05360000000018772	RippleTimeIntervals					4639.6656	0.6076455202734651	
4639.84	0.03279999999995198	RippleTimeIntervals					4639.8544	0.4010691663455326	
4640.6152	0.02080000000023574	RippleTimeIntervals					4640.624	3.1318215863893295	
4642.218400000001	0.02479999999923166	RippleTimeIntervals					4642.236	1.0093223939524356	
4643.888800000001	0.044799999999668216	RippleTimeIntervals					4643.907200000001	0.9681774667718367	
4647.9984	0.0591999999996915	RippleTimeIntervals					4648.019200000001	3.3280553949284823	
4655.0648	0.02639999999973952	RippleTimeIntervals					4655.0696	0.9336440722404065	
4655.1936000000005	0.03999999999996362	RippleTimeIntervals					4655.2168	2.1633262586928828	
4655.3304	0.04960000000028231	RippleTimeIntervals					4655.3504	1.8482505992818228	
4655.528	0.02639999999973952	RippleTimeIntervals					4655.533600000001	1.0667728248258332	
4656.490400000001	0.028800000000046566	RippleTimeIntervals					4656.5072	1.6533936796649613	
4656.6456	0.028000000000247383	RippleTimeIntervals					4656.6584	1.0381961492666851	
4656.950400000001	0.03519999999934953	RippleTimeIntervals					4656.9624	3.3534755312706457	
4657.5424	0.02080000000023574	RippleTimeIntervals					4657.5560000000005	0.8431053774700009	
4657.7064	0.025599999999940337	RippleTimeIntervals					4657.7248	0.5477064607880184	
4659.6656	0.07679999999982101	RippleTimeIntervals					4659.7344	1.8732424761543116	
4660.9864	0.023200000000542786	RippleTimeIntervals					4660.9944000000005	1.147664986401995	
4663.1656	0.028000000000247383	RippleTimeIntervals					4663.1792000000005	1.3952167076460673	
4663.5104	0.025599999999940337	RippleTimeIntervals					4663.528	0.7375129397017717	
4667.5160000000005	0.02959999999984575	RippleTimeIntervals					4667.5384	0.7311414177197976	
4670.8104	0.03279999999995198	RippleTimeIntervals					4670.827200000001	1.295289481880503	
4671.2936	0.024800000000141154	RippleTimeIntervals					4671.3112	1.2257012500093851	
4672.5296	0.06560000000081345	RippleTimeIntervals					4672.5504	1.9661580338686198	
4676.225600000001	0.12159999999948923	RippleTimeIntervals					4676.2816	2.9758406189360285	
4680.3208	0.02080000000023574	RippleTimeIntervals					4680.334400000001	0.9160953977356153	
4694.136	0.023999999999432475	RippleTimeIntervals					4694.152	2.0773552401397017	
4696.3992	0.048800000000483124	RippleTimeIntervals					4696.4376	0.9013008405481132	
4696.595200000001	0.031199999999444117	RippleTimeIntervals					4696.608	1.709724235590001	
4697.332	0.034399999999550346	RippleTimeIntervals					4697.3432	0.7233308840701426	
4709.983200000001	0.05999999999949068	RippleTimeIntervals					4710.0352	0.929607120314479	
4711.14	0.021600000000034925	RippleTimeIntervals					4711.156800000001	0.4808617290865837	
4713.0	26.0	SleepStates							REMstate
4740.0	1111.0	SleepStates							WAKEstate
4756.9872000000005	0.0455999999994674	RippleTimeIntervals					4757.0248	1.543008194690828	
4757.6808	0.03600000000005821	RippleTimeIntervals					4757.6976	1.9281830129865978	
4758.1288	0.028000000000247383	RippleTimeIntervals					4758.148	2.6295860034887295	
4762.1008	0.0543999999999869	RippleTimeIntervals					4762.1304	1.3184027830903673	
4765.8392	0.031199999999444117	RippleTimeIntervals					4765.8632	0.7435238933294743	
4783.1888	0.05040000000008149	RippleTimeIntervals					4783.232800000001	0.7173802704294133	
4794.464	199.23199999999997	epochs	fCamk1_200908_103242	PreStim	Home cage	uLED random stim			
4799.7096	0.023200000000542786	RippleTimeIntervals					4799.728	0.5171818294978834	
4799.8776	0.023200000000542786	RippleTimeIntervals					4799.8936	1.2731199838375749	
4819.5792	0.03840000000036525	RippleTimeIntervals					4819.609600000001	1.334783533585307	
4823.6936000000005	0.032000000000152795	RippleTimeIntervals					4823.7024	0.8286591056821119	
4827.1544	0.024800000000141154	RippleTimeIntervals					4827.1728	0.40869442294394975	
4830.1296	0.03279999999995198	RippleTimeIntervals					4830.1344	0.495139068731819	
4831.1672	0.020000000000436557	RippleTimeIntervals					4831.18	0.6055159719649792	
4833.3088	0.068000000000211	RippleTimeIntervals					4833.3648	1.7299579284751792	
4833.6032000000005	0.025599999999940337	RippleTimeIntervals					4833.6152	1.497181481465333	
4837.845600000001	0.023199999999633292	RippleTimeIntervals					4837.8576	1.5537391055960754	
4840.2008000000005	0.05040000000008149	RippleTimeIntervals					4840.244000000001	1.9824242657369917	
4842.416	0.03920000000016444	RippleTimeIntervals					4842.4400000000005	1.385498039648368	
4843.9088	0.03679999999985739	RippleTimeIntervals					4843.928	0.8294736433006147	
4846.0008	0.024800000000141154	RippleTimeIntervals					4846.0112	3.8697501921481545	
4850.832	0.031199999999444117	RippleTimeIntervals					4850.8376	0.5987681084555949	
4865.0528	0.023999999999432475	RippleTimeIntervals					4865.066400000001	2.349264839292624	
4865.1224	0.03440000000045984	RippleTimeIntervals					4865.1416	4.305974573110102	
4871.5504	0.023200000000542786	RippleTimeIntervals					4871.5656	3.079718626217959	
4873.2712	0.1048000000000684	RippleTimeIntervals					4873.360000000001	4.228689899317363	
4881.3248	0.02959999999984575	RippleTimeIntervals					4881.3432	2.585053343414356	
4881.4376	0.04399999999986903	RippleTimeIntervals					4881.4512	2.0022070387746576	
4881.5416000000005	0.03519999999934953	RippleTimeIntervals					4881.566400000001	2.9394053238398055	
4901.992	0.08560000000034051	RippleTimeIntervals					4902.0344000000005	1.8018643281953182	
4902.1288	0.051199999999880674	RippleTimeIntervals					4902.1416	2.27610712844121	
4902.215200000001	0.058399999999892316	RippleTimeIntervals					4902.2208	1.408096852405146	
4913.5960000000005	0.11999999999989086	RippleTimeIntervals					4913.6808	1.8631520378685507	
4917.7248	0.026400000000649015	RippleTimeIntervals					4917.74	0.7242727695257398	
4921.718400000001	0.022399999999834108	RippleTimeIntervals					4921.7304	2.84669203249486	
4927.1376	0.06080000000019936	RippleTimeIntervals					4927.168000000001	1.9135601858764435	
4927.9448	0.025599999999940337	RippleTimeIntervals					4927.9632	0.5031625215079913	
4928.0032	0.0543999999999869	RippleTimeIntervals					4928.0496	1.1328821402945004	
4979.928800000001	0.04239999999936117	RippleTimeIntervals					4979.964	0.554933988163797	
4980.0160000000005	0.05599999999958527	RippleTimeIntervals					4980.064	2.4229438615054226	
4980.160800000001	0.025599999999940337	RippleTimeIntervals					4980.1688	1.368517499975741	
4993.696	7498.592000000001	epochs	fCamk1_200908_103603	PreStim	Home cage	uLED random stim			
5010.464800000001	0.05519999999978609	RippleTimeIntervals					5010.5032	0.9119616725609709	
5015.5824	0.03120000000035361	RippleTimeIntervals					5015.5976	2.3361675900561307	
5015.6408	0.0543999999999869	RippleTimeIntervals					5015.6688	3.5673242956159243	
5018.128000000001	0.023199999999633292	RippleTimeIntervals					5018.1336	0.8960207589477223	
5045.456	0.042400000000270666	RippleTimeIntervals					5045.4856	1.1418011833506103	
5047.476000000001	0.034399999999550346	RippleTimeIntervals					5047.5064	0.4565466188290523	
5059.6304	0.0632000000005064	RippleTimeIntervals					5059.6768	2.4036892944352704	
5148.0488000000005	0.028800000000046566	RippleTimeIntervals					5148.0648	0.5441663730414702	
5149.9424	0.024800000000141154	RippleTimeIntervals					5149.9632	0.7708531831071986	
5154.7624000000005	0.0591999999996915	RippleTimeIntervals					5154.7664	0.41942004936232374	
5162.490400000001	0.03999999999996362	RippleTimeIntervals					5162.5232000000005	1.2597478014631764	
5168.1384	0.04160000000047148	RippleTimeIntervals					5168.153600000001	0.5428768015905568	
5169.9872000000005	0.03359999999975116	RippleTimeIntervals					5170.004800000001	1.1430589588752715	
5171.0608	0.03279999999995198	RippleTimeIntervals					5171.0896	0.8299722086425106	
5177.881600000001	0.020799999999326246	RippleTimeIntervals					5177.8968	0.5374515941128221	
5178.232	0.03360000000066066	RippleTimeIntervals					5178.2392	2.2814613866231253	
5199.3544	0.0272000000004482	RippleTimeIntervals					5199.360000000001	1.557775015164387	
5199.7632	0.0727999999999156	RippleTimeIntervals					5199.8248	1.3161572224159241	
5200.7192000000005	0.03600000000005821	RippleTimeIntervals					5200.7336000000005	2.900702600891682	
5219.0768	0.03360000000066066	RippleTimeIntervals					5219.102400000001	3.8530293724882654	
5220.907200000001	0.03359999999975116	RippleTimeIntervals					5220.928	2.023263230827261	
5224.928800000001	0.023999999999432475	RippleTimeIntervals					5224.9368	1.1456184322667806	
5225.852800000001	0.023199999999633292	RippleTimeIntervals					5225.863200000001	0.4604943953176449	
5230.508	0.035200000000259024	RippleTimeIntervals					5230.5232000000005	1.0832071564400745	
5230.8712000000005	0.07920000000012806	RippleTimeIntervals					5230.8944	1.5846728188791135	
5239.240000000001	0.04399999999986903	RippleTimeIntervals					5239.256	1.2855733333819679	
5241.584	0.030400000000554428	RippleTimeIntervals					5241.6	2.6631404153340377	
5249.182400000001	0.034399999999550346	RippleTimeIntervals					5249.1992	1.9406449590809751	
5261.1648000000005	0.04239999999936117	RippleTimeIntervals					5261.1816	2.0127446031244225	
5265.2488	0.04159999999956199	RippleTimeIntervals					5265.2688	2.7150805509247613	
5265.7248	0.024800000000141154	RippleTimeIntervals					5265.736	0.9352372772775056	
5277.2496	0.03679999999985739	RippleTimeIntervals					5277.2792	1.02981521775284	
5277.403200000001	0.0319999999992433	RippleTimeIntervals					5277.42	2.3430434446034236	
5289.2992	0.08559999999943102	RippleTimeIntervals					5289.3072	2.148611915798095	
5384.9088	0.03440000000045984	RippleTimeIntervals					5384.932000000001	1.8451514953066113	
5385.032	0.06880000000001019	RippleTimeIntervals					5385.0488000000005	2.533520881432927	
5385.524	0.02400000000034197	RippleTimeIntervals					5385.5416000000005	0.5494010412870387	
5393.7008000000005	0.04640000000017608	RippleTimeIntervals					5393.7408000000005	1.1517518009598688	
5428.1192	0.04320000000006985	RippleTimeIntervals					5428.1304	0.7754248915594567	
5490.7576	0.03360000000066066	RippleTimeIntervals					5490.772	1.4127944207045968	
5500.0704000000005	0.03359999999975116	RippleTimeIntervals					5500.0896	0.44000927004362056	
5513.939200000001	0.023999999999432475	RippleTimeIntervals					5513.9584	0.46552109327548874	
5533.370400000001	0.025599999999940337	RippleTimeIntervals					5533.3784000000005	1.2975235140647774	
5563.564	0.027199999999538704	RippleTimeIntervals					5563.588000000001	0.5233217556224936	
5579.1664	0.06959999999980937	RippleTimeIntervals					5579.1808	1.3879062460763305	
5581.6832	0.023999999999432475	RippleTimeIntervals					5581.7	0.4863104609714788	
5582.1768	0.04960000000028231	RippleTimeIntervals					5582.2216	0.47352649331820956	
5582.7432	0.028800000000046566	RippleTimeIntervals					5582.7568	1.8159717244383957	
5582.921600000001	0.022399999999834108	RippleTimeIntervals					5582.9296	1.5064004597523188	
5583.7264000000005	0.03359999999975116	RippleTimeIntervals					5583.7336000000005	0.5227303560468466	
5584.7344	0.021600000000034925	RippleTimeIntervals					5584.7392	0.6027514501428503	
5586.84	0.022399999999834108	RippleTimeIntervals					5586.852	1.229552793899047	
5589.2576	0.032000000000152795	RippleTimeIntervals					5589.2792	1.7187574883559507	
5591.0432	0.035200000000259024	RippleTimeIntervals					5591.062400000001	1.809215464944252	
5591.2952000000005	0.023199999999633292	RippleTimeIntervals					5591.312	1.8464527666070967	
5592.7	0.056000000000494765	RippleTimeIntervals					5592.7088	1.3094359875409423	
5595.612	0.02639999999973952	RippleTimeIntervals					5595.6264	1.857984839499388	
5596.196	0.06880000000001019	RippleTimeIntervals					5596.2352	0.49832355383860005	
5605.156	0.021600000000034925	RippleTimeIntervals					5605.1736	0.44385758329450276	
5631.1048	0.03760000000056607	RippleTimeIntervals					5631.1320000000005	1.8325507198308542	
5640.068	0.03999999999996362	RippleTimeIntervals					5640.076	0.5690846676054987	
5667.272	0.03440000000045984	RippleTimeIntervals					5667.2936	1.8456507083716194	
5669.7496	0.02400000000034197	RippleTimeIntervals					5669.7672	0.6988068293786927	
5675.1720000000005	0.037599999999656575	RippleTimeIntervals					5675.184	2.5174653163813905	
5677.5296	0.035200000000259024	RippleTimeIntervals					5677.54	2.6274336775990426	
5680.144	0.058399999999892316	RippleTimeIntervals					5680.175200000001	1.3141170009401677	
5719.244000000001	0.03600000000005821	RippleTimeIntervals					5719.276800000001	0.4199249727308789	
5721.9408	0.04399999999986903	RippleTimeIntervals					5721.9816	0.4286678952731565	
5725.7968	0.06880000000001019	RippleTimeIntervals					5725.8544	0.8028568579523838	
5728.9136	0.020000000000436557	RippleTimeIntervals					5728.9256000000005	0.6527981706746525	
5758.308	0.02080000000023574	RippleTimeIntervals					5758.3216	1.1782363245497924	
5765.559200000001	0.028800000000046566	RippleTimeIntervals					5765.5672	1.7336842062467608	
5769.8512	0.028000000000247383	RippleTimeIntervals					5769.874400000001	0.41768256199961173	
5780.2456	0.03920000000016444	RippleTimeIntervals					5780.261600000001	0.4648789139108368	
5790.088000000001	0.05999999999949068	RippleTimeIntervals					5790.116800000001	0.8811205760169866	
5795.9768	0.028000000000247383	RippleTimeIntervals					5795.997600000001	1.3271304184210777	
5798.9696	0.04640000000017608	RippleTimeIntervals					5799.000800000001	2.8084158954039213	
5800.388800000001	0.11119999999937136	RippleTimeIntervals					5800.4456	3.446251198306596	
5805.5528	0.07359999999971478	RippleTimeIntervals					5805.606400000001	3.02664583056222	
5807.8792	0.02080000000023574	RippleTimeIntervals					5807.8896	0.5349654832526451	
5815.6792000000005	0.04719999999997526	RippleTimeIntervals					5815.7176	1.6109802128431165	
5815.776	0.10240000000067084	RippleTimeIntervals					5815.8048	2.2660701439740367	
5822.0584	0.03999999999996362	RippleTimeIntervals					5822.0904	1.0008098919346484	
5822.4136	0.032000000000152795	RippleTimeIntervals					5822.4312	1.874273032763083	
5826.9152	0.028800000000046566	RippleTimeIntervals					5826.939200000001	0.676253710114777	
5840.992	0.03120000000035361	RippleTimeIntervals					5841.0184	0.43704959716198144	
5844.3352	0.028000000000247383	RippleTimeIntervals					5844.3544	0.8624107571199976	
5851.996	0.035200000000259024	RippleTimeIntervals					5852.000800000001	0.6373640003471936	
5852.0	8.0	SleepStates							NREMstate
5861.0	148.0	SleepStates							WAKEstate
5864.3736	0.04320000000006985	RippleTimeIntervals					5864.412	0.5337032028566725	
5865.261600000001	0.03999999999996362	RippleTimeIntervals					5865.2752	0.7133737705400252	
5907.404	0.028800000000046566	RippleTimeIntervals					5907.4208	1.5158949328376732	
5907.4992	0.03440000000045984	RippleTimeIntervals					5907.508000000001	2.837337113771483	
5907.9376	0.035200000000259024	RippleTimeIntervals					5907.9496	2.6621464470763203	
5909.5960000000005	0.027199999999538704	RippleTimeIntervals					5909.6152	0.9361942064794072	
5910.5912	0.03600000000005821	RippleTimeIntervals					5910.5960000000005	1.4053050873056645	
5912.0472	0.024800000000141154	RippleTimeIntervals					5912.0648	1.2230393898737373	
5912.192	0.025599999999940337	RippleTimeIntervals					5912.2104	0.5702334111671562	
5912.722400000001	0.03279999999995198	RippleTimeIntervals					5912.7304	2.792103576032222	
5913.316000000001	0.023199999999633292	RippleTimeIntervals					5913.3312000000005	0.9977157075281888	
5915.2032	0.06960000000071886	RippleTimeIntervals					5915.228	1.6182583771941041	
5915.352800000001	0.0775999999996202	RippleTimeIntervals					5915.377600000001	3.2692757206318825	
5915.8928000000005	0.056799999999384454	RippleTimeIntervals					5915.910400000001	2.6323338139580907	
5918.0824	0.03679999999985739	RippleTimeIntervals					5918.1152	0.49214752364544745	
5918.6584	0.037599999999656575	RippleTimeIntervals					5918.688	0.7353837839098206	
5919.711200000001	0.05599999999958527	RippleTimeIntervals					5919.7264000000005	2.602429447234138	
5921.3296	0.02080000000023574	RippleTimeIntervals					5921.3432	0.6244131086835514	
5924.019200000001	0.07999999999992724	RippleTimeIntervals					5924.0312	2.5530611705521333	
5924.5968	0.04719999999997526	RippleTimeIntervals					5924.609600000001	1.7436250024606506	
5926.2736	0.04640000000017608	RippleTimeIntervals					5926.2936	0.4886315493939204	
5927.0968	0.03920000000016444	RippleTimeIntervals					5927.1256	3.725829298195901	
5930.377600000001	0.037599999999656575	RippleTimeIntervals					5930.392000000001	2.2505299504208067	
5936.032	0.056000000000494765	RippleTimeIntervals					5936.0544	3.3998168561611157	
5938.254400000001	0.034399999999550346	RippleTimeIntervals					5938.268800000001	2.916955438610001	
5941.0896	0.04160000000047148	RippleTimeIntervals					5941.124000000001	0.5367932908143024	
5941.9296	0.044799999999668216	RippleTimeIntervals					5941.9616000000005	2.2437714174106986	
5942.232	0.022400000000743603	RippleTimeIntervals					5942.236800000001	0.7379447040393483	
5942.671200000001	0.025599999999940337	RippleTimeIntervals					5942.6888	1.0644467038692942	
5944.5576	0.048800000000483124	RippleTimeIntervals					5944.5816	0.7954146242449506	
5948.7288	0.024800000000141154	RippleTimeIntervals					5948.7464	0.41734967828409564	
5962.7064	0.042400000000270666	RippleTimeIntervals					5962.7344	1.0708659265479723	
5964.957600000001	0.03359999999975116	RippleTimeIntervals					5964.979200000001	1.448086493906001	
5965.215200000001	0.04719999999997526	RippleTimeIntervals					5965.247200000001	1.9130016357361155	
5968.0160000000005	0.02959999999984575	RippleTimeIntervals					5968.0352	1.292286734649342	
5968.1008	0.03120000000035361	RippleTimeIntervals					5968.1176000000005	2.388455888868539	
5969.0632000000005	0.028800000000046566	RippleTimeIntervals					5969.0728	2.246772518174342	
5969.8216	0.028000000000247383	RippleTimeIntervals					5969.8296	1.7183493359619877	
5970.584	0.023200000000542786	RippleTimeIntervals					5970.599200000001	0.4082512559387283	
5972.616800000001	0.02959999999984575	RippleTimeIntervals					5972.6344	1.776352719418216	
5974.4896	0.03600000000005821	RippleTimeIntervals					5974.5176	2.3434815617827316	
5979.7096	0.03279999999995198	RippleTimeIntervals					5979.7264000000005	3.18159951206798	
5979.888800000001	0.03519999999934953	RippleTimeIntervals					5979.8968	1.0293337715877293	
5980.76	0.03679999999985739	RippleTimeIntervals					5980.7888	0.6256544663101546	
5981.2352	0.05200000000058935	RippleTimeIntervals					5981.2664	0.46669601750332446	
5981.8032	0.044799999999668216	RippleTimeIntervals					5981.84	1.5906708676012267	
5981.964800000001	0.04159999999956199	RippleTimeIntervals					5981.9800000000005	4.882678851800764	
5985.0832	0.05520000000069558	RippleTimeIntervals					5985.112	4.724335526257305	
5985.424800000001	0.0319999999992433	RippleTimeIntervals					5985.4328000000005	2.011565845006282	
5988.308	0.026400000000649015	RippleTimeIntervals					5988.3256	1.5760530918840245	
5988.780000000001	0.06079999999928987	RippleTimeIntervals					5988.816000000001	3.026151096963605	
5989.492	0.020000000000436557	RippleTimeIntervals					5989.5	2.612860807685938	
5990.3944	0.035200000000259024	RippleTimeIntervals					5990.410400000001	2.130328159614616	
5990.519200000001	0.044799999999668216	RippleTimeIntervals					5990.544	5.751419526080189	
6000.7712	0.052800000000388536	RippleTimeIntervals					6000.7896	2.892436512256154	
6008.675200000001	0.040799999999762804	RippleTimeIntervals					6008.7080000000005	1.6648097622542286	
6008.8312000000005	0.032000000000152795	RippleTimeIntervals					6008.844	3.295718216575513	
6010.0	146.0	SleepStates							NREMstate
6011.3872	0.03279999999995198	RippleTimeIntervals					6011.4064	3.7840981961850164	
6015.644	0.02639999999973952	RippleTimeIntervals					6015.6552	2.268962134726446	
6015.9896	0.03999999999996362	RippleTimeIntervals					6016.0072	3.1981492325372023	
6016.417600000001	0.06719999999950232	RippleTimeIntervals					6016.444	2.731646187794843	
6016.711200000001	0.03279999999995198	RippleTimeIntervals					6016.722400000001	2.553253330411388	
6016.8368	0.03999999999996362	RippleTimeIntervals					6016.8448	2.491190261373141	
6017.3496000000005	0.02080000000023574	RippleTimeIntervals					6017.3584	0.49251099175003743	
6019.860000000001	0.05040000000008149	RippleTimeIntervals					6019.8728	1.4273099357721462	
6020.780000000001	0.03519999999934953	RippleTimeIntervals					6020.7976	2.509915700452199	
6023.1552	0.02400000000034197	RippleTimeIntervals					6023.164000000001	2.633536045575423	
6023.7192000000005	0.028000000000247383	RippleTimeIntervals					6023.732	2.100807229173028	
6023.8808	0.05520000000069558	RippleTimeIntervals					6023.9136	4.304253858443769	
6028.7136	0.022399999999834108	RippleTimeIntervals					6028.718400000001	0.7241114822294722	
6030.7104	0.06000000000040018	RippleTimeIntervals					6030.7576	1.2747903835116734	
6031.5296	0.045600000000376895	RippleTimeIntervals					6031.544	1.6451679780148754	
6032.3504	0.030399999999644933	RippleTimeIntervals					6032.372	2.5945258803165134	
6032.983200000001	0.023199999999633292	RippleTimeIntervals					6032.993600000001	1.0677491880361996	
6033.7272	0.02639999999973952	RippleTimeIntervals					6033.732	0.8961803297691631	
6033.9376	0.02639999999973952	RippleTimeIntervals					6033.9488	2.14963776044747	
6034.1072	0.03120000000035361	RippleTimeIntervals					6034.120800000001	1.9429383422151794	
6037.0088000000005	0.12399999999979627	RippleTimeIntervals					6037.0248	2.6954191272322343	
6037.2592	0.030399999999644933	RippleTimeIntervals					6037.2752	4.0380882282845505	
6037.3224	0.05680000000029395	RippleTimeIntervals					6037.367200000001	1.2772910364463888	
6037.519200000001	0.09679999999934807	RippleTimeIntervals					6037.544	1.6474727890500591	
6042.372	0.04640000000017608	RippleTimeIntervals					6042.3904	1.152125934716124	
6042.4672	0.04960000000028231	RippleTimeIntervals					6042.4952	3.1362791433336006	
6042.628000000001	0.031199999999444117	RippleTimeIntervals					6042.6464000000005	4.736126831380353	
6042.9696	0.04399999999986903	RippleTimeIntervals					6043.0072	0.8646804335866244	
6047.156800000001	0.020799999999326246	RippleTimeIntervals					6047.1688	1.7607616373350425	
6055.653600000001	0.032000000000152795	RippleTimeIntervals					6055.6776	3.2655477029120537	
6056.448	0.07039999999960855	RippleTimeIntervals					6056.4624	3.1917307974691274	
6058.9416	0.025599999999940337	RippleTimeIntervals					6058.960800000001	0.4680931681974028	
6060.1704	0.04719999999997526	RippleTimeIntervals					6060.1976	3.0393175013704212	
6060.294400000001	0.053599999999278225	RippleTimeIntervals					6060.305600000001	4.848829403175528	
6060.4384	0.04160000000047148	RippleTimeIntervals					6060.457600000001	2.1674328187195187	
6060.6176000000005	0.031199999999444117	RippleTimeIntervals					6060.624000000001	1.1794859427116058	
6060.7016	0.0543999999999869	RippleTimeIntervals					6060.7192000000005	3.605389022785315	
6062.1888	0.026400000000649015	RippleTimeIntervals					6062.2080000000005	0.6504799642490701	
6065.204000000001	0.08479999999963184	RippleTimeIntervals					6065.2592	1.7412999062337262	
6065.5728	0.042400000000270666	RippleTimeIntervals					6065.5864	2.5177133995021945	
6065.6904	0.051199999999880674	RippleTimeIntervals					6065.7288	0.43135724594164193	
6067.3664	0.032000000000152795	RippleTimeIntervals					6067.377600000001	0.8731389685814648	
6067.7048	0.031199999999444117	RippleTimeIntervals					6067.7232	0.9245008849046623	
6068.0184	0.028000000000247383	RippleTimeIntervals					6068.030400000001	1.818198317113005	
6076.7480000000005	0.030399999999644933	RippleTimeIntervals					6076.7568	2.2103587144736254	
6077.336	0.021600000000034925	RippleTimeIntervals					6077.341600000001	0.7148576953919595	
6077.6344	0.024800000000141154	RippleTimeIntervals					6077.6472	0.7068860545490997	
6077.9544000000005	0.031199999999444117	RippleTimeIntervals					6077.979200000001	0.483644535192848	
6080.808800000001	0.030399999999644933	RippleTimeIntervals					6080.8144	1.5085890129700552	
6081.0504	0.06000000000040018	RippleTimeIntervals					6081.0912	1.9063157594218416	
6081.1872	0.03999999999996362	RippleTimeIntervals					6081.2104	1.9321172068818167	
6083.8936	0.04320000000006985	RippleTimeIntervals					6083.9256000000005	1.4794828098454493	
6084.1704	0.020000000000436557	RippleTimeIntervals					6084.1832	2.321957614395176	
6084.252	0.07359999999971478	RippleTimeIntervals					6084.3048	3.597862561125369	
6084.4928	0.05520000000069558	RippleTimeIntervals					6084.5256	2.0459446978498326	
6085.1952	0.025599999999940337	RippleTimeIntervals					6085.204000000001	0.9067104549992676	
6085.384800000001	0.04879999999957363	RippleTimeIntervals					6085.3936	0.7343942561768886	
6085.6632	0.03840000000036525	RippleTimeIntervals					6085.692800000001	1.219886963313669	
6089.0704000000005	0.03999999999996362	RippleTimeIntervals					6089.0848000000005	3.101521729870321	
6089.689600000001	0.06639999999970314	RippleTimeIntervals					6089.7448	1.8410106606561567	
6090.7536	0.04960000000028231	RippleTimeIntervals					6090.7792	1.1727743425797528	
6090.960800000001	0.02639999999973952	RippleTimeIntervals					6090.983200000001	0.5047220918189219	
6091.033600000001	0.0591999999996915	RippleTimeIntervals					6091.068	2.698458822280138	
6095.4064	0.025600000000849832	RippleTimeIntervals					6095.424	0.8657884905308724	
6096.076800000001	0.05599999999958527	RippleTimeIntervals					6096.0856	0.9875174540361832	
6096.2144	0.08560000000034051	RippleTimeIntervals					6096.2648	1.845742365630285	
6096.4048	0.024800000000141154	RippleTimeIntervals					6096.421600000001	0.4335560287716175	
6100.4232	0.042400000000270666	RippleTimeIntervals					6100.4368	0.8830863012780178	
6100.798400000001	0.04239999999936117	RippleTimeIntervals					6100.8112	1.5154010290420035	
6101.015200000001	0.030399999999644933	RippleTimeIntervals					6101.0296	0.8079629718730665	
6101.6376	0.02080000000023574	RippleTimeIntervals					6101.644	1.911819980208742	
6101.848800000001	0.022399999999834108	RippleTimeIntervals					6101.8536	0.7699202160902581	
6108.972000000001	0.061599999999998545	RippleTimeIntervals					6109.0096	2.122369157137658	
6109.0576	0.02400000000034197	RippleTimeIntervals					6109.0704000000005	2.94236080949104	
6110.3864	0.04640000000017608	RippleTimeIntervals					6110.4128	4.222739778672132	
6112.7192000000005	0.04960000000028231	RippleTimeIntervals					6112.754400000001	2.3917289181793997	
6112.8512	0.04399999999986903	RippleTimeIntervals					6112.8872	3.484373891326812	
6113.3192	0.048800000000483124	RippleTimeIntervals					6113.338400000001	4.86852150056312	
6113.4584	0.04879999999957363	RippleTimeIntervals					6113.4800000000005	3.5772985262115156	
6115.1616	0.03840000000036525	RippleTimeIntervals					6115.18	3.2052118875207034	
6115.3104	0.03920000000016444	RippleTimeIntervals					6115.3248	1.1894405596345035	
6115.8096000000005	0.03600000000005821	RippleTimeIntervals					6115.834400000001	2.1914830380559676	
6115.9312	0.10640000000057626	RippleTimeIntervals					6116.0056	3.6571039000271477	
6118.3832	0.03679999999985739	RippleTimeIntervals					6118.404	1.0222169511574337	
6119.064	0.032000000000152795	RippleTimeIntervals					6119.076	1.1265888594720694	
6119.251200000001	0.09519999999974971	RippleTimeIntervals					6119.2952000000005	2.533127424124306	
6123.484	0.034399999999550346	RippleTimeIntervals					6123.500800000001	1.848689162128246	
6123.776800000001	0.028800000000046566	RippleTimeIntervals					6123.7888	1.9702173297294627	
6124.7288	0.026400000000649015	RippleTimeIntervals					6124.751200000001	0.5039217774296555	
6124.972000000001	0.034399999999550346	RippleTimeIntervals					6124.976000000001	0.5270605585198112	
6127.5704000000005	0.03359999999975116	RippleTimeIntervals					6127.599200000001	0.6102903852080479	
6128.9664	0.023199999999633292	RippleTimeIntervals					6128.968	0.46906499040077104	
6131.754400000001	0.0319999999992433	RippleTimeIntervals					6131.7712	2.954319247948782	
6131.8648	0.03840000000036525	RippleTimeIntervals					6131.8864	4.696719441768477	
6131.9744	0.052800000000388536	RippleTimeIntervals					6132.019200000001	1.3930709162114296	
6135.796	0.021600000000034925	RippleTimeIntervals					6135.8112	1.0502904983860617	
6137.2056	0.05360000000018772	RippleTimeIntervals					6137.2480000000005	3.1950586111318025	
6137.6320000000005	0.0727999999999156	RippleTimeIntervals					6137.696	2.192615988810919	
6137.794400000001	0.09279999999944266	RippleTimeIntervals					6137.8152	1.428660837008919	
6138.175200000001	0.06239999999979773	RippleTimeIntervals					6138.1936000000005	2.4057591401858556	
6138.4088	0.05680000000029395	RippleTimeIntervals					6138.4416	3.7805327312208923	
6138.812800000001	0.03919999999925494	RippleTimeIntervals					6138.84	3.8202557160894917	
6138.948	0.05760000000009313	RippleTimeIntervals					6138.983200000001	1.3577239377362957	
6139.312	0.04160000000047148	RippleTimeIntervals					6139.338400000001	2.5951217729336378	
6139.508000000001	0.02879999999913707	RippleTimeIntervals					6139.5248	0.6099960577734153	
6140.3736	0.022400000000743603	RippleTimeIntervals					6140.3792	2.7006941549783368	
6140.9496	0.03600000000005821	RippleTimeIntervals					6140.9592	2.2828769270594567	
6141.182400000001	0.03279999999995198	RippleTimeIntervals					6141.2016	2.973814684103747	
6147.9088	0.021600000000034925	RippleTimeIntervals					6147.9136	0.8707783662618461	
6148.0168	0.032000000000152795	RippleTimeIntervals					6148.0392	0.6152500178750274	
6151.0752	0.03840000000036525	RippleTimeIntervals					6151.0864	3.5746884269377666	
6151.416	0.051199999999880674	RippleTimeIntervals					6151.421600000001	0.6576130157054806	
6151.9008	0.04640000000017608	RippleTimeIntervals					6151.9344	0.5993066099016265	
6152.225600000001	0.08959999999933643	RippleTimeIntervals					6152.254400000001	3.860079240764703	
6152.6152	0.08079999999972642	RippleTimeIntervals					6152.656800000001	2.2175112399757304	
6153.1184	0.02959999999984575	RippleTimeIntervals					6153.131200000001	1.5497993237761123	
6155.7752	0.020000000000436557	RippleTimeIntervals					6155.7880000000005	0.9839811760503279	
6155.884800000001	0.027199999999538704	RippleTimeIntervals					6155.8904	0.7610673064631833	
6157.0	52.0	SleepStates							WAKEstate
6166.7424	0.023200000000542786	RippleTimeIntervals					6166.7504	1.00669206960296	
6167.320000000001	0.027199999999538704	RippleTimeIntervals					6167.3248	0.6758893487520374	
6167.4672	0.03999999999996362	RippleTimeIntervals					6167.5024	0.5624568933248799	
6167.7264000000005	0.034399999999550346	RippleTimeIntervals					6167.736	1.6353294110949241	
6170.642400000001	0.025599999999940337	RippleTimeIntervals					6170.6632	0.4036643780984288	
6203.457600000001	0.027199999999538704	RippleTimeIntervals					6203.4768	2.0159138346008203	
6205.004800000001	0.03600000000005821	RippleTimeIntervals					6205.0208	0.8876825321196592	
6207.916	0.06639999999970314	RippleTimeIntervals					6207.9744	0.9935168734854863	
6208.0856	0.028800000000046566	RippleTimeIntervals					6208.1032000000005	3.680801943641718	
6208.136	0.028000000000247383	RippleTimeIntervals					6208.1504	3.298406414346278	
6208.4968	0.035200000000259024	RippleTimeIntervals					6208.515200000001	5.103009829452049	
6208.688	0.02400000000034197	RippleTimeIntervals					6208.700000000001	0.8027496504975998	
6210.0	14.0	SleepStates							NREMstate
6214.192	0.045600000000376895	RippleTimeIntervals					6214.212	3.7336644871920734	
6215.363200000001	0.023999999999432475	RippleTimeIntervals					6215.374400000001	0.7701752784332654	
6216.5112	0.04160000000047148	RippleTimeIntervals					6216.5296	3.742104660509077	
6217.6368	0.03840000000036525	RippleTimeIntervals					6217.6512	3.26392735956876	
6217.939200000001	0.044799999999668216	RippleTimeIntervals					6217.964	4.963231715039471	
6219.1408	0.02400000000034197	RippleTimeIntervals					6219.1544	1.0456417586873128	
6219.453600000001	0.03599999999914871	RippleTimeIntervals					6219.468800000001	1.450699884575835	
6219.728	0.03600000000005821	RippleTimeIntervals					6219.7392	4.090382337903007	
6219.9304	0.052800000000388536	RippleTimeIntervals					6219.9488	2.7854665503572322	
6225.0	9.0	SleepStates							WAKEstate
6225.4008	0.023199999999633292	RippleTimeIntervals					6225.4168	0.7402556757428321	
6228.863200000001	0.09760000000005675	RippleTimeIntervals					6228.9456	3.241367617067294	
6229.0584	0.03920000000016444	RippleTimeIntervals					6229.072	5.769940983815442	
6229.2056	0.02400000000034197	RippleTimeIntervals					6229.215200000001	0.7471950513224982	
6230.0144	0.06640000000061264	RippleTimeIntervals					6230.0472	1.8134474300441898	
6230.2064	0.03920000000016444	RippleTimeIntervals					6230.2352	1.589349342267132	
6232.412	0.020000000000436557	RippleTimeIntervals					6232.42	1.345986264245948	
6232.8768	0.042400000000270666	RippleTimeIntervals					6232.8824	0.9889886166222642	
6233.076800000001	0.07919999999921856	RippleTimeIntervals					6233.0936	1.5869870666987635	
6233.4048	0.02080000000023574	RippleTimeIntervals					6233.4192	0.6964878300038891	
6233.7016	0.02080000000023574	RippleTimeIntervals					6233.715200000001	0.8576188100764769	
6233.888	0.03120000000035361	RippleTimeIntervals					6233.9056	0.8369474906613757	
6233.9992	0.02959999999984575	RippleTimeIntervals					6234.0112	0.7725168071155658	
6234.3288	0.03840000000036525	RippleTimeIntervals					6234.337600000001	3.2014344289486334	
6234.4664	0.02959999999984575	RippleTimeIntervals					6234.4856	2.182806348278347	
6234.5904	0.04719999999997526	RippleTimeIntervals					6234.628000000001	2.612672771701486	
6235.0	85.0	SleepStates							NREMstate
6238.3216	0.03679999999985739	RippleTimeIntervals					6238.3424	3.2458376878160213	
6239.2416	0.09040000000004511	RippleTimeIntervals					6239.2736	4.0966407463095225	
6239.808	0.032000000000152795	RippleTimeIntervals					6239.8096000000005	0.6330409572221887	
6241.732800000001	0.051199999999880674	RippleTimeIntervals					6241.7416	2.9143624762551275	
6242.2168	0.04960000000028231	RippleTimeIntervals					6242.254400000001	1.833952544849368	
6242.3624	0.042400000000270666	RippleTimeIntervals					6242.3904	4.290894058427027	
6242.7880000000005	0.068000000000211	RippleTimeIntervals					6242.8408	3.2285739932955346	
6243.175200000001	0.03679999999985739	RippleTimeIntervals					6243.200000000001	2.129712171067356	
6243.436000000001	0.03839999999945576	RippleTimeIntervals					6243.4592	3.299670420923182	
6243.9456	0.025599999999940337	RippleTimeIntervals					6243.964	1.220743364962365	
6244.8904	0.02400000000034197	RippleTimeIntervals					6244.907200000001	0.4019215009532471	
6245.0928	0.03679999999985739	RippleTimeIntervals					6245.1112	1.7187570403806576	
6247.7784	0.022399999999834108	RippleTimeIntervals					6247.792	1.4168968211433326	
6249.348	0.026400000000649015	RippleTimeIntervals					6249.3568000000005	0.8379170886340203	
6249.8256	0.04960000000028231	RippleTimeIntervals					6249.8512	4.690840225133945	
6252.1976	0.030399999999644933	RippleTimeIntervals					6252.200000000001	0.4537961628727003	
6252.3784000000005	0.02080000000023574	RippleTimeIntervals					6252.388800000001	1.0882348602534384	
6253.367200000001	0.03279999999995198	RippleTimeIntervals					6253.3792	0.9817072973941078	
6254.6952	0.052800000000388536	RippleTimeIntervals					6254.7104	3.532723832712325	
6254.8536	0.03600000000005821	RippleTimeIntervals					6254.8648	1.986414492130628	
6255.464800000001	0.03999999999996362	RippleTimeIntervals					6255.468800000001	0.4244898655708522	
6257.175200000001	0.06079999999928987	RippleTimeIntervals					6257.1904	1.6158752719238074	
6257.5608	0.06239999999979773	RippleTimeIntervals					6257.5888	0.5699442951811695	
6257.956	0.032000000000152795	RippleTimeIntervals					6257.984	0.5493607555195633	
6260.0784	0.05040000000008149	RippleTimeIntervals					6260.091200000001	1.4570390126317136	
6260.54	0.028800000000046566	RippleTimeIntervals					6260.5568	1.8748023831855771	
6262.348	0.03920000000016444	RippleTimeIntervals					6262.3696	1.7833271991854573	
6262.8728	0.068000000000211	RippleTimeIntervals					6262.917600000001	2.1905592375466463	
6267.066400000001	0.07600000000002183	RippleTimeIntervals					6267.092000000001	4.931091705963543	
6267.2376	0.025599999999940337	RippleTimeIntervals					6267.251200000001	1.4536477913029595	
6267.66	0.0544000000008964	RippleTimeIntervals					6267.676	0.488181117592748	
6267.8504	0.07440000000042346	RippleTimeIntervals					6267.9064	2.4819745985074086	
6268.716	0.04960000000028231	RippleTimeIntervals					6268.7576	1.3451657673409787	
6268.9712	0.028000000000247383	RippleTimeIntervals					6268.9848	0.874344757950859	
6270.1816	0.026400000000649015	RippleTimeIntervals					6270.1952	0.5741224106053878	
6271.7088	0.02959999999984575	RippleTimeIntervals					6271.7176	1.0502537713817126	
6271.936000000001	0.020799999999326246	RippleTimeIntervals					6271.9408	0.9137525635182439	
6274.964800000001	0.03999999999996362	RippleTimeIntervals					6274.9808	1.8473039277218493	
6278.0496	0.045600000000376895	RippleTimeIntervals					6278.0784	2.351609650311109	
6278.4968	0.07440000000042346	RippleTimeIntervals					6278.5208	2.8814809047930408	
6280.1048	0.03760000000056607	RippleTimeIntervals					6280.120800000001	3.1527520313406603	
6280.3936	0.03359999999975116	RippleTimeIntervals					6280.404	5.367623913716767	
6280.508000000001	0.05279999999947904	RippleTimeIntervals					6280.526400000001	1.2680590487363501	
6281.102400000001	0.031199999999444117	RippleTimeIntervals					6281.1256	0.6161714694650495	
6282.1368	0.03679999999985739	RippleTimeIntervals					6282.1616	1.3957897253303517	
6282.254400000001	0.0319999999992433	RippleTimeIntervals					6282.272	0.4740138610287241	
6282.6344	0.021600000000034925	RippleTimeIntervals					6282.6488	0.6205622190703158	
6282.9512	0.05199999999967986	RippleTimeIntervals					6282.976000000001	2.636953910946442	
6283.4968	0.029600000000755244	RippleTimeIntervals					6283.5096	3.5947862919537483	
6283.628000000001	0.07679999999982101	RippleTimeIntervals					6283.6936000000005	1.4466250075057923	
6284.1224	0.04399999999986903	RippleTimeIntervals					6284.1432	1.5854824500279276	
6285.2608	0.03600000000005821	RippleTimeIntervals					6285.2888	0.481497605833869	
6285.841600000001	0.022399999999834108	RippleTimeIntervals					6285.852800000001	0.6399144183868558	
6286.5456	0.023199999999633292	RippleTimeIntervals					6286.5512	0.4591865537094246	
6286.8616	0.04399999999986903	RippleTimeIntervals					6286.8896	0.4481168440498013	
6287.6056	0.03120000000035361	RippleTimeIntervals					6287.6192	0.7518460767941487	
6288.0136	0.02959999999984575	RippleTimeIntervals					6288.0384	0.5402795185462851	
6289.417600000001	0.04239999999936117	RippleTimeIntervals					6289.4256000000005	1.824018940002953	
6291.8408	0.02400000000034197	RippleTimeIntervals					6291.8568000000005	1.7732040021892628	
6291.936000000001	0.03919999999925494	RippleTimeIntervals					6291.9448	0.4778488150002527	
6293.1552	0.0727999999999156	RippleTimeIntervals					6293.2088	1.1684308639742678	
6298.8064	0.03279999999995198	RippleTimeIntervals					6298.8112	0.6134988295165166	
6301.0984	0.03760000000056607	RippleTimeIntervals					6301.113600000001	2.6056511970738927	
6301.2192000000005	0.0455999999994674	RippleTimeIntervals					6301.224	0.5772641986109398	
6301.476000000001	0.04239999999936117	RippleTimeIntervals					6301.4872000000005	0.9291062076428027	
6302.091200000001	0.12239999999928841	RippleTimeIntervals					6302.16	3.6872903451656542	
6302.46	0.05760000000009313	RippleTimeIntervals					6302.4968	2.9239293959961596	
6302.9704	0.025599999999940337	RippleTimeIntervals					6302.9800000000005	0.526762428241883	
6303.2032	0.0272000000004482	RippleTimeIntervals					6303.2136	0.5526365243500945	
6303.7096	0.058399999999892316	RippleTimeIntervals					6303.7456	4.021316453901953	
6304.4928	0.058399999999892316	RippleTimeIntervals					6304.530400000001	3.733903197768586	
6304.6976	0.04159999999956199	RippleTimeIntervals					6304.7168	2.3645024375551573	
6304.8240000000005	0.03600000000005821	RippleTimeIntervals					6304.84	4.312831449985594	
6304.964800000001	0.051199999999880674	RippleTimeIntervals					6304.984	3.147054544543945	
6306.9768	0.03359999999975116	RippleTimeIntervals					6306.9944000000005	0.891285134316166	
6312.636	0.03679999999985739	RippleTimeIntervals					6312.664000000001	1.6640401937912803	
6313.4416	0.03279999999995198	RippleTimeIntervals					6313.4552	3.897801895519865	
6313.5256	0.08719999999993888	RippleTimeIntervals					6313.591200000001	3.85252922503679	
6316.8448	0.024800000000141154	RippleTimeIntervals					6316.8608	0.6563676668229869	
6318.2504	0.03920000000016444	RippleTimeIntervals					6318.2816	2.0610607509371217	
6321.0	18.0	SleepStates							WAKEstate
6339.950400000001	0.0543999999999869	RippleTimeIntervals					6339.9704	1.589042315768772	
6340.0	178.0	SleepStates							NREMstate
6340.2504	0.0408000000006723	RippleTimeIntervals					6340.2704	3.677669833816564	
6340.388	0.07520000000022264	RippleTimeIntervals					6340.4224	2.364443495723371	
6340.5824	0.07999999999992724	RippleTimeIntervals					6340.628000000001	3.9269845981053018	
6340.761600000001	0.0455999999994674	RippleTimeIntervals					6340.7808	5.385184620251669	
6343.372	0.04399999999986903	RippleTimeIntervals					6343.3912	0.8401818416936935	
6343.896000000001	0.03679999999985739	RippleTimeIntervals					6343.9048	2.3598455154750795	
6344.84	0.030400000000554428	RippleTimeIntervals					6344.844	0.45380927713633723	
6345.6720000000005	0.034399999999550346	RippleTimeIntervals					6345.6952	0.7049758639323374	
6346.388	0.03279999999995198	RippleTimeIntervals					6346.403200000001	0.6445947645571103	
6346.716	0.042400000000270666	RippleTimeIntervals					6346.7384	2.754744030436507	
6346.9512	0.0543999999999869	RippleTimeIntervals					6346.9736	1.128833015387749	
6348.1088	0.042400000000270666	RippleTimeIntervals					6348.1432	3.3389456271604807	
6348.316000000001	0.0543999999999869	RippleTimeIntervals					6348.3288	2.6501742545830913	
6348.9944000000005	0.05040000000008149	RippleTimeIntervals					6349.0208	2.1929394782638725	
6349.284000000001	0.032000000000152795	RippleTimeIntervals					6349.3008	1.8046321622621608	
6350.450400000001	0.047999999999774445	RippleTimeIntervals					6350.472000000001	1.3009775663594711	
6351.236	0.04160000000047148	RippleTimeIntervals					6351.247200000001	3.5701031575317597	
6356.765600000001	0.025599999999940337	RippleTimeIntervals					6356.7744	1.2494962262230187	
6357.5544	0.02080000000023574	RippleTimeIntervals					6357.5672	1.2726854422839764	
6360.294400000001	0.03679999999985739	RippleTimeIntervals					6360.320000000001	3.285347042315973	
6360.3576	0.10080000000016298	RippleTimeIntervals					6360.4384	2.599699147381356	
6361.1032000000005	0.031199999999444117	RippleTimeIntervals					6361.120800000001	0.44920372256939484	
6361.9664	0.12560000000030414	RippleTimeIntervals					6362.0496	3.289516599415103	
6362.175200000001	0.05279999999947904	RippleTimeIntervals					6362.216	1.6118701194151288	
6362.984	0.05999999999949068	RippleTimeIntervals					6363.008000000001	3.7793252672630557	
6367.1512	0.0272000000004482	RippleTimeIntervals					6367.156800000001	1.7621646010796033	
6367.6112	0.037599999999656575	RippleTimeIntervals					6367.638400000001	5.715047891228333	
6368.2176	0.04480000000057771	RippleTimeIntervals					6368.232800000001	5.28090308549058	
6369.1464000000005	0.0455999999994674	RippleTimeIntervals					6369.1688	1.811529142148276	
6369.344800000001	0.023999999999432475	RippleTimeIntervals					6369.3552	0.5709907121466447	
6370.1264	0.02959999999984575	RippleTimeIntervals					6370.148	0.7770109133080689	
6371.030400000001	0.020799999999326246	RippleTimeIntervals					6371.0328	0.42539907981107533	
6371.6648000000005	0.023199999999633292	RippleTimeIntervals					6371.6728	1.4108048553250176	
6372.608	0.021600000000034925	RippleTimeIntervals					6372.6176000000005	0.530682081229426	
6375.8928000000005	0.02959999999984575	RippleTimeIntervals					6375.903200000001	0.9355238551005692	
6376.0888	0.035200000000259024	RippleTimeIntervals					6376.102400000001	4.292404495160833	
6376.6	0.052800000000388536	RippleTimeIntervals					6376.6416	4.462009243970708	
6376.8264	0.03120000000035361	RippleTimeIntervals					6376.8496000000005	2.546454436536138	
6379.229600000001	0.04239999999936117	RippleTimeIntervals					6379.251200000001	2.685250916130056	
6379.374400000001	0.09839999999985594	RippleTimeIntervals					6379.4192	3.136866219275926	
6380.1328	0.03359999999975116	RippleTimeIntervals					6380.1488	4.10972829896191	
6380.716	0.03840000000036525	RippleTimeIntervals					6380.728	1.7162555901258272	
6381.5248	0.08320000000003347	RippleTimeIntervals					6381.5896	3.096843995298178	
6383.6624	0.021600000000034925	RippleTimeIntervals					6383.6768	0.49564933075861545	
6383.8608	0.03840000000036525	RippleTimeIntervals					6383.874400000001	0.5970946632736183	
6386.3248	0.058399999999892316	RippleTimeIntervals					6386.3432	3.170216990092681	
6387.452	0.03440000000045984	RippleTimeIntervals					6387.4656	6.390789458717719	
6387.5824	0.06639999999970314	RippleTimeIntervals					6387.6192	2.3524615222532765	
6387.768	0.042400000000270666	RippleTimeIntervals					6387.794400000001	3.002269870415916	
6389.4776	0.03359999999975116	RippleTimeIntervals					6389.4944000000005	1.137377855415341	
6389.9304	0.05360000000018772	RippleTimeIntervals					6389.9664	1.7419266653336454	
6390.7464	0.04719999999997526	RippleTimeIntervals					6390.7824	0.9473235186522795	
6391.084000000001	0.03359999999975116	RippleTimeIntervals					6391.104	1.5685550800474817	
6391.8216	0.040799999999762804	RippleTimeIntervals					6391.8536	1.7483840452034483	
6392.468000000001	0.07679999999982101	RippleTimeIntervals					6392.5208	3.2706370251166375	
6392.660800000001	0.047999999999774445	RippleTimeIntervals					6392.704000000001	0.49096085669433687	
6392.7736	0.03999999999996362	RippleTimeIntervals					6392.784000000001	0.4771984855110807	
6392.924	0.023200000000542786	RippleTimeIntervals					6392.9296	0.7527636356742337	
6395.030400000001	0.03519999999934953	RippleTimeIntervals					6395.0576	0.6366502216785793	
6395.584000000001	0.02159999999912543	RippleTimeIntervals					6395.5944	0.4793007027460804	
6395.6552	0.030400000000554428	RippleTimeIntervals					6395.6704	4.635782178490222	
6396.791200000001	0.0455999999994674	RippleTimeIntervals					6396.812800000001	3.6357650847739893	
6396.9328000000005	0.03920000000016444	RippleTimeIntervals					6396.9424	2.114568816653374	
6397.028	0.03279999999995198	RippleTimeIntervals					6397.0328	0.4013581217685058	
6397.3144	0.032000000000152795	RippleTimeIntervals					6397.327200000001	1.7277928569870389	
6397.8024000000005	0.044799999999668216	RippleTimeIntervals					6397.836	1.5175581922448882	
6397.9488	0.021600000000034925	RippleTimeIntervals					6397.9544000000005	0.7045503700145997	
6398.756	0.035200000000259024	RippleTimeIntervals					6398.765600000001	1.1370769217508319	
6399.9776	0.045600000000376895	RippleTimeIntervals					6399.996	0.4581130502291785	
6402.612	0.030400000000554428	RippleTimeIntervals					6402.620800000001	1.2774943020904803	
6403.3184	0.03999999999996362	RippleTimeIntervals					6403.336	2.7585468149247414	
6405.8664	0.02400000000034197	RippleTimeIntervals					6405.877600000001	2.3402992031099963	
6405.979200000001	0.034399999999550346	RippleTimeIntervals					6405.990400000001	1.4961621294839993	
6407.2552000000005	0.025599999999940337	RippleTimeIntervals					6407.276800000001	0.768912843851576	
6410.9304	0.06880000000001019	RippleTimeIntervals					6410.956	3.5666845604339144	
6411.3008	0.051199999999880674	RippleTimeIntervals					6411.3288	3.669842801520645	
6416.675200000001	0.023999999999432475	RippleTimeIntervals					6416.6888	1.2913044600737245	
6416.8152	0.068000000000211	RippleTimeIntervals					6416.868	2.6794128077700994	
6416.9312	0.05760000000009313	RippleTimeIntervals					6416.946400000001	3.039395711534239	
6417.2128	0.06080000000019936	RippleTimeIntervals					6417.2504	1.4516378854755063	
6417.624000000001	0.028800000000046566	RippleTimeIntervals					6417.631200000001	2.1087955223267882	
6422.2384	0.052800000000388536	RippleTimeIntervals					6422.268800000001	4.277380137784561	
6422.388	0.029600000000755244	RippleTimeIntervals					6422.3984	2.286433646677179	
6423.0712	0.04640000000017608	RippleTimeIntervals					6423.0896	2.0555802732185824	
6423.765600000001	0.020799999999326246	RippleTimeIntervals					6423.7792	0.6642811123230196	
6423.8336	0.059200000000600994	RippleTimeIntervals					6423.8568000000005	3.2393383725073663	
6423.992	0.03279999999995198	RippleTimeIntervals					6424.0128	1.2141131249277537	
6424.0584	0.022400000000743603	RippleTimeIntervals					6424.064	1.089417483515201	
6424.46	0.03360000000066066	RippleTimeIntervals					6424.4808	1.163033125052155	
6424.6472	0.032000000000152795	RippleTimeIntervals					6424.66	1.3797683283274211	
6424.8496000000005	0.03279999999995198	RippleTimeIntervals					6424.872	3.4359837826405335	
6424.9736	0.06559999999990396	RippleTimeIntervals					6425.0168	2.6413819294827054	
6425.1696	0.04719999999997526	RippleTimeIntervals					6425.1888	2.8747697135112626	
6425.8152	0.03760000000056607	RippleTimeIntervals					6425.837600000001	1.270104576509275	
6429.0560000000005	0.024800000000141154	RippleTimeIntervals					6429.073600000001	0.6882028383942708	
6432.8096000000005	0.05519999999978609	RippleTimeIntervals					6432.836	1.6737721808915633	
6433.562400000001	0.044799999999668216	RippleTimeIntervals					6433.5776000000005	1.9412980398166844	
6434.827200000001	0.03600000000005821	RippleTimeIntervals					6434.8424	2.081565300658256	
6437.2024	0.05680000000029395	RippleTimeIntervals					6437.2208	0.7490632555086021	
6437.612	0.0816000000004351	RippleTimeIntervals					6437.6624	1.0405550305799047	
6438.8856000000005	0.040799999999762804	RippleTimeIntervals					6438.9024	1.7136796265458571	
6439.9408	0.025599999999940337	RippleTimeIntervals					6439.9592	0.6225891256333155	
6440.5864	0.058399999999892316	RippleTimeIntervals					6440.6248000000005	2.631929474834735	
6441.6416	0.05200000000058935	RippleTimeIntervals					6441.6736	3.0358754922598803	
6443.076	0.03840000000036525	RippleTimeIntervals					6443.1056	1.011074129037715	
6443.2952000000005	0.03279999999995198	RippleTimeIntervals					6443.308	1.176431489656822	
6444.8824	0.032000000000152795	RippleTimeIntervals					6444.8936	1.8933751515917674	
6444.956	0.021600000000034925	RippleTimeIntervals					6444.9656	0.7094504468242655	
6445.4128	0.04640000000017608	RippleTimeIntervals					6445.4232	3.658231734068756	
6445.5248	0.06480000000010477	RippleTimeIntervals					6445.5816	2.2487339329856852	
6445.6664	0.052800000000388536	RippleTimeIntervals					6445.6864000000005	1.2913228424075829	
6445.7672	0.04320000000006985	RippleTimeIntervals					6445.783200000001	2.4575430482054723	
6446.4224	0.021600000000034925	RippleTimeIntervals					6446.439200000001	0.6385562840041882	
6446.906400000001	0.02479999999923166	RippleTimeIntervals					6446.917600000001	1.0003980522194684	
6447.144	0.028800000000046566	RippleTimeIntervals					6447.164000000001	1.941841552144545	
6448.576	0.02080000000023574	RippleTimeIntervals					6448.58	0.48967389767215286	
6449.754400000001	0.03359999999975116	RippleTimeIntervals					6449.7704	3.6646148167298422	
6449.9448	0.028000000000247383	RippleTimeIntervals					6449.9616000000005	1.8143680577298822	
6450.2168	0.03920000000016444	RippleTimeIntervals					6450.2416	1.6720038937107773	
6452.0272	0.02959999999984575	RippleTimeIntervals					6452.0432	1.1717864603131247	
6452.2568	0.024800000000141154	RippleTimeIntervals					6452.264	0.8589256661925734	
6455.5528	0.03999999999996362	RippleTimeIntervals					6455.5648	1.341791953335206	
6455.6704	0.028000000000247383	RippleTimeIntervals					6455.6912	0.7958234444104326	
6456.5848000000005	0.032000000000152795	RippleTimeIntervals					6456.5968	1.2814046263008432	
6457.6272	0.059200000000600994	RippleTimeIntervals					6457.6616	2.742360470587835	
6471.1368	0.02639999999973952	RippleTimeIntervals					6471.1408	0.45476530443895363	
6472.3736	0.025600000000849832	RippleTimeIntervals					6472.381600000001	3.5725412128933596	
6472.996	0.03360000000066066	RippleTimeIntervals					6473.0088000000005	3.14799004568927	
6475.718400000001	0.025599999999940337	RippleTimeIntervals					6475.7376	0.6774818155368474	
6476.367200000001	0.04239999999936117	RippleTimeIntervals					6476.3936	3.712397701542127	
6478.8176	0.11120000000028085	RippleTimeIntervals					6478.8584	3.115400882354148	
6480.0144	0.028000000000247383	RippleTimeIntervals					6480.022400000001	5.732926609000401	
6481.0112	0.068000000000211	RippleTimeIntervals					6481.044800000001	4.229266465464603	
6481.145600000001	0.07039999999960855	RippleTimeIntervals					6481.178400000001	1.139626101922954	
6481.472000000001	0.031199999999444117	RippleTimeIntervals					6481.4848	0.9844808930405958	
6481.9856	0.03840000000036525	RippleTimeIntervals					6482.0088000000005	0.9439320324734793	
6482.2664	0.03279999999995198	RippleTimeIntervals					6482.291200000001	2.300366584359053	
6483.104	0.02400000000034197	RippleTimeIntervals					6483.120800000001	0.806000039651134	
6484.064	0.045600000000376895	RippleTimeIntervals					6484.076	3.2643349482608777	
6484.171200000001	0.040799999999762804	RippleTimeIntervals					6484.1768	1.0643770286994558	
6484.328	0.06239999999979773	RippleTimeIntervals					6484.38	2.8004694125090235	
6484.5328	0.08960000000024593	RippleTimeIntervals					6484.564	2.2747896866045103	
6484.884	0.032000000000152795	RippleTimeIntervals					6484.8952	3.416156910071591	
6491.652800000001	0.03679999999985739	RippleTimeIntervals					6491.685600000001	0.5564309758610332	
6491.841600000001	0.030399999999644933	RippleTimeIntervals					6491.8496000000005	4.7506112962531155	
6493.8248	0.021600000000034925	RippleTimeIntervals					6493.838400000001	1.0607430876324282	
6495.1128	0.04640000000017608	RippleTimeIntervals					6495.1464000000005	3.278840018406087	
6495.4272	0.0727999999999156	RippleTimeIntervals					6495.4888	2.9930704696810513	
6495.5648	0.13920000000052823	RippleTimeIntervals					6495.5776000000005	2.022783158894586	
6496.1952	0.04160000000047148	RippleTimeIntervals					6496.229600000001	1.1872678653853033	
6496.4328000000005	0.032000000000152795	RippleTimeIntervals					6496.448	3.3637962428300807	
6496.5848000000005	0.03279999999995198	RippleTimeIntervals					6496.595200000001	3.0721286911703807	
6498.108	0.03840000000036525	RippleTimeIntervals					6498.138400000001	1.5597099606031835	
6505.8592	0.032000000000152795	RippleTimeIntervals					6505.877600000001	1.1139228626726583	
6506.668000000001	0.020799999999326246	RippleTimeIntervals					6506.6848	0.6053475887687646	
6508.2968	0.026400000000649015	RippleTimeIntervals					6508.3008	0.47385912170625455	
6508.5936	0.03600000000005821	RippleTimeIntervals					6508.6016	0.4796823142723886	
6508.7168	0.047999999999774445	RippleTimeIntervals					6508.7304	0.6417609191668923	
6508.9528	0.0408000000006723	RippleTimeIntervals					6508.9752	1.7338338431318874	
6509.4872000000005	0.03679999999985739	RippleTimeIntervals					6509.515200000001	1.2357925243664287	
6509.660800000001	0.02639999999973952	RippleTimeIntervals					6509.678400000001	1.8827520801660027	
6510.460800000001	0.05999999999949068	RippleTimeIntervals					6510.5128	1.9730697670709318	
6510.924	0.024800000000141154	RippleTimeIntervals					6510.9352	2.511500056932929	
6511.9744	0.03360000000066066	RippleTimeIntervals					6511.9800000000005	2.433638795705469	
6514.156	0.029600000000755244	RippleTimeIntervals					6514.18	0.6160666901353632	
6519.0	28.0	SleepStates							WAKEstate
6527.0424	0.04640000000017608	RippleTimeIntervals					6527.0784	3.4273624032950614	
6528.2648	0.04800000000068394	RippleTimeIntervals					6528.2864	4.179444853207916	
6529.5568	0.03999999999996362	RippleTimeIntervals					6529.5896	0.8976868120832482	
6531.1912	0.044799999999668216	RippleTimeIntervals					6531.228	1.2735522461791	
6541.4056	0.024800000000141154	RippleTimeIntervals					6541.4264	1.0381857397660827	
6547.268800000001	0.027999999999337888	RippleTimeIntervals					6547.2928	0.6410744664985837	
6548.0	256.0	SleepStates							NREMstate
6550.02	0.023999999999432475	RippleTimeIntervals					6550.037600000001	1.1214801734938724	
6550.9928	0.045600000000376895	RippleTimeIntervals					6551.0184	0.9286148020203515	
6553.0416000000005	0.03600000000005821	RippleTimeIntervals					6553.0608	0.9537582297511044	
6553.4232	0.0272000000004482	RippleTimeIntervals					6553.443200000001	0.6152133545280671	
6559.0712	0.03999999999996362	RippleTimeIntervals					6559.0888	2.6494959089800822	
6559.376	0.05199999999967986	RippleTimeIntervals					6559.406400000001	3.0164945125129856	
6559.8928000000005	0.023999999999432475	RippleTimeIntervals					6559.9096	0.5894811233005937	
6560.120800000001	0.028800000000046566	RippleTimeIntervals					6560.142400000001	1.3056517038323197	
6560.2312	0.05360000000018772	RippleTimeIntervals					6560.272	2.565218119933332	
6560.3872	0.061599999999998545	RippleTimeIntervals					6560.4112000000005	2.3060649506048088	
6560.6144	0.034399999999550346	RippleTimeIntervals					6560.6328	1.7223456939765924	
6560.8	0.048800000000483124	RippleTimeIntervals					6560.8144	3.167341960096823	
6562.4424	0.030400000000554428	RippleTimeIntervals					6562.4656	1.7107062691754258	
6562.8256	0.03600000000005821	RippleTimeIntervals					6562.837600000001	2.0845531163214197	
6565.457600000001	0.04320000000006985	RippleTimeIntervals					6565.4744	4.808904982069229	
6567.036	0.05200000000058935	RippleTimeIntervals					6567.08	1.1447594581860434	
6569.2808	0.031199999999444117	RippleTimeIntervals					6569.2952000000005	0.5990657557615918	
6569.3832	0.02400000000034197	RippleTimeIntervals					6569.392000000001	0.5945217512050542	
6570.8896	0.03279999999995198	RippleTimeIntervals					6570.9168	0.5574331432760055	
6571.5464	0.03920000000016444	RippleTimeIntervals					6571.5728	2.162851897971893	
6571.736	0.04480000000057771	RippleTimeIntervals					6571.7496	1.7835311178046855	
6573.06	0.023199999999633292	RippleTimeIntervals					6573.0656	1.4460188907990075	
6575.356000000001	0.028800000000046566	RippleTimeIntervals					6575.3616	1.7668223318786556	
6575.4448	0.068000000000211	RippleTimeIntervals					6575.453600000001	3.2297751550942975	
6575.598400000001	0.04239999999936117	RippleTimeIntervals					6575.6112	1.1348145990576375	
6575.8256	0.047999999999774445	RippleTimeIntervals					6575.856000000001	3.848891166779236	
6576.512000000001	0.023999999999432475	RippleTimeIntervals					6576.532	0.4432816284561548	
6577.4984	0.09680000000025757	RippleTimeIntervals					6577.58	4.310985171941541	
6577.696	0.0272000000004482	RippleTimeIntervals					6577.7192000000005	0.5158018431286223	
6578.0104	0.042400000000270666	RippleTimeIntervals					6578.030400000001	2.5110494849155445	
6578.1152	0.04719999999997526	RippleTimeIntervals					6578.124000000001	3.4729309004001125	
6578.3640000000005	0.024800000000141154	RippleTimeIntervals					6578.3808	2.044826624858909	
6578.4544000000005	0.022399999999834108	RippleTimeIntervals					6578.468800000001	1.2539794490962	
6580.952	0.05040000000008149	RippleTimeIntervals					6580.979200000001	1.7785209751541693	
6583.0384	0.032000000000152795	RippleTimeIntervals					6583.059200000001	0.5612024237042403	
6583.1544	0.022399999999834108	RippleTimeIntervals					6583.160000000001	2.224919735810294	
6585.6432	0.02080000000023574	RippleTimeIntervals					6585.656800000001	0.8369739839227401	
6586.5528	0.02959999999984575	RippleTimeIntervals					6586.564	1.1498153210789193	
6586.6488	0.02400000000034197	RippleTimeIntervals					6586.6584	0.6334820201572137	
6586.7208	0.028800000000046566	RippleTimeIntervals					6586.736800000001	0.7426764699916956	
6586.8728	0.026400000000649015	RippleTimeIntervals					6586.881600000001	0.7465061597248428	
6587.8192	0.030400000000554428	RippleTimeIntervals					6587.8240000000005	0.8819247287661135	
6588.1192	0.030400000000554428	RippleTimeIntervals					6588.1344	1.6553956321469199	
6589.2624000000005	0.0639999999993961	RippleTimeIntervals					6589.3224	0.8251637626841194	
6589.5568	0.05199999999967986	RippleTimeIntervals					6589.5616	0.6939422880334337	
6589.638400000001	0.04879999999957363	RippleTimeIntervals					6589.671200000001	3.343196610602312	
6593.4344	0.02080000000023574	RippleTimeIntervals					6593.448	0.9838353593879318	
6594.1368	0.05760000000009313	RippleTimeIntervals					6594.1544	1.969585202345038	
6594.2528	0.040799999999762804	RippleTimeIntervals					6594.272	1.6615208052186425	
6594.3752	0.03600000000005821	RippleTimeIntervals					6594.399200000001	2.8966394457379225	
6594.7416	0.024800000000141154	RippleTimeIntervals					6594.7592	2.6575581108891893	
6596.529600000001	0.022399999999834108	RippleTimeIntervals					6596.5352	1.6910437887636067	
6596.6704	0.028800000000046566	RippleTimeIntervals					6596.6912	1.6062540400021161	
6602.4448	0.05760000000009313	RippleTimeIntervals					6602.479200000001	3.824988388120342	
6602.5928	0.05040000000008149	RippleTimeIntervals					6602.613600000001	2.909793890070651	
6604.3968	0.02639999999973952	RippleTimeIntervals					6604.404	0.4223704101276451	
6609.3184	0.02400000000034197	RippleTimeIntervals					6609.337600000001	0.649269727332717	
6610.6552	0.02959999999984575	RippleTimeIntervals					6610.6672	1.3825114474575326	
6613.9408	0.0543999999999869	RippleTimeIntervals					6613.9528	2.3364357498616015	
6614.0176	0.056000000000494765	RippleTimeIntervals					6614.0384	3.396200588131447	
6614.156	0.03279999999995198	RippleTimeIntervals					6614.1656	4.343657260383003	
6615.5416000000005	0.037599999999656575	RippleTimeIntervals					6615.5632000000005	4.044322605091389	
6616.2312	0.021600000000034925	RippleTimeIntervals					6616.244000000001	2.295787462045662	
6616.848800000001	0.04159999999956199	RippleTimeIntervals					6616.8656	4.179072714843404	
6617.904	0.022399999999834108	RippleTimeIntervals					6617.9184000000005	1.6085509063911458	
6618.3568000000005	0.03679999999985739	RippleTimeIntervals					6618.376	2.384391379299258	
6618.4448	0.05760000000009313	RippleTimeIntervals					6618.46	2.7017768784346115	
6619.0456	0.06639999999970314	RippleTimeIntervals					6619.0936	1.8604396517047592	
6619.1408	0.04480000000057771	RippleTimeIntervals					6619.1688	3.781075596859183	
6619.296	0.047999999999774445	RippleTimeIntervals					6619.3072	2.7613743711432077	
6621.076800000001	0.11599999999998545	RippleTimeIntervals					6621.1768	2.176581004454416	
6621.3144	0.04399999999986903	RippleTimeIntervals					6621.3264	4.649650994331001	
6626.6792000000005	0.028800000000046566	RippleTimeIntervals					6626.6848	1.0481704820349376	
6626.7376	0.07520000000022264	RippleTimeIntervals					6626.772	2.839161937274634	
6628.992	0.045600000000376895	RippleTimeIntervals					6629.029600000001	2.285785273922371	
6630.367200000001	0.051199999999880674	RippleTimeIntervals					6630.388	1.023254864074596	
6630.576	0.04320000000006985	RippleTimeIntervals					6630.5968	4.967087543354806	
6630.7432	0.05200000000058935	RippleTimeIntervals					6630.7792	2.0653639981711778	
6630.9096	0.030400000000554428	RippleTimeIntervals					6630.932000000001	2.2512397542540743	
6631.0824	0.035200000000259024	RippleTimeIntervals					6631.0904	0.5289506044349946	
6634.4568	0.030400000000554428	RippleTimeIntervals					6634.4624	0.9391721000248237	
6635.688	0.025599999999940337	RippleTimeIntervals					6635.692800000001	1.0548795551889023	
6637.2424	0.07440000000042346	RippleTimeIntervals					6637.2808	2.0525867342237802	
6648.88	0.028000000000247383	RippleTimeIntervals					6648.900000000001	1.6192037047557293	
6650.0512	0.028800000000046566	RippleTimeIntervals					6650.0560000000005	1.1087243658799302	
6653.2848	0.05360000000018772	RippleTimeIntervals					6653.3112	3.521430777674195	
6654.0560000000005	0.021600000000034925	RippleTimeIntervals					6654.0656	1.0905689857009606	
6654.1008	0.032000000000152795	RippleTimeIntervals					6654.102400000001	0.48187212772186094	
6660.099200000001	0.023999999999432475	RippleTimeIntervals					6660.1152	1.2707529250897442	
6660.2392	0.04160000000047148	RippleTimeIntervals					6660.276800000001	0.5141997354833139	
6661.7248	0.024800000000141154	RippleTimeIntervals					6661.736800000001	2.014106982635733	
6664.728	0.04719999999997526	RippleTimeIntervals					6664.7456	1.3139606900848375	
6664.808800000001	0.08959999999933643	RippleTimeIntervals					6664.888	4.21359880410778	
6666.3104	0.0727999999999156	RippleTimeIntervals					6666.3616	2.4999595653284543	
6666.504800000001	0.11759999999958382	RippleTimeIntervals					6666.584000000001	2.792202834269402	
6666.796	0.03999999999996362	RippleTimeIntervals					6666.808	1.5071801929864146	
6668.530400000001	0.03839999999945576	RippleTimeIntervals					6668.5544	0.7990302493003042	
6672.5384	0.040799999999762804	RippleTimeIntervals					6672.5672	0.4892175221612369	
6673.4184000000005	0.05599999999958527	RippleTimeIntervals					6673.4384	0.7135622871289525	
6675.0184	0.028000000000247383	RippleTimeIntervals					6675.028	3.6381645061141543	
6675.1648000000005	0.07520000000022264	RippleTimeIntervals					6675.1864000000005	4.140996108640787	
6676.0432	0.035200000000259024	RippleTimeIntervals					6676.0688	1.845856059365216	
6676.1912	0.03359999999975116	RippleTimeIntervals					6676.1976	0.7441924088884923	
6676.616800000001	0.023999999999432475	RippleTimeIntervals					6676.6328	0.8154472050562843	
6676.6616	0.040799999999762804	RippleTimeIntervals					6676.678400000001	0.7032518936506359	
6676.867200000001	0.04399999999986903	RippleTimeIntervals					6676.899200000001	2.4570471035238075	
6678.990400000001	0.02959999999984575	RippleTimeIntervals					6678.996	1.0489314714837867	
6680.7624000000005	0.025599999999940337	RippleTimeIntervals					6680.772	1.5756695687134488	
6681.22	0.04160000000047148	RippleTimeIntervals					6681.236800000001	0.546695264970498	
6681.6616	0.02959999999984575	RippleTimeIntervals					6681.6744	1.1333596481031016	
6681.7408000000005	0.024800000000141154	RippleTimeIntervals					6681.756	2.370945255598059	
6681.8352	0.05279999999947904	RippleTimeIntervals					6681.8656	2.6385425266770683	
6682.0856	0.10159999999996217	RippleTimeIntervals					6682.1648000000005	3.931655507219592	
6682.562400000001	0.03679999999985739	RippleTimeIntervals					6682.573600000001	1.0118233517511996	
6684.816000000001	0.031199999999444117	RippleTimeIntervals					6684.84	0.44035845225371717	
6685.488	0.02639999999973952	RippleTimeIntervals					6685.4928	0.5535619292428183	
6687.1488	0.05360000000018772	RippleTimeIntervals					6687.189600000001	1.834759617831341	
6689.5128	0.0543999999999869	RippleTimeIntervals					6689.5424	1.5463054669968257	
6689.7608	0.03600000000005821	RippleTimeIntervals					6689.7896	0.9702634626197132	
6690.837600000001	0.053599999999278225	RippleTimeIntervals					6690.8608	1.7185912680770405	
6690.928800000001	0.03839999999945576	RippleTimeIntervals					6690.9496	1.344906551885127	
6691.7096	0.12160000000039872	RippleTimeIntervals					6691.8152	1.7609526186074496	
6691.9168	0.030400000000554428	RippleTimeIntervals					6691.939200000001	3.0378869392264507	
6692.000800000001	0.037599999999656575	RippleTimeIntervals					6692.0184	1.9251787263646296	
6693.9048	0.02639999999973952	RippleTimeIntervals					6693.924	0.4195653557162639	
6696.2464	0.08480000000054133	RippleTimeIntervals					6696.3096000000005	4.770541210847521	
6696.532	0.04719999999997526	RippleTimeIntervals					6696.568	3.869768761004637	
6697.064	0.06559999999990396	RippleTimeIntervals					6697.098400000001	1.8769261350692983	
6698.106400000001	0.03359999999975116	RippleTimeIntervals					6698.120800000001	2.882208149235181	
6698.4048	0.02400000000034197	RippleTimeIntervals					6698.421600000001	0.9229507586750089	
6698.8640000000005	0.028000000000247383	RippleTimeIntervals					6698.884800000001	1.8431943513541211	
6699.004800000001	0.034399999999550346	RippleTimeIntervals					6699.036	0.46217507617849507	
6700.2096	0.023200000000542786	RippleTimeIntervals					6700.218400000001	0.7600885863143313	
6700.792	0.06959999999980937	RippleTimeIntervals					6700.801600000001	1.856072414417776	
6700.9944000000005	0.03279999999995198	RippleTimeIntervals					6701.012000000001	0.5821263049563082	
6701.1224	0.04160000000047148	RippleTimeIntervals					6701.131200000001	0.41525986589628594	
6704.7344	0.02639999999973952	RippleTimeIntervals					6704.7432	1.0578092733136968	
6705.4296	0.0727999999999156	RippleTimeIntervals					6705.484	2.2917514254502733	
6705.5576	0.0816000000004351	RippleTimeIntervals					6705.576	2.4754770226896516	
6705.772	0.020000000000436557	RippleTimeIntervals					6705.784000000001	1.3659686039411134	
6706.189600000001	0.027999999999337888	RippleTimeIntervals					6706.2088	1.029618743167398	
6714.8248	0.058399999999892316	RippleTimeIntervals					6714.8504	2.1370935216466305	
6714.9552	0.06319999999959691	RippleTimeIntervals					6715.000800000001	2.987170800006396	
6715.792	0.030399999999644933	RippleTimeIntervals					6715.808800000001	2.4990003783155013	
6716.0272	0.07679999999982101	RippleTimeIntervals					6716.0576	2.5015946726722187	
6716.1464000000005	0.044799999999668216	RippleTimeIntervals					6716.1744	4.0294143229919435	
6716.2648	0.04800000000068394	RippleTimeIntervals					6716.2928	3.474943767876402	
6716.4152	0.03920000000016444	RippleTimeIntervals					6716.4336	5.070445655090295	
6717.6	0.02639999999973952	RippleTimeIntervals					6717.616800000001	2.830651031867963	
6718.1048	0.035200000000259024	RippleTimeIntervals					6718.124000000001	2.28953844633431	
6718.232	0.020000000000436557	RippleTimeIntervals					6718.2448	1.294287028077974	
6724.0792	0.05760000000009313	RippleTimeIntervals					6724.1	1.9705889227954323	
6724.1744	0.11760000000049331	RippleTimeIntervals					6724.2248	1.7931679289621623	
6724.421600000001	0.044799999999668216	RippleTimeIntervals					6724.446400000001	3.140547853389072	
6724.928	0.02400000000034197	RippleTimeIntervals					6724.9336	0.48155264893479577	
6725.0128	0.04320000000006985	RippleTimeIntervals					6725.0352	3.482818488093455	
6729.392000000001	0.020799999999326246	RippleTimeIntervals					6729.4048	1.390262524308184	
6730.0856	0.02400000000034197	RippleTimeIntervals					6730.091200000001	1.839106841352952	
6730.9512	0.06639999999970314	RippleTimeIntervals					6731.0056	1.417728863629975	
6731.3288	0.0591999999996915	RippleTimeIntervals					6731.344800000001	2.019016354627631	
6731.8784000000005	0.03279999999995198	RippleTimeIntervals					6731.8976	2.8703403259993414	
6732.772	0.02400000000034197	RippleTimeIntervals					6732.783200000001	2.2061694300789423	
6733.2784	0.02959999999984575	RippleTimeIntervals					6733.284000000001	0.7772738531495219	
6738.7432	0.04640000000017608	RippleTimeIntervals					6738.7664	2.387323922501145	
6740.008000000001	0.02639999999973952	RippleTimeIntervals					6740.026400000001	1.831643777862168	
6740.1488	0.032000000000152795	RippleTimeIntervals					6740.1704	2.485573525202301	
6742.984	0.06319999999959691	RippleTimeIntervals					6743.019200000001	1.0495792101780184	
6743.3576	0.04719999999997526	RippleTimeIntervals					6743.3968	1.9749487693051042	
6743.6032000000005	0.034399999999550346	RippleTimeIntervals					6743.6112	0.6561647954744964	
6745.152800000001	0.022399999999834108	RippleTimeIntervals					6745.1664	2.3161922399048063	
6745.5424	0.047999999999774445	RippleTimeIntervals					6745.56	2.216279017996068	
6745.772800000001	0.022399999999834108	RippleTimeIntervals					6745.787200000001	1.239674837467702	
6746.1768	0.032000000000152795	RippleTimeIntervals					6746.1888	0.8821889691534037	
6746.232800000001	0.04719999999997526	RippleTimeIntervals					6746.2552000000005	4.010887136121161	
6746.765600000001	0.04239999999936117	RippleTimeIntervals					6746.7792	7.663425012256419	
6746.9744	0.052800000000388536	RippleTimeIntervals					6746.9968	1.7469241903339954	
6749.0976	0.042400000000270666	RippleTimeIntervals					6749.1152	4.051289944294033	
6749.216	0.037599999999656575	RippleTimeIntervals					6749.2336000000005	1.3935712234836313	
6750.099200000001	0.03279999999995198	RippleTimeIntervals					6750.1152	1.0152052066601973	
6750.204000000001	0.021600000000034925	RippleTimeIntervals					6750.2096	1.3241663856506667	
6751.6328	0.07200000000011642	RippleTimeIntervals					6751.645600000001	2.3291455783480313	
6751.7304	0.04399999999986903	RippleTimeIntervals					6751.7384	1.2084095126080505	
6752.084000000001	0.04399999999986903	RippleTimeIntervals					6752.1216	1.3697085453139988	
6753.6720000000005	0.04960000000028231	RippleTimeIntervals					6753.714400000001	0.4879292913793853	
6754.0536	0.025599999999940337	RippleTimeIntervals					6754.0712	2.1015283293418916	
6755.0496	0.02959999999984575	RippleTimeIntervals					6755.062400000001	0.7437042504778648	
6756.448	0.02639999999973952	RippleTimeIntervals					6756.4696	0.4796818247069339	
6756.5160000000005	0.037599999999656575	RippleTimeIntervals					6756.532	1.4927106521904163	
6757.3136	0.03120000000035361	RippleTimeIntervals					6757.3288	3.0588488616015392	
6757.5576	0.035200000000259024	RippleTimeIntervals					6757.573600000001	3.5258515916516515	
6757.910400000001	0.023999999999432475	RippleTimeIntervals					6757.9264	0.5643347793279991	
6758.0728	0.021600000000034925	RippleTimeIntervals					6758.0864	1.1539386546814925	
6766.536	0.024800000000141154	RippleTimeIntervals					6766.5536	0.45994997577625085	
6767.312	0.023200000000542786	RippleTimeIntervals					6767.3208	0.47205608802232296	
6767.725600000001	0.08799999999973807	RippleTimeIntervals					6767.7704	2.844066876290017	
6767.8928000000005	0.05040000000008149	RippleTimeIntervals					6767.9128	4.968818723403781	
6770.5344000000005	0.037599999999656575	RippleTimeIntervals					6770.5544	2.537160256468185	
6772.6192	0.025599999999940337	RippleTimeIntervals					6772.6232	0.9252850404796005	
6772.7456	0.04640000000017608	RippleTimeIntervals					6772.7568	2.7901757336693165	
6772.993600000001	0.02959999999984575	RippleTimeIntervals					6773.0064	1.209419748888553	
6774.084000000001	0.027199999999538704	RippleTimeIntervals					6774.099200000001	1.3783001564773496	
6774.232	0.04160000000047148	RippleTimeIntervals					6774.2536	2.817675384998525	
6774.3424	0.04320000000006985	RippleTimeIntervals					6774.3544	2.4798263696653198	
6774.5848000000005	0.05999999999949068	RippleTimeIntervals					6774.602400000001	0.759425233868029	
6782.1992	0.03999999999996362	RippleTimeIntervals					6782.204000000001	0.5545507071907151	
6797.872	0.04640000000017608	RippleTimeIntervals					6797.900000000001	1.3626433211672795	
6800.0864	0.04640000000017608	RippleTimeIntervals					6800.1256	0.8049523504250872	
6800.2376	0.022399999999834108	RippleTimeIntervals					6800.252	0.8832118121612261	
6802.944	0.028800000000046566	RippleTimeIntervals					6802.9488	0.662861902344144	
6803.18	0.021600000000034925	RippleTimeIntervals					6803.189600000001	1.2793777614219628	
6805.0	15.0	SleepStates							WAKEstate
6821.0	93.0	SleepStates							NREMstate
6823.96	0.026400000000649015	RippleTimeIntervals					6823.968000000001	1.8805439016628356	
6824.348800000001	0.03359999999975116	RippleTimeIntervals					6824.3624	2.7742111800310947	
6824.5632000000005	0.0455999999994674	RippleTimeIntervals					6824.5776000000005	7.785286745962241	
6824.700000000001	0.05999999999949068	RippleTimeIntervals					6824.7344	1.411271186490181	
6825.3792	0.06239999999979773	RippleTimeIntervals					6825.4344	2.2774556996189506	
6829.4024	0.05040000000008149	RippleTimeIntervals					6829.428800000001	3.0613704363310137	
6833.330400000001	0.06239999999979773	RippleTimeIntervals					6833.372	4.156478256129862	
6833.4992	0.020000000000436557	RippleTimeIntervals					6833.5144	1.1176531436657418	
6835.482400000001	0.022399999999834108	RippleTimeIntervals					6835.4928	0.8363502528647948	
6835.8112	0.0543999999999869	RippleTimeIntervals					6835.848	2.9272976630221006	
6838.453600000001	0.027199999999538704	RippleTimeIntervals					6838.4584	0.5032550026041192	
6840.0848000000005	0.05360000000018772	RippleTimeIntervals					6840.105600000001	3.2209494575716797	
6840.3584	0.03360000000066066	RippleTimeIntervals					6840.363200000001	0.6346169295034827	
6840.5728	0.04719999999997526	RippleTimeIntervals					6840.592000000001	0.7294658209060003	
6840.6736	0.04160000000047148	RippleTimeIntervals					6840.700000000001	2.835948437215041	
6840.8152	0.061599999999998545	RippleTimeIntervals					6840.8584	2.59540609329055	
6841.032	0.047999999999774445	RippleTimeIntervals					6841.044000000001	2.632697157313986	
6841.218400000001	0.04399999999986903	RippleTimeIntervals					6841.2304	1.4028184214366406	
6841.4856	0.03760000000056607	RippleTimeIntervals					6841.5056	2.028572077224757	
6842.2536	0.03840000000036525	RippleTimeIntervals					6842.272	1.2333381937001735	
6842.4008	0.028800000000046566	RippleTimeIntervals					6842.4168	0.9704524632159425	
6843.6224	0.03440000000045984	RippleTimeIntervals					6843.6272	1.0346779752960011	
6843.796	0.028000000000247383	RippleTimeIntervals					6843.812	1.4633731028387018	
6844.2272	0.024800000000141154	RippleTimeIntervals					6844.247200000001	0.5440921082212553	
6844.7392	0.02400000000034197	RippleTimeIntervals					6844.754400000001	0.5162754680794109	
6846.3432	0.024800000000141154	RippleTimeIntervals					6846.3536	1.06315861996367	
6846.96	0.02080000000023574	RippleTimeIntervals					6846.9736	0.49140582949248396	
6847.091200000001	0.020799999999326246	RippleTimeIntervals					6847.1	0.5832157496119273	
6847.4656	0.028800000000046566	RippleTimeIntervals					6847.4768	0.4589419020623677	
6847.5216	0.0272000000004482	RippleTimeIntervals					6847.526400000001	0.718254893312239	
6850.7272	0.022399999999834108	RippleTimeIntervals					6850.7376	0.6022589823411111	
6853.2968	0.021600000000034925	RippleTimeIntervals					6853.3064	0.8326210914811134	
6853.4232	0.02959999999984575	RippleTimeIntervals					6853.4456	0.5519159567119836	
6854.2424	0.030400000000554428	RippleTimeIntervals					6854.2696000000005	0.5883819241673096	
6855.1984	0.04320000000006985	RippleTimeIntervals					6855.204000000001	0.782792185904284	
6857.188	0.056000000000494765	RippleTimeIntervals					6857.215200000001	1.1374765332789272	
6857.7488	0.02080000000023574	RippleTimeIntervals					6857.7568	1.045959551160243	
6857.9912	0.02080000000023574	RippleTimeIntervals					6858.004	0.7122947377962838	
6858.446400000001	0.07600000000002183	RippleTimeIntervals					6858.483200000001	2.101488312634027	
6860.636	0.021600000000034925	RippleTimeIntervals					6860.649600000001	0.9698797079431133	
6860.9304	0.12880000000041036	RippleTimeIntervals					6860.9416	3.8384229526864178	
6861.52	0.02080000000023574	RippleTimeIntervals					6861.5248	0.8483089560081122	
6864.7664	0.030399999999644933	RippleTimeIntervals					6864.7792	1.49391011775898	
6870.1616	0.032000000000152795	RippleTimeIntervals					6870.176	2.5883481098072534	
6873.0752	0.04399999999986903	RippleTimeIntervals					6873.099200000001	3.297946735338845	
6873.572	0.03760000000056607	RippleTimeIntervals					6873.5888	3.95116699297742	
6873.8216	0.05519999999978609	RippleTimeIntervals					6873.8608	1.2890603174865327	
6876.2016	0.028000000000247383	RippleTimeIntervals					6876.212	3.2447286251049454	
6877.0672	0.028000000000247383	RippleTimeIntervals					6877.0792	4.435083095346505	
6878.8576	0.03999999999996362	RippleTimeIntervals					6878.874400000001	1.6553990854289482	
6880.280000000001	0.02959999999984575	RippleTimeIntervals					6880.2848	0.444258026735717	
6881.3656	0.03120000000035361	RippleTimeIntervals					6881.3904	0.425825754155074	
6881.9256000000005	0.07839999999941938	RippleTimeIntervals					6881.9816	3.3498018750916008	
6883.439200000001	0.020799999999326246	RippleTimeIntervals					6883.450400000001	0.8591695943936715	
6883.9016	0.09680000000025757	RippleTimeIntervals					6883.982400000001	4.331096478959138	
6884.0976	0.06559999999990396	RippleTimeIntervals					6884.116	4.993953786565159	
6884.9656	0.02959999999984575	RippleTimeIntervals					6884.9872000000005	0.903525815070805	
6885.2888	0.03920000000016444	RippleTimeIntervals					6885.3136	2.394287799466007	
6886.8392	0.03999999999996362	RippleTimeIntervals					6886.8624	1.9013389476031575	
6887.2192000000005	0.05760000000009313	RippleTimeIntervals					6887.2352	2.530382311028555	
6888.2704	0.08079999999972642	RippleTimeIntervals					6888.3208	1.1436178177308642	
6889.6544	0.04320000000006985	RippleTimeIntervals					6889.6816	4.964257724147051	
6889.7952000000005	0.040799999999762804	RippleTimeIntervals					6889.812800000001	2.4251220892048333	
6889.9456	0.09200000000055297	RippleTimeIntervals					6889.9968	1.2073208484611442	
6890.095200000001	0.04399999999986903	RippleTimeIntervals					6890.128000000001	3.396236124138327	
6890.9896	0.03120000000035361	RippleTimeIntervals					6891.0032	2.2279848582550272	
6891.3208	0.035200000000259024	RippleTimeIntervals					6891.348	0.5171308926447306	
6894.153600000001	0.024800000000141154	RippleTimeIntervals					6894.1632	0.5672901693885014	
6905.5616	0.05360000000018772	RippleTimeIntervals					6905.6	3.700114267466807	
6907.9784	0.04960000000028231	RippleTimeIntervals					6908.0088000000005	2.808874128435131	
6908.2528	0.06239999999979773	RippleTimeIntervals					6908.2864	4.617175452564518	
6908.4048	0.02080000000023574	RippleTimeIntervals					6908.4096	0.5265032812143576	
6908.9984	0.030399999999644933	RippleTimeIntervals					6909.0064	0.6359169857173635	
6911.8688	0.04399999999986903	RippleTimeIntervals					6911.9048	2.9679428803937964	
6912.029600000001	0.03359999999975116	RippleTimeIntervals					6912.055200000001	2.7104665623744872	
6912.716	0.04399999999986903	RippleTimeIntervals					6912.7264000000005	1.4166735704527362	
6914.4968	0.04320000000006985	RippleTimeIntervals					6914.5232000000005	1.3844065372316376	
6914.5944	0.026400000000649015	RippleTimeIntervals					6914.6032000000005	1.847107939140757	
6915.0	44.0	SleepStates							WAKEstate
6915.6952	0.08800000000064756	RippleTimeIntervals					6915.7648	0.6529268725742986	
6940.3664	0.0408000000006723	RippleTimeIntervals					6940.406400000001	0.5054859996296476	
6957.674400000001	0.03999999999996362	RippleTimeIntervals					6957.6992	3.3831066797961924	
6957.957600000001	0.044799999999668216	RippleTimeIntervals					6957.9944000000005	1.0218403923902708	
6960.0	349.0	SleepStates							NREMstate
6962.0656	0.026400000000649015	RippleTimeIntervals					6962.076800000001	2.9796612302492482	
6962.1976	0.04960000000028231	RippleTimeIntervals					6962.2304	0.9218506875137962	
6962.4256000000005	0.058399999999892316	RippleTimeIntervals					6962.4400000000005	0.9980134116128505	
6963.2168	0.03120000000035361	RippleTimeIntervals					6963.221600000001	0.5422313405823672	
6965.9168	0.04320000000006985	RippleTimeIntervals					6965.9408	4.53328993203479	
6966.591200000001	0.0543999999999869	RippleTimeIntervals					6966.609600000001	1.707007460556837	
6966.8544	0.03279999999995198	RippleTimeIntervals					6966.88	0.4866942624719897	
6967.4968	0.04160000000047148	RippleTimeIntervals					6967.5024	1.4465985731262552	
6967.740000000001	0.03359999999975116	RippleTimeIntervals					6967.7592	1.5855138987103046	
6972.913600000001	0.044799999999668216	RippleTimeIntervals					6972.9408	1.633422505512559	
6974.3184	0.035200000000259024	RippleTimeIntervals					6974.328	0.7919142067704785	
6974.4808	0.0272000000004482	RippleTimeIntervals					6974.4896	0.8498234282144229	
6975.109600000001	0.03999999999996362	RippleTimeIntervals					6975.1328	4.552601830316912	
6975.5528	0.03120000000035361	RippleTimeIntervals					6975.5752	0.5696083790634217	
6975.7080000000005	0.02639999999973952	RippleTimeIntervals					6975.7168	1.9358088462232372	
6975.9256000000005	0.03839999999945576	RippleTimeIntervals					6975.9376	1.0374905200525995	
6976.12	0.07440000000042346	RippleTimeIntervals					6976.1656	3.6169293162075933	
6976.296	0.040799999999762804	RippleTimeIntervals					6976.3248	5.272450885299176	
6977.0176	0.068000000000211	RippleTimeIntervals					6977.064	3.0541987858345867	
6977.1504	0.058399999999892316	RippleTimeIntervals					6977.1912	2.8361445572787765	
6977.3336	0.032000000000152795	RippleTimeIntervals					6977.3464	1.2215126013787467	
6977.5888	0.07679999999982101	RippleTimeIntervals					6977.6216	2.1403325275938294	
6977.721600000001	0.06479999999919528	RippleTimeIntervals					6977.744000000001	1.943988385215657	
6982.7208	0.03600000000005821	RippleTimeIntervals					6982.7496	0.9024771684754768	
6982.9376	0.028000000000247383	RippleTimeIntervals					6982.950400000001	1.822242392364	
6985.2736	0.03999999999996362	RippleTimeIntervals					6985.2968	1.2104035727710114	
6986.6888	0.056000000000494765	RippleTimeIntervals					6986.7168	0.835297502979045	
6987.4128	0.03120000000035361	RippleTimeIntervals					6987.421600000001	2.694959323321227	
6987.588000000001	0.040799999999762804	RippleTimeIntervals					6987.6072	4.042836017328161	
6987.8328	0.020000000000436557	RippleTimeIntervals					6987.8408	1.318512277753044	
6988.204000000001	0.022399999999834108	RippleTimeIntervals					6988.212	1.9935797669439395	
6990.196	0.05200000000058935	RippleTimeIntervals					6990.2232	3.6467012107180583	
6990.372	0.058399999999892316	RippleTimeIntervals					6990.4192	3.149519103151406	
6992.1704	0.03440000000045984	RippleTimeIntervals					6992.175200000001	0.47637469852841	
6992.276800000001	0.023999999999432475	RippleTimeIntervals					6992.294400000001	1.2228770129425184	
6993.4272	0.04480000000057771	RippleTimeIntervals					6993.464	1.1733127402322263	
6994.648	0.03279999999995198	RippleTimeIntervals					6994.6632	0.4736538158985033	
6996.9168	0.03440000000045984	RippleTimeIntervals					6996.9368	3.3465918966549255	
7000.479200000001	0.04159999999956199	RippleTimeIntervals					7000.500800000001	2.1015553582931807	
7001.9584	0.06639999999970314	RippleTimeIntervals					7001.996	4.308721848299084	
7002.4376	0.035200000000259024	RippleTimeIntervals					7002.4616000000005	3.026045029023059	
7002.6992	0.020000000000436557	RippleTimeIntervals					7002.711200000001	0.758570216533779	
7002.943200000001	0.04959999999937281	RippleTimeIntervals					7002.964800000001	0.7525903889257101	
7003.1688	0.04719999999997526	RippleTimeIntervals					7003.1944	4.167054006096161	
7006.660000000001	0.04959999999937281	RippleTimeIntervals					7006.6864000000005	1.4184006426799187	
7008.1976	0.025599999999940337	RippleTimeIntervals					7008.2128	3.5835161933781685	
7009.0896	0.05519999999978609	RippleTimeIntervals					7009.1184	1.1945008844632428	
7009.5576	0.030400000000554428	RippleTimeIntervals					7009.5712	1.1589586889258903	
7009.7448	0.04640000000017608	RippleTimeIntervals					7009.7784	1.4539430378525664	
7010.0024	0.040799999999762804	RippleTimeIntervals					7010.0312	2.6547405848498853	
7010.0976	0.026400000000649015	RippleTimeIntervals					7010.112800000001	0.9912998030376765	
7010.4568	0.04640000000017608	RippleTimeIntervals					7010.483200000001	1.549323329984633	
7013.591200000001	0.031199999999444117	RippleTimeIntervals					7013.6104000000005	0.8300277057074429	
7013.972000000001	0.020799999999326246	RippleTimeIntervals					7013.988	0.8431217391597566	
7014.136	0.030399999999644933	RippleTimeIntervals					7014.145600000001	1.7254444779621925	
7015.1688	0.02959999999984575	RippleTimeIntervals					7015.1776	1.0656003288705032	
7015.2408000000005	0.03839999999945576	RippleTimeIntervals					7015.2624000000005	1.4373057255495723	
7015.468000000001	0.03519999999934953	RippleTimeIntervals					7015.490400000001	0.769387596718725	
7015.608	0.03840000000036525	RippleTimeIntervals					7015.612800000001	0.560911537873965	
7016.4616000000005	0.058399999999892316	RippleTimeIntervals					7016.4968	2.733319571103672	
7018.7496	0.026400000000649015	RippleTimeIntervals					7018.7608	3.6228169334901312	
7018.8552	0.028000000000247383	RippleTimeIntervals					7018.863200000001	1.0847100474694171	
7018.9496	0.028000000000247383	RippleTimeIntervals					7018.953600000001	0.49452034572416326	
7019.0864	0.022399999999834108	RippleTimeIntervals					7019.1008	0.833927074797527	
7019.5688	0.03920000000016444	RippleTimeIntervals					7019.5976	0.5247308305380438	
7019.7712	0.06640000000061264	RippleTimeIntervals					7019.804	0.8766343910202818	
7021.2416	0.03679999999985739	RippleTimeIntervals					7021.2672	1.2495997870626057	
7022.479200000001	0.044799999999668216	RippleTimeIntervals					7022.484	0.8739732892868045	
7026.9192	0.10080000000016298	RippleTimeIntervals					7026.990400000001	5.435616285077254	
7027.3648	0.06000000000040018	RippleTimeIntervals					7027.412	3.5194086059297653	
7029.867200000001	0.10719999999946594	RippleTimeIntervals					7029.877600000001	1.5598169564012325	
7030.292	0.04320000000006985	RippleTimeIntervals					7030.3072	2.6083262914085705	
7032.240000000001	0.04879999999957363	RippleTimeIntervals					7032.268	3.090488078510035	
7034.920800000001	0.0591999999996915	RippleTimeIntervals					7034.9424	1.925877414606861	
7040.374400000001	0.030399999999644933	RippleTimeIntervals					7040.3832	0.6387940536614185	
7043.1576000000005	0.023999999999432475	RippleTimeIntervals					7043.1624	0.7040269148732864	
7044.5328	0.056000000000494765	RippleTimeIntervals					7044.5704000000005	2.503888346658677	
7044.6816	0.042400000000270666	RippleTimeIntervals					7044.7136	4.139309814143569	
7044.986400000001	0.051199999999880674	RippleTimeIntervals					7045.0072	1.3396920079264565	
7048.7712	0.10080000000016298	RippleTimeIntervals					7048.780000000001	4.732769635458284	
7049.0832	0.03920000000016444	RippleTimeIntervals					7049.109600000001	1.42661090732787	
7049.308	0.028800000000046566	RippleTimeIntervals					7049.320000000001	4.356948359792764	
7052.732	0.024800000000141154	RippleTimeIntervals					7052.7408000000005	1.0445571329493148	
7056.304	0.07840000000032887	RippleTimeIntervals					7056.363200000001	3.7709837920711107	
7056.464	0.04960000000028231	RippleTimeIntervals					7056.482400000001	1.129103863949934	
7056.7008000000005	0.024800000000141154	RippleTimeIntervals					7056.7096	0.8477000075409058	
7057.982400000001	0.023199999999633292	RippleTimeIntervals					7057.9984	0.4538115826338033	
7058.5344000000005	0.023199999999633292	RippleTimeIntervals					7058.5392	1.258229930334213	
7059.472000000001	0.03679999999985739	RippleTimeIntervals					7059.4808	1.003409827466163	
7060.189600000001	0.027199999999538704	RippleTimeIntervals					7060.2032	0.7354367678152441	
7061.113600000001	0.03679999999985739	RippleTimeIntervals					7061.142400000001	0.6029135590489939	
7062.2672	0.03120000000035361	RippleTimeIntervals					7062.290400000001	0.5702016580321293	
7063.164000000001	0.021600000000034925	RippleTimeIntervals					7063.1736	2.1144454492320346	
7063.26	0.13920000000052823	RippleTimeIntervals					7063.2952000000005	3.189247981382225	
7065.244000000001	0.03839999999945576	RippleTimeIntervals					7065.2488	0.49320434375424504	
7065.904	0.035200000000259024	RippleTimeIntervals					7065.9232	1.3061388716586058	
7066.1152	0.03440000000045984	RippleTimeIntervals					7066.1336	1.6073574147301897	
7070.92	0.0272000000004482	RippleTimeIntervals					7070.9344	2.8270889196317266	
7071.0248	0.0543999999999869	RippleTimeIntervals					7071.052000000001	2.8288267513322864	
7071.1808	0.020000000000436557	RippleTimeIntervals					7071.1936000000005	0.8336286282963478	
7071.7784	0.051199999999880674	RippleTimeIntervals					7071.8192	3.766894244029804	
7075.6448	0.03999999999996362	RippleTimeIntervals					7075.671200000001	3.928117205227486	
7075.7792	0.06640000000061264	RippleTimeIntervals					7075.827200000001	2.081560979193479	
7075.989600000001	0.053599999999278225	RippleTimeIntervals					7076.0128	0.8328942013856069	
7076.1328	0.04320000000006985	RippleTimeIntervals					7076.1408	1.6158784653560052	
7076.870400000001	0.04320000000006985	RippleTimeIntervals					7076.9016	2.825943691476845	
7078.475200000001	0.03919999999925494	RippleTimeIntervals					7078.4888	0.5175463523393495	
7079.404	0.021600000000034925	RippleTimeIntervals					7079.414400000001	2.5386139423630256	
7079.5096	0.03840000000036525	RippleTimeIntervals					7079.5176	1.877902261254653	
7079.8976	0.06480000000010477	RippleTimeIntervals					7079.924	2.446687604852551	
7080.3296	0.03600000000005821	RippleTimeIntervals					7080.344800000001	1.6138216403911747	
7080.8328	0.04160000000047148	RippleTimeIntervals					7080.852800000001	2.9050996219014746	
7081.0096	0.02080000000023574	RippleTimeIntervals					7081.0176	0.6924833195219204	
7081.092000000001	0.022399999999834108	RippleTimeIntervals					7081.109600000001	0.426312084611702	
7081.5648	0.02400000000034197	RippleTimeIntervals					7081.580800000001	1.699456669412048	
7081.7088	0.05519999999978609	RippleTimeIntervals					7081.7352	4.010467442615426	
7082.0560000000005	0.03839999999945576	RippleTimeIntervals					7082.072	1.508482931564058	
7083.0672	0.02959999999984575	RippleTimeIntervals					7083.0752	0.7586837539448664	
7086.4712	0.03999999999996362	RippleTimeIntervals					7086.4992	2.017903330837887	
7095.4128	0.04399999999986903	RippleTimeIntervals					7095.428000000001	3.1813200805174127	
7095.664000000001	0.028800000000046566	RippleTimeIntervals					7095.6720000000005	0.7268430101312936	
7096.0944	0.04800000000068394	RippleTimeIntervals					7096.1248000000005	3.2709843702448866	
7096.7024	0.042400000000270666	RippleTimeIntervals					7096.715200000001	3.088875303023713	
7097.328	0.08479999999963184	RippleTimeIntervals					7097.356000000001	1.9515544455398155	
7097.476000000001	0.034399999999550346	RippleTimeIntervals					7097.4848	3.1183213955395597	
7099.0632000000005	0.02639999999973952	RippleTimeIntervals					7099.0848000000005	0.40953552047067754	
7099.2464	0.07200000000011642	RippleTimeIntervals					7099.2928	3.3361635435870167	
7100.2304	0.028000000000247383	RippleTimeIntervals					7100.2432	0.7170957595167323	
7102.1464000000005	0.04159999999956199	RippleTimeIntervals					7102.160000000001	3.528587604012675	
7105.2952000000005	0.03679999999985739	RippleTimeIntervals					7105.3168000000005	0.5686744448848853	
7105.3952	0.06080000000019936	RippleTimeIntervals					7105.4488	1.1873125532587931	
7105.6264	0.08880000000044674	RippleTimeIntervals					7105.6720000000005	2.0181105622732725	
7106.2464	0.048800000000483124	RippleTimeIntervals					7106.283200000001	3.3284727481625196	
7106.5352	0.042400000000270666	RippleTimeIntervals					7106.5496	3.504888608316602	
7106.6872	0.08479999999963184	RippleTimeIntervals					7106.76	1.479914269077536	
7106.8352	0.042400000000270666	RippleTimeIntervals					7106.8584	4.264640023660206	
7108.7032	0.023200000000542786	RippleTimeIntervals					7108.7192000000005	1.2926740743658582	
7109.860000000001	0.047999999999774445	RippleTimeIntervals					7109.8648	0.5211806370524518	
7110.256	0.03279999999995198	RippleTimeIntervals					7110.276800000001	2.1260116349099616	
7110.6296	0.03760000000056607	RippleTimeIntervals					7110.642400000001	2.708432962852658	
7111.0488000000005	0.025599999999940337	RippleTimeIntervals					7111.06	2.14415565425609	
7111.9728000000005	0.04320000000006985	RippleTimeIntervals					7111.992	2.494796769443714	
7113.0472	0.09120000000075379	RippleTimeIntervals					7113.106400000001	3.824952458169103	
7113.852000000001	0.03839999999945576	RippleTimeIntervals					7113.884	0.6685852477921078	
7113.984	0.021600000000034925	RippleTimeIntervals					7113.997600000001	1.0411203863088303	
7116.7672	0.02080000000023574	RippleTimeIntervals					7116.780000000001	2.477933978202249	
7116.888800000001	0.02639999999973952	RippleTimeIntervals					7116.8984	0.8588029672316324	
7117.0176	0.03360000000066066	RippleTimeIntervals					7117.032	3.365964209131984	
7117.96	0.022400000000743603	RippleTimeIntervals					7117.9696	0.7416406790474587	
7119.0128	0.03600000000005821	RippleTimeIntervals					7119.0248	1.1399409812532129	
7119.34	0.022399999999834108	RippleTimeIntervals					7119.3544	1.5406492927190587	
7121.8512	0.04480000000057771	RippleTimeIntervals					7121.8608	0.8094302506150807	
7122.292	0.06559999999990396	RippleTimeIntervals					7122.332	2.0990320627839463	
7123.2824	0.06000000000040018	RippleTimeIntervals					7123.3168000000005	4.746226749922005	
7123.404	0.06959999999980937	RippleTimeIntervals					7123.450400000001	2.5816351645016358	
7124.6816	0.06960000000071886	RippleTimeIntervals					7124.721600000001	2.776926823534551	
7128.0528	0.02400000000034197	RippleTimeIntervals					7128.0608	0.9186436925368252	
7129.5832	0.02400000000034197	RippleTimeIntervals					7129.5960000000005	1.1634575477828126	
7132.1184	0.02639999999973952	RippleTimeIntervals					7132.1232	0.6132837383508691	
7134.2480000000005	0.02639999999973952	RippleTimeIntervals					7134.268	0.8097882096238401	
7135.228800000001	0.02959999999984575	RippleTimeIntervals					7135.2504	0.6116423977231205	
7136.3872	0.04399999999986903	RippleTimeIntervals					7136.3944	0.9628122615076041	
7138.6776	0.06400000000030559	RippleTimeIntervals					7138.724	5.007572090092799	
7138.828	0.03840000000036525	RippleTimeIntervals					7138.844800000001	1.7751136310119655	
7142.178400000001	0.03839999999945576	RippleTimeIntervals					7142.196	0.46827185756807255	
7142.908	0.06239999999979773	RippleTimeIntervals					7142.9496	1.0282604625085419	
7144.0472	0.04160000000047148	RippleTimeIntervals					7144.076	4.07459669274314	
7146.7592	0.023199999999633292	RippleTimeIntervals					7146.7776	0.8285248025068722	
7146.992	0.05200000000058935	RippleTimeIntervals					7147.0256	2.3592744477311562	
7148.6328	0.05519999999978609	RippleTimeIntervals					7148.68	2.9693742562559584	
7151.3104	0.030399999999644933	RippleTimeIntervals					7151.3208	0.4855288670211314	
7151.584000000001	0.05519999999978609	RippleTimeIntervals					7151.6272	1.686642930843104	
7153.950400000001	0.031199999999444117	RippleTimeIntervals					7153.968800000001	0.7541436883271456	
7156.3424	0.05199999999967986	RippleTimeIntervals					7156.366400000001	0.9581754709915473	
7156.5496	0.03600000000005821	RippleTimeIntervals					7156.5728	1.1568472458044874	
7157.116800000001	0.03519999999934953	RippleTimeIntervals					7157.1376	1.9081476768988253	
7158.9496	0.028800000000046566	RippleTimeIntervals					7158.957600000001	2.6358596475035596	
7159.044000000001	0.02959999999984575	RippleTimeIntervals					7159.0656	2.5829817834541355	
7160.160000000001	0.027999999999337888	RippleTimeIntervals					7160.18	0.7343841208160516	
7160.4664	0.06000000000040018	RippleTimeIntervals					7160.475200000001	2.350303330640616	
7160.608	0.04640000000017608	RippleTimeIntervals					7160.644	2.0213487670067134	
7160.859200000001	0.027199999999538704	RippleTimeIntervals					7160.876	3.581970828790904	
7161.4472000000005	0.023199999999633292	RippleTimeIntervals					7161.4592	0.7513888698435025	
7171.439200000001	0.08079999999972642	RippleTimeIntervals					7171.4528	1.4916447066822809	
7172.247200000001	0.03279999999995198	RippleTimeIntervals					7172.265600000001	1.617499096977903	
7173.12	0.029600000000755244	RippleTimeIntervals					7173.142400000001	1.5550005347449958	
7173.588000000001	0.021600000000034925	RippleTimeIntervals					7173.6016	1.3877749644871367	
7173.7824	0.03920000000016444	RippleTimeIntervals					7173.804800000001	3.5559194847320166	
7174.900000000001	0.031199999999444117	RippleTimeIntervals					7174.9264	0.6533148074373741	
7176.7896	0.024800000000141154	RippleTimeIntervals					7176.797600000001	0.562262709714185	
7177.6576000000005	0.022399999999834108	RippleTimeIntervals					7177.671200000001	0.9012002084630276	
7179.6192	0.028800000000046566	RippleTimeIntervals					7179.6408	0.6851871822989853	
7180.1512	0.023200000000542786	RippleTimeIntervals					7180.160000000001	1.267518719963451	
7180.2672	0.0591999999996915	RippleTimeIntervals					7180.2808	3.6293405477334337	
7181.946400000001	0.03679999999985739	RippleTimeIntervals					7181.9584	3.59773078281192	
7183.752	0.07439999999951397	RippleTimeIntervals					7183.7848	2.4030936976549855	
7188.0968	0.052800000000388536	RippleTimeIntervals					7188.131200000001	0.5022488011617132	
7191.0744	0.024800000000141154	RippleTimeIntervals					7191.084000000001	1.6767522261905043	
7191.555200000001	0.025599999999940337	RippleTimeIntervals					7191.56	0.8604666485622128	
7193.8256	0.03920000000016444	RippleTimeIntervals					7193.8576	0.5941521434137096	
7193.9872000000005	0.03999999999996362	RippleTimeIntervals					7194.0104	1.4475031979628152	
7194.1432	0.021600000000034925	RippleTimeIntervals					7194.156800000001	1.0193024668149924	
7194.22	0.040799999999762804	RippleTimeIntervals					7194.240000000001	0.41055707090059723	
7194.7488	0.06720000000041182	RippleTimeIntervals					7194.7792	1.440741481095214	
7195.0136	0.0591999999996915	RippleTimeIntervals					7195.028	1.4367348936109088	
7201.3952	0.04719999999997526	RippleTimeIntervals					7201.4304	2.9023414762494695	
7201.6088	0.059200000000600994	RippleTimeIntervals					7201.635200000001	3.7483553359329016	
7201.729600000001	0.06080000000019936	RippleTimeIntervals					7201.7784	1.9336364103224073	
7202.4696	0.04399999999986903	RippleTimeIntervals					7202.4992	3.4382610277404764	
7202.5936	0.059200000000600994	RippleTimeIntervals					7202.620800000001	2.057811068810672	
7204.026400000001	0.07200000000011642	RippleTimeIntervals					7204.091200000001	1.209919494221525	
7204.3944	0.0272000000004482	RippleTimeIntervals					7204.4024	0.4776674271423529	
7205.204000000001	0.021600000000034925	RippleTimeIntervals					7205.2136	0.9399798371761782	
7205.6	0.040799999999762804	RippleTimeIntervals					7205.6112	2.594691969183122	
7211.0784	0.03359999999975116	RippleTimeIntervals					7211.0936	3.164229151421588	
7211.8944	0.042400000000270666	RippleTimeIntervals					7211.9232	0.8215007076760809	
7212.008000000001	0.044799999999668216	RippleTimeIntervals					7212.0288	1.317489068025406	
7217.0728	0.03440000000045984	RippleTimeIntervals					7217.102400000001	0.7117558487717639	
7217.4344	0.03840000000036525	RippleTimeIntervals					7217.4456	1.6368012145496145	
7219.2576	0.028800000000046566	RippleTimeIntervals					7219.2776	2.2964835487382227	
7219.6304	0.023200000000542786	RippleTimeIntervals					7219.6408	3.0187804395596123	
7219.9512	0.051199999999880674	RippleTimeIntervals					7219.9872000000005	0.5706370913284706	
7220.0704000000005	0.02959999999984575	RippleTimeIntervals					7220.0784	3.8402161400536787	
7220.384800000001	0.022399999999834108	RippleTimeIntervals					7220.3944	0.44382817583713724	
7220.791200000001	0.05040000000008149	RippleTimeIntervals					7220.812800000001	2.7764493781980892	
7221.024	0.08079999999972642	RippleTimeIntervals					7221.040800000001	2.607078949583653	
7221.1912	0.0591999999996915	RippleTimeIntervals					7221.2424	1.329217685580003	
7222.064	0.042400000000270666	RippleTimeIntervals					7222.0872	0.4145290725397452	
7223.2048	0.034399999999550346	RippleTimeIntervals					7223.2168	2.6683082555821267	
7223.3736	0.028800000000046566	RippleTimeIntervals					7223.384800000001	6.0075680732114805	
7223.4296	0.068000000000211	RippleTimeIntervals					7223.4568	0.9163643246212506	
7224.604	0.022399999999834108	RippleTimeIntervals					7224.612	0.5735352810551367	
7226.352000000001	0.023999999999432475	RippleTimeIntervals					7226.3712000000005	0.8639761436779424	
7229.341600000001	0.0543999999999869	RippleTimeIntervals					7229.372	3.7719232223078736	
7229.46	0.0408000000006723	RippleTimeIntervals					7229.484	0.9960078125067854	
7242.1264	0.032000000000152795	RippleTimeIntervals					7242.1320000000005	0.47537563575009467	
7242.5488000000005	0.0455999999994674	RippleTimeIntervals					7242.5616	1.2273769239298509	
7247.2712	0.03120000000035361	RippleTimeIntervals					7247.294400000001	1.1312818685396964	
7247.3312000000005	0.023199999999633292	RippleTimeIntervals					7247.3496000000005	0.4966368630644069	
7247.7752	0.058399999999892316	RippleTimeIntervals					7247.8072	2.161737423670748	
7249.019200000001	0.024800000000141154	RippleTimeIntervals					7249.033600000001	0.42753065866887435	
7249.131200000001	0.0319999999992433	RippleTimeIntervals					7249.1448	1.120600271747304	
7251.2248	0.03120000000035361	RippleTimeIntervals					7251.2336000000005	0.6721339982810375	
7251.667200000001	0.022399999999834108	RippleTimeIntervals					7251.681600000001	0.557782324714297	
7252.036800000001	0.025599999999940337	RippleTimeIntervals					7252.0472	2.949043518074509	
7252.689600000001	0.025599999999940337	RippleTimeIntervals					7252.707200000001	0.9563296133733293	
7254.0128	0.03120000000035361	RippleTimeIntervals					7254.033600000001	0.7794506083888102	
7254.1648000000005	0.028000000000247383	RippleTimeIntervals					7254.1768	1.2493171079226062	
7254.823200000001	0.03839999999945576	RippleTimeIntervals					7254.834400000001	3.9514626193869855	
7254.9496	0.022400000000743603	RippleTimeIntervals					7254.9592	0.8552391963086737	
7256.105600000001	0.06079999999928987	RippleTimeIntervals					7256.1328	3.4553812039645773	
7261.3784000000005	0.04960000000028231	RippleTimeIntervals					7261.396000000001	1.4237999324628674	
7261.5056	0.044799999999668216	RippleTimeIntervals					7261.5104	1.2935623682370199	
7262.1216	0.06080000000019936	RippleTimeIntervals					7262.153600000001	2.1724574639940815	
7262.4448	0.061599999999998545	RippleTimeIntervals					7262.4848	2.370183199412526	
7263.1720000000005	0.037599999999656575	RippleTimeIntervals					7263.1936000000005	1.6002262426953462	
7263.8936	0.04960000000028231	RippleTimeIntervals					7263.9152	3.1045432235464303	
7264.164000000001	0.03679999999985739	RippleTimeIntervals					7264.1736	1.012715614609333	
7264.555200000001	0.04239999999936117	RippleTimeIntervals					7264.5904	2.3456888462982186	
7265.536	0.024800000000141154	RippleTimeIntervals					7265.544000000001	0.42123598734948375	
7266.214400000001	0.023199999999633292	RippleTimeIntervals					7266.2248	1.036494936506739	
7266.5056	0.037599999999656575	RippleTimeIntervals					7266.5288	2.205912615800966	
7266.6344	0.08880000000044674	RippleTimeIntervals					7266.7008000000005	1.6076201768563512	
7267.2056	0.03600000000005821	RippleTimeIntervals					7267.229600000001	4.1465929161165676	
7267.6944	0.023199999999633292	RippleTimeIntervals					7267.700000000001	0.4667359757504412	
7268.9336	0.021600000000034925	RippleTimeIntervals					7268.943200000001	1.0012248741410006	
7270.4096	0.0272000000004482	RippleTimeIntervals					7270.42	0.7412702092278827	
7271.0424	0.03120000000035361	RippleTimeIntervals					7271.048000000001	0.9790632925437612	
7273.52	0.06719999999950232	RippleTimeIntervals					7273.544000000001	1.7639590562454048	
7273.9424	0.023200000000542786	RippleTimeIntervals					7273.9528	1.1357291813118264	
7275.4416	0.03360000000066066	RippleTimeIntervals					7275.453600000001	0.8454852254146268	
7277.3288	0.025599999999940337	RippleTimeIntervals					7277.34	2.1468344354199145	
7277.4800000000005	0.023999999999432475	RippleTimeIntervals					7277.496	1.6518820632437594	
7277.562400000001	0.05599999999958527	RippleTimeIntervals					7277.5968	1.8020300654449888	
7278.599200000001	0.023199999999633292	RippleTimeIntervals					7278.613600000001	0.8570945385536713	
7279.290400000001	0.02159999999912543	RippleTimeIntervals					7279.304	1.286932862646899	
7279.432000000001	0.03679999999985739	RippleTimeIntervals					7279.4416	1.3451943722310453	
7280.9912	0.024800000000141154	RippleTimeIntervals					7280.9992	3.3345846871736367	
7281.1704	0.059200000000600994	RippleTimeIntervals					7281.1944	2.4585081197799004	
7281.26	0.03600000000005821	RippleTimeIntervals					7281.272	1.0582084999680528	
7282.9048	0.05199999999967986	RippleTimeIntervals					7282.928800000001	1.260614835280166	
7283.1904	0.047999999999774445	RippleTimeIntervals					7283.2272	3.4482755801463223	
7283.3496000000005	0.02959999999984575	RippleTimeIntervals					7283.3608	2.0894444721645113	
7283.5744	0.032000000000152795	RippleTimeIntervals					7283.592000000001	2.2286563029951445	
7284.0528	0.024800000000141154	RippleTimeIntervals					7284.069600000001	1.2766053463440006	
7284.573600000001	0.024800000000141154	RippleTimeIntervals					7284.5816	2.417026188943685	
7284.6624	0.03359999999975116	RippleTimeIntervals					7284.68	2.600152747857644	
7284.904	0.05680000000029395	RippleTimeIntervals					7284.9496	2.7299642721182305	
7285.0208	0.05199999999967986	RippleTimeIntervals					7285.0464	5.189913574486877	
7291.972000000001	0.06719999999950232	RippleTimeIntervals					7292.0312	2.0615431413667396	
7292.2128	0.037599999999656575	RippleTimeIntervals					7292.229600000001	0.6748092725714102	
7292.616800000001	0.05040000000008149	RippleTimeIntervals					7292.636	2.4949732862720846	
7292.696800000001	0.034399999999550346	RippleTimeIntervals					7292.712	2.893878489349862	
7293.4744	0.035200000000259024	RippleTimeIntervals					7293.5024	0.8230609158757358	
7297.0816	0.03120000000035361	RippleTimeIntervals					7297.105600000001	0.698579049657049	
7298.924800000001	0.02479999999923166	RippleTimeIntervals					7298.9424	0.519906550532475	
7299.6848	0.08080000000063592	RippleTimeIntervals					7299.7568	1.5605923200185052	
7299.84	0.03440000000045984	RippleTimeIntervals					7299.848800000001	3.508829102296382	
7300.0144	0.042400000000270666	RippleTimeIntervals					7300.0232000000005	1.2844942569139124	
7300.372	0.05519999999978609	RippleTimeIntervals					7300.3856000000005	2.6257599300871304	
7301.628000000001	0.027999999999337888	RippleTimeIntervals					7301.64	0.5576690727817957	
7304.3072	0.0272000000004482	RippleTimeIntervals					7304.3152	1.689459107558291	
7307.979200000001	0.05519999999978609	RippleTimeIntervals					7307.9928	4.502760558553238	
7309.0168	0.028000000000247383	RippleTimeIntervals					7309.026400000001	2.2513110032280217	
7310.0	14.0	SleepStates							WAKEstate
7310.468800000001	0.024800000000141154	RippleTimeIntervals					7310.4816	1.5969259629048964	
7319.1224	0.028000000000247383	RippleTimeIntervals					7319.142400000001	0.5662985434670988	
7319.240000000001	0.04959999999937281	RippleTimeIntervals					7319.2672	2.847896456666832	
7319.388800000001	0.058399999999892316	RippleTimeIntervals					7319.4192	3.544594407231403	
7323.688	0.03600000000005821	RippleTimeIntervals					7323.7128	2.4441623795378513	
7323.820000000001	0.03519999999934953	RippleTimeIntervals					7323.8392	3.033611673708664	
7324.848800000001	0.023999999999432475	RippleTimeIntervals					7324.8648	1.8598949509381848	
7325.0	196.0	SleepStates							NREMstate
7327.0568	0.028000000000247383	RippleTimeIntervals					7327.076800000001	0.6727336590645974	
7330.5832	0.030400000000554428	RippleTimeIntervals					7330.606400000001	1.3363889919411667	
7330.7408000000005	0.02639999999973952	RippleTimeIntervals					7330.7488	0.9144160188947575	
7333.1936000000005	0.025599999999940337	RippleTimeIntervals					7333.212	1.0448233481138989	
7334.515200000001	0.044799999999668216	RippleTimeIntervals					7334.544000000001	0.7134233457135709	
7334.6256	0.05680000000029395	RippleTimeIntervals					7334.644	3.3116148179269085	
7335.171200000001	0.03600000000005821	RippleTimeIntervals					7335.1848	2.3771044514489335	
7337.668000000001	0.022399999999834108	RippleTimeIntervals					7337.684	0.8719639942219404	
7338.1104000000005	0.05519999999978609	RippleTimeIntervals					7338.1368	0.8649931608169058	
7340.2712	0.08800000000064756	RippleTimeIntervals					7340.304	1.4011002073422818	
7340.5168	0.03279999999995198	RippleTimeIntervals					7340.5256	0.6829312897569607	
7341.867200000001	0.06239999999979773	RippleTimeIntervals					7341.8752	1.362942429536196	
7344.029600000001	0.04719999999997526	RippleTimeIntervals					7344.0704000000005	0.8357750655802723	
7344.5656	0.03840000000036525	RippleTimeIntervals					7344.5928	3.4274908894508167	
7344.8296	0.04320000000006985	RippleTimeIntervals					7344.8496000000005	2.378182430328506	
7347.64	0.03440000000045984	RippleTimeIntervals					7347.6592	1.685134211181703	
7354.4264	0.06000000000040018	RippleTimeIntervals					7354.479200000001	1.288237011775838	
7354.6592	0.03679999999985739	RippleTimeIntervals					7354.668000000001	1.7857067749533202	
7355.2504	0.06000000000040018	RippleTimeIntervals					7355.276000000001	2.4712005322804744	
7355.4296	0.0591999999996915	RippleTimeIntervals					7355.448	2.607018265048307	
7356.0904	0.029600000000755244	RippleTimeIntervals					7356.1	1.0248475629526916	
7357.3904	0.03279999999995198	RippleTimeIntervals					7357.4024	1.8725003893846375	
7357.472000000001	0.046399999999266583	RippleTimeIntervals					7357.4912	2.8098837210719	
7359.448	0.03679999999985739	RippleTimeIntervals					7359.453600000001	1.4507673437133952	
7359.997600000001	0.03600000000005821	RippleTimeIntervals					7360.0072	0.706600988496961	
7360.0872	0.028000000000247383	RippleTimeIntervals					7360.1008	2.312095387057031	
7361.052000000001	0.024800000000141154	RippleTimeIntervals					7361.069600000001	0.7657875884329045	
7361.6296	0.021600000000034925	RippleTimeIntervals					7361.6320000000005	0.5677512669146968	
7374.468800000001	0.04159999999956199	RippleTimeIntervals					7374.4744	0.4995952282264682	
7377.3640000000005	0.023199999999633292	RippleTimeIntervals					7377.3696	1.0357369026553924	
7378.2088	0.06959999999980937	RippleTimeIntervals					7378.236800000001	3.306986881626193	
7378.376	0.045600000000376895	RippleTimeIntervals					7378.392000000001	4.579469553538398	
7383.747200000001	0.05999999999949068	RippleTimeIntervals					7383.794400000001	0.5883799882526013	
7383.8296	0.029600000000755244	RippleTimeIntervals					7383.834400000001	0.665430270710685	
7383.9184000000005	0.022399999999834108	RippleTimeIntervals					7383.9328000000005	0.6902952589104989	
7384.497600000001	0.06080000000019936	RippleTimeIntervals					7384.551200000001	1.7161853248037562	
7384.6872	0.04960000000028231	RippleTimeIntervals					7384.712	3.2829769603365078	
7384.9384	0.03120000000035361	RippleTimeIntervals					7384.950400000001	2.1566900209631927	
7385.037600000001	0.022399999999834108	RippleTimeIntervals					7385.052000000001	0.6850502888587378	
7385.135200000001	0.025599999999940337	RippleTimeIntervals					7385.1448	0.6846545360124591	
7386.004	0.021600000000034925	RippleTimeIntervals					7386.0176	0.8260685229177962	
7386.372	0.03999999999996362	RippleTimeIntervals					7386.388	1.0942407849935734	
7386.460800000001	0.09040000000004511	RippleTimeIntervals					7386.5232000000005	3.4964205127924983	
7386.660000000001	0.047999999999774445	RippleTimeIntervals					7386.6832	1.590635881446518	
7387.18	0.06959999999980937	RippleTimeIntervals					7387.2392	2.013092026999202	
7387.3928000000005	0.03920000000016444	RippleTimeIntervals					7387.414400000001	0.7468190961650344	
7387.508000000001	0.12879999999950087	RippleTimeIntervals					7387.522400000001	3.1515084411110146	
7389.530400000001	0.028800000000046566	RippleTimeIntervals					7389.552000000001	0.729783641446452	
7390.026400000001	0.03279999999995198	RippleTimeIntervals					7390.0528	0.41091246495016226	
7397.5176	0.09200000000055297	RippleTimeIntervals					7397.5960000000005	2.1842869807980874	
7399.2024	0.0408000000006723	RippleTimeIntervals					7399.211200000001	0.9232250695307801	
7399.7384	0.03999999999996362	RippleTimeIntervals					7399.7552000000005	5.553172047232736	
7399.8288	0.05199999999967986	RippleTimeIntervals					7399.848800000001	3.111801897760777	
7400.0464	0.051199999999880674	RippleTimeIntervals					7400.0792	1.9437170358280274	
7401.3112	0.035200000000259024	RippleTimeIntervals					7401.3392	0.937170332699369	
7401.4632	0.03760000000056607	RippleTimeIntervals					7401.483200000001	2.5010756289180445	
7402.605600000001	0.03279999999995198	RippleTimeIntervals					7402.612800000001	0.5915894838942312	
7406.3064	0.03999999999996362	RippleTimeIntervals					7406.3312000000005	1.1927812064831358	
7406.928000000001	0.06559999999990396	RippleTimeIntervals					7406.9448	0.6629418861823938	
7407.5896	0.03440000000045984	RippleTimeIntervals					7407.604	4.435835619490505	
7407.7312	0.02400000000034197	RippleTimeIntervals					7407.740000000001	0.7877991565844578	
7415.112800000001	0.06880000000001019	RippleTimeIntervals					7415.136	3.472301194147024	
7415.2376	0.05760000000009313	RippleTimeIntervals					7415.2632	3.899959414679975	
7415.6616	0.03359999999975116	RippleTimeIntervals					7415.675200000001	2.6273626736012705	
7418.7272	0.03679999999985739	RippleTimeIntervals					7418.7408000000005	2.9718796403598247	
7418.8144	0.08079999999972642	RippleTimeIntervals					7418.8312000000005	3.962458058007873	
7419.068	0.03120000000035361	RippleTimeIntervals					7419.0776000000005	0.5254784450474693	
7419.612	0.02959999999984575	RippleTimeIntervals					7419.620000000001	0.5305739796018112	
7420.225600000001	0.0543999999999869	RippleTimeIntervals					7420.272800000001	0.5543094330334298	
7422.874400000001	0.024800000000141154	RippleTimeIntervals					7422.8904	0.8306354443568276	
7423.0432	0.04800000000068394	RippleTimeIntervals					7423.0704000000005	3.5197767724293065	
7426.6192	0.0408000000006723	RippleTimeIntervals					7426.652	0.946875746665103	
7426.8144	0.05519999999978609	RippleTimeIntervals					7426.8576	1.2137134548190989	
7426.956	0.052800000000388536	RippleTimeIntervals					7426.984	2.4608133184275203	
7427.660000000001	0.027999999999337888	RippleTimeIntervals					7427.667200000001	1.1356316129609272	
7430.1792000000005	0.035200000000259024	RippleTimeIntervals					7430.192	1.702338810672495	
7431.18	0.028000000000247383	RippleTimeIntervals					7431.2032	0.7633592662485503	
7431.873600000001	0.022399999999834108	RippleTimeIntervals					7431.8832	0.40373480814564616	
7434.7736	0.03840000000036525	RippleTimeIntervals					7434.7928	0.42172039817965357	
7434.8392	0.068000000000211	RippleTimeIntervals					7434.8984	2.0901976740231594	
7434.960800000001	0.07919999999921856	RippleTimeIntervals					7434.9728000000005	1.8286595674663992	
7435.171200000001	0.030399999999644933	RippleTimeIntervals					7435.188800000001	2.8141314054431206	
7435.2352	0.03279999999995198	RippleTimeIntervals					7435.2464	2.685291259061554	
7435.3616	0.02959999999984575	RippleTimeIntervals					7435.377600000001	1.733762128827871	
7442.468000000001	0.022399999999834108	RippleTimeIntervals					7442.4816	0.8815169812742171	
7442.983200000001	0.02959999999984575	RippleTimeIntervals					7442.9928	0.8370314024427793	
7443.145600000001	0.023199999999633292	RippleTimeIntervals					7443.152	1.2697902037193807	
7443.3504	0.03999999999996362	RippleTimeIntervals					7443.3768	1.2710477281586936	
7444.1408	0.026400000000649015	RippleTimeIntervals					7444.1464000000005	0.970224325752091	
7447.9872000000005	0.04159999999956199	RippleTimeIntervals					7448.0184	0.9536858270746444	
7448.1632	0.052800000000388536	RippleTimeIntervals					7448.182400000001	2.190227768972252	
7448.327200000001	0.040799999999762804	RippleTimeIntervals					7448.337600000001	0.7746320091545296	
7449.1112	0.047999999999774445	RippleTimeIntervals					7449.1288	1.4310084704060524	
7454.3216	0.04480000000057771	RippleTimeIntervals					7454.363200000001	0.4043705979490145	
7461.7264000000005	0.027199999999538704	RippleTimeIntervals					7461.7456	0.4699979056640997	
7462.22	0.02639999999973952	RippleTimeIntervals					7462.2384	0.536792403819567	
7462.4472000000005	0.025599999999940337	RippleTimeIntervals					7462.4616000000005	3.432651812200723	
7462.532	0.042400000000270666	RippleTimeIntervals					7462.555200000001	1.6947126854553547	
7465.9728000000005	0.05599999999958527	RippleTimeIntervals					7466.0168	1.7964206112269985	
7466.138400000001	0.027999999999337888	RippleTimeIntervals					7466.1544	0.9047186436409721	
7468.0784	0.05680000000029395	RippleTimeIntervals					7468.116800000001	1.4522005094493888	
7468.229600000001	0.025599999999940337	RippleTimeIntervals					7468.2480000000005	1.1326983407273026	
7468.9344	0.056000000000494765	RippleTimeIntervals					7468.9488	0.8545710488376738	
7470.280000000001	0.046399999999266583	RippleTimeIntervals					7470.296	0.8598077314177721	
7472.4984	0.028000000000247383	RippleTimeIntervals					7472.5104	1.0218384783068626	
7472.72	0.028800000000046566	RippleTimeIntervals					7472.7312	0.6564873373842154	
7474.3728	0.04480000000057771	RippleTimeIntervals					7474.3976	1.5070401621388214	
7479.696800000001	0.027199999999538704	RippleTimeIntervals					7479.716	1.6313427137862206	
7480.3208	0.032000000000152795	RippleTimeIntervals					7480.34	1.7040334170519604	
7482.867200000001	0.04879999999957363	RippleTimeIntervals					7482.903200000001	3.143738153915031	
7482.9744	0.08320000000003347	RippleTimeIntervals					7483.0416000000005	2.467606586603337	
7483.356000000001	0.03839999999945576	RippleTimeIntervals					7483.366400000001	6.518707273694777	
7483.9872000000005	0.03999999999996362	RippleTimeIntervals					7484.02	0.6664836351094895	
7484.104	0.03120000000035361	RippleTimeIntervals					7484.124000000001	2.541598377783852	
7484.917600000001	0.02959999999984575	RippleTimeIntervals					7484.9256000000005	1.453410248617536	
7485.055200000001	0.10959999999977299	RippleTimeIntervals					7485.0776000000005	1.3637923078177343	
7485.304800000001	0.046399999999266583	RippleTimeIntervals					7485.3208	4.653677260520404	
7487.1416	0.026400000000649015	RippleTimeIntervals					7487.160800000001	0.8997800192821951	
7487.808800000001	0.05199999999967986	RippleTimeIntervals					7487.852800000001	1.1583830605148895	
7492.797600000001	0.06319999999959691	RippleTimeIntervals					7492.836	3.6596812473319305	
7493.1016	0.048800000000483124	RippleTimeIntervals					7493.1288	4.438057703013242	
7493.368	0.03359999999975116	RippleTimeIntervals					7493.384800000001	4.014488472955989	
7500.3224	0.035200000000259024	RippleTimeIntervals					7500.348800000001	0.7287511919553534	
7504.228800000001	0.09919999999965512	RippleTimeIntervals					7504.2488	2.130590663592481	
7505.072	0.03120000000035361	RippleTimeIntervals					7505.095200000001	0.9932817806726352	
7505.5288	0.032000000000152795	RippleTimeIntervals					7505.5568	0.8755357840366358	
7505.616800000001	0.046399999999266583	RippleTimeIntervals					7505.6544	4.804169306105056	
7507.3784000000005	0.024800000000141154	RippleTimeIntervals					7507.3832	0.4515538819797392	
7507.9944000000005	0.028000000000247383	RippleTimeIntervals					7508.0112	0.8161377724992279	
7508.565600000001	0.03519999999934953	RippleTimeIntervals					7508.5936	1.0176080473851625	
7508.6656	0.02080000000023574	RippleTimeIntervals					7508.6792000000005	1.2581775602489158	
7508.7104	0.0408000000006723	RippleTimeIntervals					7508.743200000001	1.8044280387249754	
7510.888	0.04960000000028231	RippleTimeIntervals					7510.910400000001	3.0051191205916203	
7511.3696	0.023200000000542786	RippleTimeIntervals					7511.3808	0.8940804065671395	
7522.0	17.0	SleepStates							WAKEstate
7535.212	0.042400000000270666	RippleTimeIntervals					7535.2168	1.4358846314764622	
7535.4368	0.03279999999995198	RippleTimeIntervals					7535.4416	1.0649998434330668	
7538.6432	0.044799999999668216	RippleTimeIntervals					7538.68	3.447647667677419	
7540.0	98.0	SleepStates							NREMstate
7541.6592	0.03760000000056607	RippleTimeIntervals					7541.667200000001	0.5872762026146824	
7543.7696000000005	0.03279999999995198	RippleTimeIntervals					7543.7864	0.5576349329397772	
7543.9224	0.04320000000006985	RippleTimeIntervals					7543.9384	1.6114644756597287	
7544.761600000001	0.04399999999986903	RippleTimeIntervals					7544.7744	0.9147118657612083	
7545.768800000001	0.04159999999956199	RippleTimeIntervals					7545.796	2.763118853731115	
7546.7536	0.029600000000755244	RippleTimeIntervals					7546.7624000000005	0.5854457611511834	
7551.8392	0.07039999999960855	RippleTimeIntervals					7551.8688	1.7044903347324827	
7552.0168	0.068000000000211	RippleTimeIntervals					7552.066400000001	1.094840742056492	
7553.1184	0.022399999999834108	RippleTimeIntervals					7553.128000000001	0.8346144572204339	
7556.768	0.07600000000002183	RippleTimeIntervals					7556.787200000001	3.143003189226458	
7558.9184000000005	0.0543999999999869	RippleTimeIntervals					7558.936000000001	0.5819778550961741	
7559.0688	0.03360000000066066	RippleTimeIntervals					7559.073600000001	0.9816262714732046	
7559.7376	0.03120000000035361	RippleTimeIntervals					7559.750400000001	0.4676237252055661	
7562.805600000001	0.09760000000005675	RippleTimeIntervals					7562.828	1.352634624284216	
7565.489600000001	0.06319999999959691	RippleTimeIntervals					7565.5456	0.6541004882098785	
7566.408	0.023199999999633292	RippleTimeIntervals					7566.4184000000005	1.3491004492959762	
7567.8184	0.035200000000259024	RippleTimeIntervals					7567.841600000001	1.9356243914099862	
7567.953600000001	0.044799999999668216	RippleTimeIntervals					7567.9584	0.532661227639897	
7571.9368	0.030399999999644933	RippleTimeIntervals					7571.9496	1.0944640514848252	
7572.472000000001	0.030399999999644933	RippleTimeIntervals					7572.4944000000005	1.192631720927365	
7574.1976	0.03120000000035361	RippleTimeIntervals					7574.2208	2.6540363976071824	
7574.400000000001	0.028800000000046566	RippleTimeIntervals					7574.4096	0.6315328822108186	
7574.5	0.025599999999940337	RippleTimeIntervals					7574.512000000001	0.931846498734581	
7575.298400000001	0.028800000000046566	RippleTimeIntervals					7575.316000000001	2.518861707924137	
7575.4008	0.09199999999964348	RippleTimeIntervals					7575.428800000001	3.1763304959660688	
7577.4808	0.022399999999834108	RippleTimeIntervals					7577.489600000001	0.42360090559494956	
7578.1576000000005	0.021600000000034925	RippleTimeIntervals					7578.1632	1.2303143864148898	
7578.76	0.04960000000028231	RippleTimeIntervals					7578.7856	2.9275634953759297	
7580.8192	0.025600000000849832	RippleTimeIntervals					7580.8216	0.44896707691665305	
7581.036	0.045600000000376895	RippleTimeIntervals					7581.0568	3.3329338209326926	
7581.1664	0.04640000000017608	RippleTimeIntervals					7581.1936000000005	2.73972396377869	
7585.5728	0.0272000000004482	RippleTimeIntervals					7585.5864	1.3720736990634401	
7587.008000000001	0.02479999999923166	RippleTimeIntervals					7587.0144	1.0497984164881455	
7588.1848	0.020000000000436557	RippleTimeIntervals					7588.196800000001	1.0444711741700259	
7588.2808	0.025599999999940337	RippleTimeIntervals					7588.290400000001	1.752840422804613	
7588.3944	0.03120000000035361	RippleTimeIntervals					7588.403200000001	4.004524575702078	
7588.5632000000005	0.028000000000247383	RippleTimeIntervals					7588.5872	0.43506682191349405	
7588.724	0.08800000000064756	RippleTimeIntervals					7588.7928	3.9416357627511593	
7590.5416000000005	0.028800000000046566	RippleTimeIntervals					7590.5504	0.6488716257281947	
7590.612	0.03760000000056607	RippleTimeIntervals					7590.6344	2.3980177359639567	
7591.446400000001	0.05519999999978609	RippleTimeIntervals					7591.4856	2.784903675567289	
7591.996800000001	0.023199999999633292	RippleTimeIntervals					7592.0168	0.764687627799414	
7593.783200000001	0.02479999999923166	RippleTimeIntervals					7593.792	1.9327716075344927	
7594.344	0.02400000000034197	RippleTimeIntervals					7594.3576	3.164982857138996	
7596.036	0.020000000000436557	RippleTimeIntervals					7596.040800000001	0.5050736927771753	
7596.984	0.02400000000034197	RippleTimeIntervals					7596.993600000001	1.0126910779654037	
7599.715200000001	0.06319999999959691	RippleTimeIntervals					7599.7712	0.9270250863401926	
7600.2168	0.07920000000012806	RippleTimeIntervals					7600.2488	1.0819671988604391	
7602.3696	0.023200000000542786	RippleTimeIntervals					7602.374400000001	0.5447858731107189	
7602.564	0.09519999999974971	RippleTimeIntervals					7602.6248000000005	2.3797449766821255	
7603.236000000001	0.040799999999762804	RippleTimeIntervals					7603.264	1.3544802332290127	
7606.486400000001	0.0591999999996915	RippleTimeIntervals					7606.5112	2.730781866034602	
7610.439200000001	0.02959999999984575	RippleTimeIntervals					7610.4472000000005	0.6526157549906748	
7610.536	0.10320000000047003	RippleTimeIntervals					7610.620000000001	4.513613147764852	
7610.7176	0.068000000000211	RippleTimeIntervals					7610.761600000001	2.7474269212327855	
7610.8872	0.06239999999979773	RippleTimeIntervals					7610.9264	3.070881858560542	
7611.2792	0.06240000000070722	RippleTimeIntervals					7611.3024000000005	3.8360886554580573	
7611.403200000001	0.04879999999957363	RippleTimeIntervals					7611.428800000001	6.313117550218564	
7611.8512	0.026400000000649015	RippleTimeIntervals					7611.860000000001	1.634652707043631	
7613.5416000000005	0.06719999999950232	RippleTimeIntervals					7613.5672	0.4936950597457278	
7613.7408000000005	0.04399999999986903	RippleTimeIntervals					7613.750400000001	1.9319709284671531	
7613.8928000000005	0.035200000000259024	RippleTimeIntervals					7613.920800000001	1.604704361883334	
7614.8072	0.068000000000211	RippleTimeIntervals					7614.848800000001	2.4239267081944473	
7615.732800000001	0.058399999999892316	RippleTimeIntervals					7615.783200000001	1.545280234783905	
7619.8536	0.028800000000046566	RippleTimeIntervals					7619.8576	0.5416043617458993	
7621.1728	0.03840000000036525	RippleTimeIntervals					7621.1912	2.528144740223635	
7624.72	0.03999999999996362	RippleTimeIntervals					7624.725600000001	2.0585522429527487	
7634.066400000001	0.02959999999984575	RippleTimeIntervals					7634.0792	1.285062073708749	
7636.1952	0.03120000000035361	RippleTimeIntervals					7636.207200000001	1.3447450330426394	
7636.3616	0.04160000000047148	RippleTimeIntervals					7636.367200000001	2.2746871508277358	
7636.4776	0.03359999999975116	RippleTimeIntervals					7636.486400000001	1.8559177333668013	
7638.6616	0.032000000000152795	RippleTimeIntervals					7638.6808	1.4448565715756891	
7639.0	89.0	SleepStates							REMstate
7645.612	0.024800000000141154	RippleTimeIntervals					7645.6256	0.5812363444864875	
7646.2672	0.025599999999940337	RippleTimeIntervals					7646.2856	0.4741500028684488	
7646.4328000000005	0.05599999999958527	RippleTimeIntervals					7646.4488	1.3914338606848136	
7651.9232	0.03840000000036525	RippleTimeIntervals					7651.950400000001	0.479442136367329	
7652.7536	0.05840000000080181	RippleTimeIntervals					7652.784000000001	1.5549105665188945	
7678.6648000000005	0.021600000000034925	RippleTimeIntervals					7678.675200000001	0.414994008667498	
7687.9016	0.03999999999996362	RippleTimeIntervals					7687.9112000000005	0.7335527612105129	
7704.6728	0.030399999999644933	RippleTimeIntervals					7704.684	0.8229003877544252	
7716.7888	0.023200000000542786	RippleTimeIntervals					7716.797600000001	0.7232777379295143	
7719.127200000001	0.0319999999992433	RippleTimeIntervals					7719.1504	1.0058826135475005	
7729.0	11.0	SleepStates							WAKEstate
7731.370400000001	0.09599999999954889	RippleTimeIntervals					7731.3856000000005	2.4930750699717845	
7735.0088000000005	0.028800000000046566	RippleTimeIntervals					7735.029600000001	1.576192019857511	
7735.2608	0.056000000000494765	RippleTimeIntervals					7735.305600000001	1.2433615970271648	
7737.6008	0.023200000000542786	RippleTimeIntervals					7737.616800000001	0.822005710888357	
7741.0	23.0	SleepStates							REMstate
7763.6288	0.06480000000010477	RippleTimeIntervals					7763.6624	1.193604354194561	
7764.2552000000005	0.0455999999994674	RippleTimeIntervals					7764.257600000001	0.4686128359152841	
7764.631200000001	0.05519999999978609	RippleTimeIntervals					7764.652800000001	0.5065472178837318	
7765.0	23.0	SleepStates							WAKEstate
7766.832	0.06559999999990396	RippleTimeIntervals					7766.870400000001	0.6639062884548811	
7771.559200000001	0.03279999999995198	RippleTimeIntervals					7771.580800000001	0.6186065164038931	
7778.3296	0.025599999999940337	RippleTimeIntervals					7778.334400000001	0.6744855260247261	
7789.0	97.0	SleepStates							NREMstate
7789.5472	0.06080000000019936	RippleTimeIntervals					7789.5560000000005	2.672611594609491	
7790.399200000001	0.03519999999934953	RippleTimeIntervals					7790.4264	1.1684427998423819	
7792.732800000001	0.03279999999995198	RippleTimeIntervals					7792.758400000001	0.44184361638914355	
7794.7488	0.12079999999969004	RippleTimeIntervals					7794.765600000001	1.4172368102332704	
7795.058400000001	0.04959999999937281	RippleTimeIntervals					7795.0784	3.1527284641349245	
7795.3064	0.02639999999973952	RippleTimeIntervals					7795.3208	0.6278345519747859	
7796.2936	0.04320000000006985	RippleTimeIntervals					7796.3112	4.325541533344727	
7796.784000000001	0.0455999999994674	RippleTimeIntervals					7796.8136	2.467154926067283	
7796.873600000001	0.047999999999774445	RippleTimeIntervals					7796.9056	1.5251392510547226	
7799.9728000000005	0.022399999999834108	RippleTimeIntervals					7799.986400000001	1.0562467677633331	
7801.236000000001	0.023199999999633292	RippleTimeIntervals					7801.2464	2.3268510491532504	
7809.4616000000005	0.022399999999834108	RippleTimeIntervals					7809.4712	0.43762236084968664	
7809.692800000001	0.023199999999633292	RippleTimeIntervals					7809.7032	1.5633739497883834	
7809.852800000001	0.032000000000152795	RippleTimeIntervals					7809.877600000001	0.8160214629996422	
7810.479200000001	0.051199999999880674	RippleTimeIntervals					7810.5144	0.5463605394648581	
7811.5432	0.029600000000755244	RippleTimeIntervals					7811.5560000000005	1.8308732698482428	
7813.0544	0.03440000000045984	RippleTimeIntervals					7813.0848000000005	0.5081433030395942	
7820.551200000001	0.04239999999936117	RippleTimeIntervals					7820.5848000000005	0.6090457174058473	
7820.7176	0.040000000000873115	RippleTimeIntervals					7820.7488	1.5962571730652741	
7821.490400000001	0.03600000000005821	RippleTimeIntervals					7821.5056	0.44779201344729574	
7822.152	0.02080000000023574	RippleTimeIntervals					7822.1688	0.6024235525786998	
7822.2488	0.03279999999995198	RippleTimeIntervals					7822.26	1.8838212473753149	
7822.6944	0.032000000000152795	RippleTimeIntervals					7822.716	0.7854627810010166	
7823.1392000000005	0.027199999999538704	RippleTimeIntervals					7823.153600000001	1.9038396988905777	
7823.3696	0.04800000000068394	RippleTimeIntervals					7823.406400000001	0.5998274647500096	
7824.8656	0.021600000000034925	RippleTimeIntervals					7824.8784000000005	0.6370283161988924	
7825.4184000000005	0.042400000000270666	RippleTimeIntervals					7825.424	1.4288203770222432	
7825.7792	0.0272000000004482	RippleTimeIntervals					7825.7992	0.45598227643138467	
7831.4232	0.021600000000034925	RippleTimeIntervals					7831.4376	0.6667778003323405	
7831.5384	0.044799999999668216	RippleTimeIntervals					7831.566400000001	1.3916659648167193	
7832.0864	0.026400000000649015	RippleTimeIntervals					7832.105600000001	0.509983082766351	
7833.0528	0.06639999999970314	RippleTimeIntervals					7833.095200000001	1.0248394402653722	
7836.4232	0.025599999999940337	RippleTimeIntervals					7836.4304	1.3424731947509803	
7837.725600000001	0.07600000000002183	RippleTimeIntervals					7837.780000000001	5.199863449163034	
7837.8624	0.09200000000055297	RippleTimeIntervals					7837.9408	2.2575594890674253	
7838.0064	0.06959999999980937	RippleTimeIntervals					7838.036800000001	2.558325066298153	
7838.486400000001	0.02639999999973952	RippleTimeIntervals					7838.508000000001	1.3131085145105215	
7838.5816	0.061599999999998545	RippleTimeIntervals					7838.6296	2.779560489824503	
7839.312000000001	0.02959999999984575	RippleTimeIntervals					7839.3216	0.8769846603265025	
7840.040800000001	0.024800000000141154	RippleTimeIntervals					7840.0608	0.5073857152213609	
7841.432000000001	0.03679999999985739	RippleTimeIntervals					7841.450400000001	1.05929679702555	
7841.653600000001	0.023199999999633292	RippleTimeIntervals					7841.6688	0.49235848400559273	
7843.0976	0.04800000000068394	RippleTimeIntervals					7843.112	1.1683584029652183	
7843.732	0.028800000000046566	RippleTimeIntervals					7843.754400000001	0.47686018109923495	
7844.912	0.021600000000034925	RippleTimeIntervals					7844.917600000001	0.8072502047931035	
7845.280000000001	0.030399999999644933	RippleTimeIntervals					7845.3024000000005	1.212919708634475	
7845.479200000001	0.02639999999973952	RippleTimeIntervals					7845.496800000001	1.2731949690236664	
7845.608	0.05200000000058935	RippleTimeIntervals					7845.616800000001	1.2782941919396482	
7845.7192000000005	0.024800000000141154	RippleTimeIntervals					7845.7312	0.5757336003304178	
7847.7008000000005	0.021600000000034925	RippleTimeIntervals					7847.7064	0.6022096116414277	
7848.127200000001	0.025599999999940337	RippleTimeIntervals					7848.14	0.5097066358688407	
7848.8224	0.028800000000046566	RippleTimeIntervals					7848.844800000001	0.4981048941007094	
7849.131200000001	0.05519999999978609	RippleTimeIntervals					7849.1432	1.1694929045515479	
7849.848800000001	0.0864000000001397	RippleTimeIntervals					7849.924800000001	2.774328833808812	
7850.5136	0.042400000000270666	RippleTimeIntervals					7850.5384	3.4645513205306	
7851.069600000001	0.05999999999949068	RippleTimeIntervals					7851.1	0.7336576976725148	
7851.3568000000005	0.023199999999633292	RippleTimeIntervals					7851.3728	0.8939787785854604	
7851.8536	0.02639999999973952	RippleTimeIntervals					7851.8640000000005	1.1039759769991222	
7852.34	0.02400000000034197	RippleTimeIntervals					7852.3568000000005	0.8124824382505592	
7853.036	0.03440000000045984	RippleTimeIntervals					7853.069600000001	0.5291780790652804	
7854.2032	0.022400000000743603	RippleTimeIntervals					7854.2176	2.1766916053829464	
7854.9152	0.025599999999940337	RippleTimeIntervals					7854.920800000001	1.1504751586990156	
7855.0904	0.06080000000019936	RippleTimeIntervals					7855.113600000001	1.3825542017214625	
7858.3112	0.03279999999995198	RippleTimeIntervals					7858.337600000001	1.3233480916150582	
7858.6720000000005	0.02959999999984575	RippleTimeIntervals					7858.6976	0.5419199091753575	
7858.8952	0.022400000000743603	RippleTimeIntervals					7858.910400000001	0.6136394276727593	
7861.200000000001	0.027999999999337888	RippleTimeIntervals					7861.215200000001	1.3973716662937536	
7861.3328	0.020000000000436557	RippleTimeIntervals					7861.344800000001	1.590994556334998	
7861.917600000001	0.0591999999996915	RippleTimeIntervals					7861.950400000001	2.2064517394586134	
7862.064	0.03440000000045984	RippleTimeIntervals					7862.0864	1.157989344710536	
7862.3624	0.03279999999995198	RippleTimeIntervals					7862.3792	2.641725219975541	
7866.9336	0.028000000000247383	RippleTimeIntervals					7866.9568	0.7113169154002261	
7870.6376	0.030400000000554428	RippleTimeIntervals					7870.6464000000005	3.721728853018304	
7874.439200000001	0.044799999999668216	RippleTimeIntervals					7874.4592	2.083048730560765	
7874.6104000000005	0.042400000000270666	RippleTimeIntervals					7874.6288	3.494432070204501	
7874.7448	0.02959999999984575	RippleTimeIntervals					7874.76	2.2070603455444493	
7875.0232000000005	0.03839999999945576	RippleTimeIntervals					7875.0488000000005	0.6691118336574026	
7875.1904	0.03840000000036525	RippleTimeIntervals					7875.2128	4.225808640694304	
7875.3784000000005	0.06880000000001019	RippleTimeIntervals					7875.3912	0.4652795429197258	
7876.268800000001	0.03600000000005821	RippleTimeIntervals					7876.2880000000005	0.9338429625948456	
7878.1704	0.025600000000849832	RippleTimeIntervals					7878.182400000001	0.913350586822495	
7878.756	0.023199999999633292	RippleTimeIntervals					7878.7712	0.9830998067026205	
7879.204000000001	0.051199999999880674	RippleTimeIntervals					7879.2264000000005	1.4043190246497064	
7879.612800000001	0.03359999999975116	RippleTimeIntervals					7879.6304	3.17467724598567	
7880.7712	0.022399999999834108	RippleTimeIntervals					7880.783200000001	0.6534070577973909	
7881.3144	0.03279999999995198	RippleTimeIntervals					7881.320000000001	0.7602248325546948	
7883.128000000001	0.07200000000011642	RippleTimeIntervals					7883.160800000001	0.9480768333808431	
7883.9568	0.05680000000029395	RippleTimeIntervals					7883.9848	4.842989999020836	
7884.0848000000005	0.04159999999956199	RippleTimeIntervals					7884.0928	0.7290228806585802	
7884.3552	0.03600000000005821	RippleTimeIntervals					7884.3640000000005	2.6842260634292563	
7885.572800000001	0.020799999999326246	RippleTimeIntervals					7885.5848000000005	0.5568145017965362	
7885.6976	0.04879999999957363	RippleTimeIntervals					7885.722400000001	1.0644674282270727	
7887.0	27.0	SleepStates							WAKEstate
7904.765600000001	0.04239999999936117	RippleTimeIntervals					7904.787200000001	1.5696240631306262	
7906.9624	0.052800000000388536	RippleTimeIntervals					7906.9952	4.6323802569740895	
7907.72	0.0591999999996915	RippleTimeIntervals					7907.772	1.3939527644902632	
7911.2208	0.032000000000152795	RippleTimeIntervals					7911.225600000001	0.50477610840244	
7913.1304	0.07200000000011642	RippleTimeIntervals					7913.1944	1.5702460434541436	
7913.2272	0.06400000000030559	RippleTimeIntervals					7913.254400000001	3.010397098541696	
7913.6336	0.048800000000483124	RippleTimeIntervals					7913.6592	1.825685318669116	
7914.0064	0.04960000000028231	RippleTimeIntervals					7914.0456	2.552898744650441	
7915.0	450.0	SleepStates							NREMstate
7915.4624	0.04160000000047148	RippleTimeIntervals					7915.4952	2.145934056123875	
7915.8824	0.03600000000005821	RippleTimeIntervals					7915.896000000001	0.569774756452922	
7917.900000000001	0.06880000000001019	RippleTimeIntervals					7917.956	3.5277382289051893	
7918.776800000001	0.06559999999990396	RippleTimeIntervals					7918.823200000001	4.2548766108314	
7920.873600000001	0.04239999999936117	RippleTimeIntervals					7920.8984	1.5718728834363522	
7922.6832	0.028800000000046566	RippleTimeIntervals					7922.688	0.6001997489224554	
7922.8008	0.08800000000064756	RippleTimeIntervals					7922.837600000001	0.5172404539591758	
7924.148	0.024800000000141154	RippleTimeIntervals					7924.1592	1.8157388410805944	
7924.200000000001	0.06239999999979773	RippleTimeIntervals					7924.229600000001	0.806223126934582	
7926.9800000000005	0.0455999999994674	RippleTimeIntervals					7926.9848	0.9377400283962741	
7927.4656	0.02400000000034197	RippleTimeIntervals					7927.4704	0.49255384719417417	
7931.232800000001	0.03839999999945576	RippleTimeIntervals					7931.2424	0.9124221738177887	
7931.3096000000005	0.05760000000009313	RippleTimeIntervals					7931.345600000001	3.45906545611076	
7931.5	0.056000000000494765	RippleTimeIntervals					7931.5216	1.799803321417142	
7931.984	0.037599999999656575	RippleTimeIntervals					7932.0136	0.4172471234029807	
7932.200000000001	0.027999999999337888	RippleTimeIntervals					7932.218400000001	1.6777456494836482	
7936.008000000001	0.025599999999940337	RippleTimeIntervals					7936.022400000001	2.371172161158415	
7936.3	0.07120000000031723	RippleTimeIntervals					7936.3248	2.0056763084047295	
7936.4232	0.048800000000483124	RippleTimeIntervals					7936.452	2.608409436398182	
7936.5016000000005	0.024800000000141154	RippleTimeIntervals					7936.5128	2.9619424929617284	
7937.0424	0.04160000000047148	RippleTimeIntervals					7937.0648	1.2510843930506401	
7937.7952000000005	0.12159999999948923	RippleTimeIntervals					7937.8624	2.395389008604673	
7943.6848	0.025599999999940337	RippleTimeIntervals					7943.6944	1.5080515590102923	
7946.8504	0.035200000000259024	RippleTimeIntervals					7946.8688	0.6033507381350816	
7947.396000000001	0.0455999999994674	RippleTimeIntervals					7947.4048	1.2146637815655148	
7947.928800000001	0.022399999999834108	RippleTimeIntervals					7947.9344	0.7222496097524121	
7948.3432	0.0591999999996915	RippleTimeIntervals					7948.384800000001	0.9792631187051691	
7948.952	0.06480000000010477	RippleTimeIntervals					7948.986400000001	1.4374008695998872	
7949.176	0.058399999999892316	RippleTimeIntervals					7949.188800000001	1.583763310398149	
7949.996	0.04480000000057771	RippleTimeIntervals					7950.030400000001	0.7307157636337253	
7950.7992	0.02959999999984575	RippleTimeIntervals					7950.8208	0.9993992587141113	
7952.225600000001	0.06559999999990396	RippleTimeIntervals					7952.2384	2.158768767243717	
7952.716	0.035200000000259024	RippleTimeIntervals					7952.724	1.1668738302885233	
7952.7776	0.04960000000028231	RippleTimeIntervals					7952.808	4.037866856618539	
7952.9992	0.06400000000030559	RippleTimeIntervals					7953.030400000001	3.014944198335541	
7953.156	0.0408000000006723	RippleTimeIntervals					7953.1736	1.7757359889426887	
7953.983200000001	0.023999999999432475	RippleTimeIntervals					7953.996	0.7534375760646378	
7954.884	0.030400000000554428	RippleTimeIntervals					7954.904	0.4564145564343318	
7957.028	0.03440000000045984	RippleTimeIntervals					7957.0472	1.6710913896773265	
7957.1664	0.06000000000040018	RippleTimeIntervals					7957.1792000000005	1.71116892841418	
7959.1336	0.045600000000376895	RippleTimeIntervals					7959.167200000001	0.5302846917686524	
7959.200000000001	0.022399999999834108	RippleTimeIntervals					7959.212	1.2368881052182876	
7959.268	0.03600000000005821	RippleTimeIntervals					7959.2808	1.7523721530569967	
7959.3496000000005	0.06959999999980937	RippleTimeIntervals					7959.360000000001	2.1812141894708708	
7962.7736	0.03600000000005821	RippleTimeIntervals					7962.7936	0.7350725990654914	
7963.316000000001	0.02479999999923166	RippleTimeIntervals					7963.3336	0.5672220880569981	
7963.544000000001	0.027999999999337888	RippleTimeIntervals					7963.5488000000005	0.4337752179917677	
7969.8712000000005	0.021600000000034925	RippleTimeIntervals					7969.876	0.7293895134731452	
7969.9736	0.06000000000040018	RippleTimeIntervals					7970.0168	1.9078420071268818	
7979.924	0.03600000000005821	RippleTimeIntervals					7979.946400000001	1.5843381642532848	
7980.051200000001	0.05519999999978609	RippleTimeIntervals					7980.0960000000005	3.990528234597142	
7982.551200000001	0.023999999999432475	RippleTimeIntervals					7982.5648	1.7452377642955945	
7985.9784	0.048800000000483124	RippleTimeIntervals					7985.9872000000005	2.2794417809543717	
7989.116	0.03279999999995198	RippleTimeIntervals					7989.131200000001	1.1045726985508837	
7989.2816	0.02639999999973952	RippleTimeIntervals					7989.3	1.5718111641598753	
7990.2168	0.051199999999880674	RippleTimeIntervals					7990.2304	0.5862085976228842	
7990.3936	0.020000000000436557	RippleTimeIntervals					7990.3984	0.6182509532051553	
7990.8472	0.02080000000023574	RippleTimeIntervals					7990.856000000001	2.429688871398287	
7990.989600000001	0.061599999999998545	RippleTimeIntervals					7991.0088000000005	1.846891967822616	
7992.0960000000005	0.03679999999985739	RippleTimeIntervals					7992.1008	0.8991802445133709	
7992.456	0.021600000000034925	RippleTimeIntervals					7992.4616000000005	0.8034825779641004	
7992.5864	0.045600000000376895	RippleTimeIntervals					7992.606400000001	2.43104937280443	
7992.7048	0.022399999999834108	RippleTimeIntervals					7992.72	0.4130536866830904	
7992.7736	0.030399999999644933	RippleTimeIntervals					7992.7968	2.6793838182792777	
7994.240000000001	0.06239999999979773	RippleTimeIntervals					7994.2808	3.3541119338358447	
7997.3328	0.03920000000016444	RippleTimeIntervals					7997.3536	2.5848119706588557	
8002.5072	0.03840000000036525	RippleTimeIntervals					8002.537600000001	1.2315555326399066	
8002.8216	0.035200000000259024	RippleTimeIntervals					8002.8472	0.8446872553432396	
8002.9112000000005	0.03920000000016444	RippleTimeIntervals					8002.9416	1.2820430902984112	
8003.0032	0.03600000000005821	RippleTimeIntervals					8003.018400000001	5.278061163095691	
8003.6328	0.023199999999633292	RippleTimeIntervals					8003.6472	0.6528525599233116	
8004.148	0.022399999999834108	RippleTimeIntervals					8004.1576000000005	0.6176667037974629	
8004.7624000000005	0.07439999999951397	RippleTimeIntervals					8004.8064	1.5806965882510586	
8008.0560000000005	0.03279999999995198	RippleTimeIntervals					8008.0816	0.5887074966202388	
8008.5216	0.02400000000034197	RippleTimeIntervals					8008.530400000001	0.49305997981176325	
8010.055200000001	0.04959999999937281	RippleTimeIntervals					8010.0856	1.6913116723280157	
8010.142400000001	0.05360000000018772	RippleTimeIntervals					8010.1768	1.7543349346588355	
8010.718400000001	0.034399999999550346	RippleTimeIntervals					8010.7264000000005	3.4450999051471647	
8011.359200000001	0.037599999999656575	RippleTimeIntervals					8011.372	0.9027167260112369	
8012.1088	0.11440000000038708	RippleTimeIntervals					8012.134400000001	2.547221643103836	
8012.261600000001	0.03359999999975116	RippleTimeIntervals					8012.2696000000005	1.7026770753220646	
8015.5344000000005	0.025599999999940337	RippleTimeIntervals					8015.54	0.4259307151773493	
8017.1072	0.02080000000023574	RippleTimeIntervals					8017.120800000001	1.0564374270774866	
8017.7096	0.030400000000554428	RippleTimeIntervals					8017.7312	0.528804950150196	
8018.185600000001	0.020799999999326246	RippleTimeIntervals					8018.1952	0.5531743528029227	
8020.6216	0.1135999999996784	RippleTimeIntervals					8020.6552	1.7546017084595678	
8023.8472	0.058399999999892316	RippleTimeIntervals					8023.8936	4.167032036756455	
8023.982400000001	0.03600000000005821	RippleTimeIntervals					8024.0064	0.6255599020053516	
8027.6432	0.045600000000376895	RippleTimeIntervals					8027.6512	1.1130358163198157	
8027.988	0.052800000000388536	RippleTimeIntervals					8028.030400000001	3.043989761316048	
8029.562400000001	0.047999999999774445	RippleTimeIntervals					8029.5864	0.46316846410177503	
8031.4784	0.028800000000046566	RippleTimeIntervals					8031.492	0.8838344079155979	
8032.272	0.04640000000017608	RippleTimeIntervals					8032.294400000001	1.2010147900390222	
8034.316000000001	0.07200000000011642	RippleTimeIntervals					8034.3640000000005	6.8478338620424335	
8034.5168	0.03120000000035361	RippleTimeIntervals					8034.5256	0.8680298209513886	
8034.580800000001	0.061599999999998545	RippleTimeIntervals					8034.6112	3.0468398714663096	
8035.2312	0.06239999999979773	RippleTimeIntervals					8035.2552000000005	1.021789841477898	
8035.5232000000005	0.028800000000046566	RippleTimeIntervals					8035.5424	1.9519394049509307	
8035.9808	0.030400000000554428	RippleTimeIntervals					8036.004000000001	0.49334921841461793	
8036.294400000001	0.02639999999973952	RippleTimeIntervals					8036.3	0.8070032722256619	
8036.3944	0.030400000000554428	RippleTimeIntervals					8036.4168	0.48523235770820405	
8037.073600000001	0.04159999999956199	RippleTimeIntervals					8037.1072	2.6329734934190636	
8037.2088	0.03999999999996362	RippleTimeIntervals					8037.228	4.649625116441717	
8037.924	0.07040000000051805	RippleTimeIntervals					8037.9728000000005	3.6189041205801393	
8046.508000000001	0.020799999999326246	RippleTimeIntervals					8046.524	0.4220519752034706	
8046.576800000001	0.034399999999550346	RippleTimeIntervals					8046.5960000000005	3.4955222462985462	
8046.652	0.08240000000023429	RippleTimeIntervals					8046.718400000001	3.105835045376118	
8046.8248	0.03120000000035361	RippleTimeIntervals					8046.8352	4.4098964390867605	
8047.4528	0.0632000000005064	RippleTimeIntervals					8047.4800000000005	3.3539267685368306	
8047.5744	0.09680000000025757	RippleTimeIntervals					8047.641600000001	3.7671996922996045	
8047.8152	0.045600000000376895	RippleTimeIntervals					8047.828	1.9752299935560056	
8048.5752	0.03600000000005821	RippleTimeIntervals					8048.5960000000005	3.0891348811504495	
8048.6976	0.045600000000376895	RippleTimeIntervals					8048.715200000001	2.8188528704265	
8050.740000000001	0.027999999999337888	RippleTimeIntervals					8050.7608	1.6043833234317573	
8050.837600000001	0.031199999999444117	RippleTimeIntervals					8050.8464	4.131800359547273	
8050.9552	0.04320000000006985	RippleTimeIntervals					8050.979200000001	4.165938990883449	
8051.7704	0.020000000000436557	RippleTimeIntervals					8051.7792	1.055821269025902	
8056.0792	0.03279999999995198	RippleTimeIntervals					8056.088000000001	2.1200176046973565	
8056.1808	0.03840000000036525	RippleTimeIntervals					8056.2056	5.564505445034851	
8056.336	0.03359999999975116	RippleTimeIntervals					8056.3648	0.4200005804421178	
8060.443200000001	0.020799999999326246	RippleTimeIntervals					8060.456800000001	1.409072587356364	
8060.5496	0.02639999999973952	RippleTimeIntervals					8060.5536	0.44365059362935894	
8061.844	0.03840000000036525	RippleTimeIntervals					8061.8640000000005	1.7762019470714328	
8064.7088	0.02959999999984575	RippleTimeIntervals					8064.721600000001	1.1207883590999137	
8065.0672	0.07520000000022264	RippleTimeIntervals					8065.0944	3.446763784911478	
8065.228	0.08400000000074215	RippleTimeIntervals					8065.291200000001	2.837595580010051	
8065.493600000001	0.034399999999550346	RippleTimeIntervals					8065.52	2.2794246590425957	
8077.2336000000005	0.034399999999550346	RippleTimeIntervals					8077.2464	0.6268361513747355	
8077.740000000001	0.04159999999956199	RippleTimeIntervals					8077.7632	2.0291164599526974	
8078.5776000000005	0.028800000000046566	RippleTimeIntervals					8078.6016	0.5097936271144593	
8083.168000000001	0.044799999999668216	RippleTimeIntervals					8083.2024	2.9033163657523278	
8083.524	0.023199999999633292	RippleTimeIntervals					8083.5288	0.7556789138358989	
8084.836	0.058399999999892316	RippleTimeIntervals					8084.884800000001	4.350507786441438	
8084.9664	0.042400000000270666	RippleTimeIntervals					8084.9784	2.114570446441545	
8085.3368	0.03120000000035361	RippleTimeIntervals					8085.3496000000005	0.9190630324539014	
8086.018400000001	0.027999999999337888	RippleTimeIntervals					8086.04	0.8824936104436512	
8088.1912	0.03279999999995198	RippleTimeIntervals					8088.2048	1.042044762002252	
8089.642400000001	0.03279999999995198	RippleTimeIntervals					8089.6648000000005	2.695240771165896	
8091.160800000001	0.02639999999973952	RippleTimeIntervals					8091.1704	0.6831836524185938	
8091.3008	0.03600000000005821	RippleTimeIntervals					8091.3208	2.2746573086059274	
8091.4344	0.048800000000483124	RippleTimeIntervals					8091.4592	3.3249450183924045	
8091.9192	0.06559999999990396	RippleTimeIntervals					8091.9272	0.8325027766541399	
8092.0576	0.04480000000057771	RippleTimeIntervals					8092.076	2.9722998929991085	
8094.9376	0.05040000000008149	RippleTimeIntervals					8094.9664	3.4829380965242023	
8095.0944	0.059200000000600994	RippleTimeIntervals					8095.1152	2.837536043010018	
8095.2624000000005	0.03679999999985739	RippleTimeIntervals					8095.283200000001	4.241863087765951	
8095.4944000000005	0.06480000000010477	RippleTimeIntervals					8095.5392	2.7942144076775	
8096.4456	0.03120000000035361	RippleTimeIntervals					8096.464	0.6764666812568418	
8096.5136	0.03679999999985739	RippleTimeIntervals					8096.5256	4.491477530638354	
8105.184	0.02639999999973952	RippleTimeIntervals					8105.204000000001	0.42554335921630276	
8106.528	0.04640000000017608	RippleTimeIntervals					8106.5528	1.0051581603904225	
8108.984	0.0272000000004482	RippleTimeIntervals					8108.9888	0.9841351873878622	
8109.8792	0.045600000000376895	RippleTimeIntervals					8109.8984	1.0667285718829742	
8110.374400000001	0.024800000000141154	RippleTimeIntervals					8110.3864	0.5608468656879725	
8111.7336000000005	0.03279999999995198	RippleTimeIntervals					8111.7392	0.4714565392124461	
8113.7104	0.0544000000008964	RippleTimeIntervals					8113.7448	5.127973375169834	
8114.400000000001	0.047999999999774445	RippleTimeIntervals					8114.4264	2.3020692538824346	
8114.8312000000005	0.024800000000141154	RippleTimeIntervals					8114.844800000001	1.4273697382406028	
8115.1144	0.02080000000023574	RippleTimeIntervals					8115.124000000001	0.4176023312171071	
8115.841600000001	0.032000000000152795	RippleTimeIntervals					8115.8648	1.758692276810267	
8116.051200000001	0.06319999999959691	RippleTimeIntervals					8116.069600000001	1.507722486726145	
8116.2552000000005	0.07120000000031723	RippleTimeIntervals					8116.2816	1.738942117248391	
8117.0	0.023200000000542786	RippleTimeIntervals					8117.0160000000005	0.7024344825538775	
8117.323200000001	0.020799999999326246	RippleTimeIntervals					8117.3368	1.2631052706011243	
8123.2416	0.02400000000034197	RippleTimeIntervals					8123.2536	1.2914350059579078	
8125.5344000000005	0.04320000000006985	RippleTimeIntervals					8125.5528	0.4069641034277494	
8126.1504	0.11599999999998545	RippleTimeIntervals					8126.2448	1.4459616141305376	
8126.352000000001	0.04239999999936117	RippleTimeIntervals					8126.3768	2.386133920059805	
8127.6224	0.05519999999978609	RippleTimeIntervals					8127.6664	3.358675433577179	
8127.7496	0.0727999999999156	RippleTimeIntervals					8127.792	2.747926518403289	
8128.0096	0.06400000000030559	RippleTimeIntervals					8128.0144	0.780047922591266	
8128.104	0.0591999999996915	RippleTimeIntervals					8128.141600000001	1.1845078285356296	
8128.3248	0.03279999999995198	RippleTimeIntervals					8128.341600000001	3.740638900119581	
8128.7952000000005	0.03679999999985739	RippleTimeIntervals					8128.8136	3.0206100002743703	
8129.189600000001	0.03279999999995198	RippleTimeIntervals					8129.1944	0.5743559864352886	
8133.6288	0.02959999999984575	RippleTimeIntervals					8133.641600000001	0.9528988925325965	
8135.2464	0.09360000000015134	RippleTimeIntervals					8135.312000000001	2.547754897666505	
8136.181600000001	0.027199999999538704	RippleTimeIntervals					8136.2008000000005	0.5412898255994177	
8136.472000000001	0.032000000000152795	RippleTimeIntervals					8136.496	1.3738020802594209	
8136.6648000000005	0.028000000000247383	RippleTimeIntervals					8136.6768	1.7322863254987226	
8137.2128	0.028000000000247383	RippleTimeIntervals					8137.232800000001	1.5582322315587784	
8139.044800000001	0.021600000000034925	RippleTimeIntervals					8139.0616	0.782635469805815	
8140.707200000001	0.05040000000008149	RippleTimeIntervals					8140.715200000001	1.0580741711552393	
8142.5848000000005	0.027199999999538704	RippleTimeIntervals					8142.604	2.7123564764803225	
8142.993600000001	0.06079999999928987	RippleTimeIntervals					8143.0024	0.731254714499786	
8143.131200000001	0.07119999999940774	RippleTimeIntervals					8143.1976	0.981546949798098	
8143.9112000000005	0.02400000000034197	RippleTimeIntervals					8143.9264	1.2094697298538075	
8144.5272	0.03279999999995198	RippleTimeIntervals					8144.5568	0.5446702802910589	
8145.452	0.0272000000004482	RippleTimeIntervals					8145.460800000001	0.8255508949959399	
8146.7856	0.032000000000152795	RippleTimeIntervals					8146.797600000001	2.1398803657191863	
8147.0096	0.032000000000152795	RippleTimeIntervals					8147.0168	0.4344986688321187	
8151.750400000001	0.07839999999941938	RippleTimeIntervals					8151.7784	1.4292522622252708	
8159.982400000001	0.030399999999644933	RippleTimeIntervals					8160.004800000001	2.340137113171802	
8160.1112	0.022399999999834108	RippleTimeIntervals					8160.1176000000005	0.8960053699729845	
8160.264800000001	0.08479999999963184	RippleTimeIntervals					8160.3032	2.39234221550724	
8160.428800000001	0.0775999999996202	RippleTimeIntervals					8160.4848	2.582291326711774	
8160.5784	0.08479999999963184	RippleTimeIntervals					8160.6464000000005	2.1995369542615117	
8160.968000000001	0.022399999999834108	RippleTimeIntervals					8160.979200000001	0.42385749755686336	
8161.631200000001	0.0775999999996202	RippleTimeIntervals					8161.692800000001	1.1301537108693351	
8161.764	0.03920000000016444	RippleTimeIntervals					8161.7928	3.9102887881513744	
8163.0648	0.024800000000141154	RippleTimeIntervals					8163.0816	1.388105922757786	
8164.6992	0.02080000000023574	RippleTimeIntervals					8164.7128	1.6370386349717336	
8164.8184	0.05200000000058935	RippleTimeIntervals					8164.8496000000005	1.1044856081878756	
8164.996	0.04160000000047148	RippleTimeIntervals					8165.0144	1.1629823468262086	
8167.0560000000005	0.025599999999940337	RippleTimeIntervals					8167.066400000001	1.8934165454604892	
8167.1224	0.028800000000046566	RippleTimeIntervals					8167.1304	3.9146185577767185	
8168.816000000001	0.02639999999973952	RippleTimeIntervals					8168.8240000000005	0.913899703534371	
8169.1776	0.023200000000542786	RippleTimeIntervals					8169.1904	1.6402325244787275	
8169.56	0.022399999999834108	RippleTimeIntervals					8169.565600000001	0.5774992837998438	
8169.8728	0.05040000000008149	RippleTimeIntervals					8169.888800000001	1.9603324150728703	
8170.2496	0.035200000000259024	RippleTimeIntervals					8170.276800000001	1.420321015737558	
8171.638400000001	0.020799999999326246	RippleTimeIntervals					8171.6512	0.4439757716856832	
8172.38	0.05760000000009313	RippleTimeIntervals					8172.4256000000005	1.0724379913496218	
8172.5784	0.02080000000023574	RippleTimeIntervals					8172.592000000001	1.1581582375488413	
8172.9312	0.04719999999997526	RippleTimeIntervals					8172.953600000001	2.8743278283935583	
8175.52	0.023199999999633292	RippleTimeIntervals					8175.5352	1.6902995052605376	
8176.2936	0.059200000000600994	RippleTimeIntervals					8176.3024000000005	0.7448941806902103	
8176.903200000001	0.023199999999633292	RippleTimeIntervals					8176.9088	0.9564569787992598	
8177.449600000001	0.025599999999940337	RippleTimeIntervals					8177.468000000001	0.5047123304137032	
8179.924	0.02400000000034197	RippleTimeIntervals					8179.928000000001	0.4933702874021807	
8182.728800000001	0.021600000000034925	RippleTimeIntervals					8182.740000000001	0.8257580140326498	
8183.7928	0.025599999999940337	RippleTimeIntervals					8183.8064	2.4276133697487428	
8183.917600000001	0.0775999999996202	RippleTimeIntervals					8183.9872000000005	1.2067692026646841	
8186.1368	0.02400000000034197	RippleTimeIntervals					8186.153600000001	0.5235112974723457	
8189.2312	0.056000000000494765	RippleTimeIntervals					8189.2632	1.1769193001991154	
8189.3616	0.03999999999996362	RippleTimeIntervals					8189.370400000001	0.7637356685424596	
8189.4304	0.05680000000029395	RippleTimeIntervals					8189.4384	2.6719853450306075	
8189.528	0.056000000000494765	RippleTimeIntervals					8189.5744	4.372916716294492	
8189.671200000001	0.06079999999928987	RippleTimeIntervals					8189.7128	1.2794477770772792	
8204.2664	0.05520000000069558	RippleTimeIntervals					8204.3096	0.9592573234216614	
8204.7816	0.03839999999945576	RippleTimeIntervals					8204.808	1.7525899175284623	
8204.9696	0.06880000000091968	RippleTimeIntervals					8204.9944	3.449393966011932	
8205.560800000001	0.044799999999668216	RippleTimeIntervals					8205.5784	1.445842429820594	
8206.112000000001	0.044799999999668216	RippleTimeIntervals					8206.1496	0.571285832621853	
8209.4776	0.04800000000068394	RippleTimeIntervals					8209.504	2.2229882125972757	
8211.1632	0.042400000000270666	RippleTimeIntervals					8211.1976	3.0366012949332366	
8211.7392	0.048800000000483124	RippleTimeIntervals					8211.7792	3.358192780503703	
8211.9112	0.03600000000005821	RippleTimeIntervals					8211.9272	4.284055916681026	
8212.3464	0.023199999999633292	RippleTimeIntervals					8212.3664	0.45197706036664703	
8213.155200000001	0.06639999999970314	RippleTimeIntervals					8213.1888	2.3512982733693093	
8216.7176	0.03920000000107393	RippleTimeIntervals					8216.752	0.8175614565994815	
8220.9408	0.118399999999383	RippleTimeIntervals					8221.008	2.1471358508007223	
8221.28	0.044799999999668216	RippleTimeIntervals					8221.32	0.41748705914664164	
8222.4208	0.058399999999892316	RippleTimeIntervals					8222.4488	1.2921044261062717	
8222.7592	0.03679999999985739	RippleTimeIntervals					8222.784800000001	2.921844602668228	
8224.6056	0.02959999999984575	RippleTimeIntervals					8224.6168	0.6988091944313363	
8224.696	0.02959999999984575	RippleTimeIntervals					8224.7112	1.1350940569502996	
8225.3016	0.02080000000023574	RippleTimeIntervals					8225.314400000001	2.2602612071072024	
8225.7696	0.02480000000105065	RippleTimeIntervals					8225.778400000001	1.027278631271992	
8225.980800000001	0.02079999999841675	RippleTimeIntervals					8225.9936	1.9848012451778088	
8226.1224	0.05199999999967986	RippleTimeIntervals					8226.140000000001	1.778496115093743	
8227.9848	0.021600000000034925	RippleTimeIntervals					8227.996000000001	0.6898799145886255	
8229.1104	0.03680000000167638	RippleTimeIntervals					8229.1272	1.7700788405680246	
8229.387200000001	0.04079999999885331	RippleTimeIntervals					8229.3984	1.6184414469863369	
8229.5672	0.04800000000068394	RippleTimeIntervals					8229.5848	2.958988768326311	
8231.032000000001	0.0591999999996915	RippleTimeIntervals					8231.0712	1.1244280093879038	
8231.2376	0.06559999999990396	RippleTimeIntervals					8231.248	2.3081275306903226	
8232.3896	0.0272000000004482	RippleTimeIntervals					8232.4	1.160889442097976	
8233.188	0.03360000000066066	RippleTimeIntervals					8233.213600000001	1.371486603816722	
8233.3032	0.0319999999992433	RippleTimeIntervals					8233.3176	0.736082586347916	
8233.5448	0.06559999999990396	RippleTimeIntervals					8233.5656	1.7637328599503959	
8233.9328	0.0591999999996915	RippleTimeIntervals					8233.945600000001	2.1861010609533094	
8247.307200000001	0.032799999999042484	RippleTimeIntervals					8247.3328	0.7406865351053776	
8248.198400000001	0.027999999998428393	RippleTimeIntervals					8248.2192	0.8577378907052574	
8248.3008	0.04079999999885331	RippleTimeIntervals					8248.314400000001	1.4373616315656226	
8248.654400000001	0.022399999999834108	RippleTimeIntervals					8248.66	1.515156184329396	
8249.0192	0.1000000000003638	RippleTimeIntervals					8249.1088	4.359334514747087	
8249.2264	0.02480000000105065	RippleTimeIntervals					8249.24	1.90551638495194	
8249.3736	0.06079999999928987	RippleTimeIntervals					8249.3832	1.8405152651820214	
8250.3616	0.07200000000011642	RippleTimeIntervals					8250.3848	1.5076218511968884	
8260.6808	0.04399999999986903	RippleTimeIntervals					8260.6864	1.384263815132131	
8261.4624	0.040000000000873115	RippleTimeIntervals					8261.472	1.9756763260447703	
8262.9704	0.040000000000873115	RippleTimeIntervals					8262.9776	0.550627836052627	
8263.850400000001	0.025599999999030842	RippleTimeIntervals					8263.8632	2.431224695251012	
8264.08	0.04399999999986903	RippleTimeIntervals					8264.1016	5.088018576434003	
8264.6432	0.0319999999992433	RippleTimeIntervals					8264.664	4.157463472759183	
8264.804	0.03200000000106229	RippleTimeIntervals					8264.8248	0.7447716872338136	
8265.546400000001	0.035199999998440035	RippleTimeIntervals					8265.5512	0.9753239468299417	
8267.448	0.05199999999967986	RippleTimeIntervals					8267.4728	1.3734038751524984	
8269.741600000001	0.08319999999912397	RippleTimeIntervals					8269.8016	3.0955224048111227	
8269.8984	0.07520000000113214	RippleTimeIntervals					8269.952000000001	3.671987932027573	
8270.0496	0.022399999999834108	RippleTimeIntervals					8270.0552	1.0483654491383445	
8273.4032	0.03679999999985739	RippleTimeIntervals					8273.42	3.9907733203317513	
8273.492	0.06400000000030559	RippleTimeIntervals					8273.5336	3.80212096214644	
8274.3408	0.047200000000884756	RippleTimeIntervals					8274.3752	1.1514744886801247	
8277.972	0.048800000000483124	RippleTimeIntervals					8277.980800000001	1.9552741089119818	
8278.4856	0.026400000000649015	RippleTimeIntervals					8278.4944	1.4404775243259167	
8284.4288	0.06400000000030559	RippleTimeIntervals					8284.4544	4.415774392195308	
8284.5936	0.06960000000071886	RippleTimeIntervals					8284.647200000001	3.000580393903326	
8285.8032	0.05279999999947904	RippleTimeIntervals					8285.836800000001	2.906446213297012	
8285.894400000001	0.023999999999432475	RippleTimeIntervals					8285.9024	1.6191136830970434	
8286.0448	0.042400000000270666	RippleTimeIntervals					8286.0544	1.7935645271574834	
8286.16	0.08480000000054133	RippleTimeIntervals					8286.227200000001	3.474325463706507	
8291.2672	0.0632000000005064	RippleTimeIntervals					8291.3056	1.763646752245683	
8291.408000000001	0.0503999999982625	RippleTimeIntervals					8291.4336	3.4286724858327515	
8292.4632	0.060800000001108856	RippleTimeIntervals					8292.4992	3.798213272566718	
8292.648000000001	0.026399999998830026	RippleTimeIntervals					8292.656	3.4524547603807116	
8295.6496	0.031199999999444117	RippleTimeIntervals					8295.661600000001	3.273050272332884	
8295.8904	0.05999999999949068	RippleTimeIntervals					8295.922400000001	2.9241824230588933	
8296.1776	0.044799999999668216	RippleTimeIntervals					8296.1928	2.6544844387275566	
8296.3096	0.05760000000009313	RippleTimeIntervals					8296.3352	1.7334032771963537	
8297.4064	0.02320000000145228	RippleTimeIntervals					8297.4112	0.5926623144178379	
8300.6288	0.030399999999644933	RippleTimeIntervals					8300.6376	2.2072167248536916	
8300.7528	0.06880000000091968	RippleTimeIntervals					8300.7688	1.1853879611312057	
8301.4624	0.023999999999432475	RippleTimeIntervals					8301.4696	1.0538433241507845	
8302.3264	0.03920000000107393	RippleTimeIntervals					8302.3528	0.7521752801434551	
8305.662400000001	0.022399999999834108	RippleTimeIntervals					8305.6672	0.7210940584912178	
8305.8336	0.0272000000004482	RippleTimeIntervals					8305.8416	1.5615596877824929	
8308.1848	0.0319999999992433	RippleTimeIntervals					8308.2096	0.5261308856746979	
8308.4688	0.02959999999984575	RippleTimeIntervals					8308.4904	1.057599984632601	
8308.589600000001	0.032799999999042484	RippleTimeIntervals					8308.611200000001	2.592545347443764	
8308.712800000001	0.05199999999967986	RippleTimeIntervals					8308.732	2.2660447305188027	
8308.872000000001	0.05040000000008149	RippleTimeIntervals					8308.893600000001	3.365565598934294	
8309.2648	0.0319999999992433	RippleTimeIntervals					8309.2816	2.3409158955229845	
8309.5368	0.028800000000046566	RippleTimeIntervals					8309.5448	3.153013618176957	
8309.6376	0.053600000001097214	RippleTimeIntervals					8309.6784	2.1784236675783877	
8313.108	0.05199999999967986	RippleTimeIntervals					8313.154400000001	0.6737763709796457	
8316.4136	0.0408000000006723	RippleTimeIntervals					8316.423200000001	0.6813254551392411	
8322.0744	0.09360000000015134	RippleTimeIntervals					8322.1096	2.4850463809189223	
8322.242400000001	0.06400000000030559	RippleTimeIntervals					8322.2952	3.3043626835901696	
8322.437600000001	0.02959999999984575	RippleTimeIntervals					8322.4472	0.7963601755890554	
8327.7768	0.026400000000649015	RippleTimeIntervals					8327.7984	0.7573563688290869	
8327.952800000001	0.03839999999945576	RippleTimeIntervals					8327.968	1.2561540377620186	
8328.9776	0.020000000000436557	RippleTimeIntervals					8328.9864	1.211595670486755	
8329.096	0.03600000000005821	RippleTimeIntervals					8329.1168	1.1362879652682267	
8329.5728	0.022399999999834108	RippleTimeIntervals					8329.582400000001	0.9118964058359703	
8332.9432	0.02080000000023574	RippleTimeIntervals					8332.9488	0.7649262708013804	
8333.08	0.024000000001251465	RippleTimeIntervals					8333.088	1.264655554514464	
8335.6032	0.03200000000106229	RippleTimeIntervals					8335.6104	1.4470766119457987	
8335.748	0.021600000000034925	RippleTimeIntervals					8335.756800000001	2.154167877588002	
8340.9	0.0272000000004482	RippleTimeIntervals					8340.908800000001	0.6681080527013854	
8341.705600000001	0.035199999998440035	RippleTimeIntervals					8341.7176	0.7602143082359218	
8363.424	0.06480000000010477	RippleTimeIntervals					8363.466400000001	1.2910124102609266	
8363.8592	0.026399999998830026	RippleTimeIntervals					8363.876	0.7113228846136821	
8366.0	26.0	SleepStates							WAKEstate
8370.154400000001	0.03359999999884167	RippleTimeIntervals					8370.183200000001	0.5107393275159154	
8377.271200000001	0.026399999998830026	RippleTimeIntervals					8377.2768	2.0247799604277605	
8377.9872	0.02960000000166474	RippleTimeIntervals					8378.008	2.748687385646771	
8385.7896	0.03839999999945576	RippleTimeIntervals					8385.8088	1.9908708275012676	
8392.6848	0.023999999999432475	RippleTimeIntervals					8392.7016	1.6555776375109326	
8393.0	10.0	SleepStates							NREMstate
8400.604000000001	0.03839999999945576	RippleTimeIntervals					8400.6384	0.4532626344871026	
8400.6848	0.051199999999880674	RippleTimeIntervals					8400.704	5.091728802163315	
8402.220800000001	0.023199999999633292	RippleTimeIntervals					8402.2264	1.6668795709961362	
8404.0	12.0	SleepStates							WAKEstate
8407.6392	0.02320000000145228	RippleTimeIntervals					8407.6496	0.8838575444922104	
8417.0	55.0	SleepStates							NREMstate
8423.575200000001	0.042399999998451676	RippleTimeIntervals					8423.5936	4.703802887762588	
8423.9912	0.0544000000008964	RippleTimeIntervals					8424.0192	3.7014943398296474	
8428.0512	0.03920000000107393	RippleTimeIntervals					8428.08	2.1935955036757613	
8431.768	0.026400000000649015	RippleTimeIntervals					8431.7792	3.1092953351854056	
8432.704	0.11280000000078871	RippleTimeIntervals					8432.728000000001	5.174009712245387	
8433.624	0.06480000000010477	RippleTimeIntervals					8433.6672	3.239787762920358	
8433.908800000001	0.05279999999947904	RippleTimeIntervals					8433.945600000001	3.518879507221628	
8434.031200000001	0.05199999999967986	RippleTimeIntervals					8434.068000000001	3.252841053665799	
8434.4176	0.07999999999992724	RippleTimeIntervals					8434.437600000001	2.288479179820255	
8434.7624	0.06480000000010477	RippleTimeIntervals					8434.776	1.232888751947339	
8436.553600000001	0.04959999999846332	RippleTimeIntervals					8436.582400000001	2.203633612751146	
8436.9048	0.04160000000047148	RippleTimeIntervals					8436.9216	4.268801978260224	
8439.4944	0.08719999999993888	RippleTimeIntervals					8439.5744	1.6418510168588667	
8439.800000000001	0.03359999999884167	RippleTimeIntervals					8439.8176	1.6897845358219852	
8440.9688	0.03600000000005821	RippleTimeIntervals					8440.9824	4.318388344065225	
8444.699200000001	0.023999999999432475	RippleTimeIntervals					8444.716	0.4547804179372044	
8444.8696	0.05040000000008149	RippleTimeIntervals					8444.8784	1.2591397423818538	
8450.34	0.0864000000001397	RippleTimeIntervals					8450.36	1.5117223164733085	
8450.5576	0.03920000000107393	RippleTimeIntervals					8450.5768	1.390384363393125	
8452.196	0.0272000000004482	RippleTimeIntervals					8452.2048	0.4335446581856766	
8456.2168	0.03360000000066066	RippleTimeIntervals					8456.234400000001	0.7245846409063397	
8456.350400000001	0.046399999999266583	RippleTimeIntervals					8456.3624	1.3055998700369733	
8458.0856	0.026400000000649015	RippleTimeIntervals					8458.0952	0.5642477930800212	
8458.647200000001	0.10799999999835563	RippleTimeIntervals					8458.7472	4.7694408710907865	
8458.8344	0.04160000000047148	RippleTimeIntervals					8458.8528	0.8024733320305875	
8459.104800000001	0.032799999999042484	RippleTimeIntervals					8459.1224	1.889625694974525	
8459.3256	0.0632000000005064	RippleTimeIntervals					8459.3472	3.0168368376164243	
8459.6488	0.05760000000009313	RippleTimeIntervals					8459.6896	2.6526322415211565	
8460.1272	0.030399999999644933	RippleTimeIntervals					8460.1352	1.397351640348543	
8460.1928	0.046399999999266583	RippleTimeIntervals					8460.2224	2.020894409901296	
8460.664	0.05279999999947904	RippleTimeIntervals					8460.6872	2.7683028147623645	
8465.9696	0.03440000000045984	RippleTimeIntervals					8465.988800000001	0.8904341392090505	
8466.060800000001	0.023999999999432475	RippleTimeIntervals					8466.0728	5.854223675883104	
8466.284800000001	0.048799999998664134	RippleTimeIntervals					8466.314400000001	3.7389755957241193	
8467.0344	0.022399999999834108	RippleTimeIntervals					8467.048	1.0852709683841029	
8467.1952	0.022399999999834108	RippleTimeIntervals					8467.204	0.9303794446612622	
8468.857600000001	0.044799999999668216	RippleTimeIntervals					8468.876	3.293594753277844	
8469.1968	0.03440000000045984	RippleTimeIntervals					8469.206400000001	1.462174593538311	
8473.0	27.0	SleepStates							WAKEstate
8488.0016	0.02080000000023574	RippleTimeIntervals					8488.0136	0.8661991767380667	
8489.278400000001	0.04079999999885331	RippleTimeIntervals					8489.2952	5.0869834260347435	
8489.432	0.056000000000494765	RippleTimeIntervals					8489.4472	1.2550656166908318	
8489.6032	0.05200000000149885	RippleTimeIntervals					8489.6416	4.232998922727936	
8489.778400000001	0.022399999999834108	RippleTimeIntervals					8489.788	1.1707441196945187	
8492.915200000001	0.03359999999884167	RippleTimeIntervals					8492.9408	2.0232350206623093	
8495.2384	0.04800000000068394	RippleTimeIntervals					8495.2656	2.4650982543848032	
8498.364800000001	0.037599999999656575	RippleTimeIntervals					8498.379200000001	5.19040309916263	
8501.0	158.0	SleepStates							NREMstate
8505.0056	0.025600000000849832	RippleTimeIntervals					8505.0192	3.75880439922899	
8506.3808	0.03679999999985739	RippleTimeIntervals					8506.4064	4.392773401845574	
8506.544	0.05040000000008149	RippleTimeIntervals					8506.5784	5.050083367408063	
8509.052800000001	0.048799999998664134	RippleTimeIntervals					8509.068800000001	0.6840620812701426	
8509.192000000001	0.037599999999656575	RippleTimeIntervals					8509.196	1.0407892055886059	
8509.3424	0.037600000001475564	RippleTimeIntervals					8509.350400000001	0.59895385762843	
8510.856	0.04960000000028231	RippleTimeIntervals					8510.8904	1.191710195508576	
8518.4984	0.02080000000023574	RippleTimeIntervals					8518.508	0.9137590417307372	
8518.691200000001	0.030399999999644933	RippleTimeIntervals					8518.704	1.117878212098317	
8519.5656	0.02959999999984575	RippleTimeIntervals					8519.583200000001	3.176854050742345	
8519.7072	0.03679999999985739	RippleTimeIntervals					8519.7296	2.35474906912458	
8519.7984	0.0632000000005064	RippleTimeIntervals					8519.832	2.347066981846524	
8520.0736	0.026400000000649015	RippleTimeIntervals					8520.0864	0.816354991197181	
8520.256000000001	0.023199999999633292	RippleTimeIntervals					8520.2616	0.5371851012508814	
8520.3496	0.09120000000075379	RippleTimeIntervals					8520.4144	2.318982550704666	
8520.576000000001	0.05199999999967986	RippleTimeIntervals					8520.6168	1.5857073273666646	
8521.968	0.03919999999925494	RippleTimeIntervals					8521.995200000001	1.3739622178852273	
8522.5192	0.023199999999633292	RippleTimeIntervals					8522.5296	0.45821337233755577	
8522.9584	0.024000000001251465	RippleTimeIntervals					8522.968	0.6232809480729257	
8523.5888	0.025600000000849832	RippleTimeIntervals					8523.5928	0.6944800696347955	
8524.0008	0.020000000000436557	RippleTimeIntervals					8524.016	0.45408419979027065	
8524.6088	0.04960000000028231	RippleTimeIntervals					8524.6496	2.005705162996315	
8526.2624	0.07999999999992724	RippleTimeIntervals					8526.32	2.4056359932540854	
8526.6968	0.044800000001487206	RippleTimeIntervals					8526.7048	2.0286900722181054	
8529.597600000001	0.06079999999928987	RippleTimeIntervals					8529.636	2.2331843122799064	
8530.1712	0.07599999999911233	RippleTimeIntervals					8530.216	1.3235900505785338	
8530.4824	0.05519999999887659	RippleTimeIntervals					8530.524000000001	2.793256457766592	
8530.655200000001	0.04959999999846332	RippleTimeIntervals					8530.6848	3.901744693598384	
8530.8048	0.04560000000128639	RippleTimeIntervals					8530.8272	2.527799909759029	
8530.9096	0.05519999999887659	RippleTimeIntervals					8530.9488	2.2873848628813325	
8531.625600000001	0.030399999999644933	RippleTimeIntervals					8531.6344	1.546593259106106	
8533.7432	0.044799999999668216	RippleTimeIntervals					8533.756000000001	3.7999124941737508	
8539.974400000001	0.023199999999633292	RippleTimeIntervals					8539.9896	0.9920781053846196	
8540.136	0.03919999999925494	RippleTimeIntervals					8540.1528	2.605256319040345	
8540.5288	0.03920000000107393	RippleTimeIntervals					8540.556	3.8947528492555734	
8540.8744	0.039999999999054126	RippleTimeIntervals					8540.894400000001	4.005838206680518	
8540.9504	0.028000000000247383	RippleTimeIntervals					8540.959200000001	1.4662080696314228	
8542.858400000001	0.031199999999444117	RippleTimeIntervals					8542.872800000001	0.9435060664358716	
8543.090400000001	0.022399999999834108	RippleTimeIntervals					8543.108	0.6667770056206478	
8548.532000000001	0.02719999999862921	RippleTimeIntervals					8548.552	1.1036963099881472	
8549.8168	0.07439999999951397	RippleTimeIntervals					8549.8592	1.1226814901007625	
8550.0376	0.10240000000158034	RippleTimeIntervals					8550.124	3.4325921281080465	
8550.2392	0.03280000000086147	RippleTimeIntervals					8550.256800000001	2.4107938308523527	
8551.052800000001	0.030399999999644933	RippleTimeIntervals					8551.068000000001	1.7718893670891755	
8551.560800000001	0.025599999999030842	RippleTimeIntervals					8551.5712	1.729794630614569	
8552.010400000001	0.032799999999042484	RippleTimeIntervals					8552.0304	1.8507988027845068	
8553.6128	0.02479999999923166	RippleTimeIntervals					8553.6296	1.9045005148591554	
8553.857600000001	0.031199999999444117	RippleTimeIntervals					8553.8784	2.6306464799365905	
8554.0336	0.020000000000436557	RippleTimeIntervals					8554.0376	0.6338868742989123	
8555.8784	0.03920000000107393	RippleTimeIntervals					8555.884	1.4784724250114287	
8556.3112	0.035200000000259024	RippleTimeIntervals					8556.3344	2.8153299120344544	
8557.016	0.030400000001463923	RippleTimeIntervals					8557.0256	0.40548713780186013	
8557.815200000001	0.048799999998664134	RippleTimeIntervals					8557.857600000001	0.7080922928163544	
8564.384	0.03200000000106229	RippleTimeIntervals					8564.3928	3.6086886953263155	
8565.5664	0.025600000000849832	RippleTimeIntervals					8565.572	1.3657524354221209	
8565.6384	0.03440000000045984	RippleTimeIntervals					8565.6568	0.8847721925101321	
8565.720000000001	0.04799999999886495	RippleTimeIntervals					8565.7576	1.7125652074157645	
8566.626400000001	0.042400000000270666	RippleTimeIntervals					8566.662400000001	0.784528953323834	
8567.3856	0.026400000000649015	RippleTimeIntervals					8567.4056	1.2884542419653728	
8568.0272	0.03919999999925494	RippleTimeIntervals					8568.0376	1.0777622278918226	
8568.1848	0.05279999999947904	RippleTimeIntervals					8568.2112	3.968323103101517	
8569.6888	0.03920000000107393	RippleTimeIntervals					8569.708	1.1927816325085836	
8569.784800000001	0.05759999999827414	RippleTimeIntervals					8569.821600000001	1.5868658156430484	
8570.1016	0.05280000000129803	RippleTimeIntervals					8570.125600000001	3.7105825529038987	
8570.5408	0.026399999998830026	RippleTimeIntervals					8570.5624	0.4778270669285868	
8571.597600000001	0.028000000000247383	RippleTimeIntervals					8571.6024	0.41526978620263694	
8571.8008	0.023199999999633292	RippleTimeIntervals					8571.807200000001	0.6695402032066743	
8574.0512	0.020000000000436557	RippleTimeIntervals					8574.064	0.9734318148769181	
8575.3856	0.028800000000046566	RippleTimeIntervals					8575.4104	0.6622177378952461	
8576.5632	0.03360000000066066	RippleTimeIntervals					8576.5704	1.3907552584818323	
8576.7808	0.030399999999644933	RippleTimeIntervals					8576.7872	0.8077528478250341	
8577.300000000001	0.030399999999644933	RippleTimeIntervals					8577.3128	0.9704889472899676	
8577.4048	0.031199999999444117	RippleTimeIntervals					8577.4256	1.9902276715400804	
8578.3856	0.02480000000105065	RippleTimeIntervals					8578.394400000001	1.2446108373647795	
8578.476	0.037599999999656575	RippleTimeIntervals					8578.4944	4.079229196719847	
8581.1968	0.021600000000034925	RippleTimeIntervals					8581.205600000001	0.594438031536285	
8582.42	0.05199999999967986	RippleTimeIntervals					8582.4336	0.9698490331434954	
8582.597600000001	0.030399999999644933	RippleTimeIntervals					8582.611200000001	0.8875940554441445	
8582.8176	0.030399999999644933	RippleTimeIntervals					8582.8264	0.7411753326393277	
8586.5152	0.021600000000034925	RippleTimeIntervals					8586.524000000001	0.8312201872208566	
8587.0128	0.04399999999986903	RippleTimeIntervals					8587.0488	0.6558600372515282	
8589.7584	0.023999999999432475	RippleTimeIntervals					8589.7672	0.8045235048004592	
8591.1016	0.024000000001251465	RippleTimeIntervals					8591.118400000001	1.4733073301059534	
8597.467200000001	0.04719999999906577	RippleTimeIntervals					8597.4848	2.029914697977063	
8597.7408	0.02960000000166474	RippleTimeIntervals					8597.7536	2.2275968435851614	
8598.8192	0.09360000000015134	RippleTimeIntervals					8598.8992	2.426985775678998	
8601.4856	0.02080000000023574	RippleTimeIntervals					8601.4992	1.2500345320153126	
8603.2016	0.03600000000005821	RippleTimeIntervals					8603.206400000001	0.6691383253105497	
8603.716	0.03679999999985739	RippleTimeIntervals					8603.744	1.1519060198625286	
8603.778400000001	0.048799999998664134	RippleTimeIntervals					8603.7984	3.236250987773486	
8604.995200000001	0.03839999999945576	RippleTimeIntervals					8605.002400000001	0.5159900093782482	
8608.832	0.028000000000247383	RippleTimeIntervals					8608.8472	3.0076060176335635	
8609.3448	0.028000000000247383	RippleTimeIntervals					8609.364800000001	1.883155258162824	
8610.0696	0.04320000000006985	RippleTimeIntervals					8610.0936	4.696972742953353	
8610.8008	0.02719999999862921	RippleTimeIntervals					8610.8056	0.8118575384659352	
8610.973600000001	0.02959999999984575	RippleTimeIntervals					8610.9864	4.024829661081723	
8611.140800000001	0.031199999999444117	RippleTimeIntervals					8611.164	1.9735630880654806	
8611.6096	0.03200000000106229	RippleTimeIntervals					8611.624	2.4610236405265677	
8611.7832	0.05199999999967986	RippleTimeIntervals					8611.8016	2.0555534793218633	
8615.9616	0.022399999999834108	RippleTimeIntervals					8615.9704	0.7183759193627044	
8618.082400000001	0.030399999999644933	RippleTimeIntervals					8618.0952	1.3691899093798356	
8618.34	0.02080000000023574	RippleTimeIntervals					8618.3472	1.7075801436565754	
8618.8376	0.0455999999994674	RippleTimeIntervals					8618.857600000001	4.906598623193935	
8619.1496	0.04320000000006985	RippleTimeIntervals					8619.162400000001	1.4951433301162824	
8619.6424	0.022399999999834108	RippleTimeIntervals					8619.648000000001	0.8990412302170027	
8620.5264	0.04160000000047148	RippleTimeIntervals					8620.5472	0.5172363094979447	
8621.2792	0.03919999999925494	RippleTimeIntervals					8621.3024	0.6333126532279326	
8621.616	0.021600000000034925	RippleTimeIntervals					8621.624	0.8420570021023523	
8621.966400000001	0.021600000000034925	RippleTimeIntervals					8621.972	0.7858597230459495	
8623.628	0.02959999999984575	RippleTimeIntervals					8623.6504	0.6980341582866385	
8624.848	0.044799999999668216	RippleTimeIntervals					8624.8776	0.7698035609861484	
8627.3016	0.03679999999985739	RippleTimeIntervals					8627.3312	0.5822386192339751	
8629.2184	0.04399999999986903	RippleTimeIntervals					8629.2448	2.476727654125648	
8629.784800000001	0.02079999999841675	RippleTimeIntervals					8629.7984	0.42149180099879474	
8633.2464	0.028000000000247383	RippleTimeIntervals					8633.2512	0.9577825247138128	
8633.456	0.06639999999970314	RippleTimeIntervals					8633.4712	4.370286327412676	
8641.2896	0.035200000000259024	RippleTimeIntervals					8641.3088	0.5707642899484485	
8642.912	0.03679999999985739	RippleTimeIntervals					8642.9208	2.6340088251563345	
8648.3496	0.07120000000031723	RippleTimeIntervals					8648.3568	1.7676860992138625	
8653.3328	0.03360000000066066	RippleTimeIntervals					8653.3496	1.8191522541269607	
8653.74	0.03440000000045984	RippleTimeIntervals					8653.7528	1.1726641764323873	
8653.8208	0.03280000000086147	RippleTimeIntervals					8653.8464	1.9611989185211396	
8660.0	19.0	SleepStates							REMstate
8680.0	23.0	SleepStates							WAKEstate
8694.618400000001	0.06079999999928987	RippleTimeIntervals					8694.662400000001	1.0609417220136235	
8695.1464	0.060800000001108856	RippleTimeIntervals					8695.168800000001	2.37898271082984	
8696.2216	0.022399999999834108	RippleTimeIntervals					8696.24	0.511078601795539	
8696.4344	0.02480000000105065	RippleTimeIntervals					8696.452000000001	1.3167067633037635	
8699.583200000001	0.023999999999432475	RippleTimeIntervals					8699.5912	0.407819367268391	
8701.5232	0.03840000000127475	RippleTimeIntervals					8701.5496	1.5598261725737297	
8701.6432	0.040000000000873115	RippleTimeIntervals					8701.664	1.4202647590792314	
8701.8272	0.037600000001475564	RippleTimeIntervals					8701.836000000001	4.892933952296073	
8701.9776	0.051199999999880674	RippleTimeIntervals					8702.003200000001	4.230748531409822	
8702.3272	0.060800000001108856	RippleTimeIntervals					8702.364	4.295811941233549	
8704.0	181.0	SleepStates							NREMstate
8705.9416	0.028000000000247383	RippleTimeIntervals					8705.9504	1.5651026501292404	
8706.5232	0.07999999999992724	RippleTimeIntervals					8706.54	2.1850792245358592	
8707.996000000001	0.03919999999925494	RippleTimeIntervals					8708.0272	2.5072822297489172	
8711.960000000001	0.03919999999925494	RippleTimeIntervals					8711.988800000001	0.518392713256575	
8712.3128	0.06400000000030559	RippleTimeIntervals					8712.329600000001	1.3297549414763294	
8712.8776	0.02080000000023574	RippleTimeIntervals					8712.8824	0.5990669544158538	
8712.9944	0.0544000000008964	RippleTimeIntervals					8712.9992	0.9721859885085165	
8713.1704	0.05199999999967986	RippleTimeIntervals					8713.1976	0.8363768315249525	
8713.6216	0.028000000000247383	RippleTimeIntervals					8713.6368	0.7527116518544815	
8715.415200000001	0.02479999999923166	RippleTimeIntervals					8715.424	1.0180552238650389	
8717.6344	0.03839999999945576	RippleTimeIntervals					8717.6432	0.5562233577913789	
8718.1392	0.0272000000004482	RippleTimeIntervals					8718.1496	2.0448919788433746	
8718.2592	0.0632000000005064	RippleTimeIntervals					8718.2976	3.4875420068054974	
8719.7936	0.023199999999633292	RippleTimeIntervals					8719.8096	0.7358479475008388	
8720.6872	0.020000000000436557	RippleTimeIntervals					8720.692000000001	0.7281530013571236	
8721.944000000001	0.027999999998428393	RippleTimeIntervals					8721.956	0.8635644224944902	
8722.2096	0.06639999999970314	RippleTimeIntervals					8722.228000000001	1.593207453692421	
8725.9264	0.022399999999834108	RippleTimeIntervals					8725.932	1.671038991396421	
8731.2	0.051199999999880674	RippleTimeIntervals					8731.2192	1.2548822550229517	
8732.876	0.0680000000011205	RippleTimeIntervals					8732.9048	4.172012492052826	
8733.4848	0.03600000000005821	RippleTimeIntervals					8733.4992	1.8860772015139444	
8734.5072	0.035200000000259024	RippleTimeIntervals					8734.512	0.4637640167238151	
8736.28	0.030399999999644933	RippleTimeIntervals					8736.292800000001	0.9822373141151803	
8739.2288	0.02959999999984575	RippleTimeIntervals					8739.2408	1.098806944053255	
8739.8176	0.06160000000090804	RippleTimeIntervals					8739.8392	2.8137857617271678	
8739.9264	0.03360000000066066	RippleTimeIntervals					8739.944000000001	0.8688271037803995	
8740.2168	0.08240000000114378	RippleTimeIntervals					8740.2744	1.4612119866192144	
8740.916000000001	0.030399999999644933	RippleTimeIntervals					8740.9392	1.2392801599171652	
8741.4024	0.046399999999266583	RippleTimeIntervals					8741.4264	0.5441108624477021	
8742.119200000001	0.026399999998830026	RippleTimeIntervals					8742.133600000001	0.49854943959588777	
8745.3112	0.037599999999656575	RippleTimeIntervals					8745.324	0.7174646137753189	
8745.7456	0.06639999999970314	RippleTimeIntervals					8745.768	1.5364639724184406	
8746.647200000001	0.025599999999030842	RippleTimeIntervals					8746.66	1.5255918114664626	
8747.2456	0.037599999999656575	RippleTimeIntervals					8747.270400000001	2.5797978462040683	
8747.4408	0.07200000000011642	RippleTimeIntervals					8747.4688	2.4018951290523187	
8747.6744	0.056000000000494765	RippleTimeIntervals					8747.706400000001	1.3274710379492776	
8747.8896	0.03440000000045984	RippleTimeIntervals					8747.904	3.152035135898209	
8747.967200000001	0.035200000000259024	RippleTimeIntervals					8747.981600000001	3.9589551472887776	
8748.8696	0.03600000000005821	RippleTimeIntervals					8748.8744	0.6427019077500468	
8753.5712	0.03919999999925494	RippleTimeIntervals					8753.5816	2.703611957942935	
8753.688	0.040000000000873115	RippleTimeIntervals					8753.7088	2.1117450497420633	
8755.8344	0.028800000000046566	RippleTimeIntervals					8755.8416	2.1070105569793514	
8756.038400000001	0.02079999999841675	RippleTimeIntervals					8756.0512	0.7223578529937604	
8756.727200000001	0.03679999999985739	RippleTimeIntervals					8756.752	0.5243471918074829	
8763.3784	0.030400000001463923	RippleTimeIntervals					8763.396	2.7742392221253507	
8764.2408	0.02320000000145228	RippleTimeIntervals					8764.2456	0.9413615785451537	
8765.4584	0.024000000001251465	RippleTimeIntervals					8765.4784	0.43746204770263014	
8765.959200000001	0.0455999999994674	RippleTimeIntervals					8765.9704	3.1353229945966175	
8768.584	0.03600000000005821	RippleTimeIntervals					8768.5864	0.5819508863192752	
8769.3056	0.08320000000094296	RippleTimeIntervals					8769.3664	3.4564860771950765	
8769.560800000001	0.03600000000005821	RippleTimeIntervals					8769.5792	2.2460874188154083	
8770.0272	0.028000000000247383	RippleTimeIntervals					8770.0432	0.7337380739446027	
8771.829600000001	0.02080000000023574	RippleTimeIntervals					8771.8344	0.8130021063242229	
8772.503200000001	0.025599999999030842	RippleTimeIntervals					8772.5128	0.737687012222506	
8772.9272	0.0591999999996915	RippleTimeIntervals					8772.9728	2.701002367014812	
8774.6952	0.037599999999656575	RippleTimeIntervals					8774.7168	1.4380955726873503	
8775.792800000001	0.04799999999886495	RippleTimeIntervals					8775.82	1.233546947170586	
8776.0	0.03360000000066066	RippleTimeIntervals					8776.0112	1.1624788113763866	
8776.892	0.03280000000086147	RippleTimeIntervals					8776.9024	1.3873167272236322	
8776.966400000001	0.04079999999885331	RippleTimeIntervals					8776.9752	1.6385284360602836	
8777.108	0.03839999999945576	RippleTimeIntervals					8777.1224	3.4084839560429914	
8777.3088	0.04160000000047148	RippleTimeIntervals					8777.321600000001	0.7917904196373614	
8781.9336	0.020000000000436557	RippleTimeIntervals					8781.938400000001	0.4141851416495347	
8782.0304	0.03280000000086147	RippleTimeIntervals					8782.0568	0.862585574291136	
8782.3264	0.021600000000034925	RippleTimeIntervals					8782.344000000001	1.2944259081096205	
8782.9192	0.03440000000045984	RippleTimeIntervals					8782.9288	0.4484408157137649	
8783.276	0.048800000000483124	RippleTimeIntervals					8783.3024	3.6599796606151704	
8783.4768	0.023199999999633292	RippleTimeIntervals					8783.4856	2.0553653196789092	
8784.0696	0.042400000000270666	RippleTimeIntervals					8784.0776	0.9963125155959163	
8784.3456	0.02479999999923166	RippleTimeIntervals					8784.3544	0.8092550200016417	
8789.887200000001	0.02080000000023574	RippleTimeIntervals					8789.8912	0.4983822675026144	
8793.3016	0.030399999999644933	RippleTimeIntervals					8793.324	1.220219140665022	
8793.3952	0.04960000000028231	RippleTimeIntervals					8793.424	1.2869254440335685	
8793.886400000001	0.026399999998830026	RippleTimeIntervals					8793.900800000001	0.9093755113101926	
8795.9696	0.023199999999633292	RippleTimeIntervals					8795.9752	0.47506637896240395	
8800.7224	0.035200000000259024	RippleTimeIntervals					8800.7336	1.829767711374949	
8804.5432	0.03200000000106229	RippleTimeIntervals					8804.5624	1.007650570489996	
8806.9504	0.028000000000247383	RippleTimeIntervals					8806.964	0.6953574733416173	
8809.7392	0.030399999999644933	RippleTimeIntervals					8809.7584	2.516369121971371	
8809.8712	0.07840000000032887	RippleTimeIntervals					8809.8896	1.9378851575441596	
8812.6344	0.028800000000046566	RippleTimeIntervals					8812.640000000001	1.3272620236056558	
8816.299200000001	0.022399999999834108	RippleTimeIntervals					8816.3032	0.5238823559607105	
8817.3528	0.0272000000004482	RippleTimeIntervals					8817.372800000001	0.5799664712975928	
8817.6072	0.05279999999947904	RippleTimeIntervals					8817.6488	1.8603591361579848	
8817.7904	0.020000000000436557	RippleTimeIntervals					8817.7976	4.327469544231352	
8817.8712	0.06880000000091968	RippleTimeIntervals					8817.9216	2.112449840641289	
8818.8096	0.021600000000034925	RippleTimeIntervals					8818.8232	2.0545967621291457	
8820.7648	0.05199999999967986	RippleTimeIntervals					8820.8048	1.3635766849521331	
8820.9968	0.056000000000494765	RippleTimeIntervals					8821.0368	1.7271204621361762	
8821.1728	0.06559999999990396	RippleTimeIntervals					8821.1968	2.946024251882366	
8825.2296	0.0408000000006723	RippleTimeIntervals					8825.2592	1.271304282517593	
8825.8808	0.03440000000045984	RippleTimeIntervals					8825.8888	1.156880639532855	
8827.596	0.03280000000086147	RippleTimeIntervals					8827.62	1.3665205248706027	
8829.332	0.04320000000006985	RippleTimeIntervals					8829.3464	1.170957563733386	
8839.1792	0.03679999999985739	RippleTimeIntervals					8839.208	2.855940842609277	
8839.7912	0.026400000000649015	RippleTimeIntervals					8839.8032	2.475395938986005	
8839.886400000001	0.025599999999030842	RippleTimeIntervals					8839.896	0.6994127316597247	
8841.125600000001	0.025599999999030842	RippleTimeIntervals					8841.1352	1.1450205384659373	
8841.3192	0.03280000000086147	RippleTimeIntervals					8841.3384	0.795435281594189	
8843.776	0.053600000001097214	RippleTimeIntervals					8843.813600000001	3.4119072251685485	
8844.228000000001	0.04799999999886495	RippleTimeIntervals					8844.2376	0.5734568207461819	
8845.4352	0.07440000000133296	RippleTimeIntervals					8845.466400000001	1.6911698974998899	
8845.640800000001	0.05279999999947904	RippleTimeIntervals					8845.6632	1.7955582699451145	
8845.799200000001	0.04719999999906577	RippleTimeIntervals					8845.8344	3.598129362721361	
8846.0584	0.03600000000005821	RippleTimeIntervals					8846.068000000001	0.7148667812785279	
8846.268	0.07120000000031723	RippleTimeIntervals					8846.28	3.992229617562883	
8846.4328	0.03919999999925494	RippleTimeIntervals					8846.4584	0.4979554718842906	
8846.8128	0.0272000000004482	RippleTimeIntervals					8846.832	1.542992036701263	
8846.908000000001	0.02719999999862921	RippleTimeIntervals					8846.922400000001	1.1009330756706381	
8847.1	0.05199999999967986	RippleTimeIntervals					8847.1288	0.7917022499380642	
8848.5192	0.02959999999984575	RippleTimeIntervals					8848.532000000001	0.7488256060786408	
8850.6424	0.03600000000005821	RippleTimeIntervals					8850.6664	3.0717627379947134	
8851.512	0.0272000000004482	RippleTimeIntervals					8851.5328	0.44507400440889844	
8852.655200000001	0.07679999999891152	RippleTimeIntervals					8852.7248	0.4340841229819081	
8855.3352	0.05520000000069558	RippleTimeIntervals					8855.3776	2.2333733739342745	
8855.6416	0.05040000000008149	RippleTimeIntervals					8855.664	3.983017484189415	
8858.568000000001	0.037599999999656575	RippleTimeIntervals					8858.5816	5.243500762657761	
8859.3528	0.030399999999644933	RippleTimeIntervals					8859.376	1.1523607184398263	
8860.2792	0.020000000000436557	RippleTimeIntervals					8860.2912	1.1761774486541463	
8866.1376	0.028800000000046566	RippleTimeIntervals					8866.161600000001	0.6387219565525427	
8868.865600000001	0.021600000000034925	RippleTimeIntervals					8868.8736	0.8889741178859292	
8870.038400000001	0.04079999999885331	RippleTimeIntervals					8870.0712	0.46162281147326106	
8870.772	0.0591999999996915	RippleTimeIntervals					8870.784800000001	1.7472547645970695	
8870.9584	0.02320000000145228	RippleTimeIntervals					8870.9688	3.4320820654905573	
8871.024000000001	0.032799999999042484	RippleTimeIntervals					8871.0328	0.6272649631871166	
8873.4352	0.11040000000139116	RippleTimeIntervals					8873.5144	0.7145560841666013	
8881.7304	0.06400000000030559	RippleTimeIntervals					8881.7456	0.9083414759093545	
8881.8304	0.026399999998830026	RippleTimeIntervals					8881.8392	1.5516567795833704	
8884.7744	0.021600000000034925	RippleTimeIntervals					8884.784800000001	0.837887047676295	
8886.0	86.0	SleepStates							REMstate
8889.995200000001	0.08639999999832071	RippleTimeIntervals					8890.003200000001	2.1427920179921895	
8895.904	0.030399999999644933	RippleTimeIntervals					8895.9264	1.0270102700937032	
8973.0	23.0	SleepStates							WAKEstate
8996.484	0.023999999999432475	RippleTimeIntervals					8996.504	0.4904772872413769	
8997.0	344.0	SleepStates							NREMstate
8997.1136	0.0319999999992433	RippleTimeIntervals					8997.1424	0.42772947502826353	
8999.1344	0.02959999999984575	RippleTimeIntervals					8999.1568	0.8190812594306129	
8999.256000000001	0.04399999999986903	RippleTimeIntervals					8999.292800000001	1.046013160916984	
9002.6088	0.028000000000247383	RippleTimeIntervals					9002.6288	1.8424179840927453	
9002.7728	0.04399999999986903	RippleTimeIntervals					9002.7864	2.659734320387929	
9005.4712	0.035200000000259024	RippleTimeIntervals					9005.5008	0.5669464518261454	
9005.8768	0.040000000000873115	RippleTimeIntervals					9005.8984	0.569646500856407	
9006.3232	0.028800000000046566	RippleTimeIntervals					9006.336000000001	1.3340383718323685	
9007.452800000001	0.042400000000270666	RippleTimeIntervals					9007.4584	0.8195063741223358	
9010.0984	0.0319999999992433	RippleTimeIntervals					9010.1032	0.5913656885351151	
9010.3456	0.0319999999992433	RippleTimeIntervals					9010.3544	0.699616974977617	
9010.5112	0.031199999999444117	RippleTimeIntervals					9010.5352	0.9873458102171134	
9017.6752	0.037600000001475564	RippleTimeIntervals					9017.699200000001	2.1782283988374194	
9017.9488	0.03600000000005821	RippleTimeIntervals					9017.9624	0.44223242809407504	
9018.299200000001	0.037599999999656575	RippleTimeIntervals					9018.32	3.319121204585247	
9019.6288	0.044799999999668216	RippleTimeIntervals					9019.6512	0.8899713160432868	
9023.1936	0.037599999999656575	RippleTimeIntervals					9023.2168	4.136285895835134	
9023.5152	0.06240000000070722	RippleTimeIntervals					9023.528	2.4017685706246543	
9024.691200000001	0.026399999998830026	RippleTimeIntervals					9024.712	1.2416709580881327	
9028.2696	0.022400000001653098	RippleTimeIntervals					9028.284800000001	1.3647309432162573	
9028.4656	0.031200000001263106	RippleTimeIntervals					9028.4752	1.5753443257606585	
9028.6064	0.07359999999971478	RippleTimeIntervals					9028.672	1.018541340848144	
9029.1528	0.02959999999984575	RippleTimeIntervals					9029.1672	0.8498837379686902	
9029.8736	0.037599999999656575	RippleTimeIntervals					9029.8816	1.232712360225877	
9032.056	0.0272000000004482	RippleTimeIntervals					9032.068800000001	1.13952982591666	
9032.6664	0.060800000001108856	RippleTimeIntervals					9032.6792	1.2503725713648386	
9032.8424	0.03680000000167638	RippleTimeIntervals					9032.8672	1.2964387353550881	
9033.1224	0.028800000000046566	RippleTimeIntervals					9033.136	1.6541558439299429	
9033.3328	0.03839999999945576	RippleTimeIntervals					9033.3608	3.068692944073329	
9033.94	0.053599999999278225	RippleTimeIntervals					9033.9768	1.3087950617830504	
9035.828800000001	0.030399999999644933	RippleTimeIntervals					9035.850400000001	0.8363030938501325	
9038.3456	0.023199999999633292	RippleTimeIntervals					9038.364	0.8011490623298896	
9050.865600000001	0.035200000000259024	RippleTimeIntervals					9050.8928	1.1905010664814781	
9051.5152	0.10560000000077707	RippleTimeIntervals					9051.5792	1.9432223564255244	
9051.9	0.031200000001263106	RippleTimeIntervals					9051.92	2.6644392244248767	
9052.388	0.042400000000270666	RippleTimeIntervals					9052.393600000001	1.0671153004672667	
9054.516800000001	0.02719999999862921	RippleTimeIntervals					9054.5336	0.5159603951982774	
9055.5992	0.02479999999923166	RippleTimeIntervals					9055.6176	1.4245988444056275	
9057.3048	0.0544000000008964	RippleTimeIntervals					9057.315200000001	1.2788114219726625	
9057.44	0.08959999999933643	RippleTimeIntervals					9057.4936	3.3812587595909482	
9057.8352	0.030400000001463923	RippleTimeIntervals					9057.8536	0.825745921152115	
9058.1208	0.039999999999054126	RippleTimeIntervals					9058.1384	1.6471423703871932	
9058.720000000001	0.08399999999892316	RippleTimeIntervals					9058.792800000001	2.241678793482649	
9058.972	0.022399999999834108	RippleTimeIntervals					9058.981600000001	0.7492159457503482	
9059.4696	0.025600000000849832	RippleTimeIntervals					9059.484	3.7585969210172507	
9059.7224	0.03919999999925494	RippleTimeIntervals					9059.742400000001	1.5600656531035284	
9059.8392	0.05199999999967986	RippleTimeIntervals					9059.864	3.247858454313364	
9059.9912	0.048800000000483124	RippleTimeIntervals					9060.024000000001	5.040638266420675	
9060.0792	0.04640000000108557	RippleTimeIntervals					9060.118400000001	1.0622453758711348	
9060.892	0.06960000000071886	RippleTimeIntervals					9060.9104	2.2347063174962583	
9061.2608	0.023199999999633292	RippleTimeIntervals					9061.2752	0.82825108042629	
9066.0712	0.028000000000247383	RippleTimeIntervals					9066.083200000001	2.184416939983769	
9067.5808	0.05520000000069558	RippleTimeIntervals					9067.596800000001	4.985925052907001	
9067.7536	0.03679999999985739	RippleTimeIntervals					9067.770400000001	4.5759988598332955	
9068.1656	0.02080000000023574	RippleTimeIntervals					9068.1744	0.8469047978548965	
9069.3624	0.020000000000436557	RippleTimeIntervals					9069.372000000001	2.1583781630166645	
9069.576000000001	0.037599999999656575	RippleTimeIntervals					9069.5888	4.248750288613532	
9070.0152	0.044800000001487206	RippleTimeIntervals					9070.0376	1.7720023767091524	
9070.6584	0.06559999999990396	RippleTimeIntervals					9070.6952	3.1193495104345716	
9070.9	0.0544000000008964	RippleTimeIntervals					9070.9416	4.3187673556481165	
9071.0016	0.07760000000052969	RippleTimeIntervals					9071.0592	2.087159860345788	
9071.1936	0.08719999999993888	RippleTimeIntervals					9071.2624	1.3691989301316647	
9073.6424	0.022399999999834108	RippleTimeIntervals					9073.652	1.5176135152837966	
9076.5192	0.026400000000649015	RippleTimeIntervals					9076.5408	0.6761805294895418	
9077.4112	0.026400000000649015	RippleTimeIntervals					9077.416000000001	0.7173965628154407	
9077.5936	0.03600000000005821	RippleTimeIntervals					9077.5992	1.228623125224783	
9081.8048	0.03360000000066066	RippleTimeIntervals					9081.8304	2.1162991794803268	
9083.2144	0.06079999999928987	RippleTimeIntervals					9083.227200000001	1.8056613899390965	
9083.8328	0.035200000000259024	RippleTimeIntervals					9083.850400000001	5.389064500225973	
9083.9752	0.028000000000247383	RippleTimeIntervals					9083.980800000001	1.805354472051081	
9086.7088	0.03360000000066066	RippleTimeIntervals					9086.736	0.6647421142320112	
9086.9856	0.028800000000046566	RippleTimeIntervals					9087.0016	1.6982531853606366	
9087.508	0.0904000000009546	RippleTimeIntervals					9087.5664	2.1070638903917316	
9087.724	0.04320000000006985	RippleTimeIntervals					9087.7448	4.769415035037721	
9088.292000000001	0.03439999999864085	RippleTimeIntervals					9088.3104	0.5129417465745946	
9088.3808	0.04079999999885331	RippleTimeIntervals					9088.4144	0.6382293014577908	
9088.456	0.05680000000029395	RippleTimeIntervals					9088.4752	2.867488129241956	
9088.5568	0.025600000000849832	RippleTimeIntervals					9088.567200000001	2.162730915177767	
9094.4784	0.022399999999834108	RippleTimeIntervals					9094.4928	1.0716082246087157	
9095.3752	0.046399999999266583	RippleTimeIntervals					9095.4056	1.2605001958564084	
9095.6376	0.028800000000046566	RippleTimeIntervals					9095.655200000001	5.340828213025928	
9095.708	0.026400000000649015	RippleTimeIntervals					9095.7168	1.4256401880993486	
9096.5256	0.030399999999644933	RippleTimeIntervals					9096.5432	0.6368032636402762	
9097.474400000001	0.039999999999054126	RippleTimeIntervals					9097.488800000001	0.4001220899747968	
9097.8992	0.042400000000270666	RippleTimeIntervals					9097.908000000001	2.2758397602284672	
9098.4624	0.05999999999949068	RippleTimeIntervals					9098.4912	2.4877950584654154	
9098.544	0.04160000000047148	RippleTimeIntervals					9098.572	2.1430659779518493	
9098.6416	0.06559999999990396	RippleTimeIntervals					9098.683200000001	1.9488721083300635	
9098.8672	0.07120000000031723	RippleTimeIntervals					9098.9216	0.8558625301752966	
9099.2592	0.1087999999999738	RippleTimeIntervals					9099.3104	2.6045280328729885	
9102.3616	0.03200000000106229	RippleTimeIntervals					9102.3664	0.5913184854658774	
9102.6	0.028000000000247383	RippleTimeIntervals					9102.6208	1.1041742701625321	
9102.7752	0.04320000000006985	RippleTimeIntervals					9102.792000000001	0.6288761168648468	
9105.9632	0.03600000000005821	RippleTimeIntervals					9105.9872	1.0508840328915807	
9109.2112	0.05200000000149885	RippleTimeIntervals					9109.248800000001	0.49085712139223503	
9109.456	0.028800000000046566	RippleTimeIntervals					9109.464	0.4883744725801008	
9110.3448	0.026399999998830026	RippleTimeIntervals					9110.364	1.1109448633014352	
9110.9208	0.03600000000005821	RippleTimeIntervals					9110.938400000001	2.172753446010607	
9121.7752	0.047200000000884756	RippleTimeIntervals					9121.7872	1.9778163936019888	
9121.92	0.06160000000090804	RippleTimeIntervals					9121.9504	2.9985919181949066	
9122.0696	0.0727999999999156	RippleTimeIntervals					9122.1216	3.0305284542495134	
9122.4424	0.020000000000436557	RippleTimeIntervals					9122.4536	1.79487461449907	
9123.1792	0.02959999999984575	RippleTimeIntervals					9123.184000000001	1.5766695119908523	
9123.481600000001	0.05040000000008149	RippleTimeIntervals					9123.4928	1.7142570383562827	
9123.576000000001	0.0591999999996915	RippleTimeIntervals					9123.6248	1.0554439309291597	
9123.68	0.026400000000649015	RippleTimeIntervals					9123.6936	1.535628676186063	
9125.3192	0.03360000000066066	RippleTimeIntervals					9125.3384	0.7557625513649489	
9125.568000000001	0.04719999999906577	RippleTimeIntervals					9125.6072	2.142733956408425	
9125.6872	0.044799999999668216	RippleTimeIntervals					9125.7024	0.47853473203566216	
9125.9944	0.028800000000046566	RippleTimeIntervals					9126.003200000001	1.7898289490603383	
9126.1144	0.025600000000849832	RippleTimeIntervals					9126.132800000001	2.7970636626107663	
9126.2616	0.03360000000066066	RippleTimeIntervals					9126.2792	1.694054138632993	
9126.3352	0.06640000000152213	RippleTimeIntervals					9126.3912	3.0060203380272372	
9127.1752	0.025600000000849832	RippleTimeIntervals					9127.188	0.6859378740573363	
9129.502400000001	0.027999999998428393	RippleTimeIntervals					9129.5136	0.8999319006360665	
9129.6464	0.02080000000023574	RippleTimeIntervals					9129.654400000001	2.3609284659300562	
9131.3776	0.02080000000023574	RippleTimeIntervals					9131.386400000001	0.7571463641846944	
9136.0136	0.0272000000004482	RippleTimeIntervals					9136.0336	1.3750944276855508	
9136.9944	0.06000000000130967	RippleTimeIntervals					9137.0304	2.3131265217388925	
9137.5488	0.05279999999947904	RippleTimeIntervals					9137.584	2.316754170490834	
9138.4584	0.047200000000884756	RippleTimeIntervals					9138.4864	0.6511818365163816	
9138.548	0.04399999999986903	RippleTimeIntervals					9138.5776	2.395930537745571	
9142.154400000001	0.022399999999834108	RippleTimeIntervals					9142.1728	0.5859320213225921	
9144.712800000001	0.031199999999444117	RippleTimeIntervals					9144.7368	0.5533932024487423	
9145.9168	0.07679999999891152	RippleTimeIntervals					9145.9856	1.399920729850791	
9147.698400000001	0.02479999999923166	RippleTimeIntervals					9147.7112	0.9207286920788578	
9158.857600000001	0.04159999999865249	RippleTimeIntervals					9158.8712	0.7890873798397134	
9161.264000000001	0.032799999999042484	RippleTimeIntervals					9161.2744	2.577701803571428	
9163.0728	0.05680000000029395	RippleTimeIntervals					9163.081600000001	3.0394217365460974	
9163.2896	0.07200000000011642	RippleTimeIntervals					9163.3304	1.8495135968638083	
9164.4072	0.03200000000106229	RippleTimeIntervals					9164.4312	0.9174669498682533	
9164.5152	0.09280000000035216	RippleTimeIntervals					9164.597600000001	3.0547648737894786	
9168.8264	0.03600000000005821	RippleTimeIntervals					9168.8496	0.7967763033983063	
9171.2872	0.02479999999923166	RippleTimeIntervals					9171.304	1.0555356757865577	
9171.915200000001	0.0319999999992433	RippleTimeIntervals					9171.9312	2.642649560435116	
9175.2608	0.02480000000105065	RippleTimeIntervals					9175.2648	0.430220827114756	
9179.597600000001	0.058399999999892316	RippleTimeIntervals					9179.628	3.1975175618290788	
9181.618400000001	0.05199999999967986	RippleTimeIntervals					9181.655200000001	2.435713761206481	
9182.3192	0.028800000000046566	RippleTimeIntervals					9182.3256	1.7527307767900437	
9187.916000000001	0.05199999999967986	RippleTimeIntervals					9187.9392	4.443934549937254	
9188.1088	0.047200000000884756	RippleTimeIntervals					9188.1288	0.4554392764053751	
9188.5864	0.02959999999984575	RippleTimeIntervals					9188.6016	3.5285731077581737	
9188.7224	0.05680000000029395	RippleTimeIntervals					9188.7608	2.708214815989572	
9189.1928	0.03440000000045984	RippleTimeIntervals					9189.2096	3.9678491987956224	
9189.7336	0.025600000000849832	RippleTimeIntervals					9189.7392	1.724908769034265	
9190.0288	0.10319999999956053	RippleTimeIntervals					9190.0416	0.8379659745574988	
9190.3976	0.04640000000108557	RippleTimeIntervals					9190.416000000001	2.4055929600942756	
9191.6824	0.047200000000884756	RippleTimeIntervals					9191.720800000001	0.4027748547760536	
9195.204	0.0272000000004482	RippleTimeIntervals					9195.224	0.6304194572258827	
9195.3632	0.0544000000008964	RippleTimeIntervals					9195.3952	1.1300296683415028	
9196.9184	0.028800000000046566	RippleTimeIntervals					9196.924	0.8967878596914053	
9197.7032	0.044799999999668216	RippleTimeIntervals					9197.7264	2.140350049582456	
9197.8968	0.03360000000066066	RippleTimeIntervals					9197.9184	2.75650047344003	
9198.081600000001	0.02959999999984575	RippleTimeIntervals					9198.1032	1.5456377906213496	
9198.626400000001	0.028000000000247383	RippleTimeIntervals					9198.632	1.1667180574865805	
9202.2952	0.03280000000086147	RippleTimeIntervals					9202.300000000001	0.5735017051009429	
9203.4128	0.03360000000066066	RippleTimeIntervals					9203.4216	1.4002246222515344	
9203.704	0.028800000000046566	RippleTimeIntervals					9203.7256	0.6569637092631091	
9204.155200000001	0.03600000000005821	RippleTimeIntervals					9204.172	1.247563376499923	
9208.004	0.0272000000004482	RippleTimeIntervals					9208.012	1.4888146170940928	
9210.056	0.021600000000034925	RippleTimeIntervals					9210.0632	1.0593487670711648	
9212.8472	0.051199999999880674	RippleTimeIntervals					9212.8664	2.4788566506125	
9213.5488	0.042400000000270666	RippleTimeIntervals					9213.567200000001	4.163976363685146	
9213.6952	0.05760000000009313	RippleTimeIntervals					9213.728000000001	1.761744826360326	
9216.8704	0.03440000000045984	RippleTimeIntervals					9216.887200000001	1.7256154269312338	
9220.9864	0.040000000000873115	RippleTimeIntervals					9221.0184	1.8395865885751128	
9223.2528	0.021600000000034925	RippleTimeIntervals					9223.2576	0.7099834811541058	
9223.6944	0.037599999999656575	RippleTimeIntervals					9223.728000000001	0.4587491006875424	
9223.8712	0.06240000000070722	RippleTimeIntervals					9223.8992	2.6884290303564415	
9224.136	0.03360000000066066	RippleTimeIntervals					9224.1536	3.705052355987795	
9226.155200000001	0.023999999999432475	RippleTimeIntervals					9226.16	0.5912998387683427	
9226.8832	0.058399999999892316	RippleTimeIntervals					9226.9288	1.0731283060040022	
9227.1536	0.037600000001475564	RippleTimeIntervals					9227.1664	1.3810324625374082	
9227.263200000001	0.051199999999880674	RippleTimeIntervals					9227.296	1.678388039178021	
9228.118400000001	0.03439999999864085	RippleTimeIntervals					9228.1416	0.9410566903900744	
9228.3112	0.040000000000873115	RippleTimeIntervals					9228.335200000001	2.0549059657177677	
9230.7824	0.028800000000046566	RippleTimeIntervals					9230.807200000001	0.8603877209320319	
9230.8848	0.053600000001097214	RippleTimeIntervals					9230.922400000001	2.2400270651194987	
9231.1248	0.030400000001463923	RippleTimeIntervals					9231.148000000001	1.3129930903054468	
9233.0568	0.026400000000649015	RippleTimeIntervals					9233.067200000001	0.5782750644670326	
9233.3464	0.03360000000066066	RippleTimeIntervals					9233.365600000001	0.8310961749668041	
9237.7584	0.03440000000045984	RippleTimeIntervals					9237.768	0.9893236937430246	
9238.6368	0.0272000000004482	RippleTimeIntervals					9238.656	0.45248957825195035	
9248.284	0.03360000000066066	RippleTimeIntervals					9248.2952	2.080895190747616	
9248.3744	0.05999999999949068	RippleTimeIntervals					9248.3952	2.8564492163343846	
9250.6232	0.03360000000066066	RippleTimeIntervals					9250.632800000001	0.8493490879856894	
9251.4288	0.035200000000259024	RippleTimeIntervals					9251.44	1.2881991835945603	
9252.7304	0.04960000000028231	RippleTimeIntervals					9252.7552	1.6971885636982873	
9255.0784	0.023199999999633292	RippleTimeIntervals					9255.090400000001	0.8096219260414348	
9255.8736	0.021600000000034925	RippleTimeIntervals					9255.8784	0.6405364698125725	
9257.1296	0.040000000000873115	RippleTimeIntervals					9257.140800000001	1.6509934451083226	
9257.2816	0.0272000000004482	RippleTimeIntervals					9257.288	1.6768808692909185	
9259.199200000001	0.026399999998830026	RippleTimeIntervals					9259.2192	2.282169713545744	
9259.720000000001	0.028800000000046566	RippleTimeIntervals					9259.7296	0.5835596827537076	
9261.0712	0.0632000000005064	RippleTimeIntervals					9261.0856	3.358192954258461	
9262.248	0.047200000000884756	RippleTimeIntervals					9262.288	0.8277381263038708	
9263.0344	0.06240000000070722	RippleTimeIntervals					9263.072	3.067571282978483	
9264.052800000001	0.031199999999444117	RippleTimeIntervals					9264.060800000001	0.471283088693352	
9269.437600000001	0.03359999999884167	RippleTimeIntervals					9269.445600000001	0.41027725406806503	
9269.772	0.021600000000034925	RippleTimeIntervals					9269.7864	0.9282997596695783	
9271.5872	0.058399999999892316	RippleTimeIntervals					9271.6136	2.6550165141646795	
9272.647200000001	0.03359999999884167	RippleTimeIntervals					9272.6736	2.2994280387356305	
9272.748800000001	0.03439999999864085	RippleTimeIntervals					9272.770400000001	1.1335948946331567	
9277.7912	0.06000000000130967	RippleTimeIntervals					9277.820800000001	3.2237709430039474	
9283.0768	0.048800000000483124	RippleTimeIntervals					9283.0912	4.304344455642355	
9283.5496	0.03280000000086147	RippleTimeIntervals					9283.5552	0.8734291018709716	
9284.6936	0.03360000000066066	RippleTimeIntervals					9284.7	0.5739090350995896	
9284.9752	0.0455999999994674	RippleTimeIntervals					9285.016800000001	0.5180617369554981	
9287.6728	0.03280000000086147	RippleTimeIntervals					9287.690400000001	1.7073290706297672	
9287.8112	0.04399999999986903	RippleTimeIntervals					9287.8376	2.162337969167706	
9290.0664	0.02959999999984575	RippleTimeIntervals					9290.0784	1.4253137471203696	
9293.072	0.056000000000494765	RippleTimeIntervals					9293.0872	0.5528143884647265	
9294.5872	0.03679999999985739	RippleTimeIntervals					9294.6168	1.924263704159423	
9294.699200000001	0.08560000000034051	RippleTimeIntervals					9294.7736	5.910460470082457	
9296.1528	0.024000000001251465	RippleTimeIntervals					9296.1608	0.7609296486223578	
9297.4784	0.05760000000009313	RippleTimeIntervals					9297.5112	2.697130973838969	
9297.6144	0.08159999999952561	RippleTimeIntervals					9297.672	1.745862019648875	
9297.7608	0.040000000000873115	RippleTimeIntervals					9297.7896	1.2829348088158874	
9297.9392	0.05760000000009313	RippleTimeIntervals					9297.9824	3.312540241582043	
9298.5352	0.028800000000046566	RippleTimeIntervals					9298.552	4.454209002511583	
9298.8048	0.06639999999970314	RippleTimeIntervals					9298.8464	2.4153156133360723	
9299.1296	0.04160000000047148	RippleTimeIntervals					9299.1584	4.5468804805903105	
9300.502400000001	0.03919999999925494	RippleTimeIntervals					9300.5336	1.011722399740943	
9302.7648	0.05519999999887659	RippleTimeIntervals					9302.7984	1.7819167669472824	
9302.9416	0.026400000000649015	RippleTimeIntervals					9302.9472	0.7181965106560316	
9305.504	0.025599999999030842	RippleTimeIntervals					9305.5144	0.6917736967036887	
9309.8752	0.037599999999656575	RippleTimeIntervals					9309.9056	0.9497152981305842	
9311.016800000001	0.04159999999865249	RippleTimeIntervals					9311.036	2.328609875626307	
9311.205600000001	0.025599999999030842	RippleTimeIntervals					9311.213600000001	0.6177202417155971	
9311.924	0.02959999999984575	RippleTimeIntervals					9311.936	1.536107421656976	
9312.140000000001	0.03839999999945576	RippleTimeIntervals					9312.1712	1.1112704134018019	
9312.3104	0.048800000000483124	RippleTimeIntervals					9312.316	1.7960871143518025	
9313.7264	0.03920000000107393	RippleTimeIntervals					9313.7408	2.0880774774831394	
9313.8664	0.03440000000045984	RippleTimeIntervals					9313.8888	1.4049936290120957	
9321.1016	0.06400000000030559	RippleTimeIntervals					9321.1512	2.0834696579878513	
9324.460000000001	0.02959999999984575	RippleTimeIntervals					9324.481600000001	0.8977801165637167	
9325.0072	0.044799999999668216	RippleTimeIntervals					9325.044	0.9229452239121242	
9326.8952	0.0319999999992433	RippleTimeIntervals					9326.924	0.42915060956501494	
9342.0	25.0	SleepStates							WAKEstate
9360.2392	0.026400000000649015	RippleTimeIntervals					9360.2592	0.6531486616959828	
9365.314400000001	0.027999999998428393	RippleTimeIntervals					9365.3344	1.391684058658001	
9365.6872	0.11039999999957217	RippleTimeIntervals					9365.776	5.29698747031666	
9368.0	127.0	SleepStates							NREMstate
9374.796	0.05520000000069558	RippleTimeIntervals					9374.8048	1.905285844622788	
9374.9072	0.04800000000068394	RippleTimeIntervals					9374.936800000001	1.8251770449634441	
9375.9392	0.028000000000247383	RippleTimeIntervals					9375.960000000001	0.8344303151557209	
9378.1152	0.030399999999644933	RippleTimeIntervals					9378.1208	0.5195469966767152	
9378.592	0.022399999999834108	RippleTimeIntervals					9378.6	1.2940726912120837	
9378.992	0.02080000000023574	RippleTimeIntervals					9379.0056	1.0628369744220807	
9379.1952	0.037599999999656575	RippleTimeIntervals					9379.227200000001	0.5707728786708843	
9381.444800000001	0.023999999999432475	RippleTimeIntervals					9381.4504	1.181774714598062	
9381.5544	0.028000000000247383	RippleTimeIntervals					9381.572	3.433493879585601	
9382.0056	0.02080000000023574	RippleTimeIntervals					9382.0152	0.6257914686745406	
9388.8704	0.02320000000145228	RippleTimeIntervals					9388.8888	0.5432031608270772	
9390.316	0.02479999999923166	RippleTimeIntervals					9390.3304	0.7060604544389558	
9390.850400000001	0.02479999999923166	RippleTimeIntervals					9390.8712	0.40706013425102167	
9391.7952	0.026400000000649015	RippleTimeIntervals					9391.799200000001	0.5560639009862993	
9392.445600000001	0.037599999999656575	RippleTimeIntervals					9392.4608	3.430873837154044	
9393.0704	0.06639999999970314	RippleTimeIntervals					9393.118400000001	2.4609256625752796	
9394.1056	0.058399999999892316	RippleTimeIntervals					9394.1392	2.7279938705618982	
9397.1248	0.04640000000108557	RippleTimeIntervals					9397.1344	2.100607462273306	
9398.2312	0.03200000000106229	RippleTimeIntervals					9398.256000000001	0.4918352874254186	
9400.4832	0.026400000000649015	RippleTimeIntervals					9400.4968	1.9726874386584075	
9401.9048	0.022399999999834108	RippleTimeIntervals					9401.9192	0.5971771767429697	
9402.1352	0.026400000000649015	RippleTimeIntervals					9402.1528	2.1903171448409493	
9402.556	0.02080000000023574	RippleTimeIntervals					9402.568800000001	1.4966460704280171	
9403.3896	0.037599999999656575	RippleTimeIntervals					9403.422400000001	0.4339471535982944	
9403.972	0.035200000000259024	RippleTimeIntervals					9403.981600000001	0.541743898040554	
9404.191200000001	0.025599999999030842	RippleTimeIntervals					9404.196	1.4724739388194679	
9405.2104	0.02080000000023574	RippleTimeIntervals					9405.2248	0.4402218364741439	
9405.6944	0.04160000000047148	RippleTimeIntervals					9405.7248	0.7318884951148519	
9409.4632	0.047200000000884756	RippleTimeIntervals					9409.488800000001	2.917541748034165	
9410.4696	0.02080000000023574	RippleTimeIntervals					9410.4832	0.5801850222000731	
9414.204	0.04160000000047148	RippleTimeIntervals					9414.2312	1.771682037079802	
9414.352	0.0319999999992433	RippleTimeIntervals					9414.364	1.4384156230356477	
9414.6464	0.0816000000013446	RippleTimeIntervals					9414.668	2.4866155494165922	
9415.3384	0.03360000000066066	RippleTimeIntervals					9415.3608	1.2943836543563898	
9415.8768	0.03200000000106229	RippleTimeIntervals					9415.896	0.7322907582803462	
9416.799200000001	0.05199999999967986	RippleTimeIntervals					9416.8128	1.1543591039231877	
9417.1656	0.06799999999930151	RippleTimeIntervals					9417.1816	2.2487913383213503	
9418.0512	0.06639999999970314	RippleTimeIntervals					9418.0712	1.8168954867256768	
9418.9864	0.08240000000114378	RippleTimeIntervals					9419.016800000001	3.1841290488575114	
9419.1592	0.05760000000009313	RippleTimeIntervals					9419.2016	4.1893429335439185	
9419.8544	0.026400000000649015	RippleTimeIntervals					9419.872800000001	1.3232093633214952	
9423.4632	0.06240000000070722	RippleTimeIntervals					9423.468	0.4728372322330992	
9423.784800000001	0.02479999999923166	RippleTimeIntervals					9423.799200000001	1.9427766725036004	
9423.8704	0.06720000000132131	RippleTimeIntervals					9423.912	4.103762383217284	
9424.068000000001	0.03600000000005821	RippleTimeIntervals					9424.089600000001	2.6076932754765965	
9425.081600000001	0.03599999999823922	RippleTimeIntervals					9425.096800000001	1.108579418437789	
9425.4432	0.03360000000066066	RippleTimeIntervals					9425.4576	0.9209865319515864	
9427.4624	0.028800000000046566	RippleTimeIntervals					9427.468	0.9011751903092786	
9427.575200000001	0.0319999999992433	RippleTimeIntervals					9427.588800000001	0.47763387995983697	
9427.9256	0.05199999999967986	RippleTimeIntervals					9427.9312	1.3374341421928173	
9431.0376	0.0727999999999156	RippleTimeIntervals					9431.0872	1.455269567434132	
9432.948	0.0544000000008964	RippleTimeIntervals					9432.9712	1.7974656561084101	
9433.270400000001	0.02479999999923166	RippleTimeIntervals					9433.276	0.887525018544682	
9434.1128	0.0319999999992433	RippleTimeIntervals					9434.125600000001	3.3764354854602154	
9434.583200000001	0.06639999999970314	RippleTimeIntervals					9434.6392	1.9406590412054996	
9434.7648	0.04399999999986903	RippleTimeIntervals					9434.7888	3.1274968682752085	
9434.9544	0.023199999999633292	RippleTimeIntervals					9434.973600000001	0.8984109015450751	
9439.164	0.07840000000032887	RippleTimeIntervals					9439.197600000001	0.8818653925471452	
9440.0568	0.0408000000006723	RippleTimeIntervals					9440.068000000001	2.1167195690132514	
9440.1928	0.02080000000023574	RippleTimeIntervals					9440.2032	1.5514693745169759	
9441.6008	0.04640000000108557	RippleTimeIntervals					9441.6368	1.7169240045592509	
9444.7504	0.051199999999880674	RippleTimeIntervals					9444.7616	2.553937015812198	
9446.9848	0.035200000000259024	RippleTimeIntervals					9447.0072	0.8637920662808407	
9447.768	0.03200000000106229	RippleTimeIntervals					9447.7872	3.5422827190168706	
9449.0872	0.04160000000047148	RippleTimeIntervals					9449.1208	0.8724555309669025	
9450.2288	0.03679999999985739	RippleTimeIntervals					9450.249600000001	1.178077627279178	
9450.7624	0.028800000000046566	RippleTimeIntervals					9450.7672	0.7765268635540127	
9450.9344	0.03440000000045984	RippleTimeIntervals					9450.9496	2.6535020628633617	
9451.5488	0.06559999999990396	RippleTimeIntervals					9451.6072	0.6079696301355736	
9451.6416	0.02479999999923166	RippleTimeIntervals					9451.6464	1.0145893252057276	
9457.813600000001	0.0727999999999156	RippleTimeIntervals					9457.82	1.4527489688147777	
9458.7608	0.02480000000105065	RippleTimeIntervals					9458.7688	1.4248420992660589	
9460.372800000001	0.021600000000034925	RippleTimeIntervals					9460.3896	0.7022557028305931	
9460.4768	0.025600000000849832	RippleTimeIntervals					9460.4912	0.715607258535946	
9460.6784	0.04960000000028231	RippleTimeIntervals					9460.7072	1.821528183039134	
9462.161600000001	0.023999999999432475	RippleTimeIntervals					9462.1704	1.1544319435687607	
9464.5352	0.021600000000034925	RippleTimeIntervals					9464.54	0.4850304562732053	
9465.6248	0.05040000000008149	RippleTimeIntervals					9465.6528	3.6065364754149223	
9469.444800000001	0.02959999999984575	RippleTimeIntervals					9469.4576	2.7011427577491993	
9470.408800000001	0.05279999999947904	RippleTimeIntervals					9470.437600000001	2.0522326126134414	
9470.568800000001	0.028000000000247383	RippleTimeIntervals					9470.5776	1.388290521874943	
9472.2288	0.020000000000436557	RippleTimeIntervals					9472.2392	2.21865253798475	
9472.3248	0.07200000000011642	RippleTimeIntervals					9472.36	2.573571344275094	
9477.213600000001	0.042400000000270666	RippleTimeIntervals					9477.241600000001	0.5507799241377592	
9477.564	0.03679999999985739	RippleTimeIntervals					9477.596800000001	0.5080008240394368	
9477.829600000001	0.03679999999985739	RippleTimeIntervals					9477.842400000001	1.0501517810698726	
9481.6736	0.06960000000071886	RippleTimeIntervals					9481.7144	2.2602013890851747	
9485.1296	0.02480000000105065	RippleTimeIntervals					9485.1512	0.4139808078946533	
9485.244	0.022399999999834108	RippleTimeIntervals					9485.26	0.48112826381037044	
9487.3992	0.037600000001475564	RippleTimeIntervals					9487.4072	0.8668336909172099	
9488.1872	0.023199999999633292	RippleTimeIntervals					9488.197600000001	0.4948356349862006	
9496.0	22.0	SleepStates							WAKEstate
9496.6368	0.08159999999952561	RippleTimeIntervals					9496.7072	1.2892007908100607	
9501.2656	0.07120000000031723	RippleTimeIntervals					9501.328800000001	0.9029704038951979	
9501.5352	0.021600000000034925	RippleTimeIntervals					9501.545600000001	0.4464015510675155	
9505.097600000001	0.02959999999984575	RippleTimeIntervals					9505.1064	0.5330420186628272	
9505.2536	0.028000000000247383	RippleTimeIntervals					9505.2608	1.1818178200637446	
9508.7232	0.020000000000436557	RippleTimeIntervals					9508.74	0.5169553818476341	
9512.8312	0.06719999999950232	RippleTimeIntervals					9512.842400000001	0.5962769215092324	
9513.0352	0.030399999999644933	RippleTimeIntervals					9513.045600000001	0.43072761084790134	
9514.792000000001	0.06079999999928987	RippleTimeIntervals					9514.8448	1.7967552659017059	
9515.008	0.03679999999985739	RippleTimeIntervals					9515.0136	1.4753146954747798	
9516.048	0.035200000000259024	RippleTimeIntervals					9516.060000000001	1.3755679440652921	
9516.1808	0.031200000001263106	RippleTimeIntervals					9516.208	0.42755487011087945	
9516.4024	0.021600000000034925	RippleTimeIntervals					9516.408000000001	0.6899436308371883	
9517.8328	0.04160000000047148	RippleTimeIntervals					9517.851200000001	0.6836195311901876	
9519.0	50.0	SleepStates							REMstate
9533.828800000001	0.023199999999633292	RippleTimeIntervals					9533.8336	0.44570676160284384	
9541.2792	0.04160000000047148	RippleTimeIntervals					9541.284	0.5671561297662746	
9542.484	0.035200000000259024	RippleTimeIntervals					9542.492	0.47993144675814897	
9551.1056	0.026399999998830026	RippleTimeIntervals					9551.1144	0.5201226523783254	
9551.4032	0.04399999999986903	RippleTimeIntervals					9551.4128	0.7485622916285315	
9570.0	31.0	SleepStates							WAKEstate
9582.161600000001	0.0639999999984866	RippleTimeIntervals					9582.204	2.006183095101186	
9582.2576	0.04160000000047148	RippleTimeIntervals					9582.2664	0.9598797020421379	
9582.575200000001	0.04799999999886495	RippleTimeIntervals					9582.604000000001	0.7840920623957516	
9595.445600000001	0.026399999998830026	RippleTimeIntervals					9595.4624	3.2391798691033515	
9600.4904	0.03839999999945576	RippleTimeIntervals					9600.5072	0.9945773586486555	
9600.7168	0.08159999999952561	RippleTimeIntervals					9600.744	2.2810391772018326	
9600.835200000001	0.022399999999834108	RippleTimeIntervals					9600.844000000001	0.9696760240721505	
9601.9	0.0680000000011205	RippleTimeIntervals					9601.94	3.29616296327986	
9602.0	13.0	SleepStates							NREMstate
9602.314400000001	0.02719999999862921	RippleTimeIntervals					9602.324	1.4840064044035228	
9605.6704	0.028800000000046566	RippleTimeIntervals					9605.691200000001	2.5388187866869356	
9606.002400000001	0.05279999999947904	RippleTimeIntervals					9606.04	2.955643100046728	
9610.445600000001	0.028000000000247383	RippleTimeIntervals					9610.458400000001	1.344053251113263	
9611.2	0.07679999999891152	RippleTimeIntervals					9611.2472	2.9731183345140724	
9615.278400000001	0.05040000000008149	RippleTimeIntervals					9615.3016	2.132857938066782	
9616.0	7.0	SleepStates							WAKEstate
9622.3976	0.03280000000086147	RippleTimeIntervals					9622.4104	1.1004084694246992	
9622.6632	0.025599999999030842	RippleTimeIntervals					9622.684000000001	0.5537344204151189	
9623.4632	0.021600000000034925	RippleTimeIntervals					9623.4712	4.074258575373515	
9623.7312	0.02480000000105065	RippleTimeIntervals					9623.74	1.7100715777966395	
9624.0	35.0	SleepStates							NREMstate
9624.7008	0.025599999999030842	RippleTimeIntervals					9624.7096	0.7106115035561453	
9625.858400000001	0.021600000000034925	RippleTimeIntervals					9625.8672	1.012857592097892	
9628.1152	0.07920000000012806	RippleTimeIntervals					9628.148000000001	2.2743257351291093	
9630.092	0.03919999999925494	RippleTimeIntervals					9630.1072	3.751352862415603	
9633.7072	0.056000000000494765	RippleTimeIntervals					9633.7392	3.9001137079846235	
9634.0656	0.051199999999880674	RippleTimeIntervals					9634.0776	3.6630232771714355	
9634.1632	0.023199999999633292	RippleTimeIntervals					9634.1784	1.7269278721281192	
9634.24	0.04160000000047148	RippleTimeIntervals					9634.2744	1.910648330301597	
9634.3896	0.05999999999949068	RippleTimeIntervals					9634.424	1.0711241207917344	
9634.495200000001	0.023999999999432475	RippleTimeIntervals					9634.509600000001	2.695772446329776	
9635.2336	0.031200000001263106	RippleTimeIntervals					9635.2576	1.3275115655832093	
9635.3568	0.12080000000059954	RippleTimeIntervals					9635.466400000001	2.7896068804777427	
9635.5656	0.0408000000006723	RippleTimeIntervals					9635.5984	1.7769578887930533	
9636.9832	0.04160000000047148	RippleTimeIntervals					9636.995200000001	3.121164649779452	
9638.242400000001	0.023999999999432475	RippleTimeIntervals					9638.2472	0.6329890061013396	
9638.4912	0.0544000000008964	RippleTimeIntervals					9638.5072	1.2264855991322252	
9638.6512	0.023199999999633292	RippleTimeIntervals					9638.6608	2.2443228455271114	
9638.720800000001	0.10559999999895808	RippleTimeIntervals					9638.8112	1.6223717953574592	
9641.672	0.021600000000034925	RippleTimeIntervals					9641.68	1.652588226209229	
9642.8976	0.020000000000436557	RippleTimeIntervals					9642.9064	0.7298871475598938	
9644.7888	0.026400000000649015	RippleTimeIntervals					9644.7976	0.4598938406609482	
9645.981600000001	0.0775999999987107	RippleTimeIntervals					9645.9944	2.876943729714257	
9646.1248	0.048800000000483124	RippleTimeIntervals					9646.1584	3.5202558352341304	
9646.2576	0.031199999999444117	RippleTimeIntervals					9646.278400000001	2.7891205009464533	
9646.3704	0.08719999999993888	RippleTimeIntervals					9646.4168	2.4844745241617305	
9647.2816	0.023199999999633292	RippleTimeIntervals					9647.292800000001	1.1927251860227768	
9653.1736	0.03280000000086147	RippleTimeIntervals					9653.1784	0.5388492935699312	
9654.5664	0.035200000000259024	RippleTimeIntervals					9654.5784	1.4965379480824768	
9655.876	0.06400000000030559	RippleTimeIntervals					9655.9064	3.6875282721328793	
9655.980800000001	0.04320000000006985	RippleTimeIntervals					9655.995200000001	2.554050546876487	
9656.152	0.04160000000047148	RippleTimeIntervals					9656.1608	5.462636773024377	
9660.0	365.0	SleepStates							WAKEstate
9683.6944	0.03440000000045984	RippleTimeIntervals					9683.698400000001	0.4905339621904798	
9702.7544	0.040000000000873115	RippleTimeIntervals					9702.7792	2.088016833056898	
9704.2544	0.05920000000151049	RippleTimeIntervals					9704.306400000001	2.6489561057064828	
9708.0016	0.051200000001699664	RippleTimeIntervals					9708.0112	1.7315128434660887	
9709.4184	0.02080000000023574	RippleTimeIntervals					9709.438400000001	0.4056150524731318	
9717.190400000001	0.03439999999864085	RippleTimeIntervals					9717.2112	0.9086019440789916	
9755.7792	0.026399999998830026	RippleTimeIntervals					9755.7864	0.9108920331455495	
9756.5512	0.03840000000127475	RippleTimeIntervals					9756.5776	2.3137571135638164	
9837.664	0.037599999999656575	RippleTimeIntervals					9837.6952	0.5404813714374056	
9846.576000000001	0.0272000000004482	RippleTimeIntervals					9846.5952	0.4064999152637434	
9931.9536	0.03359999999884167	RippleTimeIntervals					9931.9616	0.45637640469570095	
9989.4208	0.02080000000023574	RippleTimeIntervals					9989.437600000001	0.46442203128087456	
9991.3848	0.020000000000436557	RippleTimeIntervals					9991.393600000001	0.4022374500481941	
10026.0	7.0	SleepStates							NREMstate
10027.7384	0.022399999999834108	RippleTimeIntervals					10027.742400000001	0.5461063758175978	
10034.0	1262.0	SleepStates							WAKEstate
10034.268	0.035200000000259024	RippleTimeIntervals					10034.2736	0.5290457380382472	
10071.082400000001	0.0591999999996915	RippleTimeIntervals					10071.110400000001	0.8455957957335263	
10144.552800000001	0.023199999999633292	RippleTimeIntervals					10144.560800000001	1.736118084178939	
10145.226400000001	0.021599999998215935	RippleTimeIntervals					10145.2328	0.6466984129407158	
10153.3448	0.02959999999984575	RippleTimeIntervals					10153.3664	2.3888682717465723	
10153.508	0.03679999999985739	RippleTimeIntervals					10153.5328	3.1312078889734902	
10154.4104	0.031199999999444117	RippleTimeIntervals					10154.4264	2.4503711925293588	
10155.553600000001	0.039999999999054126	RippleTimeIntervals					10155.582400000001	1.9070522244015768	
10165.044	0.025600000000849832	RippleTimeIntervals					10165.0584	1.6976233231500018	
10169.196	0.05520000000069558	RippleTimeIntervals					10169.2304	3.406955390819951	
10169.394400000001	0.051199999999880674	RippleTimeIntervals					10169.422400000001	4.4131455493098795	
10170.560800000001	0.03679999999985739	RippleTimeIntervals					10170.575200000001	1.7665143459330992	
10170.7376	0.0319999999992433	RippleTimeIntervals					10170.7456	1.7142851312721756	
10176.18	0.04640000000108557	RippleTimeIntervals					10176.205600000001	3.5970994490996517	
10176.452000000001	0.028800000000046566	RippleTimeIntervals					10176.474400000001	0.9963877921526387	
10182.6648	0.023999999999432475	RippleTimeIntervals					10182.6808	1.174445654224996	
10186.2384	0.02480000000105065	RippleTimeIntervals					10186.2552	1.782449799656117	
10186.292800000001	0.0591999999996915	RippleTimeIntervals					10186.3192	3.5132920696615164	
10186.5408	0.03440000000045984	RippleTimeIntervals					10186.567200000001	0.9229427836796962	
10186.6152	0.03200000000106229	RippleTimeIntervals					10186.632800000001	2.43585091745074	
10188.169600000001	0.030399999999644933	RippleTimeIntervals					10188.183200000001	1.0011236629150455	
10188.332	0.037599999999656575	RippleTimeIntervals					10188.356	3.12665707091456	
10189.155200000001	0.02479999999923166	RippleTimeIntervals					10189.172	1.1000715390661358	
10190.104000000001	0.023999999999432475	RippleTimeIntervals					10190.112000000001	2.021275937139438	
10190.3088	0.0272000000004482	RippleTimeIntervals					10190.328000000001	3.499304470225021	
10190.626400000001	0.04399999999986903	RippleTimeIntervals					10190.654400000001	0.49768458583494535	
10192.408000000001	0.044799999999668216	RippleTimeIntervals					10192.432	3.8918965143254276	
10192.6216	0.025600000000849832	RippleTimeIntervals					10192.632800000001	1.8297388099593195	
10215.7024	0.0455999999994674	RippleTimeIntervals					10215.7408	1.0484323799941502	
10215.7944	0.037599999999656575	RippleTimeIntervals					10215.8168	2.810809049564313	
10229.546400000001	0.0319999999992433	RippleTimeIntervals					10229.5696	2.431649230397337	
10233.300000000001	0.03359999999884167	RippleTimeIntervals					10233.3264	0.6918670580745154	
10247.7984	0.020000000000436557	RippleTimeIntervals					10247.8104	1.5644748304588834	
10247.9936	0.06000000000130967	RippleTimeIntervals					10248.024800000001	2.702522250024235	
10266.074400000001	0.039999999999054126	RippleTimeIntervals					10266.1072	1.5955771024310021	
10266.263200000001	0.051199999999880674	RippleTimeIntervals					10266.2984	1.8818684691384795	
10266.6792	0.022399999999834108	RippleTimeIntervals					10266.6848	1.5797666105193882	
10268.1312	0.02480000000105065	RippleTimeIntervals					10268.1456	2.0901744266545728	
10299.9104	0.05999999999949068	RippleTimeIntervals					10299.9328	2.140110981363541	
10305.2384	0.042400000000270666	RippleTimeIntervals					10305.2664	2.2695233753629047	
10305.3168	0.05760000000009313	RippleTimeIntervals					10305.3616	2.461634495793372	
10305.7176	0.021600000000034925	RippleTimeIntervals					10305.7256	0.813705244919291	
10320.3592	0.02080000000023574	RippleTimeIntervals					10320.372000000001	0.6115211734262418	
10321.3464	0.06079999999928987	RippleTimeIntervals					10321.3776	2.4036422517838885	
10325.9624	0.0632000000005064	RippleTimeIntervals					10326.017600000001	1.640347375812035	
10326.1248	0.05920000000151049	RippleTimeIntervals					10326.1392	0.7289552874742399	
10326.204800000001	0.02959999999984575	RippleTimeIntervals					10326.219200000001	0.8501885884097686	
10340.7864	0.02080000000023574	RippleTimeIntervals					10340.804	0.7054356017239364	
10367.8624	0.024000000001251465	RippleTimeIntervals					10367.868	0.49732506744394067	
10369.28	0.0272000000004482	RippleTimeIntervals					10369.2944	3.0602653852936585	
10371.112000000001	0.0319999999992433	RippleTimeIntervals					10371.1368	0.682679754567456	
10371.9928	0.03200000000106229	RippleTimeIntervals					10372.017600000001	2.1868538436760754	
10399.664	0.030399999999644933	RippleTimeIntervals					10399.683200000001	1.1840254478840775	
10403.8592	0.031199999999444117	RippleTimeIntervals					10403.8824	1.7853206963552164	
10405.6288	0.02959999999984575	RippleTimeIntervals					10405.6384	0.8942101618003429	
10407.1584	0.04399999999986903	RippleTimeIntervals					10407.1896	2.0216448112801886	
10416.1592	0.03200000000106229	RippleTimeIntervals					10416.184000000001	0.7062213790883912	
10421.7176	0.026400000000649015	RippleTimeIntervals					10421.7376	1.5068765823668169	
10424.2168	0.04640000000108557	RippleTimeIntervals					10424.2448	1.0423802970743337	
10453.684000000001	0.09999999999854481	RippleTimeIntervals					10453.7312	1.9203970539147932	
10454.304	0.03280000000086147	RippleTimeIntervals					10454.3256	1.4777451826474681	
10457.7576	0.044799999999668216	RippleTimeIntervals					10457.788	1.1784862979542714	
10458.3984	0.03360000000066066	RippleTimeIntervals					10458.4128	0.8609600741706124	
10460.974400000001	0.02479999999923166	RippleTimeIntervals					10460.9856	3.019989013898503	
10463.2288	0.032799999999042484	RippleTimeIntervals					10463.2368	0.7579734481191043	
10464.5304	0.03280000000086147	RippleTimeIntervals					10464.5416	1.582854825172605	
10467.010400000001	0.02959999999984575	RippleTimeIntervals					10467.0288	2.1360039140036875	
10467.438400000001	0.025599999999030842	RippleTimeIntervals					10467.445600000001	2.264132420472499	
10468.060800000001	0.03439999999864085	RippleTimeIntervals					10468.084	2.362046411928533	
10471.6392	0.031200000001263106	RippleTimeIntervals					10471.652	1.1141854765665378	
10471.7896	0.028000000000247383	RippleTimeIntervals					10471.7984	0.8420882640659525	
10473.9928	0.025600000000849832	RippleTimeIntervals					10474.0112	1.0122736132016386	
10486.0552	0.020000000000436557	RippleTimeIntervals					10486.067200000001	0.6101432562959658	
10499.1824	0.05280000000129803	RippleTimeIntervals					10499.2168	2.286069936678001	
10528.788	0.02479999999923166	RippleTimeIntervals					10528.8048	0.47496340617695965	
10537.488000000001	0.03600000000005821	RippleTimeIntervals					10537.5088	1.8577438202106509	
10539.493600000002	0.0319999999992433	RippleTimeIntervals					10539.5056	2.1798400330133196	
10546.877600000002	0.023199999999633292	RippleTimeIntervals					10546.885600000001	1.0552420297455707	
10560.327200000002	0.02479999999923166	RippleTimeIntervals					10560.340800000002	0.5318774469909701	
10579.2024	0.02480000000105065	RippleTimeIntervals					10579.213600000001	2.524979880120491	
10603.581600000001	0.035200000000259024	RippleTimeIntervals					10603.609600000002	1.391014752108146	
10615.421600000001	0.03359999999884167	RippleTimeIntervals					10615.435200000002	2.7181026673682624	
10618.016000000001	0.025599999999030842	RippleTimeIntervals					10618.0344	0.7785167880701355	
10620.6432	0.04800000000068394	RippleTimeIntervals					10620.659200000002	2.2279642284987706	
10621.9608	0.028000000000247383	RippleTimeIntervals					10621.972000000002	2.040853356756708	
10622.488000000001	0.025599999999030842	RippleTimeIntervals					10622.507200000002	0.5768680740756873	
10624.9616	0.02959999999984575	RippleTimeIntervals					10624.979200000002	1.8870209831955032	
10625.0192	0.031200000001263106	RippleTimeIntervals					10625.043200000002	0.6976880272647771	
10637.835200000001	0.022399999999834108	RippleTimeIntervals					10637.840800000002	0.4331919140024961	
10643.206400000001	0.025600000000849832	RippleTimeIntervals					10643.224	1.4711747672151554	
10643.3536	0.060800000001108856	RippleTimeIntervals					10643.4024	1.6330833621652965	
10650.240800000001	0.046399999999266583	RippleTimeIntervals					10650.2664	3.749962423408098	
10655.532000000001	0.039999999999054126	RippleTimeIntervals					10655.544000000002	3.000083348649208	
10655.728000000001	0.0864000000001397	RippleTimeIntervals					10655.7888	0.9101322026929072	
10665.548	0.07999999999992724	RippleTimeIntervals					10665.592	3.222254177851941	
10678.335200000001	0.05439999999907741	RippleTimeIntervals					10678.3592	0.7016462151332931	
10678.5552	0.026400000000649015	RippleTimeIntervals					10678.566400000002	1.5300946267793698	
10686.557600000002	0.07839999999850988	RippleTimeIntervals					10686.616000000002	2.741283595364535	
10693.815200000001	0.04960000000028231	RippleTimeIntervals					10693.843200000001	1.243408609135582	
10694.0192	0.026400000000649015	RippleTimeIntervals					10694.0336	1.370023801292612	
10706.1496	0.04399999999986903	RippleTimeIntervals					10706.1856	0.6796853428184851	
10716.5264	0.03440000000045984	RippleTimeIntervals					10716.5416	0.775377084064319	
10716.583200000001	0.04399999999986903	RippleTimeIntervals					10716.616800000002	0.7796686642172038	
10721.126400000001	0.025600000000849832	RippleTimeIntervals					10721.144	2.309424792510893	
10732.089600000001	0.026400000000649015	RippleTimeIntervals					10732.108	2.8000040677999487	
10732.3232	0.06400000000030559	RippleTimeIntervals					10732.3472	4.3341419084687764	
10735.125600000001	0.030399999999644933	RippleTimeIntervals					10735.1344	3.936596501480362	
10740.296800000002	0.03919999999925494	RippleTimeIntervals					10740.315200000001	3.403973263279428	
10762.833600000002	0.04079999999885331	RippleTimeIntervals					10762.844000000001	0.7103528663023235	
10854.609600000002	0.03839999999945576	RippleTimeIntervals					10854.644800000002	0.45408748523967474	
10882.015200000002	0.042400000000270666	RippleTimeIntervals					10882.0544	0.46593090546699567	
10949.2096	0.03280000000086147	RippleTimeIntervals					10949.2384	0.5552645041710543	
10980.8176	0.022399999999834108	RippleTimeIntervals					10980.822400000001	1.04548007320629	
10994.443200000002	0.07039999999869906	RippleTimeIntervals					10994.4704	1.2247719392160639	
10995.052800000001	0.022399999999834108	RippleTimeIntervals					10995.068800000001	0.6034474715498959	
10997.556	0.03600000000005821	RippleTimeIntervals					10997.572000000002	1.4644136143050523	
11001.8024	0.047200000000884756	RippleTimeIntervals					11001.828800000001	2.5432609791521457	
11037.056	0.028800000000046566	RippleTimeIntervals					11037.060800000001	0.4003838240240661	
11094.944000000001	0.026399999998830026	RippleTimeIntervals					11094.967200000001	0.5403792963253865	
11112.3312	0.03360000000066066	RippleTimeIntervals					11112.3528	0.6690613524555159	
11115.6864	0.024000000001251465	RippleTimeIntervals					11115.704000000002	0.956536745656308	
11125.8008	0.030399999999644933	RippleTimeIntervals					11125.8168	0.6050121244907015	
11133.632000000001	0.044799999999668216	RippleTimeIntervals					11133.653600000001	0.9447914899944969	
11171.1648	0.048800000000483124	RippleTimeIntervals					11171.192000000001	0.7692949581166114	
11172.752	0.026400000000649015	RippleTimeIntervals					11172.7576	0.4660891042539898	
11172.9192	0.040000000000873115	RippleTimeIntervals					11172.941600000002	1.461138073246069	
11173.387200000001	0.05040000000008149	RippleTimeIntervals					11173.414400000001	4.904190314936905	
11173.8376	0.04160000000047148	RippleTimeIntervals					11173.8592	5.264615358781068	
11174.300000000001	0.05680000000029395	RippleTimeIntervals					11174.329600000001	3.0137951226267568	
11176.0768	0.04640000000108557	RippleTimeIntervals					11176.1064	2.2009990330518883	
11177.017600000001	0.04399999999986903	RippleTimeIntervals					11177.0544	0.650162204307583	
11177.2168	0.028800000000046566	RippleTimeIntervals					11177.232800000002	4.604734249028389	
11178.1008	0.02960000000166474	RippleTimeIntervals					11178.1224	2.1372046905181676	
11190.015200000002	0.023199999999633292	RippleTimeIntervals					11190.032000000001	0.7898486189765652	
11192.2576	0.025600000000849832	RippleTimeIntervals					11192.276000000002	0.7540279392928362	
11198.509600000001	0.02080000000023574	RippleTimeIntervals					11198.52	0.8716043657564655	
11218.196000000002	0.03359999999884167	RippleTimeIntervals					11218.203200000002	1.596759748152129	
11225.407200000001	0.03440000000045984	RippleTimeIntervals					11225.4176	0.4253535150981467	
11226.5992	0.042400000000270666	RippleTimeIntervals					11226.637600000002	0.5877630956502777	
11243.9912	0.0544000000008964	RippleTimeIntervals					11244.0208	1.0387571037665988	
11280.0128	0.028800000000046566	RippleTimeIntervals					11280.0264	1.1466978077946528	
11282.290400000002	0.031199999999444117	RippleTimeIntervals					11282.313600000001	1.955672803063459	
11282.790400000002	0.02080000000023574	RippleTimeIntervals					11282.7944	0.5790308226386602	
11285.899200000002	0.03679999999985739	RippleTimeIntervals					11285.9256	1.8729230521938807	
11286.1296	0.028000000000247383	RippleTimeIntervals					11286.1352	2.31040927351175	
11286.5712	0.08480000000054133	RippleTimeIntervals					11286.6416	3.389586918341634	
11286.78	0.031200000001263106	RippleTimeIntervals					11286.799200000001	1.6833998417622267	
11295.4536	0.04960000000028231	RippleTimeIntervals					11295.471200000002	1.4723647382122904	
11295.6056	0.04640000000108557	RippleTimeIntervals					11295.639200000001	0.7057964390079536	
11296.300000000001	0.031199999999444117	RippleTimeIntervals					11296.324	1.1706250112917287	
11297.0	23.0	SleepStates							NREMstate
11299.996000000001	0.021600000000034925	RippleTimeIntervals					11300.0048	0.6528553018895029	
11300.5352	0.04400000000168802	RippleTimeIntervals					11300.559200000002	3.6076549263624744	
11300.7528	0.04960000000028231	RippleTimeIntervals					11300.78	1.0965382270350834	
11300.974400000001	0.02479999999923166	RippleTimeIntervals					11300.980800000001	1.1949671221590414	
11301.137600000002	0.039999999999054126	RippleTimeIntervals					11301.1488	2.7538592203237973	
11301.314400000001	0.046399999999266583	RippleTimeIntervals					11301.340800000002	2.5863105906252333	
11303.697600000001	0.037599999999656575	RippleTimeIntervals					11303.720000000001	3.98699286411234	
11304.235200000001	0.020000000000436557	RippleTimeIntervals					11304.248000000001	1.213654758039689	
11304.920000000002	0.0455999999994674	RippleTimeIntervals					11304.94	1.8463076632088162	
11305.108	0.12080000000059954	RippleTimeIntervals					11305.164	1.2179124847387626	
11306.597600000001	0.06719999999950232	RippleTimeIntervals					11306.6576	0.43905495995235094	
11310.811200000002	0.02079999999841675	RippleTimeIntervals					11310.821600000001	1.8378602052087596	
11311.4312	0.02480000000105065	RippleTimeIntervals					11311.443200000002	0.6892635193183726	
11312.1792	0.02480000000105065	RippleTimeIntervals					11312.188000000002	0.7510903258978044	
11312.992800000002	0.022399999999834108	RippleTimeIntervals					11313.003200000001	1.2333233043495577	
11313.1568	0.03360000000066066	RippleTimeIntervals					11313.184000000001	0.8024314823751831	
11314.160000000002	0.0639999999984866	RippleTimeIntervals					11314.1928	4.63133585221096	
11314.3808	0.021600000000034925	RippleTimeIntervals					11314.3896	2.616073763083917	
11314.7448	0.03679999999985739	RippleTimeIntervals					11314.7656	1.2593395349845173	
11314.892000000002	0.09439999999995052	RippleTimeIntervals					11314.9752	2.927312991185365	
11315.0696	0.03920000000107393	RippleTimeIntervals					11315.097600000001	2.810434906947215	
11315.254400000002	0.028800000000046566	RippleTimeIntervals					11315.276800000001	0.5089038173593293	
11315.340800000002	0.06480000000010477	RippleTimeIntervals					11315.388	2.4216089385657242	
11316.9848	0.0544000000008964	RippleTimeIntervals					11317.0048	4.9457927584010095	
11317.1944	0.02080000000023574	RippleTimeIntervals					11317.2008	0.6862147231671429	
11317.744	0.0632000000005064	RippleTimeIntervals					11317.7744	1.39266244604994	
11317.884800000002	0.030399999999644933	RippleTimeIntervals					11317.908000000001	1.056898450369214	
11318.590400000001	0.023999999999432475	RippleTimeIntervals					11318.603200000001	1.1219958036727335	
11318.9904	0.02480000000105065	RippleTimeIntervals					11318.9968	0.498894054668959	
11320.363200000002	0.02959999999984575	RippleTimeIntervals					11320.3824	2.647251507545888	
11321.0	86.0	SleepStates							WAKEstate
11327.9408	0.03840000000127475	RippleTimeIntervals					11327.9688	3.794650223312901	
11329.217600000002	0.032799999999042484	RippleTimeIntervals					11329.2304	1.7103207587008318	
11369.133600000001	0.02959999999984575	RippleTimeIntervals					11369.145600000002	1.706166925152054	
11381.698400000001	0.03360000000066066	RippleTimeIntervals					11381.718400000002	1.4141435272451424	
11384.125600000001	0.028800000000046566	RippleTimeIntervals					11384.144	4.013275753790361	
11387.350400000001	0.04320000000006985	RippleTimeIntervals					11387.364000000001	2.6470767801151704	
11387.524800000001	0.04160000000047148	RippleTimeIntervals					11387.5408	1.7530320882860744	
11392.038400000001	0.02959999999984575	RippleTimeIntervals					11392.046400000001	0.9970782289905645	
11397.429600000001	0.0319999999992433	RippleTimeIntervals					11397.444800000001	1.825309673231859	
11399.416000000001	0.02080000000023574	RippleTimeIntervals					11399.4264	1.9877822787570354	
11404.261600000002	0.03439999999864085	RippleTimeIntervals					11404.2728	4.632815564542926	
11408.0	17.0	SleepStates							NREMstate
11412.9328	0.0591999999996915	RippleTimeIntervals					11412.971200000002	3.985702162484913	
11426.0	46.0	SleepStates							WAKEstate
11426.2016	0.040000000000873115	RippleTimeIntervals					11426.2304	2.668476583193192	
11426.3232	0.028800000000046566	RippleTimeIntervals					11426.336800000001	0.4014460479787856	
11473.0	9.0	SleepStates							NREMstate
11483.0	90.0	SleepStates							WAKEstate
11489.7872	0.03280000000086147	RippleTimeIntervals					11489.812000000002	1.361593341019561	
11489.864800000001	0.1087999999999738	RippleTimeIntervals					11489.949600000002	2.84092490065946	
11497.5472	0.02080000000023574	RippleTimeIntervals					11497.552800000001	0.6734196676095575	
11500.580000000002	0.03839999999945576	RippleTimeIntervals					11500.5928	0.9148703414488295	
11501.7872	0.021600000000034925	RippleTimeIntervals					11501.797600000002	3.1915707466170247	
11501.836800000001	0.0272000000004482	RippleTimeIntervals					11501.842400000001	0.765507669198274	
11501.9992	0.028800000000046566	RippleTimeIntervals					11502.012	6.621869407279122	
11504.2744	0.021600000000034925	RippleTimeIntervals					11504.28	0.6671349463010917	
11506.1712	0.09599999999954889	RippleTimeIntervals					11506.2584	2.083048536930124	
11507.089600000001	0.03360000000066066	RippleTimeIntervals					11507.104800000001	1.121698800309341	
11508.125600000001	0.05439999999907741	RippleTimeIntervals					11508.154400000001	3.3003656584974417	
11523.545600000001	0.032799999999042484	RippleTimeIntervals					11523.552800000001	0.692633981506235	
11524.378400000001	0.06159999999908905	RippleTimeIntervals					11524.407200000001	3.4129496244768376	
11525.8464	0.030400000001463923	RippleTimeIntervals					11525.857600000001	1.6027512376387358	
11526.28	0.02959999999984575	RippleTimeIntervals					11526.300000000001	2.4670055049510218	
11526.444000000001	0.07359999999971478	RippleTimeIntervals					11526.5056	0.8010509208708618	
11571.001600000001	0.05279999999947904	RippleTimeIntervals					11571.04	2.104406486093932	
11571.560800000001	0.07920000000012806	RippleTimeIntervals					11571.603200000001	1.6445561774919992	
11571.9768	0.02959999999984575	RippleTimeIntervals					11571.995200000001	1.0656539334685324	
11574.0	561.0	SleepStates							NREMstate
11576.616800000002	0.02959999999984575	RippleTimeIntervals					11576.637600000002	0.599440848751923	
11576.813600000001	0.037599999999656575	RippleTimeIntervals					11576.834400000002	1.274724893569778	
11577.3608	0.0632000000005064	RippleTimeIntervals					11577.393600000001	1.3931296727814633	
11577.572800000002	0.03600000000005821	RippleTimeIntervals					11577.5928	2.524163486440316	
11577.716	0.0408000000006723	RippleTimeIntervals					11577.742400000001	1.472916062783029	
11579.537600000001	0.044799999999668216	RippleTimeIntervals					11579.564800000002	2.53218203554838	
11579.6872	0.04320000000006985	RippleTimeIntervals					11579.695200000002	1.9459615819446832	
11579.763200000001	0.026400000000649015	RippleTimeIntervals					11579.78	4.305576022251173	
11579.922400000001	0.039999999999054126	RippleTimeIntervals					11579.951200000001	5.096916485824837	
11580.3016	0.1136000000005879	RippleTimeIntervals					11580.3968	1.7034277286228237	
11580.5624	0.03679999999985739	RippleTimeIntervals					11580.567200000001	0.5167522020670767	
11581.706400000001	0.042400000000270666	RippleTimeIntervals					11581.733600000001	3.6498627590405928	
11582.289600000002	0.025599999999030842	RippleTimeIntervals					11582.307200000001	0.4649896394419679	
11582.943200000002	0.030399999999644933	RippleTimeIntervals					11582.9536	0.932183417251306	
11583.386400000001	0.06719999999950232	RippleTimeIntervals					11583.4096	1.3167053575961605	
11586.967200000001	0.037599999999656575	RippleTimeIntervals					11586.992800000002	3.3675714701362747	
11587.4536	0.035200000000259024	RippleTimeIntervals					11587.4696	2.5223343470576656	
11587.5208	0.024000000001251465	RippleTimeIntervals					11587.5256	0.4670464826213544	
11587.6424	0.028800000000046566	RippleTimeIntervals					11587.664	0.5650755012766362	
11587.9976	0.048800000000483124	RippleTimeIntervals					11588.036000000002	3.2113849479630105	
11589.1704	0.09599999999954889	RippleTimeIntervals					11589.2456	2.351459741771219	
11591.54	0.030399999999644933	RippleTimeIntervals					11591.545600000001	1.1804085548020877	
11592.305600000002	0.028800000000046566	RippleTimeIntervals					11592.316	1.8866740529049382	
11592.470400000002	0.0455999999994674	RippleTimeIntervals					11592.484	3.620253273323196	
11592.609600000002	0.0591999999996915	RippleTimeIntervals					11592.637600000002	1.7887644493374355	
11592.696000000002	0.05199999999967986	RippleTimeIntervals					11592.728000000001	3.4122762011681456	
11592.922400000001	0.037599999999656575	RippleTimeIntervals					11592.952800000001	1.1884196453073381	
11593.546400000001	0.051199999999880674	RippleTimeIntervals					11593.580000000002	0.8721912813614632	
11593.836800000001	0.037599999999656575	RippleTimeIntervals					11593.863200000002	2.920087009284234	
11594.481600000001	0.0408000000006723	RippleTimeIntervals					11594.492	0.6473046103936972	
11594.992	0.04400000000168802	RippleTimeIntervals					11595.008800000001	3.207388401041381	
11595.340800000002	0.05519999999887659	RippleTimeIntervals					11595.3608	3.468668576014169	
11595.726400000001	0.035200000000259024	RippleTimeIntervals					11595.736	1.0461866243520181	
11595.825600000002	0.03839999999945576	RippleTimeIntervals					11595.840800000002	2.2734959215508663	
11596.022400000002	0.022399999999834108	RippleTimeIntervals					11596.0408	0.47311217135389716	
11596.3024	0.0272000000004482	RippleTimeIntervals					11596.319200000002	4.056270111445964	
11596.6728	0.03840000000127475	RippleTimeIntervals					11596.690400000001	4.075944654620058	
11596.8168	0.03200000000106229	RippleTimeIntervals					11596.8248	4.033665007211614	
11597.226400000001	0.05040000000008149	RippleTimeIntervals					11597.2664	4.921411062725437	
11601.9048	0.04160000000047148	RippleTimeIntervals					11601.938400000001	0.7946671136078248	
11604.4544	0.02080000000023574	RippleTimeIntervals					11604.468	0.42217416867157953	
11605.1576	0.03200000000106229	RippleTimeIntervals					11605.176000000001	0.8269207957904813	
11605.512	0.02480000000105065	RippleTimeIntervals					11605.528800000002	1.0779140192156487	
11606.1136	0.051199999999880674	RippleTimeIntervals					11606.144800000002	5.427757279244229	
11606.282400000002	0.039999999999054126	RippleTimeIntervals					11606.291200000001	0.8444017929988812	
11606.348000000002	0.07359999999971478	RippleTimeIntervals					11606.399200000002	2.9142000669991597	
11606.492	0.05040000000008149	RippleTimeIntervals					11606.517600000001	1.5157373985702711	
11607.487200000001	0.07200000000011642	RippleTimeIntervals					11607.5328	2.483812681487308	
11607.987200000001	0.025599999999030842	RippleTimeIntervals					11607.992	1.0849699488526576	
11608.298400000001	0.035200000000259024	RippleTimeIntervals					11608.3176	1.4020531190501897	
11608.400800000001	0.04160000000047148	RippleTimeIntervals					11608.4336	2.8304888365550043	
11611.124000000002	0.025599999999030842	RippleTimeIntervals					11611.137600000002	0.6836598296532724	
11611.2592	0.021600000000034925	RippleTimeIntervals					11611.2728	2.3147867976838143	
11611.369600000002	0.046399999999266583	RippleTimeIntervals					11611.385600000001	3.447138712128607	
11611.528	0.06640000000152213	RippleTimeIntervals					11611.587200000002	1.4839579267450405	
11613.118400000001	0.032799999999042484	RippleTimeIntervals					11613.130400000002	4.629016218798313	
11617.5768	0.028800000000046566	RippleTimeIntervals					11617.6008	0.7690875144091167	
11618.976	0.03200000000106229	RippleTimeIntervals					11618.9984	2.923054511745289	
11619.0776	0.05520000000069558	RippleTimeIntervals					11619.1064	3.9740924504099686	
11619.740000000002	0.031199999999444117	RippleTimeIntervals					11619.756000000001	0.8974312660784464	
11620.0624	0.035200000000259024	RippleTimeIntervals					11620.073600000002	2.4066187584197247	
11622.236	0.026400000000649015	RippleTimeIntervals					11622.241600000001	1.1068113674112965	
11622.4192	0.07600000000093132	RippleTimeIntervals					11622.465600000001	2.4522818385938896	
11623.537600000001	0.03359999999884167	RippleTimeIntervals					11623.552000000001	5.11590172792892	
11623.604000000001	0.05520000000069558	RippleTimeIntervals					11623.616000000002	3.3080773393502305	
11627.4408	0.03280000000086147	RippleTimeIntervals					11627.465600000001	0.7722829967265853	
11627.544000000002	0.058399999999892316	RippleTimeIntervals					11627.576000000001	1.9468395255728401	
11627.6568	0.03679999999985739	RippleTimeIntervals					11627.673600000002	1.128639680884516	
11630.556	0.04160000000047148	RippleTimeIntervals					11630.587200000002	2.577746100181073	
11631.625600000001	0.0408000000006723	RippleTimeIntervals					11631.638400000002	2.8651954681988423	
11632.474400000001	0.03839999999945576	RippleTimeIntervals					11632.501600000001	4.039227076595186	
11633.234400000001	0.022399999999834108	RippleTimeIntervals					11633.254400000002	0.5224193342527961	
11633.5784	0.02959999999984575	RippleTimeIntervals					11633.596800000001	0.756002374230224	
11634.590400000001	0.03440000000045984	RippleTimeIntervals					11634.604800000001	0.9538961326433346	
11634.934400000002	0.0319999999992433	RippleTimeIntervals					11634.94	0.4521085763921059	
11635.217600000002	0.055999999998675776	RippleTimeIntervals					11635.256800000001	2.8529343346959677	
11635.369600000002	0.03919999999925494	RippleTimeIntervals					11635.3952	4.769208475663573	
11640.160800000001	0.04799999999886495	RippleTimeIntervals					11640.192000000001	3.405910564888433	
11640.5632	0.06960000000071886	RippleTimeIntervals					11640.6152	3.336734547040348	
11640.756800000001	0.0591999999996915	RippleTimeIntervals					11640.798400000001	2.874939382850238	
11642.913600000002	0.02479999999923166	RippleTimeIntervals					11642.9256	3.4291821841192913	
11645.0544	0.037599999999656575	RippleTimeIntervals					11645.060000000001	0.698924244780266	
11645.225600000002	0.09919999999874562	RippleTimeIntervals					11645.3096	1.096295371621744	
11645.706400000001	0.02479999999923166	RippleTimeIntervals					11645.712000000001	0.8836085661996163	
11646.372800000001	0.022399999999834108	RippleTimeIntervals					11646.3824	1.2127683134736622	
11646.761600000002	0.04079999999885331	RippleTimeIntervals					11646.797600000002	0.7084835048860773	
11648.6928	0.03600000000005821	RippleTimeIntervals					11648.7008	1.6440785608532749	
11648.8664	0.03440000000045984	RippleTimeIntervals					11648.893600000001	0.5365446498458633	
11649.790400000002	0.030399999999644933	RippleTimeIntervals					11649.798400000001	1.435513776545969	
11650.009600000001	0.07599999999911233	RippleTimeIntervals					11650.056	0.6011658605490693	
11650.9192	0.04400000000168802	RippleTimeIntervals					11650.9552	0.6113931190422915	
11650.994400000001	0.07760000000052969	RippleTimeIntervals					11651.008000000002	2.5648178838607496	
11652.5336	0.03840000000127475	RippleTimeIntervals					11652.5488	1.3803125114147952	
11654.168800000001	0.022399999999834108	RippleTimeIntervals					11654.184000000001	1.1125481157323074	
11654.2512	0.021600000000034925	RippleTimeIntervals					11654.255200000001	0.48231281390643604	
11655.630400000002	0.03359999999884167	RippleTimeIntervals					11655.656	1.7784088658739197	
11656.692000000001	0.07920000000012806	RippleTimeIntervals					11656.718400000002	4.20746721199135	
11657.3592	0.020000000000436557	RippleTimeIntervals					11657.372000000001	1.8371479148994994	
11657.6	0.037600000001475564	RippleTimeIntervals					11657.630400000002	0.7277410369020734	
11657.864000000001	0.03440000000045984	RippleTimeIntervals					11657.8904	1.5954495473245114	
11658.155200000001	0.07519999999931315	RippleTimeIntervals					11658.160000000002	0.5877777725388875	
11660.858400000001	0.0408000000006723	RippleTimeIntervals					11660.879200000001	2.8994602190849936	
11665.36	0.026400000000649015	RippleTimeIntervals					11665.371200000001	0.4641488330114816	
11665.5344	0.03679999999985739	RippleTimeIntervals					11665.54	0.599314366336659	
11665.744	0.051199999999880674	RippleTimeIntervals					11665.769600000001	1.4896945998687983	
11666.851200000001	0.051199999999880674	RippleTimeIntervals					11666.864000000001	0.9258840445408255	
11667.879200000001	0.0455999999994674	RippleTimeIntervals					11667.9176	0.8104835925048435	
11669.442400000002	0.0319999999992433	RippleTimeIntervals					11669.466400000001	0.9861419184758479	
11671.8312	0.04960000000028231	RippleTimeIntervals					11671.856800000001	0.7141462173083977	
11673.988800000001	0.025600000000849832	RippleTimeIntervals					11674.007200000002	0.6499804369172753	
11674.176800000001	0.037599999999656575	RippleTimeIntervals					11674.2016	4.001508003474337	
11674.401600000001	0.02080000000023574	RippleTimeIntervals					11674.4104	1.168814874452344	
11674.510400000001	0.04399999999986903	RippleTimeIntervals					11674.543200000002	1.1819816572445976	
11674.858400000001	0.03280000000086147	RippleTimeIntervals					11674.8672	1.6554003441947072	
11675.391200000002	0.048799999998664134	RippleTimeIntervals					11675.422400000001	1.3823953440835843	
11675.5048	0.037599999999656575	RippleTimeIntervals					11675.5184	2.1135226285587487	
11676.110400000001	0.042400000000270666	RippleTimeIntervals					11676.116000000002	1.029397900542545	
11678.307200000001	0.025600000000849832	RippleTimeIntervals					11678.320000000002	0.5525765882421422	
11678.3536	0.025600000000849832	RippleTimeIntervals					11678.372000000001	2.248089096241368	
11678.828000000001	0.026399999998830026	RippleTimeIntervals					11678.8464	3.12937141113739	
11679.1936	0.11200000000098953	RippleTimeIntervals					11679.220000000001	2.6893265505183157	
11679.805600000002	0.044799999999668216	RippleTimeIntervals					11679.827200000002	5.31514958218628	
11685.471200000002	0.022399999999834108	RippleTimeIntervals					11685.476	1.2224891966914029	
11685.6344	0.04160000000047148	RippleTimeIntervals					11685.6512	4.132162896170325	
11686.368	0.04800000000068394	RippleTimeIntervals					11686.401600000001	4.9422227029459265	
11686.4896	0.053600000001097214	RippleTimeIntervals					11686.509600000001	3.3532386520833235	
11687.9192	0.026400000000649015	RippleTimeIntervals					11687.928000000002	1.8742120351186746	
11689.4168	0.02480000000105065	RippleTimeIntervals					11689.434400000002	0.5422368278658388	
11689.967200000001	0.03600000000005821	RippleTimeIntervals					11689.976	1.271759448432539	
11690.2376	0.022399999999834108	RippleTimeIntervals					11690.2456	0.8933782214110243	
11690.3304	0.028800000000046566	RippleTimeIntervals					11690.343200000001	1.3919074152906425	
11690.4776	0.03360000000066066	RippleTimeIntervals					11690.492800000002	2.3175535443180015	
11690.559200000002	0.03679999999985739	RippleTimeIntervals					11690.5784	2.8962976924339365	
11691.016000000001	0.022399999999834108	RippleTimeIntervals					11691.0256	0.694689523771603	
11691.892800000001	0.05999999999949068	RippleTimeIntervals					11691.9256	2.990730437681078	
11692.204800000001	0.025599999999030842	RippleTimeIntervals					11692.219200000001	1.2682785617463102	
11694.092	0.09840000000076543	RippleTimeIntervals					11694.174400000002	3.5303164017091047	
11694.8672	0.03440000000045984	RippleTimeIntervals					11694.8832	3.681591768755345	
11694.972800000001	0.06079999999928987	RippleTimeIntervals					11694.993600000002	3.3535815048489854	
11698.144800000002	0.027999999998428393	RippleTimeIntervals					11698.1648	0.7573261356843323	
11698.2384	0.0680000000011205	RippleTimeIntervals					11698.271200000001	5.585635388574628	
11698.5416	0.04640000000108557	RippleTimeIntervals					11698.567200000001	1.875721826792691	
11698.6848	0.0632000000005064	RippleTimeIntervals					11698.690400000001	1.5621702871262095	
11699.5264	0.028000000000247383	RippleTimeIntervals					11699.539200000001	0.6729525446647423	
11699.851200000001	0.031199999999444117	RippleTimeIntervals					11699.8736	1.8270312877603168	
11699.9624	0.042400000000270666	RippleTimeIntervals					11699.972800000001	0.8940185827226126	
11702.0624	0.021600000000034925	RippleTimeIntervals					11702.072000000002	0.7903932022864799	
11702.3088	0.04399999999986903	RippleTimeIntervals					11702.332800000002	0.5625969034169154	
11702.436000000002	0.0272000000004482	RippleTimeIntervals					11702.4408	0.6986719670698687	
11704.093600000002	0.04159999999865249	RippleTimeIntervals					11704.12	0.9901701703083099	
11704.2376	0.031200000001263106	RippleTimeIntervals					11704.2456	0.6076435056569823	
11710.768000000002	0.03439999999864085	RippleTimeIntervals					11710.78	1.3176583985749022	
11712.6352	0.07040000000051805	RippleTimeIntervals					11712.697600000001	3.3932581393610386	
11713.133600000001	0.021600000000034925	RippleTimeIntervals					11713.144	0.951245115766116	
11714.869600000002	0.03600000000005821	RippleTimeIntervals					11714.879200000001	1.8429849593205587	
11715.7368	0.05760000000009313	RippleTimeIntervals					11715.7456	0.8387089911288984	
11716.6864	0.02480000000105065	RippleTimeIntervals					11716.695200000002	1.666309763481601	
11718.1136	0.03679999999985739	RippleTimeIntervals					11718.128	3.818072299434383	
11719.356000000002	0.02959999999984575	RippleTimeIntervals					11719.368	5.078470757063502	
11719.488800000001	0.0272000000004482	RippleTimeIntervals					11719.508000000002	3.524627342271011	
11719.648000000001	0.022399999999834108	RippleTimeIntervals					11719.659200000002	4.200768152779779	
11720.3608	0.07840000000032887	RippleTimeIntervals					11720.398400000002	3.1875042348728915	
11721.6144	0.03840000000127475	RippleTimeIntervals					11721.632000000001	3.31971220963175	
11725.271200000001	0.028000000000247383	RippleTimeIntervals					11725.284000000001	2.6019007562501666	
11727.182400000002	0.04799999999886495	RippleTimeIntervals					11727.2072	3.842245594040043	
11727.3536	0.04800000000068394	RippleTimeIntervals					11727.3736	4.486894599145169	
11729.5336	0.030399999999644933	RippleTimeIntervals					11729.543200000002	2.638449189223966	
11730.072000000002	0.042399999998451676	RippleTimeIntervals					11730.104000000001	3.3608985451398548	
11730.155200000001	0.02080000000023574	RippleTimeIntervals					11730.160800000001	0.8067771162613833	
11730.298400000001	0.09519999999974971	RippleTimeIntervals					11730.3312	1.4216252868010322	
11730.5552	0.05760000000009313	RippleTimeIntervals					11730.5768	1.1849068849455704	
11731.276800000001	0.04320000000006985	RippleTimeIntervals					11731.296800000002	2.3886983298280766	
11731.68	0.035200000000259024	RippleTimeIntervals					11731.689600000002	0.71923488660665	
11731.892000000002	0.048799999998664134	RippleTimeIntervals					11731.9192	2.514523425586885	
11733.8232	0.042400000000270666	RippleTimeIntervals					11733.851200000001	0.6759126353932795	
11734.735200000001	0.023999999999432475	RippleTimeIntervals					11734.752	0.7657043819906757	
11734.899200000002	0.07679999999891152	RippleTimeIntervals					11734.941600000002	3.4041402586836282	
11735.5192	0.022399999999834108	RippleTimeIntervals					11735.528800000002	2.452406576618763	
11736.790400000002	0.03839999999945576	RippleTimeIntervals					11736.7952	0.7862291660673465	
11739.236	0.07840000000032887	RippleTimeIntervals					11739.3008	0.7938260791916392	
11739.3904	0.03600000000005821	RippleTimeIntervals					11739.401600000001	1.5679158708967103	
11742.316	0.09920000000056461	RippleTimeIntervals					11742.3952	2.3833318147594427	
11743.0256	0.04960000000028231	RippleTimeIntervals					11743.0568	1.4322701723832305	
11743.421600000001	0.021600000000034925	RippleTimeIntervals					11743.4312	1.6194336195797858	
11744.776800000001	0.06400000000030559	RippleTimeIntervals					11744.832800000002	1.3305512297793858	
11745.2304	0.03920000000107393	RippleTimeIntervals					11745.2456	2.177646875995648	
11746.544800000001	0.03600000000005821	RippleTimeIntervals					11746.5544	0.5956652108654118	
11746.6872	0.09600000000136788	RippleTimeIntervals					11746.7448	1.6676340886582646	
11747.400000000001	0.039999999999054126	RippleTimeIntervals					11747.4328	1.3227539383319937	
11750.52	0.06640000000152213	RippleTimeIntervals					11750.5488	2.8636011085547497	
11750.858400000001	0.042400000000270666	RippleTimeIntervals					11750.893600000001	0.5960353733680528	
11751.6776	0.047200000000884756	RippleTimeIntervals					11751.7152	3.6764131224674506	
11751.8592	0.040000000000873115	RippleTimeIntervals					11751.877600000002	4.8625236756788865	
11751.992800000002	0.037599999999656575	RippleTimeIntervals					11752.009600000001	3.3603412412238156	
11752.072000000002	0.05759999999827414	RippleTimeIntervals					11752.100800000002	3.1731306059561586	
11752.688800000002	0.058399999999892316	RippleTimeIntervals					11752.728000000001	1.513326651290721	
11752.928000000002	0.04320000000006985	RippleTimeIntervals					11752.948	0.6049299724848133	
11753.001600000001	0.028800000000046566	RippleTimeIntervals					11753.009600000001	2.9737004463213683	
11753.0704	0.03280000000086147	RippleTimeIntervals					11753.080000000002	2.128665230677318	
11753.26	0.03440000000045984	RippleTimeIntervals					11753.2736	2.0627862636427428	
11753.4104	0.030399999999644933	RippleTimeIntervals					11753.422400000001	1.3099157449066774	
11756.465600000001	0.025599999999030842	RippleTimeIntervals					11756.484	0.7720757781349065	
11761.104800000001	0.03600000000005821	RippleTimeIntervals					11761.132000000001	2.0035923730580194	
11762.334400000002	0.031199999999444117	RippleTimeIntervals					11762.348800000002	1.7608596032171828	
11762.4544	0.06880000000091968	RippleTimeIntervals					11762.460000000001	0.8325593952120894	
11763.191200000001	0.03839999999945576	RippleTimeIntervals					11763.2	0.9978424452978819	
11763.3088	0.022399999999834108	RippleTimeIntervals					11763.3232	0.6400015290613907	
11764.574400000001	0.05199999999967986	RippleTimeIntervals					11764.6	1.498767251184978	
11764.9024	0.044799999999668216	RippleTimeIntervals					11764.908000000001	0.4228016103452454	
11765.632000000001	0.037599999999656575	RippleTimeIntervals					11765.6488	1.2297066187724808	
11766.696800000002	0.025599999999030842	RippleTimeIntervals					11766.7144	0.9761448871146107	
11767.088800000001	0.028000000000247383	RippleTimeIntervals					11767.1056	3.989513859603653	
11767.52	0.053600000001097214	RippleTimeIntervals					11767.556	2.857507836638971	
11767.7664	0.044800000001487206	RippleTimeIntervals					11767.797600000002	2.605672554464024	
11769.401600000001	0.06480000000010477	RippleTimeIntervals					11769.416000000001	1.7292140096470465	
11769.557600000002	0.10399999999935972	RippleTimeIntervals					11769.610400000001	1.4122698078835154	
11772.588000000002	0.02719999999862921	RippleTimeIntervals					11772.608	0.6598549900227958	
11776.5352	0.028000000000247383	RippleTimeIntervals					11776.5624	0.5139071168995647	
11776.592	0.05199999999967986	RippleTimeIntervals					11776.602400000002	2.642895090194252	
11779.422400000001	0.02959999999984575	RippleTimeIntervals					11779.437600000001	3.157449592994319	
11779.580000000002	0.04799999999886495	RippleTimeIntervals					11779.597600000001	2.5121936980306976	
11779.7456	0.06880000000091968	RippleTimeIntervals					11779.7872	1.8272370313355202	
11779.914400000001	0.03839999999945576	RippleTimeIntervals					11779.9336	3.9187378774793156	
11780.3688	0.06000000000130967	RippleTimeIntervals					11780.4024	4.348474921295498	
11786.538400000001	0.03600000000005821	RippleTimeIntervals					11786.550400000002	2.087950756951642	
11786.628	0.044799999999668216	RippleTimeIntervals					11786.6576	4.971124094252211	
11786.7864	0.02080000000023574	RippleTimeIntervals					11786.792000000001	0.7372903759280613	
11786.852	0.056000000000494765	RippleTimeIntervals					11786.888	1.8040273790582766	
11786.9896	0.03679999999985739	RippleTimeIntervals					11786.994400000001	0.6197592686671054	
11787.995200000001	0.06960000000071886	RippleTimeIntervals					11788.000000000002	0.7698160810801388	
11789.275200000002	0.0319999999992433	RippleTimeIntervals					11789.291200000001	1.2193446276491422	
11790.046400000001	0.025600000000849832	RippleTimeIntervals					11790.0552	0.8157311934761602	
11791.1848	0.021600000000034925	RippleTimeIntervals					11791.189600000002	0.4748456275369308	
11791.4392	0.07600000000093132	RippleTimeIntervals					11791.480800000001	4.125529070428058	
11793.253600000002	0.025599999999030842	RippleTimeIntervals					11793.2664	1.7268713051638656	
11794.716800000002	0.023999999999432475	RippleTimeIntervals					11794.7224	0.8148220545471414	
11794.807200000001	0.028800000000046566	RippleTimeIntervals					11794.819200000002	1.5111904112705248	
11795.7288	0.0408000000006723	RippleTimeIntervals					11795.748800000001	0.7252328569178348	
11796.450400000002	0.023199999999633292	RippleTimeIntervals					11796.4616	2.297427203282847	
11796.956800000002	0.04079999999885331	RippleTimeIntervals					11796.992800000002	0.960592248542376	
11798.7808	0.03360000000066066	RippleTimeIntervals					11798.807200000001	1.0690452308756202	
11798.984	0.035200000000259024	RippleTimeIntervals					11798.9976	0.4938892069736053	
11801.3952	0.035200000000259024	RippleTimeIntervals					11801.413600000002	0.5520725774476173	
11801.4984	0.02959999999984575	RippleTimeIntervals					11801.514400000002	1.99433899014634	
11801.7792	0.060800000001108856	RippleTimeIntervals					11801.812800000002	3.184502182129113	
11801.8952	0.022399999999834108	RippleTimeIntervals					11801.900000000001	0.6191222195810709	
11802.720800000001	0.022399999999834108	RippleTimeIntervals					11802.725600000002	0.6325248846133127	
11805.372800000001	0.046399999999266583	RippleTimeIntervals					11805.4112	3.803735209881864	
11805.9968	0.04800000000068394	RippleTimeIntervals					11806.021600000002	2.8700379523452577	
11806.181600000002	0.028800000000046566	RippleTimeIntervals					11806.203200000002	0.7411677515761885	
11806.343200000001	0.0455999999994674	RippleTimeIntervals					11806.348800000002	1.19847804973404	
11806.448800000002	0.028800000000046566	RippleTimeIntervals					11806.4696	2.3012638671764605	
11808.5912	0.03360000000066066	RippleTimeIntervals					11808.6128	1.1819596197721771	
11809.782400000002	0.06159999999908905	RippleTimeIntervals					11809.811200000002	2.9788938213181897	
11809.9112	0.053600000001097214	RippleTimeIntervals					11809.952800000001	2.3806014607499173	
11810.094400000002	0.02959999999984575	RippleTimeIntervals					11810.1128	2.5050687221902215	
11810.834400000002	0.03600000000005821	RippleTimeIntervals					11810.856800000001	2.7364523748823646	
11811.332	0.037600000001475564	RippleTimeIntervals					11811.3536	2.0888579226010844	
11827.0712	0.1264000000010128	RippleTimeIntervals					11827.087200000002	1.9803810170692093	
11827.959200000001	0.053599999999278225	RippleTimeIntervals					11828.0048	1.0226004038662564	
11828.175200000001	0.025599999999030842	RippleTimeIntervals					11828.18	0.5982000122272036	
11829.024800000001	0.028000000000247383	RippleTimeIntervals					11829.039200000001	2.0721949944807396	
11829.246400000002	0.02719999999862921	RippleTimeIntervals					11829.260800000002	1.5101694474017606	
11829.494400000001	0.02080000000023574	RippleTimeIntervals					11829.500000000002	0.7894382118446311	
11829.768800000002	0.03679999999985739	RippleTimeIntervals					11829.789600000002	1.0133909177947935	
11829.948800000002	0.02079999999841675	RippleTimeIntervals					11829.9536	1.2929819323556662	
11830.048	0.05199999999967986	RippleTimeIntervals					11830.0848	3.1117728832856546	
11830.464000000002	0.02719999999862921	RippleTimeIntervals					11830.476	2.0842019594832846	
11833.043200000002	0.04799999999886495	RippleTimeIntervals					11833.068000000001	6.050366400349221	
11833.960000000001	0.026400000000649015	RippleTimeIntervals					11833.980000000001	0.7356716834860633	
11834.568000000001	0.03440000000045984	RippleTimeIntervals					11834.5856	3.7396971118969926	
11835.096800000001	0.028800000000046566	RippleTimeIntervals					11835.1152	1.8008335454631317	
11835.1848	0.0591999999996915	RippleTimeIntervals					11835.204000000002	3.8214188996252294	
11843.4912	0.028800000000046566	RippleTimeIntervals					11843.5048	0.7896604458908204	
11843.6504	0.0544000000008964	RippleTimeIntervals					11843.688000000002	1.2384405480590246	
11844.9688	0.06400000000030559	RippleTimeIntervals					11844.987200000001	2.607593894966736	
11845.1368	0.042400000000270666	RippleTimeIntervals					11845.159200000002	2.7307732358563004	
11845.2656	0.0272000000004482	RippleTimeIntervals					11845.284800000001	3.5479949355446134	
11849.376	0.047200000000884756	RippleTimeIntervals					11849.3904	1.392991354224124	
11850.261600000002	0.04320000000006985	RippleTimeIntervals					11850.270400000001	0.9150503000321712	
11851.231200000002	0.02479999999923166	RippleTimeIntervals					11851.2512	0.8857227959308611	
11851.572000000002	0.02479999999923166	RippleTimeIntervals					11851.589600000001	1.1613098113784843	
11853.030400000001	0.046399999999266583	RippleTimeIntervals					11853.038400000001	1.455903399767464	
11853.708	0.02959999999984575	RippleTimeIntervals					11853.7216	2.439242814069947	
11856.545600000001	0.02479999999923166	RippleTimeIntervals					11856.560000000001	2.4389045058943255	
11856.646400000001	0.03440000000045984	RippleTimeIntervals					11856.6704	4.330027034995357	
11856.920800000002	0.05999999999949068	RippleTimeIntervals					11856.950400000002	3.7465192625337047	
11857.3088	0.07999999999992724	RippleTimeIntervals					11857.336000000001	1.346447865698525	
11857.463200000002	0.03599999999823922	RippleTimeIntervals					11857.473600000001	1.5581200591850366	
11857.948800000002	0.023999999999432475	RippleTimeIntervals					11857.9536	0.9204865580704761	
11858.162400000001	0.04399999999986903	RippleTimeIntervals					11858.199200000001	1.6206422225901618	
11861.741600000001	0.028800000000046566	RippleTimeIntervals					11861.7504	0.9363904630679506	
11865.7672	0.026400000000649015	RippleTimeIntervals					11865.7816	1.3209139643176424	
11870.4904	0.0408000000006723	RippleTimeIntervals					11870.516000000001	1.931037214707	
11871.640000000001	0.0864000000001397	RippleTimeIntervals					11871.661600000001	4.26323111887096	
11871.985600000002	0.053599999999278225	RippleTimeIntervals					11871.994400000001	1.4047820650317988	
11872.189600000002	0.06480000000010477	RippleTimeIntervals					11872.210400000002	2.662536957221573	
11873.473600000001	0.028000000000247383	RippleTimeIntervals					11873.4968	0.5352693424804579	
11873.984	0.0272000000004482	RippleTimeIntervals					11874.004	0.4703123653268339	
11874.1504	0.02959999999984575	RippleTimeIntervals					11874.1632	1.0716609679074078	
11875.2144	0.047200000000884756	RippleTimeIntervals					11875.2232	1.7073196988444215	
11876.347200000002	0.022399999999834108	RippleTimeIntervals					11876.352	0.9738010571511028	
11877.340000000002	0.03919999999925494	RippleTimeIntervals					11877.370400000002	0.5182443157615066	
11879.009600000001	0.028000000000247383	RippleTimeIntervals					11879.0208	0.49926704066512406	
11879.264000000001	0.040000000000873115	RippleTimeIntervals					11879.276800000001	1.432238433722344	
11879.348000000002	0.02079999999841675	RippleTimeIntervals					11879.356000000002	1.522679248829704	
11879.560800000001	0.03600000000005821	RippleTimeIntervals					11879.581600000001	2.6466917564077512	
11880.852	0.02959999999984575	RippleTimeIntervals					11880.86	2.414489245314548	
11881.341600000002	0.05279999999947904	RippleTimeIntervals					11881.370400000002	1.5074647722986858	
11882.4968	0.028800000000046566	RippleTimeIntervals					11882.5112	2.0156605528950298	
11882.575200000001	0.07519999999931315	RippleTimeIntervals					11882.6344	2.104104750997262	
11882.768000000002	0.0319999999992433	RippleTimeIntervals					11882.785600000001	1.3470305739808577	
11883.5712	0.028800000000046566	RippleTimeIntervals					11883.586400000002	0.7777590473473943	
11883.689600000002	0.06079999999928987	RippleTimeIntervals					11883.695200000002	1.5423885301454696	
11884.7672	0.03600000000005821	RippleTimeIntervals					11884.792000000001	0.699596860217788	
11885.944000000001	0.08480000000054133	RippleTimeIntervals					11886.0184	2.5662664952207153	
11886.1776	0.021600000000034925	RippleTimeIntervals					11886.192000000001	1.7948090079412204	
11886.3176	0.042400000000270666	RippleTimeIntervals					11886.328800000001	1.531483079941473	
11886.536000000002	0.039999999999054126	RippleTimeIntervals					11886.551200000002	2.622474628002063	
11887.956800000002	0.02080000000023574	RippleTimeIntervals					11887.9696	0.5689285719080057	
11888.543200000002	0.030399999999644933	RippleTimeIntervals					11888.565600000002	1.26167064750265	
11889.363200000002	0.05519999999887659	RippleTimeIntervals					11889.4032	3.447794575698783	
11889.818400000002	0.021600000000034925	RippleTimeIntervals					11889.836000000001	0.5787082077561332	
11889.935200000002	0.06159999999908905	RippleTimeIntervals					11889.966400000001	0.4087091760509021	
11890.536800000002	0.046399999999266583	RippleTimeIntervals					11890.544800000001	2.105909337393853	
11890.624800000001	0.025599999999030842	RippleTimeIntervals					11890.639200000001	0.8603811693741379	
11890.949600000002	0.044799999999668216	RippleTimeIntervals					11890.977600000002	0.6009829148719044	
11891.796	0.04800000000068394	RippleTimeIntervals					11891.804000000002	1.6596439860533854	
11894.2528	0.04400000000168802	RippleTimeIntervals					11894.277600000001	1.5268424786136647	
11894.711200000002	0.023199999999633292	RippleTimeIntervals					11894.7232	1.1982318140721786	
11895.672	0.03920000000107393	RippleTimeIntervals					11895.702400000002	0.8709498875038005	
11896.405600000002	0.06799999999930151	RippleTimeIntervals					11896.465600000001	2.639718375654449	
11896.500000000002	0.03679999999985739	RippleTimeIntervals					11896.515200000002	1.4931179126868692	
11900.1344	0.0272000000004482	RippleTimeIntervals					11900.154400000001	0.545459947429133	
11900.256000000001	0.02080000000023574	RippleTimeIntervals					11900.268800000002	0.8926425974610652	
11900.4472	0.0408000000006723	RippleTimeIntervals					11900.4608	3.6412591362962785	
11901.356800000001	0.028000000000247383	RippleTimeIntervals					11901.364800000001	1.985428952034712	
11901.472000000002	0.044799999999668216	RippleTimeIntervals					11901.508800000001	1.479285853085913	
11902.9248	0.026400000000649015	RippleTimeIntervals					11902.942400000002	1.5836547151055818	
11903.394400000001	0.0591999999996915	RippleTimeIntervals					11903.4472	1.1895460588588398	
11904.8968	0.08080000000154541	RippleTimeIntervals					11904.929600000001	2.653576933206514	
11905.021600000002	0.03600000000005821	RippleTimeIntervals					11905.0496	0.6591656538618593	
11905.2576	0.03679999999985739	RippleTimeIntervals					11905.282400000002	1.7732994593419682	
11906.9984	0.06640000000152213	RippleTimeIntervals					11907.007200000002	2.0228911606867435	
11907.938400000001	0.02080000000023574	RippleTimeIntervals					11907.952000000001	0.977988989692393	
11908.029600000002	0.06400000000030559	RippleTimeIntervals					11908.0488	2.726581416935578	
11908.1272	0.03440000000045984	RippleTimeIntervals					11908.1488	0.7516351976256938	
11908.849600000001	0.02080000000023574	RippleTimeIntervals					11908.862400000002	1.0196369877961495	
11913.9976	0.03280000000086147	RippleTimeIntervals					11914.016800000001	3.922269957100421	
11914.096800000001	0.03839999999945576	RippleTimeIntervals					11914.104800000001	0.7749259543952378	
11914.320000000002	0.02080000000023574	RippleTimeIntervals					11914.336000000001	0.6185454833133784	
11919.8024	0.04640000000108557	RippleTimeIntervals					11919.841600000002	0.4755547321793746	
11920.4992	0.0272000000004482	RippleTimeIntervals					11920.517600000001	0.7272497027909857	
11921.249600000001	0.03360000000066066	RippleTimeIntervals					11921.278400000001	0.6070352961882015	
11921.325600000002	0.04159999999865249	RippleTimeIntervals					11921.355200000002	0.5047953402969845	
11923.204800000001	0.04960000000028231	RippleTimeIntervals					11923.231200000002	1.3604829015355318	
11923.916000000001	0.07040000000051805	RippleTimeIntervals					11923.929600000001	2.436343572288872	
11924.192000000001	0.04399999999986903	RippleTimeIntervals					11924.204800000001	1.676429041979671	
11924.350400000001	0.04320000000006985	RippleTimeIntervals					11924.362400000002	1.3194026329384883	
11926.566400000002	0.055999999998675776	RippleTimeIntervals					11926.5784	0.9069835954497989	
11929.056	0.035200000000259024	RippleTimeIntervals					11929.060000000001	0.511899949787233	
11929.182400000002	0.04320000000006985	RippleTimeIntervals					11929.1936	2.874958062646469	
11929.28	0.06720000000132131	RippleTimeIntervals					11929.311200000002	1.2818272873212255	
11931.2304	0.042400000000270666	RippleTimeIntervals					11931.254400000002	0.6935518004619806	
11931.9312	0.0272000000004482	RippleTimeIntervals					11931.951200000001	0.40309470829922495	
11934.733600000001	0.025599999999030842	RippleTimeIntervals					11934.755200000001	0.7071859538396321	
11935.463200000002	0.023999999999432475	RippleTimeIntervals					11935.480000000001	0.8441853634457145	
11938.2224	0.021600000000034925	RippleTimeIntervals					11938.226400000001	0.5817870387896622	
11938.829600000001	0.031199999999444117	RippleTimeIntervals					11938.8536	0.5939066191530071	
11942.284800000001	0.0408000000006723	RippleTimeIntervals					11942.307200000001	2.188619797299667	
11943.264000000001	0.02959999999984575	RippleTimeIntervals					11943.284000000001	2.316204849414077	
11944.355200000002	0.023999999999432475	RippleTimeIntervals					11944.365600000001	0.6401940049157482	
11955.204800000001	0.0319999999992433	RippleTimeIntervals					11955.218400000002	2.0497175951542452	
11955.341600000002	0.0319999999992433	RippleTimeIntervals					11955.365600000001	1.5024644430912522	
11958.488000000001	0.03919999999925494	RippleTimeIntervals					11958.500800000002	0.7913064061733882	
11958.78	0.04320000000006985	RippleTimeIntervals					11958.816	1.3859808181123694	
11958.858400000001	0.03679999999985739	RippleTimeIntervals					11958.880000000001	1.4562120894817663	
11959.675200000001	0.032799999999042484	RippleTimeIntervals					11959.7008	0.652416036282124	
11960.796	0.020000000000436557	RippleTimeIntervals					11960.808	1.3059418974088888	
11961.832800000002	0.027999999998428393	RippleTimeIntervals					11961.8528	1.1268250213135633	
11961.993600000002	0.02479999999923166	RippleTimeIntervals					11962.008800000001	2.631276122183643	
11962.7304	0.026400000000649015	RippleTimeIntervals					11962.740800000001	1.0474761388225073	
11963.430400000001	0.047200000000884756	RippleTimeIntervals					11963.4464	1.9788154260182211	
11963.524000000001	0.05199999999967986	RippleTimeIntervals					11963.545600000001	5.108485259402835	
11963.6632	0.04160000000047148	RippleTimeIntervals					11963.6856	3.280992431135271	
11965.096800000001	0.06480000000010477	RippleTimeIntervals					11965.123200000002	0.726238633727857	
11966.256800000001	0.04399999999986903	RippleTimeIntervals					11966.2872	0.5439992645502514	
11966.516800000001	0.0455999999994674	RippleTimeIntervals					11966.545600000001	2.4625082993004392	
11969.545600000001	0.02479999999923166	RippleTimeIntervals					11969.550400000002	1.0873361684440475	
11970.5992	0.03200000000106229	RippleTimeIntervals					11970.624800000001	0.4310919031085275	
11971.733600000001	0.021600000000034925	RippleTimeIntervals					11971.748000000001	1.3205354316726885	
11972.2584	0.03280000000086147	RippleTimeIntervals					11972.2672	1.3930393143626405	
11972.935200000002	0.026399999998830026	RippleTimeIntervals					11972.9544	0.7362907301193234	
11973.5184	0.03360000000066066	RippleTimeIntervals					11973.5336	0.9529398779530829	
11975.8008	0.026400000000649015	RippleTimeIntervals					11975.813600000001	0.5723062369318391	
11975.942400000002	0.02080000000023574	RippleTimeIntervals					11975.9472	0.47124939412162853	
11976.457600000002	0.030399999999644933	RippleTimeIntervals					11976.4624	0.913879883096226	
11977.068800000001	0.0408000000006723	RippleTimeIntervals					11977.088800000001	2.794086069000402	
11977.349600000001	0.048800000000483124	RippleTimeIntervals					11977.358400000001	1.2238991738457654	
11977.442400000002	0.055999999998675776	RippleTimeIntervals					11977.4472	1.2364237844807742	
11977.6368	0.05280000000129803	RippleTimeIntervals					11977.674400000002	3.0761636935449417	
11978.52	0.02080000000023574	RippleTimeIntervals					11978.5336	1.4598559844552892	
11980.012	0.047200000000884756	RippleTimeIntervals					11980.051200000002	1.9064868197826896	
11987.1216	0.02080000000023574	RippleTimeIntervals					11987.1344	0.807859111370283	
11987.720000000001	0.03440000000045984	RippleTimeIntervals					11987.7296	1.7577585501553163	
11987.814400000001	0.03280000000086147	RippleTimeIntervals					11987.832	3.9559977010995913	
11987.9992	0.02320000000145228	RippleTimeIntervals					11988.015200000002	0.5623328420394897	
11988.583200000001	0.056000000000494765	RippleTimeIntervals					11988.6064	1.297190801343219	
11988.7152	0.047200000000884756	RippleTimeIntervals					11988.746400000002	3.059744627058662	
11988.840800000002	0.031199999999444117	RippleTimeIntervals					11988.864800000001	0.9583170751326087	
11989.825600000002	0.08159999999952561	RippleTimeIntervals					11989.891200000002	4.594957952954775	
11990.002400000001	0.0272000000004482	RippleTimeIntervals					11990.0064	0.6939125193911222	
11990.205600000001	0.03919999999925494	RippleTimeIntervals					11990.232800000002	1.9156005264922586	
11990.9768	0.021600000000034925	RippleTimeIntervals					11990.993600000002	0.7273203560196481	
11991.406400000002	0.03679999999985739	RippleTimeIntervals					11991.428000000002	0.9768737889957446	
11991.7576	0.02480000000105065	RippleTimeIntervals					11991.771200000001	1.666647911962931	
11992.086400000002	0.06159999999908905	RippleTimeIntervals					11992.112000000001	3.7951202116432037	
11994.7224	0.10159999999996217	RippleTimeIntervals					11994.778400000001	0.9463586920807809	
11995.467200000001	0.044799999999668216	RippleTimeIntervals					11995.496000000001	0.9349367237195638	
11999.0632	0.022399999999834108	RippleTimeIntervals					11999.0776	1.2194106349382736	
12003.754400000002	0.03600000000005821	RippleTimeIntervals					12003.778400000001	1.6698024756663057	
12006.003200000001	0.028800000000046566	RippleTimeIntervals					12006.024000000001	0.5557314585703976	
12006.545600000001	0.05279999999947904	RippleTimeIntervals					12006.580000000002	2.77933263861286	
12006.682400000002	0.07120000000031723	RippleTimeIntervals					12006.696800000002	2.6036145154358064	
12007.456800000002	0.03439999999864085	RippleTimeIntervals					12007.480800000001	0.6900487508164516	
12007.6128	0.05520000000069558	RippleTimeIntervals					12007.655200000001	1.6713602218706864	
12007.7728	0.026400000000649015	RippleTimeIntervals					12007.778400000001	1.6317236007219018	
12008.828800000001	0.0319999999992433	RippleTimeIntervals					12008.832	0.42469762199746275	
12010.637600000002	0.032799999999042484	RippleTimeIntervals					12010.652000000002	1.2089789645603275	
12010.756000000001	0.10959999999977299	RippleTimeIntervals					12010.7944	2.1323193350944223	
12011.376	0.058400000001711305	RippleTimeIntervals					12011.404	1.8743871896639737	
12011.581600000001	0.028000000000247383	RippleTimeIntervals					12011.602400000002	0.6520814650300056	
12012.067200000001	0.025599999999030842	RippleTimeIntervals					12012.0784	0.5200773873511348	
12012.166400000002	0.03359999999884167	RippleTimeIntervals					12012.183200000001	2.8183601334929125	
12012.412800000002	0.04799999999886495	RippleTimeIntervals					12012.430400000001	4.179882344987947	
12012.776800000001	0.021600000000034925	RippleTimeIntervals					12012.7864	2.534468508580792	
12013.318400000002	0.062399999998888234	RippleTimeIntervals					12013.340000000002	1.1461837730080264	
12013.507200000002	0.08799999999973807	RippleTimeIntervals					12013.5208	2.7818478020425292	
12013.8896	0.047200000000884756	RippleTimeIntervals					12013.9104	1.8228536412603007	
12014.706400000001	0.031199999999444117	RippleTimeIntervals					12014.7152	1.334556452736187	
12016.5328	0.026400000000649015	RippleTimeIntervals					12016.545600000001	1.3823828278991808	
12016.668000000001	0.021600000000034925	RippleTimeIntervals					12016.6776	0.49097855249692296	
12018.6656	0.025600000000849832	RippleTimeIntervals					12018.683200000001	1.1364399717780356	
12018.762400000001	0.032799999999042484	RippleTimeIntervals					12018.768000000002	0.6339343592423788	
12018.956800000002	0.02080000000023574	RippleTimeIntervals					12018.9624	0.5693331397603141	
12019.066400000002	0.04719999999906577	RippleTimeIntervals					12019.093600000002	0.8505820399475501	
12019.160000000002	0.053599999999278225	RippleTimeIntervals					12019.173600000002	3.67045898109723	
12019.316	0.035200000000259024	RippleTimeIntervals					12019.332800000002	2.8889787900657113	
12019.6496	0.03920000000107393	RippleTimeIntervals					12019.666400000002	0.4245476440147995	
12020.116000000002	0.030399999999644933	RippleTimeIntervals					12020.1288	0.7412892644404951	
12020.263200000001	0.02959999999984575	RippleTimeIntervals					12020.276800000001	2.1641769748284525	
12020.3592	0.020000000000436557	RippleTimeIntervals					12020.3672	2.7121102732994675	
12020.504	0.023199999999633292	RippleTimeIntervals					12020.523200000001	0.6085831776551177	
12023.299200000001	0.02080000000023574	RippleTimeIntervals					12023.304000000002	0.7863475564391734	
12025.923200000001	0.020000000000436557	RippleTimeIntervals					12025.9312	3.4922203496653563	
12027.050400000002	0.023999999999432475	RippleTimeIntervals					12027.056	0.4947348376251041	
12028.1136	0.023199999999633292	RippleTimeIntervals					12028.124000000002	0.5472377273533329	
12031.796800000002	0.07359999999971478	RippleTimeIntervals					12031.848800000002	3.1904299621770416	
12033.335200000001	0.032799999999042484	RippleTimeIntervals					12033.348000000002	1.3201017725003426	
12033.4248	0.056000000000494765	RippleTimeIntervals					12033.467200000001	3.1060814476101073	
12034.190400000001	0.03440000000045984	RippleTimeIntervals					12034.195200000002	0.42838318380392015	
12035.039200000001	0.03360000000066066	RippleTimeIntervals					12035.0488	2.522142542012338	
12036.7	0.044799999999668216	RippleTimeIntervals					12036.704800000001	0.43075228036756663	
12038.400800000001	0.056000000000494765	RippleTimeIntervals					12038.4264	1.7716621576426583	
12038.5344	0.04800000000068394	RippleTimeIntervals					12038.5704	2.6544503366646004	
12038.683200000001	0.03600000000005821	RippleTimeIntervals					12038.691200000001	0.6656704759713206	
12039.036000000002	0.053599999999278225	RippleTimeIntervals					12039.067200000001	3.7038805892548217	
12041.3808	0.025600000000849832	RippleTimeIntervals					12041.388	2.474622170242664	
12041.568800000001	0.0727999999999156	RippleTimeIntervals					12041.5912	3.426232646220138	
12041.712000000001	0.05760000000009313	RippleTimeIntervals					12041.744	3.0676139845119743	
12042.5552	0.06880000000091968	RippleTimeIntervals					12042.608000000002	3.807157851112195	
12042.892800000001	0.08719999999993888	RippleTimeIntervals					12042.9328	1.9982149947200998	
12043.716	0.035200000000259024	RippleTimeIntervals					12043.744	1.0808242014903748	
12044.5064	0.031200000001263106	RippleTimeIntervals					12044.52	0.9715629834825088	
12044.833600000002	0.022399999999834108	RippleTimeIntervals					12044.843200000001	0.4647727421544069	
12045.62	0.025600000000849832	RippleTimeIntervals					12045.632000000001	2.116388152745739	
12045.749600000001	0.025600000000849832	RippleTimeIntervals					12045.763200000001	2.8171601191215454	
12046.407200000001	0.0272000000004482	RippleTimeIntervals					12046.4264	2.392073062458561	
12047.558400000002	0.02479999999923166	RippleTimeIntervals					12047.5768	0.57991684742937	
12048.228000000001	0.03280000000086147	RippleTimeIntervals					12048.248800000001	2.427974323051742	
12048.772	0.0408000000006723	RippleTimeIntervals					12048.792000000001	3.700850618954132	
12048.887200000001	0.0319999999992433	RippleTimeIntervals					12048.8952	4.328118009844139	
12049.152800000002	0.02479999999923166	RippleTimeIntervals					12049.160800000001	3.8328036643371206	
12049.244	0.04399999999986903	RippleTimeIntervals					12049.2592	1.785079078338915	
12049.864800000001	0.028800000000046566	RippleTimeIntervals					12049.885600000001	1.8947165588005006	
12050.9616	0.031200000001263106	RippleTimeIntervals					12050.973600000001	2.744436779321638	
12051.6792	0.03440000000045984	RippleTimeIntervals					12051.7	3.1866140535927707	
12051.844000000001	0.028800000000046566	RippleTimeIntervals					12051.8528	2.27189071013527	
12052.241600000001	0.020000000000436557	RippleTimeIntervals					12052.253600000002	1.2877444619558722	
12053.472000000002	0.035200000000259024	RippleTimeIntervals					12053.488800000001	1.4847234223861758	
12053.981600000001	0.03919999999925494	RippleTimeIntervals					12053.992800000002	0.6916465062628896	
12054.500800000002	0.03600000000005821	RippleTimeIntervals					12054.523200000001	1.139263227064118	
12054.664	0.0632000000005064	RippleTimeIntervals					12054.672	1.3467438272869963	
12056.893600000001	0.04719999999906577	RippleTimeIntervals					12056.934400000002	0.5404923046961865	
12057.673600000002	0.02079999999841675	RippleTimeIntervals					12057.6864	0.6036066378334697	
12058.1152	0.03840000000127475	RippleTimeIntervals					12058.146400000001	0.5590593923469357	
12059.298400000001	0.03440000000045984	RippleTimeIntervals					12059.321600000001	0.7236355446320506	
12060.372000000001	0.0272000000004482	RippleTimeIntervals					12060.392000000002	0.7269787316060093	
12060.692000000001	0.02480000000105065	RippleTimeIntervals					12060.712000000001	0.7183074525367362	
12062.340000000002	0.022399999999834108	RippleTimeIntervals					12062.354400000002	0.7220587719697835	
12062.7152	0.02480000000105065	RippleTimeIntervals					12062.7288	3.026960407279322	
12062.834400000002	0.051199999999880674	RippleTimeIntervals					12062.851200000001	2.1179082382509087	
12065.595200000002	0.032799999999042484	RippleTimeIntervals					12065.62	0.5107828503768346	
12066.140000000001	0.05999999999949068	RippleTimeIntervals					12066.1632	0.6171173213992511	
12068.4688	0.028000000000247383	RippleTimeIntervals					12068.488000000001	1.5259420606823666	
12068.893600000001	0.020000000000436557	RippleTimeIntervals					12068.899200000002	0.8327541360415915	
12069.5128	0.030400000001463923	RippleTimeIntervals					12069.5352	1.4360815171032177	
12069.640000000001	0.03360000000066066	RippleTimeIntervals					12069.661600000001	1.4646675907424336	
12070.544000000002	0.03359999999884167	RippleTimeIntervals					12070.556	1.1688628125806024	
12071.140000000001	0.0319999999992433	RippleTimeIntervals					12071.1648	2.2116405112784325	
12072.283200000002	0.031199999999444117	RippleTimeIntervals					12072.296800000002	1.0383099353078546	
12073.238400000002	0.032799999999042484	RippleTimeIntervals					12073.264000000001	1.159429454576199	
12073.452000000001	0.037599999999656575	RippleTimeIntervals					12073.488000000001	0.46511377856282454	
12074.04	0.03600000000005821	RippleTimeIntervals					12074.072000000002	0.49562529671718014	
12075.217600000002	0.022399999999834108	RippleTimeIntervals					12075.235200000001	0.7360704743189145	
12079.1216	0.02320000000145228	RippleTimeIntervals					12079.137600000002	0.5933916519131863	
12080.022400000002	0.03439999999864085	RippleTimeIntervals					12080.028	0.47041351070353304	
12082.9192	0.06720000000132131	RippleTimeIntervals					12082.9752	4.666457370287685	
12084.595200000002	0.04079999999885331	RippleTimeIntervals					12084.623200000002	1.0450918802367148	
12086.806400000001	0.028800000000046566	RippleTimeIntervals					12086.820000000002	2.9441727132733178	
12087.508000000002	0.06639999999970314	RippleTimeIntervals					12087.548	4.109610078814442	
12088.7808	0.028000000000247383	RippleTimeIntervals					12088.789600000002	2.162914450972574	
12089.444000000001	0.026400000000649015	RippleTimeIntervals					12089.4536	1.2860467505605284	
12093.1872	0.021600000000034925	RippleTimeIntervals					12093.196800000002	0.6230268040765651	
12093.449600000002	0.025599999999030842	RippleTimeIntervals					12093.4544	1.6880528672275363	
12093.538400000001	0.0727999999999156	RippleTimeIntervals					12093.560000000001	1.1294135040217355	
12096.396	0.04399999999986903	RippleTimeIntervals					12096.4176	2.078179114398676	
12096.560000000001	0.04399999999986903	RippleTimeIntervals					12096.596000000001	0.5630954692769595	
12097.5632	0.05199999999967986	RippleTimeIntervals					12097.5848	5.536100043595598	
12097.777600000001	0.028800000000046566	RippleTimeIntervals					12097.791200000001	3.656992088955373	
12097.920000000002	0.05999999999949068	RippleTimeIntervals					12097.928000000002	2.2950673905917442	
12098.1072	0.02959999999984575	RippleTimeIntervals					12098.116000000002	0.48517375097222654	
12101.572000000002	0.037599999999656575	RippleTimeIntervals					12101.590400000001	1.7639013270299173	
12103.412800000002	0.02479999999923166	RippleTimeIntervals					12103.424	1.038236652294811	
12105.900800000001	0.028000000000247383	RippleTimeIntervals					12105.922400000001	1.0529188705203059	
12108.644	0.06240000000070722	RippleTimeIntervals					12108.666400000002	0.6897569135097135	
12109.726400000001	0.06159999999908905	RippleTimeIntervals					12109.752	0.8630244206587809	
12114.1296	0.06880000000091968	RippleTimeIntervals					12114.145600000002	2.8944010708205656	
12117.0552	0.03280000000086147	RippleTimeIntervals					12117.075200000001	1.1730437857066471	
12120.029600000002	0.022399999999834108	RippleTimeIntervals					12120.0352	1.098958764306837	
12120.109600000002	0.039999999999054126	RippleTimeIntervals					12120.126400000001	1.0410544231232048	
12124.792000000001	0.08319999999912397	RippleTimeIntervals					12124.819200000002	1.5475057768958236	
12129.576000000001	0.0455999999994674	RippleTimeIntervals					12129.594400000002	0.7743191426723575	
12129.683200000001	0.023199999999633292	RippleTimeIntervals					12129.688800000002	1.0373110005973378	
12131.9184	0.09280000000035216	RippleTimeIntervals					12131.9256	1.8994135899988156	
12132.8808	0.040000000000873115	RippleTimeIntervals					12132.898400000002	1.0034743379168194	
12133.028	0.02080000000023574	RippleTimeIntervals					12133.0416	0.8978146793526482	
12136.0	12.0	SleepStates							REMstate
12139.501600000001	0.044799999999668216	RippleTimeIntervals					12139.508800000001	0.4109266071281945	
12145.242400000001	0.020000000000436557	RippleTimeIntervals					12145.248000000001	0.5591295880492729	
12149.0	52.0	SleepStates							WAKEstate
12151.594400000002	0.02479999999923166	RippleTimeIntervals					12151.6144	0.7261114626373049	
12151.8752	0.04640000000108557	RippleTimeIntervals					12151.880000000001	0.7565090241777634	
12152.190400000001	0.051199999999880674	RippleTimeIntervals					12152.198400000001	1.9504701016798125	
12152.296	0.0864000000001397	RippleTimeIntervals					12152.3008	0.6735605682141017	
12184.692000000001	0.04160000000047148	RippleTimeIntervals					12184.713600000001	6.216969443127384	
12184.8248	0.060800000001108856	RippleTimeIntervals					12184.8688	1.219473089623946	
12185.066400000002	0.04160000000047148	RippleTimeIntervals					12185.082400000001	3.9037376382484235	
12187.344000000001	0.0591999999996915	RippleTimeIntervals					12187.3824	3.60728217266651	
12187.4616	0.04960000000028231	RippleTimeIntervals					12187.492000000002	3.6560326551578064	
12190.8232	0.02959999999984575	RippleTimeIntervals					12190.8464	0.5366046801722447	
12196.6	0.053600000001097214	RippleTimeIntervals					12196.632000000001	1.139923961637734	
12202.0	196.0	SleepStates							NREMstate
12202.1224	0.07920000000012806	RippleTimeIntervals					12202.166400000002	1.1097370029356197	
12205.573600000002	0.06559999999990396	RippleTimeIntervals					12205.619200000001	4.664871392367833	
12205.833600000002	0.030399999999644933	RippleTimeIntervals					12205.8536	1.2517883918372303	
12205.9336	0.04160000000047148	RippleTimeIntervals					12205.957600000002	3.5887025876427177	
12206.093600000002	0.04799999999886495	RippleTimeIntervals					12206.101600000002	3.1536219771701566	
12207.314400000001	0.022399999999834108	RippleTimeIntervals					12207.320800000001	0.9190148241380321	
12210.668800000001	0.030399999999644933	RippleTimeIntervals					12210.692000000001	2.185029784804009	
12210.868	0.04640000000108557	RippleTimeIntervals					12210.894400000001	1.7421395141313198	
12216.068800000001	0.02959999999984575	RippleTimeIntervals					12216.0768	4.872588544441685	
12217.756000000001	0.021600000000034925	RippleTimeIntervals					12217.770400000001	0.5248533927403346	
12217.912800000002	0.030399999999644933	RippleTimeIntervals					12217.9248	1.1534073448339022	
12218.6496	0.03200000000106229	RippleTimeIntervals					12218.660800000001	2.354167293294972	
12218.717600000002	0.04159999999865249	RippleTimeIntervals					12218.739200000002	3.978723545476902	
12218.844000000001	0.04320000000006985	RippleTimeIntervals					12218.868	3.4843499413187105	
12220.618400000001	0.07040000000051805	RippleTimeIntervals					12220.640000000001	3.811590602462492	
12221.316	0.08400000000074215	RippleTimeIntervals					12221.3536	3.8428481395017067	
12221.6568	0.06240000000070722	RippleTimeIntervals					12221.666400000002	3.194540462124494	
12222.007200000002	0.044799999999668216	RippleTimeIntervals					12222.024000000001	5.713807472844157	
12222.155200000001	0.05760000000009313	RippleTimeIntervals					12222.182400000002	3.511066037657845	
12227.276000000002	0.03600000000005821	RippleTimeIntervals					12227.288	3.5252440888495813	
12228.241600000001	0.06400000000030559	RippleTimeIntervals					12228.276800000001	3.128211298016631	
12228.451200000001	0.0727999999999156	RippleTimeIntervals					12228.487200000001	3.421243666742067	
12228.708	0.0272000000004482	RippleTimeIntervals					12228.716	0.5751505934600437	
12229.1216	0.026400000000649015	RippleTimeIntervals					12229.132000000001	0.8379943038796831	
12229.706400000001	0.05279999999947904	RippleTimeIntervals					12229.732000000002	4.061567996232767	
12231.749600000001	0.03440000000045984	RippleTimeIntervals					12231.7584	0.924504048346658	
12232.1416	0.060800000001108856	RippleTimeIntervals					12232.1784	1.052115467824268	
12232.253600000002	0.06879999999910069	RippleTimeIntervals					12232.311200000002	5.182892502101249	
12232.4544	0.04399999999986903	RippleTimeIntervals					12232.481600000001	3.1259465212607163	
12232.644800000002	0.03839999999945576	RippleTimeIntervals					12232.667200000002	2.783849889704925	
12235.413600000002	0.08879999999953725	RippleTimeIntervals					12235.4696	3.229489061535424	
12235.8448	0.028000000000247383	RippleTimeIntervals					12235.856800000001	0.9405906728999317	
12235.932	0.037599999999656575	RippleTimeIntervals					12235.9624	0.600053970826487	
12236.0856	0.021600000000034925	RippleTimeIntervals					12236.0992	0.5632821942278277	
12236.2888	0.02320000000145228	RippleTimeIntervals					12236.3032	2.076568330164824	
12237.688000000002	0.06719999999950232	RippleTimeIntervals					12237.7296	2.897547039077613	
12241.552800000001	0.039999999999054126	RippleTimeIntervals					12241.5696	5.04919035952826	
12242.2576	0.03839999999945576	RippleTimeIntervals					12242.284800000001	4.3652893548947675	
12245.1712	0.021600000000034925	RippleTimeIntervals					12245.189600000002	0.4904621315999303	
12245.710400000002	0.062399999998888234	RippleTimeIntervals					12245.740800000001	4.391490125648152	
12245.848800000002	0.0455999999994674	RippleTimeIntervals					12245.868	5.350407537162484	
12246.941600000002	0.046399999999266583	RippleTimeIntervals					12246.964800000002	3.339529800572977	
12247.4336	0.028800000000046566	RippleTimeIntervals					12247.4544	0.6497121623860413	
12247.7376	0.02959999999984575	RippleTimeIntervals					12247.7512	1.1158041732762312	
12247.848000000002	0.04959999999846332	RippleTimeIntervals					12247.8896	3.6137596879152896	
12249.7456	0.03840000000127475	RippleTimeIntervals					12249.7672	1.677790614195943	
12250.154400000001	0.022399999999834108	RippleTimeIntervals					12250.168800000001	0.8737467898838789	
12250.567200000001	0.048800000000483124	RippleTimeIntervals					12250.575200000001	0.8109878941476156	
12250.712800000001	0.022399999999834108	RippleTimeIntervals					12250.7224	0.971933989221354	
12250.820800000001	0.025599999999030842	RippleTimeIntervals					12250.8384	0.9431452519494017	
12252.2648	0.037599999999656575	RippleTimeIntervals					12252.2792	2.5268260883794533	
12252.4464	0.031200000001263106	RippleTimeIntervals					12252.4616	1.0802805203585484	
12254.530400000001	0.05199999999967986	RippleTimeIntervals					12254.5496	2.0969153980563235	
12255.064	0.02080000000023574	RippleTimeIntervals					12255.0768	0.7492909593998549	
12255.205600000001	0.037599999999656575	RippleTimeIntervals					12255.213600000001	1.070214821969393	
12256.017600000001	0.040000000000873115	RippleTimeIntervals					12256.023200000001	0.8490500956230849	
12256.610400000001	0.0319999999992433	RippleTimeIntervals					12256.6344	1.5443110970238287	
12256.796	0.047200000000884756	RippleTimeIntervals					12256.834400000002	2.6373119239561924	
12257.652800000002	0.05439999999907741	RippleTimeIntervals					12257.6928	3.0600779772982794	
12257.8088	0.10640000000057626	RippleTimeIntervals					12257.820800000001	3.870230077430209	
12258.184000000001	0.048800000000483124	RippleTimeIntervals					12258.220000000001	4.800760061572547	
12258.842400000001	0.042400000000270666	RippleTimeIntervals					12258.876800000002	1.7978011291934095	
12258.912	0.048800000000483124	RippleTimeIntervals					12258.932	2.8263267252401865	
12259.123200000002	0.03919999999925494	RippleTimeIntervals					12259.147200000001	0.9294829076669263	
12259.581600000001	0.0911999999989348	RippleTimeIntervals					12259.637600000002	3.454011859610243	
12265.876	0.03600000000005821	RippleTimeIntervals					12265.896	2.3483881779600693	
12266.579200000002	0.03359999999884167	RippleTimeIntervals					12266.596800000001	0.7702220599123935	
12267.109600000002	0.03600000000005821	RippleTimeIntervals					12267.137600000002	2.3584925513146806	
12267.216	0.03440000000045984	RippleTimeIntervals					12267.2432	1.1584624949950206	
12270.529600000002	0.03679999999985739	RippleTimeIntervals					12270.548	2.2521067786556968	
12270.754400000002	0.03439999999864085	RippleTimeIntervals					12270.762400000001	1.0551847400316938	
12271.5784	0.03280000000086147	RippleTimeIntervals					12271.588800000001	1.3078031483770602	
12271.712000000001	0.07439999999951397	RippleTimeIntervals					12271.771200000001	4.446047862444117	
12275.115200000002	0.02079999999841675	RippleTimeIntervals					12275.128	3.2906215856572247	
12275.288	0.02480000000105065	RippleTimeIntervals					12275.298400000001	0.718658747720432	
12275.9616	0.09760000000096625	RippleTimeIntervals					12275.985600000002	3.5026067647731907	
12276.116800000002	0.06879999999910069	RippleTimeIntervals					12276.1648	4.461240338287267	
12276.2952	0.03920000000107393	RippleTimeIntervals					12276.3096	5.808570747447537	
12276.5064	0.09440000000176951	RippleTimeIntervals					12276.536800000002	1.542958841553348	
12278.1	0.08960000000115542	RippleTimeIntervals					12278.1144	0.6164970448728453	
12284.8752	0.04960000000028231	RippleTimeIntervals					12284.9176	1.0904856522244624	
12285.021600000002	0.046399999999266583	RippleTimeIntervals					12285.046400000001	2.8703257602314416	
12285.140800000001	0.06559999999990396	RippleTimeIntervals					12285.152800000002	1.9686869841211698	
12286.0616	0.0455999999994674	RippleTimeIntervals					12286.087200000002	2.8483653314849557	
12286.2224	0.037599999999656575	RippleTimeIntervals					12286.2528	1.2989961050049037	
12286.4184	0.024000000001251465	RippleTimeIntervals					12286.423200000001	0.5934605337304346	
12286.479200000002	0.04960000000028231	RippleTimeIntervals					12286.500800000002	3.3433398802031467	
12286.9392	0.044799999999668216	RippleTimeIntervals					12286.948	2.47025053810043	
12287.372000000001	0.037599999999656575	RippleTimeIntervals					12287.385600000001	0.8990610255778879	
12287.776000000002	0.030399999999644933	RippleTimeIntervals					12287.804800000002	0.5490083782675769	
12288.1056	0.048800000000483124	RippleTimeIntervals					12288.130400000002	3.3167309774527665	
12289.037600000001	0.03359999999884167	RippleTimeIntervals					12289.045600000001	0.8274736707673221	
12289.2	0.03600000000005821	RippleTimeIntervals					12289.208	3.7754157649376197	
12290.448	0.06240000000070722	RippleTimeIntervals					12290.472800000001	3.7685306333781483	
12293.024800000001	0.02959999999984575	RippleTimeIntervals					12293.038400000001	1.76044243647945	
12293.289600000002	0.03919999999925494	RippleTimeIntervals					12293.3096	2.2361176197131227	
12294.878400000001	0.03600000000005821	RippleTimeIntervals					12294.900000000001	0.4043301200048213	
12296.000800000002	0.042400000000270666	RippleTimeIntervals					12296.036000000002	1.0413402580262703	
12296.502400000001	0.025599999999030842	RippleTimeIntervals					12296.515200000002	0.8617743604745288	
12297.147200000001	0.03679999999985739	RippleTimeIntervals					12297.160000000002	4.813280976660291	
12297.588000000002	0.02959999999984575	RippleTimeIntervals					12297.610400000001	1.1140543219213108	
12298.3104	0.05520000000069558	RippleTimeIntervals					12298.3304	1.653863556859014	
12300.216	0.030400000001463923	RippleTimeIntervals					12300.226400000001	3.002159948446616	
12300.640800000001	0.028000000000247383	RippleTimeIntervals					12300.6648	0.8499420416506182	
12301.1872	0.028000000000247383	RippleTimeIntervals					12301.2072	0.8839899711808001	
12302.753600000002	0.022399999999834108	RippleTimeIntervals					12302.761600000002	1.6803952065002743	
12303.1656	0.025600000000849832	RippleTimeIntervals					12303.175200000001	2.873183319713813	
12308.705600000001	0.03839999999945576	RippleTimeIntervals					12308.727200000001	1.225034469672971	
12308.907200000001	0.08879999999953725	RippleTimeIntervals					12308.9688	6.839257097030043	
12309.407200000001	0.07840000000032887	RippleTimeIntervals					12309.459200000001	2.144863745259095	
12309.572000000002	0.04799999999886495	RippleTimeIntervals					12309.593600000002	4.9884368544832425	
12309.706400000001	0.044799999999668216	RippleTimeIntervals					12309.7224	2.5426649580532525	
12310.092	0.040000000000873115	RippleTimeIntervals					12310.108800000002	2.0681564303566202	
12310.192000000001	0.0768000000007305	RippleTimeIntervals					12310.240800000001	2.4670462347154283	
12310.856000000002	0.07920000000012806	RippleTimeIntervals					12310.924	2.0799561879761086	
12311.574400000001	0.021600000000034925	RippleTimeIntervals					12311.5912	0.6275276187170956	
12313.9024	0.030399999999644933	RippleTimeIntervals					12313.924	1.8539092981927727	
12315.1056	0.05999999999949068	RippleTimeIntervals					12315.1576	2.472163725936397	
12315.275200000002	0.04799999999886495	RippleTimeIntervals					12315.297600000002	0.8931304013808675	
12315.4832	0.06400000000030559	RippleTimeIntervals					12315.52	3.7166224044863054	
12315.6208	0.048800000000483124	RippleTimeIntervals					12315.6344	2.279669642990153	
12316.355200000002	0.05199999999967986	RippleTimeIntervals					12316.376	4.434858597018102	
12316.523200000001	0.04399999999986903	RippleTimeIntervals					12316.5472	2.53494462306267	
12317.008800000001	0.030399999999644933	RippleTimeIntervals					12317.0264	1.4975738851982514	
12318.8808	0.04320000000006985	RippleTimeIntervals					12318.913600000002	0.4216777446235341	
12322.2152	0.0408000000006723	RippleTimeIntervals					12322.228000000001	1.7300119932562035	
12324.740800000001	0.07439999999951397	RippleTimeIntervals					12324.770400000001	2.7474412829410912	
12325.083200000001	0.046399999999266583	RippleTimeIntervals					12325.102400000002	5.5895760158560615	
12325.514400000002	0.035199999998440035	RippleTimeIntervals					12325.531200000001	1.5240968627049896	
12327.195200000002	0.027999999998428393	RippleTimeIntervals					12327.204000000002	0.6343887310267945	
12327.4616	0.03679999999985739	RippleTimeIntervals					12327.476	3.772635471466457	
12328.515200000002	0.035200000000259024	RippleTimeIntervals					12328.522400000002	2.8967048348812643	
12328.6144	0.03440000000045984	RippleTimeIntervals					12328.626400000001	4.277760372554653	
12330.7	0.0408000000006723	RippleTimeIntervals					12330.7296	0.937468193684064	
12331.464800000002	0.04320000000006985	RippleTimeIntervals					12331.478400000002	1.0882683377458608	
12332.341600000002	0.02959999999984575	RippleTimeIntervals					12332.344000000001	0.5539205934465883	
12332.495200000001	0.06480000000010477	RippleTimeIntervals					12332.536000000002	1.6586595932865114	
12334.6792	0.03840000000127475	RippleTimeIntervals					12334.680800000002	0.44415185672343876	
12336.3968	0.02480000000105065	RippleTimeIntervals					12336.4168	0.492490115558991	
12341.963200000002	0.03439999999864085	RippleTimeIntervals					12341.979200000002	0.8834330826393305	
12342.748000000001	0.09759999999914726	RippleTimeIntervals					12342.8232	3.6252793379789803	
12343.1784	0.04960000000028231	RippleTimeIntervals					12343.204000000002	3.1810952962913306	
12345.967200000001	0.035200000000259024	RippleTimeIntervals					12345.978400000002	3.705196391437902	
12350.4192	0.0408000000006723	RippleTimeIntervals					12350.442400000002	2.1137516837712322	
12350.772	0.04160000000047148	RippleTimeIntervals					12350.797600000002	1.2251263845336564	
12350.942400000002	0.05040000000008149	RippleTimeIntervals					12350.9608	1.451927380590199	
12351.065600000002	0.04719999999906577	RippleTimeIntervals					12351.104800000001	2.574831568830842	
12353.4264	0.10800000000017462	RippleTimeIntervals					12353.4544	1.2577824724280555	
12353.5928	0.030400000001463923	RippleTimeIntervals					12353.6056	1.0724756028563958	
12353.669600000001	0.022399999999834108	RippleTimeIntervals					12353.680800000002	1.999772657614463	
12353.9168	0.021600000000034925	RippleTimeIntervals					12353.927200000002	1.9310143244135491	
12354.014400000002	0.04719999999906577	RippleTimeIntervals					12354.050400000002	0.9041663605341003	
12354.162400000001	0.03280000000086147	RippleTimeIntervals					12354.182400000002	1.2693625500882117	
12354.557600000002	0.022399999999834108	RippleTimeIntervals					12354.572000000002	0.8625033437331953	
12354.6064	0.04160000000047148	RippleTimeIntervals					12354.612000000001	1.1069326042524665	
12354.7296	0.0272000000004482	RippleTimeIntervals					12354.741600000001	1.9600586489519416	
12354.863200000002	0.02479999999923166	RippleTimeIntervals					12354.877600000002	1.6131329494305462	
12355.021600000002	0.037599999999656575	RippleTimeIntervals					12355.052800000001	1.1612936979973552	
12358.5256	0.023199999999633292	RippleTimeIntervals					12358.5344	0.9848466758051655	
12359.8808	0.04640000000108557	RippleTimeIntervals					12359.904	2.8377947683945695	
12360.277600000001	0.0319999999992433	RippleTimeIntervals					12360.2864	1.3143061927264355	
12360.368800000002	0.039999999999054126	RippleTimeIntervals					12360.393600000001	1.3927370633626894	
12362.436000000002	0.022399999999834108	RippleTimeIntervals					12362.450400000002	1.5035510732482829	
12364.320800000001	0.025599999999030842	RippleTimeIntervals					12364.329600000001	0.8898582580233584	
12364.496000000001	0.042400000000270666	RippleTimeIntervals					12364.531200000001	0.5042312393352052	
12365.148000000001	0.0408000000006723	RippleTimeIntervals					12365.1576	0.6777181435333731	
12378.242400000001	0.0272000000004482	RippleTimeIntervals					12378.261600000002	1.0246670113215302	
12379.849600000001	0.021600000000034925	RippleTimeIntervals					12379.854400000002	0.6980850744581513	
12383.072000000002	0.05439999999907741	RippleTimeIntervals					12383.1136	1.1674066272950074	
12383.364800000001	0.022399999999834108	RippleTimeIntervals					12383.368800000002	0.5180276168135278	
12386.761600000002	0.032799999999042484	RippleTimeIntervals					12386.7792	2.9157166121860687	
12386.892800000001	0.06400000000030559	RippleTimeIntervals					12386.923200000001	2.972550272382213	
12387.1136	0.03600000000005821	RippleTimeIntervals					12387.133600000001	0.4397861746489436	
12387.2232	0.03920000000107393	RippleTimeIntervals					12387.242400000001	4.418417639798639	
12387.400800000001	0.023999999999432475	RippleTimeIntervals					12387.4096	2.0787454226240816	
12387.892800000001	0.03600000000005821	RippleTimeIntervals					12387.914400000001	2.0534968522288324	
12388.582400000001	0.022399999999834108	RippleTimeIntervals					12388.587200000002	0.5526600597573214	
12388.705600000001	0.05199999999967986	RippleTimeIntervals					12388.7504	0.9277737768107271	
12388.828000000001	0.0272000000004482	RippleTimeIntervals					12388.852	0.4075582831093001	
12388.993600000002	0.08079999999972642	RippleTimeIntervals					12389.0424	1.9909872244959808	
12390.907200000001	0.0632000000005064	RippleTimeIntervals					12390.949600000002	1.74553856418691	
12391.4248	0.053600000001097214	RippleTimeIntervals					12391.452800000001	4.144119076428564	
12391.6208	0.048800000000483124	RippleTimeIntervals					12391.647200000001	2.4998980629662455	
12391.812000000002	0.046399999999266583	RippleTimeIntervals					12391.827200000002	2.5824046373301934	
12393.1144	0.02959999999984575	RippleTimeIntervals					12393.1368	0.9719808587217625	
12393.877600000002	0.02959999999984575	RippleTimeIntervals					12393.899200000002	1.4683572054245864	
12395.624800000001	0.07599999999911233	RippleTimeIntervals					12395.688000000002	3.606396485230778	
12395.763200000001	0.039999999999054126	RippleTimeIntervals					12395.782400000002	5.502713417022749	
12399.0	38.0	SleepStates							WAKEstate
12401.3304	0.04160000000047148	RippleTimeIntervals					12401.3536	0.6577697714072644	
12402.038400000001	0.048800000000483124	RippleTimeIntervals					12402.084	0.4435963685294245	
12437.738400000002	0.0455999999994674	RippleTimeIntervals					12437.770400000001	1.6753433097877362	
12437.894400000001	0.0591999999996915	RippleTimeIntervals					12437.9168	4.062997784845673	
12438.0	119.0	SleepStates							NREMstate
12444.153600000001	0.03839999999945576	RippleTimeIntervals					12444.180800000002	2.5926315938218143	
12444.6344	0.040000000000873115	RippleTimeIntervals					12444.654400000001	1.261221609118028	
12446.084	0.03280000000086147	RippleTimeIntervals					12446.095200000002	2.3396012471005245	
12451.188800000002	0.05680000000029395	RippleTimeIntervals					12451.232000000002	2.864524094592776	
12453.356800000001	0.0272000000004482	RippleTimeIntervals					12453.376	0.6458095124412349	
12453.575200000001	0.028800000000046566	RippleTimeIntervals					12453.596000000001	0.7339837360449671	
12456.2288	0.03440000000045984	RippleTimeIntervals					12456.255200000001	1.3176635564056765	
12456.285600000001	0.08799999999973807	RippleTimeIntervals					12456.365600000001	1.9384145606648038	
12457.5552	0.058399999999892316	RippleTimeIntervals					12457.560800000001	1.0749345082555657	
12459.4768	0.028000000000247383	RippleTimeIntervals					12459.484800000002	0.8840769805233643	
12459.600800000002	0.03839999999945576	RippleTimeIntervals					12459.623200000002	2.3685262461704824	
12460.44	0.03280000000086147	RippleTimeIntervals					12460.460000000001	1.1764538721735402	
12461.782400000002	0.02079999999841675	RippleTimeIntervals					12461.791200000001	0.44108598884725964	
12462.154400000001	0.02479999999923166	RippleTimeIntervals					12462.159200000002	0.5675071664249325	
12462.9464	0.044799999999668216	RippleTimeIntervals					12462.974400000001	1.6099221006904172	
12464.180800000002	0.04079999999885331	RippleTimeIntervals					12464.208	3.8840942693488985	
12464.7216	0.0408000000006723	RippleTimeIntervals					12464.748800000001	0.6400861451273465	
12464.992000000002	0.023999999999432475	RippleTimeIntervals					12465.003200000001	0.8880929068472541	
12465.6288	0.024000000001251465	RippleTimeIntervals					12465.6488	0.9356742223370795	
12465.710400000002	0.02719999999862921	RippleTimeIntervals					12465.727200000001	3.0608751241454124	
12465.994400000001	0.023999999999432475	RippleTimeIntervals					12466.0064	0.7057367075296783	
12466.6848	0.05760000000009313	RippleTimeIntervals					12466.735200000001	0.7717089658059884	
12466.829600000001	0.042400000000270666	RippleTimeIntervals					12466.862400000002	2.850013130470797	
12468.188000000002	0.028800000000046566	RippleTimeIntervals					12468.216800000002	0.4320659267128799	
12472.943200000002	0.028800000000046566	RippleTimeIntervals					12472.950400000002	5.0110948099413015	
12473.081600000001	0.04960000000028231	RippleTimeIntervals					12473.096800000001	2.986028643943271	
12473.198400000001	0.051199999999880674	RippleTimeIntervals					12473.2304	3.349374985103566	
12473.484800000002	0.028799999998227577	RippleTimeIntervals					12473.492000000002	0.5293162088906258	
12473.610400000001	0.02959999999984575	RippleTimeIntervals					12473.623200000002	3.000795556705722	
12473.9248	0.023199999999633292	RippleTimeIntervals					12473.934400000002	1.0056203953904792	
12474.007200000002	0.02959999999984575	RippleTimeIntervals					12474.016000000001	0.8821694083858935	
12476.405600000002	0.02479999999923166	RippleTimeIntervals					12476.416000000001	2.9469943766096196	
12485.7072	0.02080000000023574	RippleTimeIntervals					12485.716	2.108194338206904	
12492.288	2112.992	epochs	fCamk1_200908_124143	Maze	Linear maze	uLED random stim			
12494.473600000001	0.06240000000070722	RippleTimeIntervals					12494.5272	1.5648690766101931	
12495.009600000001	0.032799999999042484	RippleTimeIntervals					12495.0352	0.7908607084800805	
12495.412	0.02320000000145228	RippleTimeIntervals					12495.413600000002	0.4087942569610832	
12495.944000000001	0.04719999999906577	RippleTimeIntervals					12495.963200000002	5.673541851985125	
12496.206400000001	0.028000000000247383	RippleTimeIntervals					12496.219200000001	0.6667573279372916	
12497.188800000002	0.04159999999865249	RippleTimeIntervals					12497.2224	0.8407267112340471	
12497.5624	0.028800000000046566	RippleTimeIntervals					12497.584	0.5917480695525618	
12500.659200000002	0.02479999999923166	RippleTimeIntervals					12500.68	0.6202899791449089	
12501.396	0.03360000000066066	RippleTimeIntervals					12501.404	0.6587190367984423	
12502.356000000002	0.022399999999834108	RippleTimeIntervals					12502.361600000002	0.6254077837199293	
12502.400000000001	0.042400000000270666	RippleTimeIntervals					12502.405600000002	0.5802828998011547	
12503.6504	0.03200000000106229	RippleTimeIntervals					12503.6712	1.3988133213661205	
12507.4176	0.0904000000009546	RippleTimeIntervals					12507.4896	3.344647309529829	
12509.420800000002	0.031199999999444117	RippleTimeIntervals					12509.444000000001	1.2613897833775185	
12512.8904	0.03360000000066066	RippleTimeIntervals					12512.9048	3.3229812713192284	
12513.036800000002	0.044799999999668216	RippleTimeIntervals					12513.045600000001	1.8933197457991349	
12513.1776	0.03200000000106229	RippleTimeIntervals					12513.204800000001	0.6275130597154183	
12514.6568	0.04399999999986903	RippleTimeIntervals					12514.6728	3.7432554534264346	
12519.748800000001	0.03919999999925494	RippleTimeIntervals					12519.7576	1.349081705360891	
12519.879200000001	0.026400000000649015	RippleTimeIntervals					12519.894400000001	4.390886544533659	
12520.813600000001	0.025599999999030842	RippleTimeIntervals					12520.8176	0.767763809254311	
12522.584	0.04640000000108557	RippleTimeIntervals					12522.596000000001	1.4942157858611989	
12523.857600000001	0.04399999999986903	RippleTimeIntervals					12523.879200000001	2.0639113179468356	
12524.0192	0.08560000000034051	RippleTimeIntervals					12524.0344	4.014399280200934	
12524.173600000002	0.08879999999953725	RippleTimeIntervals					12524.2512	3.4517987544320556	
12524.349600000001	0.05439999999907741	RippleTimeIntervals					12524.3808	3.039025500773142	
12524.4624	0.03840000000127475	RippleTimeIntervals					12524.476	2.6792346331053856	
12524.746400000002	0.12399999999979627	RippleTimeIntervals					12524.826400000002	2.231804946228316	
12524.9696	0.047200000000884756	RippleTimeIntervals					12524.994400000001	3.8018703294214187	
12525.777600000001	0.05040000000008149	RippleTimeIntervals					12525.804800000002	0.5898928023496539	
12526.1864	0.025600000000849832	RippleTimeIntervals					12526.204000000002	0.43626552975468674	
12527.796800000002	0.02479999999923166	RippleTimeIntervals					12527.8088	0.79693287416845	
12530.076000000001	0.023999999999432475	RippleTimeIntervals					12530.092	0.9489136026437253	
12531.551200000002	0.06159999999908905	RippleTimeIntervals					12531.564	1.3902326750573284	
12537.622400000002	0.027999999998428393	RippleTimeIntervals					12537.6272	0.9639270321864476	
12551.304000000002	0.0319999999992433	RippleTimeIntervals					12551.326400000002	3.6637147922973443	
12551.421600000001	0.05040000000008149	RippleTimeIntervals					12551.443200000002	5.504810729069756	
12552.0128	0.03920000000107393	RippleTimeIntervals					12552.0336	4.084244343372332	
12552.3104	0.035200000000259024	RippleTimeIntervals					12552.320800000001	2.8096435758100387	
12552.652800000002	0.026399999998830026	RippleTimeIntervals					12552.6576	0.7920522369215869	
12554.572000000002	0.03679999999985739	RippleTimeIntervals					12554.592	1.666030611233896	
12554.856000000002	0.035200000000259024	RippleTimeIntervals					12554.864800000001	1.022070397811263	
12556.4192	0.05680000000029395	RippleTimeIntervals					12556.4688	0.5241217702550127	
12557.62	0.025600000000849832	RippleTimeIntervals					12557.645600000002	0.4458556665516149	
12558.0	4717.0	SleepStates							WAKEstate
12560.493600000002	0.032799999999042484	RippleTimeIntervals					12560.496000000001	0.4398674893093083	
12560.971200000002	0.023199999999633292	RippleTimeIntervals					12560.976	0.6838882914398976	
12577.652000000002	0.023199999999633292	RippleTimeIntervals					12577.668000000001	0.6073628002501338	
12604.329600000001	0.03920000000107393	RippleTimeIntervals					12604.365600000001	0.6629815292506175	
12614.423200000001	0.0272000000004482	RippleTimeIntervals					12614.4408	1.0813554087437094	
12675.2744	0.03280000000086147	RippleTimeIntervals					12675.282400000002	0.4372441390330489	
12686.0856	0.04960000000028231	RippleTimeIntervals					12686.101600000002	0.4127294529158739	
12778.441600000002	0.03439999999864085	RippleTimeIntervals					12778.4616	1.4460216337272154	
12811.3024	0.0272000000004482	RippleTimeIntervals					12811.322400000001	0.47437460113429575	
12848.3896	0.028800000000046566	RippleTimeIntervals					12848.4104	1.6804197921450634	
12849.2944	0.023199999999633292	RippleTimeIntervals					12849.3096	1.4366825982517695	
12850.754400000002	0.042400000000270666	RippleTimeIntervals					12850.784800000001	2.0649944603089803	
13021.256800000001	0.02320000000145228	RippleTimeIntervals					13021.276000000002	0.45098231421880186	
13021.732800000002	0.07839999999850988	RippleTimeIntervals					13021.788	2.0829925086849217	
13041.752800000002	0.0455999999994674	RippleTimeIntervals					13041.7736	1.4773313436082338	
13135.408800000001	0.02080000000023574	RippleTimeIntervals					13135.425600000002	0.5914718030344045	
13267.124800000001	0.031199999999444117	RippleTimeIntervals					13267.1296	0.4311096074299849	
13293.862400000002	0.02479999999923166	RippleTimeIntervals					13293.880000000001	0.4926628574997203	
13339.6848	0.06559999999990396	RippleTimeIntervals					13339.713600000001	0.8914746029763945	
13380.961600000002	0.02719999999862921	RippleTimeIntervals					13380.967200000001	0.5657072379745303	
13393.558400000002	0.023199999999633292	RippleTimeIntervals					13393.565600000002	0.638014324340865	
13492.862400000002	0.02479999999923166	RippleTimeIntervals					13492.872000000001	0.5757209265218776	
13514.9496	0.07760000000052969	RippleTimeIntervals					13514.974400000001	4.005039652839312	
13535.8168	0.020000000000436557	RippleTimeIntervals					13535.828800000001	0.9802328144237986	
13616.013600000002	0.0272000000004482	RippleTimeIntervals					13616.036800000002	0.4148379121767678	
13630.109600000002	0.03360000000066066	RippleTimeIntervals					13630.124800000001	10.570586659932241	
13635.2032	0.02960000000166474	RippleTimeIntervals					13635.225600000002	0.43500430613465596	
13635.640000000001	0.030399999999644933	RippleTimeIntervals					13635.6584	2.463340956060795	
13649.038400000001	0.028800000000046566	RippleTimeIntervals					13649.0432	1.286441995444901	
13663.132000000001	0.025600000000849832	RippleTimeIntervals					13663.153600000001	0.5250488490684107	
13665.501600000001	0.05680000000029395	RippleTimeIntervals					13665.512000000002	10.695208959175897	
13666.513600000002	0.028800000000046566	RippleTimeIntervals					13666.538400000001	0.5239001980466735	
13666.575200000001	0.023999999999432475	RippleTimeIntervals					13666.580000000002	1.228926282866459	
13681.360800000002	0.037599999999656575	RippleTimeIntervals					13681.391200000002	0.44695295261826695	
13709.090400000001	0.03440000000045984	RippleTimeIntervals					13709.1008	1.1153233457131666	
13753.1344	0.0455999999994674	RippleTimeIntervals					13753.140000000001	2.930914667852241	
13757.626400000001	0.026399999998830026	RippleTimeIntervals					13757.640000000001	11.535868995530366	
13764.150400000002	0.03600000000005821	RippleTimeIntervals					13764.173600000002	0.7908022379242973	
13764.36	0.02080000000023574	RippleTimeIntervals					13764.362400000002	0.5174514732545147	
13816.490400000002	0.028800000000046566	RippleTimeIntervals					13816.512000000002	1.0163151643338986	
13818.920000000002	0.021600000000034925	RippleTimeIntervals					13818.928	0.6710435136461931	
13896.944800000001	0.021600000000034925	RippleTimeIntervals					13896.9552	3.882136338128415	
13913.249600000001	0.032799999999042484	RippleTimeIntervals					13913.276000000002	0.5633072695421101	
13913.592	0.023199999999633292	RippleTimeIntervals					13913.596800000001	0.4084888978064226	
13924.052800000001	0.03359999999884167	RippleTimeIntervals					13924.0616	1.0111572105950382	
13934.778400000001	0.026400000000649015	RippleTimeIntervals					13934.783200000002	0.48372047016378344	
13963.038400000001	0.02080000000023574	RippleTimeIntervals					13963.052000000001	0.4906461244885828	
13964.296000000002	0.046399999999266583	RippleTimeIntervals					13964.3008	0.542503486678648	
13980.301600000003	0.0319999999992433	RippleTimeIntervals					13980.306400000001	0.4454838513769837	
13980.951200000001	0.021600000000034925	RippleTimeIntervals					13980.956000000002	0.4476584987845508	
13998.835200000001	0.0319999999992433	RippleTimeIntervals					13998.855200000002	1.283494690219872	
14072.834400000002	0.032799999999042484	RippleTimeIntervals					14072.842400000001	0.5257492999346004	
14097.5864	0.02320000000145228	RippleTimeIntervals					14097.602400000002	1.4950766593322795	
14117.153600000001	0.0632000000005064	RippleTimeIntervals					14117.209600000002	0.6963398714750894	
14152.9248	0.02479999999923166	RippleTimeIntervals					14152.934400000002	0.5790967911389607	
14196.1856	0.0272000000004482	RippleTimeIntervals					14196.191200000001	0.6906802123542318	
14225.8376	0.025600000000849832	RippleTimeIntervals					14225.849600000001	1.7400711412547387	
14248.124000000002	0.025599999999030842	RippleTimeIntervals					14248.145600000002	0.5673507937496444	
14251.8832	0.021600000000034925	RippleTimeIntervals					14251.9032	0.42578176136664986	
14276.0488	0.02480000000105065	RippleTimeIntervals					14276.0576	0.5459815015049491	
14292.9312	0.02480000000105065	RippleTimeIntervals					14292.936800000001	0.7204210514757472	
14326.277600000001	0.026399999998830026	RippleTimeIntervals					14326.303200000002	0.40236093100850595	
14444.762400000001	0.03360000000066066	RippleTimeIntervals					14444.785600000001	1.5197605202309432	
14447.698400000001	0.023199999999633292	RippleTimeIntervals					14447.709600000002	1.0915204887040695	
14488.024000000001	0.05519999999887659	RippleTimeIntervals					14488.051200000002	2.3941055541914937	
14605.28	1945.4079999999976	epochs	fCamk1_200908_131732	PostStim	Home cage	Home cage			
14635.944800000001	0.02479999999923166	RippleTimeIntervals					14635.9552	1.1746486538725147	
14639.5144	0.08320000000094296	RippleTimeIntervals					14639.580000000002	2.383396517970067	
14641.175200000001	0.04320000000006985	RippleTimeIntervals					14641.192000000001	1.7047783691125484	
14642.1152	0.02480000000105065	RippleTimeIntervals					14642.12	0.6743393859153322	
14642.218400000002	0.028800000000046566	RippleTimeIntervals					14642.240000000002	0.49920858645194066	
14643.673600000002	0.02479999999923166	RippleTimeIntervals					14643.690400000001	1.1036764905936498	
14656.888	0.044800000001487206	RippleTimeIntervals					14656.9248	4.161430003643711	
14660.6272	0.03440000000045984	RippleTimeIntervals					14660.632800000001	0.5766904085451415	
14662.9264	0.026400000000649015	RippleTimeIntervals					14662.9408	1.3141103132413017	
14663.139200000001	0.025600000000849832	RippleTimeIntervals					14663.1488	2.1265600058454948	
14674.436000000002	0.03839999999945576	RippleTimeIntervals					14674.4408	0.6594061779907576	
14685.452000000001	0.053599999999278225	RippleTimeIntervals					14685.4568	0.42966404794558394	
14693.377600000002	0.023999999999432475	RippleTimeIntervals					14693.393600000001	1.4653723074934382	
14699.751200000002	0.021600000000034925	RippleTimeIntervals					14699.768	0.6343998684472346	
14700.474400000001	0.03839999999945576	RippleTimeIntervals					14700.4912	4.037750488311912	
14701.060000000001	0.026399999998830026	RippleTimeIntervals					14701.0704	1.0907565432359672	
14706.7952	0.0496000000021013	RippleTimeIntervals					14706.84	0.5655714259714202	
14717.571200000002	0.020000000000436557	RippleTimeIntervals					14717.580800000002	0.9320136452216345	
14726.272	0.056000000000494765	RippleTimeIntervals					14726.303200000002	1.9134456754926383	
14728.133600000001	0.030399999999644933	RippleTimeIntervals					14728.156	2.553887613358337	
14730.7664	0.031200000001263106	RippleTimeIntervals					14730.791200000001	0.9134747078234806	
14732.188000000002	0.048800000000483124	RippleTimeIntervals					14732.208000000002	2.493529155925179	
14738.326400000002	0.026399999998830026	RippleTimeIntervals					14738.3456	2.1106393971191206	
14739.2088	0.0272000000004482	RippleTimeIntervals					14739.228000000001	3.000598680379222	
14742.988800000001	0.0272000000004482	RippleTimeIntervals					14742.997600000002	0.48028727756158907	
14743.451200000001	0.08560000000034051	RippleTimeIntervals					14743.508000000002	3.447289768940142	
14743.954400000002	0.026399999998830026	RippleTimeIntervals					14743.972800000001	3.74126867912911	
14746.6712	0.02080000000023574	RippleTimeIntervals					14746.679200000002	0.542407634522951	
14747.732	0.028000000002066372	RippleTimeIntervals					14747.752800000002	1.8003666990539462	
14749.2792	0.07999999999992724	RippleTimeIntervals					14749.328000000001	2.333683889354775	
14749.379200000001	0.05279999999947904	RippleTimeIntervals					14749.4168	2.064952161076688	
14753.720000000001	0.04160000000047148	RippleTimeIntervals					14753.741600000001	2.267494260554178	
14764.6224	0.026400000000649015	RippleTimeIntervals					14764.633600000001	3.1267994468583993	
14767.394400000001	0.022399999999834108	RippleTimeIntervals					14767.4032	0.5444339284280906	
14774.0488	0.02480000000105065	RippleTimeIntervals					14774.058400000002	2.029827866286319	
14774.551200000002	0.056000000000494765	RippleTimeIntervals					14774.575200000001	3.841978853112316	
14784.418400000002	0.037599999999656575	RippleTimeIntervals					14784.441600000002	1.513513268203432	
14785.742400000001	0.02959999999984575	RippleTimeIntervals					14785.7664	0.7607020743525447	
14792.7248	0.03920000000107393	RippleTimeIntervals					14792.7592	0.7604459821651082	
14801.468	0.046399999999266583	RippleTimeIntervals					14801.487200000001	0.46215257159871936	
14803.760000000002	0.026399999998830026	RippleTimeIntervals					14803.761600000002	0.4741198104847086	
14807.112000000001	0.030399999999644933	RippleTimeIntervals					14807.138400000002	0.5766313260868403	
14807.731200000002	0.031199999999444117	RippleTimeIntervals					14807.755200000001	1.7316149011454018	
14807.846400000002	0.039999999999054126	RippleTimeIntervals					14807.864800000001	3.258778979445059	
14810.819200000002	0.13919999999961874	RippleTimeIntervals					14810.836000000001	3.579169361841207	
14811.022400000002	0.031199999999444117	RippleTimeIntervals					14811.038400000001	2.302720859176159	
14814.813600000001	0.08879999999953725	RippleTimeIntervals					14814.869600000002	3.7936147550444512	
14815.558400000002	0.0272000000004482	RippleTimeIntervals					14815.576000000001	1.516968797424068	
14817.2792	0.022400000001653098	RippleTimeIntervals					14817.291200000001	1.6717722919337623	
14818.709600000002	0.021600000000034925	RippleTimeIntervals					14818.7144	0.7300329291664244	
14820.1944	0.026400000000649015	RippleTimeIntervals					14820.213600000001	3.0919501039043986	
14821.8168	0.025600000000849832	RippleTimeIntervals					14821.832000000002	2.7750992145872093	
14829.640800000001	0.1176000000014028	RippleTimeIntervals					14829.722400000002	3.656389923022047	
14831.905600000002	0.0272000000004482	RippleTimeIntervals					14831.924	1.0504275585804317	
14832.364000000001	0.025600000000849832	RippleTimeIntervals					14832.3736	3.7699152825392046	
14832.726400000001	0.039999999999054126	RippleTimeIntervals					14832.749600000001	3.917497754592695	
14834.064000000002	0.026399999998830026	RippleTimeIntervals					14834.0864	0.5593688156028741	
14835.608800000002	0.03600000000005821	RippleTimeIntervals					14835.6272	3.7029759526697865	
14835.7968	0.04160000000047148	RippleTimeIntervals					14835.812800000002	3.2787619237152814	
14841.6272	0.02080000000023574	RippleTimeIntervals					14841.640800000001	0.8838481759927199	
14841.920000000002	0.02479999999923166	RippleTimeIntervals					14841.929600000001	2.366976863996208	
14849.618400000001	0.028800000000046566	RippleTimeIntervals					14849.630400000002	2.125840276173044	
14850.056800000002	0.030399999999644933	RippleTimeIntervals					14850.080000000002	1.0648844732640952	
14850.161600000001	0.022399999999834108	RippleTimeIntervals					14850.1672	1.116912737439922	
14856.544000000002	0.14240000000063446	RippleTimeIntervals					14856.564000000002	3.931753210765723	
14867.9176	0.02960000000166474	RippleTimeIntervals					14867.9392	0.5099450694196747	
14884.8888	0.031200000001263106	RippleTimeIntervals					14884.907200000001	0.8701198607172123	
14885.2304	0.02080000000205473	RippleTimeIntervals					14885.2464	0.6547202885477291	
14886.421600000001	0.04959999999846332	RippleTimeIntervals					14886.4336	1.8912716231401032	
14887.5792	0.03360000000066066	RippleTimeIntervals					14887.590400000001	1.8203405565716815	
14888.068800000001	0.025600000000849832	RippleTimeIntervals					14888.088000000002	0.6476171471311452	
14888.9392	0.03440000000045984	RippleTimeIntervals					14888.963200000002	1.2838175701349124	
14889.0616	0.047200000000884756	RippleTimeIntervals					14889.095200000002	0.7797364981408037	
14896.872800000001	0.04560000000128639	RippleTimeIntervals					14896.8952	1.7646823870625359	
14912.0544	0.028800000000046566	RippleTimeIntervals					14912.060000000001	0.44219900468030676	
14915.267200000002	0.020000000000436557	RippleTimeIntervals					14915.272	0.4463216403911885	
14923.559200000002	0.03920000000107393	RippleTimeIntervals					14923.564000000002	0.4949806318118478	
14931.348000000002	0.023999999999432475	RippleTimeIntervals					14931.360800000002	0.8980788459781669	
14935.206400000001	0.03839999999945576	RippleTimeIntervals					14935.240000000002	0.47739689902013777	
14936.324800000002	0.026399999998830026	RippleTimeIntervals					14936.344800000003	0.6178396615548345	
14944.092800000002	0.03600000000005821	RippleTimeIntervals					14944.125600000001	0.4863625747023799	
14948.155200000001	0.026399999998830026	RippleTimeIntervals					14948.164	0.5730216474117359	
15011.611200000001	0.0455999999994674	RippleTimeIntervals					15011.6512	0.9124767166913668	
15012.780000000002	0.06799999999930151	RippleTimeIntervals					15012.7936	3.7394460787324255	
15015.628800000002	0.05199999999967986	RippleTimeIntervals					15015.633600000001	0.8790956150450466	
15034.350400000001	0.023999999999432475	RippleTimeIntervals					15034.369600000002	1.4895418457912915	
15039.4784	0.033600000002479646	RippleTimeIntervals					15039.504800000002	2.0275584807717433	
15051.907200000001	0.02479999999923166	RippleTimeIntervals					15051.9176	1.4909454906147022	
15056.4408	0.035200000002078013	RippleTimeIntervals					15056.457600000002	3.8599135953259633	
15056.587200000002	0.03359999999884167	RippleTimeIntervals					15056.600000000002	0.9010401472767917	
15057.9464	0.05680000000029395	RippleTimeIntervals					15057.964	0.9519737273874967	
15062.0112	0.020000000000436557	RippleTimeIntervals					15062.024800000001	0.4855883805190929	
15062.111200000001	0.023999999999432475	RippleTimeIntervals					15062.1272	1.155901402902547	
15078.36	0.023199999999633292	RippleTimeIntervals					15078.371200000001	3.3904339684258216	
15079.6224	0.03280000000086147	RippleTimeIntervals					15079.6416	2.755359582491484	
15079.7464	0.03440000000045984	RippleTimeIntervals					15079.762400000001	2.688942755211076	
15081.5112	0.09200000000055297	RippleTimeIntervals					15081.538400000001	0.6919101803928287	
15083.2824	0.044800000001487206	RippleTimeIntervals					15083.304800000002	1.2026006514078351	
15089.484800000002	0.05519999999887659	RippleTimeIntervals					15089.508800000001	2.1374343421457493	
15095.8672	0.02480000000105065	RippleTimeIntervals					15095.884800000002	1.1622362112779951	
15104.211200000002	0.04160000000047148	RippleTimeIntervals					15104.236800000002	2.743978566751856	
15104.5864	0.08000000000174623	RippleTimeIntervals					15104.617600000001	1.4885858403396692	
15118.060800000001	0.032799999999042484	RippleTimeIntervals					15118.088800000001	0.46237112440755374	
15134.5	0.037600000001475564	RippleTimeIntervals					15134.533600000002	0.4309805905311919	
15152.008800000001	0.023199999999633292	RippleTimeIntervals					15152.017600000001	0.44395097755782237	
15158.967200000001	0.03920000000107393	RippleTimeIntervals					15158.972800000001	0.6022451522800631	
15165.864000000001	0.03679999999985739	RippleTimeIntervals					15165.869600000002	0.4300361093803249	
15181.884000000002	0.023999999999432475	RippleTimeIntervals					15181.900800000001	0.9203671438893215	
15184.016800000001	0.06559999999990396	RippleTimeIntervals					15184.068000000001	4.607468888100335	
15184.448800000002	0.027999999998428393	RippleTimeIntervals					15184.457600000002	0.9665728282714998	
15189.702400000002	0.021600000000034925	RippleTimeIntervals					15189.711200000002	2.392252005881407	
15200.650400000002	0.04719999999906577	RippleTimeIntervals					15200.680800000002	1.4654041953756862	
15206.0072	0.035200000002078013	RippleTimeIntervals					15206.0256	0.41439997624747527	
15208.988800000001	0.020000000000436557	RippleTimeIntervals					15209.004	1.2888890888719278	
15215.8616	0.025600000000849832	RippleTimeIntervals					15215.8672	1.0527032637999587	
15216.420800000002	0.0319999999992433	RippleTimeIntervals					15216.444800000001	2.1952702916529097	
15218.8688	0.026400000000649015	RippleTimeIntervals					15218.880000000001	1.0244996600879186	
15220.552000000001	0.03200000000106229	RippleTimeIntervals					15220.556800000002	1.4114297062353156	
15240.445600000001	0.037600000001475564	RippleTimeIntervals					15240.461600000002	1.8219847116249666	
15255.412800000002	0.035199999998440035	RippleTimeIntervals					15255.430400000001	0.5672341036526966	
15258.091200000003	0.030399999999644933	RippleTimeIntervals					15258.112800000003	0.5549533958632246	
15265.411200000002	0.026399999998830026	RippleTimeIntervals					15265.430400000001	0.5003489101554468	
15267.092800000002	0.020000000000436557	RippleTimeIntervals					15267.097600000001	0.4806869661981142	
15268.848800000002	0.046399999999266583	RippleTimeIntervals					15268.8744	0.4856953666021426	
15270.623200000002	0.028800000000046566	RippleTimeIntervals					15270.644800000002	0.592399220462919	
15270.865600000001	0.0408000000006723	RippleTimeIntervals					15270.876800000002	0.7084009422459033	
15286.4248	0.023199999999633292	RippleTimeIntervals					15286.4408	0.4288641892377198	
15310.690400000001	0.02959999999984575	RippleTimeIntervals					15310.7088	2.8758325625416257	
15316.082400000001	0.03440000000045984	RippleTimeIntervals					15316.1008	4.158660247218691	
15318.3384	0.02480000000105065	RippleTimeIntervals					15318.341600000002	0.4401180218876772	
15318.4168	0.028000000000247383	RippleTimeIntervals					15318.428000000002	2.425323941930502	
15318.8688	0.07600000000093132	RippleTimeIntervals					15318.936800000001	0.8861708083503239	
15319.440000000002	0.07439999999769498	RippleTimeIntervals					15319.459200000001	1.7419056452120494	
15320.197600000001	0.05199999999967986	RippleTimeIntervals					15320.2248	2.6162554476500586	
15321.304800000002	0.07920000000012806	RippleTimeIntervals					15321.352000000003	4.207666319788576	
15327.669600000001	0.022399999999834108	RippleTimeIntervals					15327.6848	2.6111603666547216	
15327.808800000003	0.030399999999644933	RippleTimeIntervals					15327.822400000001	2.394785719349709	
15336.837600000003	0.07519999999931315	RippleTimeIntervals					15336.8816	3.371703361128629	
15338.322400000001	0.05680000000029395	RippleTimeIntervals					15338.357600000001	4.619264018073657	
15340.256800000001	0.05520000000069558	RippleTimeIntervals					15340.298400000001	4.07524382195906	
15343.154400000001	0.07439999999951397	RippleTimeIntervals					15343.169600000001	2.435162404219604	
15359.059200000002	0.03439999999864085	RippleTimeIntervals					15359.082400000001	1.092049085299332	
15365.121600000002	0.04320000000006985	RippleTimeIntervals					15365.125600000001	0.5930524832377393	
15375.6656	0.035200000002078013	RippleTimeIntervals					15375.693600000002	0.49044583563511146	
15380.872000000001	0.031199999999444117	RippleTimeIntervals					15380.8808	0.618867227791671	
15401.0472	0.021600000000034925	RippleTimeIntervals					15401.065600000002	0.4568669230887875	
15405.0776	0.022400000001653098	RippleTimeIntervals					15405.0848	0.4103074329130924	
15407.960000000001	0.0408000000006723	RippleTimeIntervals					15407.983200000002	0.7282430140918239	
15434.559200000002	0.028800000000046566	RippleTimeIntervals					15434.576800000003	2.0906618935557417	
15435.488000000001	0.04320000000006985	RippleTimeIntervals					15435.516000000001	2.358181440193611	
15442.326400000002	0.03440000000045984	RippleTimeIntervals					15442.351200000001	1.2369898913716053	
15450.265600000002	0.02479999999923166	RippleTimeIntervals					15450.283200000002	0.5291319368340712	
15451.619200000001	0.03600000000005821	RippleTimeIntervals					15451.632000000001	2.1598179479417166	
15451.9496	0.03280000000086147	RippleTimeIntervals					15451.968800000002	4.6474161106213066	
15454.9352	0.030400000001463923	RippleTimeIntervals					15454.956000000002	1.6851852048435814	
15457.864800000001	0.023199999999633292	RippleTimeIntervals					15457.8736	0.48705859583133077	
15458.310400000002	0.021600000000034925	RippleTimeIntervals					15458.316000000003	0.6992844617769917	
15461.1704	0.05520000000069558	RippleTimeIntervals					15461.195200000002	2.298426535558639	
15487.7664	0.031200000001263106	RippleTimeIntervals					15487.7808	1.9096456775108768	
15487.824	0.04320000000006985	RippleTimeIntervals					15487.851200000001	2.358988812511414	
15488.752	0.047200000000884756	RippleTimeIntervals					15488.778400000001	3.4511743611402332	
15495.458400000001	0.042400000000270666	RippleTimeIntervals					15495.476000000002	2.9540096201089674	
15497.5792	0.02480000000105065	RippleTimeIntervals					15497.592	0.713260062892308	
15498.024800000001	0.06960000000071886	RippleTimeIntervals					15498.072800000002	2.868265590966467	
15498.278400000001	0.07120000000031723	RippleTimeIntervals					15498.332000000002	2.078199069266907	
15505.140800000001	0.02479999999923166	RippleTimeIntervals					15505.160800000001	1.2488362376700628	
15505.761600000002	0.05679999999847496	RippleTimeIntervals					15505.784000000001	4.793116465191278	
15510.344000000001	0.02479999999923166	RippleTimeIntervals					15510.364800000001	0.9041295349249148	
15512.144800000002	0.04719999999906577	RippleTimeIntervals					15512.164800000002	4.050944555527636	
15513.8528	0.023199999999633292	RippleTimeIntervals					15513.865600000001	2.013637717556543	
15513.967200000001	0.051199999999880674	RippleTimeIntervals					15513.992000000002	3.4953514273727686	
15514.559200000002	0.053600000001097214	RippleTimeIntervals					15514.575200000001	3.6857598954640305	
15515.313600000001	0.0727999999999156	RippleTimeIntervals					15515.328000000001	1.984583953543894	
15524.087200000002	0.027999999998428393	RippleTimeIntervals					15524.104000000001	2.354889497063395	
15529.9024	0.0272000000004482	RippleTimeIntervals					15529.921600000001	1.2705724054439946	
15534.1224	0.058400000001711305	RippleTimeIntervals					15534.164800000002	2.6755184360938262	
15534.406400000002	0.04159999999865249	RippleTimeIntervals					15534.428800000002	4.442130304597515	
15539.407200000001	0.020000000000436557	RippleTimeIntervals					15539.4168	0.901088079132952	
15542.7088	0.02480000000105065	RippleTimeIntervals					15542.713600000001	0.9093886271040382	
15545.5776	0.09760000000096625	RippleTimeIntervals					15545.633600000001	1.271377629525854	
15546.008800000001	0.030399999999644933	RippleTimeIntervals					15546.0256	3.1531046372888163	
15551.34	0.04640000000108557	RippleTimeIntervals					15551.376	1.1583376927720734	
15551.4856	0.028800000000046566	RippleTimeIntervals					15551.488000000001	0.5080604018458856	
15552.292800000001	0.02320000000145228	RippleTimeIntervals					15552.304800000002	3.444532116899595	
15561.128	0.03360000000066066	RippleTimeIntervals					15561.154400000001	0.9759824550578731	
15563.5936	0.02960000000166474	RippleTimeIntervals					15563.611200000001	2.257275501819852	
15569.5616	0.026400000000649015	RippleTimeIntervals					15569.578400000002	2.7070853579450516	
15573.076000000001	0.028800000000046566	RippleTimeIntervals					15573.096800000001	0.7740588838679318	
15573.408800000001	0.05040000000008149	RippleTimeIntervals					15573.432800000002	1.4709940358541198	
15574.020800000002	0.0455999999994674	RippleTimeIntervals					15574.056800000002	3.261735688846277	
15574.160000000002	0.09840000000076543	RippleTimeIntervals					15574.202400000002	2.446359682799431	
15574.370400000002	0.06240000000070722	RippleTimeIntervals					15574.398400000002	2.049396134966353	
15575.218400000002	0.023999999999432475	RippleTimeIntervals					15575.224000000002	0.46957112916438415	
15576.245600000002	0.07679999999891152	RippleTimeIntervals					15576.284000000001	2.144282119518832	
15583.915200000001	0.07359999999971478	RippleTimeIntervals					15583.9264	1.0087136356291642	
15586.726400000001	0.026400000000649015	RippleTimeIntervals					15586.745600000002	1.1014879487994422	
15595.167200000002	0.023199999999633292	RippleTimeIntervals					15595.180800000002	1.3223505676787142	
15598.876	0.06240000000070722	RippleTimeIntervals					15598.920000000002	1.2123275889897185	
15598.9912	0.026400000000649015	RippleTimeIntervals					15598.9984	1.7251304444652316	
15599.539200000001	0.06879999999910069	RippleTimeIntervals					15599.569600000003	1.9265894668805128	
15599.6944	0.035200000002078013	RippleTimeIntervals					15599.725600000002	0.46981076744592754	
15602.932	0.03440000000045984	RippleTimeIntervals					15602.959200000001	1.8958746741154513	
15603.516000000001	0.06879999999910069	RippleTimeIntervals					15603.564000000002	3.89366631630253	
15607.150400000002	0.05040000000008149	RippleTimeIntervals					15607.161600000001	1.2283486202199323	
15611.240800000001	0.044799999999668216	RippleTimeIntervals					15611.2808	0.49283457826506155	
15620.329600000001	0.047200000000884756	RippleTimeIntervals					15620.36	1.1853025925946346	
15620.6704	0.0272000000004482	RippleTimeIntervals					15620.684000000001	4.006196956143511	
15621.148000000001	0.08480000000054133	RippleTimeIntervals					15621.2248	2.189636104079591	
15629.824800000002	0.021600000000034925	RippleTimeIntervals					15629.836800000001	1.1042129713761897	
15644.4408	0.03360000000066066	RippleTimeIntervals					15644.4696	0.4986363410054595	
15645.876	0.02960000000166474	RippleTimeIntervals					15645.884000000002	0.5469021312789577	
15656.9784	0.05760000000009313	RippleTimeIntervals					15656.9824	0.4578979442871478	
15657.9096	0.023999999999432475	RippleTimeIntervals					15657.918400000002	0.7280281480339095	
15658.02	0.020000000000436557	RippleTimeIntervals					15658.0288	0.4626878892002882	
15658.108800000002	0.05999999999949068	RippleTimeIntervals					15658.1416	0.7532336381811117	
15663.408000000001	0.031199999999444117	RippleTimeIntervals					15663.432800000002	0.4798969315848172	
15667.628	0.020000000000436557	RippleTimeIntervals					15667.632800000001	0.7014418018974573	
15667.729600000002	0.02479999999923166	RippleTimeIntervals					15667.7504	0.4659602672054647	
15682.840800000002	0.028800000000046566	RippleTimeIntervals					15682.862400000002	0.4236378540970503	
15684.366400000003	0.02959999999802676	RippleTimeIntervals					15684.369600000002	0.5054414721885128	
15715.089600000001	0.025599999999030842	RippleTimeIntervals					15715.1064	5.516860014943378	
15716.3312	0.04320000000006985	RippleTimeIntervals					15716.344800000003	0.4511366445559578	
15716.440000000002	0.021600000000034925	RippleTimeIntervals					15716.4464	0.4426651245455956	
15726.7376	0.03360000000066066	RippleTimeIntervals					15726.768	0.44660502133616875	
15727.029600000002	0.042399999998451676	RippleTimeIntervals					15727.042400000002	0.6788643174542144	
15746.3544	0.026400000000649015	RippleTimeIntervals					15746.359200000003	0.42984136589987776	
15755.728000000001	0.031199999999444117	RippleTimeIntervals					15755.733600000001	0.4271338946070815	
15762.696	0.02480000000105065	RippleTimeIntervals					15762.719200000001	0.4533621018745913	
15782.0272	0.040000000000873115	RippleTimeIntervals					15782.037600000001	1.331712738030015	
15792.932800000002	0.023999999997613486	RippleTimeIntervals					15792.9496	0.8032036139902959	
15843.204800000001	0.02959999999984575	RippleTimeIntervals					15843.228000000001	0.565750811746426	
15857.412	0.02080000000205473	RippleTimeIntervals					15857.416000000001	0.47417553586653505	
15862.209600000002	0.027999999998428393	RippleTimeIntervals					15862.213600000001	0.42339376017552555	
15887.204800000001	0.02080000000023574	RippleTimeIntervals					15887.2176	0.7641033185534557	
15895.5072	0.035200000002078013	RippleTimeIntervals					15895.540800000002	0.44002481342960176	
15895.653600000001	0.023199999999633292	RippleTimeIntervals					15895.657600000002	0.5215089797731594	
15896.4168	0.028000000000247383	RippleTimeIntervals					15896.441600000002	0.42831398456235886	
15917.542400000002	0.028800000000046566	RippleTimeIntervals					15917.564000000002	0.6152014453641871	
15923.308800000003	0.032799999999042484	RippleTimeIntervals					15923.332000000002	1.5981920133405605	
15937.5776	0.03200000000106229	RippleTimeIntervals					15937.605600000003	0.5663709619027812	
15939.603200000001	0.020000000000436557	RippleTimeIntervals					15939.608	0.483681089485922	
15948.316000000003	0.0319999999992433	RippleTimeIntervals					15948.328800000001	2.4217603724344237	
15954.336000000001	0.02959999999984575	RippleTimeIntervals					15954.351200000001	0.546136732513414	
15993.348800000002	0.032799999999042484	RippleTimeIntervals					15993.3744	0.857136126575499	
15995.2088	0.03280000000086147	RippleTimeIntervals					15995.212800000001	0.4676873587271193	
16002.9392	0.0408000000006723	RippleTimeIntervals					16002.944000000001	0.5731548709217593	
16020.925600000002	0.0319999999992433	RippleTimeIntervals					16020.950400000002	0.4821891917657641	
16022.956000000002	0.025599999999030842	RippleTimeIntervals					16022.977600000002	0.46266323371063806	
16034.328000000001	0.03440000000045984	RippleTimeIntervals					16034.358400000001	0.6419133837022939	
16042.031200000001	0.03280000000086147	RippleTimeIntervals					16042.059200000002	1.1474643885089113	
16042.612000000001	0.10720000000037544	RippleTimeIntervals					16042.6656	1.3255793138104857	
16043.1352	0.05040000000008149	RippleTimeIntervals					16043.1632	2.8868773030395625	
16043.324800000002	0.025599999999030842	RippleTimeIntervals					16043.336800000001	2.1191185998956317	
16043.493600000002	0.023199999999633292	RippleTimeIntervals					16043.508000000002	1.4442969706040383	
16053.748000000001	0.023199999999633292	RippleTimeIntervals					16053.7576	2.5050847297199685	
16072.575200000001	0.02959999999984575	RippleTimeIntervals					16072.583200000001	0.4152431105325868	
16072.696800000002	0.03600000000005821	RippleTimeIntervals					16072.7288	0.6095113097688036	
16073.987200000001	0.03600000000005821	RippleTimeIntervals					16073.992000000002	0.4271852828002958	
16095.8976	0.026400000000649015	RippleTimeIntervals					16095.9024	0.8222521952595151	
16096.8328	0.03280000000086147	RippleTimeIntervals					16096.840800000002	0.7524445467288429	
16097.082400000001	0.0408000000006723	RippleTimeIntervals					16097.119200000001	0.40811819314377107	
16097.769600000001	0.04320000000006985	RippleTimeIntervals					16097.804800000002	1.4855847811803526	
16110.653600000001	0.03280000000086147	RippleTimeIntervals					16110.676000000001	1.212122843595837	
16111.7808	0.04640000000108557	RippleTimeIntervals					16111.801600000003	2.961545819571771	
16115.415200000001	0.04320000000006985	RippleTimeIntervals					16115.429600000001	3.769906961828315	
16115.638400000002	0.04159999999865249	RippleTimeIntervals					16115.662400000001	2.9077531463705895	
16116.7536	0.0816000000013446	RippleTimeIntervals					16116.769600000001	2.1691145620830232	
16120.870400000002	0.03360000000066066	RippleTimeIntervals					16120.896	1.1373322826339407	
16121.604800000001	0.021600000000034925	RippleTimeIntervals					16121.616800000002	0.6161272278356833	
16124.7304	0.022400000001653098	RippleTimeIntervals					16124.742400000001	2.2724767977286082	
16126.180800000002	0.02239999999801512	RippleTimeIntervals					16126.199200000001	0.4426077273645662	
16129.791200000001	0.09199999999873398	RippleTimeIntervals					16129.819200000002	2.6181392662939715	
16130.3672	0.04560000000128639	RippleTimeIntervals					16130.377600000002	1.695671222458549	
16130.4408	0.022400000001653098	RippleTimeIntervals					16130.451200000001	4.265732699788574	
16130.870400000002	0.03439999999864085	RippleTimeIntervals					16130.8832	6.264273372826841	
16135.837600000003	0.09359999999833235	RippleTimeIntervals					16135.923200000001	2.989086126080524	
16137.7104	0.02960000000166474	RippleTimeIntervals					16137.732	0.8464790932728952	
16140.464800000002	0.04079999999885331	RippleTimeIntervals					16140.487200000001	3.979623314566536	
16141.067200000001	0.04079999999885331	RippleTimeIntervals					16141.088800000001	4.180182333753006	
16143.008800000001	0.05760000000009313	RippleTimeIntervals					16143.036	4.725097552457926	
16157.428800000002	0.02959999999984575	RippleTimeIntervals					16157.440000000002	1.801886614209073	
16161.634400000003	0.025599999999030842	RippleTimeIntervals					16161.645600000002	0.9749489467605349	
16161.806400000001	0.05280000000129803	RippleTimeIntervals					16161.8312	3.1713765264578324	
16172.441600000002	0.021600000000034925	RippleTimeIntervals					16172.456000000002	0.40547954345464127	
16189.954400000002	0.030399999999644933	RippleTimeIntervals					16189.9784	1.5608595137983836	
16193.747200000002	0.035199999998440035	RippleTimeIntervals					16193.778400000001	0.45874787073733364	
16194.121600000002	0.021600000000034925	RippleTimeIntervals					16194.138400000002	0.5079954244050031	
16215.379200000001	0.026400000000649015	RippleTimeIntervals					16215.401600000001	0.490894531141168	
16222.815200000001	0.0272000000004482	RippleTimeIntervals					16222.817600000002	0.4073059530581978	
16226.324	0.02960000000166474	RippleTimeIntervals					16226.329600000001	0.4262672193969587	
16281.087200000002	0.047200000000884756	RippleTimeIntervals					16281.092	0.5537435449726065	
16283.777600000001	0.030399999999644933	RippleTimeIntervals					16283.7824	0.6222872816071311	
16288.3008	0.035200000000259024	RippleTimeIntervals					16288.320800000001	0.47209797478168686	
16294.5704	0.031200000001263106	RippleTimeIntervals					16294.576800000003	0.4396446930343259	
16308.166400000002	0.031199999999444117	RippleTimeIntervals					16308.1848	1.4789932526074452	
16319.305600000002	0.023199999999633292	RippleTimeIntervals					16319.328000000001	0.4209880509053819	
16344.308800000003	0.027999999998428393	RippleTimeIntervals					16344.332000000002	0.41571391099403643	
16351.9168	0.04640000000108557	RippleTimeIntervals					16351.9552	0.7727855260621764	
16360.749600000001	0.035200000000259024	RippleTimeIntervals					16360.755200000001	0.6031712094772023	
16363.6296	0.05200000000149885	RippleTimeIntervals					16363.655200000001	0.43679171630441893	
16405.5328	0.025600000000849832	RippleTimeIntervals					16405.5432	0.5416411223362351	
16409.630400000002	0.058400000001711305	RippleTimeIntervals					16409.684	0.5117660970596296	
16411.4984	0.03359999999884167	RippleTimeIntervals					16411.5072	0.840045816011708	
16418.530400000003	0.02239999999801512	RippleTimeIntervals					16418.5464	0.5540400514237045	
16452.0288	0.04160000000047148	RippleTimeIntervals					16452.0368	0.5354612506758587	
16462.652800000003	0.026399999998830026	RippleTimeIntervals					16462.657600000002	0.4026419244322247	
16473.591200000003	0.027999999998428393	RippleTimeIntervals					16473.5936	0.455429126208078	
16489.4304	0.020000000000436557	RippleTimeIntervals					16489.432800000002	0.43779913064628195	
16550.688	4528.256000000001	epochs	fCamk1_200908_135816	BaselinePost	Home cage	None			
16554.3112	0.028800000000046566	RippleTimeIntervals					16554.3328	0.49525732635603387	
16561.384000000002	0.03919999999925494	RippleTimeIntervals					16561.4096	0.8883938436980507	
16562.7	0.035200000002078013	RippleTimeIntervals					16562.713600000003	2.2462343226895958	
16562.8312	0.0496000000021013	RippleTimeIntervals					16562.864	1.0166940971383012	
16579.4952	0.028800000000046566	RippleTimeIntervals					16579.5168	0.517124417703912	
16585.2256	0.0272000000004482	RippleTimeIntervals					16585.2488	0.9699591377648746	
16587.7544	0.046399999999266583	RippleTimeIntervals					16587.788	0.6955610015421224	
16588.2552	0.08000000000174623	RippleTimeIntervals					16588.2792	4.159566851816077	
16588.3976	0.051200000001699664	RippleTimeIntervals					16588.4312	2.135012467125622	
16590.052000000003	0.04320000000006985	RippleTimeIntervals					16590.088000000003	0.9529059143718167	
16603.886400000003	0.053599999999278225	RippleTimeIntervals					16603.8944	1.9857302327287045	
16606.001600000003	0.028800000000046566	RippleTimeIntervals					16606.0096	1.6320435202811325	
16606.18	0.025600000000849832	RippleTimeIntervals					16606.1976	1.7012716534496657	
16607.2608	0.03920000000289292	RippleTimeIntervals					16607.2736	1.640112646418706	
16631.859200000003	0.021600000000034925	RippleTimeIntervals					16631.8672	2.0921325659746715	
16635.3512	0.028800000000046566	RippleTimeIntervals					16635.366400000003	2.901120932741282	
16638.244000000002	0.035199999998440035	RippleTimeIntervals					16638.272	1.5923012254881042	
16638.792	0.05760000000009313	RippleTimeIntervals					16638.8008	1.2222381034799203	
16649.533600000002	0.03359999999884167	RippleTimeIntervals					16649.5576	1.1923145151560277	
16665.229600000002	0.07519999999931315	RippleTimeIntervals					16665.280000000002	3.3787625804087686	
16665.4816	0.044800000003306195	RippleTimeIntervals					16665.492000000002	2.6125630008272522	
16665.667200000004	0.0319999999992433	RippleTimeIntervals					16665.684800000003	1.1877189553557579	
16674.0216	0.047200000000884756	RippleTimeIntervals					16674.042400000002	3.23536823795579	
16674.2984	0.026400000002468005	RippleTimeIntervals					16674.3152	2.594013998307353	
16677.196000000004	0.02479999999923166	RippleTimeIntervals					16677.2128	0.528606034408795	
16677.272	0.0544000000008964	RippleTimeIntervals					16677.3152	1.4597205965888915	
16678.0888	0.04320000000006985	RippleTimeIntervals					16678.1064	1.7512755535594604	
16684.934400000002	0.02959999999802676	RippleTimeIntervals					16684.9496	1.8509832497502399	
16694.0056	0.022400000001653098	RippleTimeIntervals					16694.0144	1.7984578108662597	
16697.7248	0.051200000001699664	RippleTimeIntervals					16697.765600000002	1.1633379170510671	
16699.0224	0.027999999998428393	RippleTimeIntervals					16699.0384	2.8449035521775543	
16699.8184	0.0544000000008964	RippleTimeIntervals					16699.8496	4.196790262233109	
16700.019200000002	0.031199999997625127	RippleTimeIntervals					16700.0392	1.416430029752954	
16703.3528	0.028000000002066372	RippleTimeIntervals					16703.3616	1.6139306819985382	
16704.2936	0.07920000000012806	RippleTimeIntervals					16704.339200000002	3.236121003782419	
16704.4968	0.03840000000127475	RippleTimeIntervals					16704.513600000002	3.3988665893641645	
16707.715200000002	0.10879999999815482	RippleTimeIntervals					16707.749600000003	0.694196305799913	
16713.9408	0.0496000000021013	RippleTimeIntervals					16713.9608	3.4785643048850483	
16714.9552	0.0496000000021013	RippleTimeIntervals					16714.9968	0.878328218835858	
16719.0744	0.0496000000021013	RippleTimeIntervals					16719.08	0.7810312394330349	
16724.3264	0.03919999999925494	RippleTimeIntervals					16724.3512	2.522729936801388	
16726.408000000003	0.118399999999383	RippleTimeIntervals					16726.4568	3.7003287407712158	
16732.3632	0.03440000000045984	RippleTimeIntervals					16732.384000000002	0.7492974688093146	
16732.8616	0.056000000000494765	RippleTimeIntervals					16732.8944	1.91636804515713	
16734.38	0.05680000000211294	RippleTimeIntervals					16734.4072	1.0483114030644567	
16739.0104	0.02080000000205473	RippleTimeIntervals					16739.020800000002	1.7450438332821459	
16739.3784	0.027999999998428393	RippleTimeIntervals					16739.396800000002	2.374006627803083	
16741.32	0.024000000001251465	RippleTimeIntervals					16741.3312	0.5060212489368975	
16753.4536	0.030399999999644933	RippleTimeIntervals					16753.472800000003	1.5549748293837962	
16760.487200000003	0.06079999999928987	RippleTimeIntervals					16760.523200000003	1.2115772423219577	
16760.808	0.03919999999925494	RippleTimeIntervals					16760.830400000003	1.0543704253693311	
16768.536	0.05040000000008149	RippleTimeIntervals					16768.552000000003	0.790979091663025	
16781.0648	0.025600000000849832	RippleTimeIntervals					16781.08	2.6124328422146395	
16782.7264	0.033600000002479646	RippleTimeIntervals					16782.752	1.9298569574884108	
16796.3408	0.04959999999846332	RippleTimeIntervals					16796.364800000003	2.848060436433327	
16798.026400000002	0.04559999999764841	RippleTimeIntervals					16798.052000000003	2.5372010495813773	
16803.830400000003	0.02239999999801512	RippleTimeIntervals					16803.8456	0.48473017802325635	
16842.3472	0.02080000000205473	RippleTimeIntervals					16842.3568	0.782619315343267	
16846.988	0.07600000000093132	RippleTimeIntervals					16847.0024	2.652973842322458	
16848.1688	0.053600000002916204	RippleTimeIntervals					16848.1928	3.6927255861253507	
16852.8856	0.037599999999656575	RippleTimeIntervals					16852.900800000003	5.014808830582537	
16859.1424	0.023199999999633292	RippleTimeIntervals					16859.1584	0.6770885810413796	
16867.2648	0.031200000001263106	RippleTimeIntervals					16867.285600000003	0.9544533031046101	
16871.6264	0.11119999999937136	RippleTimeIntervals					16871.7056	2.9488843894457144	
16877.02	0.02960000000166474	RippleTimeIntervals					16877.0368	1.3606362834666257	
16887.8152	0.062399999998888234	RippleTimeIntervals					16887.850400000003	3.3804138124589262	
16887.9336	0.03920000000289292	RippleTimeIntervals					16887.9536	8.054384929116049	
16891.999200000002	0.07119999999849824	RippleTimeIntervals					16892.0504	1.7491454706133778	
16893.620000000003	0.0367999999980384	RippleTimeIntervals					16893.6256	0.8531129152709541	
16897.148800000003	0.025600000000849832	RippleTimeIntervals					16897.1568	0.4662764494664109	
16898.508	0.022400000001653098	RippleTimeIntervals					16898.526400000002	0.6481613789490804	
16905.681600000004	0.03359999999884167	RippleTimeIntervals					16905.6904	0.7895071686054714	
16908.372000000003	0.021600000000034925	RippleTimeIntervals					16908.3816	0.46059967428543197	
16910.164	0.025600000000849832	RippleTimeIntervals					16910.1688	0.42265767099769	
16922.8784	0.02479999999923166	RippleTimeIntervals					16922.884000000002	0.6813139613185049	
16930.8496	0.0272000000004482	RippleTimeIntervals					16930.8624	0.6137165906555876	
16931.559200000003	0.05040000000008149	RippleTimeIntervals					16931.6016	0.41528833045812136	
16939.3848	0.02320000000327127	RippleTimeIntervals					16939.3904	0.42162742393664054	
16939.444000000003	0.025599999997211853	RippleTimeIntervals					16939.461600000002	1.506653600913531	
16941.272800000002	0.028800000000046566	RippleTimeIntervals					16941.294400000002	2.762320721060714	
16942.152000000002	0.03680000000167638	RippleTimeIntervals					16942.1728	0.7389783563449758	
16952.1392	0.037599999999656575	RippleTimeIntervals					16952.1688	2.331803072723314	
16954.1328	0.030400000003282912	RippleTimeIntervals					16954.144800000002	0.8516168627544475	
16954.2272	0.04320000000006985	RippleTimeIntervals					16954.248	2.412703126031241	
16968.568	0.021600000000034925	RippleTimeIntervals					16968.580800000003	1.5941124709877799	
16969.280000000002	0.026399999998830026	RippleTimeIntervals					16969.288800000002	2.108259339315378	
16970.3264	0.03600000000005821	RippleTimeIntervals					16970.3512	1.1770571653099204	
16981.824	0.030399999999644933	RippleTimeIntervals					16981.832000000002	0.7013645530436043	
17016.013600000002	0.028800000000046566	RippleTimeIntervals					17016.032000000003	2.9807372109953754	
17016.7912	0.028000000002066372	RippleTimeIntervals					17016.8112	2.587122588777157	
17024.184800000003	0.04079999999885331	RippleTimeIntervals					17024.2048	0.605102952886562	
17025.229600000002	0.062399999998888234	RippleTimeIntervals					17025.287200000002	0.4811024600078597	
17026.968800000002	0.026399999998830026	RippleTimeIntervals					17026.9912	0.45462513459191584	
17028.5	0.031200000001263106	RippleTimeIntervals					17028.528000000002	0.5448034432395721	
17029.042400000002	0.0639999999984866	RippleTimeIntervals					17029.0792	0.47513280608470954	
17029.264000000003	0.032799999997223495	RippleTimeIntervals					17029.278400000003	0.9783822411868179	
17041.328	0.027999999998428393	RippleTimeIntervals					17041.352000000003	0.46789615496614734	
17047.308800000003	0.0319999999992433	RippleTimeIntervals					17047.3256	0.48342172713623816	
17058.9352	0.028800000000046566	RippleTimeIntervals					17058.940000000002	1.09469841237364	
17062.490400000002	0.04799999999886495	RippleTimeIntervals					17062.524	1.0274520229135085	
17069.4104	0.03919999999925494	RippleTimeIntervals					17069.4376	2.3040305276598554	
17069.8656	0.030399999999644933	RippleTimeIntervals					17069.8816	1.191632545249063	
17070.1264	0.04320000000006985	RippleTimeIntervals					17070.1544	0.40059436100202267	
17070.245600000002	0.03919999999925494	RippleTimeIntervals					17070.260000000002	0.4544820083832493	
17071.533600000002	0.020000000000436557	RippleTimeIntervals					17071.5416	0.5039414111333363	
17074.5632	0.09360000000015134	RippleTimeIntervals					17074.644800000002	1.608827086175736	
17085.752	0.02080000000205473	RippleTimeIntervals					17085.7592	0.9676699498434419	
17087.0896	0.06720000000132131	RippleTimeIntervals					17087.130400000002	2.5704016225475725	
17106.5896	0.031200000001263106	RippleTimeIntervals					17106.6136	0.4025293678690065	
17111.2936	0.03359999999884167	RippleTimeIntervals					17111.3192	0.9517903872851772	
17118.5	0.05520000000251457	RippleTimeIntervals					17118.548000000003	0.5408960477439206	
17140.1472	0.020000000000436557	RippleTimeIntervals					17140.156000000003	0.6942546210742131	
17186.519200000002	0.04079999999885331	RippleTimeIntervals					17186.524	0.46793145212212683	
17191.7664	0.022400000001653098	RippleTimeIntervals					17191.7824	0.7511453646688896	
17193.672000000002	0.026399999998830026	RippleTimeIntervals					17193.6944	0.45050459954361055	
17205.4144	0.02960000000166474	RippleTimeIntervals					17205.424000000003	1.2419246069992818	
17205.5584	0.09439999999813153	RippleTimeIntervals					17205.600000000002	1.7215605930321451	
17213.916	0.03600000000005821	RippleTimeIntervals					17213.924000000003	0.45984830339967253	
17220.9936	0.022400000001653098	RippleTimeIntervals					17221.0056	2.937103379447281	
17221.8696	0.040000000000873115	RippleTimeIntervals					17221.8832	3.8059455607043047	
17222.6872	0.021600000000034925	RippleTimeIntervals					17222.7016	1.5753204525279914	
17223.9792	0.022400000001653098	RippleTimeIntervals					17223.9896	0.6712132914694479	
17224.0816	0.11200000000098953	RippleTimeIntervals					17224.1624	3.6022807046212595	
17224.9784	0.04160000000047148	RippleTimeIntervals					17224.9896	2.792631652867434	
17227.7432	0.02080000000205473	RippleTimeIntervals					17227.756800000003	1.8412923540445596	
17228.6744	0.042400000002089655	RippleTimeIntervals					17228.6928	2.6454206659111072	
17229.886400000003	0.06959999999889988	RippleTimeIntervals					17229.9232	3.622566524321835	
17230.4984	0.023199999999633292	RippleTimeIntervals					17230.5096	2.479808577529516	
17235.130400000002	0.03440000000045984	RippleTimeIntervals					17235.143200000002	2.308664692058408	
17235.314400000003	0.03439999999682186	RippleTimeIntervals					17235.328800000003	3.5152067419720128	
17235.4496	0.037600000003294554	RippleTimeIntervals					17235.4664	3.3224633374212846	
17240.5184	0.0911999999989348	RippleTimeIntervals					17240.5488	4.233950572553257	
17243.276	0.04399999999805004	RippleTimeIntervals					17243.2976	2.851331038506808	
17244.0896	0.06880000000091968	RippleTimeIntervals					17244.14	3.978957292868028	
17244.339200000002	0.040000000000873115	RippleTimeIntervals					17244.3544	4.673967751300528	
17244.481600000003	0.05279999999766005	RippleTimeIntervals					17244.5072	4.814308249494237	
17245.0096	0.028800000000046566	RippleTimeIntervals					17245.020800000002	2.364208258272896	
17245.1752	0.030399999999644933	RippleTimeIntervals					17245.199200000003	0.5480820699031944	
17245.5288	0.05040000000008149	RippleTimeIntervals					17245.556	3.795524293525154	
17246.204	0.0367999999980384	RippleTimeIntervals					17246.2256	0.851838575778942	
17246.4304	0.07359999999971478	RippleTimeIntervals					17246.4424	0.7747465059918867	
17247.137600000002	0.03839999999763677	RippleTimeIntervals					17247.148800000003	4.7182095691970956	
17247.3728	0.03440000000045984	RippleTimeIntervals					17247.395200000003	3.122292316958293	
17247.7128	0.04959999999846332	RippleTimeIntervals					17247.7272	1.0640153599831241	
17252.0416	0.030399999999644933	RippleTimeIntervals					17252.0512	1.065987095679351	
17261.8424	0.02960000000166474	RippleTimeIntervals					17261.859200000003	2.7031704252777407	
17270.134400000003	0.026399999998830026	RippleTimeIntervals					17270.1496	0.9971811821759673	
17276.0	29.0	SleepStates							NREMstate
17296.908000000003	0.032799999997223495	RippleTimeIntervals					17296.916800000003	1.022949911976213	
17298.028000000002	0.03600000000005821	RippleTimeIntervals					17298.032000000003	0.4361737167826909	
17302.350400000003	0.07839999999850988	RippleTimeIntervals					17302.416	1.50698044391745	
17306.0	37.0	SleepStates							WAKEstate
17306.396	0.030399999999644933	RippleTimeIntervals					17306.408000000003	3.180026568516393	
17306.492000000002	0.06559999999808497	RippleTimeIntervals					17306.5328	1.5646380099370638	
17320.4424	0.02960000000166474	RippleTimeIntervals					17320.458400000003	1.3496992138888613	
17321.296000000002	0.04320000000006985	RippleTimeIntervals					17321.3272	0.7396739388269545	
17321.4496	0.028000000002066372	RippleTimeIntervals					17321.464	1.6719468781442124	
17322.296000000002	0.030399999999644933	RippleTimeIntervals					17322.3184	2.062170668313635	
17344.0	9.0	SleepStates							NREMstate
17345.3512	0.05760000000009313	RippleTimeIntervals					17345.372000000003	2.2402570350681663	
17346.1152	0.0319999999992433	RippleTimeIntervals					17346.1392	2.082100055101112	
17354.0	214.0	SleepStates							WAKEstate
17357.5368	0.023199999999633292	RippleTimeIntervals					17357.553600000003	0.44006447507927676	
17368.648	0.047200000000884756	RippleTimeIntervals					17368.6528	1.0222508246762148	
17370.751200000002	0.06639999999970314	RippleTimeIntervals					17370.7696	1.0734976500840658	
17370.9408	0.060800000002927845	RippleTimeIntervals					17370.9936	1.2602926721265295	
17373.036	0.03680000000167638	RippleTimeIntervals					17373.053600000003	1.693828279856452	
17375.3568	0.04079999999885331	RippleTimeIntervals					17375.368000000002	1.3431326793112046	
17375.905600000002	0.023199999999633292	RippleTimeIntervals					17375.918400000002	3.8440238732642613	
17376.1968	0.02959999999802676	RippleTimeIntervals					17376.2192	2.164851178476604	
17376.463200000002	0.0272000000004482	RippleTimeIntervals					17376.4824	3.901233732902248	
17377.1568	0.03280000000086147	RippleTimeIntervals					17377.177600000003	3.849580394237941	
17378.1112	0.028800000000046566	RippleTimeIntervals					17378.120000000003	0.6978710358185022	
17389.037600000003	0.03359999999884167	RippleTimeIntervals					17389.0632	1.0027541610535557	
17389.276	0.0272000000004482	RippleTimeIntervals					17389.287200000002	3.1122468300118733	
17389.7072	0.030399999999644933	RippleTimeIntervals					17389.7216	2.333802165830818	
17389.814400000003	0.039999999997235136	RippleTimeIntervals					17389.846400000002	3.686617081957582	
17390.271200000003	0.05439999999725842	RippleTimeIntervals					17390.2952	2.3547004346190468	
17390.657600000002	0.03440000000045984	RippleTimeIntervals					17390.68	1.3699017621831933	
17391.2104	0.03600000000005821	RippleTimeIntervals					17391.224000000002	1.402843122089448	
17394.004	0.056000000000494765	RippleTimeIntervals					17394.0416	2.322513770782802	
17394.1256	0.02960000000166474	RippleTimeIntervals					17394.134400000003	3.888625933031896	
17396.064000000002	0.03600000000005821	RippleTimeIntervals					17396.0944	0.4104363558080402	
17396.7688	0.031200000001263106	RippleTimeIntervals					17396.7848	2.8642025737963253	
17397.064000000002	0.04799999999886495	RippleTimeIntervals					17397.096	3.0620337031766907	
17404.114400000002	0.03839999999763677	RippleTimeIntervals					17404.1248	2.367786823444619	
17406.6856	0.026399999998830026	RippleTimeIntervals					17406.6904	0.6505377621207717	
17406.932800000002	0.020000000000436557	RippleTimeIntervals					17406.945600000003	1.0005661752391675	
17408.017600000003	0.025599999997211853	RippleTimeIntervals					17408.0288	1.0403713845625895	
17409.1784	0.051200000001699664	RippleTimeIntervals					17409.1928	5.265582096718222	
17409.3704	0.02320000000327127	RippleTimeIntervals					17409.3816	0.872721235747357	
17410.3616	0.03600000000005821	RippleTimeIntervals					17410.373600000003	3.2214118618234346	
17417.5184	0.028000000002066372	RippleTimeIntervals					17417.539200000003	2.0261166374419504	
17417.6784	0.02960000000166474	RippleTimeIntervals					17417.695200000002	2.0372214745513415	
17417.8496	0.05760000000009313	RippleTimeIntervals					17417.891200000002	0.7579461926865739	
17418.060800000003	0.04319999999643187	RippleTimeIntervals					17418.088000000003	2.660669434834345	
17418.8328	0.030399999999644933	RippleTimeIntervals					17418.8552	2.1152843621693336	
17419.56	0.06799999999930151	RippleTimeIntervals					17419.5744	1.3870752927447187	
17426.5472	0.08239999999932479	RippleTimeIntervals					17426.6064	2.7255015530593676	
17430.4264	0.03840000000127475	RippleTimeIntervals					17430.4376	3.8857378770221565	
17430.5872	0.03440000000045984	RippleTimeIntervals					17430.6096	1.1523268061623688	
17431.637600000002	0.03440000000045984	RippleTimeIntervals					17431.659200000002	1.9229852534143803	
17433.452	0.03359999999884167	RippleTimeIntervals					17433.465600000003	2.8145669905002015	
17435.837600000003	0.020000000000436557	RippleTimeIntervals					17435.8496	1.9731223730170697	
17436.6152	0.03840000000127475	RippleTimeIntervals					17436.632	3.953322799607374	
17439.604	0.040000000000873115	RippleTimeIntervals					17439.628	1.1705632057718438	
17441.8552	0.02079999999841675	RippleTimeIntervals					17441.8688	0.979561779803739	
17441.983200000002	0.04160000000047148	RippleTimeIntervals					17441.9968	2.513546176845385	
17442.808800000003	0.03600000000005821	RippleTimeIntervals					17442.8368	1.889167804914957	
17445.488800000003	0.02959999999802676	RippleTimeIntervals					17445.4968	3.0475407392213216	
17446.1368	0.10080000000016298	RippleTimeIntervals					17446.1552	3.937884990803833	
17449.4104	0.022400000001653098	RippleTimeIntervals					17449.4216	1.4970649552461637	
17449.566400000003	0.037599999996018596	RippleTimeIntervals					17449.5832	3.6949185314938155	
17449.7192	0.028800000000046566	RippleTimeIntervals					17449.7344	3.9766326159734833	
17452.5272	0.03680000000167638	RippleTimeIntervals					17452.5472	1.6148006947380629	
17453.751200000002	0.051199999998061685	RippleTimeIntervals					17453.7952	0.5635485734041956	
17489.6896	0.04320000000006985	RippleTimeIntervals					17489.7248	0.43486210621715166	
17489.880800000003	0.026399999998830026	RippleTimeIntervals					17489.902400000003	0.6726688706181082	
17499.0544	0.02960000000166474	RippleTimeIntervals					17499.06	0.8170313769673557	
17499.224000000002	0.02079999999841675	RippleTimeIntervals					17499.2288	0.5914488679477825	
17503.6712	0.02479999999923166	RippleTimeIntervals					17503.68	0.6817147141589505	
17525.6224	0.031200000001263106	RippleTimeIntervals					17525.636000000002	1.9716188940184918	
17526.0968	0.07040000000051805	RippleTimeIntervals					17526.127200000003	2.8848881575492293	
17547.0144	0.026400000002468005	RippleTimeIntervals					17547.023200000003	0.45582142542374393	
17548.8568	0.0319999999992433	RippleTimeIntervals					17548.8712	0.6248739447360133	
17548.9936	0.04560000000128639	RippleTimeIntervals					17549.032000000003	0.44064367625217254	
17549.396	0.02479999999923166	RippleTimeIntervals					17549.4064	0.5825143225019224	
17555.8336	0.0272000000004482	RippleTimeIntervals					17555.853600000002	0.534371244953454	
17561.745600000002	0.07359999999971478	RippleTimeIntervals					17561.781600000002	0.7879512750329111	
17564.628	0.03359999999884167	RippleTimeIntervals					17564.630400000002	0.5186696601711458	
17566.7448	0.0272000000004482	RippleTimeIntervals					17566.772	0.4343339720601653	
17569.0	7.0	SleepStates							REMstate
17576.904000000002	0.062399999998888234	RippleTimeIntervals					17576.951200000003	3.2242007140941302	
17577.0	73.0	SleepStates							WAKEstate
17579.3168	0.051200000001699664	RippleTimeIntervals					17579.3616	1.097817019626952	
17586.992000000002	0.048800000000483124	RippleTimeIntervals					17586.9968	0.5807185786540175	
17651.0	7.0	SleepStates							REMstate
17659.0	96.0	SleepStates							WAKEstate
17686.736	0.026399999998830026	RippleTimeIntervals					17686.7504	0.9892447079785083	
17695.4176	0.028800000000046566	RippleTimeIntervals					17695.4392	0.6641278102745697	
17695.758400000002	0.03919999999925494	RippleTimeIntervals					17695.7696	1.0253784008835258	
17696.357600000003	0.02959999999802676	RippleTimeIntervals					17696.3624	0.4915425033932301	
17698.8488	0.03200000000288128	RippleTimeIntervals					17698.8744	0.4284561510651171	
17698.960000000003	0.0367999999980384	RippleTimeIntervals					17698.9864	0.41065435309629106	
17713.095200000003	0.021599999996396946	RippleTimeIntervals					17713.1088	1.5844413508207973	
17715.144	0.04400000000168802	RippleTimeIntervals					17715.168	1.6554770696709122	
17716.6064	0.028800000000046566	RippleTimeIntervals					17716.628800000002	0.8006238073024838	
17716.8208	0.048800000000483124	RippleTimeIntervals					17716.8368	1.6209163887407556	
17717.112800000003	0.021600000000034925	RippleTimeIntervals					17717.1232	1.6258812840985737	
17717.699200000003	0.08159999999770662	RippleTimeIntervals					17717.7192	3.7031114198391255	
17718.1096	0.05040000000008149	RippleTimeIntervals					17718.1224	1.3560656175331793	
17718.752	0.037599999999656575	RippleTimeIntervals					17718.7576	1.3109359945418586	
17718.916	0.047200000000884756	RippleTimeIntervals					17718.951200000003	3.437712378986867	
17719.0744	0.03440000000045984	RippleTimeIntervals					17719.0872	7.293395993740031	
17720.3152	0.025600000000849832	RippleTimeIntervals					17720.3264	0.7654775240462904	
17721.0776	0.042400000002089655	RippleTimeIntervals					17721.088000000003	2.201951488313802	
17726.7432	0.02479999999923166	RippleTimeIntervals					17726.7576	3.03876657209969	
17726.8616	0.03920000000289292	RippleTimeIntervals					17726.8696	2.6261898128169303	
17729.3312	0.040000000000873115	RippleTimeIntervals					17729.353600000002	1.9488488748347512	
17729.5024	0.0319999999992433	RippleTimeIntervals					17729.5168	1.0287145127525241	
17731.0904	0.04320000000006985	RippleTimeIntervals					17731.1264	1.0192206637328642	
17731.2608	0.03920000000289292	RippleTimeIntervals					17731.292800000003	1.5414459906267817	
17739.168	0.04160000000047148	RippleTimeIntervals					17739.184	2.949913378229241	
17740.4968	0.03840000000127475	RippleTimeIntervals					17740.5072	2.9312605435698353	
17742.402400000003	0.042399999998451676	RippleTimeIntervals					17742.425600000002	1.0324324322209324	
17745.076	0.03440000000045984	RippleTimeIntervals					17745.0992	2.2292545364301515	
17746.202400000002	0.03600000000005821	RippleTimeIntervals					17746.222400000002	1.93976730848932	
17746.556	0.03440000000045984	RippleTimeIntervals					17746.571200000002	1.3917034381883087	
17747.7264	0.05680000000211294	RippleTimeIntervals					17747.771200000003	5.124873308917639	
17749.8624	0.028800000000046566	RippleTimeIntervals					17749.879200000003	1.4000700718581869	
17753.460000000003	0.020000000000436557	RippleTimeIntervals					17753.472800000003	1.1458790107133414	
17755.3328	0.040000000000873115	RippleTimeIntervals					17755.352000000003	2.122296135123096	
17755.4664	0.03840000000127475	RippleTimeIntervals					17755.484800000002	4.37519820614314	
17756.0	41.0	SleepStates							NREMstate
17756.0024	0.03840000000127475	RippleTimeIntervals					17756.032000000003	0.6006455953232177	
17758.8048	0.026399999998830026	RippleTimeIntervals					17758.816000000003	3.148690410326072	
17760.6752	0.02239999999801512	RippleTimeIntervals					17760.68	0.7152458934465867	
17760.7976	0.05040000000008149	RippleTimeIntervals					17760.8264	5.096488766685455	
17761.024800000003	0.06079999999928987	RippleTimeIntervals					17761.075200000003	4.40505323602401	
17761.278400000003	0.04799999999886495	RippleTimeIntervals					17761.287200000002	0.8256555336792798	
17763.0864	0.024000000001251465	RippleTimeIntervals					17763.0944	1.0206139375447907	
17766.229600000002	0.05760000000009313	RippleTimeIntervals					17766.2504	3.5144837759186816	
17766.748	0.02960000000166474	RippleTimeIntervals					17766.764000000003	2.9967599122062683	
17770.1496	0.046399999999266583	RippleTimeIntervals					17770.18	0.7593128435091022	
17770.3424	0.04320000000006985	RippleTimeIntervals					17770.364	3.001492898579792	
17772.231200000002	0.0272000000004482	RippleTimeIntervals					17772.2472	1.067149239345383	
17772.359200000003	0.02079999999841675	RippleTimeIntervals					17772.372000000003	1.1403247091478304	
17772.7392	0.040000000000873115	RippleTimeIntervals					17772.7632	4.49264991294908	
17774.360800000002	0.030399999999644933	RippleTimeIntervals					17774.380800000003	3.27771873268025	
17774.8416	0.04560000000128639	RippleTimeIntervals					17774.879200000003	0.7072661497783113	
17775.206400000003	0.03839999999763677	RippleTimeIntervals					17775.236800000002	1.8480538446376644	
17777.0544	0.03840000000127475	RippleTimeIntervals					17777.068000000003	2.558166450311501	
17781.2048	0.047200000000884756	RippleTimeIntervals					17781.238400000002	4.599981001684618	
17781.328	0.030399999999644933	RippleTimeIntervals					17781.348	5.350878999777592	
17781.576800000003	0.0415999999968335	RippleTimeIntervals					17781.6104	2.476234344521338	
17781.695200000002	0.05040000000008149	RippleTimeIntervals					17781.712	4.851900947954427	
17782.308	0.030399999999644933	RippleTimeIntervals					17782.3184	3.8335725366645352	
17783.664800000002	0.02959999999802676	RippleTimeIntervals					17783.6752	3.234334035537045	
17787.5512	0.06719999999768334	RippleTimeIntervals					17787.5648	3.3806956430733557	
17789.992000000002	0.02959999999802676	RippleTimeIntervals					17790.008	0.8066015483942792	
17790.5936	0.04560000000128639	RippleTimeIntervals					17790.6176	5.322005475038008	
17791.2992	0.037599999999656575	RippleTimeIntervals					17791.316000000003	5.089413517903419	
17791.530400000003	0.046399999999266583	RippleTimeIntervals					17791.5616	1.2363258803510107	
17791.891200000002	0.026399999998830026	RippleTimeIntervals					17791.896800000002	0.523519790745996	
17794.6616	0.02960000000166474	RippleTimeIntervals					17794.6744	1.5951655203236235	
17794.902400000003	0.04959999999846332	RippleTimeIntervals					17794.909600000003	1.210445358863415	
17795.630400000002	0.040000000000873115	RippleTimeIntervals					17795.644	3.3815232727405293	
17795.7336	0.05920000000332948	RippleTimeIntervals					17795.7808	1.987481475535023	
17795.908000000003	0.0687999999972817	RippleTimeIntervals					17795.9592	1.3046592947215856	
17796.016000000003	0.0687999999972817	RippleTimeIntervals					17796.0656	2.7293363423344292	
17796.156000000003	0.03919999999925494	RippleTimeIntervals					17796.1712	2.56989457384036	
17796.3416	0.0544000000008964	RippleTimeIntervals					17796.3704	5.513430138645465	
17797.909600000003	0.05040000000008149	RippleTimeIntervals					17797.927200000002	4.2411217945838855	
17798.0	20.0	SleepStates							WAKEstate
17798.4064	0.025600000000849832	RippleTimeIntervals					17798.4192	0.9734325197588712	
17799.8136	0.03359999999884167	RippleTimeIntervals					17799.8344	1.3628515815910829	
17799.916800000003	0.0319999999992433	RippleTimeIntervals					17799.9288	4.350523513804318	
17800.1472	0.03680000000167638	RippleTimeIntervals					17800.176	1.9097169840073676	
17800.476000000002	0.07119999999849824	RippleTimeIntervals					17800.532000000003	3.447675543723221	
17800.74	0.0272000000004482	RippleTimeIntervals					17800.744000000002	1.0739780656995617	
17801.980000000003	0.046399999999266583	RippleTimeIntervals					17801.9952	4.047229132604574	
17802.1456	0.03280000000086147	RippleTimeIntervals					17802.1536	1.8346433957515877	
17803.128800000002	0.04079999999885331	RippleTimeIntervals					17803.1568	2.28837385107036	
17813.32	0.07760000000052969	RippleTimeIntervals					17813.368000000002	3.946732902588625	
17814.4016	0.04320000000006985	RippleTimeIntervals					17814.4216	2.6422185559828373	
17819.0	40.0	SleepStates							NREMstate
17819.612	0.024000000001251465	RippleTimeIntervals					17819.620000000003	0.48246011983179377	
17819.7608	0.023199999999633292	RippleTimeIntervals					17819.7752	1.3059081855115644	
17819.997600000002	0.04959999999846332	RippleTimeIntervals					17820.032000000003	1.6602706784983339	
17820.0888	0.08480000000054133	RippleTimeIntervals					17820.0992	1.60566086779979	
17820.8456	0.03600000000005821	RippleTimeIntervals					17820.853600000002	0.48850684640904907	
17821.168	0.07440000000133296	RippleTimeIntervals					17821.213600000003	5.586038434187803	
17823.876800000002	0.04079999999885331	RippleTimeIntervals					17823.9032	4.593436731590737	
17823.972	0.03280000000086147	RippleTimeIntervals					17823.9768	0.48743729405883995	
17824.490400000002	0.035199999998440035	RippleTimeIntervals					17824.5024	3.48905230070795	
17824.592	0.05519999999887659	RippleTimeIntervals					17824.620000000003	3.7887014826867924	
17825.0344	0.04560000000128639	RippleTimeIntervals					17825.076	0.9674073441062219	
17827.4448	0.028000000002066372	RippleTimeIntervals					17827.4648	1.6966675999174805	
17827.876	0.06480000000010477	RippleTimeIntervals					17827.911200000002	1.5585756843880363	
17828.602400000003	0.055999999996856786	RippleTimeIntervals					17828.6264	3.514203516720444	
17828.731200000002	0.048800000000483124	RippleTimeIntervals					17828.7432	3.2036006058034734	
17829.3456	0.028000000002066372	RippleTimeIntervals					17829.3616	4.762154407160868	
17832.830400000003	0.02079999999841675	RippleTimeIntervals					17832.8384	0.7217499245279098	
17833.4864	0.030399999999644933	RippleTimeIntervals					17833.4968	0.7909339768106138	
17833.8928	0.02479999999923166	RippleTimeIntervals					17833.9104	0.7064008785743531	
17833.9736	0.020000000000436557	RippleTimeIntervals					17833.9808	1.7369220775379883	
17834.3728	0.03680000000167638	RippleTimeIntervals					17834.3816	3.7394297703653874	
17834.810400000002	0.046399999999266583	RippleTimeIntervals					17834.8344	5.177922808849496	
17835.1424	0.048800000000483124	RippleTimeIntervals					17835.1568	2.867966260418623	
17835.7376	0.028800000000046566	RippleTimeIntervals					17835.7504	0.8155160045058925	
17835.8632	0.07360000000335276	RippleTimeIntervals					17835.8688	1.4728186147406774	
17836.059200000003	0.046399999999266583	RippleTimeIntervals					17836.0888	1.4027233782673345	
17836.386400000003	0.02239999999801512	RippleTimeIntervals					17836.400800000003	2.310038494738343	
17836.5344	0.021600000000034925	RippleTimeIntervals					17836.542400000002	0.6384493822059927	
17837.1112	0.020000000000436557	RippleTimeIntervals					17837.1248	0.6197736954610268	
17844.0024	0.042400000002089655	RippleTimeIntervals					17844.028000000002	2.645072208567274	
17846.0872	0.03359999999884167	RippleTimeIntervals					17846.0992	1.540975701121764	
17850.4208	0.03280000000086147	RippleTimeIntervals					17850.4352	3.3237256612001658	
17851.116	0.021600000000034925	RippleTimeIntervals					17851.1208	0.6451938063934962	
17851.830400000003	0.0272000000004482	RippleTimeIntervals					17851.844	1.4219371099066203	
17852.220800000003	0.021600000000034925	RippleTimeIntervals					17852.2344	2.0689318474017937	
17853.898400000002	0.03440000000045984	RippleTimeIntervals					17853.912	1.5456549152552368	
17854.1088	0.02079999999841675	RippleTimeIntervals					17854.1168	1.5853787453405817	
17854.964	0.035200000002078013	RippleTimeIntervals					17854.984	3.1307617395663527	
17855.068000000003	0.039999999997235136	RippleTimeIntervals					17855.088000000003	3.3573963613886697	
17855.987200000003	0.031199999997625127	RippleTimeIntervals					17856.0008	1.588495536965258	
17856.2176	0.044799999999668216	RippleTimeIntervals					17856.2304	2.6100120884679407	
17856.74	0.035199999998440035	RippleTimeIntervals					17856.745600000002	1.0552456145193965	
17860.0	13.0	SleepStates							WAKEstate
17861.4552	0.03280000000086147	RippleTimeIntervals					17861.472800000003	3.062642921023612	
17861.641600000003	0.07359999999971478	RippleTimeIntervals					17861.6872	0.9558958121043933	
17861.8128	0.03200000000288128	RippleTimeIntervals					17861.82	1.8431077486668415	
17862.179200000002	0.04160000000047148	RippleTimeIntervals					17862.2048	1.3371325849355074	
17864.8408	0.02079999999841675	RippleTimeIntervals					17864.853600000002	0.6721535820168933	
17865.179200000002	0.023199999999633292	RippleTimeIntervals					17865.1912	2.6263457446875718	
17865.3096	0.04080000000249129	RippleTimeIntervals					17865.328	3.6216836770351373	
17865.54	0.06000000000130967	RippleTimeIntervals					17865.5816	2.624246113026095	
17866.5256	0.03600000000005821	RippleTimeIntervals					17866.5384	3.6097805013137907	
17868.1336	0.031200000001263106	RippleTimeIntervals					17868.144800000002	5.213098772258258	
17868.251200000002	0.0591999999996915	RippleTimeIntervals					17868.2752	4.106707307677211	
17874.0	394.0	SleepStates							NREMstate
17874.693600000002	0.02959999999802676	RippleTimeIntervals					17874.7144	1.9024417130005178	
17876.970400000002	0.040000000000873115	RippleTimeIntervals					17876.9968	2.5977432019907143	
17878.386400000003	0.03439999999682186	RippleTimeIntervals					17878.4088	4.735035195088759	
17879.1672	0.0496000000021013	RippleTimeIntervals					17879.184	5.526754083886969	
17880.02	0.031200000001263106	RippleTimeIntervals					17880.033600000002	1.8834294478927622	
17880.857600000003	0.0639999999984866	RippleTimeIntervals					17880.9048	4.892754507514267	
17881.7632	0.026399999998830026	RippleTimeIntervals					17881.768	0.761517643646482	
17882.940000000002	0.040000000000873115	RippleTimeIntervals					17882.960000000003	0.7915937585166383	
17883.2688	0.02959999999802676	RippleTimeIntervals					17883.2792	2.6236563702018847	
17883.38	0.06959999999889988	RippleTimeIntervals					17883.4216	3.5933373319745394	
17885.8224	0.03840000000127475	RippleTimeIntervals					17885.8368	2.746373480982848	
17885.936800000003	0.04320000000006985	RippleTimeIntervals					17885.9592	3.7197378687861047	
17886.0904	0.04079999999885331	RippleTimeIntervals					17886.1088	2.5237664411385436	
17886.249600000003	0.051199999998061685	RippleTimeIntervals					17886.272	3.9606558278791426	
17889.3744	0.031200000001263106	RippleTimeIntervals					17889.3976	1.7294332019891638	
17891.9696	0.04800000000250293	RippleTimeIntervals					17892.0008	2.7047587014666514	
17893.9736	0.08959999999933643	RippleTimeIntervals					17894.040800000002	3.0512449002669553	
17894.663200000003	0.0591999999996915	RippleTimeIntervals					17894.6928	3.1072792328797605	
17895.5904	0.03919999999925494	RippleTimeIntervals					17895.602400000003	0.5273704410541282	
17895.88	0.0272000000004482	RippleTimeIntervals					17895.896800000002	1.9752102580576225	
17895.9864	0.08559999999852153	RippleTimeIntervals					17896.0384	2.5829051448195024	
17896.7056	0.04320000000006985	RippleTimeIntervals					17896.731200000002	3.7057897350826985	
17903.4824	0.037599999999656575	RippleTimeIntervals					17903.5008	3.086094403273655	
17905.2776	0.0319999999992433	RippleTimeIntervals					17905.2936	1.9042077755719335	
17905.3832	0.03840000000127475	RippleTimeIntervals					17905.392	5.434617272651134	
17905.6544	0.042400000002089655	RippleTimeIntervals					17905.6688	2.909319840753041	
17906.2776	0.04400000000168802	RippleTimeIntervals					17906.2976	5.104473673305125	
17907.1824	0.023199999999633292	RippleTimeIntervals					17907.1888	3.1554720363956696	
17907.2704	0.042399999998451676	RippleTimeIntervals					17907.276	1.7034241612544132	
17907.3712	0.025600000000849832	RippleTimeIntervals					17907.3832	2.602584582928092	
17907.530400000003	0.11519999999654829	RippleTimeIntervals					17907.5416	3.5273822130065566	
17908.8552	0.028800000000046566	RippleTimeIntervals					17908.8632	0.43274273540703484	
17909.010400000003	0.023199999999633292	RippleTimeIntervals					17909.020800000002	0.9186552400704151	
17912.934400000002	0.027999999998428393	RippleTimeIntervals					17912.9392	0.9468340781473963	
17913.0416	0.033600000002479646	RippleTimeIntervals					17913.0672	0.6035589845234764	
17913.184	0.03840000000127475	RippleTimeIntervals					17913.209600000002	1.016738487492227	
17913.679200000002	0.02959999999802676	RippleTimeIntervals					17913.688000000002	3.9878396708342176	
17914.08	0.051199999998061685	RippleTimeIntervals					17914.1048	2.6269779741475876	
17914.1976	0.08240000000296277	RippleTimeIntervals					17914.2248	2.7614794148795148	
17914.9304	0.040000000000873115	RippleTimeIntervals					17914.944000000003	1.0808651146647192	
17915.9568	0.03600000000005821	RippleTimeIntervals					17915.9768	4.285448573352155	
17916.072	0.04400000000168802	RippleTimeIntervals					17916.0888	1.8217941784055383	
17916.9032	0.024000000001251465	RippleTimeIntervals					17916.9144	0.9332412811616636	
17919.0456	0.04160000000047148	RippleTimeIntervals					17919.0648	0.49601825366721525	
17919.416800000003	0.021600000000034925	RippleTimeIntervals					17919.4264	0.5748271933193309	
17921.085600000002	0.024000000001251465	RippleTimeIntervals					17921.1008	2.092560921147219	
17921.5128	0.04560000000128639	RippleTimeIntervals					17921.530400000003	4.143023916144568	
17921.700800000002	0.03839999999763677	RippleTimeIntervals					17921.706400000003	1.056220591846443	
17922.046400000003	0.0367999999980384	RippleTimeIntervals					17922.076	1.0703908050850999	
17922.222400000002	0.020000000000436557	RippleTimeIntervals					17922.238400000002	0.419739479041459	
17922.468800000002	0.042399999998451676	RippleTimeIntervals					17922.477600000002	0.6985328127739868	
17923.0648	0.0768000000025495	RippleTimeIntervals					17923.091200000003	1.615403792550128	
17924.3656	0.08239999999932479	RippleTimeIntervals					17924.4016	1.7567869002366923	
17926.9736	0.037599999999656575	RippleTimeIntervals					17926.990400000002	4.239018578833772	
17927.516000000003	0.03359999999884167	RippleTimeIntervals					17927.5416	3.655031426428793	
17929.8472	0.040000000000873115	RippleTimeIntervals					17929.8784	0.9571304447126295	
17930.398400000002	0.03280000000086147	RippleTimeIntervals					17930.4192	5.2899650786401535	
17943.105600000003	0.04559999999764841	RippleTimeIntervals					17943.1368	1.039832594358076	
17943.7848	0.02479999999923166	RippleTimeIntervals					17943.801600000003	1.3447599608245229	
17944.071200000002	0.059999999997671694	RippleTimeIntervals					17944.092800000002	4.198470240596808	
17945.576800000003	0.044799999999668216	RippleTimeIntervals					17945.5968	0.9723693119632015	
17946.1552	0.027999999998428393	RippleTimeIntervals					17946.1752	1.365347154808915	
17946.3008	0.025600000000849832	RippleTimeIntervals					17946.317600000002	1.9526272588619462	
17946.6744	0.028800000000046566	RippleTimeIntervals					17946.6896	1.7841176913167	
17950.0512	0.025600000000849832	RippleTimeIntervals					17950.069600000003	0.9805689186512273	
17952.1904	0.05200000000331784	RippleTimeIntervals					17952.228000000003	3.3717007919772586	
17952.5888	0.04560000000128639	RippleTimeIntervals					17952.602400000003	2.1782598880432014	
17952.7072	0.05199999999967986	RippleTimeIntervals					17952.751200000002	3.0413268867701686	
17953.34	0.08320000000094296	RippleTimeIntervals					17953.360800000002	1.1920918524712962	
17953.8688	0.028000000002066372	RippleTimeIntervals					17953.876800000002	1.2115797875893892	
17958.1856	0.03280000000086147	RippleTimeIntervals					17958.206400000003	0.9357781865096816	
17958.904000000002	0.0904000000009546	RippleTimeIntervals					17958.972	5.8268843009235685	
17959.4192	0.03200000000288128	RippleTimeIntervals					17959.4288	1.4123416791735066	
17960.467200000003	0.0272000000004482	RippleTimeIntervals					17960.472800000003	0.5609138774020431	
17964.5832	0.03280000000086147	RippleTimeIntervals					17964.588000000003	0.7995963396603176	
17965.053600000003	0.020000000000436557	RippleTimeIntervals					17965.059200000003	1.2521119363021656	
17965.664800000002	0.09999999999854481	RippleTimeIntervals					17965.728000000003	3.080349901836178	
17965.8656	0.05519999999887659	RippleTimeIntervals					17965.9016	3.2608109950218838	
17966.2824	0.07920000000012806	RippleTimeIntervals					17966.303200000002	2.6277755388789403	
17966.772800000002	0.02239999999801512	RippleTimeIntervals					17966.788	1.0620108590155273	
17966.853600000002	0.047200000000884756	RippleTimeIntervals					17966.872000000003	2.178556911459329	
17967.0416	0.040000000000873115	RippleTimeIntervals					17967.069600000003	2.9107267513089616	
17967.235200000003	0.023199999999633292	RippleTimeIntervals					17967.242400000003	1.2609437213647836	
17967.620000000003	0.03919999999925494	RippleTimeIntervals					17967.6552	1.098478024700271	
17967.8712	0.056000000000494765	RippleTimeIntervals					17967.9048	0.8344225346977354	
17968.967200000003	0.08079999999972642	RippleTimeIntervals					17969.0344	2.7127243307267315	
17970.199200000003	0.02719999999681022	RippleTimeIntervals					17970.2216	0.523024224028942	
17970.533600000002	0.048800000000483124	RippleTimeIntervals					17970.542400000002	1.9570404407677673	
17971.2768	0.04400000000168802	RippleTimeIntervals					17971.2896	3.185011334744463	
17971.5	0.020000000000436557	RippleTimeIntervals					17971.504800000002	0.8607192160320106	
17976.150400000002	0.13759999999820138	RippleTimeIntervals					17976.209600000002	7.0037487761875115	
17976.4712	0.06640000000334112	RippleTimeIntervals					17976.526400000002	5.351034508339951	
17976.6016	0.06639999999970314	RippleTimeIntervals					17976.6184	2.8162866279886254	
17976.8256	0.03200000000288128	RippleTimeIntervals					17976.836000000003	4.672581726365977	
17978.767200000002	0.030399999999644933	RippleTimeIntervals					17978.776	1.7416165284982437	
17978.963200000002	0.02239999999801512	RippleTimeIntervals					17978.968	0.4312768339083984	
17980.5128	0.0591999999996915	RippleTimeIntervals					17980.5472	1.8958922680280235	
17981.2376	0.040000000000873115	RippleTimeIntervals					17981.2576	0.8618674167677545	
17981.7432	0.03440000000045984	RippleTimeIntervals					17981.7616	0.8243965540048144	
17986.6728	0.042400000002089655	RippleTimeIntervals					17986.680800000002	3.5165899513646157	
17988.339200000002	0.09760000000096625	RippleTimeIntervals					17988.3632	2.3757233347496967	
17988.501600000003	0.048799999996845145	RippleTimeIntervals					17988.5312	3.179179376467529	
17989.127200000003	0.03359999999884167	RippleTimeIntervals					17989.144800000002	8.47727188933979	
17989.264000000003	0.042399999998451676	RippleTimeIntervals					17989.284	3.4843542634602276	
17990.2104	0.037599999999656575	RippleTimeIntervals					17990.2248	1.4022443419075548	
17990.948	0.03680000000167638	RippleTimeIntervals					17990.9568	2.944206061658975	
17991.0456	0.021600000000034925	RippleTimeIntervals					17991.056800000002	0.6276171560670182	
17993.876	0.022400000001653098	RippleTimeIntervals					17993.880800000003	0.6778339115210829	
18011.3256	0.030399999999644933	RippleTimeIntervals					18011.3328	1.3267469079205163	
18012.2032	0.020000000000436557	RippleTimeIntervals					18012.2112	4.102193248118369	
18012.303200000002	0.03600000000005821	RippleTimeIntervals					18012.32	6.285824489569709	
18017.6888	0.024800000002869638	RippleTimeIntervals					18017.6976	2.5228273796155993	
18017.8008	0.0544000000008964	RippleTimeIntervals					18017.8256	6.537604793194313	
18017.9936	0.04400000000168802	RippleTimeIntervals					18018.010400000003	4.942087476220292	
18020.6368	0.02960000000166474	RippleTimeIntervals					18020.652000000002	1.1054179518528666	
18021.249600000003	0.05519999999887659	RippleTimeIntervals					18021.2824	2.7034376900004244	
18023.2848	0.030399999999644933	RippleTimeIntervals					18023.3024	3.9036720296605223	
18023.513600000002	0.030399999999644933	RippleTimeIntervals					18023.5256	2.964947823648494	
18023.8992	0.06000000000130967	RippleTimeIntervals					18023.936800000003	4.395406193450723	
18023.983200000002	0.09519999999974971	RippleTimeIntervals					18024.0632	4.6155008575412895	
18024.184	0.0319999999992433	RippleTimeIntervals					18024.2	4.984758134988147	
18024.272800000002	0.03839999999763677	RippleTimeIntervals					18024.284	1.225148631614672	
18024.5272	0.056000000000494765	RippleTimeIntervals					18024.533600000002	1.5516768266938907	
18026.284	0.030400000003282912	RippleTimeIntervals					18026.307200000003	0.6831798030337574	
18026.6984	0.03840000000127475	RippleTimeIntervals					18026.722400000002	0.6255748692602447	
18026.7984	0.028800000000046566	RippleTimeIntervals					18026.8152	4.315594139767607	
18027.0584	0.0272000000004482	RippleTimeIntervals					18027.076800000003	2.2316031134778984	
18027.238400000002	0.027999999998428393	RippleTimeIntervals					18027.248	0.8145503365083279	
18027.3008	0.04560000000128639	RippleTimeIntervals					18027.336000000003	2.6320661863218406	
18030.609600000003	0.035199999998440035	RippleTimeIntervals					18030.6184	0.6482031106082273	
18035.395200000003	0.023199999999633292	RippleTimeIntervals					18035.400800000003	1.3975234239195578	
18037.046400000003	0.053599999999278225	RippleTimeIntervals					18037.082400000003	4.21315845446564	
18037.1944	0.07120000000213622	RippleTimeIntervals					18037.249600000003	3.785635944876304	
18040.1336	0.0639999999984866	RippleTimeIntervals					18040.164800000002	2.743318822977209	
18040.330400000003	0.02479999999923166	RippleTimeIntervals					18040.34	2.369892197063471	
18041.248	0.09360000000015134	RippleTimeIntervals					18041.3208	3.369334412950445	
18042.1472	0.051200000001699664	RippleTimeIntervals					18042.1872	2.835988033006016	
18042.5872	0.05040000000008149	RippleTimeIntervals					18042.6136	2.6671701089359936	
18042.6688	0.09600000000136788	RippleTimeIntervals					18042.72	2.9376432715999408	
18044.0024	0.0272000000004482	RippleTimeIntervals					18044.020800000002	2.61209651337069	
18045.440000000002	0.0544000000008964	RippleTimeIntervals					18045.4896	1.2464588051141907	
18046.1336	0.030399999999644933	RippleTimeIntervals					18046.1568	1.6943136825029077	
18046.3568	0.03680000000167638	RippleTimeIntervals					18046.389600000002	0.843905649795178	
18050.569600000003	0.06079999999928987	RippleTimeIntervals					18050.6088	4.686772018096265	
18051.2488	0.04320000000006985	RippleTimeIntervals					18051.271200000003	2.0792087336178047	
18051.6528	0.058400000001711305	RippleTimeIntervals					18051.677600000003	3.9329778293962523	
18051.7824	0.06400000000212458	RippleTimeIntervals					18051.8328	3.304273907320726	
18051.960000000003	0.04799999999886495	RippleTimeIntervals					18051.9896	5.186591715259078	
18052.127200000003	0.046399999999266583	RippleTimeIntervals					18052.144800000002	4.621333543851316	
18052.8712	0.06160000000090804	RippleTimeIntervals					18052.905600000002	3.8783633758944953	
18053.429600000003	0.03600000000005821	RippleTimeIntervals					18053.4448	0.8828083744571514	
18054.012000000002	0.0319999999992433	RippleTimeIntervals					18054.024	0.9706160709874925	
18055.179200000002	0.03440000000045984	RippleTimeIntervals					18055.1984	2.150869125668403	
18055.699200000003	0.10800000000017462	RippleTimeIntervals					18055.7376	3.923663335675844	
18056.6224	0.03600000000005821	RippleTimeIntervals					18056.6392	1.1764017252900802	
18056.781600000002	0.026399999998830026	RippleTimeIntervals					18056.792800000003	2.2393416131440858	
18059.432800000002	0.03359999999884167	RippleTimeIntervals					18059.456000000002	2.054027047534187	
18060.379200000003	0.04079999999885331	RippleTimeIntervals					18060.4	1.240736829817231	
18060.4952	0.035200000002078013	RippleTimeIntervals					18060.510400000003	1.8000215370376837	
18061.1328	0.028800000000046566	RippleTimeIntervals					18061.144800000002	2.0032458943903073	
18061.368000000002	0.03600000000005821	RippleTimeIntervals					18061.382400000002	1.9652270231450741	
18062.400800000003	0.0367999999980384	RippleTimeIntervals					18062.416800000003	0.7037956139755391	
18062.704	0.031200000001263106	RippleTimeIntervals					18062.722400000002	1.2084799614326882	
18064.274400000002	0.030399999999644933	RippleTimeIntervals					18064.280000000002	0.8890224063537252	
18064.9192	0.03440000000045984	RippleTimeIntervals					18064.945600000003	1.5355650682445532	
18065.6112	0.04800000000250293	RippleTimeIntervals					18065.643200000002	0.589188894639639	
18068.9448	0.035200000002078013	RippleTimeIntervals					18068.9504	3.326467768626099	
18072.2592	0.02080000000205473	RippleTimeIntervals					18072.2648	2.009262363839124	
18076.7336	0.035200000002078013	RippleTimeIntervals					18076.756	2.3405697645746897	
18076.905600000002	0.030399999999644933	RippleTimeIntervals					18076.920000000002	5.12263972206369	
18078.7752	0.03440000000045984	RippleTimeIntervals					18078.7952	5.992017942283317	
18079.212	0.04560000000128639	RippleTimeIntervals					18079.231200000002	5.213082022108145	
18079.359200000003	0.037599999999656575	RippleTimeIntervals					18079.375200000002	6.6068506462777705	
18080.386400000003	0.06159999999727006	RippleTimeIntervals					18080.429600000003	5.015025767719225	
18080.896800000002	0.09920000000056461	RippleTimeIntervals					18080.968800000002	3.460974418017429	
18081.091200000003	0.023999999997613486	RippleTimeIntervals					18081.107200000002	1.7202600685895657	
18081.2336	0.035200000002078013	RippleTimeIntervals					18081.2608	1.1550759257861176	
18081.922400000003	0.023199999999633292	RippleTimeIntervals					18081.9336	0.899060934734679	
18091.800000000003	0.05040000000008149	RippleTimeIntervals					18091.8312	3.6179724732910175	
18097.420000000002	0.03840000000127475	RippleTimeIntervals					18097.4408	2.2935435046654744	
18097.823200000003	0.06159999999727006	RippleTimeIntervals					18097.8656	4.176215838768469	
18098.003200000003	0.07119999999849824	RippleTimeIntervals					18098.044800000003	3.2020426984588237	
18098.3904	0.03440000000045984	RippleTimeIntervals					18098.4	5.000595664866693	
18099.928	0.03680000000167638	RippleTimeIntervals					18099.945600000003	4.046426932941169	
18100.193600000002	0.02239999999801512	RippleTimeIntervals					18100.199200000003	0.9850447838883079	
18101.456000000002	0.03440000000045984	RippleTimeIntervals					18101.483200000002	1.6374263995504879	
18102.0744	0.023199999999633292	RippleTimeIntervals					18102.0848	1.5864899787201483	
18103.2688	0.04959999999846332	RippleTimeIntervals					18103.314400000003	0.4811264756556524	
18104.076	0.023199999999633292	RippleTimeIntervals					18104.0848	0.8723749412465134	
18104.7624	0.03840000000127475	RippleTimeIntervals					18104.788800000002	1.6012389460476666	
18105.418400000002	0.0544000000008964	RippleTimeIntervals					18105.431200000003	1.34781161397738	
18106.7256	0.03280000000086147	RippleTimeIntervals					18106.7472	3.382527176909879	
18109.193600000002	0.021600000000034925	RippleTimeIntervals					18109.202400000002	0.9889726595587361	
18109.546400000003	0.08959999999933643	RippleTimeIntervals					18109.580800000003	4.385614334087296	
18109.7576	0.03600000000005821	RippleTimeIntervals					18109.780000000002	1.0307748436894055	
18109.8552	0.035199999998440035	RippleTimeIntervals					18109.864	3.778544974434459	
18109.9896	0.028000000002066372	RippleTimeIntervals					18110.0008	2.667599113833359	
18110.0632	0.06160000000090804	RippleTimeIntervals					18110.08	1.6102425803919753	
18110.6464	0.02479999999923166	RippleTimeIntervals					18110.6568	1.2229446547459415	
18111.7264	0.04400000000168802	RippleTimeIntervals					18111.752800000002	5.099806193226153	
18115.0504	0.033600000002479646	RippleTimeIntervals					18115.068000000003	1.692383925321053	
18115.7824	0.04640000000290456	RippleTimeIntervals					18115.7912	2.490333127609984	
18116.064000000002	0.0591999999996915	RippleTimeIntervals					18116.0936	4.174307504745286	
18116.537600000003	0.021600000000034925	RippleTimeIntervals					18116.544800000003	2.6796815555226243	
18121.124	0.03600000000005821	RippleTimeIntervals					18121.137600000002	6.520576375846453	
18122.3384	0.04320000000006985	RippleTimeIntervals					18122.36	3.035980810638517	
18122.5968	0.026400000002468005	RippleTimeIntervals					18122.6008	0.44822906856124467	
18123.032000000003	0.044799999999668216	RippleTimeIntervals					18123.059200000003	3.0256229932387133	
18123.1296	0.02080000000205473	RippleTimeIntervals					18123.1424	1.34964787012151	
18125.4792	0.03280000000086147	RippleTimeIntervals					18125.4952	1.1496419404237912	
18125.7144	0.0319999999992433	RippleTimeIntervals					18125.7256	1.364715020237237	
18125.8272	0.028800000000046566	RippleTimeIntervals					18125.844800000003	3.169281287278443	
18126.3008	0.056000000000494765	RippleTimeIntervals					18126.314400000003	2.5835807501421	
18126.728000000003	0.07679999999891152	RippleTimeIntervals					18126.756	2.8252831443783015	
18126.9424	0.07280000000173459	RippleTimeIntervals					18126.960000000003	2.686576269719301	
18127.0968	0.037600000003294554	RippleTimeIntervals					18127.1104	4.059021460693777	
18127.7288	0.020000000000436557	RippleTimeIntervals					18127.7336	0.9192105418729797	
18127.8832	0.051200000001699664	RippleTimeIntervals					18127.909600000003	2.4042701581354273	
18128.003200000003	0.062399999998888234	RippleTimeIntervals					18128.016000000003	1.9809075279192114	
18130.2896	0.028000000002066372	RippleTimeIntervals					18130.3024	1.088328491918451	
18133.098400000003	0.02479999999923166	RippleTimeIntervals					18133.104	0.5681556818666906	
18135.2624	0.02320000000327127	RippleTimeIntervals					18135.2704	1.1142928259429896	
18135.4568	0.033600000002479646	RippleTimeIntervals					18135.4624	0.8533102533501348	
18136.1976	0.025600000000849832	RippleTimeIntervals					18136.202400000002	0.5890152451221722	
18136.524800000003	0.027999999998428393	RippleTimeIntervals					18136.5456	0.6909393856215601	
18137.7336	0.026400000002468005	RippleTimeIntervals					18137.752800000002	0.5769550984409957	
18146.467200000003	0.031199999997625127	RippleTimeIntervals					18146.4752	1.9567816048332052	
18154.5672	0.021600000000034925	RippleTimeIntervals					18154.576	0.5223627732705658	
18154.9072	0.05519999999887659	RippleTimeIntervals					18154.9408	3.2232440557981112	
18155.024800000003	0.04719999999724678	RippleTimeIntervals					18155.0472	4.7920018331498975	
18155.208000000002	0.035199999998440035	RippleTimeIntervals					18155.228000000003	3.0658616467011326	
18155.4248	0.0272000000004482	RippleTimeIntervals					18155.4392	5.1130190873188655	
18155.895200000003	0.0319999999992433	RippleTimeIntervals					18155.904000000002	0.8845592580944436	
18156.332000000002	0.03600000000005821	RippleTimeIntervals					18156.346400000002	0.8992770320652954	
18157.5728	0.02079999999841675	RippleTimeIntervals					18157.5864	1.118572909714462	
18157.988	0.12080000000059954	RippleTimeIntervals					18158.0256	4.023129381657634	
18158.14	0.02320000000327127	RippleTimeIntervals					18158.156000000003	0.6542844813429752	
18158.895200000003	0.0319999999992433	RippleTimeIntervals					18158.905600000002	0.827058568808788	
18160.476000000002	0.04959999999846332	RippleTimeIntervals					18160.5056	1.0975793931891438	
18161.112800000003	0.062399999998888234	RippleTimeIntervals					18161.1672	0.9916524308145557	
18161.572	0.06400000000212458	RippleTimeIntervals					18161.6064	5.078864624702961	
18161.736800000002	0.032799999997223495	RippleTimeIntervals					18161.7576	2.4646379298076613	
18162.5184	0.040000000000873115	RippleTimeIntervals					18162.5472	0.9445922888497204	
18170.891200000002	0.053599999999278225	RippleTimeIntervals					18170.916	5.632265461867973	
18171.0632	0.03840000000127475	RippleTimeIntervals					18171.089600000003	0.4743057759447396	
18173.504800000002	0.08239999999932479	RippleTimeIntervals					18173.517600000003	3.4410298382812057	
18175.843200000003	0.03359999999884167	RippleTimeIntervals					18175.8696	1.313216841884138	
18175.999200000002	0.10559999999895808	RippleTimeIntervals					18176.004800000002	2.3372504531433984	
18176.220800000003	0.05679999999847496	RippleTimeIntervals					18176.2624	2.715409868748357	
18176.905600000002	0.04320000000006985	RippleTimeIntervals					18176.9264	4.067858801281735	
18177.456000000002	0.04399999999805004	RippleTimeIntervals					18177.4912	1.847881712218992	
18178.2776	0.0816000000013446	RippleTimeIntervals					18178.3152	3.1700205417232405	
18178.5072	0.030400000003282912	RippleTimeIntervals					18178.530400000003	1.2197382640823833	
18179.7752	0.02080000000205473	RippleTimeIntervals					18179.788	0.6880417634536278	
18188.438400000003	0.02239999999801512	RippleTimeIntervals					18188.452	0.7644261302699106	
18188.5144	0.0544000000008964	RippleTimeIntervals					18188.542400000002	1.5173463588104699	
18188.664	0.0591999999996915	RippleTimeIntervals					18188.6696	0.9008417774808102	
18188.7592	0.03280000000086147	RippleTimeIntervals					18188.7696	2.4536614960447642	
18188.82	0.037600000003294554	RippleTimeIntervals					18188.837600000003	1.3577858329042705	
18189.2544	0.042399999998451676	RippleTimeIntervals					18189.280000000002	1.947047191134755	
18189.499200000002	0.03919999999925494	RippleTimeIntervals					18189.5216	1.6463384291826262	
18190.303200000002	0.07600000000093132	RippleTimeIntervals					18190.3584	3.510565342455294	
18191.510400000003	0.04160000000047148	RippleTimeIntervals					18191.5384	4.336851478419734	
18195.2504	0.07840000000214786	RippleTimeIntervals					18195.304	1.2881186726293936	
18196.5184	0.06000000000130967	RippleTimeIntervals					18196.5472	2.3943746100418797	
18197.6464	0.08480000000054133	RippleTimeIntervals					18197.715200000002	6.10058856641722	
18199.2648	0.05199999999967986	RippleTimeIntervals					18199.2936	0.7030273110053945	
18199.3872	0.04560000000128639	RippleTimeIntervals					18199.396800000002	1.4977290205805858	
18199.555200000003	0.030399999999644933	RippleTimeIntervals					18199.5728	1.6660116204900408	
18201.1424	0.03440000000045984	RippleTimeIntervals					18201.152000000002	3.5378012872093927	
18201.208000000002	0.10080000000016298	RippleTimeIntervals					18201.272	3.2179223826648693	
18202.7272	0.04799999999886495	RippleTimeIntervals					18202.7392	0.9401193069367783	
18203.460000000003	0.05279999999766005	RippleTimeIntervals					18203.5056	0.567249912607949	
18203.7192	0.06160000000090804	RippleTimeIntervals					18203.764000000003	4.449261527318754	
18204.032000000003	0.07519999999931315	RippleTimeIntervals					18204.092800000002	4.219402483523951	
18207.0672	0.0544000000008964	RippleTimeIntervals					18207.085600000002	1.6402058216481417	
18207.144	0.04800000000250293	RippleTimeIntervals					18207.168	1.711589084447009	
18207.366400000003	0.025599999997211853	RippleTimeIntervals					18207.3856	0.5031970316115203	
18208.772	0.051200000001699664	RippleTimeIntervals					18208.7976	1.277968921136677	
18211.0072	0.026400000002468005	RippleTimeIntervals					18211.026400000002	0.8563055025311986	
18216.416	0.035200000002078013	RippleTimeIntervals					18216.434400000002	1.2022163627750917	
18221.1032	0.04320000000006985	RippleTimeIntervals					18221.1336	2.6651656355277655	
18221.5544	0.06799999999930151	RippleTimeIntervals					18221.595200000003	4.734115876494563	
18222.1752	0.037599999999656575	RippleTimeIntervals					18222.204	1.1647569522516283	
18222.3136	0.048800000000483124	RippleTimeIntervals					18222.353600000002	3.7478974113321786	
18222.4448	0.02960000000166474	RippleTimeIntervals					18222.4576	0.5995373939004834	
18222.497600000002	0.0319999999992433	RippleTimeIntervals					18222.5056	1.709070803968961	
18223.0776	0.03680000000167638	RippleTimeIntervals					18223.095200000003	3.262880061202324	
18223.6136	0.028000000002066372	RippleTimeIntervals					18223.630400000002	3.6972416050026293	
18225.033600000002	0.02079999999841675	RippleTimeIntervals					18225.0456	4.331477364428626	
18225.0864	0.1176000000014028	RippleTimeIntervals					18225.1352	3.249285749902705	
18225.837600000003	0.042399999998451676	RippleTimeIntervals					18225.8584	2.9137245887379057	
18227.686400000002	0.03359999999884167	RippleTimeIntervals					18227.7128	0.5021610103513141	
18228.0072	0.020000000000436557	RippleTimeIntervals					18228.019200000002	2.9197830383448915	
18228.859200000003	0.02959999999802676	RippleTimeIntervals					18228.872000000003	2.716425432185623	
18229.2112	0.03280000000086147	RippleTimeIntervals					18229.2256	1.732064470112176	
18229.3128	0.06000000000130967	RippleTimeIntervals					18229.353600000002	4.471364846472665	
18230.8656	0.0591999999996915	RippleTimeIntervals					18230.9176	0.8647439137865153	
18234.4536	0.022400000001653098	RippleTimeIntervals					18234.468	2.7008405168623275	
18234.5648	0.03919999999925494	RippleTimeIntervals					18234.5936	3.045020197639339	
18235.3848	0.048800000000483124	RippleTimeIntervals					18235.418400000002	2.4137324699391383	
18235.553600000003	0.0367999999980384	RippleTimeIntervals					18235.568000000003	1.9685131644646319	
18235.706400000003	0.027999999998428393	RippleTimeIntervals					18235.7232	5.280585348211158	
18244.095200000003	0.046399999999266583	RippleTimeIntervals					18244.112	9.004940884960927	
18247.2336	0.03600000000005821	RippleTimeIntervals					18247.2472	1.1646464070930471	
18249.1048	0.028800000000046566	RippleTimeIntervals					18249.109600000003	0.628916505837734	
18250.164800000002	0.02239999999801512	RippleTimeIntervals					18250.1688	0.6035110829800009	
18250.4664	0.03359999999884167	RippleTimeIntervals					18250.4768	7.340211123034596	
18250.785600000003	0.059999999997671694	RippleTimeIntervals					18250.8328	0.9547341820598914	
18254.673600000002	0.035199999998440035	RippleTimeIntervals					18254.6984	2.898047308890233	
18255.882400000002	0.027999999998428393	RippleTimeIntervals					18255.892	2.3913895341799787	
18256.114400000002	0.02479999999923166	RippleTimeIntervals					18256.120000000003	1.4397693205262165	
18256.409600000003	0.14240000000063446	RippleTimeIntervals					18256.472	1.7981612795945607	
18256.9952	0.06560000000172295	RippleTimeIntervals					18257.0152	3.6683794692061484	
18257.427200000002	0.024000000001251465	RippleTimeIntervals					18257.4352	2.1328386163392916	
18258.432	0.03840000000127475	RippleTimeIntervals					18258.452800000003	0.7188088817556548	
18258.8192	0.023199999999633292	RippleTimeIntervals					18258.824800000002	0.6291383354968564	
18259.555200000003	0.05679999999847496	RippleTimeIntervals					18259.568000000003	5.227885459333736	
18259.839200000002	0.028800000000046566	RippleTimeIntervals					18259.860800000002	0.6716911892200719	
18260.441600000002	0.02239999999801512	RippleTimeIntervals					18260.456000000002	1.3764997314060667	
18260.803200000002	0.09519999999974971	RippleTimeIntervals					18260.872000000003	5.625191528831753	
18260.999200000002	0.044799999999668216	RippleTimeIntervals					18261.020800000002	2.9322389745208	
18261.156000000003	0.08239999999932479	RippleTimeIntervals					18261.164800000002	2.6256242045577496	
18261.310400000002	0.03359999999884167	RippleTimeIntervals					18261.321600000003	4.720921433657257	
18261.803200000002	0.025600000000849832	RippleTimeIntervals					18261.8168	1.2045416557443092	
18262.736800000002	0.09839999999894644	RippleTimeIntervals					18262.810400000002	3.8599247918049877	
18262.983200000002	0.02239999999801512	RippleTimeIntervals					18262.9952	1.0837377412053868	
18265.657600000002	0.07439999999769498	RippleTimeIntervals					18265.708000000002	1.6671946501354975	
18269.0	249.0	SleepStates							WAKEstate
18311.008	0.06079999999928987	RippleTimeIntervals					18311.039200000003	1.7460277250777305	
18319.961600000002	0.04079999999885331	RippleTimeIntervals					18319.9912	1.89377939389293	
18320.184	0.056000000000494765	RippleTimeIntervals					18320.2248	2.960710089911808	
18326.5008	0.042399999998451676	RippleTimeIntervals					18326.5216	1.8432473073263378	
18329.592	0.03359999999884167	RippleTimeIntervals					18329.600000000002	1.486991465824603	
18332.344	0.053599999999278225	RippleTimeIntervals					18332.3744	1.9498481650102129	
18353.508800000003	0.07439999999769498	RippleTimeIntervals					18353.5616	2.0559785723364112	
18353.7104	0.060800000002927845	RippleTimeIntervals					18353.764000000003	1.7658954657677177	
18354.2976	0.051199999998061685	RippleTimeIntervals					18354.310400000002	1.6723394408401533	
18377.9864	0.0272000000004482	RippleTimeIntervals					18378.006400000002	0.4587862184935241	
18409.7192	0.044800000003306195	RippleTimeIntervals					18409.7448	1.7171855703300498	
18436.2536	0.03280000000086147	RippleTimeIntervals					18436.2616	0.9112346505260136	
18438.3888	0.05280000000129803	RippleTimeIntervals					18438.4088	3.2839616865713643	
18443.004800000002	0.021600000000034925	RippleTimeIntervals					18443.016000000003	1.0157247743096054	
18446.3048	0.0319999999992433	RippleTimeIntervals					18446.323200000003	1.0177757882374148	
18446.686400000002	0.023199999999633292	RippleTimeIntervals					18446.7016	1.5886493798978996	
18446.8384	0.03280000000086147	RippleTimeIntervals					18446.864	0.5717114574541321	
18448.5072	0.024800000002869638	RippleTimeIntervals					18448.5128	0.4067384069629408	
18450.1456	0.035200000002078013	RippleTimeIntervals					18450.157600000002	2.841293556738148	
18450.292800000003	0.02079999999841675	RippleTimeIntervals					18450.307200000003	0.7789981490953589	
18451.023200000003	0.0367999999980384	RippleTimeIntervals					18451.04	3.881161132880692	
18451.3008	0.040000000000873115	RippleTimeIntervals					18451.3192	1.6003250443475339	
18452.8848	0.1088000000017928	RippleTimeIntervals					18452.9576	1.4358760104756672	
18456.7448	0.040000000000873115	RippleTimeIntervals					18456.7608	0.5515328441703906	
18457.830400000003	0.02959999999802676	RippleTimeIntervals					18457.8528	0.4672918265458357	
18461.4376	0.053599999999278225	RippleTimeIntervals					18461.465600000003	2.2827628610531443	
18462.1256	0.033600000002479646	RippleTimeIntervals					18462.1368	1.7845243183451782	
18463.373600000003	0.04959999999846332	RippleTimeIntervals					18463.400800000003	2.894979285303711	
18468.143200000002	0.059999999997671694	RippleTimeIntervals					18468.1672	1.5811210736193004	
18468.2376	0.08079999999972642	RippleTimeIntervals					18468.2896	1.1242560200996352	
18476.4248	0.08400000000256114	RippleTimeIntervals					18476.497600000002	1.3881942064483845	
18479.109600000003	0.0319999999992433	RippleTimeIntervals					18479.1264	2.0305240824089745	
18480.120000000003	0.046399999999266583	RippleTimeIntervals					18480.137600000002	2.7967451725115486	
18481.1152	0.033600000002479646	RippleTimeIntervals					18481.141600000003	1.3449091525646435	
18493.213600000003	0.03439999999682186	RippleTimeIntervals					18493.229600000002	2.267118350953089	
18495.1016	0.04160000000047148	RippleTimeIntervals					18495.128	2.693642652170918	
18500.3424	0.022400000001653098	RippleTimeIntervals					18500.353600000002	2.283963846785455	
18502.808800000003	0.07839999999850988	RippleTimeIntervals					18502.844	2.687491571426034	
18503.648	0.06160000000090804	RippleTimeIntervals					18503.702400000002	2.5825523977446045	
18503.866400000003	0.03359999999884167	RippleTimeIntervals					18503.886400000003	0.7242174468732004	
18504.0776	0.04640000000290456	RippleTimeIntervals					18504.112800000003	2.651412325108893	
18504.6584	0.026400000002468005	RippleTimeIntervals					18504.6712	3.698779588033255	
18507.7	0.03440000000045984	RippleTimeIntervals					18507.720800000003	3.704810692958297	
18517.0024	0.0496000000021013	RippleTimeIntervals					18517.039200000003	2.4838016531762093	
18518.648800000003	0.05279999999766005	RippleTimeIntervals					18518.6696	3.4379653355580677	
18518.8552	0.02959999999802676	RippleTimeIntervals					18518.8696	1.6671145134513397	
18519.0	8.0	SleepStates							NREMstate
18520.4016	0.051200000001699664	RippleTimeIntervals					18520.4208	2.3892369974079743	
18520.5648	0.035200000002078013	RippleTimeIntervals					18520.5776	3.578261246731984	
18521.0224	0.05199999999967986	RippleTimeIntervals					18521.0504	0.7902059382438564	
18521.4752	0.020000000000436557	RippleTimeIntervals					18521.487200000003	2.8916254537871304	
18521.6424	0.05040000000008149	RippleTimeIntervals					18521.668	1.5768175406096505	
18521.824	0.03440000000045984	RippleTimeIntervals					18521.846400000002	1.6996048005013153	
18522.3424	0.05760000000009313	RippleTimeIntervals					18522.376	2.739941992143225	
18522.828800000003	0.05279999999766005	RippleTimeIntervals					18522.856	4.917953862792852	
18522.9984	0.02960000000166474	RippleTimeIntervals					18523.0168	7.942512659818207	
18523.274400000002	0.048800000000483124	RippleTimeIntervals					18523.2984	4.017208550428121	
18523.463200000002	0.03600000000005821	RippleTimeIntervals					18523.4808	1.2126063099287037	
18524.1008	0.020000000000436557	RippleTimeIntervals					18524.1136	0.6506417059783572	
18524.144800000002	0.0591999999996915	RippleTimeIntervals					18524.1832	3.3586892184831947	
18528.0	27.0	SleepStates							WAKEstate
18528.1248	0.053599999999278225	RippleTimeIntervals					18528.1568	5.64531390191438	
18528.312	0.06160000000090804	RippleTimeIntervals					18528.328	2.3654594780373226	
18540.303200000002	0.02959999999802676	RippleTimeIntervals					18540.317600000002	2.54192093960011	
18542.643200000002	0.032799999997223495	RippleTimeIntervals					18542.6536	3.5074073235372474	
18542.7448	0.04400000000168802	RippleTimeIntervals					18542.7632	4.087804547530819	
18547.105600000003	0.06799999999930151	RippleTimeIntervals					18547.144800000002	2.766685907273764	
18547.8528	0.028800000000046566	RippleTimeIntervals					18547.8688	3.194720582279816	
18548.0216	0.035200000002078013	RippleTimeIntervals					18548.0384	1.769491359188766	
18553.272	0.0319999999992433	RippleTimeIntervals					18553.288	4.970937466505806	
18553.359200000003	0.05519999999887659	RippleTimeIntervals					18553.3944	6.128285972147322	
18554.5728	0.047200000000884756	RippleTimeIntervals					18554.5944	1.5857741164639945	
18556.0	36.0	SleepStates							NREMstate
18556.379200000003	0.04959999999846332	RippleTimeIntervals					18556.416	4.911759152969693	
18556.517600000003	0.037599999999656575	RippleTimeIntervals					18556.54	3.008220896303234	
18558.0576	0.044800000003306195	RippleTimeIntervals					18558.0872	2.666381907243386	
18558.477600000002	0.07359999999971478	RippleTimeIntervals					18558.5288	2.8510636304586514	
18559.6752	0.10879999999815482	RippleTimeIntervals					18559.7552	4.66818497753084	
18560.7112	0.05760000000009313	RippleTimeIntervals					18560.732	4.148317878915045	
18565.967200000003	0.11279999999896972	RippleTimeIntervals					18566.0456	5.16457542604838	
18567.3312	0.022400000001653098	RippleTimeIntervals					18567.3368	1.2187228297515669	
18568.580800000003	0.03600000000005821	RippleTimeIntervals					18568.5992	4.077800102591955	
18568.729600000002	0.04320000000006985	RippleTimeIntervals					18568.748	6.473416670950025	
18569.4784	0.04800000000250293	RippleTimeIntervals					18569.5096	1.0849230013498259	
18569.636000000002	0.02239999999801512	RippleTimeIntervals					18569.6472	0.6648742021234159	
18569.8456	0.028800000000046566	RippleTimeIntervals					18569.853600000002	1.3043507432953636	
18571.422400000003	0.051199999998061685	RippleTimeIntervals					18571.4568	1.070082643501041	
18571.56	0.023199999999633292	RippleTimeIntervals					18571.5648	0.8961688900772705	
18571.848	0.02079999999841675	RippleTimeIntervals					18571.8528	0.8813244738291535	
18573.664800000002	0.028800000000046566	RippleTimeIntervals					18573.679200000002	1.622513800939649	
18574.868000000002	0.028800000000046566	RippleTimeIntervals					18574.8848	0.9480408917671833	
18574.977600000002	0.03840000000127475	RippleTimeIntervals					18574.9936	3.6512583586385334	
18576.128	0.06079999999928987	RippleTimeIntervals					18576.1472	1.7866298242396956	
18576.628	0.05199999999967986	RippleTimeIntervals					18576.6608	3.273820876838524	
18576.7752	0.022400000001653098	RippleTimeIntervals					18576.7904	0.7283256920366259	
18576.9208	0.037600000003294554	RippleTimeIntervals					18576.9288	2.3922707408510715	
18578.3704	0.02080000000205473	RippleTimeIntervals					18578.3832	1.524698054396301	
18579.2072	0.0272000000004482	RippleTimeIntervals					18579.216800000002	0.7967123360259667	
18582.180800000002	0.048800000000483124	RippleTimeIntervals					18582.1944	3.175882675028718	
18585.5184	0.03280000000086147	RippleTimeIntervals					18585.5312	1.2443459940969386	
18585.5792	0.03680000000167638	RippleTimeIntervals					18585.608	1.8642450495536742	
18586.8272	0.13280000000304426	RippleTimeIntervals					18586.9432	4.303729238205729	
18589.6104	0.0367999999980384	RippleTimeIntervals					18589.6224	3.873658539114342	
18590.742400000003	0.07119999999849824	RippleTimeIntervals					18590.772800000002	0.7799473486109438	
18591.001600000003	0.0591999999996915	RippleTimeIntervals					18591.044800000003	1.3294494636798144	
18591.2072	0.03840000000127475	RippleTimeIntervals					18591.2288	4.941532515716049	
18593.0	23.0	SleepStates							WAKEstate
18595.6872	0.023199999999633292	RippleTimeIntervals					18595.6944	0.45998672720915224	
18596.308800000003	0.027999999998428393	RippleTimeIntervals					18596.314400000003	0.8890992119310671	
18598.2768	0.047200000000884756	RippleTimeIntervals					18598.308800000003	0.8321151188630437	
18609.6264	0.042399999998451676	RippleTimeIntervals					18609.6456	3.131403625904794	
18610.4896	0.020000000000436557	RippleTimeIntervals					18610.4984	3.4878074803176866	
18611.292	0.020000000000436557	RippleTimeIntervals					18611.2976	0.8844596194704158	
18615.107200000002	0.03600000000005821	RippleTimeIntervals					18615.1352	0.6920574710577798	
18616.712	0.022400000001653098	RippleTimeIntervals					18616.7192	2.068592256279228	
18616.988800000003	0.025599999997211853	RippleTimeIntervals					18617.0008	2.8939583235350863	
18617.0	82.0	SleepStates							NREMstate
18617.9696	0.033600000002479646	RippleTimeIntervals					18617.987200000003	3.924625707427537	
18620.8904	0.0272000000004482	RippleTimeIntervals					18620.9016	5.005748327102201	
18621.987200000003	0.035199999998440035	RippleTimeIntervals					18622.004	4.377781803098031	
18622.3048	0.11999999999898137	RippleTimeIntervals					18622.3904	2.759891446784762	
18626.1896	0.062399999998888234	RippleTimeIntervals					18626.208000000002	2.7865191904330215	
18627.905600000002	0.040000000000873115	RippleTimeIntervals					18627.9304	3.776670675982718	
18628.947200000002	0.03839999999763677	RippleTimeIntervals					18628.9712	2.5815841318754846	
18629.037600000003	0.07119999999849824	RippleTimeIntervals					18629.06	1.2773636376385706	
18629.780000000002	0.04079999999885331	RippleTimeIntervals					18629.7952	2.0767306190804486	
18630.307200000003	0.06079999999928987	RippleTimeIntervals					18630.3312	0.4244788467503109	
18630.7448	0.026400000002468005	RippleTimeIntervals					18630.7544	2.815503231818916	
18630.9016	0.03919999999925494	RippleTimeIntervals					18630.9232	3.1816780825958477	
18630.9808	0.04400000000168802	RippleTimeIntervals					18630.9928	0.9083734287753238	
18631.080800000003	0.0639999999984866	RippleTimeIntervals					18631.127200000003	4.278551682017484	
18631.2704	0.035199999998440035	RippleTimeIntervals					18631.280000000002	1.6256891921653385	
18631.448800000002	0.05760000000009313	RippleTimeIntervals					18631.4784	2.1679669223655638	
18631.7632	0.03600000000005821	RippleTimeIntervals					18631.787200000002	1.2401035512920464	
18633.6856	0.03600000000005821	RippleTimeIntervals					18633.706400000003	2.539916967253605	
18633.873600000003	0.03440000000045984	RippleTimeIntervals					18633.892	5.813554159290225	
18634.9664	0.03359999999884167	RippleTimeIntervals					18634.9952	0.7554073788840835	
18639.16	0.0272000000004482	RippleTimeIntervals					18639.18	1.3057418678015686	
18643.2624	0.05040000000008149	RippleTimeIntervals					18643.294400000002	2.1868743682355967	
18645.400800000003	0.027999999998428393	RippleTimeIntervals					18645.4064	1.2004918473275323	
18645.559200000003	0.055999999996856786	RippleTimeIntervals					18645.607200000002	2.577038414921204	
18646.3944	0.030399999999644933	RippleTimeIntervals					18646.416800000003	0.7085929988944161	
18646.9936	0.035199999998440035	RippleTimeIntervals					18647.0224	0.4417684109694392	
18648.796000000002	0.02079999999841675	RippleTimeIntervals					18648.8008	0.45132837830392175	
18649.7088	0.04800000000250293	RippleTimeIntervals					18649.748	0.6582318135053377	
18649.816000000003	0.04959999999846332	RippleTimeIntervals					18649.8336	2.9164996386110076	
18649.952	0.051200000001699664	RippleTimeIntervals					18649.977600000002	2.4091926737099945	
18650.2504	0.14240000000063446	RippleTimeIntervals					18650.3816	3.1719525726696265	
18650.688000000002	0.10319999999774154	RippleTimeIntervals					18650.760000000002	2.7559936340753732	
18650.853600000002	0.042399999998451676	RippleTimeIntervals					18650.868000000002	4.131316218326746	
18651.52	0.05520000000251457	RippleTimeIntervals					18651.539200000003	1.3966352407725737	
18651.668	0.08719999999811989	RippleTimeIntervals					18651.7288	4.389736066217394	
18653.4592	0.0632000000005064	RippleTimeIntervals					18653.488800000003	1.0758251286569114	
18653.7328	0.024000000001251465	RippleTimeIntervals					18653.74	1.4705062663184212	
18656.9248	0.06720000000132131	RippleTimeIntervals					18656.948	1.9069074310435605	
18657.376	0.040000000000873115	RippleTimeIntervals					18657.408000000003	3.0500982916960355	
18658.792	0.03359999999884167	RippleTimeIntervals					18658.803200000002	1.107479549425281	
18659.936	0.06000000000130967	RippleTimeIntervals					18659.9432	2.553147937495057	
18661.4304	0.02479999999923166	RippleTimeIntervals					18661.447200000002	2.6924871187458432	
18661.6208	0.03280000000086147	RippleTimeIntervals					18661.631200000003	1.8220757884220335	
18662.389600000002	0.03919999999925494	RippleTimeIntervals					18662.402400000003	1.2139533602129982	
18663.0864	0.024000000001251465	RippleTimeIntervals					18663.0936	1.5106967406780694	
18663.4208	0.04640000000290456	RippleTimeIntervals					18663.4304	1.0762844502464173	
18669.5144	0.02320000000327127	RippleTimeIntervals					18669.5296	1.8279418286736118	
18672.348	0.024000000001251465	RippleTimeIntervals					18672.3568	1.7094892276235245	
18673.532000000003	0.0367999999980384	RippleTimeIntervals					18673.5504	5.258675427720643	
18674.107200000002	0.032799999997223495	RippleTimeIntervals					18674.116800000003	4.795514622097337	
18674.6456	0.022400000001653098	RippleTimeIntervals					18674.650400000002	0.5488148151772232	
18675.109600000003	0.0639999999984866	RippleTimeIntervals					18675.1384	3.299801911719741	
18675.709600000002	0.0367999999980384	RippleTimeIntervals					18675.7232	1.5392994124714667	
18676.524	0.07840000000214786	RippleTimeIntervals					18676.5728	5.61737817255075	
18676.684800000003	0.08719999999811989	RippleTimeIntervals					18676.706400000003	2.2265880726706984	
18679.6744	0.04800000000250293	RippleTimeIntervals					18679.696	4.29824488988984	
18680.096	0.04399999999805004	RippleTimeIntervals					18680.1208	2.2253121793571875	
18680.245600000002	0.06719999999768334	RippleTimeIntervals					18680.300000000003	1.5190824855572531	
18680.868000000002	0.021600000000034925	RippleTimeIntervals					18680.882400000002	0.5002047829633094	
18681.5152	0.04959999999846332	RippleTimeIntervals					18681.526400000002	4.404889698480567	
18681.692000000003	0.04399999999805004	RippleTimeIntervals					18681.715200000002	3.5540258224747063	
18682.199200000003	0.07839999999850988	RippleTimeIntervals					18682.2632	3.1267344040498486	
18683.412	0.030399999999644933	RippleTimeIntervals					18683.4288	2.5667887912604455	
18683.528000000002	0.027999999998428393	RippleTimeIntervals					18683.5488	0.7015588331163028	
18684.104000000003	0.06639999999970314	RippleTimeIntervals					18684.1464	3.8447580386653892	
18687.143200000002	0.023999999997613486	RippleTimeIntervals					18687.16	0.8103998275543831	
18691.8856	0.05040000000008149	RippleTimeIntervals					18691.909600000003	3.2593103909305428	
18692.184	0.05519999999887659	RippleTimeIntervals					18692.2104	2.2248145243012774	
18694.4232	0.02960000000166474	RippleTimeIntervals					18694.438400000003	3.099983506880705	
18694.5528	0.04799999999886495	RippleTimeIntervals					18694.5872	2.697830620892367	
18695.448	0.028800000000046566	RippleTimeIntervals					18695.4624	4.650703460822633	
18695.6888	0.028800000000046566	RippleTimeIntervals					18695.709600000002	1.942916563448193	
18696.2032	0.03200000000288128	RippleTimeIntervals					18696.228000000003	2.707939988531336	
18696.562400000003	0.03280000000086147	RippleTimeIntervals					18696.568000000003	0.44683919583248294	
18697.1192	0.0272000000004482	RippleTimeIntervals					18697.1384	1.0657453150439737	
18699.128	0.021600000000034925	RippleTimeIntervals					18699.148800000003	0.4179548557136904	
18700.0	43.0	SleepStates							WAKEstate
18706.778400000003	0.03600000000005821	RippleTimeIntervals					18706.7992	1.740737658823454	
18708.585600000002	0.031200000001263106	RippleTimeIntervals					18708.605600000003	2.614575090216532	
18716.465600000003	0.026399999998830026	RippleTimeIntervals					18716.484800000002	1.8684632814036797	
18724.075200000003	0.039999999997235136	RippleTimeIntervals					18724.080800000003	1.4779173004906785	
18728.0936	0.02080000000205473	RippleTimeIntervals					18728.105600000003	2.266831909828848	
18733.3128	0.07600000000093132	RippleTimeIntervals					18733.366400000003	1.1564240603424676	
18733.972800000003	0.07920000000012806	RippleTimeIntervals					18734.0296	2.4875053355935446	
18734.560800000003	0.02959999999802676	RippleTimeIntervals					18734.5792	1.0210787569789415	
18744.0	7.0	SleepStates							NREMstate
18744.893600000003	0.11359999999694992	RippleTimeIntervals					18744.987200000003	2.875231128577389	
18745.229600000002	0.0319999999992433	RippleTimeIntervals					18745.2408	1.760729232300381	
18746.4664	0.03919999999925494	RippleTimeIntervals					18746.4784	2.707133700091517	
18747.3064	0.047200000000884756	RippleTimeIntervals					18747.339200000002	3.5171054916081803	
18752.0	239.0	SleepStates							WAKEstate
18756.6984	0.044799999999668216	RippleTimeIntervals					18756.724000000002	2.5879304516378068	
18756.810400000002	0.06160000000090804	RippleTimeIntervals					18756.8472	3.9269482896407784	
18757.5096	0.0272000000004482	RippleTimeIntervals					18757.520800000002	3.9483905536177515	
18761.591200000003	0.048799999996845145	RippleTimeIntervals					18761.607200000002	4.138321315002585	
18761.7128	0.0591999999996915	RippleTimeIntervals					18761.748	3.835733484988659	
18764.312	0.02959999999802676	RippleTimeIntervals					18764.323200000003	3.951066100541455	
18764.952	0.031200000001263106	RippleTimeIntervals					18764.9752	2.228554628167903	
18767.686400000002	0.026399999998830026	RippleTimeIntervals					18767.702400000002	3.4144583421442833	
18774.8136	0.03919999999925494	RippleTimeIntervals					18774.8336	2.9115757261048474	
18861.412	0.04160000000047148	RippleTimeIntervals					18861.4288	1.3834356157051293	
18897.676	0.03920000000289292	RippleTimeIntervals					18897.7048	1.9857324772378617	
18904.9392	0.0319999999992433	RippleTimeIntervals					18904.9448	1.478801023896768	
18905.004	0.05760000000009313	RippleTimeIntervals					18905.023200000003	1.448862523996717	
18928.9768	0.021600000000034925	RippleTimeIntervals					18928.988800000003	1.933225003804473	
18931.6184	0.08000000000174623	RippleTimeIntervals					18931.648800000003	3.3464946425833526	
18931.7688	0.05040000000008149	RippleTimeIntervals					18931.796000000002	3.2557133437645747	
18954.9752	0.03440000000045984	RippleTimeIntervals					18954.992000000002	3.1584512718230595	
18955.5072	0.02320000000327127	RippleTimeIntervals					18955.5128	1.0380525254229174	
18960.432800000002	0.047200000000884756	RippleTimeIntervals					18960.461600000002	5.055970674284909	
18961.6064	0.03280000000086147	RippleTimeIntervals					18961.614400000002	1.1194437873785312	
18968.566400000003	0.048799999996845145	RippleTimeIntervals					18968.607200000002	0.8318744527481382	
18975.393600000003	0.0319999999992433	RippleTimeIntervals					18975.400800000003	1.816920026104367	
18980.679200000002	0.026399999998830026	RippleTimeIntervals					18980.6928	0.4519583057600785	
18980.742400000003	0.0367999999980384	RippleTimeIntervals					18980.758400000002	1.3458954043347033	
18981.114400000002	0.048800000000483124	RippleTimeIntervals					18981.143200000002	3.2588061279059826	
18983.490400000002	0.07920000000012806	RippleTimeIntervals					18983.536	2.3769737027805307	
18984.2624	0.06240000000252621	RippleTimeIntervals					18984.3168	2.445086241239655	
18992.0	8.0	SleepStates							REMstate
18997.391200000002	0.023199999999633292	RippleTimeIntervals					18997.400800000003	0.4054744870990664	
19001.0	26.0	SleepStates							WAKEstate
19020.199200000003	0.06639999999970314	RippleTimeIntervals					19020.215200000002	1.2258970512044771	
19028.0	11.0	SleepStates							REMstate
19032.035200000002	0.05040000000008149	RippleTimeIntervals					19032.075200000003	0.5153618380013909	
19040.0	263.0	SleepStates							WAKEstate
19046.6856	0.02960000000166474	RippleTimeIntervals					19046.6944	0.4516467209023976	
19051.764000000003	0.032799999997223495	RippleTimeIntervals					19051.772	0.41509564426587986	
19084.6872	0.03919999999925494	RippleTimeIntervals					19084.695200000002	0.6074834761468877	
19088.073600000003	0.023999999997613486	RippleTimeIntervals					19088.096	0.41707663548746216	
19095.0224	0.024000000001251465	RippleTimeIntervals					19095.026400000002	0.5830105157224416	
19123.736	0.03840000000127475	RippleTimeIntervals					19123.7472	0.867601957101765	
19124.4824	0.0319999999992433	RippleTimeIntervals					19124.496000000003	1.2357316963153733	
19127.1296	0.037599999999656575	RippleTimeIntervals					19127.143200000002	2.870009783840708	
19127.644800000002	0.0272000000004482	RippleTimeIntervals					19127.6528	0.7268349105400437	
19134.3624	0.028800000000046566	RippleTimeIntervals					19134.3696	1.500020981425113	
19134.504	0.026400000002468005	RippleTimeIntervals					19134.508800000003	0.702545279118683	
19161.8424	0.05199999999967986	RippleTimeIntervals					19161.886400000003	0.5590049629388677	
19162.824800000002	0.03359999999884167	RippleTimeIntervals					19162.8472	1.9197962517232272	
19206.392	0.08480000000054133	RippleTimeIntervals					19206.451200000003	3.2454988781886525	
19206.828	0.022400000001653098	RippleTimeIntervals					19206.839200000002	0.7419608881646232	
19220.062400000003	0.032799999997223495	RippleTimeIntervals					19220.085600000002	0.6300464709137118	
19229.1912	0.040000000000873115	RippleTimeIntervals					19229.2128	1.1658054519438157	
19229.2592	0.025600000000849832	RippleTimeIntervals					19229.2704	0.8226100194854226	
19243.7464	0.03440000000045984	RippleTimeIntervals					19243.756	0.7727416797556612	
19255.6896	0.030399999999644933	RippleTimeIntervals					19255.7	1.5854166941213252	
19256.3704	0.02080000000205473	RippleTimeIntervals					19256.379200000003	0.7894878576916894	
19257.745600000002	0.026399999998830026	RippleTimeIntervals					19257.7576	1.438895340827641	
19258.8872	0.023199999999633292	RippleTimeIntervals					19258.895200000003	0.7690109076515045	
19261.4768	0.03200000000288128	RippleTimeIntervals					19261.497600000002	3.4180213754082094	
19261.8528	0.03280000000086147	RippleTimeIntervals					19261.8616	0.7915273059469948	
19266.952	0.030399999999644933	RippleTimeIntervals					19266.974400000003	1.6920070930549906	
19268.512000000002	0.02079999999841675	RippleTimeIntervals					19268.520800000002	0.6078873916354833	
19271.6392	0.042399999998451676	RippleTimeIntervals					19271.6512	2.52452314935742	
19272.042400000002	0.03600000000005821	RippleTimeIntervals					19272.06	2.8233181539637298	
19276.111200000003	0.03439999999682186	RippleTimeIntervals					19276.125600000003	1.5922441092589905	
19276.288	0.025600000000849832	RippleTimeIntervals					19276.301600000003	0.970927969305399	
19282.1296	0.025600000000849832	RippleTimeIntervals					19282.1512	0.8224347225718763	
19282.2704	0.022400000001653098	RippleTimeIntervals					19282.2896	0.4100852534589735	
19282.654400000003	0.021600000000034925	RippleTimeIntervals					19282.663200000003	2.2988713296289682	
19290.312	0.047200000000884756	RippleTimeIntervals					19290.330400000003	1.225153972541262	
19304.0	9.0	SleepStates							NREMstate
19314.0	235.0	SleepStates							WAKEstate
19334.8624	0.07040000000051805	RippleTimeIntervals					19334.912800000002	3.034724223901267	
19335.925600000002	0.023999999997613486	RippleTimeIntervals					19335.9392	5.594537991002547	
19337.980000000003	0.05519999999887659	RippleTimeIntervals					19337.996000000003	1.6544311094622552	
19340.4984	0.06560000000172295	RippleTimeIntervals					19340.516000000003	2.9446067859631726	
19342.764000000003	0.025599999997211853	RippleTimeIntervals					19342.774400000002	1.017503750924981	
19343.7688	0.020000000000436557	RippleTimeIntervals					19343.7736	0.4135711079423596	
19352.157600000002	0.02239999999801512	RippleTimeIntervals					19352.1656	1.2521145669390334	
19352.8888	0.03280000000086147	RippleTimeIntervals					19352.9064	1.678465325076491	
19353.2032	0.030399999999644933	RippleTimeIntervals					19353.2112	4.000983605992338	
19356.7488	0.037599999999656575	RippleTimeIntervals					19356.7736	3.3474727752811204	
19357.960000000003	0.044799999999668216	RippleTimeIntervals					19357.977600000002	2.695366082915505	
19360.425600000002	0.028800000000046566	RippleTimeIntervals					19360.4424	2.390164103667774	
19360.559200000003	0.03839999999763677	RippleTimeIntervals					19360.5776	3.078991851185268	
19364.5224	0.02960000000166474	RippleTimeIntervals					19364.530400000003	0.7448036921346035	
19376.212	0.030400000003282912	RippleTimeIntervals					19376.2248	1.588666670068062	
19376.3624	0.025600000000849832	RippleTimeIntervals					19376.373600000003	4.178636564454188	
19376.546400000003	0.02959999999802676	RippleTimeIntervals					19376.5672	2.1622335387188834	
19376.7696	0.051200000001699664	RippleTimeIntervals					19376.8024	3.492573515621598	
19376.8944	0.06160000000090804	RippleTimeIntervals					19376.9448	1.2462756492084934	
19377.5472	0.035200000002078013	RippleTimeIntervals					19377.5744	1.5494879098029701	
19378.432	0.025600000000849832	RippleTimeIntervals					19378.445600000003	1.6390971380976092	
19379.8712	0.02960000000166474	RippleTimeIntervals					19379.886400000003	4.3964441991827625	
19383.4432	0.048800000000483124	RippleTimeIntervals					19383.470400000002	3.1905175183343446	
19383.816000000003	0.0367999999980384	RippleTimeIntervals					19383.8272	5.333963135566697	
19392.944000000003	0.031199999997625127	RippleTimeIntervals					19392.956000000002	1.5922282811536592	
19398.6784	0.042400000002089655	RippleTimeIntervals					19398.706400000003	2.753456876951481	
19399.686400000002	0.031199999997625127	RippleTimeIntervals					19399.6912	0.7627963143023727	
19399.8152	0.06400000000212458	RippleTimeIntervals					19399.8424	3.090950744035296	
19401.2	0.025600000000849832	RippleTimeIntervals					19401.215200000002	3.0404031920013463	
19412.5936	0.06240000000252621	RippleTimeIntervals					19412.6248	3.4158678736102956	
19430.9608	0.028800000000046566	RippleTimeIntervals					19430.9808	2.180007853420984	
19436.6912	0.05040000000008149	RippleTimeIntervals					19436.72	3.8601445683497504	
19436.8272	0.04320000000006985	RippleTimeIntervals					19436.844800000003	2.701883482533562	
19438.416	0.02080000000205473	RippleTimeIntervals					19438.432	1.0705688945832423	
19457.7344	0.021600000000034925	RippleTimeIntervals					19457.745600000002	0.6988895840567927	
19464.0888	0.04320000000006985	RippleTimeIntervals					19464.1168	1.3522912807555052	
19469.1312	0.024000000001251465	RippleTimeIntervals					19469.1456	1.2472951257234557	
19472.012000000002	0.03440000000045984	RippleTimeIntervals					19472.028000000002	3.3680540732381163	
19472.2104	0.08240000000296277	RippleTimeIntervals					19472.2472	4.038979687076545	
19474.125600000003	0.023999999997613486	RippleTimeIntervals					19474.132800000003	0.8512435989754158	
19480.0544	0.05280000000129803	RippleTimeIntervals					19480.0656	1.7756285217271632	
19503.073600000003	0.07199999999647844	RippleTimeIntervals					19503.1264	4.0942650742631015	
19503.3416	0.053600000002916204	RippleTimeIntervals					19503.38	3.7171216249780765	
19505.5776	0.05280000000129803	RippleTimeIntervals					19505.5992	3.2949013746132105	
19505.967200000003	0.05439999999725842	RippleTimeIntervals					19506.0	2.443231387280422	
19511.728000000003	0.048799999996845145	RippleTimeIntervals					19511.7576	2.4728484494775183	
19512.148800000003	0.026399999998830026	RippleTimeIntervals					19512.164	2.09294927410766	
19514.832000000002	0.025600000000849832	RippleTimeIntervals					19514.8496	3.175795576708409	
19514.888000000003	0.07119999999849824	RippleTimeIntervals					19514.932800000002	4.628542890299246	
19516.4408	0.0272000000004482	RippleTimeIntervals					19516.4568	2.1506173704940625	
19516.496000000003	0.06559999999808497	RippleTimeIntervals					19516.5128	2.2163772994311532	
19520.4568	0.09600000000136788	RippleTimeIntervals					19520.5272	4.031273630019533	
19520.7272	0.10559999999895808	RippleTimeIntervals					19520.736	2.8011281432344024	
19524.6672	0.06880000000091968	RippleTimeIntervals					19524.72	3.8115367212874496	
19525.224000000002	0.037599999999656575	RippleTimeIntervals					19525.2448	4.882564645384869	
19525.536	0.0591999999996915	RippleTimeIntervals					19525.5872	2.808239776279899	
19528.012000000002	0.03600000000005821	RippleTimeIntervals					19528.0432	0.4195629738152728	
19541.2104	0.03600000000005821	RippleTimeIntervals					19541.2248	2.597273522599741	
19541.5616	0.06799999999930151	RippleTimeIntervals					19541.598400000003	3.012313521821707	
19542.2808	0.03280000000086147	RippleTimeIntervals					19542.2904	4.664787382358706	
19543.872000000003	0.04799999999886495	RippleTimeIntervals					19543.891200000002	2.994875699219784	
19550.0	11.0	SleepStates							NREMstate
19551.5904	0.04320000000006985	RippleTimeIntervals					19551.605600000003	4.1224659080797625	
19553.272800000002	0.06159999999727006	RippleTimeIntervals					19553.3064	4.560088931505079	
19553.824	0.023199999999633292	RippleTimeIntervals					19553.828800000003	1.3420250069559168	
19554.3424	0.053599999999278225	RippleTimeIntervals					19554.3728	4.648034255179387	
19554.632	0.05040000000008149	RippleTimeIntervals					19554.648	4.57499175283018	
19554.728000000003	0.02719999999681022	RippleTimeIntervals					19554.7408	4.299125849743256	
19559.1752	0.023199999999633292	RippleTimeIntervals					19559.1856	1.9324677290331607	
19559.303200000002	0.04399999999805004	RippleTimeIntervals					19559.317600000002	6.046368446920773	
19561.66	0.03440000000045984	RippleTimeIntervals					19561.668	2.4547995800454507	
19562.0	1515.0	SleepStates							WAKEstate
19563.5288	0.0544000000008964	RippleTimeIntervals					19563.566400000003	1.966837158178333	
19566.260000000002	0.03839999999763677	RippleTimeIntervals					19566.2768	2.7702237190791514	
19569.857600000003	0.030399999999644933	RippleTimeIntervals					19569.88	1.9214285003434468	
19570.265600000002	0.0319999999992433	RippleTimeIntervals					19570.287200000002	1.3673784871281094	
19571.624	0.03200000000288128	RippleTimeIntervals					19571.6384	1.532826562147899	
19571.7336	0.04640000000290456	RippleTimeIntervals					19571.7504	4.391211157714055	
19571.908000000003	0.058399999998073326	RippleTimeIntervals					19571.9376	1.6425251210757685	
19573.438400000003	0.027999999998428393	RippleTimeIntervals					19573.4496	3.1184450524806624	
19581.215200000002	0.037599999999656575	RippleTimeIntervals					19581.2408	1.65392094562472	
19595.8296	0.044799999999668216	RippleTimeIntervals					19595.856	1.3909181146514933	
19596.686400000002	0.0319999999992433	RippleTimeIntervals					19596.7016	3.1496048353867545	
19597.193600000002	0.11279999999896972	RippleTimeIntervals					19597.272	3.7805753492652463	
19597.8632	0.05760000000009313	RippleTimeIntervals					19597.8712	3.4373387310511583	
19599.536	0.02320000000327127	RippleTimeIntervals					19599.544	2.0189613127614536	
19600.2704	0.02079999999841675	RippleTimeIntervals					19600.278400000003	1.6417138157081985	
19606.8296	0.023199999999633292	RippleTimeIntervals					19606.84	1.9865331864785585	
19609.033600000002	0.046399999999266583	RippleTimeIntervals					19609.059200000003	1.6355394606302882	
19614.997600000002	0.03919999999925494	RippleTimeIntervals					19615.0224	1.1394769739824688	
19619.3408	0.030399999999644933	RippleTimeIntervals					19619.3672	0.4615879621812829	
19624.944000000003	0.07599999999729334	RippleTimeIntervals					19624.9792	1.3779964899536006	
19627.679200000002	0.04799999999886495	RippleTimeIntervals					19627.696	3.3558240426028823	
19644.8584	0.031200000001263106	RippleTimeIntervals					19644.879200000003	5.109374137928869	
19646.8816	0.06000000000130967	RippleTimeIntervals					19646.9192	3.88840163619585	
19647.8384	0.08079999999972642	RippleTimeIntervals					19647.8832	3.282078931557584	
19651.2952	0.04800000000250293	RippleTimeIntervals					19651.3208	3.6588693648203128	
19653.052000000003	0.03839999999763677	RippleTimeIntervals					19653.080800000003	0.9593844599358389	
19659.559200000003	0.030399999999644933	RippleTimeIntervals					19659.573600000003	0.832673566279411	
19661.451200000003	0.053599999999278225	RippleTimeIntervals					19661.4968	0.7343353902382849	
19663.372000000003	0.053599999999278225	RippleTimeIntervals					19663.388000000003	5.452148691407323	
19664.195200000002	0.03600000000005821	RippleTimeIntervals					19664.208000000002	2.796189422750812	
19675.8192	0.05519999999887659	RippleTimeIntervals					19675.848	3.8311909251049285	
19682.504	0.04560000000128639	RippleTimeIntervals					19682.524800000003	4.371690699300525	
19683.2936	0.021600000000034925	RippleTimeIntervals					19683.304	2.6873505127412702	
19683.888000000003	0.042399999998451676	RippleTimeIntervals					19683.908000000003	3.862959654330124	
19684.0328	0.028000000002066372	RippleTimeIntervals					19684.040800000002	3.897277112851814	
19696.6048	0.08480000000054133	RippleTimeIntervals					19696.6696	3.372045735794739	
19696.816000000003	0.05679999999847496	RippleTimeIntervals					19696.8544	3.569859831891205	
19703.544	0.047200000000884756	RippleTimeIntervals					19703.575200000003	1.2471222921893352	
19707.164	0.028800000000046566	RippleTimeIntervals					19707.1816	3.706975701637242	
19707.2328	0.044799999999668216	RippleTimeIntervals					19707.251200000002	3.417865508902735	
19710.787200000002	0.08719999999811989	RippleTimeIntervals					19710.843200000003	3.0915307613934937	
19711.564000000002	0.03280000000086147	RippleTimeIntervals					19711.5816	2.1522456492199553	
19712.8048	0.03280000000086147	RippleTimeIntervals					19712.8256	3.2287643320370725	
19718.055200000003	0.048800000000483124	RippleTimeIntervals					19718.0776	3.0469597515053723	
19718.427200000002	0.0367999999980384	RippleTimeIntervals					19718.452800000003	2.3419618834246565	
19721.3848	0.022400000001653098	RippleTimeIntervals					19721.391200000002	0.6381649675470186	
19721.9016	0.03840000000127475	RippleTimeIntervals					19721.912800000002	2.1459210068004113	
19728.585600000002	0.03839999999763677	RippleTimeIntervals					19728.6008	0.4642552931022671	
19744.017600000003	0.023999999997613486	RippleTimeIntervals					19744.037600000003	0.5692192357189737	
19748.676000000003	0.02479999999923166	RippleTimeIntervals					19748.693600000002	2.186791088855777	
19755.729600000002	0.048800000000483124	RippleTimeIntervals					19755.7648	1.4878785049669203	
19756.952800000003	0.035199999998440035	RippleTimeIntervals					19756.980000000003	1.3611982692197155	
19758.3296	0.053599999999278225	RippleTimeIntervals					19758.3616	2.399795882128638	
19758.4208	0.044800000003306195	RippleTimeIntervals					19758.441600000002	4.069742799954242	
19768.3744	0.08880000000135624	RippleTimeIntervals					19768.451200000003	2.968464767012901	
19773.183200000003	0.0319999999992433	RippleTimeIntervals					19773.208000000002	3.017213414379147	
19779.179200000002	0.04160000000047148	RippleTimeIntervals					19779.199200000003	3.1255373715644503	
19779.336000000003	0.0415999999968335	RippleTimeIntervals					19779.3568	4.78608882312005	
19785.3696	0.04320000000006985	RippleTimeIntervals					19785.389600000002	2.6983891946994305	
19786.0848	0.028000000002066372	RippleTimeIntervals					19786.092	1.1644712287135415	
19795.2016	0.030399999999644933	RippleTimeIntervals					19795.224000000002	1.5372316929130478	
19795.260000000002	0.035199999998440035	RippleTimeIntervals					19795.272800000002	3.871615899758566	
19795.5528	0.031200000001263106	RippleTimeIntervals					19795.571200000002	2.0500292068628347	
19796.8512	0.0911999999989348	RippleTimeIntervals					19796.9352	2.3374576269147247	
19798.379200000003	0.031199999997625127	RippleTimeIntervals					19798.395200000003	2.1917270215011126	
19810.876800000002	0.05280000000129803	RippleTimeIntervals					19810.902400000003	2.594149401369927	
19814.9712	0.04640000000290456	RippleTimeIntervals					19814.988	3.2112261656561656	
19819.4048	0.024000000001251465	RippleTimeIntervals					19819.415200000003	0.821293335758852	
19820.0312	0.044799999999668216	RippleTimeIntervals					19820.056	2.7258635776817512	
19822.607200000002	0.0272000000004482	RippleTimeIntervals					19822.624	1.0621713673359179	
19822.752800000002	0.04079999999885331	RippleTimeIntervals					19822.778400000003	3.280454935018195	
19822.8408	0.11679999999978463	RippleTimeIntervals					19822.9408	4.677585288497649	
19824.612	0.056000000000494765	RippleTimeIntervals					19824.640000000003	4.009612406906547	
19824.8024	0.022400000001653098	RippleTimeIntervals					19824.817600000002	1.283430934064791	
19827.2992	0.044799999999668216	RippleTimeIntervals					19827.317600000002	6.181081998002528	
19827.499200000002	0.042399999998451676	RippleTimeIntervals					19827.5184	4.550468714414426	
19827.6888	0.02080000000205473	RippleTimeIntervals					19827.696	1.0613897983118548	
19827.8408	0.06799999999930151	RippleTimeIntervals					19827.873600000003	1.104377565445653	
19829.6152	0.042400000002089655	RippleTimeIntervals					19829.6408	3.505408957485698	
19829.9432	0.10399999999935972	RippleTimeIntervals					19829.981600000003	3.887778096474464	
19837.4936	0.026399999998830026	RippleTimeIntervals					19837.5008	0.5543878009207271	
19841.6176	0.020000000000436557	RippleTimeIntervals					19841.625600000003	0.8545374990076694	
19867.360800000002	0.04320000000006985	RippleTimeIntervals					19867.388000000003	0.43718790410581093	
19898.159200000002	0.028800000000046566	RippleTimeIntervals					19898.168	0.4956720125229871	
19932.5112	0.037599999999656575	RippleTimeIntervals					19932.5224	1.3965399757749632	
19934.176000000003	0.032799999997223495	RippleTimeIntervals					19934.1824	0.6579771580438156	
19968.640000000003	0.02959999999802676	RippleTimeIntervals					19968.664800000002	0.42524291473430326	
19971.059200000003	0.07359999999971478	RippleTimeIntervals					19971.0848	1.493711742337895	
19971.5656	0.04799999999886495	RippleTimeIntervals					19971.58	1.3841368725570207	
19971.673600000002	0.04160000000047148	RippleTimeIntervals					19971.708000000002	2.493135109364942	
19972.137600000002	0.030399999999644933	RippleTimeIntervals					19972.1496	0.9342391993562736	
19972.7688	0.035199999998440035	RippleTimeIntervals					19972.781600000002	1.4544888967691394	
20020.611200000003	0.02079999999841675	RippleTimeIntervals					20020.628	0.5420109565596872	
20026.321600000003	0.0367999999980384	RippleTimeIntervals					20026.3512	1.3249878312865269	
20032.1944	0.026400000002468005	RippleTimeIntervals					20032.209600000002	1.778134745160837	
20033.184800000003	0.0319999999992433	RippleTimeIntervals					20033.2088	2.0857382597992	
20033.932	0.03680000000167638	RippleTimeIntervals					20033.941600000002	0.5883343276106555	
20034.003200000003	0.051199999998061685	RippleTimeIntervals					20034.030400000003	0.6520486519139972	
20040.5776	0.051200000001699664	RippleTimeIntervals					20040.582400000003	0.6427085720838741	
20041.156000000003	0.03440000000045984	RippleTimeIntervals					20041.1696	1.2555527338633186	
20041.52	0.024000000001251465	RippleTimeIntervals					20041.5328	0.9677720509277169	
20042.612800000003	0.0272000000004482	RippleTimeIntervals					20042.6192	1.3640910556182464	
20049.1872	0.048800000000483124	RippleTimeIntervals					20049.2072	0.9251404503787605	
20070.222400000002	0.05199999999967986	RippleTimeIntervals					20070.2576	1.2716706577062793	
20074.416800000003	0.026399999998830026	RippleTimeIntervals					20074.427200000002	1.4850797811437688	
20074.5008	0.04079999999885331	RippleTimeIntervals					20074.5368	0.9043938821409825	
20076.9592	0.046399999999266583	RippleTimeIntervals					20076.9736	1.0886630174180445	
20080.1712	0.03600000000005821	RippleTimeIntervals					20080.199200000003	2.8141846725294446	
20080.474400000003	0.04079999999885331	RippleTimeIntervals					20080.496000000003	1.753888731496229	
20090.245600000002	0.09999999999854481	RippleTimeIntervals					20090.260000000002	1.9149613470041371	
20091.0344	0.05280000000129803	RippleTimeIntervals					20091.059200000003	2.849033285521457	
20091.1352	0.048800000000483124	RippleTimeIntervals					20091.1624	3.7099818500025563	
20097.961600000002	0.021600000000034925	RippleTimeIntervals					20097.9784	0.8407581996907304	
20098.697600000003	0.021600000000034925	RippleTimeIntervals					20098.7056	0.781041352578479	
20099.324	0.0319999999992433	RippleTimeIntervals					20099.3344	2.9483471861021897	
20102.0416	0.030399999999644933	RippleTimeIntervals					20102.0616	2.714846673623843	
20102.648800000003	0.03839999999763677	RippleTimeIntervals					20102.6568	4.946889260614097	
20103.1152	0.08240000000296277	RippleTimeIntervals					20103.173600000002	2.776129399727085	
20104.523200000003	0.035199999998440035	RippleTimeIntervals					20104.536	5.860533590576198	
20126.756	0.02479999999923166	RippleTimeIntervals					20126.7608	0.7630701820145994	
20131.3168	0.026400000002468005	RippleTimeIntervals					20131.324800000002	1.109457144323274	
20138.2272	0.04160000000047148	RippleTimeIntervals					20138.2576	2.0552214979720946	
20148.4712	0.02960000000166474	RippleTimeIntervals					20148.494400000003	0.9361497204708689	
20155.644800000002	0.03840000000127475	RippleTimeIntervals					20155.668800000003	0.836715200179727	
20156.5648	0.06560000000172295	RippleTimeIntervals					20156.6104	1.8042347620576111	
20163.1568	0.02479999999923166	RippleTimeIntervals					20163.1752	0.6530316861976985	
20175.4392	0.024000000001251465	RippleTimeIntervals					20175.4504	0.9766315725826533	
20182.220800000003	0.0687999999972817	RippleTimeIntervals					20182.2664	1.0098640013240534	
20182.321600000003	0.02079999999841675	RippleTimeIntervals					20182.3352	1.916239317395801	
20194.1624	0.023199999999633292	RippleTimeIntervals					20194.177600000003	2.433174402020167	
20196.199200000003	0.02959999999802676	RippleTimeIntervals					20196.2176	1.6023686999710032	
20226.6048	0.021600000000034925	RippleTimeIntervals					20226.616	0.4998576744459359	
20276.132800000003	0.021600000000034925	RippleTimeIntervals					20276.1352	0.43508807117347903	
20278.9592	0.026399999998830026	RippleTimeIntervals					20278.976000000002	0.6580772441053883	
20284.1896	0.022400000001653098	RippleTimeIntervals					20284.1944	0.4281240081916479	
20297.2936	0.044799999999668216	RippleTimeIntervals					20297.3048	0.7567746268935529	
20298.6096	0.04400000000168802	RippleTimeIntervals					20298.6456	1.1663964937023328	
20308.055200000003	0.04559999999764841	RippleTimeIntervals					20308.091200000003	1.0807923022018324	
20316.184	0.024000000001251465	RippleTimeIntervals					20316.192000000003	1.826322219146097	
20319.0272	0.056000000000494765	RippleTimeIntervals					20319.0688	0.9242395545254337	
20322.925600000002	0.026399999998830026	RippleTimeIntervals					20322.938400000003	1.2438631982736	
20328.5072	0.03840000000127475	RippleTimeIntervals					20328.513600000002	0.5202296567958444	
20331.3544	0.040000000000873115	RippleTimeIntervals					20331.36	0.7370759514693048	
20355.1944	0.030399999999644933	RippleTimeIntervals					20355.2016	0.426161649190905	
20410.0416	0.030399999999644933	RippleTimeIntervals					20410.049600000002	0.7722043865340357	
20410.148800000003	0.04959999999846332	RippleTimeIntervals					20410.177600000003	2.488490438242662	
20412.232	0.03280000000086147	RippleTimeIntervals					20412.245600000002	1.9883427172305488	
20413.4952	0.0272000000004482	RippleTimeIntervals					20413.504800000002	2.650741182989035	
20413.928	0.021600000000034925	RippleTimeIntervals					20413.941600000002	1.1098949410736707	
20414.6136	0.04160000000047148	RippleTimeIntervals					20414.6312	1.9310442006311184	
20421.382400000002	0.02479999999923166	RippleTimeIntervals					20421.396800000002	1.1454147447338645	
20426.434400000002	0.02479999999923166	RippleTimeIntervals					20426.444000000003	0.7470984668935264	
20429.74	0.051199999998061685	RippleTimeIntervals					20429.768	2.9622334647130883	
20431.0704	0.07120000000213622	RippleTimeIntervals					20431.105600000003	3.1124828151015445	
20446.767200000002	0.06160000000090804	RippleTimeIntervals					20446.7984	2.4694694929961956	
20447.706400000003	0.03359999999884167	RippleTimeIntervals					20447.7184	2.637925025130201	
20450.6624	0.0272000000004482	RippleTimeIntervals					20450.6824	1.531911290693173	
20450.768	0.03680000000167638	RippleTimeIntervals					20450.792800000003	1.9827609348988253	
20451.274400000002	0.037599999999656575	RippleTimeIntervals					20451.287200000002	0.4663057098296213	
20453.183200000003	0.02719999999681022	RippleTimeIntervals					20453.2	2.6039961559583515	
20454.438400000003	0.039999999997235136	RippleTimeIntervals					20454.4592	3.7152715953217057	
20456.981600000003	0.07040000000051805	RippleTimeIntervals					20457.006400000002	3.442454310505943	
20466.4192	0.06960000000253785	RippleTimeIntervals					20466.432800000002	3.8032644954873374	
20467.580800000003	0.05199999999967986	RippleTimeIntervals					20467.6168	2.0454296508825838	
20467.82	0.0544000000008964	RippleTimeIntervals					20467.839200000002	3.3957393929027533	
20467.994400000003	0.0367999999980384	RippleTimeIntervals					20468.0128	4.163686600180155	
20468.8528	0.025600000000849832	RippleTimeIntervals					20468.8632	2.2602690956709313	
20469.0256	0.028800000000046566	RippleTimeIntervals					20469.033600000002	1.3200566646127796	
20474.055200000003	0.04399999999805004	RippleTimeIntervals					20474.0952	0.48770846977329313	
20486.308800000003	0.0319999999992433	RippleTimeIntervals					20486.3168	1.6378530413475032	
20488.9064	0.031200000001263106	RippleTimeIntervals					20488.9232	2.2794690412926437	
20495.767200000002	0.030399999999644933	RippleTimeIntervals					20495.778400000003	3.121385303143861	
20496.974400000003	0.032799999997223495	RippleTimeIntervals					20496.987200000003	2.5976241164254064	
20498.5312	0.035200000002078013	RippleTimeIntervals					20498.5488	0.7554473838327547	
20499.7536	0.04080000000249129	RippleTimeIntervals					20499.778400000003	0.9174505300051348	
20499.8256	0.04080000000249129	RippleTimeIntervals					20499.844	1.7101115133004063	
20514.912	0.024800000002869638	RippleTimeIntervals					20514.932	0.5682259634431851	
20516.2016	0.044799999999668216	RippleTimeIntervals					20516.2304	1.464980758427197	
20520.321600000003	0.037599999999656575	RippleTimeIntervals					20520.352000000003	2.3255269917339736	
20521.0832	0.024000000001251465	RippleTimeIntervals					20521.096	0.7560879561199608	
20521.661600000003	0.04079999999885331	RippleTimeIntervals					20521.6896	2.2805309213925735	
20531.132	0.07119999999849824	RippleTimeIntervals					20531.1496	4.75997976783925	
20531.580800000003	0.027999999998428393	RippleTimeIntervals					20531.596	2.212347185709866	
20539.132800000003	0.032799999997223495	RippleTimeIntervals					20539.1408	0.6203613956151829	
20545.888000000003	0.035199999998440035	RippleTimeIntervals					20545.904000000002	3.3586844238814875	
20546.188000000002	0.030399999999644933	RippleTimeIntervals					20546.206400000003	6.097799116819088	
20547.956000000002	0.03919999999925494	RippleTimeIntervals					20547.983200000002	4.886201657060344	
20558.0888	0.04959999999846332	RippleTimeIntervals					20558.108	2.4102076615961865	
20560.130400000002	0.06079999999928987	RippleTimeIntervals					20560.148800000003	2.8349449355662664	
20560.516000000003	0.08959999999933643	RippleTimeIntervals					20560.5864	0.7174723776584389	
20565.152000000002	0.11119999999937136	RippleTimeIntervals					20565.244000000002	2.2340837140249676	
20571.7072	0.02080000000205473	RippleTimeIntervals					20571.7176	1.138479559538809	
20573.3344	0.021600000000034925	RippleTimeIntervals					20573.3496	0.4813884932128279	
20576.693600000002	0.0272000000004482	RippleTimeIntervals					20576.709600000002	0.5609026030608003	
20577.549600000002	0.03280000000086147	RippleTimeIntervals					20577.560800000003	1.692280471435859	
20584.6176	0.05199999999967986	RippleTimeIntervals					20584.6408	0.5688637707640292	
20592.240800000003	0.04399999999805004	RippleTimeIntervals					20592.2616	3.4933086580513066	
20592.772800000002	0.07119999999849824	RippleTimeIntervals					20592.8152	3.302486732161302	
20593.197600000003	0.03600000000005821	RippleTimeIntervals					20593.2056	4.973245349783442	
20594.3128	0.03840000000127475	RippleTimeIntervals					20594.323200000003	2.140219326531848	
20595.364800000003	0.035199999998440035	RippleTimeIntervals					20595.3784	3.9830873793025763	
20595.539200000003	0.039999999997235136	RippleTimeIntervals					20595.560800000003	3.1577439226952904	
20596.137600000002	0.05679999999847496	RippleTimeIntervals					20596.1712	2.3705022365962827	
20607.9216	0.02079999999841675	RippleTimeIntervals					20607.929600000003	0.5976289926627026	
20616.752	0.0272000000004482	RippleTimeIntervals					20616.764000000003	1.729987810633019	
20617.040800000002	0.04719999999724678	RippleTimeIntervals					20617.0528	1.9596306935827978	
20624.06	0.08799999999973807	RippleTimeIntervals					20624.1264	2.4755750999688386	
20626.627200000003	0.1319999999977881	RippleTimeIntervals					20626.731200000002	3.0538095839309953	
20627.3096	0.03919999999925494	RippleTimeIntervals					20627.336000000003	4.344276370925607	
20642.184	0.03680000000167638	RippleTimeIntervals					20642.2072	1.9738976114415923	
20647.6656	0.04160000000047148	RippleTimeIntervals					20647.6944	3.3933263284676296	
20647.7824	0.06480000000010477	RippleTimeIntervals					20647.792	2.844166497160945	
20653.780000000002	0.03600000000005821	RippleTimeIntervals					20653.7912	0.662995683561663	
20655.3208	0.048800000000483124	RippleTimeIntervals					20655.3528	2.356132160345298	
20668.017600000003	0.02239999999801512	RippleTimeIntervals					20668.0256	1.0641438711457727	
20691.920000000002	0.042399999998451676	RippleTimeIntervals					20691.922400000003	0.40910194959715807	
20694.499200000002	0.021600000000034925	RippleTimeIntervals					20694.508	0.7986055874590101	
20694.6064	0.03440000000045984	RippleTimeIntervals					20694.621600000002	0.42015928358534393	
20717.6352	0.035200000002078013	RippleTimeIntervals					20717.6656	0.5441626290031041	
20720.6008	0.020000000000436557	RippleTimeIntervals					20720.6096	0.5139445180762683	
20742.729600000002	0.07359999999971478	RippleTimeIntervals					20742.749600000003	1.1521662536460757	
20789.3264	0.02959999999802676	RippleTimeIntervals					20789.34	0.45628886006736147	
20794.4536	0.031200000001263106	RippleTimeIntervals					20794.472	0.5683904821302717	
20795.1088	0.02479999999923166	RippleTimeIntervals					20795.111200000003	0.5029318777272778	
20835.690400000003	0.0319999999992433	RippleTimeIntervals					20835.7016	4.4389316811633055	
20857.159200000002	0.03359999999884167	RippleTimeIntervals					20857.184800000003	0.5045603550349814	
20858.1784	0.026400000002468005	RippleTimeIntervals					20858.186400000002	0.569374228835378	
20871.2592	0.04160000000047148	RippleTimeIntervals					20871.2808	0.8259317774566064	
20872.6392	0.025600000000849832	RippleTimeIntervals					20872.647200000003	0.4154407550061039	
20881.7248	0.042400000002089655	RippleTimeIntervals					20881.756	1.7596961431217344	
20896.771200000003	0.035199999998440035	RippleTimeIntervals					20896.7752	0.5774314099647972	
20897.6392	0.051200000001699664	RippleTimeIntervals					20897.656000000003	2.2827698485195635	
20897.9144	0.042399999998451676	RippleTimeIntervals					20897.9288	0.5177753059959976	
20898.666400000002	0.09200000000055297	RippleTimeIntervals					20898.6768	0.9599173758760332	
20899.2536	0.03600000000005821	RippleTimeIntervals					20899.274400000002	1.3654479941631565	
20900.216800000002	0.03919999999925494	RippleTimeIntervals					20900.2248	1.0900367438114782	
20900.7736	0.051200000001699664	RippleTimeIntervals					20900.8024	1.9085461446845093	
20901.7144	0.03919999999925494	RippleTimeIntervals					20901.744000000002	2.6814792072304696	
20901.952800000003	0.02479999999923166	RippleTimeIntervals					20901.9608	1.0488481501170757	
20904.9984	0.035200000002078013	RippleTimeIntervals					20905.0072	0.766732729145832	
20908.644800000002	0.037599999999656575	RippleTimeIntervals					20908.6568	3.4863357615185424	
20908.8048	0.0367999999980384	RippleTimeIntervals					20908.8264	1.5603577013330876	
20908.936	0.028800000000046566	RippleTimeIntervals					20908.948800000002	2.1300536446296037	
20943.614400000002	0.04079999999885331	RippleTimeIntervals					20943.6296	1.2243605954757382	
20959.836000000003	0.03439999999682186	RippleTimeIntervals					20959.8624	0.5265865482079185	
20968.8008	0.06160000000090804	RippleTimeIntervals					20968.8472	2.036995168423447	
20969.1672	0.09600000000136788	RippleTimeIntervals					20969.1744	1.234189922437651	
20969.5056	0.031200000001263106	RippleTimeIntervals					20969.5224	2.4390797062061034	
20969.848	0.037599999999656575	RippleTimeIntervals					20969.8712	3.0853305922040763	
20977.0728	0.024000000001251465	RippleTimeIntervals					20977.0888	1.1517578925062317	
20977.468800000002	0.06959999999889988	RippleTimeIntervals					20977.5224	1.850001022890193	
20991.702400000002	0.025600000000849832	RippleTimeIntervals					20991.708000000002	1.7558219123789807	
20993.262400000003	0.0639999999984866	RippleTimeIntervals					20993.314400000003	2.652234783949574	
20993.812	0.02959999999802676	RippleTimeIntervals					20993.828	3.4032270562736677	
20994.035200000002	0.03919999999925494	RippleTimeIntervals					20994.0456	3.595287692848957	
21000.3872	0.026399999998830026	RippleTimeIntervals					21000.391200000002	0.532939825339045	
21000.451200000003	0.023999999997613486	RippleTimeIntervals					21000.460000000003	2.0262494585725115	
21000.5872	0.0319999999992433	RippleTimeIntervals					21000.592800000002	0.7734359407045696	
21001.5992	0.03280000000086147	RippleTimeIntervals					21001.6208	7.923744715874579	
21002.708000000002	0.04799999999886495	RippleTimeIntervals					21002.745600000002	2.664372679901886	
21026.52	0.04400000000168802	RippleTimeIntervals					21026.5288	1.0531360114564452	
21026.6816	0.05520000000251457	RippleTimeIntervals					21026.693600000002	1.6356277732257847	
21037.611200000003	0.030399999999644933	RippleTimeIntervals					21037.6176	0.9102045244768456	
21040.0008	0.056000000000494765	RippleTimeIntervals					21040.037600000003	1.330875599276056	
21040.503200000003	0.042399999998451676	RippleTimeIntervals					21040.5112	3.5994093983456437	
21062.4144	0.02960000000166474	RippleTimeIntervals					21062.4232	0.7248117448145225	
21077.7232	0.08880000000135624	RippleTimeIntervals					21077.778400000003	2.558751769000831	
