onset	duration	nwb_table	behavioral_paradigm	manipulation	epoch_name	environment	peak_time	state	label
0.0	3097.6639666666665	epochs	BaselinePre	None	fCamk3_201111_075546	Home cage			
1.0	1960.0	SleepStates							WAKEstate
103.3584	0.043199999999998795	RippleTimeIntervals					103.3688		
107.6672	0.041600000000002524	RippleTimeIntervals					107.6752		
120.7352	0.0543999999999869	RippleTimeIntervals					120.7584		
152.8632	0.06080000000000041	RippleTimeIntervals					152.8712		
153.1608	0.10880000000000223	RippleTimeIntervals					153.2232		
155.0352	0.07280000000000086	RippleTimeIntervals					155.0536		
161.9104	0.08639999999999759	RippleTimeIntervals					161.9624		
194.6976	0.12319999999999709	RippleTimeIntervals					194.8176		
375.1008	0.10079999999999245	RippleTimeIntervals					375.1728		
385.5248	0.04159999999995989	RippleTimeIntervals					385.5544		
401.5776	0.14560000000000173	RippleTimeIntervals					401.6816		
401.9024	0.10079999999999245	RippleTimeIntervals					401.9152		
409.9104	0.05040000000002465	RippleTimeIntervals					409.9504		
462.7544	0.14560000000000173	RippleTimeIntervals					462.8544		
463.1512	0.09679999999997335	RippleTimeIntervals					463.1968		
467.9952	0.09199999999998454	RippleTimeIntervals					468.0648		
468.6224	0.09199999999998454	RippleTimeIntervals					468.7032		
487.7864	0.14639999999997144	RippleTimeIntervals					487.8632		
499.9536	0.055999999999983174	RippleTimeIntervals					499.9792		
504.372	0.03519999999997481	RippleTimeIntervals					504.3928		
511.3056	0.10799999999994725	RippleTimeIntervals					511.3552		
513.4856	0.06720000000007076	RippleTimeIntervals					513.5152		
517.7728	0.04640000000006239	RippleTimeIntervals					517.7928		
528.2248	0.05760000000009313	RippleTimeIntervals					528.2704		
552.8872	0.050399999999967804	RippleTimeIntervals					552.924		
568.7416	0.04800000000000182	RippleTimeIntervals					568.7736		
570.096	0.06560000000001764	RippleTimeIntervals					570.144		
570.2384	0.061599999999998545	RippleTimeIntervals					570.252		
579.568	0.058400000000006	RippleTimeIntervals					579.584		
594.9632	0.11040000000002692	RippleTimeIntervals					595.0232		
627.7224	0.06719999999995707	RippleTimeIntervals					627.7568		
634.3432	0.17919999999992342	RippleTimeIntervals					634.3944		
634.66	0.05200000000002092	RippleTimeIntervals					634.672		
634.852	0.15679999999997563	RippleTimeIntervals					634.9288		
660.7736	0.056800000000066575	RippleTimeIntervals					660.8008		
688.1584	0.05919999999991887	RippleTimeIntervals					688.1872		
690.6656	0.07439999999996871	RippleTimeIntervals					690.6968		
706.664	0.03840000000002419	RippleTimeIntervals					706.6848		
727.6096	0.08720000000005257	RippleTimeIntervals					727.6304		
727.9296	0.2015999999999849	RippleTimeIntervals					728.0432		
728.7264	0.116800000000012	RippleTimeIntervals					728.8112		
738.8224	0.03599999999994452	RippleTimeIntervals					738.8288		
740.5736	0.05599999999992633	RippleTimeIntervals					740.5936		
763.2336	0.12959999999998217	RippleTimeIntervals					763.2912		
774.928	0.10559999999998126	RippleTimeIntervals					774.9848		
793.7984	0.07759999999996126	RippleTimeIntervals					793.8232		
795.9792	0.0807999999999538	RippleTimeIntervals					795.9896		
801.432	0.13760000000002037	RippleTimeIntervals					801.4416		
802.884	0.07439999999996871	RippleTimeIntervals					802.9		
806.912	0.12639999999998963	RippleTimeIntervals					806.944		
807.4896	0.07839999999998781	RippleTimeIntervals					807.5056		
832.1368	0.09040000000004511	RippleTimeIntervals					832.1792		
839.6304	0.06479999999999109	RippleTimeIntervals					839.68		
842.7856	0.08959999999990487	RippleTimeIntervals					842.8184		
845.3424	0.05920000000003256	RippleTimeIntervals					845.3552		
848.1128	0.052800000000047476	RippleTimeIntervals					848.144		
852.8616	0.05119999999999436	RippleTimeIntervals					852.8848		
856.4456	0.09600000000000364	RippleTimeIntervals					856.4984		
860.428	0.046399999999948704	RippleTimeIntervals					860.4608		
860.852	0.06079999999997199	RippleTimeIntervals					860.88		
868.4408	0.030399999999985994	RippleTimeIntervals					868.448		
868.9456	0.03200000000003911	RippleTimeIntervals					868.964		
869.052	0.05920000000003256	RippleTimeIntervals					869.0784		
877.0488	0.09359999999992397	RippleTimeIntervals					877.0952		
877.9144	0.11440000000004602	RippleTimeIntervals					877.9512		
884.7632	0.045600000000035834	RippleTimeIntervals					884.7912		
887.7096	0.07439999999996871	RippleTimeIntervals					887.7512		
897.1032	0.045600000000035834	RippleTimeIntervals					897.108		
898.8888	0.05120000000010805	RippleTimeIntervals					898.8968		
906.9024	0.04240000000004329	RippleTimeIntervals					906.9176		
907.132	0.061599999999998545	RippleTimeIntervals					907.1784		
915.1008	0.07119999999997617	RippleTimeIntervals					915.1048		
915.3048	0.04719999999997526	RippleTimeIntervals					915.3216		
922.7472	0.05920000000003256	RippleTimeIntervals					922.7808		
929.9872	0.15279999999995653	RippleTimeIntervals					930.0248		
946.6168	0.07920000000001437	RippleTimeIntervals					946.6536		
952.0624	0.04079999999999018	RippleTimeIntervals					952.0744		
954.7912	0.05999999999994543	RippleTimeIntervals					954.8096		
957.0464	0.040800000000103864	RippleTimeIntervals					957.0744		
958.0608	0.08240000000000691	RippleTimeIntervals					958.064		
971.4664	0.05679999999995289	RippleTimeIntervals					971.4968		
971.604	0.03279999999995198	RippleTimeIntervals					971.624		
972.6832	0.042399999999929605	RippleTimeIntervals					972.7208		
973.0248	0.0543999999999869	RippleTimeIntervals					973.068		
979.7136	0.04079999999999018	RippleTimeIntervals					979.7232		
982.48	0.06880000000001019	RippleTimeIntervals					982.536		
983.5872	0.06079999999997199	RippleTimeIntervals					983.616		
985.0152	0.04319999999995616	RippleTimeIntervals					985.0248		
991.048	0.04719999999997526	RippleTimeIntervals					991.0752		
998.0296	0.04800000000000182	RippleTimeIntervals					998.0624		
998.6496	0.06400000000007822	RippleTimeIntervals					998.7096		
1018.4864	0.05600000000004002	RippleTimeIntervals					1018.5256		
1021.724	0.09359999999992397	RippleTimeIntervals					1021.7368		
1024.336	0.11760000000003856	RippleTimeIntervals					1024.3648		
1024.604	0.06719999999995707	RippleTimeIntervals					1024.6688		
1030.9256	0.051199999999880674	RippleTimeIntervals					1030.9352		
1033.2488	0.06319999999982429	RippleTimeIntervals					1033.2744		
1041.7608	0.06639999999993051	RippleTimeIntervals					1041.7944		
1053.104	0.12879999999995562	RippleTimeIntervals					1053.2232		
1054.2352	0.0968000000000302	RippleTimeIntervals					1054.28		
1056.6384	0.13760000000002037	RippleTimeIntervals					1056.6656		
1059.4904	0.07680000000004839	RippleTimeIntervals					1059.5472		
1060.364	0.038399999999910506	RippleTimeIntervals					1060.3664		
1068.3744	0.05920000000014625	RippleTimeIntervals					1068.4168		
1070.4456	0.09519999999997708	RippleTimeIntervals					1070.504		
1076.94	0.10159999999996217	RippleTimeIntervals					1076.9416		
1079.4056	0.04240000000004329	RippleTimeIntervals					1079.4312		
1084.1264	0.04239999999981592	RippleTimeIntervals					1084.144		
1085.2488	0.11439999999993233	RippleTimeIntervals					1085.3216		
1088.0768	0.03759999999988395	RippleTimeIntervals					1088.08		
1090.5584	0.07120000000008986	RippleTimeIntervals					1090.5656		
1099.4488	0.05520000000001346	RippleTimeIntervals					1099.4832		
1099.6784	0.04559999999992215	RippleTimeIntervals					1099.7128		
1101.5144	0.06079999999997199	RippleTimeIntervals					1101.5432		
1110.2328	0.04800000000000182	RippleTimeIntervals					1110.2432		
1111.8856	0.03999999999996362	RippleTimeIntervals					1111.8872		
1112.0824	0.04079999999999018	RippleTimeIntervals					1112.0848		
1113.1424	0.04320000000006985	RippleTimeIntervals					1113.1432		
1117.3696	0.04240000000004329	RippleTimeIntervals					1117.3952		
1124.7464	0.04320000000006985	RippleTimeIntervals					1124.7624		
1126.3464	0.05360000000018772	RippleTimeIntervals					1126.3616		
1141.9336	0.05520000000001346	RippleTimeIntervals					1141.9608		
1149.7728	0.09600000000000364	RippleTimeIntervals					1149.8328		
1153.9704	0.05040000000008149	RippleTimeIntervals					1153.9848		
1160.1056	0.0647999999998774	RippleTimeIntervals					1160.1376		
1172.2904	0.04719999999997526	RippleTimeIntervals					1172.3176		
1180.8656	0.08399999999983265	RippleTimeIntervals					1180.8888		
1190.3424	0.049600000000054933	RippleTimeIntervals					1190.3736		
1192.7264	0.0624000000000251	RippleTimeIntervals					1192.7752		
1198.5848	0.06079999999997199	RippleTimeIntervals					1198.604		
1200.8264	0.060000000000172804	RippleTimeIntervals					1200.8608		
1201.0128	0.04559999999992215	RippleTimeIntervals					1201.0416		
1217.3648	0.053599999999960346	RippleTimeIntervals					1217.396		
1224.0968	0.06799999999998363	RippleTimeIntervals					1224.1328		
1228.844	0.058399999999892316	RippleTimeIntervals					1228.8608		
1229.0176	0.05760000000009313	RippleTimeIntervals					1229.0432		
1240.5848	0.0567999999998392	RippleTimeIntervals					1240.6176		
1253.28	0.07920000000012806	RippleTimeIntervals					1253.3312		
1253.9008	0.04320000000006985	RippleTimeIntervals					1253.9056		
1254.5328	0.05600000000004002	RippleTimeIntervals					1254.5552		
1256.5536	0.06880000000001019	RippleTimeIntervals					1256.5864		
1262.5168	0.051199999999880674	RippleTimeIntervals					1262.5392		
1265.5288	0.04800000000000182	RippleTimeIntervals					1265.5616		
1267.9912	0.061599999999998545	RippleTimeIntervals					1268.0016		
1276.0144	0.03759999999988395	RippleTimeIntervals					1276.02		
1280.5816	0.04800000000000182	RippleTimeIntervals					1280.6032		
1281.02	0.0704000000000633	RippleTimeIntervals					1281.0568		
1283.2016	0.051199999999880674	RippleTimeIntervals					1283.2264		
1286.0856	0.0543999999999869	RippleTimeIntervals					1286.0992		
1306.0296	0.08240000000000691	RippleTimeIntervals					1306.0944		
1307.04	0.05999999999994543	RippleTimeIntervals					1307.0528		
1315.4136	0.043199999999842476	RippleTimeIntervals					1315.44		
1319.664	0.04320000000006985	RippleTimeIntervals					1319.6904		
1328.1928	0.056800000000066575	RippleTimeIntervals					1328.2344		
1332.976	0.06079999999997199	RippleTimeIntervals					1333.004		
1334.412	0.06960000000003674	RippleTimeIntervals					1334.44		
1335.436	0.05920000000014625	RippleTimeIntervals					1335.4744		
1357.6872	0.061599999999998545	RippleTimeIntervals					1357.7176		
1362.0624	0.03520000000003165	RippleTimeIntervals					1362.0632		
1364.3584	0.048800000000028376	RippleTimeIntervals					1364.3744		
1373.4848	0.05600000000004002	RippleTimeIntervals					1373.5048		
1373.6568	0.05999999999994543	RippleTimeIntervals					1373.6672		
1378.7184	0.041600000000016735	RippleTimeIntervals					1378.7384		
1385.8536	0.06880000000001019	RippleTimeIntervals					1385.904		
1390.0776	0.048800000000028376	RippleTimeIntervals					1390.0904		
1398.2048	0.05279999999993379	RippleTimeIntervals					1398.2352		
1431.6552	0.16560000000004038	RippleTimeIntervals					1431.8144		
1436.8952	0.060000000000172804	RippleTimeIntervals					1436.9512		
1445.592	0.14079999999989923	RippleTimeIntervals					1445.7232		
1458.8144	0.15679999999997563	RippleTimeIntervals					1458.9656		
1474.5792	0.11920000000009168	RippleTimeIntervals					1474.5864		
1475.9032	0.08480000000008658	RippleTimeIntervals					1475.9328		
1498.8784	0.09999999999990905	RippleTimeIntervals					1498.9696		
1510.8288	0.06480000000010477	RippleTimeIntervals					1510.8688		
1522.1568	0.048800000000028376	RippleTimeIntervals					1522.1688		
1572.1056	0.04079999999999018	RippleTimeIntervals					1572.1208		
1658.2664	0.05520000000001346	RippleTimeIntervals					1658.2792		
1675.6496	0.044000000000096406	RippleTimeIntervals					1675.6624		
1682.532	0.12319999999999709	RippleTimeIntervals					1682.6208		
1690.1304	0.13760000000002037	RippleTimeIntervals					1690.148		
1692.4104	0.12640000000010332	RippleTimeIntervals					1692.4536		
1749.3624	0.13840000000004693	RippleTimeIntervals					1749.388		
1780.4152	0.12080000000014479	RippleTimeIntervals					1780.4576		
1791.7056	0.10639999999989413	RippleTimeIntervals					1791.7696		
1832.3304	0.05279999999993379	RippleTimeIntervals					1832.3632		
1845.5112	0.05760000000009313	RippleTimeIntervals					1845.5232		
1845.6888	0.11599999999998545	RippleTimeIntervals					1845.728		
1851.5336	0.05040000000008149	RippleTimeIntervals					1851.5496		
1852.1568	0.07359999999994216	RippleTimeIntervals					1852.1912		
1885.1472	0.033599999999978536	RippleTimeIntervals					1885.16		
1887.4744	0.0624000000000251	RippleTimeIntervals					1887.4832		
1889.1248	0.08639999999991232	RippleTimeIntervals					1889.1848		
1894.3504	0.041600000000016735	RippleTimeIntervals					1894.3752		
1894.6888	0.040000000000190994	RippleTimeIntervals					1894.6944		
1904.9592	0.046399999999948704	RippleTimeIntervals					1904.98		
1910.8128	0.04640000000017608	RippleTimeIntervals					1910.8328		
1911.0464	0.049600000000054933	RippleTimeIntervals					1911.0616		
1912.0672	0.06719999999995707	RippleTimeIntervals					1912.1088		
1913.0696	0.049600000000054933	RippleTimeIntervals					1913.1		
1913.9896	0.05919999999991887	RippleTimeIntervals					1914.0104		
1917.8152	0.06400000000007822	RippleTimeIntervals					1917.844		
1921.4224	0.06079999999997199	RippleTimeIntervals					1921.4424		
1923.1568	0.05279999999993379	RippleTimeIntervals					1923.1712		
1927.8168	0.043199999999842476	RippleTimeIntervals					1927.8304		
1928.1	0.048800000000028376	RippleTimeIntervals					1928.1064		
1936.3864	0.04719999999997526	RippleTimeIntervals					1936.3992		
1936.8984	0.06960000000003674	RippleTimeIntervals					1936.916		
1947.1264	0.03519999999980428	RippleTimeIntervals					1947.1408		
1947.2616	0.07119999999986248	RippleTimeIntervals					1947.2864		
1947.7032	0.07920000000012806	RippleTimeIntervals					1947.748		
1947.9344	0.04079999999999018	RippleTimeIntervals					1947.9576		
1951.1728	0.04399999999986903	RippleTimeIntervals					1951.1848		
1952.3888	0.04800000000000182	RippleTimeIntervals					1952.4272		
1952.636	0.0543999999999869	RippleTimeIntervals					1952.664		
1957.7952	0.05520000000001346	RippleTimeIntervals					1957.8152		
1961.8392	0.13760000000002037	UpDownStatesTimeIntervals						UP	
1962.0	48.0	SleepStates							NREMstate
1962.3664	0.3671999999999116	UpDownStatesTimeIntervals						UP	
1962.392	0.06320000000005166	RippleTimeIntervals					1962.4248		
1962.6592	0.04240000000004329	RippleTimeIntervals					1962.6848		
1964.6032	0.30960000000004584	UpDownStatesTimeIntervals						DOWN	
1964.9128	0.15679999999997563	UpDownStatesTimeIntervals						UP	
1964.976	0.04959999999982756	RippleTimeIntervals					1964.9936		
1965.276	0.5471999999999753	UpDownStatesTimeIntervals						DOWN	
1965.8232	0.17679999999995744	UpDownStatesTimeIntervals						UP	
1969.2504	0.3000000000001819	UpDownStatesTimeIntervals						UP	
1969.2864	0.04719999999997526	RippleTimeIntervals					1969.3112		
1969.5808	0.4272000000000844	UpDownStatesTimeIntervals						DOWN	
1972.8616	0.04719999999997526	RippleTimeIntervals					1972.8904		
1973.3576	0.04079999999999018	RippleTimeIntervals					1973.3656		
1977.2224	0.05199999999990723	UpDownStatesTimeIntervals						DOWN	
1977.2744	0.1351999999999407	UpDownStatesTimeIntervals						UP	
1978.7152	0.15439999999989595	UpDownStatesTimeIntervals						UP	
1978.7584	0.0543999999999869	RippleTimeIntervals					1978.7824		
1978.9696	0.03760000000011132	RippleTimeIntervals					1978.98		
1979.148	0.03280000000017935	RippleTimeIntervals					1979.1664		
1979.2352	0.42480000000000473	UpDownStatesTimeIntervals						DOWN	
1979.66	0.2967999999998483	UpDownStatesTimeIntervals						UP	
1979.692	0.04800000000000182	RippleTimeIntervals					1979.72		
1980.1904	0.06799999999998363	RippleTimeIntervals					1980.2312		
1980.4128	0.1431999999999789	UpDownStatesTimeIntervals						UP	
1981.152	0.09359999999992397	UpDownStatesTimeIntervals						DOWN	
1981.3792	0.12639999999987594	UpDownStatesTimeIntervals						UP	
1983.328	0.12959999999998217	UpDownStatesTimeIntervals						UP	
1983.8984	0.14159999999992579	UpDownStatesTimeIntervals						UP	
1984.9008	0.13200000000006185	UpDownStatesTimeIntervals						DOWN	
1985.0328	0.1408000000001266	UpDownStatesTimeIntervals						UP	
1985.3136	0.03840000000013788	RippleTimeIntervals					1985.3352		
1987.2504	0.34720000000015716	UpDownStatesTimeIntervals						UP	
1988.0096	0.04239999999981592	RippleTimeIntervals					1988.0112		
1988.4528	0.051199999999880674	RippleTimeIntervals					1988.4784		
1990.6024	0.14560000000005857	UpDownStatesTimeIntervals						UP	
1990.644	0.0624000000000251	RippleTimeIntervals					1990.6776		
1991.8168	0.1471999999998843	UpDownStatesTimeIntervals						UP	
1991.876	0.04320000000006985	RippleTimeIntervals					1991.8872		
1994.4864	0.2624000000000706	UpDownStatesTimeIntervals						UP	
1994.976	0.45839999999998327	UpDownStatesTimeIntervals						DOWN	
1998.5864	0.1528000000000702	UpDownStatesTimeIntervals						UP	
1998.6616	0.040000000000190994	RippleTimeIntervals					1998.6776		
1999.1424	0.13760000000002037	UpDownStatesTimeIntervals						UP	
1999.1912	0.06400000000007822	RippleTimeIntervals					1999.1968		
1999.3312	0.20879999999988286	UpDownStatesTimeIntervals						DOWN	
2000.1872	0.20719999999982974	UpDownStatesTimeIntervals						UP	
2001.2296	0.16240000000016153	UpDownStatesTimeIntervals						UP	
2002.2528	0.22000000000002728	UpDownStatesTimeIntervals						UP	
2002.8872	0.3144000000002052	UpDownStatesTimeIntervals						UP	
2005.6136	0.278400000000147	UpDownStatesTimeIntervals						UP	
2005.6608	0.05039999999985412	RippleTimeIntervals					2005.6784		
2005.8168	0.05039999999985412	RippleTimeIntervals					2005.8224		
2006.0256	0.20880000000011023	UpDownStatesTimeIntervals						DOWN	
2006.5064	0.13360000000011496	UpDownStatesTimeIntervals						UP	
2006.5448	0.07120000000008986	RippleTimeIntervals					2006.5688		
2007.3376	0.11279999999987922	UpDownStatesTimeIntervals						UP	
2007.9176	0.10560000000009495	UpDownStatesTimeIntervals						UP	
2007.972	0.04719999999997526	RippleTimeIntervals					2007.9792		
2008.2064	0.16560000000004038	UpDownStatesTimeIntervals						DOWN	
2008.372	0.1191999999998643	UpDownStatesTimeIntervals						UP	
2009.4048	0.14480000000003201	UpDownStatesTimeIntervals						UP	
2009.4656	0.056800000000066575	RippleTimeIntervals					2009.4936		
2010.2568	0.07679999999982101	RippleTimeIntervals					2010.3056		
2011.0	7.0	SleepStates							WAKEstate
2019.0	35.0	SleepStates							NREMstate
2019.5776	0.22879999999986467	UpDownStatesTimeIntervals						UP	
2019.992	0.20880000000011023	UpDownStatesTimeIntervals						UP	
2020.0256	0.044800000000122964	RippleTimeIntervals					2020.044		
2020.2272	0.30559999999991305	UpDownStatesTimeIntervals						DOWN	
2020.6584	0.1351999999999407	UpDownStatesTimeIntervals						UP	
2021.9144	0.06160000000022592	RippleTimeIntervals					2021.94		
2023.1928	0.05759999999986576	RippleTimeIntervals					2023.2112		
2023.7944	0.18080000000009022	UpDownStatesTimeIntervals						UP	
2023.86	0.07120000000008986	RippleTimeIntervals					2023.904		
2024.628	0.10640000000012151	UpDownStatesTimeIntervals						DOWN	
2024.7344	0.35839999999984684	UpDownStatesTimeIntervals						UP	
2024.784	0.04800000000000182	RippleTimeIntervals					2024.8016		
2027.6552	0.37360000000012406	UpDownStatesTimeIntervals						UP	
2027.6952	0.04719999999997526	RippleTimeIntervals					2027.7136		
2028.4216	0.1512000000000171	UpDownStatesTimeIntervals						UP	
2030.976	0.06319999999982429	RippleTimeIntervals					2031.0248		
2033.7192	0.15439999999989595	UpDownStatesTimeIntervals						UP	
2034.4312	0.17200000000002547	UpDownStatesTimeIntervals						UP	
2034.4856	0.03919999999993706	RippleTimeIntervals					2034.508		
2034.6432	0.09439999999995052	UpDownStatesTimeIntervals						DOWN	
2034.944	0.2400000000000091	UpDownStatesTimeIntervals						UP	
2034.996	0.048799999999801	RippleTimeIntervals					2035.0104		
2037.788	0.26559999999994943	UpDownStatesTimeIntervals						UP	
2038.1712	0.4408000000000811	UpDownStatesTimeIntervals						DOWN	
2038.612	0.2503999999998996	UpDownStatesTimeIntervals						UP	
2038.6512	0.06559999999990396	RippleTimeIntervals					2038.6776		
2039.3344	0.4095999999999549	UpDownStatesTimeIntervals						UP	
2039.7992	0.19440000000008695	UpDownStatesTimeIntervals						DOWN	
2042.0832	0.0543999999999869	RippleTimeIntervals					2042.1096		
2042.2072	0.12639999999987594	UpDownStatesTimeIntervals						UP	
2042.2656	0.04320000000006985	RippleTimeIntervals					2042.272		
2042.5888	0.04800000000000182	RippleTimeIntervals					2042.612		
2042.6544	0.18160000000011678	UpDownStatesTimeIntervals						UP	
2049.3816	0.04399999999986903	RippleTimeIntervals					2049.3904		
2049.5808	0.05359999999973297	RippleTimeIntervals					2049.6016		
2050.0448	0.04719999999997526	RippleTimeIntervals					2050.068		
2055.0	13.0	SleepStates							WAKEstate
2056.1568	0.05279999999993379	RippleTimeIntervals					2056.1752		
2056.5888	0.051199999999880674	RippleTimeIntervals					2056.6024		
2067.5464	0.0543999999999869	RippleTimeIntervals					2067.592		
2067.9384	0.04239999999981592	RippleTimeIntervals					2067.9632		
2069.0	35.0	SleepStates							NREMstate
2069.9232	0.1479999999996835	UpDownStatesTimeIntervals						UP	
2071.1944	0.14159999999992579	UpDownStatesTimeIntervals						UP	
2073.896	0.06239999999979773	RippleTimeIntervals					2073.9016		
2074.34	0.11439999999993233	UpDownStatesTimeIntervals						UP	
2075.2776	0.1408000000001266	UpDownStatesTimeIntervals						UP	
2076.4056	0.1408000000001266	UpDownStatesTimeIntervals						UP	
2076.4504	0.061599999999998545	RippleTimeIntervals					2076.4896		
2077.216	0.044800000000122964	RippleTimeIntervals					2077.2352		
2077.4392	0.04960000000028231	RippleTimeIntervals					2077.46		
2078.2488	0.1368000000002212	UpDownStatesTimeIntervals						UP	
2078.304	0.05600000000004002	RippleTimeIntervals					2078.3176		
2078.708	0.10719999999992069	UpDownStatesTimeIntervals						DOWN	
2078.8336	0.04960000000028231	RippleTimeIntervals					2078.8552		
2078.9416	0.1431999999999789	UpDownStatesTimeIntervals						UP	
2078.9992	0.040799999999762804	RippleTimeIntervals					2079.0232		
2079.728	0.31520000000000437	UpDownStatesTimeIntervals						UP	
2080.2144	0.16000000000030923	UpDownStatesTimeIntervals						DOWN	
2080.7632	0.1392000000000735	UpDownStatesTimeIntervals						UP	
2081.328	0.11040000000002692	UpDownStatesTimeIntervals						DOWN	
2081.4384	0.1768000000001848	UpDownStatesTimeIntervals						UP	
2082.3592	0.2816000000002532	UpDownStatesTimeIntervals						UP	
2084.4832	0.21920000000000073	UpDownStatesTimeIntervals						UP	
2084.5144	0.04559999999992215	RippleTimeIntervals					2084.5264		
2084.9664	0.04000000000041837	RippleTimeIntervals					2084.9792		
2085.2248	0.08399999999983265	UpDownStatesTimeIntervals						UP	
2085.6632	0.1815999999998894	UpDownStatesTimeIntervals						UP	
2085.704	0.05359999999973297	RippleTimeIntervals					2085.7192		
2086.18	0.10640000000012151	UpDownStatesTimeIntervals						UP	
2086.556	0.3287999999997737	UpDownStatesTimeIntervals						DOWN	
2087.248	0.12800000000015643	UpDownStatesTimeIntervals						UP	
2087.3008	0.03999999999996362	RippleTimeIntervals					2087.308		
2087.5456	0.12080000000014479	UpDownStatesTimeIntervals						DOWN	
2087.8024	0.14240000000017972	UpDownStatesTimeIntervals						UP	
2088.9248	0.3423999999999978	UpDownStatesTimeIntervals						UP	
2088.9944	0.023999999999887223	RippleTimeIntervals					2089.0056		
2090.3592	0.3304000000002816	UpDownStatesTimeIntervals						UP	
2090.5208	0.03440000000000509	RippleTimeIntervals					2090.5328		
2090.9504	0.08079999999972642	UpDownStatesTimeIntervals						DOWN	
2091.0312	0.21520000000009532	UpDownStatesTimeIntervals						UP	
2094.0736	0.061599999999998545	RippleTimeIntervals					2094.0904		
2095.4784	0.0543999999999869	RippleTimeIntervals					2095.5248		
2096.2552	0.03760000000011132	RippleTimeIntervals					2096.2744		
2096.3872	0.05600000000004002	RippleTimeIntervals					2096.4		
2096.684	0.15760000000000218	UpDownStatesTimeIntervals						UP	
2096.7384	0.07919999999967331	RippleTimeIntervals					2096.7896		
2097.3848	0.245600000000195	UpDownStatesTimeIntervals						UP	
2097.4072	0.03760000000011132	RippleTimeIntervals					2097.4168		
2097.8592	0.04320000000006985	RippleTimeIntervals					2097.8792		
2098.212	0.13760000000002037	UpDownStatesTimeIntervals						UP	
2098.9136	0.14400000000023283	UpDownStatesTimeIntervals						DOWN	
2099.0576	0.15599999999994907	UpDownStatesTimeIntervals						UP	
2099.7536	0.16240000000016153	UpDownStatesTimeIntervals						UP	
2099.8432	0.03920000000016444	RippleTimeIntervals					2099.856		
2102.0592	0.3007999999999811	UpDownStatesTimeIntervals						UP	
2105.0	728.0	SleepStates							WAKEstate
2142.2608	0.10959999999977299	RippleTimeIntervals					2142.348		
2142.7424	0.1087999999999738	RippleTimeIntervals					2142.8256		
2152.1576	0.04719999999997526	RippleTimeIntervals					2152.1656		
2152.9952	0.03440000000000509	RippleTimeIntervals					2153.0232		
2154.1832	0.11120000000028085	RippleTimeIntervals					2154.2576		
2163.4896	0.04320000000006985	RippleTimeIntervals					2163.5016		
2168.5456	0.07439999999996871	RippleTimeIntervals					2168.5952		
2178.5544	0.03519999999980428	RippleTimeIntervals					2178.5608		
2188.0112	0.04080000000021755	RippleTimeIntervals					2188.016		
2189.1384	0.05920000000014625	RippleTimeIntervals					2189.184		
2191.476	0.051199999999880674	RippleTimeIntervals					2191.508		
2193.0616	0.10320000000001528	RippleTimeIntervals					2193.1528		
2194.4072	0.10159999999996217	RippleTimeIntervals					2194.4696		
2197.46	0.052000000000134605	RippleTimeIntervals					2197.4928		
2208.8272	0.05279999999993379	RippleTimeIntervals					2208.8472		
2216.62	0.05040000000008149	RippleTimeIntervals					2216.6632		
2225.1984	0.06559999999990396	RippleTimeIntervals					2225.2536		
2232.9936	0.07280000000037035	RippleTimeIntervals					2233.0504		
2236.1864	0.041600000000016735	RippleTimeIntervals					2236.2112		
2240.6312	0.03600000000005821	RippleTimeIntervals					2240.6368		
2245.5144	0.04239999999981592	RippleTimeIntervals					2245.524		
2245.656	0.04399999999986903	RippleTimeIntervals					2245.6648		
2247.8896	0.0567999999998392	RippleTimeIntervals					2247.936		
2248.4928	0.05040000000008149	RippleTimeIntervals					2248.508		
2250.5416	0.07679999999982101	RippleTimeIntervals					2250.5776		
2255.9192	0.05040000000008149	RippleTimeIntervals					2255.9344		
2262.5032	0.05199999999967986	RippleTimeIntervals					2262.5416		
2267.0552	0.052000000000134605	RippleTimeIntervals					2267.092		
2267.9408	0.044800000000122964	RippleTimeIntervals					2267.9472		
2273.3776	0.045600000000376895	RippleTimeIntervals					2273.3904		
2281.3368	0.04640000000017608	RippleTimeIntervals					2281.3632		
2281.6232	0.04719999999997526	RippleTimeIntervals					2281.6368		
2285.6528	0.07120000000031723	RippleTimeIntervals					2285.7152		
2288.1448	0.047999999999774445	RippleTimeIntervals					2288.1488		
2290.9712	0.10080000000016298	RippleTimeIntervals					2290.9848		
2294.9264	0.05760000000009313	RippleTimeIntervals					2294.9648		
2305.096	0.044800000000122964	RippleTimeIntervals					2305.1144		
2309.4128	0.04399999999986903	RippleTimeIntervals					2309.448		
2314.228	0.06640000000015789	RippleTimeIntervals					2314.2696		
2324.1744	0.03680000000031214	RippleTimeIntervals					2324.2064		
2324.3712	0.0567999999998392	RippleTimeIntervals					2324.3832		
2326.4624	0.04640000000017608	RippleTimeIntervals					2326.4848		
2326.832	0.04080000000021755	RippleTimeIntervals					2326.8496		
2327.1968	0.058399999999892316	RippleTimeIntervals					2327.2248		
2327.768	0.05600000000004002	RippleTimeIntervals					2327.7984		
2330.8424	0.0543999999999869	RippleTimeIntervals					2330.8536		
2331.0536	0.0591999999996915	RippleTimeIntervals					2331.0776		
2344.5824	0.04720000000043001	RippleTimeIntervals					2344.6104		
2344.8544	0.07359999999971478	RippleTimeIntervals					2344.8976		
2351.6632	0.0567999999998392	RippleTimeIntervals					2351.6728		
2355.2112	0.09039999999959036	RippleTimeIntervals					2355.2872		
2361.1528	0.05120000000033542	RippleTimeIntervals					2361.1872		
2369.0488	0.048800000000028376	RippleTimeIntervals					2369.068		
2371.1568	0.044799999999668216	RippleTimeIntervals					2371.18		
2372.8232	0.08000000000038199	RippleTimeIntervals					2372.8512		
2375.1536	0.06239999999979773	RippleTimeIntervals					2375.1992		
2380.1208	0.05199999999967986	RippleTimeIntervals					2380.1512		
2391.7376	0.05279999999993379	RippleTimeIntervals					2391.7456		
2393.6696	0.07919999999967331	RippleTimeIntervals					2393.6952		
2399.1424	0.10320000000001528	RippleTimeIntervals					2399.2064		
2404.2784	0.058399999999892316	RippleTimeIntervals					2404.3016		
2404.424	0.04320000000006985	RippleTimeIntervals					2404.432		
2419.8048	0.058399999999892316	RippleTimeIntervals					2419.8184		
2433.3912	0.06399999999985084	RippleTimeIntervals					2433.4432		
2455.8536	0.04960000000028231	RippleTimeIntervals					2455.8872		
2456.7024	0.04639999999972133	RippleTimeIntervals					2456.7184		
2459.9336	0.05040000000008149	RippleTimeIntervals					2459.9608		
2475.1688	0.07360000000016953	RippleTimeIntervals					2475.2056		
2484.9384	0.08320000000003347	RippleTimeIntervals					2484.948		
2499.9952	0.05040000000008149	RippleTimeIntervals					2500.0104		
2505.6496	0.05599999999958527	RippleTimeIntervals					2505.6784		
2509.0344	0.03679999999985739	RippleTimeIntervals					2509.0376		
2526.3368	0.05040000000008149	RippleTimeIntervals					2526.3608		
2536.4008	0.06400000000030559	RippleTimeIntervals					2536.4224		
2536.6136	0.04239999999981592	RippleTimeIntervals					2536.6256		
2546.6336	0.0567999999998392	RippleTimeIntervals					2546.6592		
2547.4776	0.05600000000004002	RippleTimeIntervals					2547.4976		
2554.8384	0.07920000000012806	RippleTimeIntervals					2554.8488		
2564.456	0.047999999999774445	RippleTimeIntervals					2564.46		
2569.1968	0.05519999999978609	RippleTimeIntervals					2569.2144		
2571.1152	0.06399999999985084	RippleTimeIntervals					2571.1528		
2572.3624	0.05999999999994543	RippleTimeIntervals					2572.3928		
2587.408	0.03440000000000509	RippleTimeIntervals					2587.4312		
2591.8304	0.05920000000014625	RippleTimeIntervals					2591.8552		
2593.3584	0.05040000000008149	RippleTimeIntervals					2593.3872		
2615.2264	0.06640000000015789	RippleTimeIntervals					2615.2312		
2642.064	0.029600000000300497	RippleTimeIntervals					2642.0656		
2667.6008	0.04239999999981592	RippleTimeIntervals					2667.6216		
2673.3608	0.022400000000288856	RippleTimeIntervals					2673.3616		
2716.2656	0.07119999999986248	RippleTimeIntervals					2716.3072		
2724.252	0.03920000000016444	RippleTimeIntervals					2724.2792		
2745.3784	0.06480000000010477	RippleTimeIntervals					2745.3984		
2748.1664	0.1248000000000502	RippleTimeIntervals					2748.1768		
2754.7296	0.025599999999940337	RippleTimeIntervals					2754.7504		
2772.8728	0.06399999999985084	RippleTimeIntervals					2772.9184		
2774.3728	0.04239999999981592	RippleTimeIntervals					2774.4008		
2783.568	0.04879999999957363	RippleTimeIntervals					2783.6096		
2790.4856	0.048800000000028376	RippleTimeIntervals					2790.532		
2791.8576	0.068000000000211	RippleTimeIntervals					2791.8896		
2795.296	0.0543999999999869	RippleTimeIntervals					2795.316		
2798.4776	0.05999999999994543	RippleTimeIntervals					2798.504		
2800.4736	0.05120000000033542	RippleTimeIntervals					2800.5048		
2802.8024	0.0543999999999869	RippleTimeIntervals					2802.8424		
2813.2248	0.04640000000017608	RippleTimeIntervals					2813.2504		
2817.5224	0.06480000000010477	RippleTimeIntervals					2817.548		
2819.1368	0.04719999999997526	RippleTimeIntervals					2819.1792		
2819.384	0.05040000000008149	RippleTimeIntervals					2819.3944		
2821.8136	0.03760000000011132	RippleTimeIntervals					2821.8272		
2826.212	0.05999999999994543	RippleTimeIntervals					2826.2504		
2829.6496	0.03919999999970969	RippleTimeIntervals					2829.6672		
2833.1688	0.05279999999993379	RippleTimeIntervals					2833.1864		
2833.6792	0.09839999999985594	UpDownStatesTimeIntervals						UP	
2834.0	16.0	SleepStates							NREMstate
2834.564	0.21280000000024302	UpDownStatesTimeIntervals						DOWN	
2834.7768	0.1639999999997599	UpDownStatesTimeIntervals						UP	
2835.0744	0.06959999999980937	UpDownStatesTimeIntervals						DOWN	
2837.0248	0.04559999999992215	RippleTimeIntervals					2837.0312		
2837.5768	0.05840000000034706	RippleTimeIntervals					2837.6056		
2840.6776	0.12879999999995562	UpDownStatesTimeIntervals						UP	
2840.8688	0.047999999999774445	RippleTimeIntervals					2840.872		
2841.4936	0.0543999999999869	UpDownStatesTimeIntervals						DOWN	
2841.548	0.14960000000019136	UpDownStatesTimeIntervals						UP	
2841.9928	0.35039999999980864	UpDownStatesTimeIntervals						UP	
2842.4144	0.2480000000000473	UpDownStatesTimeIntervals						DOWN	
2842.6624	0.4128000000000611	UpDownStatesTimeIntervals						UP	
2843.3856	0.08959999999979118	UpDownStatesTimeIntervals						DOWN	
2843.4752	0.16240000000016153	UpDownStatesTimeIntervals						UP	
2847.3616	0.05999999999994543	RippleTimeIntervals					2847.3784		
2847.532	0.03600000000005821	RippleTimeIntervals					2847.5392		
2847.736	0.05120000000033542	RippleTimeIntervals					2847.7568		
2849.8424	0.041600000000016735	RippleTimeIntervals					2849.8656		
2851.0	30.0	SleepStates							WAKEstate
2853.7448	0.04559999999992215	RippleTimeIntervals					2853.7728		
2857.0464	0.05359999999973297	RippleTimeIntervals					2857.0992		
2860.464	0.058399999999892316	RippleTimeIntervals					2860.488		
2860.64	0.052000000000134605	RippleTimeIntervals					2860.6656		
2863.2304	0.03999999999996362	RippleTimeIntervals					2863.2328		
2870.3176	0.03999999999996362	RippleTimeIntervals					2870.348		
2873.4712	0.05999999999994543	RippleTimeIntervals					2873.484		
2882.0	9.0	SleepStates							NREMstate
2882.8112	0.0543999999999869	UpDownStatesTimeIntervals						DOWN	
2883.3768	0.2807999999999993	UpDownStatesTimeIntervals						UP	
2884.476	0.1592000000000553	UpDownStatesTimeIntervals						UP	
2885.096	0.09200000000009823	UpDownStatesTimeIntervals						UP	
2885.28	0.13439999999991414	UpDownStatesTimeIntervals						DOWN	
2885.7392	0.05360000000018772	RippleTimeIntervals					2885.7696		
2885.8312	0.14640000000008513	UpDownStatesTimeIntervals						UP	
2885.8952	0.051199999999880674	RippleTimeIntervals					2885.908		
2886.5256	0.22479999999995925	UpDownStatesTimeIntervals						UP	
2887.2104	0.14480000000003201	UpDownStatesTimeIntervals						UP	
2887.2616	0.04640000000017608	RippleTimeIntervals					2887.2904		
2888.192	0.07999999999992724	RippleTimeIntervals					2888.248		
2888.644	0.14400000000023283	UpDownStatesTimeIntervals						UP	
2888.6848	0.052000000000134605	RippleTimeIntervals					2888.7136		
2889.3344	0.1631999999999607	UpDownStatesTimeIntervals						DOWN	
2889.4976	0.15039999999999054	UpDownStatesTimeIntervals						UP	
2892.0	7.0	SleepStates							WAKEstate
2900.0	27.0	SleepStates							NREMstate
2900.164	0.14639999999963038	UpDownStatesTimeIntervals						UP	
2900.1952	0.06719999999995707	RippleTimeIntervals					2900.2216		
2900.6376	0.06719999999995707	RippleTimeIntervals					2900.6824		
2900.7464	0.02959999999984575	UpDownStatesTimeIntervals						DOWN	
2900.776	0.11760000000003856	UpDownStatesTimeIntervals						UP	
2900.8088	0.04640000000017608	RippleTimeIntervals					2900.8184		
2901.028	0.06080000000019936	RippleTimeIntervals					2901.0648		
2901.5592	0.15279999999984284	UpDownStatesTimeIntervals						UP	
2902.208	0.1959999999999127	UpDownStatesTimeIntervals						UP	
2902.8224	0.1615999999999076	UpDownStatesTimeIntervals						UP	
2903.8504	0.061599999999998545	RippleTimeIntervals					2903.8696		
2903.9472	0.10559999999986758	UpDownStatesTimeIntervals						DOWN	
2904.0528	0.10960000000022774	UpDownStatesTimeIntervals						UP	
2904.096	0.03600000000005821	RippleTimeIntervals					2904.1112		
2904.6568	0.17519999999967695	UpDownStatesTimeIntervals						DOWN	
2905.1472	0.1384000000002743	UpDownStatesTimeIntervals						UP	
2905.2152	0.03600000000005821	RippleTimeIntervals					2905.2216		
2905.6424	0.3047999999998865	UpDownStatesTimeIntervals						UP	
2906.0576	0.09679999999980282	UpDownStatesTimeIntervals						DOWN	
2906.632	0.13119999999980791	UpDownStatesTimeIntervals						DOWN	
2906.9408	0.29520000000002256	UpDownStatesTimeIntervals						UP	
2907.3712	0.22240000000010696	UpDownStatesTimeIntervals						DOWN	
2907.5936	0.13119999999980791	UpDownStatesTimeIntervals						UP	
2908.7192	0.08719999999993888	UpDownStatesTimeIntervals						DOWN	
2908.8064	0.1952000000001135	UpDownStatesTimeIntervals						UP	
2912.3896	0.23759999999992942	UpDownStatesTimeIntervals						UP	
2913.0936	0.2703999999998814	UpDownStatesTimeIntervals						UP	
2913.2768	0.04399999999986903	RippleTimeIntervals					2913.2864		
2914.0784	0.14400000000023283	UpDownStatesTimeIntervals						DOWN	
2914.2224	0.44399999999996	UpDownStatesTimeIntervals						UP	
2914.244	0.06479999999965003	RippleTimeIntervals					2914.2656		
2914.9008	0.04640000000017608	RippleTimeIntervals					2914.92		
2915.1024	0.04879999999957363	RippleTimeIntervals					2915.1344		
2915.7288	0.14960000000019136	UpDownStatesTimeIntervals						UP	
2916.3752	0.09600000000000364	UpDownStatesTimeIntervals						DOWN	
2916.5192	0.07359999999971478	RippleTimeIntervals					2916.5528		
2916.8144	0.1255999999998494	UpDownStatesTimeIntervals						UP	
2916.8488	0.09039999999959036	RippleTimeIntervals					2916.9064		
2917.3192	0.14400000000023283	UpDownStatesTimeIntervals						UP	
2919.2584	0.12879999999995562	UpDownStatesTimeIntervals						UP	
2919.8352	0.40160000000014406	UpDownStatesTimeIntervals						UP	
2920.3504	0.11760000000003856	UpDownStatesTimeIntervals						DOWN	
2920.6072	0.34720000000015716	UpDownStatesTimeIntervals						UP	
2921.0632	0.33039999999982683	UpDownStatesTimeIntervals						DOWN	
2921.76	0.11919999999963693	UpDownStatesTimeIntervals						UP	
2922.0856	0.038399999999910506	RippleTimeIntervals					2922.1016		
2922.212	0.11360000000013315	UpDownStatesTimeIntervals						DOWN	
2922.3256	0.12799999999970169	UpDownStatesTimeIntervals						UP	
2922.3648	0.07120000000031723	RippleTimeIntervals					2922.3904		
2922.9032	0.1815999999998894	UpDownStatesTimeIntervals						DOWN	
2923.0848	0.17599999999993088	UpDownStatesTimeIntervals						UP	
2923.7616	0.2984000000001288	UpDownStatesTimeIntervals						UP	
2923.8104	0.0543999999999869	RippleTimeIntervals					2923.828		
2924.212	0.2600000000002183	UpDownStatesTimeIntervals						DOWN	
2924.604	0.14640000000008513	UpDownStatesTimeIntervals						UP	
2924.6264	0.08399999999983265	RippleTimeIntervals					2924.6704		
2925.5456	0.13200000000006185	UpDownStatesTimeIntervals						UP	
2926.1712	0.49759999999969295	UpDownStatesTimeIntervals						DOWN	
2926.856	0.13279999999986103	UpDownStatesTimeIntervals						UP	
2928.0	60.0	SleepStates							WAKEstate
2943.3528	0.06799999999975626	RippleTimeIntervals					2943.3704		
2943.616	0.04959999999982756	RippleTimeIntervals					2943.6392		
2944.0072	0.04239999999981592	RippleTimeIntervals					2944.016		
2946.4944	0.06959999999980937	RippleTimeIntervals					2946.4992		
2949.7264	0.040799999999762804	RippleTimeIntervals					2949.7312		
2952.0472	0.04399999999986903	RippleTimeIntervals					2952.0608		
2979.0504	0.03679999999985739	RippleTimeIntervals					2979.0528		
2980.408	0.06880000000001019	RippleTimeIntervals					2980.4464		
2981.6448	0.03679999999985739	RippleTimeIntervals					2981.648		
2988.8	0.06959999999980937	RippleTimeIntervals					2988.8352		
2989.0	25.0	SleepStates							NREMstate
2989.7088	0.2272000000002663	UpDownStatesTimeIntervals						UP	
2990.4744	0.10320000000001528	UpDownStatesTimeIntervals						DOWN	
2991.008	0.14720000000033906	UpDownStatesTimeIntervals						UP	
2991.0768	0.04320000000006985	RippleTimeIntervals					2991.0912		
2991.552	0.08399999999983265	UpDownStatesTimeIntervals						UP	
2992.0488	0.21920000000000073	UpDownStatesTimeIntervals						UP	
2992.6016	0.14159999999992579	UpDownStatesTimeIntervals						UP	
2994.7136	0.07360000000016953	RippleTimeIntervals					2994.7408		
2994.8296	0.04640000000017608	UpDownStatesTimeIntervals						DOWN	
2994.876	0.1335999999996602	UpDownStatesTimeIntervals						UP	
2994.9352	0.05040000000008149	RippleTimeIntervals					2994.9448		
2995.9936	0.14480000000003201	UpDownStatesTimeIntervals						UP	
2996.556	0.11679999999978463	UpDownStatesTimeIntervals						UP	
2996.7512	0.2159999999998945	UpDownStatesTimeIntervals						DOWN	
2996.9672	0.3647999999998319	UpDownStatesTimeIntervals						UP	
2997.8832	0.266399999999976	UpDownStatesTimeIntervals						UP	
2998.572	0.22319999999990614	UpDownStatesTimeIntervals						UP	
2998.8256	0.378400000000056	UpDownStatesTimeIntervals						DOWN	
2999.204	0.1295999999997548	UpDownStatesTimeIntervals						UP	
3000.1032	0.25520000000005894	UpDownStatesTimeIntervals						UP	
3000.172	0.03760000000011132	RippleTimeIntervals					3000.1896		
3000.6688	0.2175999999999476	UpDownStatesTimeIntervals						UP	
3001.3312	0.29120000000011714	UpDownStatesTimeIntervals						UP	
3001.9768	0.22560000000021319	UpDownStatesTimeIntervals						UP	
3002.552	0.09519999999974971	UpDownStatesTimeIntervals						DOWN	
3003.1128	0.16560000000026776	UpDownStatesTimeIntervals						UP	
3003.896	0.15999999999985448	UpDownStatesTimeIntervals						UP	
3003.9384	0.058399999999892316	RippleTimeIntervals					3003.972		
3004.4032	0.10799999999971988	UpDownStatesTimeIntervals						UP	
3005.12	0.2519999999999527	UpDownStatesTimeIntervals						UP	
3005.1608	0.07359999999971478	RippleTimeIntervals					3005.1976		
3005.5544	0.02959999999984575	UpDownStatesTimeIntervals						DOWN	
3005.584	0.11120000000028085	UpDownStatesTimeIntervals						UP	
3006.1208	0.13040000000000873	UpDownStatesTimeIntervals						UP	
3006.812	0.16000000000030923	UpDownStatesTimeIntervals						UP	
3007.2208	0.17119999999977153	UpDownStatesTimeIntervals						DOWN	
3007.852	0.21920000000000073	UpDownStatesTimeIntervals						UP	
3008.9096	0.17840000000023792	UpDownStatesTimeIntervals						UP	
3009.6664	0.1392000000000735	UpDownStatesTimeIntervals						UP	
3009.708	0.06799999999975626	RippleTimeIntervals					3009.7384		
3009.848	0.17039999999997235	UpDownStatesTimeIntervals						DOWN	
3010.068	0.044799999999668216	RippleTimeIntervals					3010.0936		
3010.452	0.20879999999988286	UpDownStatesTimeIntervals						UP	
3012.304	0.14159999999992579	UpDownStatesTimeIntervals						UP	
3013.076	0.15039999999999054	UpDownStatesTimeIntervals						UP	
3014.0296	0.1408000000001266	UpDownStatesTimeIntervals						UP	
3015.0	9.0	SleepStates							WAKEstate
3021.712	0.04800000000022919	RippleTimeIntervals					3021.744		
3024.8656	0.14159999999992579	UpDownStatesTimeIntervals						UP	
3025.0	71.0	SleepStates							NREMstate
3025.9832	0.23759999999992942	UpDownStatesTimeIntervals						UP	
3026.0376	0.04399999999986903	RippleTimeIntervals					3026.052		
3026.9464	0.14480000000003201	UpDownStatesTimeIntervals						UP	
3027.1376	0.27520000000004075	UpDownStatesTimeIntervals						DOWN	
3027.5568	0.13040000000000873	UpDownStatesTimeIntervals						UP	
3028.6376	0.13520000000016807	UpDownStatesTimeIntervals						UP	
3028.6824	0.05999999999994543	RippleTimeIntervals					3028.712		
3028.8712	0.04640000000017608	RippleTimeIntervals					3028.8784		
3029.3936	0.14879999999993743	UpDownStatesTimeIntervals						UP	
3029.4592	0.04800000000022919	RippleTimeIntervals					3029.476		
3029.6752	0.044799999999668216	RippleTimeIntervals					3029.6888		
3029.8016	0.05040000000008149	RippleTimeIntervals					3029.812		
3029.9616	0.20159999999987122	UpDownStatesTimeIntervals						DOWN	
3030.1632	0.11999999999989086	UpDownStatesTimeIntervals						UP	
3030.2032	0.03760000000011132	RippleTimeIntervals					3030.22		
3031.02	0.27599999999983993	UpDownStatesTimeIntervals						UP	
3031.0424	0.08080000000018117	RippleTimeIntervals					3031.0848		
3031.244	0.03519999999980428	RippleTimeIntervals					3031.2488		
3031.3144	0.5735999999997148	UpDownStatesTimeIntervals						DOWN	
3032.7136	0.13040000000000873	UpDownStatesTimeIntervals						UP	
3033.42	0.03600000000005821	UpDownStatesTimeIntervals						DOWN	
3033.456	0.14879999999993743	UpDownStatesTimeIntervals						UP	
3033.492	0.07839999999987413	RippleTimeIntervals					3033.5432		
3034.0368	0.1087999999999738	UpDownStatesTimeIntervals						DOWN	
3035.2008	0.12319999999999709	UpDownStatesTimeIntervals						UP	
3035.6032	0.0704000000000633	UpDownStatesTimeIntervals						DOWN	
3035.9944	0.411200000000008	UpDownStatesTimeIntervals						UP	
3036.6592	0.38239999999996144	UpDownStatesTimeIntervals						UP	
3037.1384	0.2272000000002663	UpDownStatesTimeIntervals						DOWN	
3037.4992	0.16079999999965366	UpDownStatesTimeIntervals						UP	
3037.5528	0.058399999999892316	RippleTimeIntervals					3037.5696		
3038.1496	0.1431999999999789	UpDownStatesTimeIntervals						UP	
3038.7984	0.16640000000006694	UpDownStatesTimeIntervals						DOWN	
3038.9648	0.18319999999994252	UpDownStatesTimeIntervals						UP	
3042.4496	0.05600000000004002	RippleTimeIntervals					3042.4672		
3042.5872	0.1224000000001979	UpDownStatesTimeIntervals						UP	
3042.6408	0.05519999999978609	RippleTimeIntervals					3042.652		
3042.8376	0.03840000000036525	RippleTimeIntervals					3042.8504		
3043.2792	0.17599999999993088	UpDownStatesTimeIntervals						UP	
3043.5624	0.5928000000003522	UpDownStatesTimeIntervals						DOWN	
3044.1552	0.13999999999987267	UpDownStatesTimeIntervals						UP	
3044.7512	0.17200000000002547	UpDownStatesTimeIntervals						DOWN	
3044.9232	0.13439999999991414	UpDownStatesTimeIntervals						UP	
3045.7048	0.05040000000008149	RippleTimeIntervals					3045.728		
3045.8904	0.04879999999957363	RippleTimeIntervals					3045.92		
3046.0416	0.06239999999979773	RippleTimeIntervals					3046.0552		
3047.4808	0.2792000000004009	UpDownStatesTimeIntervals						UP	
3047.5664	0.023999999999887223	RippleTimeIntervals					3047.5712		
3049.1976	0.13599999999996726	UpDownStatesTimeIntervals						UP	
3049.248	0.05279999999993379	RippleTimeIntervals					3049.276		
3049.6992	0.1639999999997599	UpDownStatesTimeIntervals						UP	
3049.7816	0.055200000000240834	RippleTimeIntervals					3049.7912		
3049.9944	0.060799999999744614	RippleTimeIntervals					3050.0224		
3050.236	0.06719999999995707	RippleTimeIntervals					3050.2736		
3050.5016	0.03279999999995198	UpDownStatesTimeIntervals						DOWN	
3050.5344	0.12960000000020955	UpDownStatesTimeIntervals						UP	
3050.5752	0.0431999999996151	RippleTimeIntervals					3050.5944		
3050.9392	0.04719999999997526	RippleTimeIntervals					3050.9552		
3051.2088	0.07600000000002183	UpDownStatesTimeIntervals						UP	
3051.2264	0.04719999999997526	RippleTimeIntervals					3051.2576		
3051.6376	0.1431999999999789	UpDownStatesTimeIntervals						UP	
3056.0904	0.2656000000001768	UpDownStatesTimeIntervals						UP	
3056.2688	0.03600000000005821	RippleTimeIntervals					3056.2888		
3056.7768	0.0911999999998443	UpDownStatesTimeIntervals						UP	
3056.9264	0.2472000000002481	UpDownStatesTimeIntervals						DOWN	
3057.1736	0.3063999999999396	UpDownStatesTimeIntervals						UP	
3058.4912	0.07600000000002183	RippleTimeIntervals					3058.5416		
3058.7472	0.06960000000026412	RippleTimeIntervals					3058.7656		
3063.324	0.1111999999998261	RippleTimeIntervals					3063.3616		
3064.1128	0.22080000000005384	UpDownStatesTimeIntervals						UP	
3064.744	0.15839999999980137	UpDownStatesTimeIntervals						DOWN	
3065.656	0.14240000000017972	UpDownStatesTimeIntervals						UP	
3065.7072	0.052800000000388536	RippleTimeIntervals					3065.7208		
3067.7552	0.21039999999993597	UpDownStatesTimeIntervals						UP	
3068.4688	0.25680000000011205	UpDownStatesTimeIntervals						UP	
3070.1544	0.2512000000001535	UpDownStatesTimeIntervals						UP	
3070.8712	0.1111999999998261	UpDownStatesTimeIntervals						UP	
3071.5728	0.044800000000122964	RippleTimeIntervals					3071.5896		
3071.6664	0.05359999999973297	UpDownStatesTimeIntervals						DOWN	
3071.72	0.22640000000001237	UpDownStatesTimeIntervals						UP	
3071.8864	0.03600000000005821	RippleTimeIntervals					3071.8928		
3072.28	0.09999999999990905	UpDownStatesTimeIntervals						UP	
3072.8776	0.16320000000041546	UpDownStatesTimeIntervals						UP	
3072.9264	0.05360000000018772	RippleTimeIntervals					3072.9536		
3073.5256	0.3391999999998916	UpDownStatesTimeIntervals						DOWN	
3074.4208	0.1615999999999076	UpDownStatesTimeIntervals						DOWN	
3074.5824	0.3520000000003165	UpDownStatesTimeIntervals						UP	
3074.6136	0.06479999999965003	RippleTimeIntervals					3074.6464		
3075.6376	0.1639999999997599	UpDownStatesTimeIntervals						UP	
3075.8256	0.20559999999977663	UpDownStatesTimeIntervals						DOWN	
3076.3992	0.3304000000002816	UpDownStatesTimeIntervals						UP	
3077.0712	0.13200000000006185	UpDownStatesTimeIntervals						UP	
3079.2616	0.177599999999984	UpDownStatesTimeIntervals						DOWN	
3079.8136	0.3591999999998734	UpDownStatesTimeIntervals						UP	
3080.9232	0.11040000000002692	UpDownStatesTimeIntervals						DOWN	
3081.2296	0.24159999999983484	UpDownStatesTimeIntervals						UP	
3081.388	0.05360000000018772	RippleTimeIntervals					3081.4224		
3082.1512	0.04400000000032378	RippleTimeIntervals					3082.1656		
3083.5896	0.05120000000033542	RippleTimeIntervals					3083.5952		
3084.164	0.11439999999993233	UpDownStatesTimeIntervals						UP	
3084.1824	0.05519999999978609	RippleTimeIntervals					3084.2056		
3084.8176	0.21840000000020154	UpDownStatesTimeIntervals						DOWN	
3087.7016	0.1959999999999127	UpDownStatesTimeIntervals						DOWN	
3088.0568	0.23440000000027794	UpDownStatesTimeIntervals						UP	
3092.1072	0.042400000000270666	RippleTimeIntervals					3092.1336		
3092.2496	0.13439999999991414	UpDownStatesTimeIntervals						UP	
3094.0048	0.11839999999983775	UpDownStatesTimeIntervals						DOWN	
3094.2824	0.13839999999981956	UpDownStatesTimeIntervals						UP	
3094.3424	0.04080000000021755	RippleTimeIntervals					3094.3432		
3094.8496	0.11839999999983775	UpDownStatesTimeIntervals						UP	
3094.88	0.0591999999996915	RippleTimeIntervals					3094.9136		
3095.1936	0.044800000000122964	RippleTimeIntervals					3095.2016		
3095.2664	0.6559999999999491	UpDownStatesTimeIntervals						UP	
3095.7816	0.1408000000001266	UpDownStatesTimeIntervals						DOWN	
3095.9224	0.1392000000000735	UpDownStatesTimeIntervals						UP	
3095.964	0.052000000000134605	RippleTimeIntervals					3095.9896		
3096.1296	0.05599999999958527	RippleTimeIntervals					3096.16		
3096.6704	0.43440000000009604	UpDownStatesTimeIntervals						DOWN	
3097.0	160.0	SleepStates							WAKEstate
3097.1048	0.13200000000006185	UpDownStatesTimeIntervals						UP	
3097.664	2870.6239666666665	epochs	PreStim	uLED random stim	fCamk3_201111_085059	Home cage			
3101.1552	0.07839999999987413	RippleTimeIntervals					3101.1664		
3129.8128	0.21519999999964057	RippleTimeIntervals					3129.8912		
3130.3752	0.1271999999999025	RippleTimeIntervals					3130.4872		
3151.2072	0.10080000000016298	RippleTimeIntervals					3151.2616		
3158.1272	0.09600000000000364	RippleTimeIntervals					3158.2064		
3161.772	0.06960000000026412	RippleTimeIntervals					3161.7984		
3191.8208	0.0543999999999869	RippleTimeIntervals					3191.8488		
3201.3496	0.061599999999998545	RippleTimeIntervals					3201.3856		
3202.9256	0.06719999999995707	RippleTimeIntervals					3202.9664		
3204.5656	0.048800000000028376	RippleTimeIntervals					3204.5928		
3206.692	0.044800000000122964	RippleTimeIntervals					3206.7336		
3209.0752	0.05599999999958527	RippleTimeIntervals					3209.108		
3213.9448	0.030399999999644933	RippleTimeIntervals					3213.9696		
3215.0208	0.04800000000022919	RippleTimeIntervals					3215.044		
3218.7568	0.12319999999999709	RippleTimeIntervals					3218.8552		
3223.804	0.03999999999996362	RippleTimeIntervals					3223.8384		
3238.5504	0.041600000000016735	RippleTimeIntervals					3238.5576		
3240.4184	0.03920000000016444	RippleTimeIntervals					3240.432		
3241.5472	0.03679999999985739	RippleTimeIntervals					3241.5736		
3248.4088	0.05519999999978609	RippleTimeIntervals					3248.4352		
3258.0	36.0	SleepStates							NREMstate
3260.204	0.05199999999967986	RippleTimeIntervals					3260.244		
3286.1816	0.04719999999997526	RippleTimeIntervals					3286.2112		
3295.0	279.0	SleepStates							WAKEstate
3298.9416	0.04399999999986903	RippleTimeIntervals					3298.9624		
3310.9056	0.1248000000000502	RippleTimeIntervals					3310.912		
3311.8768	0.05999999999994543	RippleTimeIntervals					3311.9032		
3322.5408	0.051199999999880674	RippleTimeIntervals					3322.5544		
3332.6888	0.048800000000028376	RippleTimeIntervals					3332.7344		
3343.2304	0.021600000000034925	RippleTimeIntervals					3343.2448		
3346.1024	0.12159999999994398	RippleTimeIntervals					3346.1976		
3347.7504	0.0727999999999156	RippleTimeIntervals					3347.7896		
3348.3808	0.0727999999999156	RippleTimeIntervals					3348.3912		
3362.2608	0.03760000000011132	RippleTimeIntervals					3362.2672		
3398.348	0.03760000000011132	RippleTimeIntervals					3398.3608		
3401.1944	0.06320000000005166	RippleTimeIntervals					3401.2248		
3401.7408	0.05600000000004002	RippleTimeIntervals					3401.7568		
3406.0152	0.06480000000010477	RippleTimeIntervals					3406.0432		
3407.8752	0.0543999999999869	RippleTimeIntervals					3407.9008		
3408.7536	0.044800000000122964	RippleTimeIntervals					3408.7672		
3419.5032	0.031199999999898864	RippleTimeIntervals					3419.5264		
3419.6112	0.048800000000028376	RippleTimeIntervals					3419.6216		
3421.2568	0.04320000000006985	RippleTimeIntervals					3421.2632		
3425.1832	0.04320000000006985	RippleTimeIntervals					3425.1896		
3427.0976	0.05760000000009313	RippleTimeIntervals					3427.144		
3428.2552	0.06480000000010477	RippleTimeIntervals					3428.3		
3431.036	0.07359999999971478	RippleTimeIntervals					3431.0528		
3431.3168	0.07679999999982101	RippleTimeIntervals					3431.3664		
3431.5456	0.03920000000016444	RippleTimeIntervals					3431.5664		
3435.4304	0.08320000000003347	RippleTimeIntervals					3435.4936		
3435.7888	0.07439999999996871	RippleTimeIntervals					3435.7928		
3439.0008	0.05120000000033542	RippleTimeIntervals					3439.02		
3442.3936	0.055200000000240834	RippleTimeIntervals					3442.4208		
3446.1824	0.07919999999967331	RippleTimeIntervals					3446.2224		
3449.108	0.0591999999996915	RippleTimeIntervals					3449.1272		
3455.1392	0.0543999999999869	RippleTimeIntervals					3455.1648		
3455.2792	0.032000000000152795	RippleTimeIntervals					3455.28		
3466.5344	0.048800000000028376	RippleTimeIntervals					3466.5632		
3469.2752	0.04719999999997526	RippleTimeIntervals					3469.2968		
3470.7104	0.04640000000017608	RippleTimeIntervals					3470.7352		
3472.4088	0.060799999999744614	RippleTimeIntervals					3472.4368		
3478.3128	0.08479999999963184	RippleTimeIntervals					3478.3256		
3481.9144	0.04719999999997526	RippleTimeIntervals					3481.9472		
3482.168	0.0591999999996915	RippleTimeIntervals					3482.188		
3482.596	0.07999999999992724	RippleTimeIntervals					3482.6592		
3485.2976	0.03360000000020591	RippleTimeIntervals					3485.3256		
3485.612	0.052000000000134605	RippleTimeIntervals					3485.6408		
3490.496	0.06239999999979773	RippleTimeIntervals					3490.5192		
3491.8176	0.048800000000028376	RippleTimeIntervals					3491.844		
3494.636	0.04399999999986903	RippleTimeIntervals					3494.6624		
3498.2104	0.07439999999996871	RippleTimeIntervals					3498.2584		
3503.8256	0.06639999999970314	RippleTimeIntervals					3503.868		
3508.172	0.044800000000122964	RippleTimeIntervals					3508.2048		
3511.3952	0.052000000000134605	RippleTimeIntervals					3511.4184		
3520.7	0.03840000000036525	RippleTimeIntervals					3520.704		
3522.0368	0.04080000000021755	RippleTimeIntervals					3522.048		
3523.6448	0.07119999999986248	RippleTimeIntervals					3523.6856		
3524.088	0.03599999999960346	RippleTimeIntervals					3524.0944		
3524.7616	0.045600000000376895	RippleTimeIntervals					3524.7928		
3524.9056	0.04399999999986903	RippleTimeIntervals					3524.9112		
3525.112	0.03600000000005821	RippleTimeIntervals					3525.1184		
3525.42	0.047999999999774445	RippleTimeIntervals					3525.4288		
3526.6344	0.07920000000012806	RippleTimeIntervals					3526.664		
3529.2656	0.03519999999980428	RippleTimeIntervals					3529.2744		
3532.2784	0.04559999999992215	RippleTimeIntervals					3532.2816		
3534.076	0.08559999999988577	RippleTimeIntervals					3534.0992		
3542.584	0.05999999999994543	RippleTimeIntervals					3542.616		
3544.96	0.044800000000122964	RippleTimeIntervals					3544.964		
3555.436	0.07999999999992724	RippleTimeIntervals					3555.496		
3557.1248	0.05359999999973297	RippleTimeIntervals					3557.1472		
3563.2992	0.06880000000001019	RippleTimeIntervals					3563.3488		
3564.7552	0.04639999999972133	RippleTimeIntervals					3564.784		
3566.104	0.03920000000016444	RippleTimeIntervals					3566.1096		
3566.696	0.04080000000021755	RippleTimeIntervals					3566.7144		
3566.9616	0.08399999999983265	RippleTimeIntervals					3567.028		
3568.4104	0.04399999999986903	RippleTimeIntervals					3568.4384		
3568.688	0.05199999999967986	RippleTimeIntervals					3568.7104		
3571.36	0.05040000000008149	RippleTimeIntervals					3571.3832		
3572.6736	0.041600000000016735	RippleTimeIntervals					3572.7008		
3575.0	12.0	SleepStates							NREMstate
3575.2408	0.03040000000009968	RippleTimeIntervals					3575.2552		
3578.2712	0.03600000000005821	RippleTimeIntervals					3578.2816		
3578.7448	0.058399999999892316	RippleTimeIntervals					3578.7816		
3582.0608	0.0567999999998392	RippleTimeIntervals					3582.0736		
3586.7544	0.06400000000030559	RippleTimeIntervals					3586.7888		
3588.0	9.0	SleepStates							WAKEstate
3591.5568	0.062400000000252476	RippleTimeIntervals					3591.5576		
3591.6944	0.04800000000022919	RippleTimeIntervals					3591.6952		
3593.6432	0.068000000000211	RippleTimeIntervals					3593.6744		
3594.2928	0.06880000000001019	RippleTimeIntervals					3594.3272		
3598.0	24.0	SleepStates							NREMstate
3598.0576	0.051199999999880674	RippleTimeIntervals					3598.0848		
3601.0496	0.045600000000376895	RippleTimeIntervals					3601.0592		
3601.2912	0.0727999999999156	RippleTimeIntervals					3601.348		
3603.0208	0.048800000000028376	RippleTimeIntervals					3603.0688		
3604.3832	0.05519999999978609	RippleTimeIntervals					3604.4168		
3605.4936	0.044800000000122964	RippleTimeIntervals					3605.5056		
3605.7328	0.07119999999986248	RippleTimeIntervals					3605.7488		
3606.1104	0.04399999999986903	RippleTimeIntervals					3606.1144		
3606.4248	0.04640000000017608	RippleTimeIntervals					3606.4504		
3607.2032	0.048800000000028376	RippleTimeIntervals					3607.2272		
3608.564	0.041600000000016735	RippleTimeIntervals					3608.5656		
3608.8152	0.06559999999990396	RippleTimeIntervals					3608.8208		
3612.1416	0.028800000000046566	RippleTimeIntervals					3612.1608		
3615.5912	0.044800000000122964	RippleTimeIntervals					3615.6104		
3615.7808	0.05360000000018772	RippleTimeIntervals					3615.7968		
3617.824	0.05040000000008149	RippleTimeIntervals					3617.856		
3618.0976	0.09600000000000364	RippleTimeIntervals					3618.1312		
3619.8504	0.032800000000406726	RippleTimeIntervals					3619.8712		
3620.264	0.02320000000008804	RippleTimeIntervals					3620.2848		
3620.4456	0.04399999999986903	RippleTimeIntervals					3620.4696		
3620.6384	0.05040000000008149	RippleTimeIntervals					3620.6568		
3621.8104	0.03279999999995198	RippleTimeIntervals					3621.8192		
3622.7192	0.044800000000122964	RippleTimeIntervals					3622.7544		
3622.8648	0.068000000000211	RippleTimeIntervals					3622.8712		
3623.0	17.0	SleepStates							WAKEstate
3630.6984	0.047999999999774445	RippleTimeIntervals					3630.7096		
3631.5224	0.08719999999993888	RippleTimeIntervals					3631.5576		
3633.5768	0.03680000000031214	RippleTimeIntervals					3633.5792		
3633.816	0.04640000000017608	RippleTimeIntervals					3633.8368		
3634.172	0.05279999999993379	RippleTimeIntervals					3634.1944		
3641.0	14.0	SleepStates							NREMstate
3642.8264	0.051199999999880674	RippleTimeIntervals					3642.8536		
3645.0104	0.0591999999996915	RippleTimeIntervals					3645.0384		
3645.1968	0.03279999999995198	RippleTimeIntervals					3645.2128		
3648.9496	0.041600000000016735	RippleTimeIntervals					3648.9536		
3650.1352	0.0431999999996151	RippleTimeIntervals					3650.16		
3650.9976	0.03919999999970969	RippleTimeIntervals					3651.0176		
3651.6696	0.0543999999999869	RippleTimeIntervals					3651.6984		
3651.7808	0.041600000000016735	RippleTimeIntervals					3651.7984		
3652.036	0.051199999999880674	RippleTimeIntervals					3652.064		
3656.0	34.0	SleepStates							WAKEstate
3664.3488	0.05599999999958527	RippleTimeIntervals					3664.3824		
3664.4928	0.038399999999910506	RippleTimeIntervals					3664.496		
3665.7016	0.03600000000005821	RippleTimeIntervals					3665.7088		
3665.832	0.042400000000270666	RippleTimeIntervals					3665.8344		
3666.4104	0.041600000000016735	RippleTimeIntervals					3666.4248		
3688.8216	0.057599999999638385	RippleTimeIntervals					3688.8448		
3691.0	51.0	SleepStates							NREMstate
3693.436	0.04559999999992215	RippleTimeIntervals					3693.4504		
3693.856	0.038399999999910506	RippleTimeIntervals					3693.8624		
3694.2632	0.05120000000033542	RippleTimeIntervals					3694.2816		
3695.7944	0.0431999999996151	RippleTimeIntervals					3695.8208		
3696.9544	0.05359999999973297	RippleTimeIntervals					3696.984		
3697.8672	0.060799999999744614	RippleTimeIntervals					3697.8856		
3699.9528	0.027999999999792635	RippleTimeIntervals					3699.9776		
3700.9896	0.042400000000270666	RippleTimeIntervals					3701.0176		
3701.2384	0.047999999999774445	RippleTimeIntervals					3701.256		
3709.0984	0.07200000000011642	RippleTimeIntervals					3709.1416		
3709.7008	0.05040000000008149	RippleTimeIntervals					3709.7152		
3711.2872	0.047999999999774445	RippleTimeIntervals					3711.3264		
3712.1672	0.02719999999999345	RippleTimeIntervals					3712.18		
3714.1224	0.040799999999762804	RippleTimeIntervals					3714.1376		
3720.3872	0.040799999999762804	RippleTimeIntervals					3720.4064		
3720.7024	0.041600000000016735	RippleTimeIntervals					3720.712		
3720.8976	0.052000000000134605	RippleTimeIntervals					3720.9032		
3721.3984	0.038399999999910506	RippleTimeIntervals					3721.4008		
3722.5544	0.068000000000211	RippleTimeIntervals					3722.596		
3723.0136	0.04719999999997526	RippleTimeIntervals					3723.0432		
3725.4448	0.03679999999985739	RippleTimeIntervals					3725.4456		
3727.3192	0.024800000000141154	RippleTimeIntervals					3727.3296		
3732.696	0.044800000000122964	RippleTimeIntervals					3732.7128		
3734.3648	0.04080000000021755	RippleTimeIntervals					3734.3672		
3734.8208	0.04559999999992215	RippleTimeIntervals					3734.8464		
3736.5752	0.04239999999981592	RippleTimeIntervals					3736.5912		
3737.7512	0.05199999999967986	RippleTimeIntervals					3737.768		
3738.8448	0.03680000000031214	RippleTimeIntervals					3738.8728		
3739.464	0.058399999999892316	RippleTimeIntervals					3739.476		
3739.6624	0.04239999999981592	RippleTimeIntervals					3739.6712		
3739.8328	0.03600000000005821	RippleTimeIntervals					3739.8384		
3739.9864	0.03840000000036525	RippleTimeIntervals					3739.9968		
3741.9648	0.11040000000002692	RippleTimeIntervals					3742.0576		
3743.0	14.0	SleepStates							WAKEstate
3746.6744	0.06719999999995707	RippleTimeIntervals					3746.728		
3747.4528	0.04320000000006985	RippleTimeIntervals					3747.464		
3747.9784	0.05360000000018772	RippleTimeIntervals					3748.0056		
3748.2976	0.032000000000152795	RippleTimeIntervals					3748.312		
3748.9512	0.04320000000006985	RippleTimeIntervals					3748.9688		
3749.8736	0.051199999999880674	RippleTimeIntervals					3749.8824		
3755.6264	0.0591999999996915	RippleTimeIntervals					3755.6696		
3756.088	0.05359999999973297	RippleTimeIntervals					3756.1032		
3758.0	106.0	SleepStates							NREMstate
3761.7648	0.038399999999910506	RippleTimeIntervals					3761.7928		
3762.1632	0.058399999999892316	RippleTimeIntervals					3762.188		
3763.0912	0.048800000000028376	RippleTimeIntervals					3763.1176		
3763.5056	0.03920000000016444	RippleTimeIntervals					3763.5248		
3764.6688	0.04080000000021755	RippleTimeIntervals					3764.6792		
3766.6232	0.04640000000017608	RippleTimeIntervals					3766.6248		
3769.56	0.03679999999985739	RippleTimeIntervals					3769.5712		
3770.0776	0.040799999999762804	RippleTimeIntervals					3770.1056		
3771.788	0.05040000000008149	RippleTimeIntervals					3771.8176		
3773.1464	0.03679999999985739	RippleTimeIntervals					3773.1624		
3773.4688	0.05279999999993379	RippleTimeIntervals					3773.488		
3780.328	0.068000000000211	RippleTimeIntervals					3780.3416		
3780.5744	0.0727999999999156	RippleTimeIntervals					3780.5968		
3785.288	0.052000000000134605	RippleTimeIntervals					3785.3072		
3788.2728	0.041600000000016735	RippleTimeIntervals					3788.3016		
3788.4336	0.05999999999994543	RippleTimeIntervals					3788.4544		
3790.4336	0.06880000000001019	RippleTimeIntervals					3790.4616		
3793.1984	0.0591999999996915	RippleTimeIntervals					3793.2248		
3793.664	0.040799999999762804	RippleTimeIntervals					3793.6696		
3793.8288	0.068000000000211	RippleTimeIntervals					3793.8528		
3806.0944	0.035200000000259024	RippleTimeIntervals					3806.1192		
3807.512	0.03999999999996362	RippleTimeIntervals					3807.5256		
3807.6376	0.03519999999980428	RippleTimeIntervals					3807.6544		
3807.9416	0.060799999999744614	RippleTimeIntervals					3807.9464		
3808.1152	0.037599999999656575	RippleTimeIntervals					3808.12		
3809.9464	0.03600000000005821	RippleTimeIntervals					3809.9624		
3812.884	0.04320000000006985	RippleTimeIntervals					3812.8912		
3813.02	0.04719999999997526	RippleTimeIntervals					3813.0312		
3813.5152	0.055200000000240834	RippleTimeIntervals					3813.5272		
3814.7224	0.0567999999998392	RippleTimeIntervals					3814.748		
3815.9848	0.04239999999981592	RippleTimeIntervals					3816.0096		
3818.8496	0.047999999999774445	RippleTimeIntervals					3818.88		
3820.2736	0.07600000000002183	RippleTimeIntervals					3820.3408		
3824.2784	0.06959999999980937	RippleTimeIntervals					3824.2976		
3824.5048	0.041600000000016735	RippleTimeIntervals					3824.5224		
3826.5728	0.04960000000028231	RippleTimeIntervals					3826.596		
3829.9952	0.04800000000022919	RippleTimeIntervals					3830.0032		
3830.6472	0.029600000000300497	RippleTimeIntervals					3830.6584		
3831.2952	0.03519999999980428	RippleTimeIntervals					3831.3008		
3834.8768	0.051199999999880674	RippleTimeIntervals					3834.8976		
3836.1072	0.04080000000021755	RippleTimeIntervals					3836.1088		
3837.0424	0.06880000000001019	RippleTimeIntervals					3837.0656		
3837.928	0.06960000000026412	RippleTimeIntervals					3837.968		
3839.6248	0.027999999999792635	RippleTimeIntervals					3839.6288		
3853.4488	0.06639999999970314	RippleTimeIntervals					3853.484		
3854.6272	0.04719999999997526	RippleTimeIntervals					3854.6376		
3857.2872	0.040799999999762804	RippleTimeIntervals					3857.2904		
3857.8944	0.05040000000008149	RippleTimeIntervals					3857.9		
3858.2264	0.03999999999996362	RippleTimeIntervals					3858.2544		
3858.428	0.04960000000028231	RippleTimeIntervals					3858.4392		
3858.9504	0.05279999999993379	RippleTimeIntervals					3858.9688		
3864.0712	0.05279999999993379	RippleTimeIntervals					3864.1		
3865.0	186.0	SleepStates							WAKEstate
3866.1256	0.04960000000028231	RippleTimeIntervals					3866.1416		
3886.8712	0.06880000000001019	RippleTimeIntervals					3886.9104		
3893.1848	0.04800000000022919	RippleTimeIntervals					3893.1952		
3895.4504	0.05279999999993379	RippleTimeIntervals					3895.4744		
3897.6368	0.038399999999910506	RippleTimeIntervals					3897.6552		
3902.2128	0.052000000000134605	RippleTimeIntervals					3902.2376		
3904.3048	0.05999999999994543	RippleTimeIntervals					3904.3424		
3904.7248	0.041600000000016735	RippleTimeIntervals					3904.7336		
3906.6144	0.041600000000016735	RippleTimeIntervals					3906.6352		
3911.0168	0.06719999999995707	RippleTimeIntervals					3911.0448		
3921.1016	0.06640000000015789	RippleTimeIntervals					3921.1408		
3922.9336	0.06080000000019936	RippleTimeIntervals					3922.9576		
3923.9872	0.032000000000152795	RippleTimeIntervals					3924.0104		
3933.2976	0.05360000000018772	RippleTimeIntervals					3933.3176		
3957.992	0.09519999999974971	RippleTimeIntervals					3958.0552		
3980.4408	0.08320000000003347	RippleTimeIntervals					3980.5184		
3980.6944	0.04960000000028231	RippleTimeIntervals					3980.6984		
3983.3704	0.052000000000134605	RippleTimeIntervals					3983.3936		
3983.6568	0.07119999999986248	RippleTimeIntervals					3983.6816		
3983.8488	0.04239999999981592	RippleTimeIntervals					3983.8696		
3984.0008	0.042400000000270666	RippleTimeIntervals					3984.004		
3989.76	0.04239999999981592	RippleTimeIntervals					3989.7704		
3991.5368	0.04719999999997526	RippleTimeIntervals					3991.5656		
4036.032	0.05199999999967986	RippleTimeIntervals					4036.0512		
4043.6456	0.05999999999994543	RippleTimeIntervals					4043.6664		
4044.2968	0.05359999999973297	RippleTimeIntervals					4044.3144		
4048.2216	0.07840000000032887	RippleTimeIntervals					4048.2696		
4051.428	0.042400000000270666	RippleTimeIntervals					4051.448		
4052.0	17.0	SleepStates							NREMstate
4052.8416	0.044799999999668216	RippleTimeIntervals					4052.8672		
4056.172	0.0543999999999869	RippleTimeIntervals					4056.2168		
4056.4488	0.044799999999668216	RippleTimeIntervals					4056.464		
4060.5064	0.05359999999973297	RippleTimeIntervals					4060.5392		
4061.3256	0.060799999999744614	RippleTimeIntervals					4061.3552		
4064.3088	0.035200000000259024	RippleTimeIntervals					4064.3384		
4064.7176	0.038399999999910506	RippleTimeIntervals					4064.7288		
4064.8848	0.05120000000033542	RippleTimeIntervals					4064.9064		
4068.1264	0.048800000000028376	RippleTimeIntervals					4068.136		
4070.0	11.0	SleepStates							WAKEstate
4070.5472	0.052000000000134605	RippleTimeIntervals					4070.5784		
4070.716	0.03999999999996362	RippleTimeIntervals					4070.7168		
4081.5128	0.04320000000006985	RippleTimeIntervals					4081.5312		
4082.0	29.0	SleepStates							NREMstate
4083.7496	0.04719999999997526	RippleTimeIntervals					4083.7648		
4085.1288	0.0543999999999869	RippleTimeIntervals					4085.1424		
4086.2016	0.0704000000000633	RippleTimeIntervals					4086.236		
4087.512	0.0431999999996151	RippleTimeIntervals					4087.5152		
4087.712	0.04559999999992215	RippleTimeIntervals					4087.7336		
4093.3856	0.041600000000016735	RippleTimeIntervals					4093.396		
4096.4128	0.052800000000388536	RippleTimeIntervals					4096.4144		
4097.8976	0.05279999999947904	RippleTimeIntervals					4097.9352		
4106.2512	0.059200000000600994	RippleTimeIntervals					4106.3016		
4106.4032	0.045600000000376895	RippleTimeIntervals					4106.4144		
4107.2064	0.08079999999972642	RippleTimeIntervals					4107.2392		
4107.7816	0.04879999999957363	RippleTimeIntervals					4107.792		
4108.5696	0.0864000000001397	RippleTimeIntervals					4108.588		
4110.9976	0.04719999999997526	RippleTimeIntervals					4111.0216		
4111.572	0.058399999999892316	RippleTimeIntervals					4111.6032		
4112.0	8.0	SleepStates							WAKEstate
4112.0656	0.04320000000006985	RippleTimeIntervals					4112.0968		
4112.4312	0.05760000000009313	RippleTimeIntervals					4112.4384		
4116.5512	0.04960000000028231	RippleTimeIntervals					4116.58		
4121.0	189.0	SleepStates							NREMstate
4124.1512	0.058399999999892316	RippleTimeIntervals					4124.1664		
4124.3744	0.042400000000270666	RippleTimeIntervals					4124.3792		
4127.8536	0.06079999999928987	RippleTimeIntervals					4127.8744		
4128.8896	0.06319999999959691	RippleTimeIntervals					4128.92		
4129.8392	0.04399999999986903	RippleTimeIntervals					4129.8464		
4133.872	0.051199999999880674	RippleTimeIntervals					4133.904		
4133.9992	0.0455999999994674	RippleTimeIntervals					4134.0		
4135.0536	0.03999999999996362	RippleTimeIntervals					4135.068		
4135.6616	0.05040000000008149	RippleTimeIntervals					4135.6864		
4135.832	0.04719999999997526	RippleTimeIntervals					4135.8432		
4136.56	0.050399999999171996	RippleTimeIntervals					4136.5696		
4137.5152	0.024800000000141154	RippleTimeIntervals					4137.536		
4137.8528	0.04719999999997526	RippleTimeIntervals					4137.8712		
4138.7304	0.046399999999266583	RippleTimeIntervals					4138.7576		
4142.7712	0.03999999999996362	RippleTimeIntervals					4142.78		
4142.9456	0.034399999999550346	RippleTimeIntervals					4142.9488		
4145.3128	0.052800000000388536	RippleTimeIntervals					4145.3368		
4147.0624	0.08960000000024593	RippleTimeIntervals					4147.1136		
4149.344	0.03679999999985739	RippleTimeIntervals					4149.3672		
4150.7088	0.05279999999947904	RippleTimeIntervals					4150.736		
4153.4784	0.0591999999996915	RippleTimeIntervals					4153.5048		
4159.004	0.04719999999997526	RippleTimeIntervals					4159.0136		
4162.2536	0.06000000000040018	RippleTimeIntervals					4162.2616		
4163.484	0.05759999999918364	RippleTimeIntervals					4163.5016		
4165.7952	0.0408000000006723	RippleTimeIntervals					4165.8064		
4166.8912	0.044799999999668216	RippleTimeIntervals					4166.916		
4172.9776	0.03999999999996362	RippleTimeIntervals					4173.0072		
4174.0912	0.05040000000008149	RippleTimeIntervals					4174.1144		
4174.4488	0.03920000000016444	RippleTimeIntervals					4174.4552		
4174.7552	0.04960000000028231	RippleTimeIntervals					4174.7592		
4175.3288	0.040799999999762804	RippleTimeIntervals					4175.3408		
4176.388	0.03999999999996362	RippleTimeIntervals					4176.3984		
4184.1752	0.052800000000388536	RippleTimeIntervals					4184.1952		
4189.3568	0.040000000000873115	RippleTimeIntervals					4189.3848		
4192.864	0.048800000000483124	RippleTimeIntervals					4192.8936		
4193.9832	0.04640000000017608	RippleTimeIntervals					4194.004		
4194.352	0.04719999999997526	RippleTimeIntervals					4194.3648		
4194.4856	0.04399999999986903	RippleTimeIntervals					4194.4896		
4194.8096	0.05120000000079017	RippleTimeIntervals					4194.8456		
4195.1536	0.07040000000051805	RippleTimeIntervals					4195.1968		
4195.5104	0.05519999999978609	RippleTimeIntervals					4195.5232		
4196.0816	0.03679999999985739	RippleTimeIntervals					4196.096		
4198.3672	0.03360000000066066	RippleTimeIntervals					4198.3768		
4198.6704	0.05040000000008149	RippleTimeIntervals					4198.6896		
4199.1664	0.037599999999656575	RippleTimeIntervals					4199.1912		
4199.692	0.042400000000270666	RippleTimeIntervals					4199.7216		
4200.4304	0.03359999999975116	RippleTimeIntervals					4200.4336		
4202.4472	0.03920000000016444	RippleTimeIntervals					4202.4616		
4203.0192	0.058399999999892316	RippleTimeIntervals					4203.0632		
4203.1952	0.04640000000017608	RippleTimeIntervals					4203.2176		
4204.6984	0.03679999999985739	RippleTimeIntervals					4204.716		
4207.5128	0.046399999999266583	RippleTimeIntervals					4207.5192		
4207.8528	0.061599999999998545	RippleTimeIntervals					4207.872		
4208.152	0.08399999999983265	RippleTimeIntervals					4208.2288		
4212.24	0.06559999999990396	RippleTimeIntervals					4212.2744		
4215.4832	0.042400000000270666	RippleTimeIntervals					4215.5072		
4216.7872	0.03760000000056607	RippleTimeIntervals					4216.7976		
4218.5984	0.05040000000008149	RippleTimeIntervals					4218.6296		
4220.012	0.04800000000068394	RippleTimeIntervals					4220.0232		
4226.8576	0.05599999999958527	RippleTimeIntervals					4226.8848		
4227.2944	0.03920000000016444	RippleTimeIntervals					4227.2952		
4227.736	0.05040000000008149	RippleTimeIntervals					4227.7504		
4228.4712	0.05199999999967986	RippleTimeIntervals					4228.472		
4228.7048	0.06079999999928987	RippleTimeIntervals					4228.7232		
4233.1624	0.04640000000017608	RippleTimeIntervals					4233.1632		
4234.8408	0.06239999999979773	RippleTimeIntervals					4234.8688		
4235.7312	0.03679999999985739	RippleTimeIntervals					4235.7344		
4236.9768	0.0455999999994674	RippleTimeIntervals					4237.0112		
4237.2784	0.05360000000018772	RippleTimeIntervals					4237.2928		
4241.4648	0.06559999999990396	RippleTimeIntervals					4241.4896		
4241.68	0.05199999999967986	RippleTimeIntervals					4241.6848		
4242.9096	0.058399999999892316	RippleTimeIntervals					4242.94		
4258.7296	0.05040000000008149	RippleTimeIntervals					4258.7496		
4259.1832	0.040799999999762804	RippleTimeIntervals					4259.1944		
4263.2032	0.06480000000010477	RippleTimeIntervals					4263.2296		
4267.464	0.04640000000017608	RippleTimeIntervals					4267.4712		
4267.8632	0.04719999999997526	RippleTimeIntervals					4267.884		
4268.0488	0.03760000000056607	RippleTimeIntervals					4268.052		
4268.2224	0.0408000000006723	RippleTimeIntervals					4268.2384		
4268.892	0.06959999999980937	RippleTimeIntervals					4268.9128		
4274.9536	0.03600000000005821	RippleTimeIntervals					4274.9776		
4276.9872	0.0408000000006723	RippleTimeIntervals					4277.0136		
4277.2048	0.04159999999956199	RippleTimeIntervals					4277.232		
4277.6008	0.0639999999993961	RippleTimeIntervals					4277.64		
4280.8832	0.03279999999995198	RippleTimeIntervals					4280.8848		
4281.608	0.0455999999994674	RippleTimeIntervals					4281.616		
4281.8392	0.03359999999975116	RippleTimeIntervals					4281.8432		
4283.948	0.040799999999762804	RippleTimeIntervals					4283.9616		
4284.9288	0.051199999999880674	RippleTimeIntervals					4284.9528		
4288.3264	0.06639999999970314	RippleTimeIntervals					4288.3528		
4293.1344	0.03120000000035361	RippleTimeIntervals					4293.1608		
4293.2768	0.045600000000376895	RippleTimeIntervals					4293.2824		
4293.7656	0.04160000000047148	RippleTimeIntervals					4293.7696		
4293.9752	0.03440000000045984	RippleTimeIntervals					4293.9792		
4304.732	0.05040000000008149	RippleTimeIntervals					4304.7536		
4305.0024	0.028800000000046566	RippleTimeIntervals					4305.0064		
4308.5368	0.05200000000058935	RippleTimeIntervals					4308.5696		
4311.0	7.0	SleepStates							WAKEstate
4319.0	103.0	SleepStates							NREMstate
4319.9552	0.08079999999972642	RippleTimeIntervals					4319.9704		
4320.54	0.05519999999978609	RippleTimeIntervals					4320.5464		
4321.848	0.02959999999984575	RippleTimeIntervals					4321.8696		
4323.832	0.05760000000009313	RippleTimeIntervals					4323.8704		
4329.3616	0.06880000000001019	RippleTimeIntervals					4329.3984		
4330.4856	0.061599999999998545	RippleTimeIntervals					4330.5176		
4330.8144	0.05040000000008149	RippleTimeIntervals					4330.832		
4332.7736	0.07119999999940774	RippleTimeIntervals					4332.7992		
4336.1648	0.04800000000068394	RippleTimeIntervals					4336.1864		
4337.0232	0.068000000000211	RippleTimeIntervals					4337.0504		
4337.916	0.040799999999762804	RippleTimeIntervals					4337.9344		
4338.0904	0.03840000000036525	RippleTimeIntervals					4338.0912		
4341.772	0.028800000000046566	RippleTimeIntervals					4341.7744		
4341.996	0.035200000000259024	RippleTimeIntervals					4342.008		
4342.6272	0.03600000000005821	RippleTimeIntervals					4342.6488		
4345.3592	0.06080000000019936	RippleTimeIntervals					4345.3768		
4346.1456	0.04160000000047148	RippleTimeIntervals					4346.1632		
4347.4224	0.0543999999999869	RippleTimeIntervals					4347.4432		
4347.7032	0.03600000000005821	RippleTimeIntervals					4347.724		
4348.5984	0.06959999999980937	RippleTimeIntervals					4348.6648		
4348.9608	0.05680000000029395	RippleTimeIntervals					4348.9792		
4351.1144	0.06559999999990396	RippleTimeIntervals					4351.1704		
4355.8712	0.04960000000028231	RippleTimeIntervals					4355.9		
4356.64	0.08159999999952561	RippleTimeIntervals					4356.6848		
4357.024	0.03839999999945576	RippleTimeIntervals					4357.0368		
4357.5656	0.04160000000047148	RippleTimeIntervals					4357.5712		
4359.5136	0.047999999999774445	RippleTimeIntervals					4359.5432		
4364.1584	0.04879999999957363	RippleTimeIntervals					4364.1864		
4364.6264	0.058399999999892316	RippleTimeIntervals					4364.6496		
4364.8088	0.03999999999996362	RippleTimeIntervals					4364.8152		
4365.8448	0.08960000000024593	RippleTimeIntervals					4365.9152		
4373.7936	0.07200000000011642	RippleTimeIntervals					4373.8384		
4374.2064	0.04960000000028231	RippleTimeIntervals					4374.2216		
4374.692	0.03600000000005821	RippleTimeIntervals					4374.6976		
4377.8576	0.040799999999762804	RippleTimeIntervals					4377.8744		
4380.0816	0.037599999999656575	RippleTimeIntervals					4380.0904		
4383.8368	0.037599999999656575	RippleTimeIntervals					4383.856		
4385.3872	0.03679999999985739	RippleTimeIntervals					4385.4104		
4386.6584	0.0543999999999869	RippleTimeIntervals					4386.6736		
4386.7896	0.044799999999668216	RippleTimeIntervals					4386.8176		
4386.9824	0.04960000000028231	RippleTimeIntervals					4386.996		
4388.7176	0.03359999999975116	RippleTimeIntervals					4388.736		
4389.9192	0.05040000000008149	RippleTimeIntervals					4389.9472		
4395.0704	0.03840000000036525	RippleTimeIntervals					4395.0952		
4397.7048	0.06719999999950232	RippleTimeIntervals					4397.728		
4398.8704	0.052800000000388536	RippleTimeIntervals					4398.884		
4399.1976	0.050399999999171996	RippleTimeIntervals					4399.2136		
4400.26	0.04399999999986903	RippleTimeIntervals					4400.2776		
4400.7504	0.06239999999979773	RippleTimeIntervals					4400.7616		
4403.3848	0.051199999999880674	RippleTimeIntervals					4403.4072		
4406.3824	0.050399999999171996	RippleTimeIntervals					4406.3912		
4407.396	0.056000000000494765	RippleTimeIntervals					4407.42		
4408.408	0.04879999999957363	RippleTimeIntervals					4408.4232		
4410.3984	0.07439999999951397	RippleTimeIntervals					4410.4168		
4412.7488	0.034399999999550346	RippleTimeIntervals					4412.7704		
4413.3488	0.07360000000062428	RippleTimeIntervals					4413.4072		
4415.0528	0.04879999999957363	RippleTimeIntervals					4415.0816		
4418.2016	0.037599999999656575	RippleTimeIntervals					4418.2056		
4418.7544	0.06400000000030559	RippleTimeIntervals					4418.7752		
4420.3112	0.06319999999959691	RippleTimeIntervals					4420.3504		
4423.0	17.0	SleepStates							WAKEstate
4424.0304	0.0816000000004351	RippleTimeIntervals					4424.0608		
4427.6336	0.06559999999990396	RippleTimeIntervals					4427.652		
4429.8432	0.08320000000003347	RippleTimeIntervals					4429.872		
4431.624	0.051199999999880674	RippleTimeIntervals					4431.6512		
4433.6888	0.04160000000047148	RippleTimeIntervals					4433.7176		
4435.9992	0.02959999999984575	RippleTimeIntervals					4436.024		
4438.268	0.052800000000388536	RippleTimeIntervals					4438.2952		
4438.3944	0.0591999999996915	RippleTimeIntervals					4438.4208		
4441.0	55.0	SleepStates							REMstate
4448.2512	0.1320000000005166	RippleTimeIntervals					4448.364		
4497.0	119.0	SleepStates							WAKEstate
4507.0424	0.04159999999956199	RippleTimeIntervals					4507.0744		
4509.5664	0.0952000000006592	RippleTimeIntervals					4509.5968		
4512.6544	0.04959999999937281	RippleTimeIntervals					4512.688		
4514.9864	0.05200000000058935	RippleTimeIntervals					4515.012		
4515.4008	0.05519999999978609	RippleTimeIntervals					4515.4256		
4527.7088	0.04399999999986903	RippleTimeIntervals					4527.7128		
4532.472	0.048800000000483124	RippleTimeIntervals					4532.488		
4565.3992	0.05040000000008149	RippleTimeIntervals					4565.4256		
4585.3656	0.047999999999774445	RippleTimeIntervals					4585.3768		
4588.3312	0.06480000000010477	RippleTimeIntervals					4588.364		
4594.424	0.06239999999979773	RippleTimeIntervals					4594.4392		
4596.4184	0.04800000000068394	RippleTimeIntervals					4596.4392		
4596.9544	0.061599999999998545	RippleTimeIntervals					4596.9968		
4614.5552	0.03920000000016444	RippleTimeIntervals					4614.58		
4616.9488	0.03920000000016444	RippleTimeIntervals					4616.952		
4617.0	30.0	SleepStates							NREMstate
4617.0712	0.051199999999880674	RippleTimeIntervals					4617.1016		
4620.292	0.05519999999978609	RippleTimeIntervals					4620.316		
4620.9936	0.068000000000211	RippleTimeIntervals					4621.0312		
4621.352	0.03840000000036525	RippleTimeIntervals					4621.372		
4621.5976	0.04960000000028231	RippleTimeIntervals					4621.6168		
4624.784	0.04960000000028231	RippleTimeIntervals					4624.808		
4625.3968	0.06319999999959691	RippleTimeIntervals					4625.4256		
4626.3992	0.05519999999978609	RippleTimeIntervals					4626.4248		
4627.4768	0.06559999999990396	RippleTimeIntervals					4627.5224		
4627.9864	0.04160000000047148	RippleTimeIntervals					4627.9984		
4628.3696	0.03840000000036525	RippleTimeIntervals					4628.3952		
4628.5688	0.034399999999550346	RippleTimeIntervals					4628.572		
4630.6104	0.059200000000600994	RippleTimeIntervals					4630.6424		
4631.2664	0.043199999999160354	RippleTimeIntervals					4631.2984		
4632.6552	0.05040000000008149	RippleTimeIntervals					4632.6632		
4632.8616	0.0455999999994674	RippleTimeIntervals					4632.884		
4633.8792	0.056799999999384454	RippleTimeIntervals					4633.9016		
4634.1832	0.04159999999956199	RippleTimeIntervals					4634.192		
4638.2248	0.024800000000141154	RippleTimeIntervals					4638.2448		
4639.5216	0.051199999999880674	RippleTimeIntervals					4639.5488		
4640.42	0.05680000000029395	RippleTimeIntervals					4640.4528		
4640.9472	0.0543999999999869	RippleTimeIntervals					4640.9776		
4641.2888	0.05279999999947904	RippleTimeIntervals					4641.3112		
4643.58	0.04640000000017608	RippleTimeIntervals					4643.5824		
4644.2248	0.04960000000028231	RippleTimeIntervals					4644.2672		
4644.496	0.044799999999668216	RippleTimeIntervals					4644.4968		
4647.244	0.042400000000270666	RippleTimeIntervals					4647.2792		
4648.0	11.0	SleepStates							WAKEstate
4653.8856	0.07120000000031723	RippleTimeIntervals					4653.9056		
4654.74	0.09280000000035216	RippleTimeIntervals					4654.7816		
4655.1016	0.04960000000028231	RippleTimeIntervals					4655.1344		
4659.1984	0.07999999999992724	RippleTimeIntervals					4659.2584		
4660.0	63.0	SleepStates							NREMstate
4664.8336	0.06559999999990396	RippleTimeIntervals					4664.8736		
4665.1544	0.040799999999762804	RippleTimeIntervals					4665.1824		
4665.3184	0.05519999999978609	RippleTimeIntervals					4665.3352		
4669.4896	0.03840000000036525	RippleTimeIntervals					4669.5184		
4672.0504	0.035200000000259024	RippleTimeIntervals					4672.0728		
4672.2224	0.028800000000046566	RippleTimeIntervals					4672.236		
4672.876	0.061599999999998545	RippleTimeIntervals					4672.8944		
4673.8016	0.052800000000388536	RippleTimeIntervals					4673.8104		
4674.1104	0.0543999999999869	RippleTimeIntervals					4674.1384		
4674.4104	0.0543999999999869	RippleTimeIntervals					4674.4392		
4675.1064	0.05360000000018772	RippleTimeIntervals					4675.148		
4675.7664	0.03999999999996362	RippleTimeIntervals					4675.7752		
4676.7064	0.05360000000018772	RippleTimeIntervals					4676.7192		
4677.3912	0.04159999999956199	RippleTimeIntervals					4677.4128		
4678.44	0.03999999999996362	RippleTimeIntervals					4678.4456		
4681.8768	0.05760000000009313	RippleTimeIntervals					4681.9168		
4682.06	0.0639999999993961	RippleTimeIntervals					4682.088		
4693.1152	0.03679999999985739	RippleTimeIntervals					4693.1344		
4698.7568	0.05360000000018772	RippleTimeIntervals					4698.7824		
4699.2304	0.046399999999266583	RippleTimeIntervals					4699.2376		
4699.6512	0.047999999999774445	RippleTimeIntervals					4699.6656		
4699.9408	0.03999999999996362	RippleTimeIntervals					4699.9728		
4704.4088	0.07679999999982101	RippleTimeIntervals					4704.4592		
4711.7376	0.04959999999937281	RippleTimeIntervals					4711.7488		
4711.9216	0.03600000000005821	RippleTimeIntervals					4711.9264		
4712.1088	0.03679999999985739	RippleTimeIntervals					4712.136		
4713.4032	0.035200000000259024	RippleTimeIntervals					4713.4176		
4713.608	0.04399999999986903	RippleTimeIntervals					4713.616		
4714.092	0.07200000000011642	RippleTimeIntervals					4714.1184		
4718.3952	0.05680000000029395	RippleTimeIntervals					4718.4272		
4723.6168	0.06720000000041182	RippleTimeIntervals					4723.6392		
4724.0	9.0	SleepStates							WAKEstate
4731.7544	0.06239999999979773	RippleTimeIntervals					4731.772		
4733.912	0.08559999999943102	RippleTimeIntervals					4733.9592		
4734.0	30.0	SleepStates							NREMstate
4736.1528	0.04320000000006985	RippleTimeIntervals					4736.1624		
4738.1528	0.03600000000005821	RippleTimeIntervals					4738.168		
4738.86	0.07600000000002183	RippleTimeIntervals					4738.888		
4740.7256	0.03120000000035361	RippleTimeIntervals					4740.7456		
4741.7344	0.06559999999990396	RippleTimeIntervals					4741.7744		
4742.3344	0.03920000000016444	RippleTimeIntervals					4742.356		
4742.5736	0.051199999999880674	RippleTimeIntervals					4742.5848		
4749.8216	0.0727999999999156	RippleTimeIntervals					4749.8512		
4753.8296	0.06000000000040018	RippleTimeIntervals					4753.8448		
4754.0328	0.037599999999656575	RippleTimeIntervals					4754.0352		
4755.3192	0.048800000000483124	RippleTimeIntervals					4755.3416		
4756.7992	0.051199999999880674	RippleTimeIntervals					4756.8304		
4761.2816	0.06080000000019936	RippleTimeIntervals					4761.3264		
4763.5192	0.045600000000376895	RippleTimeIntervals					4763.5304		
4765.0	7.0	SleepStates							WAKEstate
4767.428	0.04160000000047148	RippleTimeIntervals					4767.4352		
4771.9536	0.02959999999984575	RippleTimeIntervals					4771.9696		
4772.9208	0.07600000000002183	RippleTimeIntervals					4772.952		
4773.0	19.0	SleepStates							NREMstate
4773.1624	0.0591999999996915	RippleTimeIntervals					4773.1792		
4773.3616	0.044799999999668216	RippleTimeIntervals					4773.368		
4773.5616	0.04960000000028231	RippleTimeIntervals					4773.5832		
4773.8464	0.03919999999925494	RippleTimeIntervals					4773.8704		
4775.1088	0.04320000000006985	RippleTimeIntervals					4775.116		
4778.4944	0.03999999999996362	RippleTimeIntervals					4778.5128		
4780.5608	0.04159999999956199	RippleTimeIntervals					4780.5624		
4782.2848	0.05040000000008149	RippleTimeIntervals					4782.292		
4782.6672	0.04640000000017608	RippleTimeIntervals					4782.6856		
4783.6184	0.04159999999956199	RippleTimeIntervals					4783.6448		
4784.0624	0.03999999999996362	RippleTimeIntervals					4784.0896		
4784.38	0.05040000000008149	RippleTimeIntervals					4784.396		
4784.7232	0.028800000000046566	RippleTimeIntervals					4784.7368		
4787.1752	0.04640000000017608	RippleTimeIntervals					4787.1936		
4789.0936	0.0543999999999869	RippleTimeIntervals					4789.108		
4793.0	30.0	SleepStates							WAKEstate
4806.5888	0.04959999999937281	RippleTimeIntervals					4806.6144		
4807.7256	0.05200000000058935	RippleTimeIntervals					4807.7536		
4809.8728	0.07200000000011642	RippleTimeIntervals					4809.9184		
4818.0712	0.04159999999956199	RippleTimeIntervals					4818.08		
4824.0	29.0	SleepStates							NREMstate
4825.1136	0.05760000000009313	RippleTimeIntervals					4825.1248		
4825.7768	0.04800000000068394	RippleTimeIntervals					4825.7936		
4826.0104	0.042400000000270666	RippleTimeIntervals					4826.0344		
4832.9872	0.035200000000259024	RippleTimeIntervals					4833.0136		
4833.848	0.03120000000035361	RippleTimeIntervals					4833.864		
4841.0712	0.04399999999986903	RippleTimeIntervals					4841.0888		
4841.8952	0.048800000000483124	RippleTimeIntervals					4841.9344		
4842.7464	0.04159999999956199	RippleTimeIntervals					4842.7744		
4843.2464	0.058399999999892316	RippleTimeIntervals					4843.2832		
4848.0952	0.03920000000016444	RippleTimeIntervals					4848.104		
4849.3536	0.06559999999990396	RippleTimeIntervals					4849.3808		
4849.9008	0.03679999999985739	RippleTimeIntervals					4849.9208		
4854.0	20.0	SleepStates							WAKEstate
4871.7424	0.06080000000019936	RippleTimeIntervals					4871.7608		
4872.7608	0.032000000000152795	RippleTimeIntervals					4872.7688		
4873.0696	0.05040000000008149	RippleTimeIntervals					4873.1072		
4873.3168	0.048800000000483124	RippleTimeIntervals					4873.332		
4873.5816	0.06319999999959691	RippleTimeIntervals					4873.6152		
4875.0	15.0	SleepStates							NREMstate
4875.516	0.042400000000270666	RippleTimeIntervals					4875.5216		
4880.2008	0.1087999999999738	RippleTimeIntervals					4880.2576		
4880.4584	0.044799999999668216	RippleTimeIntervals					4880.4824		
4881.0496	0.03920000000016444	RippleTimeIntervals					4881.06		
4881.548	0.04719999999997526	RippleTimeIntervals					4881.5752		
4890.9016	0.02639999999973952	RippleTimeIntervals					4890.9144		
4891.0	7.0	SleepStates							WAKEstate
4891.1944	0.02639999999973952	RippleTimeIntervals					4891.2192		
4897.7696	0.07840000000032887	RippleTimeIntervals					4897.792		
4899.0	92.0	SleepStates							NREMstate
4899.2984	0.0408000000006723	RippleTimeIntervals					4899.3048		
4901.2144	0.07440000000042346	RippleTimeIntervals					4901.2288		
4901.8944	0.044799999999668216	RippleTimeIntervals					4901.9272		
4905.0192	0.04160000000047148	RippleTimeIntervals					4905.0552		
4913.12	0.03120000000035361	RippleTimeIntervals					4913.128		
4913.6112	0.051199999999880674	RippleTimeIntervals					4913.6408		
4914.0248	0.05680000000029395	RippleTimeIntervals					4914.0408		
4914.856	0.04160000000047148	RippleTimeIntervals					4914.8568		
4915.3128	0.048800000000483124	RippleTimeIntervals					4915.3256		
4918.744	0.03360000000066066	RippleTimeIntervals					4918.7648		
4919.9648	0.04960000000028231	RippleTimeIntervals					4919.9904		
4923.0176	0.05519999999978609	RippleTimeIntervals					4923.0432		
4924.0632	0.05840000000080181	RippleTimeIntervals					4924.0944		
4925.2544	0.058399999999892316	RippleTimeIntervals					4925.268		
4926.8264	0.056000000000494765	RippleTimeIntervals					4926.8712		
4929.3456	0.03440000000045984	RippleTimeIntervals					4929.348		
4931.8672	0.07040000000051805	RippleTimeIntervals					4931.9016		
4932.0704	0.0408000000006723	RippleTimeIntervals					4932.0736		
4933.2264	0.05360000000018772	RippleTimeIntervals					4933.2648		
4936.8624	0.044799999999668216	RippleTimeIntervals					4936.8704		
4937.052	0.061599999999998545	RippleTimeIntervals					4937.076		
4944.42	0.05599999999958527	RippleTimeIntervals					4944.4448		
4945.0192	0.07440000000042346	RippleTimeIntervals					4945.0504		
4947.0168	0.05999999999949068	RippleTimeIntervals					4947.036		
4947.5576	0.07039999999960855	RippleTimeIntervals					4947.5976		
4949.1776	0.04320000000006985	RippleTimeIntervals					4949.2016		
4951.4392	0.06000000000040018	RippleTimeIntervals					4951.444		
4953.3048	0.028800000000046566	RippleTimeIntervals					4953.3288		
4953.5152	0.032000000000152795	RippleTimeIntervals					4953.5184		
4953.7656	0.04719999999997526	RippleTimeIntervals					4953.7776		
4954.6744	0.04399999999986903	RippleTimeIntervals					4954.6912		
4958.5216	0.05199999999967986	RippleTimeIntervals					4958.556		
4958.6864	0.03760000000056607	RippleTimeIntervals					4958.7064		
4958.9552	0.05999999999949068	RippleTimeIntervals					4958.9984		
4970.7184	0.03440000000045984	RippleTimeIntervals					4970.7224		
4977.2784	0.05360000000018772	RippleTimeIntervals					4977.296		
4978.0776	0.08240000000023429	RippleTimeIntervals					4978.1072		
4978.3256	0.05279999999947904	RippleTimeIntervals					4978.3328		
4978.564	0.040799999999762804	RippleTimeIntervals					4978.5672		
4980.0528	0.04159999999956199	RippleTimeIntervals					4980.0856		
4980.6384	0.04719999999997526	RippleTimeIntervals					4980.656		
4982.5672	0.040799999999762804	RippleTimeIntervals					4982.5952		
4986.1176	0.045600000000376895	RippleTimeIntervals					4986.1376		
4986.244	0.04160000000047148	RippleTimeIntervals					4986.26		
4986.5608	0.04879999999957363	RippleTimeIntervals					4986.5848		
4987.7168	0.03359999999975116	RippleTimeIntervals					4987.7344		
4988.0768	0.048800000000483124	RippleTimeIntervals					4988.1032		
4989.6936	0.05040000000008149	RippleTimeIntervals					4989.724		
4990.3104	0.046399999999266583	RippleTimeIntervals					4990.3288		
4992.0	15.0	SleepStates							WAKEstate
5000.1344	0.0543999999999869	RippleTimeIntervals					5000.1512		
5003.0304	0.061599999999998545	RippleTimeIntervals					5003.0768		
5003.188	0.04960000000028231	RippleTimeIntervals					5003.204		
5003.8288	0.068000000000211	RippleTimeIntervals					5003.8464		
5008.0	59.0	SleepStates							NREMstate
5009.228	0.05999999999949068	RippleTimeIntervals					5009.2728		
5010.2032	0.09280000000035216	RippleTimeIntervals					5010.2288		
5010.6688	0.047999999999774445	RippleTimeIntervals					5010.6728		
5016.5336	0.042400000000270666	RippleTimeIntervals					5016.5576		
5016.6384	0.05680000000029395	RippleTimeIntervals					5016.6536		
5019.584	0.06640000000061264	RippleTimeIntervals					5019.6184		
5020.5256	0.056000000000494765	RippleTimeIntervals					5020.5456		
5020.9664	0.06319999999959691	RippleTimeIntervals					5020.9736		
5022.3976	0.05199999999967986	RippleTimeIntervals					5022.4312		
5027.5568	0.05279999999947904	RippleTimeIntervals					5027.5872		
5028.724	0.042400000000270666	RippleTimeIntervals					5028.7552		
5028.9528	0.02080000000023574	RippleTimeIntervals					5028.9672		
5029.2752	0.04960000000028231	RippleTimeIntervals					5029.296		
5029.8072	0.068000000000211	RippleTimeIntervals					5029.8312		
5031.0528	0.03679999999985739	RippleTimeIntervals					5031.056		
5034.4192	0.07200000000011642	RippleTimeIntervals					5034.4616		
5038.6776	0.03999999999996362	RippleTimeIntervals					5038.688		
5039.6736	0.05279999999947904	RippleTimeIntervals					5039.7128		
5041.1656	0.04959999999937281	RippleTimeIntervals					5041.1896		
5042.008	0.07360000000062428	RippleTimeIntervals					5042.0472		
5042.4152	0.040799999999762804	RippleTimeIntervals					5042.4368		
5044.2536	0.051199999999880674	RippleTimeIntervals					5044.2688		
5044.556	0.03840000000036525	RippleTimeIntervals					5044.5656		
5045.324	0.03360000000066066	RippleTimeIntervals					5045.3512		
5046.0624	0.04160000000047148	RippleTimeIntervals					5046.0656		
5046.6744	0.03279999999995198	RippleTimeIntervals					5046.7008		
5048.864	0.03280000000086147	RippleTimeIntervals					5048.8896		
5052.948	0.07039999999960855	RippleTimeIntervals					5052.9864		
5053.8312	0.042400000000270666	RippleTimeIntervals					5053.8608		
5054.4784	0.058399999999892316	RippleTimeIntervals					5054.5168		
5055.4048	0.04879999999957363	RippleTimeIntervals					5055.4384		
5055.6856	0.03120000000035361	RippleTimeIntervals					5055.7016		
5055.924	0.04640000000017608	RippleTimeIntervals					5055.9368		
5056.1632	0.06000000000040018	RippleTimeIntervals					5056.1848		
5057.6224	0.047999999999774445	RippleTimeIntervals					5057.6288		
5067.7872	0.07040000000051805	RippleTimeIntervals					5067.8072		
5068.0	22.0	SleepStates							WAKEstate
5081.8448	0.059200000000600994	RippleTimeIntervals					5081.876		
5091.0	256.0	SleepStates							NREMstate
5091.2192	0.05840000000080181	RippleTimeIntervals					5091.244		
5093.2096	0.05760000000009313	RippleTimeIntervals					5093.2352		
5093.404	0.05279999999947904	RippleTimeIntervals					5093.4168		
5096.1384	0.03440000000045984	RippleTimeIntervals					5096.1568		
5098.5848	0.052800000000388536	RippleTimeIntervals					5098.6048		
5099.2816	0.04640000000017608	RippleTimeIntervals					5099.2896		
5099.8408	0.0543999999999869	RippleTimeIntervals					5099.8576		
5100.5136	0.06239999999979773	RippleTimeIntervals					5100.5288		
5100.8552	0.06720000000041182	RippleTimeIntervals					5100.8736		
5102.1896	0.05360000000018772	RippleTimeIntervals					5102.208		
5103.0584	0.04399999999986903	RippleTimeIntervals					5103.068		
5109.968	0.07840000000032887	RippleTimeIntervals					5110.0392		
5110.488	0.051199999999880674	RippleTimeIntervals					5110.5112		
5110.66	0.03120000000035361	RippleTimeIntervals					5110.6744		
5112.116	0.05599999999958527	RippleTimeIntervals					5112.1432		
5113.8408	0.025599999999940337	RippleTimeIntervals					5113.864		
5115.7528	0.02639999999973952	RippleTimeIntervals					5115.7672		
5115.984	0.03519999999934953	RippleTimeIntervals					5116.008		
5120.2672	0.05360000000018772	RippleTimeIntervals					5120.2808		
5122.5912	0.068000000000211	RippleTimeIntervals					5122.6304		
5125.3472	0.05760000000009313	RippleTimeIntervals					5125.3664		
5125.66	0.04399999999986903	RippleTimeIntervals					5125.6744		
5126.204	0.03120000000035361	RippleTimeIntervals					5126.2104		
5128.9576	0.06720000000041182	RippleTimeIntervals					5128.984		
5130.6488	0.051199999999880674	RippleTimeIntervals					5130.6768		
5135.6536	0.04480000000057771	RippleTimeIntervals					5135.6808		
5135.9728	0.04400000000077853	RippleTimeIntervals					5135.996		
5136.432	0.04640000000017608	RippleTimeIntervals					5136.4504		
5136.9176	0.06080000000019936	RippleTimeIntervals					5136.9368		
5137.2816	0.04239999999936117	RippleTimeIntervals					5137.3064		
5138.7488	0.051199999999880674	RippleTimeIntervals					5138.7616		
5139.3632	0.03279999999995198	RippleTimeIntervals					5139.376		
5143.1056	0.051199999999880674	RippleTimeIntervals					5143.1224		
5143.2968	0.05519999999978609	RippleTimeIntervals					5143.3232		
5145.4936	0.03760000000056607	RippleTimeIntervals					5145.5168		
5147.5136	0.03999999999996362	RippleTimeIntervals					5147.5416		
5147.8032	0.04399999999986903	RippleTimeIntervals					5147.8296		
5155.48	0.04160000000047148	RippleTimeIntervals					5155.4864		
5156.8744	0.07200000000011642	RippleTimeIntervals					5156.9296		
5157.856	0.0408000000006723	RippleTimeIntervals					5157.86		
5158.3232	0.06559999999990396	RippleTimeIntervals					5158.3576		
5163.4512	0.07999999999992724	RippleTimeIntervals					5163.5216		
5163.628	0.04160000000047148	RippleTimeIntervals					5163.6448		
5166.4472	0.0632000000005064	RippleTimeIntervals					5166.4704		
5166.9856	0.037599999999656575	RippleTimeIntervals					5167.0136		
5172.036	0.05999999999949068	RippleTimeIntervals					5172.068		
5172.5688	0.03279999999995198	RippleTimeIntervals					5172.576		
5173.9848	0.05279999999947904	RippleTimeIntervals					5174.0024		
5174.8784	0.042400000000270666	RippleTimeIntervals					5174.9016		
5175.228	0.05760000000009313	RippleTimeIntervals					5175.2416		
5186.2456	0.06080000000019936	RippleTimeIntervals					5186.2664		
5193.9408	0.058399999999892316	RippleTimeIntervals					5193.98		
5194.236	0.04719999999997526	RippleTimeIntervals					5194.2544		
5194.7104	0.058399999999892316	RippleTimeIntervals					5194.744		
5194.9984	0.03279999999995198	RippleTimeIntervals					5195.0		
5203.8392	0.056799999999384454	RippleTimeIntervals					5203.8856		
5205.308	0.07200000000011642	RippleTimeIntervals					5205.3352		
5214.0576	0.0727999999999156	RippleTimeIntervals					5214.0888		
5215.6192	0.04879999999957363	RippleTimeIntervals					5215.6296		
5216.7104	0.06959999999980937	RippleTimeIntervals					5216.7384		
5218.6792	0.056000000000494765	RippleTimeIntervals					5218.7032		
5218.9384	0.06000000000040018	RippleTimeIntervals					5218.9664		
5225.7568	0.03920000000016444	RippleTimeIntervals					5225.7784		
5226.0344	0.05680000000029395	RippleTimeIntervals					5226.0616		
5227.476	0.0272000000004482	RippleTimeIntervals					5227.5016		
5236.5856	0.03839999999945576	RippleTimeIntervals					5236.5952		
5239.1792	0.0408000000006723	RippleTimeIntervals					5239.1896		
5240.5352	0.05999999999949068	RippleTimeIntervals					5240.5576		
5242.5224	0.035200000000259024	RippleTimeIntervals					5242.5288		
5245.1912	0.05999999999949068	RippleTimeIntervals					5245.2168		
5252.796	0.05040000000008149	RippleTimeIntervals					5252.8232		
5253.848	0.045600000000376895	RippleTimeIntervals					5253.8712		
5255.3336	0.07120000000031723	RippleTimeIntervals					5255.3624		
5256.4808	0.03839999999945576	RippleTimeIntervals					5256.4864		
5256.764	0.04719999999997526	RippleTimeIntervals					5256.7672		
5257.0696	0.06000000000040018	RippleTimeIntervals					5257.0816		
5257.316	0.06559999999990396	RippleTimeIntervals					5257.3608		
5257.872	0.047999999999774445	RippleTimeIntervals					5257.912		
5258.024	0.04399999999986903	RippleTimeIntervals					5258.0456		
5270.732	0.06639999999970314	RippleTimeIntervals					5270.7616		
5271.86	0.06400000000030559	RippleTimeIntervals					5271.8872		
5272.22	0.05279999999947904	RippleTimeIntervals					5272.2488		
5273.4384	0.05360000000018772	RippleTimeIntervals					5273.448		
5278.6336	0.04399999999986903	RippleTimeIntervals					5278.6576		
5279.7488	0.047999999999774445	RippleTimeIntervals					5279.752		
5282.3592	0.05760000000009313	RippleTimeIntervals					5282.392		
5285.0312	0.047999999999774445	RippleTimeIntervals					5285.064		
5286.42	0.0543999999999869	RippleTimeIntervals					5286.4472		
5290.924	0.05680000000029395	RippleTimeIntervals					5290.9384		
5295.104	0.05519999999978609	RippleTimeIntervals					5295.1168		
5299.0296	0.07840000000032887	RippleTimeIntervals					5299.0448		
5314.5024	0.05199999999967986	RippleTimeIntervals					5314.536		
5315.328	0.05519999999978609	RippleTimeIntervals					5315.34		
5315.6696	0.04399999999986903	RippleTimeIntervals					5315.6952		
5315.9456	0.07440000000042346	RippleTimeIntervals					5315.9672		
5317.5768	0.051199999999880674	RippleTimeIntervals					5317.5888		
5320.816	0.0543999999999869	RippleTimeIntervals					5320.8416		
5321.376	0.09439999999995052	RippleTimeIntervals					5321.4104		
5322.2664	0.07119999999940774	RippleTimeIntervals					5322.316		
5322.8072	0.04239999999936117	RippleTimeIntervals					5322.8232		
5323.1064	0.04640000000017608	RippleTimeIntervals					5323.1152		
5324.3312	0.048800000000483124	RippleTimeIntervals					5324.3504		
5328.0	0.04320000000006985	RippleTimeIntervals					5328.0088		
5340.4968	0.04399999999986903	RippleTimeIntervals					5340.524		
5341.7224	0.0727999999999156	RippleTimeIntervals					5341.7288		
5342.1784	0.03600000000005821	RippleTimeIntervals					5342.2128		
5346.436	0.04719999999997526	RippleTimeIntervals					5346.4432		
5348.0	66.0	SleepStates							WAKEstate
5348.7992	0.03679999999985739	RippleTimeIntervals					5348.804		
5349.1744	0.044799999999668216	RippleTimeIntervals					5349.1944		
5349.8904	0.068000000000211	RippleTimeIntervals					5349.908		
5363.5648	0.04399999999986903	RippleTimeIntervals					5363.58		
5367.32	0.04800000000068394	RippleTimeIntervals					5367.3496		
5367.4504	0.04960000000028231	RippleTimeIntervals					5367.4608		
5368.3136	0.0591999999996915	RippleTimeIntervals					5368.3432		
5372.4248	0.052800000000388536	RippleTimeIntervals					5372.4608		
5394.44	0.036800000000766886	RippleTimeIntervals					5394.4688		
5396.7504	0.05199999999967986	RippleTimeIntervals					5396.7768		
5401.6584	0.04719999999997526	RippleTimeIntervals					5401.6864		
5401.8416	0.05360000000018772	RippleTimeIntervals					5401.8736		
5402.2016	0.04879999999957363	RippleTimeIntervals					5402.2136		
5414.8592	0.06639999999970314	RippleTimeIntervals					5414.9		
5415.0	211.0	SleepStates							NREMstate
5415.0344	0.040000000000873115	RippleTimeIntervals					5415.0464		
5424.5392	0.02959999999984575	RippleTimeIntervals					5424.5416		
5431.8152	0.042400000000270666	RippleTimeIntervals					5431.82		
5432.204	0.04800000000068394	RippleTimeIntervals					5432.212		
5432.3952	0.03840000000036525	RippleTimeIntervals					5432.4104		
5436.7944	0.03679999999985739	RippleTimeIntervals					5436.8136		
5439.8272	0.04960000000028231	RippleTimeIntervals					5439.8496		
5440.3328	0.05199999999967986	RippleTimeIntervals					5440.3568		
5447.1456	0.047999999999774445	RippleTimeIntervals					5447.1672		
5452.4656	0.05279999999947904	RippleTimeIntervals					5452.4928		
5461.3648	0.0591999999996915	RippleTimeIntervals					5461.3984		
5470.608	0.07119999999940774	RippleTimeIntervals					5470.6496		
5476.6552	0.05519999999978609	RippleTimeIntervals					5476.66		
5479.5208	0.03679999999985739	RippleTimeIntervals					5479.5496		
5485.8896	0.04239999999936117	RippleTimeIntervals					5485.9136		
5488.9432	0.06000000000040018	RippleTimeIntervals					5488.9616		
5491.3392	0.06959999999980937	RippleTimeIntervals					5491.3624		
5491.6232	0.034399999999550346	RippleTimeIntervals					5491.6336		
5492.5952	0.0543999999999869	RippleTimeIntervals					5492.5976		
5493.3416	0.051199999999880674	RippleTimeIntervals					5493.372		
5494.9528	0.04719999999997526	RippleTimeIntervals					5494.9856		
5495.1472	0.04959999999937281	RippleTimeIntervals					5495.176		
5503.0248	0.05199999999967986	RippleTimeIntervals					5503.0312		
5504.36	0.08719999999993888	RippleTimeIntervals					5504.3752		
5510.5064	0.056799999999384454	RippleTimeIntervals					5510.5336		
5512.184	0.0775999999996202	RippleTimeIntervals					5512.2128		
5513.0792	0.04640000000017608	RippleTimeIntervals					5513.104		
5514.32	0.0816000000004351	RippleTimeIntervals					5514.328		
5515.2528	0.03920000000016444	RippleTimeIntervals					5515.2648		
5515.5584	0.06400000000030559	RippleTimeIntervals					5515.5896		
5517.5528	0.0543999999999869	RippleTimeIntervals					5517.572		
5517.7664	0.0543999999999869	RippleTimeIntervals					5517.7792		
5518.2712	0.04159999999956199	RippleTimeIntervals					5518.2728		
5518.5776	0.07040000000051805	RippleTimeIntervals					5518.6016		
5529.4704	0.04399999999986903	RippleTimeIntervals					5529.4944		
5530.3144	0.04399999999986903	RippleTimeIntervals					5530.3288		
5531.1416	0.0632000000005064	RippleTimeIntervals					5531.1584		
5531.5128	0.06319999999959691	RippleTimeIntervals					5531.5464		
5538.0816	0.05199999999967986	RippleTimeIntervals					5538.1024		
5538.2744	0.05040000000008149	RippleTimeIntervals					5538.2848		
5538.4808	0.04399999999986903	RippleTimeIntervals					5538.4968		
5538.6344	0.03120000000035361	RippleTimeIntervals					5538.6456		
5543.8144	0.07039999999960855	RippleTimeIntervals					5543.8448		
5544.0088	0.08400000000074215	RippleTimeIntervals					5544.0232		
5576.1104	0.03280000000086147	RippleTimeIntervals					5576.1272		
5576.5136	0.04239999999936117	RippleTimeIntervals					5576.5152		
5577.4464	0.03840000000036525	RippleTimeIntervals					5577.4728		
5581.7072	0.04640000000017608	RippleTimeIntervals					5581.7216		
5583.3216	0.05999999999949068	RippleTimeIntervals					5583.3664		
5585.088	0.04719999999997526	RippleTimeIntervals					5585.1128		
5585.2464	0.03920000000016444	RippleTimeIntervals					5585.2584		
5589.8048	0.0591999999996915	RippleTimeIntervals					5589.8112		
5594.4744	0.042400000000270666	RippleTimeIntervals					5594.5072		
5600.952	0.05040000000008149	RippleTimeIntervals					5600.9712		
5601.4392	0.06000000000040018	RippleTimeIntervals					5601.4824		
5601.8624	0.05519999999978609	RippleTimeIntervals					5601.9024		
5602.3008	0.035200000000259024	RippleTimeIntervals					5602.3048		
5602.56	0.03919999999925494	RippleTimeIntervals					5602.5712		
5603.0856	0.05199999999967986	RippleTimeIntervals					5603.1032		
5607.7464	0.0272000000004482	RippleTimeIntervals					5607.7536		
5613.2552	0.052800000000388536	RippleTimeIntervals					5613.284		
5618.812	0.040799999999762804	RippleTimeIntervals					5618.8224		
5619.2896	0.052800000000388536	RippleTimeIntervals					5619.3152		
5627.0	55.0	SleepStates							WAKEstate
5635.0472	0.028000000000247383	RippleTimeIntervals					5635.052		
5647.0744	0.05759999999918364	RippleTimeIntervals					5647.0944		
5651.6392	0.05040000000008149	RippleTimeIntervals					5651.6744		
5660.6928	0.06959999999980937	RippleTimeIntervals					5660.7264		
5663.1648	0.06240000000070722	RippleTimeIntervals					5663.204		
5664.1832	0.061599999999998545	RippleTimeIntervals					5664.2104		
5683.0	144.0	SleepStates							NREMstate
5686.3544	0.04640000000017608	RippleTimeIntervals					5686.3592		
5686.7216	0.04160000000047148	RippleTimeIntervals					5686.7432		
5691.0328	0.051199999999880674	RippleTimeIntervals					5691.0704		
5693.1184	0.04719999999997526	RippleTimeIntervals					5693.1296		
5693.4864	0.058399999999892316	RippleTimeIntervals					5693.5032		
5696.2728	0.06400000000030559	RippleTimeIntervals					5696.2976		
5706.0648	0.04960000000028231	RippleTimeIntervals					5706.072		
5707.2816	0.0455999999994674	RippleTimeIntervals					5707.2992		
5710.1504	0.07519999999931315	RippleTimeIntervals					5710.1632		
5711.5944	0.05760000000009313	RippleTimeIntervals					5711.6272		
5713.3264	0.07999999999992724	RippleTimeIntervals					5713.376		
5718.6896	0.04640000000017608	RippleTimeIntervals					5718.6952		
5719.1568	0.03600000000005821	RippleTimeIntervals					5719.1792		
5719.3824	0.03999999999996362	RippleTimeIntervals					5719.4128		
5723.1672	0.045600000000376895	RippleTimeIntervals					5723.168		
5723.904	0.051199999999880674	RippleTimeIntervals					5723.9184		
5724.1952	0.047999999999774445	RippleTimeIntervals					5724.2024		
5725.1576	0.06960000000071886	RippleTimeIntervals					5725.1928		
5725.504	0.05199999999967986	RippleTimeIntervals					5725.5272		
5731.5344	0.036800000000766886	RippleTimeIntervals					5731.5392		
5733.164	0.0864000000001397	RippleTimeIntervals					5733.2272		
5736.704	0.04480000000057771	RippleTimeIntervals					5736.7104		
5738.4744	0.07359999999971478	RippleTimeIntervals					5738.5184		
5739.0944	0.05199999999967986	RippleTimeIntervals					5739.0968		
5740.528	0.05519999999978609	RippleTimeIntervals					5740.5528		
5740.8624	0.04399999999986903	RippleTimeIntervals					5740.8728		
5742.0768	0.05360000000018772	RippleTimeIntervals					5742.1032		
5747.756	0.03519999999934953	RippleTimeIntervals					5747.7888		
5749.9104	0.06480000000010477	RippleTimeIntervals					5749.9312		
5750.8136	0.04959999999937281	RippleTimeIntervals					5750.852		
5753.2824	0.06000000000040018	RippleTimeIntervals					5753.3112		
5756.8912	0.05360000000018772	RippleTimeIntervals					5756.9288		
5757.0712	0.0455999999994674	RippleTimeIntervals					5757.0936		
5760.6472	0.040799999999762804	RippleTimeIntervals					5760.6856		
5762.8016	0.06239999999979773	RippleTimeIntervals					5762.8296		
5765.088	0.051199999999880674	RippleTimeIntervals					5765.1064		
5770.0704	0.028800000000046566	RippleTimeIntervals					5770.0928		
5770.584	0.058399999999892316	RippleTimeIntervals					5770.62		
5770.8	0.068000000000211	RippleTimeIntervals					5770.8176		
5771.1024	0.04960000000028231	RippleTimeIntervals					5771.1216		
5771.4528	0.051199999999880674	RippleTimeIntervals					5771.4888		
5771.6096	0.03679999999985739	RippleTimeIntervals					5771.6328		
5772.516	0.04320000000006985	RippleTimeIntervals					5772.5392		
5773.6072	0.06079999999928987	RippleTimeIntervals					5773.608		
5781.6968	0.0408000000006723	RippleTimeIntervals					5781.7168		
5784.3344	0.0952000000006592	RippleTimeIntervals					5784.3472		
5784.648	0.06959999999980937	RippleTimeIntervals					5784.676		
5787.2064	0.07200000000011642	RippleTimeIntervals					5787.236		
5787.4712	0.06880000000001019	RippleTimeIntervals					5787.5056		
5787.9728	0.05120000000079017	RippleTimeIntervals					5787.9976		
5789.0776	0.048800000000483124	RippleTimeIntervals					5789.0888		
5789.7696	0.06560000000081345	RippleTimeIntervals					5789.7992		
5790.0576	0.037599999999656575	RippleTimeIntervals					5790.0712		
5793.5224	0.04399999999986903	RippleTimeIntervals					5793.5344		
5794.12	0.05199999999967986	RippleTimeIntervals					5794.1528		
5797.4768	0.037599999999656575	RippleTimeIntervals					5797.4896		
5799.164	0.06559999999990396	RippleTimeIntervals					5799.1664		
5799.6152	0.023999999999432475	RippleTimeIntervals					5799.6272		
5799.9336	0.03600000000005821	RippleTimeIntervals					5799.9472		
5806.4576	0.04719999999997526	RippleTimeIntervals					5806.4704		
5806.9088	0.03920000000016444	RippleTimeIntervals					5806.912		
5807.148	0.06080000000019936	RippleTimeIntervals					5807.1824		
5808.524	0.06319999999959691	RippleTimeIntervals					5808.5256		
5810.3704	0.04719999999997526	RippleTimeIntervals					5810.388		
5810.612	0.03840000000036525	RippleTimeIntervals					5810.636		
5811.0096	0.05279999999947904	RippleTimeIntervals					5811.036		
5816.7664	0.04399999999986903	RippleTimeIntervals					5816.7944		
5828.0	42.0	SleepStates							WAKEstate
5836.6584	0.040799999999762804	RippleTimeIntervals					5836.692		
5837.9024	0.04160000000047148	RippleTimeIntervals					5837.9304		
5859.0664	0.061599999999998545	RippleTimeIntervals					5859.1048		
5869.7904	0.02959999999984575	RippleTimeIntervals					5869.804		
5870.692	0.051199999999880674	RippleTimeIntervals					5870.7048		
5871.0	86.0	SleepStates							NREMstate
5871.536	0.07439999999951397	RippleTimeIntervals					5871.5752		
5872.3368	0.03920000000016444	RippleTimeIntervals					5872.3672		
5874.7336	0.0728000000008251	RippleTimeIntervals					5874.7624		
5875.5576	0.05680000000029395	RippleTimeIntervals					5875.584		
5879.7816	0.056799999999384454	RippleTimeIntervals					5879.8048		
5880.0952	0.06959999999980937	RippleTimeIntervals					5880.1144		
5884.62	0.05199999999967986	RippleTimeIntervals					5884.628		
5889.2832	0.045600000000376895	RippleTimeIntervals					5889.3016		
5893.996	0.06400000000030559	RippleTimeIntervals					5894.008		
5896.7144	0.04160000000047148	RippleTimeIntervals					5896.7248		
5897.912	0.03679999999985739	RippleTimeIntervals					5897.9464		
5898.084	0.042400000000270666	RippleTimeIntervals					5898.092		
5898.7424	0.03279999999995198	RippleTimeIntervals					5898.7712		
5902.2296	0.03920000000016444	RippleTimeIntervals					5902.2632		
5904.94	0.06960000000071886	RippleTimeIntervals					5904.9648		
5907.94	0.05200000000058935	RippleTimeIntervals					5907.9648		
5911.3672	0.036800000000766886	RippleTimeIntervals					5911.3928		
5918.7352	0.02639999999973952	RippleTimeIntervals					5918.7448		
5919.1584	0.05599999999958527	RippleTimeIntervals					5919.1984		
5930.4584	0.046399999999266583	RippleTimeIntervals					5930.48		
5930.8736	0.03600000000005821	RippleTimeIntervals					5930.8744		
5931.508	0.07679999999982101	RippleTimeIntervals					5931.5536		
5932.9936	0.03679999999985739	RippleTimeIntervals					5932.9968		
5934.0784	0.040799999999762804	RippleTimeIntervals					5934.0928		
5937.2432	0.03999999999996362	RippleTimeIntervals					5937.2632		
5938.5672	0.09359999999924185	RippleTimeIntervals					5938.6352		
5940.1992	0.051199999999880674	RippleTimeIntervals					5940.2184		
5942.2928	0.040799999999762804	RippleTimeIntervals					5942.2984		
5943.5032	0.06639999999970314	RippleTimeIntervals					5943.5272		
5943.8952	0.03920000000016444	RippleTimeIntervals					5943.9		
5944.848	0.06959999999980937	RippleTimeIntervals					5944.8808		
5950.5952	0.052800000000388536	RippleTimeIntervals					5950.6192		
5951.288	0.06960000000071886	RippleTimeIntervals					5951.2944		
5958.0	1507.0	SleepStates							WAKEstate
5968.288	2334.7519666666676	epochs	Maze	uLED random stim	fCamk3_201111_094136	Linear maze			
5993.2824	0.04879999999957363	RippleTimeIntervals					5993.3		
5993.9432	0.042400000000270666	RippleTimeIntervals					5993.9608		
6000.3384	0.048800000000483124	RippleTimeIntervals					6000.3616		
6006.2264	0.04320000000006985	RippleTimeIntervals					6006.2384		
6008.5848	0.09120000000075379	RippleTimeIntervals					6008.648		
6010.3064	0.04879999999957363	RippleTimeIntervals					6010.3464		
6013.1416	0.061599999999998545	RippleTimeIntervals					6013.1664		
6023.5536	0.0999999999994543	RippleTimeIntervals					6023.652		
6034.6704	0.0272000000004482	RippleTimeIntervals					6034.6808		
6081.7312	0.01919999999972788	RippleTimeIntervals					6081.732		
6125.8968	0.09359999999924185	RippleTimeIntervals					6125.9808		
6126.1328	0.118399999999383	RippleTimeIntervals					6126.1432		
6212.4368	0.031199999999444117	RippleTimeIntervals					6212.44		
6412.1952	0.07439999999951397	RippleTimeIntervals					6412.244		
6478.276	0.042400000000270666	RippleTimeIntervals					6478.2784		
6502.3176	0.03359999999975116	RippleTimeIntervals					6502.3352		
6622.3952	0.03120000000035361	RippleTimeIntervals					6622.4144		
6632.6536	0.025599999999940337	RippleTimeIntervals					6632.6744		
6735.684	0.028000000000247383	RippleTimeIntervals					6735.6848		
6736.576	0.06880000000001019	RippleTimeIntervals					6736.5936		
6749.7608	0.08479999999963184	RippleTimeIntervals					6749.8312		
6827.9408	0.04719999999997526	RippleTimeIntervals					6827.9736		
6844.0312	0.044799999999668216	RippleTimeIntervals					6844.0616		
6845.1208	0.08560000000034051	RippleTimeIntervals					6845.1792		
6846.9528	0.05680000000029395	RippleTimeIntervals					6846.9904		
6847.4856	0.03840000000036525	RippleTimeIntervals					6847.5136		
6848.268	0.04719999999997526	RippleTimeIntervals					6848.2864		
6868.2008	0.05680000000029395	RippleTimeIntervals					6868.2408		
6984.3392	0.03839999999945576	RippleTimeIntervals					6984.3624		
7011.6304	0.024800000000141154	RippleTimeIntervals					7011.6376		
7015.0544	0.032000000000152795	RippleTimeIntervals					7015.0568		
7085.2336	0.059200000000600994	RippleTimeIntervals					7085.2664		
7088.4416	0.04640000000017608	RippleTimeIntervals					7088.4584		
7107.94	0.18320000000039727	RippleTimeIntervals					7108.0232		
7174.56	0.03839999999945576	RippleTimeIntervals					7174.5608		
7175.8144	0.03839999999945576	RippleTimeIntervals					7175.8256		
7188.7408	0.04160000000047148	RippleTimeIntervals					7188.7784		
7203.3552	0.035200000000259024	RippleTimeIntervals					7203.376		
7204.0536	0.025599999999940337	RippleTimeIntervals					7204.0688		
7213.0256	0.03920000000016444	RippleTimeIntervals					7213.0408		
7268.7232	0.027999999999337888	RippleTimeIntervals					7268.7464		
7293.712	0.020799999999326246	RippleTimeIntervals					7293.7224		
7318.96	0.12079999999969004	RippleTimeIntervals					7318.9704		
7328.9712	0.03840000000036525	RippleTimeIntervals					7328.9944		
7352.768	0.040799999999762804	RippleTimeIntervals					7352.7768		
7429.5096	0.06079999999928987	RippleTimeIntervals					7429.5536		
7464.8736	0.07040000000051805	RippleTimeIntervals					7464.9032		
7466.0	22.0	SleepStates							NREMstate
7466.8272	0.12400000000070577	RippleTimeIntervals					7466.8984		
7471.0672	0.23359999999956926	UpDownStatesTimeIntervals						UP	
7471.7368	0.12800000000061118	UpDownStatesTimeIntervals						UP	
7471.904	0.13519999999971333	UpDownStatesTimeIntervals						DOWN	
7472.816	0.06559999999990396	UpDownStatesTimeIntervals						DOWN	
7472.8816	0.1184000000002925	UpDownStatesTimeIntervals						UP	
7473.4032	0.10720000000037544	UpDownStatesTimeIntervals						DOWN	
7473.5104	0.1408000000001266	UpDownStatesTimeIntervals						UP	
7474.216	0.19839999999931024	UpDownStatesTimeIntervals						UP	
7475.2664	0.1551999999992404	UpDownStatesTimeIntervals						UP	
7475.428	0.20160000000032596	RippleTimeIntervals					7475.5032		
7476.1008	0.056799999999384454	UpDownStatesTimeIntervals						DOWN	
7476.1576	0.14400000000023283	UpDownStatesTimeIntervals						UP	
7476.8784	0.15520000000014988	UpDownStatesTimeIntervals						UP	
7477.8384	0.16000000000076398	UpDownStatesTimeIntervals						UP	
7482.1576	0.1000000000003638	UpDownStatesTimeIntervals						DOWN	
7482.7448	0.13999999999941792	UpDownStatesTimeIntervals						UP	
7483.3576	0.13760000000002037	UpDownStatesTimeIntervals						UP	
7483.9424	0.1864000000005035	RippleTimeIntervals					7484.0912		
7484.0224	0.15760000000045693	UpDownStatesTimeIntervals						UP	
7485.4632	0.24880000000030122	UpDownStatesTimeIntervals						UP	
7486.1584	0.05360000000018772	UpDownStatesTimeIntervals						DOWN	
7486.212	0.21919999999954598	UpDownStatesTimeIntervals						UP	
7489.0	1750.0	SleepStates							WAKEstate
7491.7032	0.09600000000045839	RippleTimeIntervals					7491.7712		
7493.8888	0.0408000000006723	RippleTimeIntervals					7493.908		
7647.5368	0.07840000000032887	RippleTimeIntervals					7647.5768		
7751.4376	0.04879999999957363	RippleTimeIntervals					7751.444		
7766.1224	0.04399999999986903	RippleTimeIntervals					7766.1488		
7780.964	0.047999999999774445	RippleTimeIntervals					7780.992		
7865.7328	0.021600000000034925	RippleTimeIntervals					7865.7424		
7873.9056	0.051199999999880674	RippleTimeIntervals					7873.928		
7902.1	0.04320000000006985	RippleTimeIntervals					7902.1192		
7908.1888	0.04640000000017608	RippleTimeIntervals					7908.2136		
7913.3712	0.03840000000036525	RippleTimeIntervals					7913.4032		
7918.7176	0.05519999999978609	RippleTimeIntervals					7918.7464		
7919.6368	0.047999999999774445	RippleTimeIntervals					7919.6528		
7921.8432	0.037599999999656575	RippleTimeIntervals					7921.8696		
8128.8696	0.03359999999975116	RippleTimeIntervals					8128.8936		
8188.9752	0.13119999999980791	RippleTimeIntervals					8189.0832		
8189.2312	0.10639999999966676	RippleTimeIntervals					8189.2416		
8194.1272	0.12399999999979627	RippleTimeIntervals					8194.2056		
8222.7384	0.10800000000017462	RippleTimeIntervals					8222.7848		
8288.1216	0.10399999999935972	RippleTimeIntervals					8288.1456		
8303.0392	0.06240000000070722	RippleTimeIntervals					8303.0664		
8303.04	2887.359966666665	epochs	PostStim	uLED random stim	fCamk3_201111_102053	Home cage			
8310.148	0.13520000000062282	RippleTimeIntervals					8310.2528		
8318.568	0.08960000000115542	RippleTimeIntervals					8318.6288		
8319.2568	0.03840000000127475	RippleTimeIntervals					8319.2592		
8335.0592	0.056000000000494765	RippleTimeIntervals					8335.0608		
8344.0016	0.1864000000005035	RippleTimeIntervals					8344.0848		
8352.7112	0.16240000000107102	RippleTimeIntervals					8352.8096		
8399.7152	0.08560000000034051	RippleTimeIntervals					8399.7304		
8412.496	0.04160000000047148	RippleTimeIntervals					8412.5176		
8431.2112	0.07840000000032887	RippleTimeIntervals					8431.2864		
8442.928	0.056000000000494765	RippleTimeIntervals					8442.9584		
8445.7488	0.053600000001097214	RippleTimeIntervals					8445.7496		
8449.8464	0.04719999999906577	RippleTimeIntervals					8449.8784		
8452.9728	0.0408000000006723	RippleTimeIntervals					8452.9984		
8456.688	0.07359999999971478	RippleTimeIntervals					8456.7296		
8463.9176	0.051199999999880674	RippleTimeIntervals					8463.9496		
8466.8008	0.0591999999996915	RippleTimeIntervals					8466.844		
8467.7472	0.0591999999996915	RippleTimeIntervals					8467.7832		
8484.4016	0.0680000000011205	RippleTimeIntervals					8484.4424		
8489.8208	0.06400000000030559	RippleTimeIntervals					8489.8368		
8493.696	0.04160000000047148	RippleTimeIntervals					8493.7192		
8496.7048	0.05040000000008149	RippleTimeIntervals					8496.7184		
8497.3776	0.037599999999656575	RippleTimeIntervals					8497.3864		
8500.2032	0.1000000000003638	RippleTimeIntervals					8500.2552		
8503.1136	0.04960000000028231	RippleTimeIntervals					8503.1408		
8506.2232	0.06799999999930151	RippleTimeIntervals					8506.2496		
8507.9136	0.040000000000873115	RippleTimeIntervals					8507.9176		
8514.552	0.07520000000113214	RippleTimeIntervals					8514.5968		
8516.0272	0.05040000000008149	RippleTimeIntervals					8516.032		
8519.78	0.06079999999928987	RippleTimeIntervals					8519.8096		
8524.496	0.0632000000005064	RippleTimeIntervals					8524.5296		
8524.6096	0.0408000000006723	RippleTimeIntervals					8524.6296		
8525.7304	0.04320000000006985	RippleTimeIntervals					8525.7488		
8534.384	0.044799999999668216	RippleTimeIntervals					8534.4088		
8544.1216	0.032799999999042484	RippleTimeIntervals					8544.1232		
8544.7616	0.053599999999278225	RippleTimeIntervals					8544.7832		
8545.2744	0.058399999999892316	RippleTimeIntervals					8545.3136		
8554.268	0.06799999999930151	RippleTimeIntervals					8554.3032		
8563.5384	0.05760000000009313	RippleTimeIntervals					8563.556		
8564.4496	0.05199999999967986	RippleTimeIntervals					8564.4872		
8569.5264	0.06319999999868742	RippleTimeIntervals					8569.5784		
8573.5712	0.03440000000045984	RippleTimeIntervals					8573.5976		
8585.2416	0.04960000000028231	RippleTimeIntervals					8585.272		
8585.4968	0.06559999999990396	RippleTimeIntervals					8585.5152		
8588.6784	0.08879999999953725	RippleTimeIntervals					8588.7432		
8588.7872	0.035199999998440035	RippleTimeIntervals					8588.8008		
8593.2992	0.04800000000068394	RippleTimeIntervals					8593.324		
8593.4096	0.03839999999945576	RippleTimeIntervals					8593.4184		
8598.72	0.08320000000094296	RippleTimeIntervals					8598.7768		
8600.228	0.07280000000173459	RippleTimeIntervals					8600.2472		
8600.4384	0.03840000000127475	RippleTimeIntervals					8600.4464		
8603.4352	0.047200000000884756	RippleTimeIntervals					8603.4568		
8605.2584	0.06879999999910069	RippleTimeIntervals					8605.3104		
8605.9016	0.10159999999996217	RippleTimeIntervals					8605.98		
8609.616	0.05760000000009313	RippleTimeIntervals					8609.656		
8609.88	0.04560000000128639	RippleTimeIntervals					8609.9064		
8614.1768	0.07360000000153377	RippleTimeIntervals					8614.2304		
8614.5896	0.0864000000001397	RippleTimeIntervals					8614.6048		
8619.8216	0.06160000000090804	RippleTimeIntervals					8619.8328		
8620.2416	0.05680000000029395	RippleTimeIntervals					8620.264		
8622.2256	0.05999999999949068	RippleTimeIntervals					8622.2512		
8625.38	0.06559999999990396	RippleTimeIntervals					8625.412		
8628.2976	0.046399999999266583	RippleTimeIntervals					8628.3208		
8629.2672	0.0455999999994674	RippleTimeIntervals					8629.2856		
8630.7568	0.04640000000108557	RippleTimeIntervals					8630.7624		
8631.2328	0.06639999999970314	RippleTimeIntervals					8631.2712		
8631.3992	0.047200000000884756	RippleTimeIntervals					8631.4072		
8637.128	0.048799999998664134	RippleTimeIntervals					8637.1592		
8637.3128	0.0408000000006723	RippleTimeIntervals					8637.332		
8640.0536	0.047200000000884756	RippleTimeIntervals					8640.0792		
8640.308	0.04159999999865249	RippleTimeIntervals					8640.3304		
8644.3456	0.07999999999992724	RippleTimeIntervals					8644.3768		
8645.4576	0.044799999999668216	RippleTimeIntervals					8645.4888		
8647.2344	0.04320000000006985	RippleTimeIntervals					8647.2432		
8647.4816	0.05200000000149885	RippleTimeIntervals					8647.5096		
8648.6784	0.039999999999054126	RippleTimeIntervals					8648.6888		
8649.6704	0.04799999999886495	RippleTimeIntervals					8649.7008		
8652.1888	0.035200000000259024	RippleTimeIntervals					8652.2112		
8661.5616	0.03679999999985739	RippleTimeIntervals					8661.5624		
8661.6696	0.058399999999892316	RippleTimeIntervals					8661.6888		
8662.2128	0.04960000000028231	RippleTimeIntervals					8662.2248		
8667.976	0.06559999999990396	RippleTimeIntervals					8668.0072		
8668.6408	0.04160000000047148	RippleTimeIntervals					8668.6592		
8673.5392	0.04800000000068394	RippleTimeIntervals					8673.5528		
8674.7616	0.07439999999951397	RippleTimeIntervals					8674.8008		
8676.676	0.0408000000006723	RippleTimeIntervals					8676.7088		
8678.6368	0.0455999999994674	RippleTimeIntervals					8678.6448		
8680.6376	0.06960000000071886	RippleTimeIntervals					8680.6776		
8681.9304	0.03360000000066066	RippleTimeIntervals					8681.9352		
8683.9392	0.042399999998451676	RippleTimeIntervals					8683.968		
8710.148	0.06640000000152213	RippleTimeIntervals					8710.1888		
8717.3728	0.08800000000155705	RippleTimeIntervals					8717.3832		
8816.8328	0.05279999999947904	RippleTimeIntervals					8816.8728		
8834.06	0.04800000000068394	RippleTimeIntervals					8834.0856		
8836.1144	0.04079999999885331	RippleTimeIntervals					8836.1344		
8838.972	0.04800000000068394	RippleTimeIntervals					8838.976		
8846.4216	0.044799999999668216	RippleTimeIntervals					8846.4376		
8846.5872	0.07120000000031723	RippleTimeIntervals					8846.6328		
8863.8768	0.044799999999668216	RippleTimeIntervals					8863.9152		
8873.1032	0.06639999999970314	RippleTimeIntervals					8873.1688		
8889.7	0.03919999999925494	RippleTimeIntervals					8889.7216		
8889.8128	0.05680000000029395	RippleTimeIntervals					8889.832		
8900.004	0.06319999999868742	RippleTimeIntervals					8900.036		
8904.4384	0.04400000000168802	RippleTimeIntervals					8904.4696		
8909.6512	0.03360000000066066	RippleTimeIntervals					8909.652		
8910.5824	0.06880000000091968	RippleTimeIntervals					8910.6		
8921.6008	0.05439999999907741	RippleTimeIntervals					8921.6288		
8925.5568	0.08159999999952561	RippleTimeIntervals					8925.6208		
8928.6904	0.04960000000028231	RippleTimeIntervals					8928.7264		
8939.4544	0.04960000000028231	RippleTimeIntervals					8939.4736		
8940.5656	0.0455999999994674	RippleTimeIntervals					8940.5848		
8941.828	0.05520000000069558	RippleTimeIntervals					8941.8496		
8944.9	0.06719999999950232	RippleTimeIntervals					8944.9352		
8947.4864	0.0591999999996915	RippleTimeIntervals					8947.5296		
8947.9224	0.06240000000070722	RippleTimeIntervals					8947.9592		
8949.1648	0.0455999999994674	RippleTimeIntervals					8949.1792		
8952.9904	0.05760000000009313	RippleTimeIntervals					8953.0272		
8957.1984	0.04640000000108557	RippleTimeIntervals					8957.2256		
8965.1176	0.0408000000006723	RippleTimeIntervals					8965.1232		
8966.2936	0.053599999999278225	RippleTimeIntervals					8966.312		
8968.5032	0.03680000000167638	RippleTimeIntervals					8968.5312		
8969.7936	0.037599999999656575	RippleTimeIntervals					8969.8272		
8976.7192	0.048800000000483124	RippleTimeIntervals					8976.7552		
8977.428	0.04399999999986903	RippleTimeIntervals					8977.4608		
8981.0152	0.058399999999892316	RippleTimeIntervals					8981.0432		
8982.0368	0.051199999999880674	RippleTimeIntervals					8982.0624		
8986.34	0.04960000000028231	RippleTimeIntervals					8986.3576		
8987.3624	0.053599999999278225	RippleTimeIntervals					8987.3832		
8990.4184	0.037599999999656575	RippleTimeIntervals					8990.4248		
8993.808	0.046399999999266583	RippleTimeIntervals					8993.8184		
8994.1392	0.06559999999990396	RippleTimeIntervals					8994.1704		
8995.28	0.05519999999887659	RippleTimeIntervals					8995.3168		
8995.5168	0.04160000000047148	RippleTimeIntervals					8995.5424		
8995.7624	0.02959999999984575	RippleTimeIntervals					8995.7816		
9001.0352	0.07200000000011642	RippleTimeIntervals					9001.0512		
9010.128	0.03359999999884167	RippleTimeIntervals					9010.1328		
9010.3072	0.03840000000127475	RippleTimeIntervals					9010.3112		
9010.6928	0.039999999999054126	RippleTimeIntervals					9010.7104		
9013.6872	0.03919999999925494	RippleTimeIntervals					9013.6984		
9017.3984	0.0319999999992433	RippleTimeIntervals					9017.428		
9023.8384	0.0591999999996915	RippleTimeIntervals					9023.864		
9036.6744	0.0591999999996915	RippleTimeIntervals					9036.6848		
9037.5136	0.058399999999892316	RippleTimeIntervals					9037.5464		
9039.3168	0.04079999999885331	RippleTimeIntervals					9039.332		
9040.5128	0.051199999999880674	RippleTimeIntervals					9040.5408		
9043.5824	0.04560000000128639	RippleTimeIntervals					9043.596		
9044.8584	0.06560000000172295	RippleTimeIntervals					9044.904		
9047.2128	0.058399999999892316	RippleTimeIntervals					9047.2648		
9059.0832	0.044800000001487206	RippleTimeIntervals					9059.0896		
9059.2312	0.07999999999992724	RippleTimeIntervals					9059.2672		
9059.7776	0.04560000000128639	RippleTimeIntervals					9059.7896		
9060.856	0.060800000001108856	RippleTimeIntervals					9060.8704		
9066.8232	0.05199999999967986	RippleTimeIntervals					9066.8416		
9067.0632	0.05279999999947904	RippleTimeIntervals					9067.0888		
9067.4144	0.0591999999996915	RippleTimeIntervals					9067.4624		
9069.5352	0.044799999999668216	RippleTimeIntervals					9069.5464		
9096.4136	0.05520000000069558	RippleTimeIntervals					9096.4408		
9097.8512	0.042400000000270666	RippleTimeIntervals					9097.8592		
9138.9904	0.023999999999432475	RippleTimeIntervals					9139.0008		
9149.7336	0.020000000000436557	RippleTimeIntervals					9149.736		
9163.8896	0.07920000000012806	RippleTimeIntervals					9163.9624		
9166.7712	0.05280000000129803	RippleTimeIntervals					9166.7768		
9175.5424	0.03679999999985739	RippleTimeIntervals					9175.5488		
9179.9488	0.06639999999970314	RippleTimeIntervals					9179.9912		
9180.9224	0.06960000000071886	RippleTimeIntervals					9180.9416		
9183.1792	0.07599999999911233	RippleTimeIntervals					9183.2288		
9183.4912	0.0632000000005064	RippleTimeIntervals					9183.4984		
9183.8328	0.058399999999892316	RippleTimeIntervals					9183.8536		
9192.3816	0.05439999999907741	RippleTimeIntervals					9192.3976		
9193.12	0.04079999999885331	RippleTimeIntervals					9193.1488		
9194.172	0.05439999999907741	RippleTimeIntervals					9194.1912		
9198.9496	0.03919999999925494	RippleTimeIntervals					9198.9616		
9212.3416	0.0544000000008964	RippleTimeIntervals					9212.364		
9212.5656	0.05680000000029395	RippleTimeIntervals					9212.5832		
9236.9864	0.13760000000002037	RippleTimeIntervals					9236.9968		
9238.6432	0.136000000000422	RippleTimeIntervals					9238.6536		
9240.0	12.0	SleepStates							NREMstate
9253.0	27.0	SleepStates							WAKEstate
9259.796	0.06959999999889988	RippleTimeIntervals					9259.8568		
9265.9728	0.0680000000011205	RippleTimeIntervals					9266.0112		
9272.5264	0.03600000000005821	RippleTimeIntervals					9272.5296		
9281.0	10.0	SleepStates							NREMstate
9284.3216	0.09680000000116706	RippleTimeIntervals					9284.3792		
9286.5696	0.0727999999999156	RippleTimeIntervals					9286.5752		
9290.9664	0.053600000001097214	RippleTimeIntervals					9290.9944		
9292.0	15.0	SleepStates							WAKEstate
9308.0	8.0	SleepStates							NREMstate
9309.1424	0.04079999999885331	RippleTimeIntervals					9309.164		
9314.66	0.10959999999977299	RippleTimeIntervals					9314.68		
9317.0	511.0	SleepStates							WAKEstate
9344.968	0.08959999999933643	RippleTimeIntervals					9345.0528		
9406.4536	0.05999999999949068	RippleTimeIntervals					9406.4864		
9406.7856	0.03360000000066066	RippleTimeIntervals					9406.8064		
9408.1896	0.053600000001097214	RippleTimeIntervals					9408.1904		
9412.9832	0.04079999999885331	RippleTimeIntervals					9413.008		
9413.5976	0.05200000000149885	RippleTimeIntervals					9413.6136		
9414.2112	0.0632000000005064	RippleTimeIntervals					9414.2288		
9415.1984	0.03600000000005821	RippleTimeIntervals					9415.22		
9417.196	0.0864000000001397	RippleTimeIntervals					9417.252		
9433.4752	0.05279999999947904	RippleTimeIntervals					9433.5096		
9433.82	0.04960000000028231	RippleTimeIntervals					9433.8296		
9438.5752	0.053600000001097214	RippleTimeIntervals					9438.6		
9441.1528	0.05520000000069558	RippleTimeIntervals					9441.1608		
9443.1424	0.051199999999880674	RippleTimeIntervals					9443.1768		
9443.2432	0.07199999999829743	RippleTimeIntervals					9443.2704		
9447.6792	0.03439999999864085	RippleTimeIntervals					9447.6824		
9448.7976	0.046399999999266583	RippleTimeIntervals					9448.8056		
9449.3288	0.06559999999990396	RippleTimeIntervals					9449.3464		
9451.3352	0.04399999999986903	RippleTimeIntervals					9451.3448		
9452.6256	0.044800000001487206	RippleTimeIntervals					9452.632		
9454.0032	0.05760000000009313	RippleTimeIntervals					9454.024		
9475.2344	0.13119999999980791	RippleTimeIntervals					9475.2928		
9497.1688	0.15120000000024447	RippleTimeIntervals					9497.1728		
9497.1688	0.15120000000024447	RippleTimeIntervals					9497.1728		
9497.4408	0.0911999999989348	RippleTimeIntervals					9497.4984		
9498.0048	0.058399999999892316	RippleTimeIntervals					9498.0328		
9499.036	0.08719999999993888	RippleTimeIntervals					9499.0568		
9503.3184	0.0455999999994674	RippleTimeIntervals					9503.3584		
9519.7272	0.12800000000061118	RippleTimeIntervals					9519.816		
9543.0368	0.04399999999986903	RippleTimeIntervals					9543.0464		
9543.624	0.0632000000005064	RippleTimeIntervals					9543.6576		
9544.8184	0.0455999999994674	RippleTimeIntervals					9544.8472		
9545.1648	0.06480000000010477	RippleTimeIntervals					9545.18		
9546.0544	0.05999999999949068	RippleTimeIntervals					9546.0736		
9567.8424	0.05520000000069558	RippleTimeIntervals					9567.8592		
9580.5344	0.07359999999971478	RippleTimeIntervals					9580.5912		
9580.8032	0.04799999999886495	RippleTimeIntervals					9580.8312		
9581.9656	0.07600000000093132	RippleTimeIntervals					9582.0176		
9582.1376	0.048800000000483124	RippleTimeIntervals					9582.1632		
9585.5624	0.05999999999949068	RippleTimeIntervals					9585.5968		
9588.0672	0.07120000000031723	RippleTimeIntervals					9588.0888		
9598.2392	0.047200000000884756	RippleTimeIntervals					9598.2576		
9600.88	0.053600000001097214	RippleTimeIntervals					9600.916		
9602.3688	0.03440000000045984	RippleTimeIntervals					9602.372		
9608.204	0.05040000000008149	RippleTimeIntervals					9608.24		
9608.4432	0.09840000000076543	RippleTimeIntervals					9608.5184		
9614.6216	0.0455999999994674	RippleTimeIntervals					9614.6488		
9622.5496	0.07200000000011642	RippleTimeIntervals					9622.5816		
9623.5336	0.04399999999986903	RippleTimeIntervals					9623.5352		
9644.1504	0.03919999999925494	RippleTimeIntervals					9644.1552		
9647.0128	0.035200000000259024	RippleTimeIntervals					9647.0416		
9648.0928	0.051199999999880674	RippleTimeIntervals					9648.1272		
9649.896	0.03839999999945576	RippleTimeIntervals					9649.9104		
9659.168	0.06160000000090804	RippleTimeIntervals					9659.1992		
9663.908	0.0272000000004482	RippleTimeIntervals					9663.9312		
9671.588	0.042400000000270666	RippleTimeIntervals					9671.6		
9680.432	0.048799999998664134	RippleTimeIntervals					9680.4512		
9686.2808	0.04320000000006985	RippleTimeIntervals					9686.3016		
9689.8768	0.030399999999644933	RippleTimeIntervals					9689.9		
9692.8776	0.056000000000494765	RippleTimeIntervals					9692.9192		
9694.6632	0.05199999999967986	RippleTimeIntervals					9694.6864		
9695.9992	0.04320000000006985	RippleTimeIntervals					9696.0384		
9696.2576	0.07679999999891152	RippleTimeIntervals					9696.2944		
9701.068	0.05280000000129803	RippleTimeIntervals					9701.1024		
9702.2896	0.06400000000030559	RippleTimeIntervals					9702.3352		
9714.1664	0.05199999999967986	RippleTimeIntervals					9714.2024		
9720.416	0.05280000000129803	RippleTimeIntervals					9720.4456		
9724.1552	0.0408000000006723	RippleTimeIntervals					9724.1824		
9727.5216	0.05279999999947904	RippleTimeIntervals					9727.5584		
9730.0784	0.04799999999886495	RippleTimeIntervals					9730.0936		
9731.2144	0.07039999999869906	RippleTimeIntervals					9731.2528		
9735.976	0.042400000000270666	RippleTimeIntervals					9735.9992		
9743.8904	0.05439999999907741	RippleTimeIntervals					9743.9248		
9747.876	0.048800000000483124	RippleTimeIntervals					9747.9		
9749.7328	0.06719999999950232	RippleTimeIntervals					9749.764		
9752.6176	0.06639999999970314	RippleTimeIntervals					9752.6496		
9752.8712	0.042400000000270666	RippleTimeIntervals					9752.8776		
9754.5968	0.03440000000045984	RippleTimeIntervals					9754.624		
9761.9464	0.0911999999989348	RippleTimeIntervals					9761.9856		
9775.0856	0.04320000000006985	RippleTimeIntervals					9775.0952		
9778.4832	0.042400000000270666	RippleTimeIntervals					9778.516		
9778.6064	0.09039999999913562	RippleTimeIntervals					9778.6272		
9783.0352	0.06959999999889988	RippleTimeIntervals					9783.0816		
9796.7072	0.05199999999967986	RippleTimeIntervals					9796.7424		
9799.8104	0.0455999999994674	RippleTimeIntervals					9799.82		
9825.5256	0.044799999999668216	RippleTimeIntervals					9825.5512		
9826.936	0.06639999999970314	RippleTimeIntervals					9826.9464		
9827.5048	0.04799999999886495	RippleTimeIntervals					9827.5256		
9828.8736	0.07199999999829743	RippleTimeIntervals					9828.9192		
9829.0	20.0	SleepStates							NREMstate
9830.372	0.05920000000151049	RippleTimeIntervals					9830.404		
9831.5424	0.048800000000483124	RippleTimeIntervals					9831.5624		
9833.5736	0.042400000000270666	RippleTimeIntervals					9833.604		
9834.0136	0.03360000000066066	RippleTimeIntervals					9834.0176		
9838.064	0.051199999999880674	RippleTimeIntervals					9838.1016		
9842.044	0.056000000000494765	RippleTimeIntervals					9842.0792		
9842.904	0.0591999999996915	RippleTimeIntervals					9842.944		
9843.8704	0.035200000000259024	RippleTimeIntervals					9843.8768		
9844.0048	0.0455999999994674	RippleTimeIntervals					9844.0136		
9845.756	0.0632000000005064	RippleTimeIntervals					9845.7688		
9846.9096	0.046399999999266583	RippleTimeIntervals					9846.9288		
9849.0392	0.07760000000052969	RippleTimeIntervals					9849.0864		
9849.2472	0.0544000000008964	RippleTimeIntervals					9849.268		
9849.5272	0.06799999999930151	RippleTimeIntervals					9849.5592		
9850.0	315.0	SleepStates							WAKEstate
9851.8128	0.06160000000090804	RippleTimeIntervals					9851.8152		
9852.0272	0.0455999999994674	RippleTimeIntervals					9852.0424		
9854.7176	0.05199999999967986	RippleTimeIntervals					9854.728		
9854.8688	0.048800000000483124	RippleTimeIntervals					9854.8936		
9857.5112	0.05999999999949068	RippleTimeIntervals					9857.5392		
9857.968	0.05439999999907741	RippleTimeIntervals					9857.9736		
9858.6072	0.042400000000270666	RippleTimeIntervals					9858.632		
9862.2544	0.0455999999994674	RippleTimeIntervals					9862.2768		
9864.4472	0.04399999999986903	RippleTimeIntervals					9864.4568		
9865.9648	0.06960000000071886	RippleTimeIntervals					9865.9936		
9866.796	0.05439999999907741	RippleTimeIntervals					9866.8432		
9871.0488	0.06400000000030559	RippleTimeIntervals					9871.0672		
9872.3656	0.04400000000168802	RippleTimeIntervals					9872.3672		
9873.4088	0.0544000000008964	RippleTimeIntervals					9873.4272		
9878.6424	0.04719999999906577	RippleTimeIntervals					9878.688		
9881.1336	0.0544000000008964	RippleTimeIntervals					9881.1488		
9881.3064	0.09360000000015134	RippleTimeIntervals					9881.332		
9895.8864	0.07200000000011642	RippleTimeIntervals					9895.8952		
9904.8288	0.08240000000114378	RippleTimeIntervals					9904.8696		
9906.9824	0.051199999999880674	RippleTimeIntervals					9906.9888		
9948.8904	0.09920000000056461	RippleTimeIntervals					9948.932		
9949.1808	0.10319999999956053	RippleTimeIntervals					9949.2256		
9953.7984	0.05999999999949068	RippleTimeIntervals					9953.8576		
9957.2664	0.03679999999985739	RippleTimeIntervals					9957.2944		
9958.208	0.07519999999931315	RippleTimeIntervals					9958.2688		
9972.216	0.05680000000029395	RippleTimeIntervals					9972.2608		
9981.2632	0.06880000000091968	RippleTimeIntervals					9981.3264		
9989.0472	0.13919999999961874	RippleTimeIntervals					9989.1152		
10003.0344	0.04320000000006985	RippleTimeIntervals					10003.0512		
10004.3128	0.0544000000008964	RippleTimeIntervals					10004.3448		
10005.2608	0.0455999999994674	RippleTimeIntervals					10005.2864		
10007.8408	0.14799999999922875	RippleTimeIntervals					10007.9544		
10009.4392	0.06799999999930151	RippleTimeIntervals					10009.4856		
10009.9696	0.05040000000008149	RippleTimeIntervals					10010.0168		
10012.3704	0.04320000000006985	RippleTimeIntervals					10012.3792		
10014.7144	0.058399999999892316	RippleTimeIntervals					10014.7224		
10017.0152	0.048800000000483124	RippleTimeIntervals					10017.0496		
10019.5616	0.0455999999994674	RippleTimeIntervals					10019.5896		
10023.0272	0.04320000000006985	RippleTimeIntervals					10023.0488		
10028.8184	0.0408000000006723	RippleTimeIntervals					10028.8512		
10029.76	0.05199999999967986	RippleTimeIntervals					10029.7856		
10031.3456	0.055999999998675776	RippleTimeIntervals					10031.3928		
10035.656	0.051199999999880674	RippleTimeIntervals					10035.6632		
10036.0744	0.0408000000006723	RippleTimeIntervals					10036.1056		
10038.144	0.07599999999911233	RippleTimeIntervals					10038.1592		
10042.8744	0.09039999999913562	RippleTimeIntervals					10042.9208		
10045.2104	0.0544000000008964	RippleTimeIntervals					10045.224		
10047.6088	0.0727999999999156	RippleTimeIntervals					10047.6672		
10050.14	0.053600000001097214	RippleTimeIntervals					10050.1736		
10050.3608	0.0632000000005064	RippleTimeIntervals					10050.4		
10061.884	0.07359999999971478	RippleTimeIntervals					10061.9216		
10062.0496	0.04799999999886495	RippleTimeIntervals					10062.0704		
10063.6496	0.04719999999906577	RippleTimeIntervals					10063.6776		
10063.8056	0.040000000000873115	RippleTimeIntervals					10063.8216		
10065.9	0.03440000000045984	RippleTimeIntervals					10065.9184		
10068.2944	0.04799999999886495	RippleTimeIntervals					10068.3048		
10068.4824	0.06480000000010477	RippleTimeIntervals					10068.512		
10071.7304	0.05279999999947904	RippleTimeIntervals					10071.76		
10071.9712	0.056000000000494765	RippleTimeIntervals					10072.0112		
10079.9792	0.04800000000068394	RippleTimeIntervals					10079.9888		
10084.7392	0.03360000000066066	RippleTimeIntervals					10084.7408		
10093.0816	0.07999999999992724	RippleTimeIntervals					10093.1288		
10096.532	0.05040000000008149	RippleTimeIntervals					10096.568		
10101.9312	0.0591999999996915	RippleTimeIntervals					10101.9728		
10102.1544	0.035200000000259024	RippleTimeIntervals					10102.1832		
10103.8592	0.0319999999992433	RippleTimeIntervals					10103.8768		
10103.9984	0.04799999999886495	RippleTimeIntervals					10104.0224		
10104.1968	0.0408000000006723	RippleTimeIntervals					10104.2024		
10114.048	0.05760000000009313	RippleTimeIntervals					10114.0568		
10114.2728	0.05279999999947904	RippleTimeIntervals					10114.2888		
10119.2328	0.09599999999954889	RippleTimeIntervals					10119.288		
10130.5416	0.058399999999892316	RippleTimeIntervals					10130.5712		
10132.7248	0.0544000000008964	RippleTimeIntervals					10132.7384		
10132.8792	0.05040000000008149	RippleTimeIntervals					10132.908		
10138.9952	0.042400000000270666	RippleTimeIntervals					10139.0256		
10144.7312	0.11599999999998545	RippleTimeIntervals					10144.8344		
10149.4944	0.06880000000091968	RippleTimeIntervals					10149.5296		
10151.4552	0.0455999999994674	RippleTimeIntervals					10151.488		
10151.708	0.05519999999887659	RippleTimeIntervals					10151.728		
10151.8344	0.04800000000068394	RippleTimeIntervals					10151.8528		
10163.8408	0.11280000000078871	RippleTimeIntervals					10163.8872		
10166.0	7.0	SleepStates							NREMstate
10174.0	532.0	SleepStates							WAKEstate
10186.3264	0.042400000000270666	RippleTimeIntervals					10186.3656		
10186.9888	0.03920000000107393	RippleTimeIntervals					10187.0024		
10187.728	0.044800000001487206	RippleTimeIntervals					10187.7464		
10188.092	0.051199999999880674	RippleTimeIntervals					10188.1216		
10188.9024	0.05279999999947904	RippleTimeIntervals					10188.9336		
10189.3096	0.03839999999945576	RippleTimeIntervals					10189.312		
10192.644	0.07200000000011642	RippleTimeIntervals					10192.6872		
10192.976	0.055999999998675776	RippleTimeIntervals					10193.0128		
10194.472	0.0544000000008964	RippleTimeIntervals					10194.4928		
10202.192	0.04400000000168802	RippleTimeIntervals					10202.2096		
10204.3344	0.06400000000030559	RippleTimeIntervals					10204.3736		
10205.344	0.04400000000168802	RippleTimeIntervals					10205.3552		
10205.8536	0.06400000000030559	RippleTimeIntervals					10205.892		
10206.18	0.026399999998830026	RippleTimeIntervals					10206.1808		
10208.5728	0.05279999999947904	RippleTimeIntervals					10208.6		
10209.3792	0.030400000001463923	RippleTimeIntervals					10209.4088		
10213.488	0.040000000000873115	RippleTimeIntervals					10213.5016		
10223.9128	0.05520000000069558	RippleTimeIntervals					10223.9408		
10224.1264	0.04320000000006985	RippleTimeIntervals					10224.1312		
10226.4136	0.04320000000006985	RippleTimeIntervals					10226.4376		
10234.0584	0.0632000000005064	RippleTimeIntervals					10234.0816		
10245.5768	0.04159999999865249	RippleTimeIntervals					10245.5808		
10249.856	0.05680000000029395	RippleTimeIntervals					10249.8824		
10252.7704	0.044799999999668216	RippleTimeIntervals					10252.7928		
10260.02	0.08319999999912397	RippleTimeIntervals					10260.0768		
10269.7936	0.06159999999908905	RippleTimeIntervals					10269.832		
10273.2192	0.06880000000091968	RippleTimeIntervals					10273.2672		
10290.656	0.044799999999668216	RippleTimeIntervals					10290.6736		
10291.0328	0.04159999999865249	RippleTimeIntervals					10291.052		
10305.636	0.058399999999892316	RippleTimeIntervals					10305.6592		
10306.1264	0.0408000000006723	RippleTimeIntervals					10306.1304		
10307.1072	0.03359999999884167	RippleTimeIntervals					10307.1192		
10308.3	0.056000000000494765	RippleTimeIntervals					10308.3224		
10321.8184	0.06079999999928987	RippleTimeIntervals					10321.8464		
10324.6872	0.051199999999880674	RippleTimeIntervals					10324.696		
10325.84	0.05199999999967986	RippleTimeIntervals					10325.8576		
10327.1856	0.04799999999886495	RippleTimeIntervals					10327.208		
10418.632	0.09519999999974971	RippleTimeIntervals					10418.7168		
10433.984	0.127199999998993	RippleTimeIntervals					10434.0824		
10461.532	0.044800000001487206	RippleTimeIntervals					10461.5608		
10465.9152	0.06000000000130967	RippleTimeIntervals					10465.9616		
10484.06	0.040000000000873115	RippleTimeIntervals					10484.068		
10484.9576	0.0544000000008964	RippleTimeIntervals					10484.9752		
10489.6504	0.044799999999668216	RippleTimeIntervals					10489.6784		
10492.02	0.0455999999994674	RippleTimeIntervals					10492.0288		
10502.1736	0.06400000000030559	RippleTimeIntervals					10502.2272		
10502.6344	0.046399999999266583	RippleTimeIntervals					10502.6552		
10502.812	0.05040000000008149	RippleTimeIntervals					10502.8264		
10504.836	0.060800000001108856	RippleTimeIntervals					10504.8792		
10508.54	0.06159999999908905	RippleTimeIntervals					10508.5848		
10509.4184	0.04960000000028231	RippleTimeIntervals					10509.456		
10518.0032	0.08240000000114378	RippleTimeIntervals					10518.0616		
10521.2416	0.056000000000494765	RippleTimeIntervals					10521.2872		
10521.4624	0.04160000000047148	RippleTimeIntervals					10521.476		
10528.2016	0.05199999999967986	RippleTimeIntervals					10528.2424		
10544.0408	0.09279999999853317	RippleTimeIntervals					10544.0976		
10571.3496	0.03600000000005821	RippleTimeIntervals					10571.372		
10572.3416	0.058399999999892316	RippleTimeIntervals					10572.376		
10580.7008	0.18319999999948777	RippleTimeIntervals					10580.876		
10610.8608	0.06639999999970314	RippleTimeIntervals					10610.884		
10613.7288	0.06079999999928987	RippleTimeIntervals					10613.7656		
10625.3168	0.0911999999989348	RippleTimeIntervals					10625.3392		
10626.5312	0.05520000000069558	RippleTimeIntervals					10626.5488		
10626.7088	0.04719999999906577	RippleTimeIntervals					10626.744		
10627.236	0.0639999999984866	RippleTimeIntervals					10627.2672		
10631.464	0.051199999999880674	RippleTimeIntervals					10631.4752		
10634.7032	0.04320000000006985	RippleTimeIntervals					10634.7296		
10635.3848	0.042400000000270666	RippleTimeIntervals					10635.4032		
10635.6152	0.053599999999278225	RippleTimeIntervals					10635.6368		
10639.5736	0.04640000000108557	RippleTimeIntervals					10639.6008		
10640.108	0.07200000000011642	RippleTimeIntervals					10640.1408		
10647.4624	0.07200000000011642	RippleTimeIntervals					10647.5144		
10647.6744	0.053599999999278225	RippleTimeIntervals					10647.7048		
10648.4056	0.056000000000494765	RippleTimeIntervals					10648.4496		
10649.2256	0.03839999999945576	RippleTimeIntervals					10649.2368		
10651.8256	0.05520000000069558	RippleTimeIntervals					10651.8496		
10657.1408	0.0680000000011205	RippleTimeIntervals					10657.192		
10657.8744	0.04960000000028231	RippleTimeIntervals					10657.8896		
10658.1824	0.05999999999949068	RippleTimeIntervals					10658.1968		
10661.7192	0.06960000000071886	RippleTimeIntervals					10661.7408		
10665.0448	0.060800000001108856	RippleTimeIntervals					10665.0864		
10667.6648	0.05040000000008149	RippleTimeIntervals					10667.6912		
10668.9328	0.062399999998888234	RippleTimeIntervals					10668.964		
10677.1056	0.0639999999984866	RippleTimeIntervals					10677.1304		
10677.4408	0.05279999999947904	RippleTimeIntervals					10677.4656		
10677.82	0.037599999999656575	RippleTimeIntervals					10677.8456		
10684.7728	0.037599999999656575	RippleTimeIntervals					10684.8032		
10685.4512	0.056000000000494765	RippleTimeIntervals					10685.4712		
10688.0704	0.06319999999868742	RippleTimeIntervals					10688.1064		
10689.0312	0.03920000000107393	RippleTimeIntervals					10689.0336		
10689.3304	0.04399999999986903	RippleTimeIntervals					10689.3464		
10690.5208	0.05760000000009313	RippleTimeIntervals					10690.572		
10691.888	0.03679999999985739	RippleTimeIntervals					10691.8928		
10692.324	0.051199999999880674	RippleTimeIntervals					10692.3624		
10692.836	0.056000000000494765	RippleTimeIntervals					10692.8624		
10697.2296	0.053599999999278225	RippleTimeIntervals					10697.244		
10703.152	0.048800000000483124	RippleTimeIntervals					10703.168		
10706.2856	0.047200000000884756	RippleTimeIntervals					10706.2968		
10707.0	10.0	SleepStates							NREMstate
10707.8592	0.0591999999996915	RippleTimeIntervals					10707.8776		
10710.46	0.04400000000168802	RippleTimeIntervals					10710.4896		
10711.2432	0.044799999999668216	RippleTimeIntervals					10711.2576		
10712.5984	0.06480000000010477	RippleTimeIntervals					10712.648		
10713.18	0.04799999999886495	RippleTimeIntervals					10713.196		
10714.596	0.05280000000129803	RippleTimeIntervals					10714.6128		
10715.0952	0.04320000000006985	RippleTimeIntervals					10715.104		
10718.0	12.0	SleepStates							WAKEstate
10718.6744	0.05279999999947904	RippleTimeIntervals					10718.708		
10718.9584	0.058399999999892316	RippleTimeIntervals					10718.9696		
10719.3664	0.07599999999911233	RippleTimeIntervals					10719.4016		
10720.2688	0.044799999999668216	RippleTimeIntervals					10720.3		
10726.936	0.051199999999880674	RippleTimeIntervals					10726.9616		
10727.412	0.05680000000029395	RippleTimeIntervals					10727.4344		
10727.9808	0.06480000000010477	RippleTimeIntervals					10728.032		
10729.0304	0.04800000000068394	RippleTimeIntervals					10729.0496		
10731.0	69.0	SleepStates							NREMstate
10731.3208	0.04160000000047148	RippleTimeIntervals					10731.3408		
10734.04	0.03679999999985739	RippleTimeIntervals					10734.0624		
10734.268	0.0455999999994674	RippleTimeIntervals					10734.2784		
10735.2944	0.03439999999864085	RippleTimeIntervals					10735.3248		
10735.5312	0.0408000000006723	RippleTimeIntervals					10735.544		
10735.7656	0.035200000000259024	RippleTimeIntervals					10735.7672		
10736.2088	0.05999999999949068	RippleTimeIntervals					10736.2344		
10736.7656	0.03600000000005821	RippleTimeIntervals					10736.7776		
10737.9744	0.06000000000130967	RippleTimeIntervals					10737.9976		
10738.3416	0.03200000000106229	RippleTimeIntervals					10738.368		
10741.1544	0.03360000000066066	RippleTimeIntervals					10741.1568		
10741.3352	0.06639999999970314	RippleTimeIntervals					10741.3736		
10742.5504	0.0455999999994674	RippleTimeIntervals					10742.5616		
10742.856	0.0455999999994674	RippleTimeIntervals					10742.8704		
10750.544	0.08560000000034051	RippleTimeIntervals					10750.608		
10751.1208	0.04719999999906577	RippleTimeIntervals					10751.1312		
10751.3736	0.07199999999829743	RippleTimeIntervals					10751.412		
10753.0832	0.04400000000168802	RippleTimeIntervals					10753.1064		
10753.38	0.08719999999993888	RippleTimeIntervals					10753.4256		
10755.1328	0.04640000000108557	RippleTimeIntervals					10755.1536		
10757.6544	0.03920000000107393	RippleTimeIntervals					10757.6872		
10759.908	0.048800000000483124	RippleTimeIntervals					10759.9368		
10760.6232	0.07359999999971478	RippleTimeIntervals					10760.664		
10767.9432	0.06480000000010477	RippleTimeIntervals					10767.9936		
10768.1488	0.04399999999986903	RippleTimeIntervals					10768.1616		
10768.4	0.07760000000052969	RippleTimeIntervals					10768.4456		
10770.7312	0.06159999999908905	RippleTimeIntervals					10770.7664		
10775.2016	0.05999999999949068	RippleTimeIntervals					10775.2256		
10776.4408	0.048800000000483124	RippleTimeIntervals					10776.4752		
10776.9664	0.044800000001487206	RippleTimeIntervals					10776.9856		
10779.3208	0.056000000000494765	RippleTimeIntervals					10779.36		
10782.3624	0.06480000000010477	RippleTimeIntervals					10782.404		
10789.4752	0.04719999999906577	RippleTimeIntervals					10789.4816		
10790.8728	0.03600000000005821	RippleTimeIntervals					10790.8784		
10791.656	0.03599999999823922	RippleTimeIntervals					10791.6768		
10792.2536	0.0544000000008964	RippleTimeIntervals					10792.276		
10795.3088	0.04079999999885331	RippleTimeIntervals					10795.3208		
10796.2016	0.046399999999266583	RippleTimeIntervals					10796.24		
10796.5224	0.047200000000884756	RippleTimeIntervals					10796.5256		
10796.892	0.048800000000483124	RippleTimeIntervals					10796.9176		
10797.0984	0.05199999999967986	RippleTimeIntervals					10797.1256		
10797.6928	0.04799999999886495	RippleTimeIntervals					10797.7		
10801.0	8.0	SleepStates							WAKEstate
10805.9344	0.05040000000008149	RippleTimeIntervals					10805.9616		
10809.7984	0.03360000000066066	RippleTimeIntervals					10809.8224		
10810.0	73.0	SleepStates							NREMstate
10813.4176	0.06639999999970314	RippleTimeIntervals					10813.4392		
10814.6032	0.0544000000008964	RippleTimeIntervals					10814.6264		
10814.7888	0.032799999999042484	RippleTimeIntervals					10814.7976		
10815.9128	0.03839999999945576	RippleTimeIntervals					10815.928		
10816.12	0.03839999999945576	RippleTimeIntervals					10816.1224		
10820.7288	0.044799999999668216	RippleTimeIntervals					10820.7376		
10823.3832	0.04800000000068394	RippleTimeIntervals					10823.3976		
10824.084	0.06559999999990396	RippleTimeIntervals					10824.1304		
10826.328	0.03679999999985739	RippleTimeIntervals					10826.336		
10827.2248	0.05520000000069558	RippleTimeIntervals					10827.2624		
10829.4168	0.06559999999990396	RippleTimeIntervals					10829.452		
10834.3544	0.03679999999985739	RippleTimeIntervals					10834.3688		
10834.5216	0.04160000000047148	RippleTimeIntervals					10834.5408		
10834.6376	0.030399999999644933	RippleTimeIntervals					10834.6392		
10836.1664	0.053599999999278225	RippleTimeIntervals					10836.1896		
10836.2888	0.037599999999656575	RippleTimeIntervals					10836.2912		
10837.0608	0.042400000000270666	RippleTimeIntervals					10837.0776		
10837.5504	0.03679999999985739	RippleTimeIntervals					10837.556		
10838.2024	0.0591999999996915	RippleTimeIntervals					10838.2128		
10838.512	0.07519999999931315	RippleTimeIntervals					10838.5296		
10839.0432	0.032799999999042484	RippleTimeIntervals					10839.048		
10839.456	0.05040000000008149	RippleTimeIntervals					10839.4752		
10839.624	0.058399999999892316	RippleTimeIntervals					10839.644		
10839.7992	0.05199999999967986	RippleTimeIntervals					10839.8128		
10840.3272	0.0408000000006723	RippleTimeIntervals					10840.3408		
10840.7544	0.04800000000068394	RippleTimeIntervals					10840.7784		
10844.6456	0.053599999999278225	RippleTimeIntervals					10844.6776		
10845.9776	0.04800000000068394	RippleTimeIntervals					10845.9808		
10846.2312	0.04320000000006985	RippleTimeIntervals					10846.2584		
10849.6336	0.053600000001097214	RippleTimeIntervals					10849.6456		
10850.3768	0.05680000000029395	RippleTimeIntervals					10850.4016		
10854.1912	0.0408000000006723	RippleTimeIntervals					10854.224		
10854.6048	0.0408000000006723	RippleTimeIntervals					10854.612		
10858.9656	0.05280000000129803	RippleTimeIntervals					10859.0008		
10859.3048	0.046399999999266583	RippleTimeIntervals					10859.3264		
10859.5856	0.10399999999935972	RippleTimeIntervals					10859.6352		
10862.0168	0.06960000000071886	RippleTimeIntervals					10862.0504		
10862.4608	0.03919999999925494	RippleTimeIntervals					10862.4624		
10862.8296	0.03680000000167638	RippleTimeIntervals					10862.8312		
10863.036	0.06079999999928987	RippleTimeIntervals					10863.0416		
10863.2664	0.05199999999967986	RippleTimeIntervals					10863.2704		
10863.9336	0.03839999999945576	RippleTimeIntervals					10863.9552		
10876.132	0.04800000000068394	RippleTimeIntervals					10876.1408		
10877.144	0.05199999999967986	RippleTimeIntervals					10877.1472		
10878.1976	0.07120000000031723	RippleTimeIntervals					10878.2152		
10878.4752	0.03600000000005821	RippleTimeIntervals					10878.4808		
10879.4528	0.058400000001711305	RippleTimeIntervals					10879.4912		
10884.0	9.0	SleepStates							WAKEstate
10887.728	0.0632000000005064	RippleTimeIntervals					10887.7376		
10887.9376	0.04320000000006985	RippleTimeIntervals					10887.9512		
10894.0	17.0	SleepStates							NREMstate
10896.824	0.03439999999864085	RippleTimeIntervals					10896.832		
10899.128	0.04320000000006985	RippleTimeIntervals					10899.1472		
10899.2832	0.02959999999984575	RippleTimeIntervals					10899.284		
10900.9472	0.03919999999925494	RippleTimeIntervals					10900.9544		
10904.856	0.051199999999880674	RippleTimeIntervals					10904.8704		
10905.0256	0.035199999998440035	RippleTimeIntervals					10905.0328		
10905.5904	0.04320000000006985	RippleTimeIntervals					10905.6056		
10910.3344	0.0455999999994674	RippleTimeIntervals					10910.3728		
10912.0	9.0	SleepStates							WAKEstate
10912.8632	0.051199999999880674	RippleTimeIntervals					10912.8936		
10917.2888	0.05760000000009313	RippleTimeIntervals					10917.3112		
10921.548	0.055999999998675776	RippleTimeIntervals					10921.5568		
10922.0	77.0	SleepStates							NREMstate
10922.3448	0.05679999999847496	RippleTimeIntervals					10922.3728		
10927.4264	0.06480000000010477	RippleTimeIntervals					10927.4472		
10928.9712	0.09360000000015134	RippleTimeIntervals					10929.0352		
10929.512	0.035200000000259024	RippleTimeIntervals					10929.5224		
10930.9312	0.032799999999042484	RippleTimeIntervals					10930.936		
10931.8104	0.04079999999885331	RippleTimeIntervals					10931.8256		
10932.6112	0.05760000000009313	RippleTimeIntervals					10932.6136		
10932.856	0.05040000000008149	RippleTimeIntervals					10932.8784		
10945.176	0.0632000000005064	RippleTimeIntervals					10945.1896		
10945.5096	0.0727999999999156	RippleTimeIntervals					10945.54		
10948.208	0.07120000000031723	RippleTimeIntervals					10948.2264		
10948.5464	0.05280000000129803	RippleTimeIntervals					10948.5632		
10949.7768	0.040000000000873115	RippleTimeIntervals					10949.7992		
10950.1648	0.058399999999892316	RippleTimeIntervals					10950.1888		
10952.5512	0.04800000000068394	RippleTimeIntervals					10952.564		
10952.9992	0.04719999999906577	RippleTimeIntervals					10953.0192		
10953.4936	0.05040000000008149	RippleTimeIntervals					10953.5328		
10956.7912	0.04960000000028231	RippleTimeIntervals					10956.8048		
10958.1248	0.04399999999986903	RippleTimeIntervals					10958.1504		
10958.736	0.04799999999886495	RippleTimeIntervals					10958.7584		
10958.8544	0.03839999999945576	RippleTimeIntervals					10958.8552		
10959.1024	0.0455999999994674	RippleTimeIntervals					10959.1168		
10959.4456	0.06480000000010477	RippleTimeIntervals					10959.4736		
10961.7488	0.044800000001487206	RippleTimeIntervals					10961.7752		
10966.0016	0.06880000000091968	RippleTimeIntervals					10966.0376		
10966.5296	0.053599999999278225	RippleTimeIntervals					10966.5704		
10968.6184	0.06240000000070722	RippleTimeIntervals					10968.6376		
10969.0928	0.05199999999967986	RippleTimeIntervals					10969.1152		
10970.0568	0.04799999999886495	RippleTimeIntervals					10970.0632		
10973.512	0.03919999999925494	RippleTimeIntervals					10973.5352		
10974.1616	0.03440000000045984	RippleTimeIntervals					10974.1912		
10974.8584	0.056000000000494765	RippleTimeIntervals					10974.8928		
10982.9832	0.03839999999945576	RippleTimeIntervals					10982.9944		
10983.828	0.06000000000130967	RippleTimeIntervals					10983.8312		
10985.4744	0.04400000000168802	RippleTimeIntervals					10985.4872		
10985.6064	0.053599999999278225	RippleTimeIntervals					10985.6224		
10988.4976	0.05439999999907741	RippleTimeIntervals					10988.5192		
10989.1104	0.03679999999985739	RippleTimeIntervals					10989.1152		
10994.0928	0.05760000000009313	RippleTimeIntervals					10994.112		
10995.2712	0.048800000000483124	RippleTimeIntervals					10995.304		
10995.5296	0.03919999999925494	RippleTimeIntervals					10995.56		
10996.3008	0.027999999998428393	RippleTimeIntervals					10996.3024		
10997.428	0.051199999999880674	RippleTimeIntervals					10997.4464		
10997.7832	0.042400000000270666	RippleTimeIntervals					10997.7936		
11000.0	1692.0	SleepStates							WAKEstate
11024.9688	0.09759999999914726	RippleTimeIntervals					11025.036		
11043.9232	0.05040000000008149	RippleTimeIntervals					11043.9488		
11048.0696	0.05760000000009313	RippleTimeIntervals					11048.1024		
11048.212	0.03360000000066066	RippleTimeIntervals					11048.216		
11049.2024	0.042400000000270666	RippleTimeIntervals					11049.2232		
11056.6224	0.04399999999986903	RippleTimeIntervals					11056.6608		
11061.7904	0.056000000000494765	RippleTimeIntervals					11061.816		
11066.2344	0.07200000000011642	RippleTimeIntervals					11066.2616		
11081.8448	0.05519999999887659	RippleTimeIntervals					11081.8592		
11083.8216	0.05280000000129803	RippleTimeIntervals					11083.8544		
11088.3288	0.053600000001097214	RippleTimeIntervals					11088.3568		
11088.6208	0.048799999998664134	RippleTimeIntervals					11088.6464		
11093.8208	0.0408000000006723	RippleTimeIntervals					11093.8296		
11112.6952	0.06559999999990396	RippleTimeIntervals					11112.7096		
11116.3816	0.055999999998675776	RippleTimeIntervals					11116.4048		
11146.0736	0.0455999999994674	RippleTimeIntervals					11146.0744		
11146.728	0.051200000001699664	RippleTimeIntervals					11146.7528		
11149.4168	0.04319999999825086	RippleTimeIntervals					11149.4408		
11151.6512	0.05199999999967986	RippleTimeIntervals					11151.668		
11155.4208	0.06719999999950232	RippleTimeIntervals					11155.4504		
11157.0568	0.06159999999908905	RippleTimeIntervals					11157.0696		
11159.4104	0.046399999999266583	RippleTimeIntervals					11159.4304		
11161.1632	0.05199999999967986	RippleTimeIntervals					11161.168		
11166.2648	0.05199999999967986	RippleTimeIntervals					11166.2968		
11169.4408	0.05760000000009313	RippleTimeIntervals					11169.4648		
11176.7112	0.1087999999999738	RippleTimeIntervals					11176.7928		
11186.2536	0.04800000000068394	RippleTimeIntervals					11186.284		
11190.4	3153.311966666666	epochs	BaselinePost	None	fCamk3_201111_110959	Home cage			
11212.7752	0.044799999999668216	RippleTimeIntervals					11212.8192		
11222.608	0.09280000000035216	RippleTimeIntervals					11222.6368		
11227.4728	0.10319999999956053	RippleTimeIntervals					11227.4824		
11239.0968	0.1136000000005879	RippleTimeIntervals					11239.1144		
11244.5064	0.19759999999951106	RippleTimeIntervals					11244.5552		
11261.696	0.02479999999923166	RippleTimeIntervals					11261.704		
11268.832	0.05999999999949068	RippleTimeIntervals					11268.852		
11273.0672	0.18720000000030268	RippleTimeIntervals					11273.224		
11274.1088	0.07200000000011642	RippleTimeIntervals					11274.1712		
11296.3912	0.12319999999999709	RippleTimeIntervals					11296.3976		
11304.7048	0.0904000000009546	RippleTimeIntervals					11304.7816		
11314.8048	0.12399999999979627	RippleTimeIntervals					11314.9224		
11328.5768	0.09919999999874562	RippleTimeIntervals					11328.6048		
11337.2544	0.06160000000090804	RippleTimeIntervals					11337.3008		
11359.384	0.03839999999945576	RippleTimeIntervals					11359.3896		
11367.0856	0.028800000000046566	RippleTimeIntervals					11367.088		
11371.7632	0.051199999999880674	RippleTimeIntervals					11371.7904		
11400.1104	0.04800000000068394	RippleTimeIntervals					11400.1448		
11425.6376	0.06159999999908905	RippleTimeIntervals					11425.684		
11459.612	0.1000000000003638	RippleTimeIntervals					11459.6752		
11472.7424	0.044800000001487206	RippleTimeIntervals					11472.7728		
11473.1072	0.04799999999886495	RippleTimeIntervals					11473.1384		
11476.5776	0.028800000000046566	RippleTimeIntervals					11476.592		
11524.8808	0.039999999999054126	RippleTimeIntervals					11524.9168		
11537.448	0.04160000000047148	RippleTimeIntervals					11537.4696		
11607.4304	0.10640000000057626	RippleTimeIntervals					11607.5328		
11614.7	0.07519999999931315	RippleTimeIntervals					11614.7656		
11619.1208	0.18479999999908614	RippleTimeIntervals					11619.1944		
11619.4992	0.16959999999926367	RippleTimeIntervals					11619.6208		
11660.1344	0.06879999999910069	RippleTimeIntervals					11660.1992		
11660.8592	0.05439999999907741	RippleTimeIntervals					11660.8936		
11661.2088	0.042400000000270666	RippleTimeIntervals					11661.236		
11662.7	0.05760000000009313	RippleTimeIntervals					11662.7304		
11672.6648	0.062399999998888234	RippleTimeIntervals					11672.6968		
11674.1168	0.03920000000107393	RippleTimeIntervals					11674.1376		
11679.2248	0.04800000000068394	RippleTimeIntervals					11679.2336		
11680.7472	0.056000000000494765	RippleTimeIntervals					11680.7584		
11696.7048	0.04399999999986903	RippleTimeIntervals					11696.7416		
11698.9368	0.09439999999995052	RippleTimeIntervals					11698.9984		
11701.7144	0.0455999999994674	RippleTimeIntervals					11701.736		
11703.2576	0.07519999999931315	RippleTimeIntervals					11703.304		
11706.8296	0.04320000000006985	RippleTimeIntervals					11706.856		
11707.052	0.05520000000069558	RippleTimeIntervals					11707.0704		
11708.36	0.05279999999947904	RippleTimeIntervals					11708.3856		
11713.68	0.04799999999886495	RippleTimeIntervals					11713.688		
11715.3128	0.0591999999996915	RippleTimeIntervals					11715.3424		
11737.2104	0.06240000000070722	RippleTimeIntervals					11737.2368		
11750.3296	0.07360000000153377	RippleTimeIntervals					11750.3632		
11764.0096	0.044800000001487206	RippleTimeIntervals					11764.024		
11770.2792	0.03679999999985739	RippleTimeIntervals					11770.284		
11806.3096	0.09519999999974971	RippleTimeIntervals					11806.3504		
11832.144	0.06639999999970314	RippleTimeIntervals					11832.1776		
11833.7128	0.053600000001097214	RippleTimeIntervals					11833.7392		
11845.336	0.040000000000873115	RippleTimeIntervals					11845.3592		
11847.148	0.07120000000031723	RippleTimeIntervals					11847.1696		
11866.4504	0.06880000000091968	RippleTimeIntervals					11866.504		
11906.1296	0.09280000000035216	RippleTimeIntervals					11906.1672		
11945.4248	0.07039999999869906	RippleTimeIntervals					11945.4728		
11972.0432	0.04399999999986903	RippleTimeIntervals					11972.0496		
11980.6808	0.048800000000483124	RippleTimeIntervals					11980.7216		
12017.908	0.048800000000483124	RippleTimeIntervals					12017.9448		
12035.1536	0.08879999999953725	RippleTimeIntervals					12035.1592		
12036.8848	0.10319999999956053	RippleTimeIntervals					12036.9416		
12042.1512	0.1087999999999738	RippleTimeIntervals					12042.2272		
12065.4248	0.04719999999906577	RippleTimeIntervals					12065.4592		
12075.5664	0.060800000001108856	RippleTimeIntervals					12075.604		
12075.7056	0.05280000000129803	RippleTimeIntervals					12075.7152		
12092.0856	0.05519999999887659	RippleTimeIntervals					12092.112		
12094.2496	0.058400000001711305	RippleTimeIntervals					12094.28		
12099.652	0.039999999999054126	RippleTimeIntervals					12099.6776		
12104.5344	0.04719999999906577	RippleTimeIntervals					12104.56		
12116.5928	0.053599999999278225	RippleTimeIntervals					12116.6088		
12127.4464	0.05279999999947904	RippleTimeIntervals					12127.488		
12128.2984	0.0455999999994674	RippleTimeIntervals					12128.3144		
12133.7704	0.0591999999996915	RippleTimeIntervals					12133.7928		
12142.6232	0.05279999999947904	RippleTimeIntervals					12142.6424		
12148.6432	0.08319999999912397	RippleTimeIntervals					12148.688		
12154.2424	0.04640000000108557	RippleTimeIntervals					12154.2776		
12155.1544	0.037599999999656575	RippleTimeIntervals					12155.1712		
12161.0024	0.053600000001097214	RippleTimeIntervals					12161.032		
12161.9848	0.051199999999880674	RippleTimeIntervals					12162.0224		
12171.3992	0.05999999999949068	RippleTimeIntervals					12171.4168		
12171.632	0.048800000000483124	RippleTimeIntervals					12171.668		
12179.7968	0.051199999999880674	RippleTimeIntervals					12179.8328		
12185.076	0.06560000000172295	RippleTimeIntervals					12185.1144		
12188.2264	0.05280000000129803	RippleTimeIntervals					12188.2584		
12202.1744	0.0408000000006723	RippleTimeIntervals					12202.2064		
12202.7384	0.05760000000009313	RippleTimeIntervals					12202.7728		
12202.8672	0.037599999999656575	RippleTimeIntervals					12202.868		
12206.7848	0.053600000001097214	RippleTimeIntervals					12206.8152		
12207.1264	0.04640000000108557	RippleTimeIntervals					12207.1352		
12212.6592	0.0455999999994674	RippleTimeIntervals					12212.6696		
12235.3264	0.07359999999971478	RippleTimeIntervals					12235.3776		
12247.3792	0.053600000001097214	RippleTimeIntervals					12247.4128		
12255.1416	0.03919999999925494	RippleTimeIntervals					12255.1512		
12259.3144	0.07040000000051805	RippleTimeIntervals					12259.3736		
12261.7128	0.042400000000270666	RippleTimeIntervals					12261.7328		
12268.1272	0.06639999999970314	RippleTimeIntervals					12268.1504		
12270.6992	0.053600000001097214	RippleTimeIntervals					12270.736		
12272.528	0.06480000000010477	RippleTimeIntervals					12272.5768		
12278.3376	0.04320000000006985	RippleTimeIntervals					12278.3624		
12278.9824	0.053599999999278225	RippleTimeIntervals					12279.0248		
12279.2216	0.04320000000006985	RippleTimeIntervals					12279.2512		
12281.044	0.04960000000028231	RippleTimeIntervals					12281.0608		
12281.2064	0.0864000000001397	RippleTimeIntervals					12281.2288		
12281.4888	0.05760000000009313	RippleTimeIntervals					12281.512		
12281.6488	0.08319999999912397	RippleTimeIntervals					12281.668		
12288.7912	0.04640000000108557	RippleTimeIntervals					12288.8128		
12289.1088	0.05680000000029395	RippleTimeIntervals					12289.1176		
12289.7008	0.07439999999951397	RippleTimeIntervals					12289.7448		
12297.712	0.05680000000029395	RippleTimeIntervals					12297.7248		
12297.9192	0.0455999999994674	RippleTimeIntervals					12297.9328		
12301.632	0.042400000000270666	RippleTimeIntervals					12301.6544		
12306.1696	0.058399999999892316	RippleTimeIntervals					12306.1984		
12322.3552	0.06079999999928987	RippleTimeIntervals					12322.3712		
12322.5376	0.04160000000047148	RippleTimeIntervals					12322.5472		
12329.6568	0.06079999999928987	RippleTimeIntervals					12329.7016		
12353.4072	0.04320000000006985	RippleTimeIntervals					12353.4112		
12355.0352	0.05760000000009313	RippleTimeIntervals					12355.0792		
12361.9312	0.09519999999974971	RippleTimeIntervals					12361.9936		
12374.5952	0.06160000000090804	RippleTimeIntervals					12374.6312		
12377.6792	0.04799999999886495	RippleTimeIntervals					12377.7128		
12388.2216	0.07119999999849824	RippleTimeIntervals					12388.2672		
12391.7344	0.04800000000068394	RippleTimeIntervals					12391.7608		
12392.676	0.042400000000270666	RippleTimeIntervals					12392.7		
12396.004	0.05040000000008149	RippleTimeIntervals					12396.0312		
12399.3688	0.06240000000070722	RippleTimeIntervals					12399.3992		
12400.9416	0.04719999999906577	RippleTimeIntervals					12400.9712		
12403.8992	0.05040000000008149	RippleTimeIntervals					12403.9208		
12404.8672	0.05279999999947904	RippleTimeIntervals					12404.9048		
12408.1064	0.07599999999911233	RippleTimeIntervals					12408.148		
12410.304	0.04399999999986903	RippleTimeIntervals					12410.336		
12415.5368	0.05040000000008149	RippleTimeIntervals					12415.548		
12421.16	0.03919999999925494	RippleTimeIntervals					12421.1696		
12422.1384	0.03920000000107393	RippleTimeIntervals					12422.172		
12422.8792	0.06000000000130967	RippleTimeIntervals					12422.9112		
12433.5648	0.03360000000066066	RippleTimeIntervals					12433.5968		
12433.68	0.05439999999907741	RippleTimeIntervals					12433.6992		
12446.0768	0.04799999999886495	RippleTimeIntervals					12446.1096		
12447.052	0.048800000000483124	RippleTimeIntervals					12447.0832		
12447.6848	0.05439999999907741	RippleTimeIntervals					12447.6992		
12447.8128	0.04800000000068394	RippleTimeIntervals					12447.8328		
12450.6888	0.04399999999986903	RippleTimeIntervals					12450.7136		
12450.956	0.042400000000270666	RippleTimeIntervals					12450.9616		
12456.1504	0.051199999999880674	RippleTimeIntervals					12456.184		
12461.58	0.047200000000884756	RippleTimeIntervals					12461.608		
12482.0856	0.053599999999278225	RippleTimeIntervals					12482.0952		
12490.6504	0.04799999999886495	RippleTimeIntervals					12490.6736		
12495.7944	0.046399999999266583	RippleTimeIntervals					12495.8128		
12497.2312	0.035200000000259024	RippleTimeIntervals					12497.2552		
12498.2576	0.09279999999853317	RippleTimeIntervals					12498.3016		
12505.1672	0.06799999999930151	RippleTimeIntervals					12505.1968		
12506.6944	0.04960000000028231	RippleTimeIntervals					12506.716		
12513.2464	0.09439999999995052	RippleTimeIntervals					12513.3192		
12553.9208	0.058399999999892316	RippleTimeIntervals					12553.9472		
12554.7	0.044799999999668216	RippleTimeIntervals					12554.7368		
12557.8208	0.08960000000115542	RippleTimeIntervals					12557.832		
12558.4304	0.03920000000107393	RippleTimeIntervals					12558.4424		
12559.9528	0.05760000000009313	RippleTimeIntervals					12559.984		
12560.2	0.0455999999994674	RippleTimeIntervals					12560.2272		
12560.8976	0.05040000000008149	RippleTimeIntervals					12560.92		
12561.1144	0.05439999999907741	RippleTimeIntervals					12561.1544		
12561.8808	0.04320000000006985	RippleTimeIntervals					12561.888		
12563.1624	0.06160000000090804	RippleTimeIntervals					12563.1992		
12564.6448	0.03360000000066066	RippleTimeIntervals					12564.6512		
12567.72	0.04960000000028231	RippleTimeIntervals					12567.7472		
12573.3672	0.04799999999886495	RippleTimeIntervals					12573.3928		
12574.0928	0.05279999999947904	RippleTimeIntervals					12574.1216		
12576.372	0.04320000000006985	RippleTimeIntervals					12576.3896		
12578.532	0.056000000000494765	RippleTimeIntervals					12578.56		
12589.2872	0.07039999999869906	RippleTimeIntervals					12589.3136		
12625.7	0.08959999999933643	RippleTimeIntervals					12625.7696		
12627.1464	0.056000000000494765	RippleTimeIntervals					12627.1848		
12627.3992	0.05040000000008149	RippleTimeIntervals					12627.4096		
12631.044	0.04800000000068394	RippleTimeIntervals					12631.0832		
12631.988	0.0544000000008964	RippleTimeIntervals					12632.0264		
12633.7256	0.04960000000028231	RippleTimeIntervals					12633.7544		
12634.9936	0.07999999999992724	RippleTimeIntervals					12635.0368		
12637.0392	0.03840000000127475	RippleTimeIntervals					12637.0544		
12660.4464	0.03600000000005821	RippleTimeIntervals					12660.4664		
12666.4176	0.11999999999898137	RippleTimeIntervals					12666.464		
12670.8672	0.035200000000259024	RippleTimeIntervals					12670.8744		
12671.7328	0.13040000000000873	RippleTimeIntervals					12671.8488		
12676.3112	0.0632000000005064	RippleTimeIntervals					12676.3496		
12686.284	0.056000000000494765	RippleTimeIntervals					12686.3264		
12692.9368	0.3720000000012078	UpDownStatesTimeIntervals						UP	
12693.0	8.0	SleepStates							NREMstate
12693.56	0.2175999999999476	UpDownStatesTimeIntervals						DOWN	
12694.2512	0.07359999999971478	UpDownStatesTimeIntervals						DOWN	
12694.7528	0.23840000000018335	UpDownStatesTimeIntervals						UP	
12695.2104	0.24799999999959255	UpDownStatesTimeIntervals						UP	
12695.3128	0.11039999999957217	RippleTimeIntervals					12695.328		
12695.7032	0.24639999999999418	UpDownStatesTimeIntervals						UP	
12696.028	0.35679999999956635	UpDownStatesTimeIntervals						DOWN	
12697.8504	0.1584000000002561	UpDownStatesTimeIntervals						UP	
12698.26	0.053599999999278225	UpDownStatesTimeIntervals						DOWN	
12698.4704	0.10559999999895808	UpDownStatesTimeIntervals						UP	
12698.9656	0.2048000000013417	UpDownStatesTimeIntervals						UP	
12700.04	0.15279999999984284	UpDownStatesTimeIntervals						UP	
12700.6552	0.03360000000066066	UpDownStatesTimeIntervals						DOWN	
12700.6888	0.10159999999996217	UpDownStatesTimeIntervals						UP	
12701.1168	0.21440000000075088	UpDownStatesTimeIntervals						UP	
12702.0	149.0	SleepStates							WAKEstate
12709.8192	0.11119999999937136	RippleTimeIntervals					12709.896		
12710.396	0.1543999999994412	RippleTimeIntervals					12710.5448		
12710.6896	0.09200000000055297	RippleTimeIntervals					12710.7704		
12724.6104	0.05040000000008149	RippleTimeIntervals					12724.6472		
12753.9	0.11120000000119035	RippleTimeIntervals					12753.9952		
12760.9192	0.048800000000483124	RippleTimeIntervals					12760.9464		
12762.0992	0.046399999999266583	RippleTimeIntervals					12762.104		
12762.5992	0.05999999999949068	RippleTimeIntervals					12762.6168		
12764.6752	0.03839999999945576	RippleTimeIntervals					12764.6896		
12765.2104	0.05760000000009313	RippleTimeIntervals					12765.2424		
12766.9512	0.0544000000008964	RippleTimeIntervals					12766.9672		
12775.8848	0.04160000000047148	RippleTimeIntervals					12775.9048		
12779.6608	0.05999999999949068	RippleTimeIntervals					12779.6664		
12781.7584	0.08079999999972642	RippleTimeIntervals					12781.7792		
12782.3696	0.14799999999922875	RippleTimeIntervals					12782.4128		
12787.3952	0.10719999999855645	RippleTimeIntervals					12787.4136		
12794.6936	0.09280000000035216	RippleTimeIntervals					12794.6968		
12798.9456	0.10160000000178115	RippleTimeIntervals					12798.9736		
12802.9928	0.03839999999945576	RippleTimeIntervals					12802.9976		
12804.4272	0.04800000000068394	RippleTimeIntervals					12804.4544		
12811.8136	0.10080000000016298	RippleTimeIntervals					12811.8944		
12819.0568	0.11919999999918218	RippleTimeIntervals					12819.0664		
12829.2768	0.0680000000011205	RippleTimeIntervals					12829.3184		
12842.1504	0.06159999999908905	RippleTimeIntervals					12842.1872		
12850.268	0.056000000000494765	RippleTimeIntervals					12850.2944		
12851.4648	0.12160000000039872	UpDownStatesTimeIntervals						UP	
12851.9888	0.1320000000014261	UpDownStatesTimeIntervals						UP	
12852.0	11.0	SleepStates							NREMstate
12852.9744	0.3088000000007014	UpDownStatesTimeIntervals						UP	
12854.4824	0.2175999999999476	UpDownStatesTimeIntervals						UP	
12854.5336	0.048799999998664134	RippleTimeIntervals					12854.5568		
12855.4496	0.1959999999999127	UpDownStatesTimeIntervals						UP	
12856.1288	0.11440000000038708	UpDownStatesTimeIntervals						UP	
12857.1584	0.07120000000031723	RippleTimeIntervals					12857.2016		
12857.98	0.1264000000010128	UpDownStatesTimeIntervals						UP	
12858.024	0.04560000000128639	RippleTimeIntervals					12858.0392		
12858.1992	0.058400000001711305	RippleTimeIntervals					12858.2112		
12858.7112	0.12960000000020955	UpDownStatesTimeIntervals						UP	
12858.7568	0.05200000000149885	RippleTimeIntervals					12858.7864		
12858.88	0.07200000000011642	UpDownStatesTimeIntervals						DOWN	
12859.176	0.13360000000102445	UpDownStatesTimeIntervals						UP	
12859.7784	0.12080000000059954	UpDownStatesTimeIntervals						UP	
12860.7464	0.04160000000047148	RippleTimeIntervals					12860.748		
12862.2832	0.15600000000085856	UpDownStatesTimeIntervals						UP	
12862.3328	0.06639999999970314	RippleTimeIntervals					12862.3776		
12863.0072	0.21680000000014843	UpDownStatesTimeIntervals						UP	
12864.0	11.0	SleepStates							WAKEstate
12864.4624	0.042400000000270666	RippleTimeIntervals					12864.4832		
12867.9552	0.03359999999884167	RippleTimeIntervals					12867.9704		
12871.052	0.04960000000028231	RippleTimeIntervals					12871.0784		
12873.6488	0.044799999999668216	RippleTimeIntervals					12873.652		
12873.8472	0.035200000000259024	RippleTimeIntervals					12873.86		
12875.5152	0.1368000000002212	UpDownStatesTimeIntervals						UP	
12876.0	8.0	SleepStates							NREMstate
12876.0168	0.08240000000114378	UpDownStatesTimeIntervals						DOWN	
12876.184	0.14320000000043365	UpDownStatesTimeIntervals						UP	
12876.8608	0.062399999998888234	RippleTimeIntervals					12876.9088		
12877.008	0.12080000000059954	UpDownStatesTimeIntervals						UP	
12877.7176	0.12080000000059954	UpDownStatesTimeIntervals						UP	
12879.1592	0.15200000000004366	UpDownStatesTimeIntervals						UP	
12879.208	0.053599999999278225	RippleTimeIntervals					12879.2296		
12879.6616	0.26480000000083237	UpDownStatesTimeIntervals						UP	
12879.6928	0.051199999999880674	RippleTimeIntervals					12879.7248		
12880.14	0.29360000000087894	UpDownStatesTimeIntervals						DOWN	
12881.436	0.16480000000046857	UpDownStatesTimeIntervals						UP	
12881.476	0.06959999999889988	RippleTimeIntervals					12881.524		
12883.7664	0.05439999999907741	RippleTimeIntervals					12883.7856		
12884.1128	0.04799999999886495	RippleTimeIntervals					12884.1288		
12884.9872	0.048800000000483124	RippleTimeIntervals					12885.0208		
12885.0	516.0	SleepStates							WAKEstate
12888.276	0.047200000000884756	RippleTimeIntervals					12888.2864		
12888.4096	0.04959999999846332	RippleTimeIntervals					12888.4192		
12889.6792	0.0455999999994674	RippleTimeIntervals					12889.6832		
12894.9072	0.04960000000028231	RippleTimeIntervals					12894.94		
12895.2008	0.05760000000009313	RippleTimeIntervals					12895.2088		
12896.7136	0.044800000001487206	RippleTimeIntervals					12896.7208		
12898.1024	0.037599999999656575	RippleTimeIntervals					12898.1136		
12898.3648	0.0408000000006723	RippleTimeIntervals					12898.3896		
12925.1928	0.05519999999887659	RippleTimeIntervals					12925.2368		
12941.7376	0.04960000000028231	RippleTimeIntervals					12941.752		
12961.7664	0.058399999999892316	RippleTimeIntervals					12961.8008		
13004.692	0.06960000000071886	RippleTimeIntervals					13004.7248		
13037.0928	0.04399999999986903	RippleTimeIntervals					13037.1232		
13052.7416	0.06480000000010477	RippleTimeIntervals					13052.7752		
13057.9624	0.05999999999949068	RippleTimeIntervals					13058.0016		
13062.6208	0.07359999999971478	RippleTimeIntervals					13062.6392		
13140.0352	0.18800000000010186	RippleTimeIntervals					13140.2176		
13167.4368	0.06639999999970314	RippleTimeIntervals					13167.4808		
13201.4184	0.0455999999994674	RippleTimeIntervals					13201.4224		
13214.9376	0.04160000000047148	RippleTimeIntervals					13214.9472		
13215.372	0.06400000000030559	RippleTimeIntervals					13215.4112		
13230.876	0.04800000000068394	RippleTimeIntervals					13230.904		
13230.9992	0.09039999999913562	RippleTimeIntervals					13231.056		
13278.4616	0.062399999998888234	RippleTimeIntervals					13278.4904		
13283.3656	0.06160000000090804	RippleTimeIntervals					13283.3856		
13320.712	0.06639999999970314	RippleTimeIntervals					13320.7632		
13321.1072	0.06159999999908905	RippleTimeIntervals					13321.1416		
13337.9984	0.06559999999990396	RippleTimeIntervals					13338.0456		
13351.4096	0.058399999999892316	RippleTimeIntervals					13351.4448		
13352.388	0.07119999999849824	RippleTimeIntervals					13352.4232		
13357.1896	0.05680000000029395	RippleTimeIntervals					13357.216		
13359.656	0.04719999999906577	RippleTimeIntervals					13359.668		
13362.2008	0.055999999998675776	RippleTimeIntervals					13362.2368		
13362.616	0.048800000000483124	RippleTimeIntervals					13362.6296		
13363.4616	0.04960000000028231	RippleTimeIntervals					13363.4792		
13365.772	0.03919999999925494	RippleTimeIntervals					13365.7944		
13367.5488	0.04719999999906577	RippleTimeIntervals					13367.568		
13368.252	0.0455999999994674	RippleTimeIntervals					13368.2648		
13370.6928	0.055999999998675776	RippleTimeIntervals					13370.7288		
13371.8608	0.05999999999949068	RippleTimeIntervals					13371.884		
13375.044	0.05680000000029395	RippleTimeIntervals					13375.0992		
13376.2232	0.051199999999880674	RippleTimeIntervals					13376.2408		
13385.0	0.053599999999278225	RippleTimeIntervals					13385.0216		
13388.9984	0.051199999999880674	RippleTimeIntervals					13389.0248		
13402.0	26.0	SleepStates							NREMstate
13402.7224	0.1728000000002794	UpDownStatesTimeIntervals						UP	
13402.7792	0.05519999999887659	RippleTimeIntervals					13402.7992		
13403.156	0.05519999999887659	RippleTimeIntervals					13403.1688		
13403.3216	0.3320000000003347	UpDownStatesTimeIntervals						DOWN	
13403.6536	0.12960000000020955	UpDownStatesTimeIntervals						UP	
13403.7088	0.056000000000494765	RippleTimeIntervals					13403.7208		
13404.0984	0.06159999999908905	UpDownStatesTimeIntervals						DOWN	
13404.16	0.12399999999979627	UpDownStatesTimeIntervals						UP	
13405.8408	0.1551999999992404	UpDownStatesTimeIntervals						UP	
13405.8976	0.06559999999990396	RippleTimeIntervals					13405.924		
13406.8672	0.14400000000023283	UpDownStatesTimeIntervals						UP	
13406.9032	0.08479999999872234	RippleTimeIntervals					13406.9504		
13407.1656	0.04399999999986903	RippleTimeIntervals					13407.172		
13407.2624	0.0727999999999156	UpDownStatesTimeIntervals						DOWN	
13407.3408	0.03440000000045984	RippleTimeIntervals					13407.3544		
13407.6464	0.12479999999959546	UpDownStatesTimeIntervals						UP	
13407.668	0.08159999999952561	RippleTimeIntervals					13407.712		
13407.8528	0.03919999999925494	RippleTimeIntervals					13407.8584		
13407.9296	0.08799999999973807	UpDownStatesTimeIntervals						DOWN	
13408.0496	0.03359999999884167	RippleTimeIntervals					13408.0608		
13408.1664	0.12399999999979627	UpDownStatesTimeIntervals						UP	
13408.2112	0.04640000000108557	RippleTimeIntervals					13408.2232		
13409.2368	0.118399999999383	UpDownStatesTimeIntervals						UP	
13409.8112	0.14639999999963038	UpDownStatesTimeIntervals						UP	
13409.8816	0.046399999999266583	RippleTimeIntervals					13409.896		
13410.8152	0.1224000000001979	UpDownStatesTimeIntervals						UP	
13411.3288	0.14640000000144937	UpDownStatesTimeIntervals						UP	
13411.38	0.0632000000005064	RippleTimeIntervals					13411.4088		
13411.5016	0.3504000000011729	UpDownStatesTimeIntervals						DOWN	
13412.5856	0.048800000000483124	RippleTimeIntervals					13412.6088		
13412.828	0.042400000000270666	RippleTimeIntervals					13412.8344		
13413.3536	0.12880000000041036	UpDownStatesTimeIntervals						UP	
13413.8008	0.1319999999996071	UpDownStatesTimeIntervals						DOWN	
13415.1712	0.19279999999889696	UpDownStatesTimeIntervals						DOWN	
13415.364	0.14320000000043365	UpDownStatesTimeIntervals						UP	
13415.984	0.12880000000041036	UpDownStatesTimeIntervals						UP	
13416.04	0.04719999999906577	RippleTimeIntervals					13416.0488		
13416.6624	0.20080000000052678	UpDownStatesTimeIntervals						UP	
13417.2568	0.14720000000124855	UpDownStatesTimeIntervals						UP	
13417.4976	0.1224000000001979	UpDownStatesTimeIntervals						DOWN	
13417.8992	0.22160000000076252	UpDownStatesTimeIntervals						UP	
13418.156	0.16239999999925203	UpDownStatesTimeIntervals						DOWN	
13419.7048	0.04399999999986903	RippleTimeIntervals					13419.716		
13421.1528	0.21680000000014843	UpDownStatesTimeIntervals						UP	
13421.4256	0.03919999999925494	RippleTimeIntervals					13421.4328		
13421.7296	0.12559999999939464	UpDownStatesTimeIntervals						UP	
13421.7736	0.06079999999928987	RippleTimeIntervals					13421.7872		
13421.932	0.07439999999951397	UpDownStatesTimeIntervals						DOWN	
13422.6	0.1224000000001979	UpDownStatesTimeIntervals						UP	
13422.644	0.04799999999886495	RippleTimeIntervals					13422.6552		
13422.7768	0.28880000000026484	UpDownStatesTimeIntervals						DOWN	
13423.0656	0.14719999999942956	UpDownStatesTimeIntervals						UP	
13423.1184	0.048800000000483124	RippleTimeIntervals					13423.1344		
13423.3592	0.04159999999865249	RippleTimeIntervals					13423.3672		
13424.0808	0.05760000000009313	UpDownStatesTimeIntervals						DOWN	
13424.4544	0.14239999999881547	UpDownStatesTimeIntervals						UP	
13425.108	0.1136000000005879	UpDownStatesTimeIntervals						DOWN	
13425.5336	0.2039999999997235	UpDownStatesTimeIntervals						UP	
13427.4224	0.06000000000130967	RippleTimeIntervals					13427.4456		
13429.0	1233.0	SleepStates							WAKEstate
13429.5408	0.06319999999868742	RippleTimeIntervals					13429.56		
13429.8776	0.048800000000483124	RippleTimeIntervals					13429.888		
13430.0472	0.04159999999865249	RippleTimeIntervals					13430.048		
13430.6968	0.06559999999990396	RippleTimeIntervals					13430.7272		
13433.1872	0.039999999999054126	RippleTimeIntervals					13433.2064		
13447.528	0.053599999999278225	RippleTimeIntervals					13447.5448		
13454.4088	0.06559999999990396	RippleTimeIntervals					13454.4528		
13457.68	0.048800000000483124	RippleTimeIntervals					13457.6856		
13459.2056	0.051199999999880674	RippleTimeIntervals					13459.2464		
13464.8336	0.053599999999278225	RippleTimeIntervals					13464.8624		
13466.1944	0.04960000000028231	RippleTimeIntervals					13466.2232		
13467.2672	0.058399999999892316	RippleTimeIntervals					13467.2896		
13482.5656	0.07200000000011642	RippleTimeIntervals					13482.5896		
13497.7088	0.04960000000028231	RippleTimeIntervals					13497.7264		
13533.1512	0.04320000000006985	RippleTimeIntervals					13533.1648		
13543.9256	0.0911999999989348	RippleTimeIntervals					13543.9952		
13544.5216	0.046399999999266583	RippleTimeIntervals					13544.5384		
13567.4512	0.048800000000483124	RippleTimeIntervals					13567.4624		
13631.0136	0.042400000000270666	RippleTimeIntervals					13631.04		
13636.1544	0.04320000000006985	RippleTimeIntervals					13636.168		
13640.5976	0.056000000000494765	RippleTimeIntervals					13640.6392		
13659.6496	0.05279999999947904	RippleTimeIntervals					13659.6672		
13692.6816	0.035200000000259024	RippleTimeIntervals					13692.7096		
13700.624	0.05199999999967986	RippleTimeIntervals					13700.644		
13703.94	0.04799999999886495	RippleTimeIntervals					13703.9712		
13711.6672	0.11679999999978463	RippleTimeIntervals					13711.6768		
13715.7024	0.021600000000034925	RippleTimeIntervals					13715.7136		
13739.5624	0.06319999999868742	RippleTimeIntervals					13739.5952		
13756.0512	0.047200000000884756	RippleTimeIntervals					13756.0816		
13769.1192	0.0632000000005064	RippleTimeIntervals					13769.1328		
13783.488	0.08240000000114378	RippleTimeIntervals					13783.5376		
13883.952	0.05200000000149885	RippleTimeIntervals					13883.9704		
13941.5856	0.022399999999834108	RippleTimeIntervals					13941.6064		
13953.7224	0.04320000000006985	RippleTimeIntervals					13953.7432		
13954.6936	0.07120000000031723	RippleTimeIntervals					13954.74		
14025.3448	0.09759999999914726	RippleTimeIntervals					14025.4112		
14079.3424	0.05680000000029395	RippleTimeIntervals					14079.3656		
14080.284	0.13760000000002037	RippleTimeIntervals					14080.3616		
14115.5936	0.04800000000068394	RippleTimeIntervals					14115.6168		
14136.3528	0.11039999999957217	RippleTimeIntervals					14136.396		
14136.5448	0.09280000000035216	RippleTimeIntervals					14136.5768		
14174.7184	0.053600000001097214	RippleTimeIntervals					14174.7576		
14183.9976	0.04960000000028231	RippleTimeIntervals					14184.0016		
14197.0592	0.07600000000093132	RippleTimeIntervals					14197.1136		
14197.3248	0.03440000000045984	RippleTimeIntervals					14197.3312		
14206.1472	0.044799999999668216	RippleTimeIntervals					14206.1728		
14206.48	0.07200000000011642	RippleTimeIntervals					14206.5392		
14212.7656	0.05199999999967986	RippleTimeIntervals					14212.7808		
14213.136	0.048800000000483124	RippleTimeIntervals					14213.1568		
14213.6896	0.0632000000005064	RippleTimeIntervals					14213.7296		
14213.828	0.037599999999656575	RippleTimeIntervals					14213.8328		
14217.1344	0.04959999999846332	RippleTimeIntervals					14217.1616		
14217.4208	0.051199999999880674	RippleTimeIntervals					14217.4496		
14217.6656	0.05519999999887659	RippleTimeIntervals					14217.7048		
14223.3648	0.051199999999880674	RippleTimeIntervals					14223.372		
14243.1336	0.040000000000873115	RippleTimeIntervals					14243.1616		
14244.4288	0.05279999999947904	RippleTimeIntervals					14244.444		
14245.2568	0.0952000000015687	RippleTimeIntervals					14245.3392		
14245.4736	0.07040000000051805	RippleTimeIntervals					14245.5048		
14248.7952	0.05999999999949068	RippleTimeIntervals					14248.828		
14249.9264	0.03679999999985739	RippleTimeIntervals					14249.9568		
14250.4056	0.051199999999880674	RippleTimeIntervals					14250.4216		
14251.2368	0.04159999999865249	RippleTimeIntervals					14251.2528		
14251.4152	0.04320000000006985	RippleTimeIntervals					14251.4256		
14255.6992	0.042400000000270666	RippleTimeIntervals					14255.7152		
14263.0536	0.06160000000090804	RippleTimeIntervals					14263.0936		
14263.696	0.04960000000028231	RippleTimeIntervals					14263.728		
14273.8664	0.05040000000008149	RippleTimeIntervals					14273.9008		
14274.0608	0.044800000001487206	RippleTimeIntervals					14274.076		
14275.44	0.07120000000031723	RippleTimeIntervals					14275.4632		
14279.0064	0.042400000000270666	RippleTimeIntervals					14279.0384		
14279.172	0.05519999999887659	RippleTimeIntervals					14279.2144		
14306.7712	0.047200000000884756	RippleTimeIntervals					14306.796		
14309.0672	0.0272000000004482	RippleTimeIntervals					14309.076		
14312.8192	0.06639999999970314	RippleTimeIntervals					14312.8712		
14315.324	0.04719999999906577	RippleTimeIntervals					14315.352		
14315.4656	0.0408000000006723	RippleTimeIntervals					14315.4936		
14318.4176	0.05279999999947904	RippleTimeIntervals					14318.4432		
14324.8496	0.08240000000114378	RippleTimeIntervals					14324.904		
14333.4024	0.04959999999846332	RippleTimeIntervals					14333.4368		
14333.756	0.048800000000483124	RippleTimeIntervals					14333.784		
14338.3568	0.04800000000068394	RippleTimeIntervals					14338.3896		
14343.712	2764.319966666666	epochs	CNOPre	None	fCamk3_201111_120603	Home cage			
14391.6336	0.09600000000136788	RippleTimeIntervals					14391.668		
14498.4992	0.07840000000032887	RippleTimeIntervals					14498.5024		
14502.2728	0.035200000000259024	RippleTimeIntervals					14502.284		
14509.4536	0.06879999999910069	RippleTimeIntervals					14509.5176		
14528.792	0.0680000000011205	RippleTimeIntervals					14528.8496		
14534.0968	0.06000000000130967	RippleTimeIntervals					14534.1304		
14541.3584	0.05040000000008149	RippleTimeIntervals					14541.3688		
14547.2144	0.07039999999869906	RippleTimeIntervals					14547.2216		
14549.0744	0.07200000000011642	RippleTimeIntervals					14549.1152		
14565.4696	0.03679999999985739	RippleTimeIntervals					14565.4768		
14567.5376	0.03839999999945576	RippleTimeIntervals					14567.5656		
14568.7432	0.05279999999947904	RippleTimeIntervals					14568.7792		
14572.924	0.08719999999993888	RippleTimeIntervals					14572.9248		
14573.5568	0.10159999999996217	RippleTimeIntervals					14573.5632		
14584.5088	0.0904000000009546	RippleTimeIntervals					14584.5816		
14585.0008	0.05040000000008149	RippleTimeIntervals					14585.0152		
14585.2664	0.0455999999994674	RippleTimeIntervals					14585.292		
14585.6096	0.051199999999880674	RippleTimeIntervals					14585.6336		
14586.2624	0.04640000000108557	RippleTimeIntervals					14586.276		
14589.8376	0.026399999998830026	RippleTimeIntervals					14589.8408		
14596.2744	0.14320000000043365	RippleTimeIntervals					14596.396		
14598.0672	0.06559999999990396	RippleTimeIntervals					14598.0776		
14605.372	0.06480000000010477	RippleTimeIntervals					14605.4064		
14607.9016	0.028800000000046566	RippleTimeIntervals					14607.9264		
14609.292	0.03600000000005821	RippleTimeIntervals					14609.2984		
14613.2288	0.11439999999856809	RippleTimeIntervals					14613.3144		
14618.0088	0.1136000000005879	RippleTimeIntervals					14618.0296		
14623.2752	0.11599999999998545	RippleTimeIntervals					14623.288		
14623.6952	0.022399999999834108	RippleTimeIntervals					14623.7144		
14628.8128	0.04399999999986903	RippleTimeIntervals					14628.8352		
14638.7432	0.037599999999656575	RippleTimeIntervals					14638.776		
14638.8648	0.04399999999986903	RippleTimeIntervals					14638.872		
14639.9776	0.06879999999910069	RippleTimeIntervals					14640.0144		
14641.2008	0.06559999999990396	RippleTimeIntervals					14641.228		
14643.876	0.04719999999906577	RippleTimeIntervals					14643.8856		
14645.9968	0.04399999999986903	RippleTimeIntervals					14646.0152		
14646.1976	0.04960000000028231	RippleTimeIntervals					14646.2272		
14646.9248	0.07519999999931315	RippleTimeIntervals					14646.9712		
14650.7936	0.051199999999880674	RippleTimeIntervals					14650.8168		
14651.888	0.035199999998440035	RippleTimeIntervals					14651.916		
14652.4016	0.07440000000133296	RippleTimeIntervals					14652.408		
14652.8472	0.05520000000069558	RippleTimeIntervals					14652.8536		
14653.1888	0.08159999999952561	RippleTimeIntervals					14653.2088		
14654.5528	0.03600000000005821	RippleTimeIntervals					14654.5624		
14656.0048	0.04320000000006985	RippleTimeIntervals					14656.0264		
14656.3088	0.053599999999278225	RippleTimeIntervals					14656.3392		
14661.6368	0.09839999999894644	RippleTimeIntervals					14661.7312		
14662.2408	0.1823999999996886	UpDownStatesTimeIntervals						UP	
14662.732	0.14639999999963038	UpDownStatesTimeIntervals						UP	
14663.0	39.0	SleepStates							NREMstate
14663.9944	0.23440000000118744	UpDownStatesTimeIntervals						UP	
14664.7296	0.14719999999942956	UpDownStatesTimeIntervals						UP	
14665.5288	0.13760000000002037	UpDownStatesTimeIntervals						UP	
14665.5752	0.047200000000884756	RippleTimeIntervals					14665.5992		
14667.1416	0.05439999999907741	RippleTimeIntervals					14667.156		
14667.3024	0.16239999999925203	UpDownStatesTimeIntervals						UP	
14667.3664	0.06799999999930151	RippleTimeIntervals					14667.392		
14667.488	0.4032000000006519	UpDownStatesTimeIntervals						DOWN	
14667.8912	0.12000000000080036	UpDownStatesTimeIntervals						UP	
14667.924	0.05279999999947904	RippleTimeIntervals					14667.9592		
14668.0496	0.5111999999990076	UpDownStatesTimeIntervals						DOWN	
14668.7288	0.15599999999903957	UpDownStatesTimeIntervals						UP	
14669.9216	0.06880000000091968	RippleTimeIntervals					14669.9304		
14670.4792	0.03839999999945576	RippleTimeIntervals					14670.48		
14670.7496	0.051200000001699664	RippleTimeIntervals					14670.7768		
14671.192	0.0768000000007305	RippleTimeIntervals					14671.2288		
14675.0608	0.24800000000141154	UpDownStatesTimeIntervals						UP	
14675.2168	0.046399999999266583	RippleTimeIntervals					14675.244		
14677.2312	0.20240000000012515	UpDownStatesTimeIntervals						UP	
14679.2176	0.0408000000006723	RippleTimeIntervals					14679.244		
14679.812	0.04800000000068394	RippleTimeIntervals					14679.8424		
14680.1328	0.04399999999986903	RippleTimeIntervals					14680.1416		
14680.6248	0.04320000000006985	RippleTimeIntervals					14680.6384		
14683.9392	0.0591999999996915	RippleTimeIntervals					14683.984		
14684.8392	0.056000000000494765	RippleTimeIntervals					14684.8736		
14685.3328	0.06480000000010477	RippleTimeIntervals					14685.3576		
14686.0552	0.3007999999990716	UpDownStatesTimeIntervals						UP	
14688.152	0.04800000000068394	RippleTimeIntervals					14688.156		
14688.3432	0.04960000000028231	RippleTimeIntervals					14688.3456		
14688.7624	0.25120000000060827	UpDownStatesTimeIntervals						UP	
14688.7664	0.08879999999953725	RippleTimeIntervals					14688.832		
14689.4456	0.18960000000151922	UpDownStatesTimeIntervals						DOWN	
14690.4288	0.14880000000084692	UpDownStatesTimeIntervals						UP	
14692.2872	0.1368000000002212	UpDownStatesTimeIntervals						UP	
14693.252	0.16719999999986612	UpDownStatesTimeIntervals						DOWN	
14694.0496	0.236800000000585	UpDownStatesTimeIntervals						UP	
14695.2904	0.13919999999961874	UpDownStatesTimeIntervals						UP	
14695.3328	0.05279999999947904	RippleTimeIntervals					14695.3744		
14699.0536	0.15760000000045693	UpDownStatesTimeIntervals						UP	
14699.1096	0.06400000000030559	RippleTimeIntervals					14699.1376		
14701.908	0.17360000000007858	UpDownStatesTimeIntervals						UP	
14703.0	27.0	SleepStates							WAKEstate
14703.3544	0.06400000000030559	RippleTimeIntervals					14703.388		
14705.3544	0.06559999999990396	RippleTimeIntervals					14705.3968		
14706.792	0.056000000000494765	RippleTimeIntervals					14706.832		
14708.404	0.0775999999987107	RippleTimeIntervals					14708.4256		
14708.8768	0.05520000000069558	RippleTimeIntervals					14708.9112		
14709.4232	0.04560000000128639	RippleTimeIntervals					14709.4456		
14710.1312	0.042400000000270666	RippleTimeIntervals					14710.1496		
14715.3616	0.037599999999656575	RippleTimeIntervals					14715.3896		
14715.7152	0.04399999999986903	RippleTimeIntervals					14715.7408		
14717.5552	0.053599999999278225	RippleTimeIntervals					14717.5824		
14730.8176	0.042400000000270666	RippleTimeIntervals					14730.8192		
14731.0	56.0	SleepStates							NREMstate
14732.628	0.0639999999984866	RippleTimeIntervals					14732.656		
14736.964	0.042400000000270666	RippleTimeIntervals					14736.996		
14737.1496	0.227999999999156	UpDownStatesTimeIntervals						UP	
14737.1752	0.07439999999951397	RippleTimeIntervals					14737.2064		
14738.0368	0.06799999999930151	RippleTimeIntervals					14738.0776		
14738.576	0.1632000000008702	UpDownStatesTimeIntervals						UP	
14738.6304	0.04800000000068394	RippleTimeIntervals					14738.6512		
14739.3552	0.37919999999940046	UpDownStatesTimeIntervals						DOWN	
14740.1256	0.17360000000007858	UpDownStatesTimeIntervals						UP	
14741.2952	0.13999999999941792	UpDownStatesTimeIntervals						UP	
14741.348	0.0455999999994674	RippleTimeIntervals					14741.3712		
14742.2976	0.1856000000007043	UpDownStatesTimeIntervals						UP	
14742.3544	0.05520000000069558	RippleTimeIntervals					14742.3824		
14742.6264	0.040000000000873115	RippleTimeIntervals					14742.6528		
14743.0552	0.14719999999942956	UpDownStatesTimeIntervals						UP	
14743.1056	0.048799999998664134	RippleTimeIntervals					14743.1304		
14743.9696	0.127199999998993	UpDownStatesTimeIntervals						UP	
14744.4448	0.04160000000047148	RippleTimeIntervals					14744.4752		
14744.6624	0.05200000000149885	RippleTimeIntervals					14744.6752		
14744.8208	0.0680000000011205	RippleTimeIntervals					14744.8384		
14746.3232	0.13839999999981956	UpDownStatesTimeIntervals						UP	
14747.12	0.32159999999930733	UpDownStatesTimeIntervals						UP	
14747.7232	0.0632000000005064	RippleTimeIntervals					14747.7592		
14747.8416	0.035200000000259024	UpDownStatesTimeIntervals						DOWN	
14747.8768	0.11679999999978463	UpDownStatesTimeIntervals						UP	
14747.9184	0.04799999999886495	RippleTimeIntervals					14747.94		
14748.452	0.17920000000049185	UpDownStatesTimeIntervals						DOWN	
14749.264	0.34320000000116124	UpDownStatesTimeIntervals						DOWN	
14749.6072	0.2672000000002299	UpDownStatesTimeIntervals						UP	
14749.6608	0.03839999999945576	RippleTimeIntervals					14749.6872		
14755.764	0.060800000001108856	RippleTimeIntervals					14755.8032		
14755.9456	0.1768000000010943	UpDownStatesTimeIntervals						UP	
14758.7272	0.040000000000873115	RippleTimeIntervals					14758.7472		
14758.7584	0.17679999999927531	UpDownStatesTimeIntervals						UP	
14758.8528	0.042400000000270666	RippleTimeIntervals					14758.8704		
14759.4968	0.13839999999981956	UpDownStatesTimeIntervals						UP	
14759.54	0.055999999998675776	RippleTimeIntervals					14759.5808		
14760.4104	0.13919999999961874	UpDownStatesTimeIntervals						UP	
14760.4528	0.06000000000130967	RippleTimeIntervals					14760.4832		
14761.1536	0.3775999999998021	UpDownStatesTimeIntervals						DOWN	
14761.5312	0.1904000000013184	UpDownStatesTimeIntervals						UP	
14761.9752	0.38959999999860884	UpDownStatesTimeIntervals						DOWN	
14762.6936	0.039999999999054126	RippleTimeIntervals					14762.7208		
14762.8016	0.1999999999989086	UpDownStatesTimeIntervals						UP	
14762.92	0.06960000000071886	RippleTimeIntervals					14762.9312		
14763.1384	0.042400000000270666	RippleTimeIntervals					14763.1528		
14763.3504	0.355199999999968	UpDownStatesTimeIntervals						DOWN	
14763.76	0.044799999999668216	RippleTimeIntervals					14763.7696		
14763.8624	0.25280000000020664	UpDownStatesTimeIntervals						UP	
14764.0344	0.04320000000006985	RippleTimeIntervals					14764.0456		
14771.3224	0.2360000000007858	UpDownStatesTimeIntervals						UP	
14772.3904	0.05040000000008149	RippleTimeIntervals					14772.4272		
14772.8568	0.048800000000483124	RippleTimeIntervals					14772.8792		
14773.3096	0.05519999999887659	RippleTimeIntervals					14773.3392		
14773.508	0.040000000000873115	RippleTimeIntervals					14773.5152		
14774.6328	0.06000000000130967	RippleTimeIntervals					14774.6608		
14774.9336	0.03679999999985739	RippleTimeIntervals					14774.9584		
14775.9136	0.2864000000008673	UpDownStatesTimeIntervals						UP	
14781.0312	0.1496000000006461	UpDownStatesTimeIntervals						UP	
14781.0856	0.05519999999887659	RippleTimeIntervals					14781.1072		
14781.8856	0.06719999999950232	RippleTimeIntervals					14781.9104		
14781.9968	0.07439999999951397	UpDownStatesTimeIntervals						DOWN	
14782.0712	0.1455999999998312	UpDownStatesTimeIntervals						UP	
14782.1128	0.0591999999996915	RippleTimeIntervals					14782.132		
14783.0512	0.1632000000008702	UpDownStatesTimeIntervals						UP	
14783.1056	0.05679999999847496	RippleTimeIntervals					14783.1296		
14783.976	0.11759999999958382	UpDownStatesTimeIntervals						DOWN	
14784.0936	0.16319999999905122	UpDownStatesTimeIntervals						UP	
14784.148	0.05920000000151049	RippleTimeIntervals					14784.1664		
14786.8232	0.1503999999986263	UpDownStatesTimeIntervals						UP	
14788.0	180.0	SleepStates							WAKEstate
14918.3168	0.04079999999885331	RippleTimeIntervals					14918.3392		
14930.1304	0.03440000000045984	RippleTimeIntervals					14930.1352		
14942.9888	0.07440000000133296	RippleTimeIntervals					14943.0416		
14945.9168	0.032799999999042484	RippleTimeIntervals					14945.924		
14961.0344	0.06319999999868742	RippleTimeIntervals					14961.0856		
14963.2392	0.047200000000884756	RippleTimeIntervals					14963.2688		
14969.0	7.0	SleepStates							NREMstate
14970.488	0.1400000000012369	UpDownStatesTimeIntervals						UP	
14970.748	0.07359999999971478	UpDownStatesTimeIntervals						DOWN	
14973.6816	0.10319999999956053	UpDownStatesTimeIntervals						UP	
14974.0408	0.04799999999886495	RippleTimeIntervals					14974.052		
14974.3632	0.11280000000078871	UpDownStatesTimeIntervals						UP	
14974.4024	0.042399999998451676	RippleTimeIntervals					14974.4128		
14974.5112	0.042399999998451676	UpDownStatesTimeIntervals						DOWN	
14974.9312	0.07519999999931315	UpDownStatesTimeIntervals						UP	
14976.4768	0.05999999999949068	RippleTimeIntervals					14976.5152		
14977.0	14.0	SleepStates							WAKEstate
14983.0064	0.042400000000270666	RippleTimeIntervals					14983.0376		
14991.1032	0.03920000000107393	RippleTimeIntervals					14991.1304		
14992.0	30.0	SleepStates							NREMstate
14993.984	0.1407999999992171	UpDownStatesTimeIntervals						UP	
14994.0224	0.06799999999930151	RippleTimeIntervals					14994.0472		
14995.9024	0.04319999999825086	RippleTimeIntervals					14995.9304		
14996.7088	0.16079999999965366	UpDownStatesTimeIntervals						UP	
14996.7888	0.03679999999985739	RippleTimeIntervals					14996.8112		
14997.3776	0.10640000000057626	UpDownStatesTimeIntervals						DOWN	
14997.484	0.22879999999895517	UpDownStatesTimeIntervals						UP	
14997.5112	0.062399999998888234	RippleTimeIntervals					14997.5704		
14998.872	0.04800000000068394	RippleTimeIntervals					14998.8872		
14999.1344	0.05679999999847496	RippleTimeIntervals					14999.1664		
14999.8424	0.03600000000005821	RippleTimeIntervals					14999.8512		
15001.4344	0.19039999999949941	UpDownStatesTimeIntervals						UP	
15003.6864	0.14799999999922875	UpDownStatesTimeIntervals						UP	
15004.9624	0.20559999999932188	UpDownStatesTimeIntervals						UP	
15005.4744	0.056000000000494765	RippleTimeIntervals					15005.5096		
15005.7448	0.17839999999887368	UpDownStatesTimeIntervals						UP	
15005.8072	0.051199999999880674	RippleTimeIntervals					15005.844		
15006.9224	0.06240000000070722	UpDownStatesTimeIntervals						DOWN	
15006.9848	0.1415999999990163	UpDownStatesTimeIntervals						UP	
15011.2608	0.136000000000422	UpDownStatesTimeIntervals						UP	
15012.0848	0.13999999999941792	UpDownStatesTimeIntervals						UP	
15014.8176	0.27039999999942665	UpDownStatesTimeIntervals						UP	
15016.4664	0.12960000000020955	UpDownStatesTimeIntervals						UP	
15016.8808	0.044799999999668216	RippleTimeIntervals					15016.8888		
15017.9488	0.0727999999999156	UpDownStatesTimeIntervals						DOWN	
15018.448	0.1407999999992171	UpDownStatesTimeIntervals						UP	
15018.4992	0.05199999999967986	RippleTimeIntervals					15018.5232		
15019.54	0.14959999999882712	UpDownStatesTimeIntervals						UP	
15019.5808	0.06480000000010477	RippleTimeIntervals					15019.6152		
15020.2984	0.23359999999956926	UpDownStatesTimeIntervals						UP	
15020.3288	0.04560000000128639	RippleTimeIntervals					15020.3616		
15020.4544	0.05040000000008149	RippleTimeIntervals					15020.4776		
15020.7824	0.037599999999656575	RippleTimeIntervals					15020.7832		
15021.4296	0.05760000000009313	RippleTimeIntervals					15021.4456		
15023.0	48.0	SleepStates							WAKEstate
15045.2744	0.04719999999906577	RippleTimeIntervals					15045.2904		
15045.9104	0.05999999999949068	RippleTimeIntervals					15045.9432		
15057.5072	0.040000000000873115	RippleTimeIntervals					15057.54		
15061.2624	0.06559999999990396	RippleTimeIntervals					15061.2936		
15061.472	0.03600000000005821	RippleTimeIntervals					15061.4936		
15072.0	7.0	SleepStates							NREMstate
15072.3072	0.2552000000014232	UpDownStatesTimeIntervals						UP	
15072.3328	0.05680000000029395	RippleTimeIntervals					15072.3768		
15072.46	0.04800000000068394	RippleTimeIntervals					15072.4912		
15073.168	0.04160000000047148	RippleTimeIntervals					15073.192		
15075.5616	0.037599999999656575	RippleTimeIntervals					15075.5888		
15077.548	0.1279999999987922	UpDownStatesTimeIntervals						UP	
15077.5904	0.07200000000011642	RippleTimeIntervals					15077.6216		
15078.5584	0.04399999999986903	RippleTimeIntervals					15078.592		
15080.0	33.0	SleepStates							WAKEstate
15087.3304	0.03839999999945576	RippleTimeIntervals					15087.3672		
15089.6968	0.04640000000108557	RippleTimeIntervals					15089.7216		
15089.8112	0.03600000000005821	RippleTimeIntervals					15089.8168		
15095.6304	0.06240000000070722	RippleTimeIntervals					15095.688		
15096.1608	0.05279999999947904	RippleTimeIntervals					15096.1728		
15103.2568	0.0544000000008964	RippleTimeIntervals					15103.288		
15104.1928	0.04399999999986903	RippleTimeIntervals					15104.2192		
15111.556	0.04799999999886495	RippleTimeIntervals					15111.584		
15114.0	74.0	SleepStates							NREMstate
15115.38	0.3736000000008062	UpDownStatesTimeIntervals						UP	
15115.8192	0.3943999999992229	UpDownStatesTimeIntervals						DOWN	
15116.4888	0.153600000001461	UpDownStatesTimeIntervals						UP	
15116.7608	0.05520000000069558	RippleTimeIntervals					15116.7904		
15117.128	0.1592000000000553	UpDownStatesTimeIntervals						DOWN	
15117.952	0.1728000000002794	UpDownStatesTimeIntervals						UP	
15118.008	0.03920000000107393	RippleTimeIntervals					15118.0328		
15118.548	0.14480000000003201	UpDownStatesTimeIntervals						UP	
15119.1152	0.044799999999668216	RippleTimeIntervals					15119.124		
15119.2528	0.039999999999054126	RippleTimeIntervals					15119.2704		
15119.372	0.11440000000038708	UpDownStatesTimeIntervals						UP	
15119.4168	0.04159999999865249	RippleTimeIntervals					15119.428		
15119.8328	0.14799999999922875	UpDownStatesTimeIntervals						UP	
15119.8848	0.03440000000045984	RippleTimeIntervals					15119.8968		
15128.6728	0.20639999999912106	UpDownStatesTimeIntervals						UP	
15128.7168	0.0455999999994674	RippleTimeIntervals					15128.7536		
15129.756	0.15200000000004366	UpDownStatesTimeIntervals						UP	
15132.992	0.0727999999999156	RippleTimeIntervals					15133.0184		
15134.3272	0.15680000000065775	UpDownStatesTimeIntervals						UP	
15136.0264	0.037599999999656575	RippleTimeIntervals					15136.052		
15137.6136	0.3319999999985157	UpDownStatesTimeIntervals						UP	
15138.996	0.26560000000063155	UpDownStatesTimeIntervals						UP	
15140.4784	0.1776000000008935	UpDownStatesTimeIntervals						UP	
15140.5656	0.05520000000069558	RippleTimeIntervals					15140.5888		
15140.9952	0.48400000000037835	UpDownStatesTimeIntervals						UP	
15141.3	0.17920000000049185	UpDownStatesTimeIntervals						DOWN	
15141.4792	0.26159999999981665	UpDownStatesTimeIntervals						UP	
15141.512	0.05040000000008149	RippleTimeIntervals					15141.5464		
15141.6456	0.06160000000090804	RippleTimeIntervals					15141.6752		
15142.2712	0.2768000000014581	UpDownStatesTimeIntervals						UP	
15144.376	0.3536000000003696	UpDownStatesTimeIntervals						UP	
15148.1752	0.058399999999892316	RippleTimeIntervals					15148.2112		
15149.9112	0.07200000000011642	RippleTimeIntervals					15149.9568		
15150.0808	0.03679999999985739	RippleTimeIntervals					15150.0856		
15150.5664	0.042400000000270666	RippleTimeIntervals					15150.5984		
15155.1496	0.051199999999880674	RippleTimeIntervals					15155.1888		
15156.0168	0.03840000000127475	RippleTimeIntervals					15156.0416		
15156.3376	0.12239999999837892	UpDownStatesTimeIntervals						UP	
15156.3696	0.0544000000008964	RippleTimeIntervals					15156.4		
15156.7184	0.06639999999970314	RippleTimeIntervals					15156.7648		
15157.2176	0.13440000000082364	UpDownStatesTimeIntervals						UP	
15158.0368	0.23999999999978172	UpDownStatesTimeIntervals						UP	
15164.284	0.08799999999973807	RippleTimeIntervals					15164.3512		
15164.5712	0.04799999999886495	RippleTimeIntervals					15164.5984		
15166.3088	0.03439999999864085	RippleTimeIntervals					15166.3344		
15166.476	0.16159999999945285	UpDownStatesTimeIntervals						UP	
15167.8392	0.042400000000270666	RippleTimeIntervals					15167.8672		
15167.98	0.056000000000494765	RippleTimeIntervals					15168.024		
15168.7568	0.1544000000012602	UpDownStatesTimeIntervals						UP	
15169.292	0.04160000000047148	RippleTimeIntervals					15169.3184		
15169.6488	0.22959999999875436	UpDownStatesTimeIntervals						UP	
15169.6808	0.046399999999266583	RippleTimeIntervals					15169.7088		
15172.588	0.16079999999965366	UpDownStatesTimeIntervals						UP	
15173.172	0.26639999999861175	UpDownStatesTimeIntervals						UP	
15181.4	0.2687999999998283	UpDownStatesTimeIntervals						UP	
15181.576	0.04560000000128639	RippleTimeIntervals					15181.6032		
15182.904	0.04799999999886495	RippleTimeIntervals					15182.932		
15183.2088	0.09599999999954889	UpDownStatesTimeIntervals						DOWN	
15183.3048	0.17120000000068103	UpDownStatesTimeIntervals						UP	
15183.3768	0.03600000000005821	RippleTimeIntervals					15183.3792		
15183.7656	0.15200000000004366	UpDownStatesTimeIntervals						DOWN	
15183.9176	0.22959999999875436	UpDownStatesTimeIntervals						UP	
15184.576	0.29680000000007567	UpDownStatesTimeIntervals						UP	
15184.78	0.04719999999906577	RippleTimeIntervals					15184.7888		
15185.3552	0.1496000000006461	UpDownStatesTimeIntervals						UP	
15189.0	226.0	SleepStates							WAKEstate
15193.404	0.05680000000029395	RippleTimeIntervals					15193.4384		
15276.8296	0.20720000000073924	RippleTimeIntervals					15277.0024		
15302.372	0.09120000000075379	RippleTimeIntervals					15302.42		
15321.9232	0.04399999999986903	RippleTimeIntervals					15321.9432		
15391.272	0.13839999999981956	RippleTimeIntervals					15391.4048		
15415.7536	0.25599999999940337	UpDownStatesTimeIntervals						UP	
15416.0	8.0	SleepStates							NREMstate
15416.6088	0.22639999999955762	UpDownStatesTimeIntervals						UP	
15417.2672	0.13279999999940628	UpDownStatesTimeIntervals						UP	
15417.8024	0.11919999999918218	UpDownStatesTimeIntervals						UP	
15418.8336	0.13279999999940628	RippleTimeIntervals					15418.844		
15421.892	0.12559999999939464	UpDownStatesTimeIntervals						UP	
15422.58	0.09120000000075379	UpDownStatesTimeIntervals						DOWN	
15422.6712	0.22479999999995925	UpDownStatesTimeIntervals						UP	
15423.2648	0.08959999999933643	UpDownStatesTimeIntervals						UP	
15423.7552	0.13280000000122527	UpDownStatesTimeIntervals						UP	
15425.0	36.0	SleepStates							WAKEstate
15426.1344	0.16640000000006694	RippleTimeIntervals					15426.1808		
15426.8176	0.08319999999912397	RippleTimeIntervals					15426.8824		
15438.8336	0.07120000000031723	RippleTimeIntervals					15438.8808		
15448.024	0.047200000000884756	RippleTimeIntervals					15448.0368		
15462.0	188.0	SleepStates							NREMstate
15462.2528	0.39279999999962456	UpDownStatesTimeIntervals						UP	
15465.1304	0.028800000000046566	RippleTimeIntervals					15465.1312		
15465.6592	0.23439999999936845	UpDownStatesTimeIntervals						UP	
15468.6936	0.20559999999932188	UpDownStatesTimeIntervals						UP	
15470.5784	0.044799999999668216	RippleTimeIntervals					15470.6168		
15471.3728	0.12400000000161526	UpDownStatesTimeIntervals						UP	
15473.6072	0.17360000000007858	UpDownStatesTimeIntervals						UP	
15473.6992	0.051200000001699664	RippleTimeIntervals					15473.7368		
15476.5528	0.17439999999987776	UpDownStatesTimeIntervals						UP	
15476.6424	0.04159999999865249	RippleTimeIntervals					15476.6744		
15477.728	0.1672000000016851	UpDownStatesTimeIntervals						UP	
15481.528	0.06079999999928987	RippleTimeIntervals					15481.5736		
15482.628	0.271999999999025	UpDownStatesTimeIntervals						UP	
15482.968	0.039999999999054126	RippleTimeIntervals					15482.9848		
15483.0576	0.2736000000004424	UpDownStatesTimeIntervals						DOWN	
15486.9944	0.14240000000063446	UpDownStatesTimeIntervals						UP	
15489.6984	0.15279999999984284	UpDownStatesTimeIntervals						UP	
15494.816	0.05040000000008149	RippleTimeIntervals					15494.8296		
15497.244	0.051199999999880674	RippleTimeIntervals					15497.2816		
15498.8256	0.07120000000031723	UpDownStatesTimeIntervals						UP	
15499.104	0.047200000000884756	RippleTimeIntervals					15499.1288		
15499.3296	0.1456000000016502	UpDownStatesTimeIntervals						UP	
15499.3712	0.05280000000129803	RippleTimeIntervals					15499.3904		
15500.1296	0.037599999999656575	RippleTimeIntervals					15500.1464		
15500.2688	0.040000000000873115	RippleTimeIntervals					15500.2928		
15500.3656	0.13760000000002037	UpDownStatesTimeIntervals						UP	
15500.8976	0.039999999999054126	RippleTimeIntervals					15500.9208		
15502.4016	0.22479999999995925	UpDownStatesTimeIntervals						UP	
15508.2192	0.04800000000068394	RippleTimeIntervals					15508.2616		
15511.1424	0.15279999999984284	UpDownStatesTimeIntervals						UP	
15513.1112	0.1912000000011176	UpDownStatesTimeIntervals						UP	
15513.1544	0.04800000000068394	RippleTimeIntervals					15513.1792		
15513.8512	0.2728000000006432	UpDownStatesTimeIntervals						UP	
15516.9088	0.04960000000028231	RippleTimeIntervals					15516.924		
15518.0816	0.2360000000007858	UpDownStatesTimeIntervals						UP	
15518.2232	0.04160000000047148	RippleTimeIntervals					15518.2544		
15519.2888	0.2600000000002183	UpDownStatesTimeIntervals						UP	
15521.8512	0.11040000000139116	UpDownStatesTimeIntervals						DOWN	
15521.9616	0.2783999999992375	UpDownStatesTimeIntervals						UP	
15522.1456	0.06960000000071886	RippleTimeIntervals					15522.1888		
15522.6016	0.13040000000000873	UpDownStatesTimeIntervals						UP	
15523.9776	0.05199999999967986	RippleTimeIntervals					15523.9936		
15526.4144	0.1400000000012369	UpDownStatesTimeIntervals						UP	
15527.068	0.26480000000083237	UpDownStatesTimeIntervals						UP	
15536.1024	0.34879999999975553	UpDownStatesTimeIntervals						UP	
15537.7696	0.04640000000108557	RippleTimeIntervals					15537.8064		
15538.28	0.2231999999985419	UpDownStatesTimeIntervals						UP	
15539.6016	0.2672000000002299	UpDownStatesTimeIntervals						UP	
15539.7344	0.04160000000047148	RippleTimeIntervals					15539.764		
15544.4912	0.27599999999983993	UpDownStatesTimeIntervals						UP	
15544.6744	0.03839999999945576	RippleTimeIntervals					15544.6968		
15545.3264	0.2672000000002299	UpDownStatesTimeIntervals						UP	
15545.5016	0.04399999999986903	RippleTimeIntervals					15545.528		
15545.8168	0.13040000000000873	UpDownStatesTimeIntervals						UP	
15549.172	0.1584000000002561	UpDownStatesTimeIntervals						UP	
15550.3656	0.13360000000102445	UpDownStatesTimeIntervals						UP	
15552.4216	0.23840000000018335	UpDownStatesTimeIntervals						UP	
15552.4768	0.05439999999907741	RippleTimeIntervals					15552.5096		
15553.8712	0.1584000000002561	UpDownStatesTimeIntervals						UP	
15558.2832	0.02959999999984575	RippleTimeIntervals					15558.3064		
15558.7048	0.22559999999975844	UpDownStatesTimeIntervals						UP	
15558.8008	0.04719999999906577	RippleTimeIntervals					15558.8392		
15559.728	0.2319999999999709	UpDownStatesTimeIntervals						UP	
15561.796	0.16959999999926367	UpDownStatesTimeIntervals						UP	
15563.3416	0.355199999999968	UpDownStatesTimeIntervals						UP	
15563.3688	0.03839999999945576	RippleTimeIntervals					15563.3968		
15563.4976	0.032799999999042484	RippleTimeIntervals					15563.5272		
15564.2232	0.05439999999907741	RippleTimeIntervals					15564.2456		
15564.4992	0.1407999999992171	UpDownStatesTimeIntervals						UP	
15564.5416	0.0455999999994674	RippleTimeIntervals					15564.564		
15565.3312	0.2039999999997235	UpDownStatesTimeIntervals						UP	
15573.6704	0.06799999999930151	RippleTimeIntervals					15573.724		
15573.944	0.18320000000130676	UpDownStatesTimeIntervals						UP	
15573.9904	0.044799999999668216	RippleTimeIntervals					15574.0152		
15574.7704	0.16080000000147265	UpDownStatesTimeIntervals						UP	
15576.2464	0.1504000000004453	UpDownStatesTimeIntervals						UP	
15576.2816	0.0591999999996915	RippleTimeIntervals					15576.3192		
15576.736	0.20639999999912106	UpDownStatesTimeIntervals						UP	
15578.7528	0.2872000000006665	UpDownStatesTimeIntervals						UP	
15580.136	0.27440000000024156	UpDownStatesTimeIntervals						UP	
15580.3504	0.03840000000127475	RippleTimeIntervals					15580.3808		
15580.5464	0.236800000000585	UpDownStatesTimeIntervals						DOWN	
15580.7832	0.1992000000009284	UpDownStatesTimeIntervals						UP	
15582.028	0.23919999999998254	UpDownStatesTimeIntervals						UP	
15582.1664	0.05439999999907741	RippleTimeIntervals					15582.2048		
15582.8664	0.1503999999986263	UpDownStatesTimeIntervals						UP	
15582.9128	0.06079999999928987	RippleTimeIntervals					15582.9368		
15583.584	0.40639999999984866	UpDownStatesTimeIntervals						UP	
15584.8232	0.15839999999843712	UpDownStatesTimeIntervals						UP	
15588.0792	0.23919999999998254	UpDownStatesTimeIntervals						UP	
15589.216	0.2824000000000524	UpDownStatesTimeIntervals						UP	
15592.7688	0.2680000000000291	UpDownStatesTimeIntervals						UP	
15593.6656	0.03440000000045984	RippleTimeIntervals					15593.6896		
15594.7296	0.14879999999902793	UpDownStatesTimeIntervals						UP	
15598.1208	0.03919999999925494	RippleTimeIntervals					15598.1504		
15598.4704	0.03600000000005821	RippleTimeIntervals					15598.496		
15599.1528	0.1911999999992986	UpDownStatesTimeIntervals						UP	
15599.7752	0.16079999999965366	UpDownStatesTimeIntervals						UP	
15599.8432	0.056000000000494765	RippleTimeIntervals					15599.864		
15605.0648	0.1687999999994645	UpDownStatesTimeIntervals						UP	
15608.2832	0.17040000000088185	UpDownStatesTimeIntervals						UP	
15608.336	0.05040000000008149	RippleTimeIntervals					15608.3664		
15608.896	0.13919999999961874	UpDownStatesTimeIntervals						UP	
15609.3816	0.23039999999855354	UpDownStatesTimeIntervals						UP	
15609.4264	0.0455999999994674	RippleTimeIntervals					15609.4328		
15610.4592	0.16080000000147265	UpDownStatesTimeIntervals						UP	
15610.8528	0.245600000000195	UpDownStatesTimeIntervals						DOWN	
15613.2984	0.19039999999949941	UpDownStatesTimeIntervals						UP	
15613.3552	0.056000000000494765	RippleTimeIntervals					15613.3744		
15616.5064	0.03679999999985739	RippleTimeIntervals					15616.5112		
15616.6032	0.23840000000018335	UpDownStatesTimeIntervals						UP	
15616.6584	0.051199999999880674	RippleTimeIntervals					15616.7008		
15617.3144	0.13839999999981956	UpDownStatesTimeIntervals						UP	
15620.8624	0.040000000000873115	RippleTimeIntervals					15620.8864		
15621.0472	0.13760000000002037	UpDownStatesTimeIntervals						UP	
15621.9416	0.1504000000004453	UpDownStatesTimeIntervals						UP	
15621.9912	0.046399999999266583	RippleTimeIntervals					15622.008		
15625.8968	0.2783999999992375	UpDownStatesTimeIntervals						UP	
15627.0896	0.15520000000105938	UpDownStatesTimeIntervals						UP	
15627.1328	0.053600000001097214	RippleTimeIntervals					15627.1672		
15627.6152	0.1864000000005035	UpDownStatesTimeIntervals						UP	
15628.7544	0.26480000000083237	UpDownStatesTimeIntervals						UP	
15628.9528	0.035200000000259024	RippleTimeIntervals					15628.9704		
15629.3384	0.2007999999987078	UpDownStatesTimeIntervals						UP	
15632.3336	0.06559999999990396	RippleTimeIntervals					15632.3912		
15633.588	0.17120000000068103	UpDownStatesTimeIntervals						UP	
15635.9392	0.2903999999998632	UpDownStatesTimeIntervals						UP	
15636.8168	0.16479999999864958	UpDownStatesTimeIntervals						UP	
15640.644	0.2775999999994383	UpDownStatesTimeIntervals						UP	
15640.6976	0.04399999999986903	RippleTimeIntervals					15640.7232		
15651.0	8.0	SleepStates							WAKEstate
15660.0	57.0	SleepStates							NREMstate
15661.6848	0.19279999999889696	UpDownStatesTimeIntervals						UP	
15661.796	0.03359999999884167	RippleTimeIntervals					15661.8216		
15663.06	0.060800000001108856	RippleTimeIntervals					15663.1008		
15663.6992	0.16080000000147265	UpDownStatesTimeIntervals						UP	
15664.4584	0.2728000000006432	UpDownStatesTimeIntervals						UP	
15664.7776	0.18879999999990105	UpDownStatesTimeIntervals						DOWN	
15665.284	0.2672000000002299	UpDownStatesTimeIntervals						DOWN	
15670.512	0.04799999999886495	RippleTimeIntervals					15670.5272		
15670.9464	0.25679999999920256	UpDownStatesTimeIntervals						UP	
15671.1256	0.03679999999985739	RippleTimeIntervals					15671.1328		
15671.7368	0.535200000000259	UpDownStatesTimeIntervals						UP	
15673.336	0.14640000000144937	UpDownStatesTimeIntervals						UP	
15673.3984	0.04399999999986903	RippleTimeIntervals					15673.42		
15674.4824	0.14879999999902793	UpDownStatesTimeIntervals						UP	
15674.5128	0.042400000000270666	RippleTimeIntervals					15674.5464		
15674.7864	0.046399999999266583	RippleTimeIntervals					15674.8144		
15675.0624	0.10399999999935972	UpDownStatesTimeIntervals						UP	
15675.0672	0.05520000000069558	RippleTimeIntervals					15675.1136		
15676.1568	0.15599999999903957	UpDownStatesTimeIntervals						UP	
15676.8624	0.1679999999996653	UpDownStatesTimeIntervals						UP	
15680.348	0.14400000000023283	UpDownStatesTimeIntervals						UP	
15682.928	0.29279999999926076	UpDownStatesTimeIntervals						UP	
15682.9536	0.048799999998664134	RippleTimeIntervals					15682.992		
15683.0648	0.037599999999656575	RippleTimeIntervals					15683.0856		
15684.072	0.2584000000006199	UpDownStatesTimeIntervals						UP	
15688.1592	0.04800000000068394	RippleTimeIntervals					15688.1944		
15688.6264	0.19280000000071595	UpDownStatesTimeIntervals						UP	
15690.7464	0.17920000000049185	UpDownStatesTimeIntervals						UP	
15692.2976	0.2096000000001368	UpDownStatesTimeIntervals						UP	
15693.8536	0.22559999999975844	UpDownStatesTimeIntervals						UP	
15699.4936	0.14400000000023283	UpDownStatesTimeIntervals						UP	
15700.9352	0.15999999999985448	UpDownStatesTimeIntervals						UP	
15701.0048	0.04960000000028231	RippleTimeIntervals					15701.0424		
15701.5816	0.1592000000000553	UpDownStatesTimeIntervals						UP	
15701.6384	0.04960000000028231	RippleTimeIntervals					15701.6688		
15703.4536	0.15759999999863794	UpDownStatesTimeIntervals						UP	
15704.7808	0.23919999999998254	UpDownStatesTimeIntervals						UP	
15704.8184	0.039999999999054126	RippleTimeIntervals					15704.8512		
15707.7008	0.28079999999863503	UpDownStatesTimeIntervals						UP	
15713.1144	0.14480000000003201	UpDownStatesTimeIntervals						UP	
15716.58	0.19360000000051514	UpDownStatesTimeIntervals						UP	
15718.0	8.0	SleepStates							WAKEstate
15718.9864	0.04320000000006985	RippleTimeIntervals					15719.0176		
15727.0	379.0	SleepStates							NREMstate
15729.5176	0.3632000000015978	UpDownStatesTimeIntervals						UP	
15729.6248	0.042400000000270666	RippleTimeIntervals					15729.6544		
15730.6208	0.2407999999995809	UpDownStatesTimeIntervals						UP	
15730.6816	0.03919999999925494	RippleTimeIntervals					15730.6896		
15731.3368	0.3008000000008906	UpDownStatesTimeIntervals						UP	
15731.4312	0.051199999999880674	RippleTimeIntervals					15731.4752		
15732.44	0.1952000000001135	UpDownStatesTimeIntervals						DOWN	
15732.6352	0.21119999999973516	UpDownStatesTimeIntervals						UP	
15734.8936	0.1768000000010943	UpDownStatesTimeIntervals						UP	
15736.624	0.04320000000006985	RippleTimeIntervals					15736.6496		
15738.8608	0.04399999999986903	RippleTimeIntervals					15738.8928		
15739.2144	0.062399999998888234	RippleTimeIntervals					15739.244		
15740.1392	0.14240000000063446	UpDownStatesTimeIntervals						UP	
15740.1824	0.0455999999994674	RippleTimeIntervals					15740.2088		
15741.0456	0.254399999999805	UpDownStatesTimeIntervals						UP	
15741.5488	0.14239999999881547	UpDownStatesTimeIntervals						UP	
15750.892	0.2712000000010448	UpDownStatesTimeIntervals						UP	
15750.9264	0.039999999999054126	RippleTimeIntervals					15750.932		
15751.0728	0.0455999999994674	RippleTimeIntervals					15751.096		
15752.1344	0.12559999999939464	UpDownStatesTimeIntervals						UP	
15752.4272	0.26080000000001746	UpDownStatesTimeIntervals						DOWN	
15752.8208	0.2448000000003958	UpDownStatesTimeIntervals						UP	
15753.8096	0.048799999998664134	RippleTimeIntervals					15753.8328		
15753.9544	0.13119999999980791	UpDownStatesTimeIntervals						UP	
15754.008	0.04160000000047148	RippleTimeIntervals					15754.0296		
15754.4344	0.15760000000045693	UpDownStatesTimeIntervals						UP	
15757.4864	0.048800000000483124	RippleTimeIntervals					15757.5272		
15758.6728	0.14639999999963038	UpDownStatesTimeIntervals						UP	
15760.7248	0.27440000000024156	UpDownStatesTimeIntervals						UP	
15760.7536	0.0455999999994674	RippleTimeIntervals					15760.7872		
15760.8928	0.0455999999994674	RippleTimeIntervals					15760.9128		
15762.1088	0.15680000000065775	UpDownStatesTimeIntervals						UP	
15764.0208	0.16719999999986612	UpDownStatesTimeIntervals						UP	
15765.8848	0.1952000000001135	UpDownStatesTimeIntervals						UP	
15769.3816	0.07119999999849824	RippleTimeIntervals					15769.42		
15773.18	0.1720000000004802	UpDownStatesTimeIntervals						UP	
15775.444	0.26480000000083237	UpDownStatesTimeIntervals						UP	
15776.1592	0.17439999999987776	UpDownStatesTimeIntervals						UP	
15776.9816	0.26640000000043074	UpDownStatesTimeIntervals						UP	
15777.1696	0.03840000000127475	RippleTimeIntervals					15777.1952		
15778.0112	0.23759999999856518	UpDownStatesTimeIntervals						UP	
15778.8576	0.15600000000085856	UpDownStatesTimeIntervals						UP	
15779.3216	0.06559999999990396	RippleTimeIntervals					15779.3688		
15780.4496	0.1551999999992404	UpDownStatesTimeIntervals						UP	
15780.512	0.03839999999945576	RippleTimeIntervals					15780.536		
15788.2768	0.21440000000075088	UpDownStatesTimeIntervals						UP	
15793.8744	0.43839999999909196	UpDownStatesTimeIntervals						UP	
15795.932	0.25199999999858846	UpDownStatesTimeIntervals						UP	
15798.9432	0.0544000000008964	RippleTimeIntervals					15798.9584		
15800.696	0.24719999999979336	UpDownStatesTimeIntervals						UP	
15801.2712	0.2624000000014348	UpDownStatesTimeIntervals						UP	
15801.3032	0.04799999999886495	RippleTimeIntervals					15801.34		
15802.2808	0.23279999999977008	UpDownStatesTimeIntervals						UP	
15802.3136	0.04800000000068394	RippleTimeIntervals					15802.3536		
15803.2328	0.2960000000002765	UpDownStatesTimeIntervals						UP	
15807.4448	0.040000000000873115	RippleTimeIntervals					15807.4832		
15807.5864	0.053599999999278225	RippleTimeIntervals					15807.6128		
15810.9368	0.2048000000013417	UpDownStatesTimeIntervals						UP	
15811.7944	0.13040000000000873	UpDownStatesTimeIntervals						UP	
15811.8344	0.04640000000108557	RippleTimeIntervals					15811.8448		
15814.2424	0.1768000000010943	UpDownStatesTimeIntervals						UP	
15815.22	0.26640000000043074	UpDownStatesTimeIntervals						UP	
15816.7752	0.27119999999922584	UpDownStatesTimeIntervals						UP	
15816.8344	0.04399999999986903	RippleTimeIntervals					15816.8704		
15817.476	0.35279999999875145	UpDownStatesTimeIntervals						UP	
15819.852	0.1543999999994412	UpDownStatesTimeIntervals						UP	
15820.5088	0.16160000000127184	UpDownStatesTimeIntervals						DOWN	
15821.4064	0.33920000000034634	UpDownStatesTimeIntervals						UP	
15821.4592	0.044800000001487206	RippleTimeIntervals					15821.4808		
15821.6224	0.03440000000045984	RippleTimeIntervals					15821.6312		
15822.2792	0.24799999999959255	UpDownStatesTimeIntervals						UP	
15823.0192	0.15359999999964202	UpDownStatesTimeIntervals						UP	
15823.4568	0.22880000000077416	UpDownStatesTimeIntervals						UP	
15829.1272	0.05439999999907741	RippleTimeIntervals					15829.1392		
15829.2504	0.14879999999902793	UpDownStatesTimeIntervals						UP	
15832.0	0.04160000000047148	RippleTimeIntervals					15832.0264		
15832.2888	0.2448000000003958	UpDownStatesTimeIntervals						UP	
15833.7312	0.21600000000034925	UpDownStatesTimeIntervals						UP	
15833.8448	0.051199999999880674	RippleTimeIntervals					15833.8816		
15834.8648	0.14400000000023283	UpDownStatesTimeIntervals						UP	
15838.168	0.17360000000007858	UpDownStatesTimeIntervals						UP	
15838.2264	0.051199999999880674	RippleTimeIntervals					15838.2544		
15841.9664	0.298400000001493	UpDownStatesTimeIntervals						UP	
15842.0056	0.04719999999906577	RippleTimeIntervals					15842.0136		
15846.4096	0.32879999999931897	UpDownStatesTimeIntervals						UP	
15848.268	0.03679999999985739	RippleTimeIntervals					15848.3008		
15850.6472	0.16240000000107102	UpDownStatesTimeIntervals						UP	
15850.6888	0.05680000000029395	RippleTimeIntervals					15850.7304		
15851.3648	0.03600000000005821	RippleTimeIntervals					15851.3832		
15851.6392	0.14720000000124855	UpDownStatesTimeIntervals						UP	
15853.3384	0.1592000000000553	UpDownStatesTimeIntervals						UP	
15858.0424	0.3495999999995547	UpDownStatesTimeIntervals						UP	
15858.176	0.04320000000006985	RippleTimeIntervals					15858.2048		
15858.2992	0.042400000000270666	RippleTimeIntervals					15858.32		
15859.0496	0.035200000000259024	RippleTimeIntervals					15859.0728		
15859.3816	0.26239999999961583	UpDownStatesTimeIntervals						DOWN	
15859.644	0.26159999999981665	UpDownStatesTimeIntervals						UP	
15862.9456	0.1408000000010361	UpDownStatesTimeIntervals						UP	
15863.736	0.048799999998664134	RippleTimeIntervals					15863.7592		
15867.856	0.127200000000812	UpDownStatesTimeIntervals						UP	
15868.472	0.13839999999981956	UpDownStatesTimeIntervals						UP	
15869.8008	0.32079999999950815	UpDownStatesTimeIntervals						UP	
15876.2232	0.1592000000000553	UpDownStatesTimeIntervals						UP	
15882.968	0.1503999999986263	UpDownStatesTimeIntervals						UP	
15883.4512	0.18800000000010186	UpDownStatesTimeIntervals						UP	
15888.2216	0.3231999999989057	UpDownStatesTimeIntervals						UP	
15895.1104	0.03280000000086147	RippleTimeIntervals					15895.14		
15895.1488	0.2783999999992375	UpDownStatesTimeIntervals						UP	
15895.8672	0.11679999999978463	UpDownStatesTimeIntervals						UP	
15901.4384	0.04400000000168802	RippleTimeIntervals					15901.4736		
15904.5184	0.13040000000000873	UpDownStatesTimeIntervals						UP	
15904.56	0.04160000000047148	RippleTimeIntervals					15904.596		
15905.6568	0.23279999999977008	UpDownStatesTimeIntervals						UP	
15908.2968	0.1911999999992986	UpDownStatesTimeIntervals						UP	
15909.8888	0.039999999999054126	RippleTimeIntervals					15909.9168		
15912.0624	0.34799999999995634	UpDownStatesTimeIntervals						UP	
15912.2144	0.046399999999266583	RippleTimeIntervals					15912.2464		
15917.8088	0.03839999999945576	RippleTimeIntervals					15917.8344		
15919.5648	0.15599999999903957	UpDownStatesTimeIntervals						UP	
15919.6176	0.0544000000008964	RippleTimeIntervals					15919.6536		
15920.1952	0.15200000000004366	UpDownStatesTimeIntervals						UP	
15921.0208	0.25120000000060827	UpDownStatesTimeIntervals						UP	
15921.6448	0.5632000000005064	UpDownStatesTimeIntervals						DOWN	
15922.208	0.2863999999990483	UpDownStatesTimeIntervals						UP	
15926.6024	0.21199999999953434	UpDownStatesTimeIntervals						UP	
15929.1768	0.03840000000127475	RippleTimeIntervals					15929.1792		
15930.0968	0.12399999999979627	UpDownStatesTimeIntervals						UP	
15930.1408	0.04640000000108557	RippleTimeIntervals					15930.1752		
15930.248	0.04640000000108557	UpDownStatesTimeIntervals						DOWN	
15930.3024	0.04799999999886495	RippleTimeIntervals					15930.3368		
15930.4296	0.03280000000086147	RippleTimeIntervals					15930.4528		
15931.0312	0.25600000000122236	UpDownStatesTimeIntervals						UP	
15933.1	0.032799999999042484	RippleTimeIntervals					15933.1248		
15934.1616	0.25280000000020664	UpDownStatesTimeIntervals						UP	
15936.536	0.37440000000060536	UpDownStatesTimeIntervals						UP	
15941.3056	0.0455999999994674	RippleTimeIntervals					15941.3168		
15941.584	0.14719999999942956	UpDownStatesTimeIntervals						UP	
15943.0688	0.15280000000166183	UpDownStatesTimeIntervals						UP	
15943.8144	0.25280000000020664	UpDownStatesTimeIntervals						UP	
15943.9824	0.0455999999994674	RippleTimeIntervals					15944.0008		
15944.456	0.15120000000024447	UpDownStatesTimeIntervals						UP	
15946.112	0.15520000000105938	UpDownStatesTimeIntervals						UP	
15948.7136	0.16000000000167347	UpDownStatesTimeIntervals						UP	
15954.756	0.03840000000127475	RippleTimeIntervals					15954.7928		
15954.8424	0.15279999999984284	UpDownStatesTimeIntervals						UP	
15955.424	0.26959999999962747	UpDownStatesTimeIntervals						UP	
15956.8024	0.32560000000012224	UpDownStatesTimeIntervals						UP	
15964.5816	0.12800000000061118	UpDownStatesTimeIntervals						UP	
15964.7704	0.035200000000259024	RippleTimeIntervals					15964.796		
15968.9584	0.07920000000012806	RippleTimeIntervals					15969.008		
15969.3864	0.2687999999998283	UpDownStatesTimeIntervals						UP	
15969.58	0.042400000000270666	RippleTimeIntervals					15969.5864		
15975.116	0.047200000000884756	RippleTimeIntervals					15975.1624		
15979.248	0.1640000000006694	UpDownStatesTimeIntervals						UP	
15980.4376	0.1992000000009284	UpDownStatesTimeIntervals						UP	
15982.1816	0.33439999999973224	UpDownStatesTimeIntervals						UP	
15985.36	0.25679999999920256	UpDownStatesTimeIntervals						UP	
15985.9928	0.03679999999985739	RippleTimeIntervals					15986.024		
15986.4192	0.21119999999973516	UpDownStatesTimeIntervals						UP	
15987.8736	0.042399999998451676	RippleTimeIntervals					15987.9016		
15988.0584	0.1584000000002561	UpDownStatesTimeIntervals						UP	
15988.1064	0.05680000000029395	RippleTimeIntervals					15988.1424		
15988.9072	0.28479999999944994	UpDownStatesTimeIntervals						UP	
15990.2568	0.2088000000003376	UpDownStatesTimeIntervals						UP	
15991.0496	0.058399999999892316	RippleTimeIntervals					15991.072		
15991.5248	0.2760000000016589	UpDownStatesTimeIntervals						UP	
15992.4496	0.17360000000007858	UpDownStatesTimeIntervals						UP	
16001.0488	0.27039999999942665	UpDownStatesTimeIntervals						UP	
16003.1392	0.13919999999961874	UpDownStatesTimeIntervals						UP	
16003.4752	0.16159999999945285	UpDownStatesTimeIntervals						DOWN	
16003.6368	0.3775999999998021	UpDownStatesTimeIntervals						UP	
16011.124	0.044799999999668216	RippleTimeIntervals					16011.1576		
16011.5184	0.1592000000000553	UpDownStatesTimeIntervals						UP	
16012.2744	0.24639999999999418	UpDownStatesTimeIntervals						UP	
16012.2992	0.060800000001108856	RippleTimeIntervals					16012.344		
16014.1288	0.24239999999917927	UpDownStatesTimeIntervals						UP	
16015.536	0.1504000000004453	UpDownStatesTimeIntervals						UP	
16017.7208	0.1504000000004453	UpDownStatesTimeIntervals						UP	
16020.188	0.1584000000002561	UpDownStatesTimeIntervals						UP	
16021.2192	0.14320000000043365	UpDownStatesTimeIntervals						UP	
16021.2656	0.046399999999266583	RippleTimeIntervals					16021.2944		
16022.0128	0.14320000000043365	UpDownStatesTimeIntervals						UP	
16022.0496	0.05519999999887659	RippleTimeIntervals					16022.0824		
16022.2224	0.04320000000006985	RippleTimeIntervals					16022.2464		
16023.624	0.22479999999995925	UpDownStatesTimeIntervals						UP	
16024.0688	0.16960000000108266	UpDownStatesTimeIntervals						DOWN	
16024.2384	0.1584000000002561	UpDownStatesTimeIntervals						UP	
16029.3912	0.24799999999959255	UpDownStatesTimeIntervals						UP	
16029.5232	0.0591999999996915	RippleTimeIntervals					16029.5696		
16030.3552	0.21279999999933352	UpDownStatesTimeIntervals						UP	
16031.6744	0.15359999999964202	UpDownStatesTimeIntervals						UP	
16031.7136	0.06640000000152213	RippleTimeIntervals					16031.7552		
16033.0768	0.04399999999986903	RippleTimeIntervals					16033.1096		
16034.5368	0.04320000000006985	RippleTimeIntervals					16034.5656		
16038.888	0.13839999999981956	UpDownStatesTimeIntervals						UP	
16039.6384	0.27440000000024156	UpDownStatesTimeIntervals						DOWN	
16039.9128	0.31199999999989814	UpDownStatesTimeIntervals						UP	
16041.5072	0.14880000000084692	UpDownStatesTimeIntervals						UP	
16042.1576	0.18879999999990105	UpDownStatesTimeIntervals						UP	
16042.9272	0.24239999999917927	UpDownStatesTimeIntervals						UP	
16045.448	0.046399999999266583	RippleTimeIntervals					16045.48		
16046.3216	0.3008000000008906	UpDownStatesTimeIntervals						UP	
16047.1256	0.24400000000059663	UpDownStatesTimeIntervals						UP	
16049.1088	0.040000000000873115	RippleTimeIntervals					16049.1312		
16050.852	0.29839999999967404	UpDownStatesTimeIntervals						UP	
16054.5456	0.24800000000141154	UpDownStatesTimeIntervals						UP	
16055.6016	0.2775999999994383	UpDownStatesTimeIntervals						UP	
16055.6712	0.03839999999945576	RippleTimeIntervals					16055.7016		
16059.6816	0.05279999999947904	RippleTimeIntervals					16059.7232		
16062.3408	0.23519999999916763	UpDownStatesTimeIntervals						UP	
16062.9448	0.22960000000057335	UpDownStatesTimeIntervals						UP	
16063.7856	0.22400000000016007	UpDownStatesTimeIntervals						UP	
16066.6656	0.27039999999942665	UpDownStatesTimeIntervals						UP	
16067.3456	0.22400000000016007	UpDownStatesTimeIntervals						DOWN	
16067.5696	0.25599999999940337	UpDownStatesTimeIntervals						UP	
16073.6496	0.15759999999863794	UpDownStatesTimeIntervals						UP	
16074.6408	0.040000000000873115	RippleTimeIntervals					16074.6648		
16078.592	0.16239999999925203	UpDownStatesTimeIntervals						UP	
16078.6504	0.04320000000006985	RippleTimeIntervals					16078.68		
16081.872	0.042400000000270666	RippleTimeIntervals					16081.904		
16083.2216	0.34319999999934225	UpDownStatesTimeIntervals						UP	
16083.2616	0.04960000000028231	RippleTimeIntervals					16083.2984		
16087.9904	0.26639999999861175	UpDownStatesTimeIntervals						UP	
16095.5544	0.039999999999054126	RippleTimeIntervals					16095.5776		
16097.2432	0.15279999999984284	UpDownStatesTimeIntervals						UP	
16097.2616	0.08959999999933643	RippleTimeIntervals					16097.328		
16099.2064	0.14800000000104774	UpDownStatesTimeIntervals						UP	
16099.2544	0.051199999999880674	RippleTimeIntervals					16099.2768		
16100.172	0.15120000000024447	UpDownStatesTimeIntervals						UP	
16101.9928	0.26159999999981665	UpDownStatesTimeIntervals						DOWN	
16102.2544	0.22960000000057335	UpDownStatesTimeIntervals						UP	
16102.7112	0.5336000000006607	UpDownStatesTimeIntervals						DOWN	
16104.6696	0.20319999999992433	UpDownStatesTimeIntervals						UP	
16107.0	73.0	SleepStates							WAKEstate
16151.0136	0.04160000000047148	RippleTimeIntervals					16151.0528		
16176.6912	0.05040000000008149	RippleTimeIntervals					16176.7304		
16181.0	109.0	SleepStates							NREMstate
16183.0008	0.056000000000494765	RippleTimeIntervals					16183.0224		
16188.8256	0.13760000000002037	UpDownStatesTimeIntervals						UP	
16189.9504	0.03600000000005821	RippleTimeIntervals					16189.9736		
16190.0776	0.12079999999878055	UpDownStatesTimeIntervals						UP	
16190.1104	0.03840000000127475	RippleTimeIntervals					16190.1328		
16190.8128	0.12880000000041036	UpDownStatesTimeIntervals						UP	
16190.8584	0.04320000000006985	RippleTimeIntervals					16190.8776		
16191.6736	0.13760000000002037	UpDownStatesTimeIntervals						UP	
16191.7144	0.048799999998664134	RippleTimeIntervals					16191.7384		
16192.7672	0.05680000000029395	RippleTimeIntervals					16192.8072		
16192.9976	0.23439999999936845	UpDownStatesTimeIntervals						UP	
16203.0024	0.03360000000066066	RippleTimeIntervals					16203.0272		
16203.4568	0.040000000000873115	RippleTimeIntervals					16203.484		
16203.7008	0.1543999999994412	UpDownStatesTimeIntervals						UP	
16203.7136	0.1087999999999738	RippleTimeIntervals					16203.7992		
16210.0224	0.27599999999983993	UpDownStatesTimeIntervals						UP	
16210.0432	0.06480000000010477	RippleTimeIntervals					16210.0976		
16213.956	0.4416000000001077	UpDownStatesTimeIntervals						UP	
16214.792	0.1504000000004453	UpDownStatesTimeIntervals						UP	
16215.852	0.27599999999983993	UpDownStatesTimeIntervals						UP	
16216.004	0.07679999999891152	RippleTimeIntervals					16216.048		
16217.0776	0.12159999999857973	UpDownStatesTimeIntervals						UP	
16217.632	0.0591999999996915	RippleTimeIntervals					16217.6504		
16218.1944	0.17039999999906286	UpDownStatesTimeIntervals						UP	
16218.2416	0.05280000000129803	RippleTimeIntervals					16218.2704		
16219.156	0.26239999999961583	UpDownStatesTimeIntervals						UP	
16227.4112	0.15359999999964202	UpDownStatesTimeIntervals						UP	
16229.2048	0.1592000000000553	UpDownStatesTimeIntervals						UP	
16229.2552	0.04800000000068394	RippleTimeIntervals					16229.2672		
16229.5392	0.0408000000006723	RippleTimeIntervals					16229.56		
16231.5544	0.04079999999885331	RippleTimeIntervals					16231.5808		
16231.6976	0.12000000000080036	UpDownStatesTimeIntervals						UP	
16232.4016	0.2496000000010099	UpDownStatesTimeIntervals						DOWN	
16232.6512	0.16959999999926367	UpDownStatesTimeIntervals						UP	
16238.392	0.2047999999995227	UpDownStatesTimeIntervals						UP	
16243.1696	0.2224000000005617	UpDownStatesTimeIntervals						DOWN	
16243.8184	0.18959999999970023	UpDownStatesTimeIntervals						UP	
16251.4952	0.3191999999999098	UpDownStatesTimeIntervals						UP	
16251.5296	0.048800000000483124	RippleTimeIntervals					16251.5552		
16251.696	0.056000000000494765	RippleTimeIntervals					16251.7144		
16253.4336	0.22639999999955762	UpDownStatesTimeIntervals						UP	
16254.8488	0.17519999999967695	UpDownStatesTimeIntervals						UP	
16255.3712	0.0632000000005064	RippleTimeIntervals					16255.4176		
16256.9288	0.19759999999951106	UpDownStatesTimeIntervals						UP	
16257.744	0.13279999999940628	UpDownStatesTimeIntervals						UP	
16257.9952	0.04800000000068394	RippleTimeIntervals					16258.0304		
16265.8688	0.25599999999940337	UpDownStatesTimeIntervals						UP	
16266.5128	0.037599999999656575	RippleTimeIntervals					16266.5416		
16266.7632	0.1640000000006694	UpDownStatesTimeIntervals						UP	
16272.1152	0.1911999999992986	UpDownStatesTimeIntervals						UP	
16277.9968	0.14239999999881547	UpDownStatesTimeIntervals						UP	
16278.956	0.044799999999668216	RippleTimeIntervals					16278.9888		
16279.0944	0.044799999999668216	RippleTimeIntervals					16279.1048		
16281.0904	0.24160000000119908	UpDownStatesTimeIntervals						UP	
16281.1312	0.06960000000071886	RippleTimeIntervals					16281.1832		
16283.9688	0.14799999999922875	UpDownStatesTimeIntervals						UP	
16284.0192	0.048799999998664134	RippleTimeIntervals					16284.0456		
16284.4912	0.1368000000002212	UpDownStatesTimeIntervals						UP	
16284.9576	0.0632000000005064	RippleTimeIntervals					16284.9896		
16285.0976	0.03680000000167638	RippleTimeIntervals					16285.12		
16285.7952	0.12639999999919382	UpDownStatesTimeIntervals						UP	
16288.0264	0.26959999999962747	UpDownStatesTimeIntervals						UP	
16291.0	24.0	SleepStates							WAKEstate
16316.0	309.0	SleepStates							NREMstate
16320.5056	0.14799999999922875	UpDownStatesTimeIntervals						UP	
16320.5496	0.06159999999908905	RippleTimeIntervals					16320.5792		
16325.1576	0.29359999999905995	UpDownStatesTimeIntervals						UP	
16326.0656	0.31040000000029977	UpDownStatesTimeIntervals						UP	
16328.0352	0.05199999999967986	RippleTimeIntervals					16328.0792		
16329.072	0.24639999999999418	UpDownStatesTimeIntervals						UP	
16330.012	0.14239999999881547	UpDownStatesTimeIntervals						UP	
16330.2232	0.05439999999907741	RippleTimeIntervals					16330.2664		
16340.3552	0.2728000000006432	UpDownStatesTimeIntervals						UP	
16340.3928	0.06240000000070722	RippleTimeIntervals					16340.4312		
16341.204	0.2736000000004424	UpDownStatesTimeIntervals						UP	
16341.3832	0.04719999999906577	RippleTimeIntervals					16341.4		
16343.8128	0.16560000000026776	UpDownStatesTimeIntervals						UP	
16345.9056	0.035200000000259024	RippleTimeIntervals					16345.9384		
16351.908	0.24160000000119908	UpDownStatesTimeIntervals						UP	
16352.9888	0.04320000000006985	RippleTimeIntervals					16353.0128		
16353.5648	0.12639999999919382	UpDownStatesTimeIntervals						UP	
16353.604	0.042400000000270666	RippleTimeIntervals					16353.6216		
16353.8944	0.05520000000069558	RippleTimeIntervals					16353.9368		
16354.3848	0.23279999999977008	UpDownStatesTimeIntervals						UP	
16354.5104	0.056000000000494765	RippleTimeIntervals					16354.552		
16357.2448	0.04960000000028231	RippleTimeIntervals					16357.2712		
16358.7768	0.16719999999986612	UpDownStatesTimeIntervals						UP	
16364.0888	0.0632000000005064	RippleTimeIntervals					16364.12		
16366.2424	0.14480000000003201	UpDownStatesTimeIntervals						UP	
16366.7128	0.2912000000014814	UpDownStatesTimeIntervals						UP	
16366.7328	0.0680000000011205	RippleTimeIntervals					16366.7664		
16367.6144	0.05760000000009313	UpDownStatesTimeIntervals						DOWN	
16370.2352	0.16000000000167347	UpDownStatesTimeIntervals						UP	
16371.0344	0.16239999999925203	UpDownStatesTimeIntervals						UP	
16372.6424	0.04799999999886495	RippleTimeIntervals					16372.6848		
16375.0256	0.15759999999863794	UpDownStatesTimeIntervals						UP	
16378.4216	0.24799999999959255	UpDownStatesTimeIntervals						UP	
16380.0816	0.14240000000063446	UpDownStatesTimeIntervals						UP	
16383.6032	0.3168000000005122	UpDownStatesTimeIntervals						UP	
16384.6296	0.29200000000128057	UpDownStatesTimeIntervals						UP	
16385.8584	0.21600000000034925	UpDownStatesTimeIntervals						UP	
16387.1904	0.3896000000022468	UpDownStatesTimeIntervals						UP	
16387.46	0.06880000000091968	RippleTimeIntervals					16387.5144		
16388.0744	0.14799999999740976	UpDownStatesTimeIntervals						DOWN	
16388.2224	0.17840000000069267	UpDownStatesTimeIntervals						UP	
16389.5008	0.058399999998073326	RippleTimeIntervals					16389.5344		
16389.7464	0.0591999999996915	RippleTimeIntervals					16389.7808		
16395.1736	0.04320000000006985	RippleTimeIntervals					16395.1768		
16395.8032	0.2448000000003958	UpDownStatesTimeIntervals						UP	
16395.8448	0.047200000000884756	RippleTimeIntervals					16395.872		
16396.5888	0.18559999999706633	UpDownStatesTimeIntervals						UP	
16397.8312	0.38880000000062864	UpDownStatesTimeIntervals						UP	
16399.4584	0.13760000000183936	UpDownStatesTimeIntervals						UP	
16401.4648	0.2551999999996042	UpDownStatesTimeIntervals						UP	
16402.1544	0.23280000000158907	UpDownStatesTimeIntervals						DOWN	
16402.3872	0.2183999999979278	UpDownStatesTimeIntervals						UP	
16402.4768	0.040000000000873115	RippleTimeIntervals					16402.5056		
16403.0344	0.18079999999827123	UpDownStatesTimeIntervals						UP	
16403.044	0.08319999999730499	RippleTimeIntervals					16403.1072		
16406.7128	0.22479999999995925	UpDownStatesTimeIntervals						UP	
16412.0152	0.14879999999902793	UpDownStatesTimeIntervals						UP	
16412.864	0.16239999999743304	UpDownStatesTimeIntervals						UP	
16413.8008	0.24879999999757274	UpDownStatesTimeIntervals						UP	
16414.844	0.22959999999875436	UpDownStatesTimeIntervals						UP	
16415.6512	0.03919999999925494	RippleTimeIntervals					16415.6824		
16417.6488	0.280800000000454	UpDownStatesTimeIntervals						UP	
16421.4816	0.24880000000121072	UpDownStatesTimeIntervals						UP	
16421.6384	0.04560000000128639	RippleTimeIntervals					16421.6712		
16423.6736	0.15280000000348082	UpDownStatesTimeIntervals						UP	
16423.7112	0.06799999999930151	RippleTimeIntervals					16423.7496		
16424.5576	0.22000000000116415	UpDownStatesTimeIntervals						UP	
16426.4032	0.1496000000006461	UpDownStatesTimeIntervals						UP	
16429.0616	0.03919999999925494	RippleTimeIntervals					16429.0816		
16430.3928	0.2783999999992375	UpDownStatesTimeIntervals						UP	
16431.5752	0.13999999999941792	UpDownStatesTimeIntervals						UP	
16432.2744	0.23040000000037253	UpDownStatesTimeIntervals						UP	
16433.14	0.37840000000142027	UpDownStatesTimeIntervals						UP	
16434.0824	0.3231999999989057	UpDownStatesTimeIntervals						UP	
16451.036	0.28800000000046566	UpDownStatesTimeIntervals						UP	
16451.6664	0.21360000000277068	UpDownStatesTimeIntervals						UP	
16451.76	0.042400000002089655	RippleTimeIntervals					16451.792		
16453.048	0.1632000000026892	UpDownStatesTimeIntervals						UP	
16453.0904	0.05199999999967986	RippleTimeIntervals					16453.1224		
16453.6608	0.13279999999940628	UpDownStatesTimeIntervals						UP	
16454.6	0.06000000000130967	UpDownStatesTimeIntervals						DOWN	
16456.612	0.2415999999975611	UpDownStatesTimeIntervals						UP	
16456.6456	0.04560000000128639	RippleTimeIntervals					16456.6792		
16457.9352	0.16960000000108266	UpDownStatesTimeIntervals						UP	
16457.9992	0.04160000000047148	RippleTimeIntervals					16458.008		
16458.612	0.3063999999976659	UpDownStatesTimeIntervals						DOWN	
16459.132	0.3823999999985972	UpDownStatesTimeIntervals						UP	
16461.8816	0.17199999999866122	UpDownStatesTimeIntervals						UP	
16461.9256	0.0632000000005064	RippleTimeIntervals					16461.9672		
16465.9688	0.34640000000217697	UpDownStatesTimeIntervals						UP	
16466.016	0.0496000000021013	RippleTimeIntervals					16466.0472		
16466.7752	0.2232000000003609	UpDownStatesTimeIntervals						UP	
16469.4616	0.04800000000250293	RippleTimeIntervals					16469.492		
16469.5904	0.046399999999266583	RippleTimeIntervals					16469.608		
16470.1112	0.2688000000016473	UpDownStatesTimeIntervals						UP	
16473.0184	0.14879999999902793	UpDownStatesTimeIntervals						UP	
16473.0688	0.04559999999764841	RippleTimeIntervals					16473.096		
16473.8016	0.1455999999998312	UpDownStatesTimeIntervals						UP	
16474.4952	0.05040000000008149	RippleTimeIntervals					16474.5392		
16476.6328	0.2536000000000058	UpDownStatesTimeIntervals						UP	
16479.1672	0.33360000000175205	UpDownStatesTimeIntervals						UP	
16479.3928	0.028800000000046566	RippleTimeIntervals					16479.4		
16483.2952	0.16560000000026776	UpDownStatesTimeIntervals						UP	
16483.3232	0.047200000000884756	RippleTimeIntervals					16483.356		
16485.8824	0.1368000000002212	UpDownStatesTimeIntervals						UP	
16495.2048	0.06400000000212458	RippleTimeIntervals					16495.2584		
16496.6144	0.1128000000026077	UpDownStatesTimeIntervals						UP	
16499.7568	0.16719999999986612	UpDownStatesTimeIntervals						UP	
16500.604	0.18879999999990105	UpDownStatesTimeIntervals						UP	
16502.0648	0.15120000000024447	UpDownStatesTimeIntervals						UP	
16502.0896	0.07600000000093132	RippleTimeIntervals					16502.1488		
16510.6424	0.2360000000007858	UpDownStatesTimeIntervals						UP	
16515.2352	0.14240000000063446	UpDownStatesTimeIntervals						UP	
16515.2904	0.051199999998061685	RippleTimeIntervals					16515.3008		
16524.1704	0.15200000000186265	UpDownStatesTimeIntervals						UP	
16525.0632	0.2407999999995809	UpDownStatesTimeIntervals						UP	
16525.1152	0.04560000000128639	RippleTimeIntervals					16525.1384		
16525.8272	0.2272000000011758	UpDownStatesTimeIntervals						UP	
16527.0208	0.042400000002089655	RippleTimeIntervals					16527.056		
16527.9728	0.18000000000029104	UpDownStatesTimeIntervals						UP	
16528.0472	0.044799999999668216	RippleTimeIntervals					16528.0824		
16530.744	0.1543999999994412	UpDownStatesTimeIntervals						UP	
16531.9768	0.13839999999981956	UpDownStatesTimeIntervals						UP	
16536.6848	0.2232000000003609	UpDownStatesTimeIntervals						UP	
16540.3176	0.1400000000030559	UpDownStatesTimeIntervals						UP	
16544.8528	0.04559999999764841	RippleTimeIntervals					16544.88		
16545.1944	0.058399999998073326	RippleTimeIntervals					16545.2448		
16547.7728	0.13279999999940628	UpDownStatesTimeIntervals						UP	
16548.8904	0.3872000000010303	UpDownStatesTimeIntervals						UP	
16549.1856	0.04959999999846332	RippleTimeIntervals					16549.216		
16558.544	0.23839999999836436	UpDownStatesTimeIntervals						UP	
16562.5848	0.30319999999846914	UpDownStatesTimeIntervals						UP	
16564.3256	0.13839999999981956	UpDownStatesTimeIntervals						UP	
16564.36	0.059999999997671694	RippleTimeIntervals					16564.3976		
16564.7176	0.042399999998451676	RippleTimeIntervals					16564.756		
16565.0536	0.037599999999656575	RippleTimeIntervals					16565.0856		
16565.5624	0.2400000000016007	UpDownStatesTimeIntervals						UP	
16568.7184	0.0639999999984866	RippleTimeIntervals					16568.7384		
16568.9784	0.040000000000873115	RippleTimeIntervals					16568.9992		
16569.1808	0.04560000000128639	RippleTimeIntervals					16569.2104		
16572.2488	0.18319999999948777	UpDownStatesTimeIntervals						UP	
16574.7856	0.1368000000002212	UpDownStatesTimeIntervals						UP	
16575.864	0.35759999999936554	UpDownStatesTimeIntervals						UP	
16577.408	0.136000000002241	UpDownStatesTimeIntervals						UP	
16578.5456	0.14239999999699648	UpDownStatesTimeIntervals						UP	
16579.168	0.2599999999983993	UpDownStatesTimeIntervals						UP	
16582.2408	0.1320000000014261	UpDownStatesTimeIntervals						UP	
16583.7592	0.15759999999863794	UpDownStatesTimeIntervals						UP	
16583.8264	0.030399999999644933	RippleTimeIntervals					16583.8368		
16590.6576	0.2528000000020256	UpDownStatesTimeIntervals						UP	
16590.7512	0.06000000000130967	RippleTimeIntervals					16590.7808		
16591.3504	0.1640000000006694	UpDownStatesTimeIntervals						UP	
16593.1144	0.25200000000040745	UpDownStatesTimeIntervals						UP	
16593.1608	0.04399999999805004	RippleTimeIntervals					16593.1808		
16593.2976	0.03839999999763677	RippleTimeIntervals					16593.3048		
16597.1056	0.16159999999945285	UpDownStatesTimeIntervals						UP	
16597.6744	0.1775999999990745	UpDownStatesTimeIntervals						UP	
16599.1432	0.2360000000007858	UpDownStatesTimeIntervals						UP	
16600.0376	0.2319999999999709	UpDownStatesTimeIntervals						UP	
16602.24	0.13999999999941792	UpDownStatesTimeIntervals						UP	
16616.284	0.3312000000005355	UpDownStatesTimeIntervals						UP	
16619.8416	0.12800000000061118	UpDownStatesTimeIntervals						UP	
16619.8944	0.04160000000047148	RippleTimeIntervals					16619.9024		
16620.92	0.2496000000028289	UpDownStatesTimeIntervals						UP	
16624.3712	0.27199999999720603	UpDownStatesTimeIntervals						UP	
16626.0	9.0	SleepStates							WAKEstate
16636.0	349.0	SleepStates							NREMstate
16636.892	0.263200000001234	UpDownStatesTimeIntervals						UP	
16636.9344	0.033600000002479646	RippleTimeIntervals					16636.9592		
16640.0304	0.03280000000086147	RippleTimeIntervals					16640.0496		
16640.3048	0.1319999999977881	UpDownStatesTimeIntervals						UP	
16640.8872	0.20160000000032596	UpDownStatesTimeIntervals						UP	
16641.0072	0.03919999999925494	RippleTimeIntervals					16641.0328		
16642.3024	0.16639999999824795	UpDownStatesTimeIntervals						UP	
16643.7448	0.046399999999266583	RippleTimeIntervals					16643.7712		
16646.7832	0.17039999999906286	UpDownStatesTimeIntervals						UP	
16649.2408	0.08320000000094296	RippleTimeIntervals					16649.3128		
16654.1832	0.1768000000010943	UpDownStatesTimeIntervals						UP	
16657.8768	0.1720000000022992	UpDownStatesTimeIntervals						UP	
16657.9256	0.05280000000129803	RippleTimeIntervals					16657.9648		
16659.1016	0.16159999999945285	UpDownStatesTimeIntervals						UP	
16659.9256	0.1768000000010943	UpDownStatesTimeIntervals						UP	
16663.26	0.04800000000250293	RippleTimeIntervals					16663.2936		
16663.5648	0.04400000000168802	RippleTimeIntervals					16663.6008		
16665.4168	0.09679999999934807	UpDownStatesTimeIntervals						DOWN	
16665.8408	0.15199999999822467	UpDownStatesTimeIntervals						UP	
16665.892	0.06720000000132131	RippleTimeIntervals					16665.9048		
16666.1664	0.0544000000008964	RippleTimeIntervals					16666.1928		
16666.3744	0.07920000000012806	UpDownStatesTimeIntervals						DOWN	
16667.1624	0.27039999999760767	UpDownStatesTimeIntervals						UP	
16667.9648	0.0367999999980384	RippleTimeIntervals					16667.968		
16669.3232	0.03440000000045984	UpDownStatesTimeIntervals						UP	
16669.5352	0.044800000003306195	RippleTimeIntervals					16669.5624		
16669.8568	0.12960000000020955	UpDownStatesTimeIntervals						UP	
16669.908	0.0496000000021013	RippleTimeIntervals					16669.9144		
16670.3776	0.1415999999990163	UpDownStatesTimeIntervals						UP	
16672.0976	0.35759999999936554	UpDownStatesTimeIntervals						UP	
16674.2872	0.21600000000034925	UpDownStatesTimeIntervals						UP	
16677.9312	0.15200000000186265	UpDownStatesTimeIntervals						UP	
16677.9856	0.05519999999887659	RippleTimeIntervals					16678.0208		
16679.1096	0.2824000000000524	UpDownStatesTimeIntervals						UP	
16680.9	0.2647999999971944	UpDownStatesTimeIntervals						UP	
16681.4688	0.16159999999945285	UpDownStatesTimeIntervals						UP	
16681.9576	0.23039999999673455	UpDownStatesTimeIntervals						UP	
16688.716	0.31120000000009895	UpDownStatesTimeIntervals						UP	
16688.7496	0.042400000002089655	RippleTimeIntervals					16688.7648		
16691.0064	0.04640000000290456	RippleTimeIntervals					16691.0416		
16691.9168	0.29200000000128057	UpDownStatesTimeIntervals						UP	
16691.9832	0.03920000000289292	RippleTimeIntervals					16691.9912		
16694.5584	0.05040000000008149	RippleTimeIntervals					16694.5968		
16694.7944	0.04080000000249129	RippleTimeIntervals					16694.8104		
16695.9504	0.05199999999967986	RippleTimeIntervals					16695.9752		
16712.7288	0.19519999999829452	UpDownStatesTimeIntervals						UP	
16716.848	0.24639999999999418	UpDownStatesTimeIntervals						UP	
16719.9816	0.03919999999925494	RippleTimeIntervals					16719.9832		
16721.1888	0.18240000000150758	UpDownStatesTimeIntervals						UP	
16725.7248	0.18720000000030268	UpDownStatesTimeIntervals						UP	
16728.4192	0.14800000000104774	UpDownStatesTimeIntervals						UP	
16728.4856	0.047200000000884756	RippleTimeIntervals					16728.5096		
16730.7888	0.06480000000010477	RippleTimeIntervals					16730.8264		
16736.8448	0.15680000000065775	UpDownStatesTimeIntervals						UP	
16736.888	0.0496000000021013	RippleTimeIntervals					16736.9064		
16737.16	0.06720000000132131	RippleTimeIntervals					16737.2096		
16737.3992	0.19840000000112923	UpDownStatesTimeIntervals						UP	
16737.5176	0.044799999999668216	RippleTimeIntervals					16737.5456		
16738.48	0.14400000000023283	UpDownStatesTimeIntervals						UP	
16738.5208	0.051200000001699664	RippleTimeIntervals					16738.556		
16745.6904	0.058400000001711305	RippleTimeIntervals					16745.7312		
16746.0768	0.21680000000196742	UpDownStatesTimeIntervals						UP	
16747.5664	0.15759999999863794	UpDownStatesTimeIntervals						UP	
16748.8048	0.18479999999908614	UpDownStatesTimeIntervals						UP	
16748.8352	0.032799999997223495	RippleTimeIntervals					16748.8632		
16749.456	0.15120000000024447	UpDownStatesTimeIntervals						UP	
16749.5088	0.042400000002089655	RippleTimeIntervals					16749.5416		
16751.4912	0.1496000000006461	UpDownStatesTimeIntervals						UP	
16759.1056	0.05520000000251457	RippleTimeIntervals					16759.1352		
16759.4072	0.05439999999725842	RippleTimeIntervals					16759.444		
16761.0576	0.06160000000090804	RippleTimeIntervals					16761.1032		
16761.2608	0.08959999999933643	UpDownStatesTimeIntervals						DOWN	
16761.3504	0.32159999999930733	UpDownStatesTimeIntervals						UP	
16762.0784	0.15440000000307919	UpDownStatesTimeIntervals						UP	
16762.132	0.053599999999278225	RippleTimeIntervals					16762.1552		
16764.9496	0.272000000000844	UpDownStatesTimeIntervals						UP	
16774.2696	0.047200000000884756	RippleTimeIntervals					16774.2864		
16777.4728	0.06959999999889988	RippleTimeIntervals					16777.5072		
16780.3064	0.25679999999920256	UpDownStatesTimeIntervals						UP	
16781.4928	0.16159999999945285	UpDownStatesTimeIntervals						UP	
16788.8168	0.05280000000129803	RippleTimeIntervals					16788.8488		
16789.5616	0.07439999999769498	UpDownStatesTimeIntervals						UP	
16789.7712	0.05280000000129803	RippleTimeIntervals					16789.8056		
16790.0848	0.14400000000023283	UpDownStatesTimeIntervals						UP	
16790.1456	0.051200000001699664	RippleTimeIntervals					16790.1704		
16792.5056	0.31520000000091386	UpDownStatesTimeIntervals						UP	
16792.644	0.051199999998061685	RippleTimeIntervals					16792.6808		
16796.9664	0.15599999999903957	UpDownStatesTimeIntervals						UP	
16797.0376	0.047200000000884756	RippleTimeIntervals					16797.0464		
16797.2728	0.04560000000128639	RippleTimeIntervals					16797.3024		
16799.8672	0.17120000000068103	UpDownStatesTimeIntervals						UP	
16808.6888	0.047200000000884756	RippleTimeIntervals					16808.6936		
16815.476	0.13520000000062282	UpDownStatesTimeIntervals						UP	
16818.276	0.03359999999884167	RippleTimeIntervals					16818.2824		
16820.2992	0.17919999999867287	UpDownStatesTimeIntervals						UP	
16821.8496	0.27199999999720603	UpDownStatesTimeIntervals						UP	
16822.0392	0.04560000000128639	RippleTimeIntervals					16822.0512		
16822.7448	0.15279999999984284	UpDownStatesTimeIntervals						UP	
16825.4992	0.2536000000000058	UpDownStatesTimeIntervals						UP	
16829.1616	0.15040000000226428	UpDownStatesTimeIntervals						UP	
16829.192	0.07359999999971478	RippleTimeIntervals					16829.228		
16830.3144	0.45600000000194996	UpDownStatesTimeIntervals						UP	
16832.012	0.04640000000290456	RippleTimeIntervals					16832.0384		
16836.576	0.32159999999930733	UpDownStatesTimeIntervals						UP	
16838.1016	0.042399999998451676	RippleTimeIntervals					16838.1136		
16838.2832	0.07599999999729334	RippleTimeIntervals					16838.3232		
16847.66	0.04799999999886495	RippleTimeIntervals					16847.6952		
16849.8272	0.16159999999945285	UpDownStatesTimeIntervals						UP	
16850.3056	0.26239999999961583	UpDownStatesTimeIntervals						UP	
16851.2104	0.2448000000003958	UpDownStatesTimeIntervals						UP	
16851.7392	0.15999999999985448	UpDownStatesTimeIntervals						UP	
16852.8504	0.14879999999902793	UpDownStatesTimeIntervals						UP	
16853.4968	0.23999999999796273	UpDownStatesTimeIntervals						DOWN	
16853.7368	0.22000000000116415	UpDownStatesTimeIntervals						UP	
16853.7808	0.06000000000130967	RippleTimeIntervals					16853.8272		
16854.9096	0.12399999999979627	UpDownStatesTimeIntervals						UP	
16855.6544	0.32400000000052387	UpDownStatesTimeIntervals						DOWN	
16858.5416	0.12879999999859137	UpDownStatesTimeIntervals						UP	
16861.2168	0.24639999999999418	UpDownStatesTimeIntervals						UP	
16864.4056	0.17440000000351574	UpDownStatesTimeIntervals						UP	
16868.0024	0.15359999999782303	UpDownStatesTimeIntervals						UP	
16868.0672	0.046399999999266583	RippleTimeIntervals					16868.1		
16869.0536	0.2000000000007276	UpDownStatesTimeIntervals						UP	
16872.5912	0.17439999999987776	UpDownStatesTimeIntervals						UP	
16875.5024	0.3456000000005588	UpDownStatesTimeIntervals						UP	
16875.6632	0.05199999999967986	RippleTimeIntervals					16875.6816		
16877.8336	0.2519999999967695	UpDownStatesTimeIntervals						UP	
16877.856	0.05040000000008149	RippleTimeIntervals					16877.8896		
16877.9984	0.047200000000884756	RippleTimeIntervals					16878.008		
16878.6032	0.19359999999869615	UpDownStatesTimeIntervals						UP	
16880.7752	0.20799999999871943	UpDownStatesTimeIntervals						UP	
16880.872	0.05040000000008149	RippleTimeIntervals					16880.9056		
16881.5576	0.1735999999982596	UpDownStatesTimeIntervals						UP	
16888.8808	0.06000000000130967	RippleTimeIntervals					16888.9264		
16894.7048	0.24320000000079744	UpDownStatesTimeIntervals						UP	
16894.7368	0.05520000000251457	RippleTimeIntervals					16894.7648		
16897.1	0.18000000000029104	UpDownStatesTimeIntervals						UP	
16899.0784	0.22960000000239233	UpDownStatesTimeIntervals						UP	
16902.8744	0.15279999999984284	UpDownStatesTimeIntervals						UP	
16904.0872	0.13039999999818974	UpDownStatesTimeIntervals						UP	
16905.0312	0.035199999998440035	RippleTimeIntervals					16905.0336		
16905.7912	0.2047999999995227	UpDownStatesTimeIntervals						UP	
16906.5952	0.1863999999986845	UpDownStatesTimeIntervals						UP	
16910.5784	0.16560000000026776	UpDownStatesTimeIntervals						UP	
16910.6136	0.04160000000047148	RippleTimeIntervals					16910.6408		
16915.0	0.25760000000082073	UpDownStatesTimeIntervals						UP	
16917.1344	0.2175999999999476	UpDownStatesTimeIntervals						UP	
16917.7704	0.1584000000002561	UpDownStatesTimeIntervals						UP	
16918.8088	0.2528000000020256	UpDownStatesTimeIntervals						UP	
16918.9	0.04719999999724678	RippleTimeIntervals					16918.9408		
16920.8144	0.2680000000000291	UpDownStatesTimeIntervals						UP	
16921.3904	0.627199999998993	UpDownStatesTimeIntervals						DOWN	
16922.1872	0.16560000000026776	UpDownStatesTimeIntervals						UP	
16922.224	0.058400000001711305	RippleTimeIntervals					16922.26		
16923.6208	0.2319999999999709	UpDownStatesTimeIntervals						UP	
16923.668	0.037599999999656575	RippleTimeIntervals					16923.6688		
16923.78	0.056000000000494765	RippleTimeIntervals					16923.7968		
16924.0824	0.04080000000249129	RippleTimeIntervals					16924.1		
16927.0808	0.1584000000002561	UpDownStatesTimeIntervals						UP	
16928.6512	0.18240000000150758	UpDownStatesTimeIntervals						UP	
16930.9696	0.044799999999668216	RippleTimeIntervals					16930.9976		
16932.9816	0.05199999999967986	RippleTimeIntervals					16933.0128		
16935.4928	0.20160000000032596	UpDownStatesTimeIntervals						UP	
16935.5456	0.032799999997223495	RippleTimeIntervals					16935.5568		
16936.0816	0.07839999999850988	UpDownStatesTimeIntervals						UP	
16938.4296	0.13119999999980791	UpDownStatesTimeIntervals						DOWN	
16938.5608	0.28320000000167056	UpDownStatesTimeIntervals						UP	
16939.884	0.254400000001624	UpDownStatesTimeIntervals						UP	
16943.812	0.15839999999661813	UpDownStatesTimeIntervals						UP	
16944.508	0.23919999999998254	UpDownStatesTimeIntervals						DOWN	
16945.824	0.14319999999861466	UpDownStatesTimeIntervals						UP	
16947.028	0.24639999999999418	UpDownStatesTimeIntervals						UP	
16949.7384	0.13360000000102445	UpDownStatesTimeIntervals						UP	
16956.8192	0.19199999999909778	UpDownStatesTimeIntervals						UP	
16957.6256	0.25679999999920256	UpDownStatesTimeIntervals						UP	
16961.3808	0.21919999999954598	UpDownStatesTimeIntervals						UP	
16967.0712	0.06720000000132131	RippleTimeIntervals					16967.0736		
16968.1808	0.2360000000007858	UpDownStatesTimeIntervals						UP	
16970.432	0.1543999999994412	UpDownStatesTimeIntervals						UP	
16970.488	0.056000000000494765	RippleTimeIntervals					16970.5096		
16970.8344	0.2864000000008673	UpDownStatesTimeIntervals						DOWN	
16971.4056	0.14400000000023283	UpDownStatesTimeIntervals						UP	
16972.7432	0.1415999999990163	UpDownStatesTimeIntervals						UP	
16983.3056	0.20240000000194414	UpDownStatesTimeIntervals						UP	
16986.0	16.0	SleepStates							WAKEstate
17003.0	13.0	SleepStates							REMstate
17017.0	20.0	SleepStates							WAKEstate
17038.0	37.0	SleepStates							REMstate
17076.0	146.0	SleepStates							WAKEstate
17107.8816	0.1496000000006461	RippleTimeIntervals					17108.0216		
17108.032	2736.8319666666684	epochs	CNOPreStim, 	uLED random stim	fCamk3_201111_125425	Home cage			
17135.244	0.040000000000873115	RippleTimeIntervals					17135.2536		
17197.0288	0.07839999999850988	RippleTimeIntervals					17197.0696		
17207.6176	0.07200000000011642	RippleTimeIntervals					17207.6608		
17222.0552	0.10239999999976135	RippleTimeIntervals					17222.1552		
17223.0	10.0	SleepStates							NREMstate
17226.7112	0.08719999999811989	RippleTimeIntervals					17226.7568		
17229.7888	0.07440000000133296	RippleTimeIntervals					17229.7992		
17234.0	12.0	SleepStates							WAKEstate
17245.7456	0.03200000000288128	RippleTimeIntervals					17245.7688		
17247.0	46.0	SleepStates							NREMstate
17251.2136	0.09120000000257278	RippleTimeIntervals					17251.2896		
17294.0	32.0	SleepStates							WAKEstate
17327.0	8.0	SleepStates							NREMstate
17336.0	189.0	SleepStates							WAKEstate
17374.5448	0.031200000001263106	RippleTimeIntervals					17374.5744		
17377.8832	0.056000000000494765	RippleTimeIntervals					17377.928		
17450.38	0.07760000000052969	RippleTimeIntervals					17450.3904		
17457.516	0.04320000000006985	RippleTimeIntervals					17457.5312		
17481.5136	0.031200000001263106	RippleTimeIntervals					17481.5208		
17493.2824	0.04400000000168802	RippleTimeIntervals					17493.3064		
17498.4208	0.0319999999992433	RippleTimeIntervals					17498.4432		
17510.888	0.04400000000168802	RippleTimeIntervals					17510.9152		
17524.2216	0.03600000000005821	RippleTimeIntervals					17524.228		
17526.0	22.0	SleepStates							NREMstate
17530.6368	0.0632000000005064	RippleTimeIntervals					17530.6648		
17532.0	0.04320000000006985	RippleTimeIntervals					17532.0216		
17535.9888	0.08320000000094296	RippleTimeIntervals					17536.0248		
17544.0984	0.04320000000006985	RippleTimeIntervals					17544.1048		
17546.5136	0.042400000002089655	RippleTimeIntervals					17546.5256		
17548.6624	0.039999999997235136	RippleTimeIntervals					17548.6752		
17549.0	32.0	SleepStates							WAKEstate
17565.1448	0.06720000000132131	RippleTimeIntervals					17565.192		
17582.0	7.0	SleepStates							NREMstate
17583.2792	0.05199999999967986	RippleTimeIntervals					17583.3192		
17584.0472	0.06639999999970314	RippleTimeIntervals					17584.0832		
17589.2048	0.05680000000211294	RippleTimeIntervals					17589.244		
17590.0	8.0	SleepStates							WAKEstate
17599.0	42.0	SleepStates							NREMstate
17599.8672	0.044799999999668216	RippleTimeIntervals					17599.8912		
17601.6448	0.04560000000128639	RippleTimeIntervals					17601.664		
17602.632	0.0415999999968335	RippleTimeIntervals					17602.6512		
17603.9656	0.05199999999967986	RippleTimeIntervals					17603.9976		
17609.2624	0.03280000000086147	RippleTimeIntervals					17609.2888		
17615.8816	0.04559999999764841	RippleTimeIntervals					17615.8992		
17616.316	0.04400000000168802	RippleTimeIntervals					17616.3392		
17616.8744	0.05679999999847496	RippleTimeIntervals					17616.92		
17618.5808	0.0639999999984866	RippleTimeIntervals					17618.6184		
17620.9384	0.03840000000127475	RippleTimeIntervals					17620.9696		
17624.3328	0.05199999999967986	RippleTimeIntervals					17624.3504		
17631.616	0.05279999999766005	RippleTimeIntervals					17631.6608		
17634.4848	0.044800000003306195	RippleTimeIntervals					17634.5104		
17636.7328	0.0687999999972817	RippleTimeIntervals					17636.7856		
17636.8824	0.03600000000005821	RippleTimeIntervals					17636.8968		
17637.9784	0.09600000000136788	RippleTimeIntervals					17638.0376		
17642.0	9.0	SleepStates							WAKEstate
17652.0	62.0	SleepStates							NREMstate
17655.3904	0.040000000000873115	RippleTimeIntervals					17655.4048		
17656.1552	0.046399999999266583	RippleTimeIntervals					17656.1896		
17662.528	0.05680000000211294	RippleTimeIntervals					17662.5568		
17668.1656	0.040000000000873115	RippleTimeIntervals					17668.176		
17672.5408	0.06800000000293949	RippleTimeIntervals					17672.596		
17680.38	0.03839999999763677	RippleTimeIntervals					17680.408		
17683.5776	0.06559999999808497	RippleTimeIntervals					17683.5976		
17685.8712	0.04719999999724678	RippleTimeIntervals					17685.8832		
17686.4312	0.042400000002089655	RippleTimeIntervals					17686.4624		
17686.592	0.05279999999766005	RippleTimeIntervals					17686.6064		
17689.6184	0.031200000001263106	RippleTimeIntervals					17689.6416		
17691.6168	0.08079999999972642	RippleTimeIntervals					17691.6704		
17696.296	0.05280000000129803	RippleTimeIntervals					17696.3272		
17696.4528	0.058400000001711305	RippleTimeIntervals					17696.468		
17696.784	0.06079999999928987	RippleTimeIntervals					17696.8352		
17700.4584	0.047200000000884756	RippleTimeIntervals					17700.492		
17704.2392	0.07760000000052969	RippleTimeIntervals					17704.288		
17709.456	0.06480000000010477	RippleTimeIntervals					17709.4856		
17709.6264	0.04399999999805004	RippleTimeIntervals					17709.6456		
17709.9248	0.03280000000086147	RippleTimeIntervals					17709.9288		
17710.3424	0.062399999998888234	RippleTimeIntervals					17710.3744		
17711.3384	0.04320000000006985	RippleTimeIntervals					17711.352		
17715.0	13.0	SleepStates							WAKEstate
17726.4272	0.047200000000884756	RippleTimeIntervals					17726.4624		
17729.0	39.0	SleepStates							NREMstate
17732.7888	0.05280000000129803	RippleTimeIntervals					17732.8288		
17733.1096	0.04799999999886495	RippleTimeIntervals					17733.1256		
17735.9256	0.04080000000249129	RippleTimeIntervals					17735.936		
17736.2928	0.0544000000008964	RippleTimeIntervals					17736.3104		
17742.1912	0.053599999999278225	RippleTimeIntervals					17742.2328		
17743.1928	0.035199999998440035	RippleTimeIntervals					17743.212		
17745.4872	0.06400000000212458	RippleTimeIntervals					17745.5304		
17746.4024	0.04160000000047148	RippleTimeIntervals					17746.4264		
17751.4224	0.04799999999886495	RippleTimeIntervals					17751.4592		
17751.6648	0.044799999999668216	RippleTimeIntervals					17751.6872		
17752.5176	0.0864000000001397	RippleTimeIntervals					17752.5872		
17752.7208	0.05680000000211294	RippleTimeIntervals					17752.7608		
17753.1544	0.03840000000127475	RippleTimeIntervals					17753.184		
17757.5016	0.062399999998888234	RippleTimeIntervals					17757.5464		
17764.7336	0.051200000001699664	RippleTimeIntervals					17764.7704		
17765.596	0.044799999999668216	RippleTimeIntervals					17765.62		
17766.9184	0.04640000000290456	RippleTimeIntervals					17766.932		
17767.2696	0.0496000000021013	RippleTimeIntervals					17767.2944		
17767.4296	0.03280000000086147	RippleTimeIntervals					17767.4328		
17769.0	16.0	SleepStates							WAKEstate
17780.3616	0.027999999998428393	RippleTimeIntervals					17780.3856		
17784.2816	0.04080000000249129	RippleTimeIntervals					17784.3152		
17784.4008	0.035200000002078013	RippleTimeIntervals					17784.4248		
17786.0	33.0	SleepStates							NREMstate
17793.0224	0.06559999999808497	RippleTimeIntervals					17793.0744		
17793.8136	0.051199999998061685	RippleTimeIntervals					17793.8496		
17795.2	0.0367999999980384	RippleTimeIntervals					17795.2008		
17796.1456	0.07040000000051805	RippleTimeIntervals					17796.1976		
17798.5536	0.06639999999970314	RippleTimeIntervals					17798.5992		
17799.7136	0.056000000000494765	RippleTimeIntervals					17799.7624		
17807.1288	0.04400000000168802	RippleTimeIntervals					17807.1512		
17810.0824	0.04799999999886495	RippleTimeIntervals					17810.1168		
17810.2872	0.04560000000128639	RippleTimeIntervals					17810.3048		
17810.9784	0.03359999999884167	RippleTimeIntervals					17810.9904		
17811.1584	0.047200000000884756	RippleTimeIntervals					17811.1704		
17811.7488	0.0591999999996915	RippleTimeIntervals					17811.7992		
17812.4128	0.05760000000009313	RippleTimeIntervals					17812.4288		
17813.2584	0.044799999999668216	RippleTimeIntervals					17813.2656		
17814.1712	0.04799999999886495	RippleTimeIntervals					17814.1928		
17814.5168	0.035199999998440035	RippleTimeIntervals					17814.536		
17816.5224	0.0367999999980384	RippleTimeIntervals					17816.5456		
17820.0	7.0	SleepStates							WAKEstate
17828.0	195.0	SleepStates							NREMstate
17832.6264	0.046399999999266583	RippleTimeIntervals					17832.656		
17833.86	0.06959999999889988	RippleTimeIntervals					17833.9168		
17834.0872	0.03439999999682186	RippleTimeIntervals					17834.104		
17846.192	0.05760000000009313	RippleTimeIntervals					17846.2344		
17846.5088	0.03840000000127475	RippleTimeIntervals					17846.528		
17846.7432	0.04799999999886495	RippleTimeIntervals					17846.7656		
17851.1968	0.0415999999968335	RippleTimeIntervals					17851.2048		
17851.6768	0.06079999999928987	RippleTimeIntervals					17851.7128		
17857.9728	0.0591999999996915	RippleTimeIntervals					17858.0208		
17866.5056	0.062399999998888234	RippleTimeIntervals					17866.5296		
17876.6024	0.058400000001711305	RippleTimeIntervals					17876.6184		
17877.5024	0.05040000000008149	RippleTimeIntervals					17877.5312		
17883.0432	0.04959999999846332	RippleTimeIntervals					17883.0864		
17883.5064	0.05760000000009313	RippleTimeIntervals					17883.5456		
17883.8608	0.08079999999972642	RippleTimeIntervals					17883.8904		
17885.6912	0.03839999999763677	RippleTimeIntervals					17885.7176		
17888.3408	0.044799999999668216	RippleTimeIntervals					17888.3696		
17889.8296	0.04079999999885331	RippleTimeIntervals					17889.8392		
17897.22	0.044799999999668216	RippleTimeIntervals					17897.2352		
17899.9072	0.032799999997223495	RippleTimeIntervals					17899.9288		
17901.508	0.04559999999764841	RippleTimeIntervals					17901.5304		
17903.4816	0.08079999999972642	RippleTimeIntervals					17903.524		
17914.3816	0.06880000000091968	RippleTimeIntervals					17914.4328		
17914.6768	0.03600000000005821	RippleTimeIntervals					17914.7008		
17915.9872	0.040000000000873115	RippleTimeIntervals					17915.9968		
17932.8944	0.12399999999979627	RippleTimeIntervals					17932.9544		
17936.8808	0.047200000000884756	RippleTimeIntervals					17936.92		
17938.128	0.04559999999764841	RippleTimeIntervals					17938.1368		
17938.724	0.05920000000332948	RippleTimeIntervals					17938.752		
17938.9152	0.058400000001711305	RippleTimeIntervals					17938.9344		
17944.0192	0.04400000000168802	RippleTimeIntervals					17944.0464		
17948.2968	0.04959999999846332	RippleTimeIntervals					17948.3184		
17949.7056	0.07359999999971478	RippleTimeIntervals					17949.7432		
17952.8168	0.058399999998073326	RippleTimeIntervals					17952.8576		
17956.1184	0.0496000000021013	RippleTimeIntervals					17956.1472		
17958.568	0.07600000000093132	RippleTimeIntervals					17958.6144		
17960.7392	0.05679999999847496	RippleTimeIntervals					17960.7728		
17961.7592	0.06079999999928987	RippleTimeIntervals					17961.7776		
17971.768	0.06000000000130967	RippleTimeIntervals					17971.7984		
17977.9288	0.053599999999278225	RippleTimeIntervals					17977.9368		
17978.6048	0.039999999997235136	RippleTimeIntervals					17978.6304		
17979.0504	0.037599999999656575	RippleTimeIntervals					17979.064		
17979.7512	0.0496000000021013	RippleTimeIntervals					17979.7864		
17990.4656	0.047200000000884756	RippleTimeIntervals					17990.4816		
17991.2856	0.03919999999925494	RippleTimeIntervals					17991.3064		
17991.4176	0.03600000000005821	RippleTimeIntervals					17991.4328		
17991.9088	0.0687999999972817	RippleTimeIntervals					17991.9376		
17996.2272	0.07839999999850988	RippleTimeIntervals					17996.2664		
17999.0192	0.03200000000288128	RippleTimeIntervals					17999.0416		
17999.9184	0.044799999999668216	RippleTimeIntervals					17999.9488		
18001.0176	0.06960000000253785	RippleTimeIntervals					18001.0624		
18001.84	0.040000000000873115	RippleTimeIntervals					18001.8672		
18002.0928	0.058400000001711305	RippleTimeIntervals					18002.1072		
18003.0632	0.058399999998073326	RippleTimeIntervals					18003.0984		
18004.0208	0.07360000000335276	RippleTimeIntervals					18004.0752		
18004.2392	0.048800000000483124	RippleTimeIntervals					18004.2648		
18004.688	0.03600000000005821	RippleTimeIntervals					18004.7056		
18012.5392	0.037599999999656575	RippleTimeIntervals					18012.56		
18013.2336	0.05040000000008149	RippleTimeIntervals					18013.2688		
18014.1376	0.037600000003294554	RippleTimeIntervals					18014.1568		
18014.2712	0.05199999999967986	RippleTimeIntervals					18014.2968		
18015.0512	0.04799999999886495	RippleTimeIntervals					18015.0712		
18016.1376	0.047200000000884756	RippleTimeIntervals					18016.172		
18016.5616	0.05760000000009313	RippleTimeIntervals					18016.5904		
18024.0	9.0	SleepStates							WAKEstate
18034.0	8.0	SleepStates							NREMstate
18034.732	0.046399999999266583	RippleTimeIntervals					18034.7424		
18038.508	0.0415999999968335	RippleTimeIntervals					18038.5192		
18041.5344	0.05040000000008149	RippleTimeIntervals					18041.5784		
18043.0	18.0	SleepStates							WAKEstate
18062.0	90.0	SleepStates							NREMstate
18062.2168	0.04400000000168802	RippleTimeIntervals					18062.2384		
18063.472	0.0415999999968335	RippleTimeIntervals					18063.4992		
18065.6448	0.05520000000251457	RippleTimeIntervals					18065.6704		
18065.9496	0.051200000001699664	RippleTimeIntervals					18065.9864		
18077.012	0.0544000000008964	RippleTimeIntervals					18077.0208		
18077.3232	0.04400000000168802	RippleTimeIntervals					18077.348		
18077.7976	0.03839999999763677	RippleTimeIntervals					18077.808		
18078.9656	0.03680000000167638	RippleTimeIntervals					18078.9688		
18079.556	0.053599999999278225	RippleTimeIntervals					18079.6032		
18079.684	0.046399999999266583	RippleTimeIntervals					18079.7128		
18081.7032	0.03359999999884167	RippleTimeIntervals					18081.7152		
18082.788	0.04560000000128639	RippleTimeIntervals					18082.804		
18086.5176	0.04400000000168802	RippleTimeIntervals					18086.5248		
18087.632	0.042399999998451676	RippleTimeIntervals					18087.6528		
18090.0272	0.04959999999846332	RippleTimeIntervals					18090.0512		
18093.1592	0.04800000000250293	RippleTimeIntervals					18093.1688		
18098.6952	0.06560000000172295	RippleTimeIntervals					18098.7328		
18104.9992	0.042400000002089655	RippleTimeIntervals					18105.008		
18106.1424	0.04320000000006985	RippleTimeIntervals					18106.1688		
18106.5712	0.05040000000008149	RippleTimeIntervals					18106.5936		
18110.7872	0.035200000002078013	RippleTimeIntervals					18110.8		
18111.832	0.09280000000217115	RippleTimeIntervals					18111.896		
18124.928	0.046399999999266583	RippleTimeIntervals					18124.964		
18134.5872	0.05679999999847496	RippleTimeIntervals					18134.6248		
18140.3032	0.060800000002927845	RippleTimeIntervals					18140.3416		
18140.9432	0.059999999997671694	RippleTimeIntervals					18140.9576		
18143.2488	0.04160000000047148	RippleTimeIntervals					18143.2592		
18143.3792	0.03440000000045984	RippleTimeIntervals					18143.3896		
18143.8904	0.027999999998428393	RippleTimeIntervals					18143.9112		
18144.4624	0.04399999999805004	RippleTimeIntervals					18144.4752		
18153.0	9.0	SleepStates							WAKEstate
18153.3456	0.04559999999764841	RippleTimeIntervals					18153.3704		
18163.0	774.0	SleepStates							NREMstate
18166.3504	0.0816000000013446	RippleTimeIntervals					18166.4096		
18170.1984	0.056000000000494765	RippleTimeIntervals					18170.2296		
18183.528	0.056000000000494765	RippleTimeIntervals					18183.5584		
18198.7424	0.03840000000127475	RippleTimeIntervals					18198.7448		
18201.3696	0.04959999999846332	RippleTimeIntervals					18201.4008		
18205.572	0.048800000000483124	RippleTimeIntervals					18205.6		
18206.132	0.053599999999278225	RippleTimeIntervals					18206.1536		
18208.1432	0.05280000000129803	RippleTimeIntervals					18208.1784		
18214.756	0.04799999999886495	RippleTimeIntervals					18214.7632		
18215.2288	0.03280000000086147	RippleTimeIntervals					18215.2568		
18225.1976	0.07519999999931315	RippleTimeIntervals					18225.2528		
18227.8784	0.04719999999724678	RippleTimeIntervals					18227.8936		
18230.3568	0.05679999999847496	RippleTimeIntervals					18230.3808		
18231.5264	0.04400000000168802	RippleTimeIntervals					18231.544		
18237.6176	0.07279999999809661	RippleTimeIntervals					18237.6768		
18237.7904	0.05679999999847496	RippleTimeIntervals					18237.8224		
18238.3456	0.0632000000005064	RippleTimeIntervals					18238.3712		
18238.6696	0.056000000000494765	RippleTimeIntervals					18238.676		
18238.9216	0.04320000000006985	RippleTimeIntervals					18238.9448		
18239.8024	0.047200000000884756	RippleTimeIntervals					18239.8312		
18245.2512	0.047200000000884756	RippleTimeIntervals					18245.2792		
18246.2952	0.05040000000008149	RippleTimeIntervals					18246.308		
18246.7768	0.04799999999886495	RippleTimeIntervals					18246.7992		
18247.608	0.03919999999925494	RippleTimeIntervals					18247.64		
18251.096	0.06959999999889988	RippleTimeIntervals					18251.1424		
18253.7824	0.046399999999266583	RippleTimeIntervals					18253.7952		
18255.1496	0.04959999999846332	RippleTimeIntervals					18255.1776		
18258.4456	0.058400000001711305	RippleTimeIntervals					18258.5032		
18259.3648	0.04320000000006985	RippleTimeIntervals					18259.3896		
18281.4232	0.056000000000494765	RippleTimeIntervals					18281.4672		
18286.8376	0.06880000000091968	RippleTimeIntervals					18286.8872		
18292.9392	0.047200000000884756	RippleTimeIntervals					18292.9632		
18294.6616	0.06079999999928987	RippleTimeIntervals					18294.7072		
18298.86	0.06880000000091968	RippleTimeIntervals					18298.8968		
18299.0776	0.037599999999656575	RippleTimeIntervals					18299.1		
18299.5264	0.06960000000253785	RippleTimeIntervals					18299.5808		
18300.0768	0.0496000000021013	RippleTimeIntervals					18300.0928		
18300.9824	0.04799999999886495	RippleTimeIntervals					18300.9936		
18301.3224	0.040000000000873115	RippleTimeIntervals					18301.3424		
18303.2648	0.06160000000090804	RippleTimeIntervals					18303.2936		
18309.3768	0.031200000001263106	RippleTimeIntervals					18309.3784		
18309.4872	0.04560000000128639	RippleTimeIntervals					18309.52		
18310.6896	0.059999999997671694	RippleTimeIntervals					18310.7088		
18311.1056	0.03680000000167638	RippleTimeIntervals					18311.1256		
18314.4184	0.0496000000021013	RippleTimeIntervals					18314.4504		
18321.0952	0.03280000000086147	RippleTimeIntervals					18321.1056		
18321.7288	0.040000000000873115	RippleTimeIntervals					18321.7592		
18321.8736	0.06400000000212458	RippleTimeIntervals					18321.9192		
18322.872	0.03440000000045984	RippleTimeIntervals					18322.8896		
18330.472	0.039999999997235136	RippleTimeIntervals					18330.4968		
18332.1896	0.04320000000006985	RippleTimeIntervals					18332.2192		
18333.5592	0.05760000000009313	RippleTimeIntervals					18333.6032		
18334.0072	0.05040000000008149	RippleTimeIntervals					18334.0416		
18334.8864	0.046399999999266583	RippleTimeIntervals					18334.92		
18336.2856	0.044799999999668216	RippleTimeIntervals					18336.2944		
18336.5536	0.06560000000172295	RippleTimeIntervals					18336.6048		
18342.016	0.058400000001711305	RippleTimeIntervals					18342.0456		
18349.556	0.06000000000130967	RippleTimeIntervals					18349.596		
18350.424	0.04160000000047148	RippleTimeIntervals					18350.4368		
18353.9416	0.04640000000290456	RippleTimeIntervals					18353.9776		
18354.4512	0.030399999999644933	RippleTimeIntervals					18354.4632		
18369.5896	0.030399999999644933	RippleTimeIntervals					18369.616		
18370.6272	0.05520000000251457	RippleTimeIntervals					18370.6416		
18371.4312	0.046399999999266583	RippleTimeIntervals					18371.4528		
18387.5056	0.04799999999886495	RippleTimeIntervals					18387.544		
18387.7928	0.03919999999925494	RippleTimeIntervals					18387.8176		
18389.2104	0.06720000000132131	RippleTimeIntervals					18389.2584		
18391.5792	0.048800000000483124	RippleTimeIntervals					18391.6024		
18401.0664	0.0544000000008964	RippleTimeIntervals					18401.1		
18401.2328	0.03600000000005821	RippleTimeIntervals					18401.2552		
18401.8016	0.03440000000045984	RippleTimeIntervals					18401.8208		
18403.2216	0.051199999998061685	RippleTimeIntervals					18403.228		
18403.548	0.0768000000025495	RippleTimeIntervals					18403.5896		
18404.052	0.04799999999886495	RippleTimeIntervals					18404.0648		
18404.6584	0.027999999998428393	RippleTimeIntervals					18404.6848		
18405.4216	0.04559999999764841	RippleTimeIntervals					18405.4408		
18411.896	0.03600000000005821	RippleTimeIntervals					18411.9288		
18412.008	0.05519999999887659	RippleTimeIntervals					18412.0392		
18414.8544	0.047200000000884756	RippleTimeIntervals					18414.8592		
18415.4352	0.031200000001263106	RippleTimeIntervals					18415.4488		
18415.5872	0.04079999999885331	RippleTimeIntervals					18415.6136		
18416.4784	0.0591999999996915	RippleTimeIntervals					18416.4816		
18419.0784	0.060800000002927845	RippleTimeIntervals					18419.1112		
18421.8296	0.08079999999972642	RippleTimeIntervals					18421.8872		
18422.6312	0.037599999999656575	RippleTimeIntervals					18422.6568		
18422.8776	0.042399999998451676	RippleTimeIntervals					18422.908		
18427.8528	0.05519999999887659	RippleTimeIntervals					18427.8632		
18428.724	0.06560000000172295	RippleTimeIntervals					18428.7648		
18432.4496	0.04799999999886495	RippleTimeIntervals					18432.4672		
18444.2104	0.044799999999668216	RippleTimeIntervals					18444.2376		
18449.0184	0.044799999999668216	RippleTimeIntervals					18449.0424		
18449.2304	0.05679999999847496	RippleTimeIntervals					18449.2664		
18454.9816	0.06400000000212458	RippleTimeIntervals					18455.0128		
18467.0216	0.06720000000132131	RippleTimeIntervals					18467.044		
18467.22	0.09360000000015134	RippleTimeIntervals					18467.2672		
18468.7032	0.03440000000045984	RippleTimeIntervals					18468.7208		
18469.9944	0.046399999999266583	RippleTimeIntervals					18470.0176		
18473.66	0.056000000000494765	RippleTimeIntervals					18473.68		
18476.1824	0.05199999999967986	RippleTimeIntervals					18476.2168		
18477.168	0.05760000000009313	RippleTimeIntervals					18477.1968		
18477.6168	0.03840000000127475	RippleTimeIntervals					18477.644		
18481.7016	0.035199999998440035	RippleTimeIntervals					18481.7056		
18482.228	0.06160000000090804	RippleTimeIntervals					18482.2616		
18483.9464	0.051199999998061685	RippleTimeIntervals					18483.9728		
18485.6096	0.07440000000133296	RippleTimeIntervals					18485.6552		
18499.1048	0.051199999998061685	RippleTimeIntervals					18499.1392		
18500.2104	0.04400000000168802	RippleTimeIntervals					18500.2168		
18503.4048	0.07920000000012806	RippleTimeIntervals					18503.4432		
18516.852	0.046399999999266583	RippleTimeIntervals					18516.8872		
18517.004	0.056000000000494765	RippleTimeIntervals					18517.044		
18517.9224	0.06400000000212458	RippleTimeIntervals					18517.9408		
18518.1168	0.0591999999996915	RippleTimeIntervals					18518.1448		
18523.7888	0.04560000000128639	RippleTimeIntervals					18523.8248		
18524.3408	0.046399999999266583	RippleTimeIntervals					18524.3576		
18524.96	0.06240000000252621	RippleTimeIntervals					18525.0016		
18525.2448	0.037599999999656575	RippleTimeIntervals					18525.2672		
18526.7544	0.046399999999266583	RippleTimeIntervals					18526.7912		
18527.0	0.05519999999887659	RippleTimeIntervals					18527.024		
18528.4568	0.06160000000090804	RippleTimeIntervals					18528.4864		
18531.02	0.03840000000127475	RippleTimeIntervals					18531.0248		
18541.5608	0.048800000000483124	RippleTimeIntervals					18541.5928		
18543.7344	0.04559999999764841	RippleTimeIntervals					18543.7648		
18543.9488	0.0496000000021013	RippleTimeIntervals					18543.98		
18544.7432	0.040000000000873115	RippleTimeIntervals					18544.7496		
18552.272	0.044799999999668216	RippleTimeIntervals					18552.3104		
18556.3496	0.04079999999885331	RippleTimeIntervals					18556.3832		
18558.4992	0.04560000000128639	RippleTimeIntervals					18558.5224		
18558.7376	0.05040000000008149	RippleTimeIntervals					18558.7728		
18564.7192	0.03600000000005821	RippleTimeIntervals					18564.7448		
18565.6832	0.0496000000021013	RippleTimeIntervals					18565.7096		
18566.3528	0.08320000000094296	RippleTimeIntervals					18566.4016		
18566.7792	0.0544000000008964	RippleTimeIntervals					18566.8128		
18567.7888	0.0496000000021013	RippleTimeIntervals					18567.8144		
18568.46	0.048800000000483124	RippleTimeIntervals					18568.4824		
18569.216	0.046399999999266583	RippleTimeIntervals					18569.2208		
18575.3696	0.04959999999846332	RippleTimeIntervals					18575.4096		
18579.7336	0.04320000000006985	RippleTimeIntervals					18579.7552		
18581.7512	0.058400000001711305	RippleTimeIntervals					18581.784		
18599.46	0.046399999999266583	RippleTimeIntervals					18599.488		
18601.3512	0.051199999998061685	RippleTimeIntervals					18601.3784		
18603.0168	0.05679999999847496	RippleTimeIntervals					18603.0528		
18605.3344	0.031200000001263106	RippleTimeIntervals					18605.3368		
18606.248	0.04799999999886495	RippleTimeIntervals					18606.2664		
18609.1632	0.06400000000212458	RippleTimeIntervals					18609.1872		
18626.92	0.047200000000884756	RippleTimeIntervals					18626.9472		
18628.6672	0.047200000000884756	RippleTimeIntervals					18628.6832		
18629.0384	0.07679999999891152	RippleTimeIntervals					18629.0968		
18629.2008	0.05199999999967986	RippleTimeIntervals					18629.2168		
18629.5248	0.04800000000250293	RippleTimeIntervals					18629.5528		
18629.8424	0.044799999999668216	RippleTimeIntervals					18629.852		
18635.544	0.05760000000009313	RippleTimeIntervals					18635.5728		
18635.9184	0.04160000000047148	RippleTimeIntervals					18635.9264		
18646.4128	0.06160000000090804	RippleTimeIntervals					18646.4552		
18646.5928	0.07040000000051805	RippleTimeIntervals					18646.6088		
18647.784	0.05760000000009313	RippleTimeIntervals					18647.7944		
18659.092	0.05040000000008149	RippleTimeIntervals					18659.116		
18659.9376	0.037599999999656575	RippleTimeIntervals					18659.9432		
18660.2504	0.0639999999984866	RippleTimeIntervals					18660.2792		
18672.6848	0.05199999999967986	RippleTimeIntervals					18672.708		
18678.2384	0.044800000003306195	RippleTimeIntervals					18678.2496		
18679.4064	0.03840000000127475	RippleTimeIntervals					18679.4112		
18680.1416	0.06240000000252621	RippleTimeIntervals					18680.1736		
18680.8976	0.04799999999886495	RippleTimeIntervals					18680.9264		
18684.5608	0.05040000000008149	RippleTimeIntervals					18684.5856		
18695.3208	0.05439999999725842	RippleTimeIntervals					18695.3552		
18695.5576	0.04799999999886495	RippleTimeIntervals					18695.5856		
18699.2744	0.06880000000091968	RippleTimeIntervals					18699.312		
18700.636	0.060800000002927845	RippleTimeIntervals					18700.6768		
18702.1376	0.03680000000167638	RippleTimeIntervals					18702.1592		
18703.0088	0.040000000000873115	RippleTimeIntervals					18703.0248		
18703.3104	0.035200000002078013	RippleTimeIntervals					18703.316		
18711.784	0.05680000000211294	RippleTimeIntervals					18711.8208		
18715.356	0.037599999999656575	RippleTimeIntervals					18715.3816		
18715.8672	0.059999999997671694	RippleTimeIntervals					18715.9104		
18716.7992	0.051199999998061685	RippleTimeIntervals					18716.8136		
18735.156	0.047200000000884756	RippleTimeIntervals					18735.18		
18744.2648	0.042399999998451676	RippleTimeIntervals					18744.296		
18745.612	0.04959999999846332	RippleTimeIntervals					18745.6408		
18767.4496	0.07119999999849824	RippleTimeIntervals					18767.4936		
18770.8056	0.05519999999887659	RippleTimeIntervals					18770.8376		
18773.1864	0.07520000000295113	RippleTimeIntervals					18773.2392		
18773.4936	0.05519999999887659	RippleTimeIntervals					18773.5104		
18777.5344	0.0591999999996915	RippleTimeIntervals					18777.5616		
18777.7	0.05040000000008149	RippleTimeIntervals					18777.724		
18779.4728	0.04400000000168802	RippleTimeIntervals					18779.4816		
18779.8888	0.0632000000005064	RippleTimeIntervals					18779.9264		
18780.7408	0.03919999999925494	RippleTimeIntervals					18780.7464		
18789.0232	0.05519999999887659	RippleTimeIntervals					18789.048		
18789.2576	0.07519999999931315	RippleTimeIntervals					18789.3048		
18790.4696	0.06959999999889988	RippleTimeIntervals					18790.5208		
18790.6296	0.044799999999668216	RippleTimeIntervals					18790.6488		
18796.7448	0.044799999999668216	RippleTimeIntervals					18796.76		
18801.3544	0.03359999999884167	RippleTimeIntervals					18801.3736		
18801.524	0.046399999999266583	RippleTimeIntervals					18801.5576		
18802.964	0.051200000001699664	RippleTimeIntervals					18802.9792		
18804.0224	0.048799999996845145	RippleTimeIntervals					18804.0464		
18804.3576	0.07120000000213622	RippleTimeIntervals					18804.384		
18804.7832	0.035199999998440035	RippleTimeIntervals					18804.7864		
18820.3072	0.042400000002089655	RippleTimeIntervals					18820.3352		
18820.7032	0.05040000000008149	RippleTimeIntervals					18820.724		
18842.4712	0.03600000000005821	RippleTimeIntervals					18842.4992		
18845.6232	0.05199999999967986	RippleTimeIntervals					18845.6488		
18847.3848	0.046399999999266583	RippleTimeIntervals					18847.416		
18847.748	0.09200000000055297	RippleTimeIntervals					18847.7992		
18847.9848	0.05680000000211294	RippleTimeIntervals					18848.0104		
18855.2968	0.03680000000167638	RippleTimeIntervals					18855.3072		
18862.1184	0.053599999999278225	RippleTimeIntervals					18862.144		
18862.4264	0.06720000000132131	RippleTimeIntervals					18862.4752		
18863.096	0.037599999999656575	RippleTimeIntervals					18863.1176		
18864.0336	0.03920000000289292	RippleTimeIntervals					18864.0552		
18865.4056	0.04800000000250293	RippleTimeIntervals					18865.4328		
18865.5864	0.047200000000884756	RippleTimeIntervals					18865.6088		
18872.3872	0.03919999999925494	RippleTimeIntervals					18872.412		
18879.5656	0.04320000000006985	RippleTimeIntervals					18879.5888		
18880.1432	0.051200000001699664	RippleTimeIntervals					18880.1776		
18885.7048	0.03919999999925494	RippleTimeIntervals					18885.732		
18886.4032	0.04959999999846332	RippleTimeIntervals					18886.4112		
18898.2352	0.07200000000011642	RippleTimeIntervals					18898.272		
18902.004	0.06880000000091968	RippleTimeIntervals					18902.0352		
18906.5376	0.04400000000168802	RippleTimeIntervals					18906.5672		
18915.1248	0.05439999999725842	RippleTimeIntervals					18915.1536		
18920.304	0.051200000001699664	RippleTimeIntervals					18920.3144		
18934.22	0.046399999999266583	RippleTimeIntervals					18934.252		
18935.5272	0.05519999999887659	RippleTimeIntervals					18935.5352		
18938.0	12.0	SleepStates							WAKEstate
18942.0896	0.046399999999266583	RippleTimeIntervals					18942.1192		
18951.0	60.0	SleepStates							NREMstate
18953.012	0.04400000000168802	RippleTimeIntervals					18953.0536		
18953.6912	0.05279999999766005	RippleTimeIntervals					18953.72		
18963.3456	0.04160000000047148	RippleTimeIntervals					18963.3752		
18963.4648	0.044799999999668216	RippleTimeIntervals					18963.4688		
18963.6736	0.05040000000008149	RippleTimeIntervals					18963.6832		
18964.0976	0.06799999999930151	RippleTimeIntervals					18964.1352		
18964.6696	0.03839999999763677	RippleTimeIntervals					18964.672		
18965.292	0.037599999999656575	RippleTimeIntervals					18965.312		
18973.552	0.048800000000483124	RippleTimeIntervals					18973.5784		
18976.3208	0.04719999999724678	RippleTimeIntervals					18976.3528		
18979.568	0.05520000000251457	RippleTimeIntervals					18979.6048		
18980.7952	0.04560000000128639	RippleTimeIntervals					18980.812		
18986.4112	0.06480000000010477	RippleTimeIntervals					18986.4576		
18998.6352	0.05760000000009313	RippleTimeIntervals					18998.6824		
18999.3528	0.07200000000011642	RippleTimeIntervals					18999.3888		
18999.9736	0.05679999999847496	RippleTimeIntervals					18999.9912		
19003.6224	0.03919999999925494	RippleTimeIntervals					19003.6512		
19004.6392	0.048799999996845145	RippleTimeIntervals					19004.6792		
19012.0	7.0	SleepStates							WAKEstate
19020.0	83.0	SleepStates							NREMstate
19032.8888	0.09839999999894644	RippleTimeIntervals					19032.9736		
19033.0616	0.04399999999805004	RippleTimeIntervals					19033.084		
19033.4848	0.05040000000008149	RippleTimeIntervals					19033.5184		
19037.2928	0.05680000000211294	RippleTimeIntervals					19037.3096		
19039.7136	0.056000000000494765	RippleTimeIntervals					19039.7344		
19043.344	0.04399999999805004	RippleTimeIntervals					19043.3456		
19043.7736	0.0544000000008964	RippleTimeIntervals					19043.7896		
19044.2864	0.05040000000008149	RippleTimeIntervals					19044.3216		
19044.428	0.047200000000884756	RippleTimeIntervals					19044.4432		
19046.5504	0.03680000000167638	RippleTimeIntervals					19046.552		
19052.7104	0.06480000000010477	RippleTimeIntervals					19052.7488		
19052.892	0.051200000001699664	RippleTimeIntervals					19052.92		
19053.0592	0.044799999999668216	RippleTimeIntervals					19053.0776		
19053.9312	0.04560000000128639	RippleTimeIntervals					19053.9328		
19054.0928	0.03280000000086147	RippleTimeIntervals					19054.1008		
19054.2536	0.03840000000127475	RippleTimeIntervals					19054.2624		
19054.396	0.04959999999846332	RippleTimeIntervals					19054.4248		
19057.7104	0.04959999999846332	RippleTimeIntervals					19057.7464		
19058.0376	0.04160000000047148	RippleTimeIntervals					19058.0688		
19058.2864	0.051199999998061685	RippleTimeIntervals					19058.3152		
19059.0896	0.04079999999885331	RippleTimeIntervals					19059.1136		
19084.5968	0.05040000000008149	RippleTimeIntervals					19084.6328		
19086.0296	0.06079999999928987	RippleTimeIntervals					19086.0544		
19087.2832	0.05519999999887659	RippleTimeIntervals					19087.3176		
19087.4384	0.042400000002089655	RippleTimeIntervals					19087.4592		
19087.6672	0.05679999999847496	RippleTimeIntervals					19087.6832		
19091.2024	0.0496000000021013	RippleTimeIntervals					19091.2456		
19092.144	0.04160000000047148	RippleTimeIntervals					19092.1656		
19093.7064	0.04400000000168802	RippleTimeIntervals					19093.7312		
19098.708	0.0496000000021013	RippleTimeIntervals					19098.7472		
19098.8072	0.06000000000130967	RippleTimeIntervals					19098.8504		
19099.9088	0.042399999998451676	RippleTimeIntervals					19099.9184		
19100.3664	0.03680000000167638	RippleTimeIntervals					19100.3672		
19104.0	9.0	SleepStates							WAKEstate
19113.2152	0.0496000000021013	RippleTimeIntervals					19113.2488		
19114.0	29.0	SleepStates							NREMstate
19119.6576	0.04320000000006985	RippleTimeIntervals					19119.668		
19119.7912	0.04799999999886495	RippleTimeIntervals					19119.8128		
19121.1216	0.06800000000293949	RippleTimeIntervals					19121.1744		
19126.624	0.044799999999668216	RippleTimeIntervals					19126.6608		
19127.9904	0.05680000000211294	RippleTimeIntervals					19128.0176		
19128.2912	0.05280000000129803	RippleTimeIntervals					19128.312		
19144.0	7.0	SleepStates							WAKEstate
19144.9776	0.048800000000483124	RippleTimeIntervals					19145.0016		
19145.208	0.056000000000494765	RippleTimeIntervals					19145.2312		
19152.0	93.0	SleepStates							NREMstate
19163.08	0.048799999996845145	RippleTimeIntervals					19163.1064		
19165.9056	0.04320000000006985	RippleTimeIntervals					19165.9312		
19167.8	0.06079999999928987	RippleTimeIntervals					19167.8304		
19167.9784	0.047200000000884756	RippleTimeIntervals					19168.0112		
19169.1128	0.0496000000021013	RippleTimeIntervals					19169.1328		
19169.9096	0.056000000000494765	RippleTimeIntervals					19169.944		
19170.7504	0.04399999999805004	RippleTimeIntervals					19170.772		
19176.372	0.05680000000211294	RippleTimeIntervals					19176.4048		
19190.94	0.04640000000290456	RippleTimeIntervals					19190.956		
19191.7656	0.04400000000168802	RippleTimeIntervals					19191.7992		
19192.0008	0.058399999998073326	RippleTimeIntervals					19192.0256		
19193.004	0.04160000000047148	RippleTimeIntervals					19193.0368		
19197.2664	0.08719999999811989	RippleTimeIntervals					19197.308		
19198.2904	0.053599999999278225	RippleTimeIntervals					19198.32		
19198.4224	0.0591999999996915	RippleTimeIntervals					19198.4648		
19202.504	0.044799999999668216	RippleTimeIntervals					19202.528		
19202.7992	0.0632000000005064	RippleTimeIntervals					19202.8208		
19203.5224	0.046399999999266583	RippleTimeIntervals					19203.548		
19206.204	0.044799999999668216	RippleTimeIntervals					19206.2288		
19208.4664	0.03440000000045984	RippleTimeIntervals					19208.4848		
19208.7616	0.04079999999885331	RippleTimeIntervals					19208.7648		
19212.9072	0.039999999997235136	RippleTimeIntervals					19212.9336		
19213.0376	0.03840000000127475	RippleTimeIntervals					19213.0752		
19216.9768	0.04799999999886495	RippleTimeIntervals					19217.0144		
19226.5656	0.0415999999968335	RippleTimeIntervals					19226.5944		
19226.6976	0.05040000000008149	RippleTimeIntervals					19226.7288		
19234.44	0.07120000000213622	RippleTimeIntervals					19234.48		
19234.9736	0.04959999999846332	RippleTimeIntervals					19235.0104		
19235.2328	0.03359999999884167	RippleTimeIntervals					19235.2376		
19238.7624	0.0544000000008964	RippleTimeIntervals					19238.8008		
19239.5296	0.059999999997671694	RippleTimeIntervals					19239.5704		
19246.0	31.0	SleepStates							WAKEstate
19278.0	113.0	SleepStates							NREMstate
19281.0992	0.04399999999805004	RippleTimeIntervals					19281.1064		
19282.4984	0.0911999999989348	RippleTimeIntervals					19282.5592		
19286.2608	0.04160000000047148	RippleTimeIntervals					19286.2856		
19286.6272	0.058400000001711305	RippleTimeIntervals					19286.668		
19291.06	0.0591999999996915	RippleTimeIntervals					19291.1		
19292.0272	0.05519999999887659	RippleTimeIntervals					19292.0496		
19292.3312	0.040000000000873115	RippleTimeIntervals					19292.3488		
19292.6064	0.04079999999885331	RippleTimeIntervals					19292.6304		
19294.1448	0.03680000000167638	RippleTimeIntervals					19294.1504		
19294.3	0.044799999999668216	RippleTimeIntervals					19294.3104		
19302.332	0.0496000000021013	RippleTimeIntervals					19302.364		
19302.636	0.06160000000090804	RippleTimeIntervals					19302.684		
19302.9464	0.04079999999885331	RippleTimeIntervals					19302.9672		
19304.5656	0.0647999999964668	RippleTimeIntervals					19304.62		
19312.2184	0.039999999997235136	RippleTimeIntervals					19312.2368		
19312.3968	0.05040000000008149	RippleTimeIntervals					19312.4264		
19317.2976	0.051199999998061685	RippleTimeIntervals					19317.3424		
19321.7296	0.05280000000129803	RippleTimeIntervals					19321.768		
19322.2624	0.0632000000005064	RippleTimeIntervals					19322.3		
19323.0568	0.05200000000331784	RippleTimeIntervals					19323.0736		
19323.5936	0.04160000000047148	RippleTimeIntervals					19323.6152		
19324.8232	0.04400000000168802	RippleTimeIntervals					19324.8576		
19325.1944	0.07279999999809661	RippleTimeIntervals					19325.2312		
19329.9648	0.04719999999724678	RippleTimeIntervals					19329.9984		
19330.1208	0.04399999999805004	RippleTimeIntervals					19330.1416		
19330.236	0.044799999999668216	RippleTimeIntervals					19330.248		
19338.2312	0.03280000000086147	RippleTimeIntervals					19338.2328		
19339.0888	0.04799999999886495	RippleTimeIntervals					19339.1224		
19339.2176	0.04320000000006985	RippleTimeIntervals					19339.2216		
19339.3904	0.062399999998888234	RippleTimeIntervals					19339.4112		
19345.176	0.08720000000175787	RippleTimeIntervals					19345.2216		
19351.9072	0.053599999999278225	RippleTimeIntervals					19351.936		
19359.5608	0.05280000000129803	RippleTimeIntervals					19359.5752		
19361.248	0.06400000000212458	RippleTimeIntervals					19361.2704		
19361.5376	0.051200000001699664	RippleTimeIntervals					19361.548		
19362.48	0.047200000000884756	RippleTimeIntervals					19362.488		
19371.232	0.05199999999967986	RippleTimeIntervals					19371.2464		
19371.596	0.05439999999725842	RippleTimeIntervals					19371.6168		
19379.384	0.05760000000009313	RippleTimeIntervals					19379.428		
19379.9176	0.06559999999808497	RippleTimeIntervals					19379.9552		
19388.3	0.06560000000172295	RippleTimeIntervals					19388.3392		
19392.0	20.0	SleepStates							WAKEstate
19413.0	7.0	SleepStates							NREMstate
19417.3696	0.062399999998888234	RippleTimeIntervals					19417.4112		
19421.0	11.0	SleepStates							WAKEstate
19430.6336	0.04399999999805004	RippleTimeIntervals					19430.6616		
19431.2816	0.04320000000006985	RippleTimeIntervals					19431.2888		
19431.4592	0.042399999998451676	RippleTimeIntervals					19431.4848		
19431.7088	0.04799999999886495	RippleTimeIntervals					19431.7352		
19432.1632	0.06079999999928987	RippleTimeIntervals					19432.2016		
19432.3544	0.0319999999992433	RippleTimeIntervals					19432.3648		
19433.0	15.0	SleepStates							NREMstate
19446.8616	0.0864000000001397	RippleTimeIntervals					19446.8832		
19449.0	9.0	SleepStates							WAKEstate
19459.0	128.0	SleepStates							NREMstate
19460.148	0.0591999999996915	RippleTimeIntervals					19460.1768		
19460.3096	0.048800000000483124	RippleTimeIntervals					19460.3248		
19467.3608	0.0544000000008964	RippleTimeIntervals					19467.3904		
19468.4296	0.06000000000130967	RippleTimeIntervals					19468.4512		
19468.6608	0.05439999999725842	RippleTimeIntervals					19468.676		
19476.6416	0.06400000000212458	RippleTimeIntervals					19476.6944		
19482.9104	0.05040000000008149	RippleTimeIntervals					19482.9416		
19483.0872	0.044799999999668216	RippleTimeIntervals					19483.112		
19488.944	0.04560000000128639	RippleTimeIntervals					19488.9488		
19496.0104	0.08959999999933643	RippleTimeIntervals					19496.0792		
19496.3472	0.046399999999266583	RippleTimeIntervals					19496.3784		
19497.1888	0.05199999999967986	RippleTimeIntervals					19497.2088		
19497.5112	0.062399999998888234	RippleTimeIntervals					19497.5168		
19498.9528	0.02479999999923166	RippleTimeIntervals					19498.9624		
19499.136	0.04320000000006985	RippleTimeIntervals					19499.1472		
19499.404	0.04160000000047148	RippleTimeIntervals					19499.4128		
19501.3088	0.048800000000483124	RippleTimeIntervals					19501.3272		
19501.4456	0.035200000002078013	RippleTimeIntervals					19501.4608		
19508.8408	0.06719999999768334	RippleTimeIntervals					19508.8728		
19510.7376	0.056000000000494765	RippleTimeIntervals					19510.764		
19511.9072	0.048799999996845145	RippleTimeIntervals					19511.9248		
19538.2968	0.058400000001711305	RippleTimeIntervals					19538.3232		
19538.5544	0.0544000000008964	RippleTimeIntervals					19538.5776		
19540.82	0.03680000000167638	RippleTimeIntervals					19540.8232		
19544.4712	0.0319999999992433	RippleTimeIntervals					19544.4968		
19554.3616	0.06160000000090804	RippleTimeIntervals					19554.396		
19561.4616	0.04400000000168802	RippleTimeIntervals					19561.48		
19563.3912	0.04400000000168802	RippleTimeIntervals					19563.412		
19564.1024	0.04799999999886495	RippleTimeIntervals					19564.1096		
19564.5424	0.048800000000483124	RippleTimeIntervals					19564.5568		
19564.6784	0.05279999999766005	RippleTimeIntervals					19564.716		
19570.5032	0.04080000000249129	RippleTimeIntervals					19570.5072		
19570.6312	0.035199999998440035	RippleTimeIntervals					19570.6544		
19588.0	13.0	SleepStates							WAKEstate
19594.4288	0.05279999999766005	RippleTimeIntervals					19594.4688		
19602.0	29.0	SleepStates							REMstate
19632.0	29.0	SleepStates							WAKEstate
19662.0	179.0	SleepStates							NREMstate
19672.0144	0.056000000000494765	RippleTimeIntervals					19672.0328		
19673.1504	0.03600000000005821	RippleTimeIntervals					19673.1576		
19692.0232	0.05760000000009313	RippleTimeIntervals					19692.0552		
19692.6496	0.04559999999764841	RippleTimeIntervals					19692.6584		
19693.164	0.0319999999992433	RippleTimeIntervals					19693.184		
19694.0784	0.058400000001711305	RippleTimeIntervals					19694.0976		
19705.6312	0.04160000000047148	RippleTimeIntervals					19705.6664		
19710.1488	0.05280000000129803	RippleTimeIntervals					19710.1656		
19710.7304	0.047200000000884756	RippleTimeIntervals					19710.7408		
19711.088	0.04079999999885331	RippleTimeIntervals					19711.0976		
19741.3696	0.05199999999967986	RippleTimeIntervals					19741.4032		
19741.7632	0.042399999998451676	RippleTimeIntervals					19741.7704		
19742.0392	0.05040000000008149	RippleTimeIntervals					19742.0576		
19743.0072	0.05519999999887659	RippleTimeIntervals					19743.0264		
19743.7912	0.03680000000167638	RippleTimeIntervals					19743.8184		
19744.8696	0.04959999999846332	RippleTimeIntervals					19744.8824		
19745.9376	0.06159999999727006	RippleTimeIntervals					19745.9736		
19748.9904	0.03280000000086147	RippleTimeIntervals					19749.0048		
19754.9888	0.03680000000167638	RippleTimeIntervals					19755.0168		
19755.8616	0.03919999999925494	RippleTimeIntervals					19755.8896		
19758.3296	0.05199999999967986	RippleTimeIntervals					19758.3488		
19762.0824	0.033600000002479646	RippleTimeIntervals					19762.084		
19766.8544	0.0272000000004482	RippleTimeIntervals					19766.868		
19768.1728	0.05040000000008149	RippleTimeIntervals					19768.2128		
19770.9208	0.058400000001711305	RippleTimeIntervals					19770.9536		
19772.6736	0.053600000002916204	RippleTimeIntervals					19772.7064		
19773.9344	0.07280000000173459	RippleTimeIntervals					19773.9928		
19780.9936	0.06719999999768334	RippleTimeIntervals					19781.0432		
19781.3464	0.04320000000006985	RippleTimeIntervals					19781.36		
19781.6288	0.0496000000021013	RippleTimeIntervals					19781.6576		
19782.3832	0.058399999998073326	RippleTimeIntervals					19782.4048		
19782.9464	0.0319999999992433	RippleTimeIntervals					19782.964		
19788.656	0.058400000001711305	RippleTimeIntervals					19788.6696		
19791.0784	0.06560000000172295	RippleTimeIntervals					19791.1192		
19805.1216	0.042400000002089655	RippleTimeIntervals					19805.1256		
19806.5976	0.048800000000483124	RippleTimeIntervals					19806.6184		
19807.0912	0.046399999999266583	RippleTimeIntervals					19807.1216		
19807.3048	0.07439999999769498	RippleTimeIntervals					19807.3424		
19819.5464	0.048800000000483124	RippleTimeIntervals					19819.5816		
19822.8848	0.04320000000006985	RippleTimeIntervals					19822.9		
19824.2456	0.0544000000008964	RippleTimeIntervals					19824.2624		
19825.5312	0.04399999999805004	RippleTimeIntervals					19825.5448		
19826.4728	0.05280000000129803	RippleTimeIntervals					19826.492		
19838.168	0.042399999998451676	RippleTimeIntervals					19838.1952		
19842.0	192.0	SleepStates							WAKEstate
19844.864	4013.1199666666653	epochs	CNOMaze	uLED random stim	fCamk3_201111_134047	Linear maze			
19877.6072	0.048800000000483124	RippleTimeIntervals					19877.6392		
19903.488	0.10800000000017462	RippleTimeIntervals					19903.4904		
19904.7976	0.118399999999383	RippleTimeIntervals					19904.9008		
19905.456	0.026400000002468005	RippleTimeIntervals					19905.46		
19951.9712	0.06160000000090804	RippleTimeIntervals					19952.0112		
19987.8712	0.06719999999768334	RippleTimeIntervals					19987.9168		
19990.8288	0.05519999999887659	RippleTimeIntervals					19990.8584		
20026.1328	0.0591999999996915	RippleTimeIntervals					20026.1656		
20030.2304	0.046399999999266583	RippleTimeIntervals					20030.2472		
20035.0	8.0	SleepStates							NREMstate
20038.3408	0.05679999999847496	RippleTimeIntervals					20038.3688		
20038.896	0.05679999999847496	RippleTimeIntervals					20038.9064		
20043.2208	0.13440000000264263	UpDownStatesTimeIntervals						UP	
20044.0	198.0	SleepStates							WAKEstate
20060.9976	0.10160000000178115	RippleTimeIntervals					20061.0848		
20083.5576	0.06880000000091968	RippleTimeIntervals					20083.5632		
20085.6824	0.091999999996915	RippleTimeIntervals					20085.6944		
20117.452	0.04320000000006985	RippleTimeIntervals					20117.4544		
20139.2368	0.042400000002089655	RippleTimeIntervals					20139.252		
20240.9456	0.04800000000250293	RippleTimeIntervals					20240.9592		
20243.0	11.0	SleepStates							NREMstate
20255.0	668.0	SleepStates							WAKEstate
20311.9872	0.047200000000884756	RippleTimeIntervals					20312.0216		
20336.9296	0.0632000000005064	RippleTimeIntervals					20336.9648		
20432.4264	0.0639999999984866	RippleTimeIntervals					20432.4808		
20566.8784	0.03919999999925494	RippleTimeIntervals					20566.9056		
20585.8976	0.040000000000873115	RippleTimeIntervals					20585.9272		
20768.748	0.07519999999931315	RippleTimeIntervals					20768.8048		
20772.5112	0.0319999999992433	RippleTimeIntervals					20772.5296		
20842.96	0.051200000001699664	RippleTimeIntervals					20842.9944		
20923.684	0.13279999999940628	RippleTimeIntervals					20923.7032		
20924.0	15.0	SleepStates							NREMstate
20924.0152	0.20319999999992433	RippleTimeIntervals					20924.0192		
20931.708	0.056000000000494765	RippleTimeIntervals					20931.7184		
20940.0	219.0	SleepStates							WAKEstate
21099.5192	0.06000000000130967	RippleTimeIntervals					21099.564		
21136.6544	0.04400000000168802	RippleTimeIntervals					21136.6832		
21148.3688	0.05280000000129803	RippleTimeIntervals					21148.3856		
21148.9296	0.0904000000009546	RippleTimeIntervals					21148.9928		
21160.0	17.0	SleepStates							NREMstate
21162.4656	0.16640000000188593	UpDownStatesTimeIntervals						UP	
21163.8272	0.14719999999942956	UpDownStatesTimeIntervals						UP	
21163.8592	0.06400000000212458	RippleTimeIntervals					21163.8952		
21166.268	0.15279999999984284	UpDownStatesTimeIntervals						UP	
21166.8248	0.15279999999984284	UpDownStatesTimeIntervals						UP	
21166.8632	0.05679999999847496	RippleTimeIntervals					21166.9048		
21167.8376	0.1768000000010943	UpDownStatesTimeIntervals						UP	
21169.0824	0.136000000002241	UpDownStatesTimeIntervals						UP	
21169.128	0.04799999999886495	RippleTimeIntervals					21169.148		
21169.3168	0.05199999999967986	RippleTimeIntervals					21169.3368		
21169.4176	0.28479999999763095	UpDownStatesTimeIntervals						DOWN	
21169.7024	0.12080000000059954	UpDownStatesTimeIntervals						UP	
21169.7352	0.046399999999266583	RippleTimeIntervals					21169.7632		
21171.632	0.15120000000024447	UpDownStatesTimeIntervals						UP	
21172.012	0.05199999999967986	RippleTimeIntervals					21172.0376		
21178.0	125.0	SleepStates							WAKEstate
21180.2376	0.06720000000132131	RippleTimeIntervals					21180.296		
21180.4616	0.04640000000290456	RippleTimeIntervals					21180.4728		
21185.7208	0.07440000000133296	RippleTimeIntervals					21185.7832		
21193.8544	0.06720000000132131	RippleTimeIntervals					21193.8888		
21279.4824	0.06799999999930151	RippleTimeIntervals					21279.5192		
21304.0	15.0	SleepStates							NREMstate
21320.0	850.0	SleepStates							WAKEstate
21477.748	0.035200000002078013	RippleTimeIntervals					21477.7504		
21514.9408	0.02479999999923166	RippleTimeIntervals					21514.964		
21526.7072	0.12879999999859137	RippleTimeIntervals					21526.7176		
22150.312	0.035199999998440035	RippleTimeIntervals					22150.3448		
22156.016	0.047200000000884756	RippleTimeIntervals					22156.036		
22171.0	41.0	SleepStates							NREMstate
22171.6208	0.12080000000059954	UpDownStatesTimeIntervals						UP	
22172.2512	0.0591999999996915	UpDownStatesTimeIntervals						DOWN	
22173.0008	0.1591999999982363	UpDownStatesTimeIntervals						UP	
22173.8144	0.1815999999998894	UpDownStatesTimeIntervals						UP	
22176.4744	0.2135999999991327	UpDownStatesTimeIntervals						UP	
22177.3104	0.307200000002922	UpDownStatesTimeIntervals						UP	
22177.7976	0.051199999998061685	UpDownStatesTimeIntervals						DOWN	
22177.8488	0.13920000000143773	UpDownStatesTimeIntervals						UP	
22179.152	0.15520000000105938	UpDownStatesTimeIntervals						UP	
22179.3392	0.6400000000030559	UpDownStatesTimeIntervals						DOWN	
22180.4736	0.1687999999994645	UpDownStatesTimeIntervals						UP	
22181.3744	0.14800000000104774	UpDownStatesTimeIntervals						UP	
22181.7984	0.040000000000873115	RippleTimeIntervals					22181.828		
22182.2528	0.12000000000261934	UpDownStatesTimeIntervals						UP	
22182.9144	0.13359999999738648	UpDownStatesTimeIntervals						UP	
22183.5696	0.020000000000436557	UpDownStatesTimeIntervals						DOWN	
22184.1392	0.21199999999953434	UpDownStatesTimeIntervals						UP	
22184.5288	0.1640000000006694	UpDownStatesTimeIntervals						DOWN	
22185.6984	0.04959999999846332	UpDownStatesTimeIntervals						DOWN	
22185.748	0.1264000000010128	UpDownStatesTimeIntervals						UP	
22186.492	0.16480000000228756	UpDownStatesTimeIntervals						UP	
22187.1208	0.272000000000844	UpDownStatesTimeIntervals						UP	
22187.204	0.10879999999815482	RippleTimeIntervals					22187.2224		
22190.2712	0.1136000000005879	UpDownStatesTimeIntervals						UP	
22191.1712	0.14879999999902793	UpDownStatesTimeIntervals						DOWN	
22191.32	0.15759999999863794	UpDownStatesTimeIntervals						UP	
22191.8968	0.24160000000119908	UpDownStatesTimeIntervals						UP	
22198.1808	0.10320000000137952	UpDownStatesTimeIntervals						UP	
22199.5816	0.21279999999751453	UpDownStatesTimeIntervals						UP	
22200.3568	0.16159999999945285	UpDownStatesTimeIntervals						UP	
22200.528	0.21200000000317232	UpDownStatesTimeIntervals						DOWN	
22201.4816	0.21440000000075088	UpDownStatesTimeIntervals						UP	
22202.3304	0.18000000000029104	UpDownStatesTimeIntervals						UP	
22203.1944	0.15120000000024447	UpDownStatesTimeIntervals						UP	
22204.424	0.118399999999383	UpDownStatesTimeIntervals						UP	
22207.3184	0.29439999999885913	UpDownStatesTimeIntervals						UP	
22210.82	0.16960000000108266	UpDownStatesTimeIntervals						UP	
22211.4216	0.11279999999896972	UpDownStatesTimeIntervals						UP	
22212.2504	0.11759999999776483	UpDownStatesTimeIntervals						UP	
22213.0	232.0	SleepStates							WAKEstate
22405.916	0.059999999997671694	RippleTimeIntervals					22405.9456		
22446.0	8.0	SleepStates							NREMstate
22447.3912	0.051200000001699664	RippleTimeIntervals					22447.4176		
22450.8328	0.04959999999846332	RippleTimeIntervals					22450.8528		
22451.0488	0.16079999999783468	UpDownStatesTimeIntervals						UP	
22451.0832	0.04799999999886495	RippleTimeIntervals					22451.1136		
22451.7456	0.14240000000063446	UpDownStatesTimeIntervals						UP	
22451.7768	0.08239999999932479	RippleTimeIntervals					22451.8272		
22451.9112	0.060800000002927845	UpDownStatesTimeIntervals						DOWN	
22452.608	0.025600000000849832	UpDownStatesTimeIntervals						DOWN	
22452.6336	0.1584000000002561	UpDownStatesTimeIntervals						UP	
22453.4528	0.14240000000063446	UpDownStatesTimeIntervals						UP	
22453.4832	0.0768000000025495	RippleTimeIntervals					22453.5256		
22453.8568	0.04079999999885331	RippleTimeIntervals					22453.8808		
22455.0	64.0	SleepStates							WAKEstate
22519.8776	0.03359999999884167	RippleTimeIntervals					22519.8952		
22520.0	61.0	SleepStates							NREMstate
22520.5472	0.15599999999903957	UpDownStatesTimeIntervals						UP	
22521.0936	0.13920000000143773	UpDownStatesTimeIntervals						UP	
22523.9816	0.15200000000186265	UpDownStatesTimeIntervals						UP	
22524.088	0.15520000000105938	RippleTimeIntervals					22524.0904		
22525.2872	0.14640000000144937	UpDownStatesTimeIntervals						UP	
22525.4728	0.06400000000212458	RippleTimeIntervals					22525.4936		
22525.5856	0.05760000000009313	RippleTimeIntervals					22525.5976		
22526.2776	0.16239999999743304	UpDownStatesTimeIntervals						UP	
22526.5744	0.044799999999668216	RippleTimeIntervals					22526.6032		
22526.6744	0.07760000000052969	UpDownStatesTimeIntervals						DOWN	
22526.752	0.1368000000002212	UpDownStatesTimeIntervals						UP	
22527.8496	0.08319999999730499	RippleTimeIntervals					22527.8856		
22529.0808	0.14879999999902793	UpDownStatesTimeIntervals						UP	
22530.0544	0.26719999999841093	UpDownStatesTimeIntervals						UP	
22530.7984	0.2536000000000058	UpDownStatesTimeIntervals						UP	
22532.6672	0.1543999999994412	UpDownStatesTimeIntervals						UP	
22533.544	0.17439999999987776	UpDownStatesTimeIntervals						UP	
22534.8896	0.12960000000020955	UpDownStatesTimeIntervals						UP	
22541.6272	0.153600000001461	UpDownStatesTimeIntervals						UP	
22541.6784	0.04799999999886495	RippleTimeIntervals					22541.7088		
22545.2616	0.1871999999966647	UpDownStatesTimeIntervals						UP	
22546.1448	0.144800000001851	UpDownStatesTimeIntervals						UP	
22546.392	0.11600000000180444	RippleTimeIntervals					22546.4376		
22548.2144	0.28399999999965075	UpDownStatesTimeIntervals						UP	
22551.4352	0.07359999999971478	UpDownStatesTimeIntervals						DOWN	
22551.9696	0.11200000000098953	UpDownStatesTimeIntervals						DOWN	
22552.0816	0.2088000000003376	UpDownStatesTimeIntervals						UP	
22555.0976	0.028800000000046566	RippleTimeIntervals					22555.1112		
22555.3912	0.6920000000027358	UpDownStatesTimeIntervals						UP	
22556.0832	0.18000000000029104	UpDownStatesTimeIntervals						UP	
22556.2208	0.04160000000047148	RippleTimeIntervals					22556.2256		
22556.62	0.22639999999955762	UpDownStatesTimeIntervals						DOWN	
22556.9712	0.16240000000107102	UpDownStatesTimeIntervals						UP	
22558.1464	0.11279999999896972	RippleTimeIntervals					22558.2272		
22558.2992	0.15759999999863794	UpDownStatesTimeIntervals						UP	
22559.1616	0.36560000000099535	UpDownStatesTimeIntervals						DOWN	
22559.7368	0.3624000000017986	UpDownStatesTimeIntervals						UP	
22564.4616	0.15440000000307919	UpDownStatesTimeIntervals						UP	
22565.2152	0.14720000000306754	UpDownStatesTimeIntervals						UP	
22565.5	0.07679999999891152	UpDownStatesTimeIntervals						DOWN	
22567.9384	0.12960000000020955	UpDownStatesTimeIntervals						UP	
22568.392	0.03280000000086147	RippleTimeIntervals					22568.42		
22568.4856	0.18319999999948777	UpDownStatesTimeIntervals						DOWN	
22569.3872	0.1640000000006694	UpDownStatesTimeIntervals						UP	
22570.3304	0.31120000000009895	UpDownStatesTimeIntervals						DOWN	
22570.6416	0.2360000000007858	UpDownStatesTimeIntervals						UP	
22571.9024	0.39760000000023865	UpDownStatesTimeIntervals						UP	
22572.8056	0.20960000000195578	UpDownStatesTimeIntervals						UP	
22574.4808	0.2183999999979278	UpDownStatesTimeIntervals						UP	
22575.7064	0.1584000000002561	UpDownStatesTimeIntervals						UP	
22576.3408	0.21119999999791617	UpDownStatesTimeIntervals						UP	
22577.9216	0.14799999999740976	UpDownStatesTimeIntervals						UP	
22580.5008	0.021600000000034925	UpDownStatesTimeIntervals						DOWN	
22580.5224	0.22479999999995925	UpDownStatesTimeIntervals						UP	
22581.292	0.12159999999857973	UpDownStatesTimeIntervals						UP	
22582.0	467.0	SleepStates							WAKEstate
22617.2104	0.06639999999970314	RippleTimeIntervals					22617.24		
22685.9864	0.13599999999860302	RippleTimeIntervals					22686.0112		
22865.4712	0.08559999999852153	RippleTimeIntervals					22865.5008		
22942.4008	0.0544000000008964	RippleTimeIntervals					22942.4384		
23040.2648	0.10319999999774154	RippleTimeIntervals					23040.2896		
23049.6248	0.1415999999990163	UpDownStatesTimeIntervals						UP	
23050.0	39.0	SleepStates							NREMstate
23052.0024	0.13999999999941792	UpDownStatesTimeIntervals						UP	
23052.3264	0.08719999999811989	RippleTimeIntervals					23052.4088		
23052.6112	0.12160000000221771	UpDownStatesTimeIntervals						UP	
23053.0568	0.12399999999979627	UpDownStatesTimeIntervals						DOWN	
23054.1688	0.13360000000102445	UpDownStatesTimeIntervals						UP	
23054.2152	0.040000000000873115	RippleTimeIntervals					23054.2376		
23055.8968	0.15040000000226428	UpDownStatesTimeIntervals						UP	
23056.6368	0.13520000000062282	UpDownStatesTimeIntervals						UP	
23057.3672	0.1368000000002212	UpDownStatesTimeIntervals						UP	
23058.1976	0.27520000000004075	UpDownStatesTimeIntervals						UP	
23059.6496	0.12159999999857973	UpDownStatesTimeIntervals						UP	
23060.768	0.13439999999900465	UpDownStatesTimeIntervals						UP	
23061.7664	0.13839999999981956	UpDownStatesTimeIntervals						UP	
23061.8008	0.04320000000006985	RippleTimeIntervals					23061.832		
23062.336	0.058400000001711305	UpDownStatesTimeIntervals						DOWN	
23062.5584	0.15839999999661813	UpDownStatesTimeIntervals						UP	
23063.0656	0.14239999999699648	UpDownStatesTimeIntervals						UP	
23065.872	0.1408000000010361	UpDownStatesTimeIntervals						UP	
23066.9072	0.2327999999979511	UpDownStatesTimeIntervals						DOWN	
23067.14	0.2135999999991327	UpDownStatesTimeIntervals						UP	
23075.38	0.13759999999820138	UpDownStatesTimeIntervals						UP	
23076.9904	0.390400000000227	UpDownStatesTimeIntervals						DOWN	
23077.3808	0.26959999999962747	UpDownStatesTimeIntervals						UP	
23078.9696	0.47039999999833526	UpDownStatesTimeIntervals						DOWN	
23079.44	0.21840000000156579	UpDownStatesTimeIntervals						UP	
23080.4928	0.11520000000018626	UpDownStatesTimeIntervals						DOWN	
23080.608	0.19759999999951106	UpDownStatesTimeIntervals						UP	
23082.3776	0.17919999999867287	UpDownStatesTimeIntervals						UP	
23082.452	0.04959999999846332	RippleTimeIntervals					23082.4688		
23083.9472	0.25120000000242726	UpDownStatesTimeIntervals						UP	
23085.0136	0.13360000000102445	UpDownStatesTimeIntervals						UP	
23086.8232	0.17760000000271248	UpDownStatesTimeIntervals						UP	
23087.0528	0.051199999998061685	UpDownStatesTimeIntervals						DOWN	
23090.0	1874.0	SleepStates							WAKEstate
23103.5096	0.044799999999668216	RippleTimeIntervals					23103.5264		
23118.0704	0.09439999999813153	RippleTimeIntervals					23118.1368		
23615.876	0.047200000000884756	RippleTimeIntervals					23615.9064		
23632.228	0.06639999999970314	RippleTimeIntervals					23632.2464		
23632.572	0.08399999999892316	RippleTimeIntervals					23632.584		
23799.6208	0.10640000000057626	RippleTimeIntervals					23799.6392		
23801.088	0.09200000000055297	RippleTimeIntervals					23801.108		
23857.984	1915.3919666666661	epochs	CNOPostStim	uLED random stim	fCamk3_201111_144804	Home cage			
23872.9272	0.11120000000300934	RippleTimeIntervals					23872.9328		
23875.9008	0.09519999999974971	RippleTimeIntervals					23875.9656		
23876.3576	0.17439999999987776	RippleTimeIntervals					23876.3704		
23884.4208	0.042399999998451676	RippleTimeIntervals					23884.4496		
23889.3152	0.14799999999740976	RippleTimeIntervals					23889.44		
23926.9472	0.05199999999967986	RippleTimeIntervals					23926.976		
23931.3008	0.04799999999886495	RippleTimeIntervals					23931.3304		
23932.0352	0.048800000000483124	RippleTimeIntervals					23932.0632		
23934.6208	0.0864000000001397	RippleTimeIntervals					23934.6752		
23939.8088	0.06000000000130967	RippleTimeIntervals					23939.836		
23948.152	0.06160000000090804	RippleTimeIntervals					23948.2072		
23980.5208	0.0544000000008964	RippleTimeIntervals					23980.5336		
23985.2056	0.048800000000483124	RippleTimeIntervals					23985.2176		
23995.5296	0.0415999999968335	RippleTimeIntervals					23995.5312		
24001.8872	0.044799999999668216	RippleTimeIntervals					24001.9184		
24007.5928	0.044799999999668216	RippleTimeIntervals					24007.6032		
24020.8064	0.04959999999846332	RippleTimeIntervals					24020.8368		
24025.0832	0.03919999999925494	RippleTimeIntervals					24025.1168		
24025.6344	0.06400000000212458	RippleTimeIntervals					24025.664		
24027.74	0.04799999999886495	RippleTimeIntervals					24027.7624		
24060.9624	0.05519999999887659	RippleTimeIntervals					24061.004		
24103.7896	0.031200000001263106	RippleTimeIntervals					24103.8024		
24110.7744	0.047200000000884756	RippleTimeIntervals					24110.788		
24112.9504	0.04719999999724678	RippleTimeIntervals					24112.9808		
24114.3984	0.051200000001699664	RippleTimeIntervals					24114.4088		
24115.6448	0.08000000000174623	RippleTimeIntervals					24115.7048		
24124.0544	0.05279999999766005	RippleTimeIntervals					24124.0808		
24125.7	0.05040000000008149	RippleTimeIntervals					24125.7256		
24133.3656	0.05279999999766005	RippleTimeIntervals					24133.4032		
24140.5944	0.06079999999928987	RippleTimeIntervals					24140.6112		
24140.9344	0.05040000000008149	RippleTimeIntervals					24140.9576		
24155.6408	0.04959999999846332	RippleTimeIntervals					24155.6624		
24160.704	0.05199999999967986	RippleTimeIntervals					24160.724		
24186.2152	0.05040000000008149	RippleTimeIntervals					24186.248		
24189.016	0.08399999999892316	RippleTimeIntervals					24189.0696		
24210.0984	0.1368000000002212	RippleTimeIntervals					24210.1768		
24218.4992	0.05040000000008149	RippleTimeIntervals					24218.516		
24219.8224	0.07760000000052969	RippleTimeIntervals					24219.8424		
24222.3504	0.044799999999668216	RippleTimeIntervals					24222.3672		
24223.78	0.05040000000008149	RippleTimeIntervals					24223.7928		
24225.612	0.05760000000009313	RippleTimeIntervals					24225.6408		
24238.9648	0.02959999999802676	RippleTimeIntervals					24238.9776		
24255.3688	0.07119999999849824	RippleTimeIntervals					24255.424		
24255.6296	0.08399999999892316	RippleTimeIntervals					24255.6808		
24260.0736	0.0639999999984866	RippleTimeIntervals					24260.1208		
24262.3536	0.0544000000008964	RippleTimeIntervals					24262.3904		
24264.8432	0.044799999999668216	RippleTimeIntervals					24264.8752		
24274.6648	0.06400000000212458	RippleTimeIntervals					24274.7072		
24277.6776	0.040000000000873115	RippleTimeIntervals					24277.6856		
24278.2024	0.047200000000884756	RippleTimeIntervals					24278.2248		
24279.3136	0.04399999999805004	RippleTimeIntervals					24279.3352		
24299.0632	0.0544000000008964	RippleTimeIntervals					24299.0904		
24306.9256	0.06800000000293949	RippleTimeIntervals					24306.9928		
24318.9928	0.042399999998451676	RippleTimeIntervals					24319.0248		
24321.9536	0.07839999999850988	RippleTimeIntervals					24322.0096		
24331.8152	0.07920000000012806	RippleTimeIntervals					24331.8472		
24339.2448	0.05199999999967986	RippleTimeIntervals					24339.2816		
24342.8864	0.046399999999266583	RippleTimeIntervals					24342.9152		
24343.052	0.04560000000128639	RippleTimeIntervals					24343.064		
24346.108	0.046399999999266583	RippleTimeIntervals					24346.1384		
24347.2216	0.037599999999656575	RippleTimeIntervals					24347.2376		
24351.1408	0.03839999999763677	RippleTimeIntervals					24351.1664		
24355.0632	0.056000000000494765	RippleTimeIntervals					24355.0784		
24355.464	0.06720000000132131	RippleTimeIntervals					24355.5096		
24358.5176	0.07519999999931315	RippleTimeIntervals					24358.5816		
24359.168	0.06159999999727006	RippleTimeIntervals					24359.1992		
24364.2888	0.040000000000873115	RippleTimeIntervals					24364.2992		
24365.0464	0.042400000002089655	RippleTimeIntervals					24365.0512		
24365.5024	0.032799999997223495	RippleTimeIntervals					24365.5032		
24365.9152	0.04160000000047148	RippleTimeIntervals					24365.9264		
24366.9832	0.042400000002089655	RippleTimeIntervals					24366.9952		
24373.1056	0.056000000000494765	RippleTimeIntervals					24373.1216		
24377.176	0.05680000000211294	RippleTimeIntervals					24377.2184		
24379.1648	0.03440000000045984	RippleTimeIntervals					24379.1856		
24382.6696	0.056000000000494765	RippleTimeIntervals					24382.6888		
24385.504	0.05679999999847496	RippleTimeIntervals					24385.5496		
24399.8992	0.06799999999930151	RippleTimeIntervals					24399.9568		
24400.6296	0.044799999999668216	RippleTimeIntervals					24400.6408		
24403.9744	0.040000000000873115	RippleTimeIntervals					24403.984		
24416.4688	0.05040000000008149	RippleTimeIntervals					24416.4944		
24424.128	0.07279999999809661	RippleTimeIntervals					24424.152		
24429.036	0.0544000000008964	RippleTimeIntervals					24429.0656		
24429.5712	0.053600000002916204	RippleTimeIntervals					24429.6152		
24439.0248	0.0632000000005064	RippleTimeIntervals					24439.0704		
24447.9496	0.08880000000135624	RippleTimeIntervals					24448.0112		
24455.5408	0.04160000000047148	RippleTimeIntervals					24455.5664		
24459.352	0.0544000000008964	RippleTimeIntervals					24459.376		
24465.3088	0.08480000000054133	RippleTimeIntervals					24465.3672		
24469.8536	0.07280000000173459	RippleTimeIntervals					24469.8976		
24505.816	0.1264000000010128	RippleTimeIntervals					24505.8928		
24528.2576	0.05760000000009313	RippleTimeIntervals					24528.296		
24534.4736	0.05040000000008149	RippleTimeIntervals					24534.4912		
24539.0712	0.040000000000873115	RippleTimeIntervals					24539.0728		
24546.6608	0.039999999997235136	RippleTimeIntervals					24546.6848		
24550.4584	0.058400000001711305	RippleTimeIntervals					24550.4872		
24579.5312	0.048800000000483124	RippleTimeIntervals					24579.5648		
24590.0104	0.03680000000167638	RippleTimeIntervals					24590.0288		
24590.6856	0.07040000000051805	RippleTimeIntervals					24590.7416		
24594.7864	0.02959999999802676	RippleTimeIntervals					24594.8016		
24610.0352	0.06400000000212458	RippleTimeIntervals					24610.0616		
24631.9552	0.04399999999805004	RippleTimeIntervals					24631.972		
24632.2872	0.053600000002916204	RippleTimeIntervals					24632.2888		
24658.8512	0.03359999999884167	RippleTimeIntervals					24658.8736		
24664.9328	0.040000000000873115	RippleTimeIntervals					24664.9568		
24689.5776	0.04799999999886495	RippleTimeIntervals					24689.6104		
24754.1224	0.03919999999925494	RippleTimeIntervals					24754.1496		
24771.0576	0.07359999999971478	RippleTimeIntervals					24771.0832		
24774.3568	0.044799999999668216	RippleTimeIntervals					24774.38		
24794.56	0.04799999999886495	RippleTimeIntervals					24794.5872		
24806.7784	0.06720000000132131	RippleTimeIntervals					24806.812		
24809.2528	0.06800000000293949	RippleTimeIntervals					24809.3048		
24809.4256	0.044799999999668216	RippleTimeIntervals					24809.4384		
24844.4064	0.05519999999887659	RippleTimeIntervals					24844.4408		
24845.3744	0.04160000000047148	RippleTimeIntervals					24845.4016		
24847.0664	0.04799999999886495	RippleTimeIntervals					24847.0952		
24851.1504	0.048800000000483124	RippleTimeIntervals					24851.1872		
24854.3544	0.03919999999925494	RippleTimeIntervals					24854.3552		
24882.2376	0.048800000000483124	RippleTimeIntervals					24882.2704		
24883.6752	0.06559999999808497	RippleTimeIntervals					24883.7064		
24883.8768	0.040000000000873115	RippleTimeIntervals					24883.8792		
24891.1488	0.06240000000252621	RippleTimeIntervals					24891.1864		
24892.1	0.048800000000483124	RippleTimeIntervals					24892.1096		
24893.7816	0.03680000000167638	RippleTimeIntervals					24893.812		
24894.0136	0.04800000000250293	RippleTimeIntervals					24894.0256		
24894.304	0.056000000000494765	RippleTimeIntervals					24894.3208		
24897.8472	0.0272000000004482	RippleTimeIntervals					24897.8736		
24900.1232	0.05199999999967986	RippleTimeIntervals					24900.1328		
24904.12	0.04800000000250293	RippleTimeIntervals					24904.1392		
24906.304	0.048800000000483124	RippleTimeIntervals					24906.312		
24907.7528	0.06400000000212458	RippleTimeIntervals					24907.78		
24908.5456	0.05040000000008149	RippleTimeIntervals					24908.584		
24910.0664	0.0632000000005064	RippleTimeIntervals					24910.1184		
24910.2256	0.037599999999656575	RippleTimeIntervals					24910.2272		
24947.9704	0.04320000000006985	RippleTimeIntervals					24947.9728		
24949.1312	0.03600000000005821	RippleTimeIntervals					24949.1616		
24949.2392	0.04160000000047148	RippleTimeIntervals					24949.2552		
24950.6088	0.03359999999884167	RippleTimeIntervals					24950.632		
24950.8008	0.048800000000483124	RippleTimeIntervals					24950.8256		
24952.18	0.047200000000884756	RippleTimeIntervals					24952.2032		
24953.1808	0.06640000000334112	RippleTimeIntervals					24953.2152		
24954.9296	0.048800000000483124	RippleTimeIntervals					24954.9576		
24965.0	8.0	SleepStates							NREMstate
24969.3152	0.04799999999886495	RippleTimeIntervals					24969.3336		
24972.2616	0.048799999996845145	RippleTimeIntervals					24972.2912		
24974.0	171.0	SleepStates							WAKEstate
24979.7496	0.05760000000009313	RippleTimeIntervals					24979.7936		
24991.168	0.05439999999725842	RippleTimeIntervals					24991.2032		
24992.34	0.051199999998061685	RippleTimeIntervals					24992.3752		
24992.4736	0.04160000000047148	RippleTimeIntervals					24992.4792		
24993.2008	0.04160000000047148	RippleTimeIntervals					24993.2112		
25003.1504	0.042400000002089655	RippleTimeIntervals					25003.1528		
25018.204	0.04559999999764841	RippleTimeIntervals					25018.2104		
25019.5632	0.056000000000494765	RippleTimeIntervals					25019.6008		
25028.2968	0.04799999999886495	RippleTimeIntervals					25028.3032		
25035.5464	0.0591999999996915	RippleTimeIntervals					25035.5768		
25058.112	0.042399999998451676	RippleTimeIntervals					25058.124		
25058.3264	0.07679999999891152	RippleTimeIntervals					25058.3464		
25059.0864	0.037599999999656575	RippleTimeIntervals					25059.1088		
25067.824	0.037599999999656575	RippleTimeIntervals					25067.8488		
25085.6072	0.07760000000052969	RippleTimeIntervals					25085.6424		
25088.7144	0.059999999997671694	RippleTimeIntervals					25088.7464		
25096.604	0.037599999999656575	RippleTimeIntervals					25096.6072		
25100.672	0.0496000000021013	RippleTimeIntervals					25100.7008		
25107.8984	0.053600000002916204	RippleTimeIntervals					25107.9152		
25141.8024	0.05040000000008149	RippleTimeIntervals					25141.84		
25144.1176	0.037599999999656575	RippleTimeIntervals					25144.1184		
25145.3976	0.047200000000884756	RippleTimeIntervals					25145.4168		
25146.0	19.0	SleepStates							NREMstate
25146.8888	0.047200000000884756	RippleTimeIntervals					25146.928		
25152.9488	0.03920000000289292	RippleTimeIntervals					25152.9536		
25154.0376	0.06400000000212458	RippleTimeIntervals					25154.0824		
25156.8336	0.03839999999763677	RippleTimeIntervals					25156.836		
25161.6328	0.05040000000008149	RippleTimeIntervals					25161.6656		
25164.4544	0.048800000000483124	RippleTimeIntervals					25164.46		
25166.0	437.0	SleepStates							WAKEstate
25181.7048	0.06480000000010477	RippleTimeIntervals					25181.7456		
25199.8976	0.044799999999668216	RippleTimeIntervals					25199.92		
25223.4192	0.05199999999967986	RippleTimeIntervals					25223.4448		
25238.1688	0.037599999999656575	RippleTimeIntervals					25238.1792		
25267.352	0.06240000000252621	RippleTimeIntervals					25267.3808		
25268.0152	0.04559999999764841	RippleTimeIntervals					25268.0432		
25281.2136	0.0319999999992433	RippleTimeIntervals					25281.2152		
25294.8168	0.05199999999967986	RippleTimeIntervals					25294.8464		
25297.5856	0.044799999999668216	RippleTimeIntervals					25297.596		
25336.5112	0.04079999999885331	RippleTimeIntervals					25336.5312		
25338.9384	0.05199999999967986	RippleTimeIntervals					25338.9704		
25361.1704	0.04400000000168802	RippleTimeIntervals					25361.1872		
25366.7624	0.05760000000009313	RippleTimeIntervals					25366.7848		
25375.9512	0.040000000000873115	RippleTimeIntervals					25375.984		
25376.62	0.03840000000127475	RippleTimeIntervals					25376.6408		
25390.2656	0.05520000000251457	RippleTimeIntervals					25390.2752		
25396.9296	0.046399999999266583	RippleTimeIntervals					25396.9384		
25404.1048	0.05519999999887659	RippleTimeIntervals					25404.1168		
25404.8312	0.07200000000011642	RippleTimeIntervals					25404.844		
25410.304	0.03600000000005821	RippleTimeIntervals					25410.312		
25410.5032	0.0591999999996915	RippleTimeIntervals					25410.5296		
25455.508	0.05439999999725842	RippleTimeIntervals					25455.524		
25514.708	0.16160000000309083	RippleTimeIntervals					25514.72		
25542.9536	0.0632000000005064	RippleTimeIntervals					25542.976		
25565.1096	0.04560000000128639	RippleTimeIntervals					25565.1448		
25567.5168	0.05279999999766005	RippleTimeIntervals					25567.5448		
25570.1928	0.05279999999766005	RippleTimeIntervals					25570.22		
25584.3936	0.11119999999937136	RippleTimeIntervals					25584.4584		
25601.0256	0.14400000000023283	RippleTimeIntervals					25601.1464		
25604.0	38.0	SleepStates							NREMstate
25609.0656	0.118399999999383	RippleTimeIntervals					25609.1168		
25610.1376	0.09840000000258442	RippleTimeIntervals					25610.1792		
25618.8288	0.1320000000014261	RippleTimeIntervals					25618.9152		
25623.1432	0.13360000000102445	RippleTimeIntervals					25623.1944		
25626.4288	0.11599999999816646	RippleTimeIntervals					25626.4808		
25643.0	81.0	SleepStates							WAKEstate
25651.4752	0.046399999999266583	RippleTimeIntervals					25651.4976		
25665.7064	0.05520000000251457	RippleTimeIntervals					25665.7528		
25671.4128	0.05920000000332948	RippleTimeIntervals					25671.4208		
25689.4224	0.03440000000045984	RippleTimeIntervals					25689.4536		
25693.4688	0.05040000000008149	RippleTimeIntervals					25693.488		
25697.8856	0.05439999999725842	RippleTimeIntervals					25697.9032		
25700.9184	0.047200000000884756	RippleTimeIntervals					25700.9504		
25701.4648	0.04399999999805004	RippleTimeIntervals					25701.4728		
25721.0056	0.05760000000009313	RippleTimeIntervals					25721.04		
25724.8864	0.031200000001263106	RippleTimeIntervals					25724.8912		
25725.0	25.0	SleepStates							NREMstate
25747.3192	0.11039999999775318	RippleTimeIntervals					25747.42		
25751.0	465.0	SleepStates							WAKEstate
25773.376	6062.783966666666	epochs	CNOPost	None	fCamk3_201111_152104	Home cage			
25780.9984	0.11040000000139116	RippleTimeIntervals					25781.04		
25785.9888	0.09920000000056461	RippleTimeIntervals					25786.0168		
25793.1544	0.12320000000181608	RippleTimeIntervals					25793.164		
25814.8032	0.13360000000102445	RippleTimeIntervals					25814.8608		
25816.8432	0.06799999999930151	RippleTimeIntervals					25816.8672		
25825.3128	0.07119999999849824	RippleTimeIntervals					25825.3176		
25831.1752	0.12079999999696156	RippleTimeIntervals					25831.2872		
25833.3208	0.09519999999974971	RippleTimeIntervals					25833.38		
25843.4184	0.10080000000016298	RippleTimeIntervals					25843.5008		
25852.0928	0.12320000000181608	RippleTimeIntervals					25852.1312		
25852.5096	0.1543999999994412	RippleTimeIntervals					25852.5288		
25883.588	0.053599999999278225	RippleTimeIntervals					25883.636		
25895.9928	0.040000000000873115	RippleTimeIntervals					25896.0192		
25904.3744	0.05040000000008149	RippleTimeIntervals					25904.3984		
25911.3488	0.06639999999970314	RippleTimeIntervals					25911.3944		
25915.5984	0.04320000000006985	RippleTimeIntervals					25915.6264		
25916.6536	0.04959999999846332	RippleTimeIntervals					25916.6896		
25922.3736	0.06400000000212458	RippleTimeIntervals					25922.4136		
25924.6792	0.0496000000021013	RippleTimeIntervals					25924.7136		
25924.8528	0.0367999999980384	RippleTimeIntervals					25924.88		
25928.7656	0.03680000000167638	RippleTimeIntervals					25928.7808		
25928.9272	0.05520000000251457	RippleTimeIntervals					25928.9752		
25929.084	0.03840000000127475	RippleTimeIntervals					25929.112		
25929.2344	0.05679999999847496	RippleTimeIntervals					25929.2632		
25933.7992	0.053599999999278225	RippleTimeIntervals					25933.8248		
25934.2984	0.06160000000090804	RippleTimeIntervals					25934.3112		
25937.784	0.04799999999886495	RippleTimeIntervals					25937.8144		
25938.1768	0.04160000000047148	RippleTimeIntervals					25938.204		
25938.764	0.06799999999930151	RippleTimeIntervals					25938.8176		
25940.7216	0.05279999999766005	RippleTimeIntervals					25940.7552		
25940.8976	0.048800000000483124	RippleTimeIntervals					25940.932		
25950.104	0.06799999999930151	RippleTimeIntervals					25950.1544		
25950.3344	0.05040000000008149	RippleTimeIntervals					25950.3696		
25955.184	0.0319999999992433	RippleTimeIntervals					25955.208		
25959.0728	0.05040000000008149	RippleTimeIntervals					25959.096		
25960.7264	0.04400000000168802	RippleTimeIntervals					25960.7376		
25963.9064	0.056000000000494765	RippleTimeIntervals					25963.9456		
25965.4368	0.0496000000021013	RippleTimeIntervals					25965.476		
25966.988	0.04320000000006985	RippleTimeIntervals					25967.0176		
25967.4112	0.09120000000257278	RippleTimeIntervals					25967.4784		
25971.2928	0.06560000000172295	RippleTimeIntervals					25971.3416		
25971.4976	0.04400000000168802	RippleTimeIntervals					25971.508		
25973.9104	0.04399999999805004	RippleTimeIntervals					25973.9192		
25974.3264	0.06079999999928987	RippleTimeIntervals					25974.3656		
25981.7064	0.08799999999973807	RippleTimeIntervals					25981.776		
25985.6224	0.040000000000873115	RippleTimeIntervals					25985.6384		
25989.4496	0.05760000000009313	RippleTimeIntervals					25989.492		
25992.8936	0.06000000000130967	RippleTimeIntervals					25992.936		
26002.7888	0.06240000000252621	RippleTimeIntervals					26002.8104		
26006.456	0.0496000000021013	RippleTimeIntervals					26006.4952		
26006.9048	0.058399999998073326	RippleTimeIntervals					26006.9488		
26007.312	0.04559999999764841	RippleTimeIntervals					26007.3424		
26007.4496	0.03840000000127475	RippleTimeIntervals					26007.48		
26008.2248	0.042399999998451676	RippleTimeIntervals					26008.2616		
26009.0448	0.044799999999668216	RippleTimeIntervals					26009.0704		
26017.9968	0.051199999998061685	RippleTimeIntervals					26018.016		
26018.2184	0.04559999999764841	RippleTimeIntervals					26018.2464		
26021.6856	0.035199999998440035	RippleTimeIntervals					26021.7136		
26021.8208	0.03839999999763677	RippleTimeIntervals					26021.8528		
26022.7432	0.06559999999808497	RippleTimeIntervals					26022.7808		
26024.8848	0.05760000000009313	RippleTimeIntervals					26024.928		
26027.5336	0.051200000001699664	RippleTimeIntervals					26027.5632		
26029.4472	0.048800000000483124	RippleTimeIntervals					26029.4832		
26030.464	0.05519999999887659	RippleTimeIntervals					26030.4928		
26030.7432	0.03919999999925494	RippleTimeIntervals					26030.7456		
26035.4888	0.042400000002089655	RippleTimeIntervals					26035.52		
26036.916	0.04559999999764841	RippleTimeIntervals					26036.956		
26037.9664	0.037599999999656575	RippleTimeIntervals					26037.9864		
26038.3168	0.03840000000127475	RippleTimeIntervals					26038.332		
26040.9024	0.048800000000483124	RippleTimeIntervals					26040.9112		
26041.7256	0.046399999999266583	RippleTimeIntervals					26041.7488		
26042.6032	0.042399999998451676	RippleTimeIntervals					26042.6296		
26045.7408	0.037599999999656575	RippleTimeIntervals					26045.7744		
26045.9792	0.07839999999850988	RippleTimeIntervals					26046.0376		
26049.1792	0.04800000000250293	RippleTimeIntervals					26049.2144		
26052.3128	0.05199999999967986	RippleTimeIntervals					26052.3512		
26054.0272	0.09439999999813153	RippleTimeIntervals					26054.112		
26056.904	0.05760000000009313	RippleTimeIntervals					26056.94		
26059.2472	0.04959999999846332	RippleTimeIntervals					26059.2664		
26086.4232	0.08079999999972642	RippleTimeIntervals					26086.48		
26116.0128	0.062399999998888234	RippleTimeIntervals					26116.0704		
26141.7776	0.06799999999930151	RippleTimeIntervals					26141.8184		
26151.08	0.08079999999972642	RippleTimeIntervals					26151.084		
26173.4152	0.07200000000011642	RippleTimeIntervals					26173.4312		
26189.7512	0.048800000000483124	RippleTimeIntervals					26189.7864		
26195.7208	0.1224000000001979	RippleTimeIntervals					26195.7256		
26196.2312	0.09280000000217115	RippleTimeIntervals					26196.3088		
26211.2296	0.048800000000483124	RippleTimeIntervals					26211.2584		
26215.0784	0.04560000000128639	RippleTimeIntervals					26215.1128		
26215.5784	0.03600000000005821	RippleTimeIntervals					26215.5992		
26217.0	88.0	SleepStates							NREMstate
26217.4824	0.17519999999785796	UpDownStatesTimeIntervals						UP	
26217.9216	0.0591999999996915	UpDownStatesTimeIntervals						DOWN	
26220.96	0.040000000000873115	RippleTimeIntervals					26220.984		
26225.1424	0.14719999999942956	UpDownStatesTimeIntervals						UP	
26226.0432	0.16560000000026776	UpDownStatesTimeIntervals						UP	
26226.4728	0.29439999999885913	UpDownStatesTimeIntervals						UP	
26227.592	0.15599999999903957	UpDownStatesTimeIntervals						UP	
26227.64	0.05040000000008149	RippleTimeIntervals					26227.656		
26228.536	0.1543999999994412	UpDownStatesTimeIntervals						UP	
26229.2736	0.2319999999999709	UpDownStatesTimeIntervals						UP	
26230.3768	0.15440000000307919	UpDownStatesTimeIntervals						UP	
26230.4192	0.06720000000132131	RippleTimeIntervals					26230.4616		
26230.6944	0.040000000000873115	RippleTimeIntervals					26230.7184		
26230.8864	0.11200000000098953	UpDownStatesTimeIntervals						DOWN	
26231.3792	0.14320000000225264	UpDownStatesTimeIntervals						UP	
26237.1472	0.11679999999978463	UpDownStatesTimeIntervals						UP	
26237.1672	0.07040000000051805	RippleTimeIntervals					26237.212		
26237.3416	0.03919999999925494	RippleTimeIntervals					26237.3456		
26237.6832	0.24399999999877764	UpDownStatesTimeIntervals						UP	
26237.7304	0.04079999999885331	RippleTimeIntervals					26237.7576		
26238.284	0.27119999999922584	UpDownStatesTimeIntervals						DOWN	
26239.3512	0.14479999999821302	UpDownStatesTimeIntervals						UP	
26239.6296	0.044799999999668216	RippleTimeIntervals					26239.6608		
26240.6072	0.1496000000006461	UpDownStatesTimeIntervals						UP	
26240.9592	0.1584000000002561	UpDownStatesTimeIntervals						DOWN	
26241.496	0.16560000000026776	UpDownStatesTimeIntervals						UP	
26241.828	0.2680000000000291	UpDownStatesTimeIntervals						DOWN	
26243.4056	0.12000000000261934	UpDownStatesTimeIntervals						UP	
26243.8576	0.1808000000019092	UpDownStatesTimeIntervals						UP	
26243.8984	0.048800000000483124	RippleTimeIntervals					26243.9232		
26244.4752	0.1503999999986263	UpDownStatesTimeIntervals						UP	
26246.4096	0.16480000000228756	UpDownStatesTimeIntervals						UP	
26246.5	0.04400000000168802	RippleTimeIntervals					26246.5096		
26246.8264	0.3151999999972759	UpDownStatesTimeIntervals						DOWN	
26247.608	0.33039999999891734	UpDownStatesTimeIntervals						UP	
26248.736	0.19359999999869615	UpDownStatesTimeIntervals						DOWN	
26249.5576	0.20239999999830616	UpDownStatesTimeIntervals						UP	
26249.6736	0.03600000000005821	RippleTimeIntervals					26249.68		
26252.3408	0.0591999999996915	RippleTimeIntervals					26252.3808		
26254.3376	0.2536000000000058	UpDownStatesTimeIntervals						UP	
26254.7072	0.08559999999852153	UpDownStatesTimeIntervals						DOWN	
26256.5504	0.12080000000059954	UpDownStatesTimeIntervals						UP	
26256.5712	0.07120000000213622	RippleTimeIntervals					26256.6336		
26257.2568	0.11440000000220607	UpDownStatesTimeIntervals						UP	
26257.3048	0.03600000000005821	RippleTimeIntervals					26257.3104		
26257.8192	0.17519999999785796	UpDownStatesTimeIntervals						UP	
26257.872	0.0632000000005064	RippleTimeIntervals					26257.9144		
26259.1056	0.144800000001851	UpDownStatesTimeIntervals						UP	
26259.8392	0.04080000000249129	RippleTimeIntervals					26259.8632		
26262.32	0.37840000000142027	UpDownStatesTimeIntervals						DOWN	
26262.6984	0.1455999999998312	UpDownStatesTimeIntervals						UP	
26262.744	0.04800000000250293	RippleTimeIntervals					26262.7768		
26263.3864	0.1176000000014028	UpDownStatesTimeIntervals						DOWN	
26264.6736	0.06640000000334112	RippleTimeIntervals					26264.7152		
26264.9184	0.1320000000014261	UpDownStatesTimeIntervals						UP	
26264.9624	0.044799999999668216	RippleTimeIntervals					26264.9768		
26265.2064	0.0591999999996915	RippleTimeIntervals					26265.2384		
26265.5864	0.07119999999849824	UpDownStatesTimeIntervals						UP	
26266.2352	0.2128000000011525	UpDownStatesTimeIntervals						DOWN	
26266.7624	0.23280000000158907	UpDownStatesTimeIntervals						UP	
26270.2504	0.09760000000096625	UpDownStatesTimeIntervals						UP	
26270.7424	0.09200000000055297	UpDownStatesTimeIntervals						UP	
26272.2192	0.1264000000010128	UpDownStatesTimeIntervals						UP	
26272.7552	0.1640000000006694	UpDownStatesTimeIntervals						UP	
26273.5536	0.254400000001624	UpDownStatesTimeIntervals						UP	
26275.2472	0.14319999999861466	UpDownStatesTimeIntervals						UP	
26275.9856	0.062399999998888234	UpDownStatesTimeIntervals						DOWN	
26276.048	0.10720000000219443	UpDownStatesTimeIntervals						UP	
26277.0536	0.24799999999959255	UpDownStatesTimeIntervals						UP	
26277.8608	0.02080000000205473	UpDownStatesTimeIntervals						DOWN	
26277.8816	0.24160000000119908	UpDownStatesTimeIntervals						UP	
26278.6488	0.1912000000011176	UpDownStatesTimeIntervals						UP	
26281.1624	0.09519999999974971	UpDownStatesTimeIntervals						UP	
26281.9208	0.1912000000011176	UpDownStatesTimeIntervals						DOWN	
26282.5984	0.13760000000183936	UpDownStatesTimeIntervals						UP	
26285.12	0.153600000001461	UpDownStatesTimeIntervals						UP	
26286.7656	0.13360000000102445	UpDownStatesTimeIntervals						UP	
26286.9584	0.12160000000221771	UpDownStatesTimeIntervals						DOWN	
26287.4672	0.26560000000245054	UpDownStatesTimeIntervals						DOWN	
26287.7328	0.15359999999782303	UpDownStatesTimeIntervals						UP	
26287.7832	0.1279999999969732	RippleTimeIntervals					26287.8064		
26288.4592	0.11999999999898137	UpDownStatesTimeIntervals						UP	
26288.504	0.17199999999866122	RippleTimeIntervals					26288.536		
26288.6184	0.07840000000214786	UpDownStatesTimeIntervals						DOWN	
26289.256	0.13999999999941792	UpDownStatesTimeIntervals						UP	
26289.7696	0.2583999999988009	UpDownStatesTimeIntervals						UP	
26291.4864	0.08559999999852153	RippleTimeIntervals					26291.508		
26291.5072	0.053599999999278225	UpDownStatesTimeIntervals						UP	
26291.9936	0.16559999999662978	UpDownStatesTimeIntervals						UP	
26292.0544	0.03839999999763677	RippleTimeIntervals					26292.0848		
26292.7664	0.11679999999978463	UpDownStatesTimeIntervals						UP	
26292.916	0.0959999999977299	UpDownStatesTimeIntervals						DOWN	
26293.436	0.12399999999979627	UpDownStatesTimeIntervals						DOWN	
26293.7664	0.2687999999980093	UpDownStatesTimeIntervals						UP	
26294.9872	0.13520000000062282	UpDownStatesTimeIntervals						UP	
26295.888	0.25760000000082073	UpDownStatesTimeIntervals						UP	
26297.0408	0.1408000000010361	UpDownStatesTimeIntervals						UP	
26298.256	0.24399999999877764	UpDownStatesTimeIntervals						UP	
26300.8904	0.2047999999995227	UpDownStatesTimeIntervals						UP	
26301.8944	0.12479999999777647	UpDownStatesTimeIntervals						DOWN	
26301.9608	0.11439999999856809	RippleTimeIntervals					26301.9888		
26302.0192	0.1728000000002794	UpDownStatesTimeIntervals						UP	
26302.7272	0.13439999999900465	UpDownStatesTimeIntervals						UP	
26303.4176	0.10640000000057626	UpDownStatesTimeIntervals						UP	
26303.6384	0.07359999999971478	UpDownStatesTimeIntervals						DOWN	
26304.1008	0.14400000000023283	UpDownStatesTimeIntervals						UP	
26304.4576	0.18399999999746797	UpDownStatesTimeIntervals						DOWN	
26304.7856	0.25600000000122236	UpDownStatesTimeIntervals						UP	
26305.3544	0.15520000000105938	UpDownStatesTimeIntervals						UP	
26306.0	231.0	SleepStates							WAKEstate
26308.7072	0.10319999999774154	RippleTimeIntervals					26308.7328		
26330.0776	0.05199999999967986	RippleTimeIntervals					26330.1056		
26330.5864	0.06480000000010477	RippleTimeIntervals					26330.6304		
26355.0096	0.05279999999766005	RippleTimeIntervals					26355.0304		
26355.9192	0.04320000000006985	RippleTimeIntervals					26355.944		
26356.5184	0.05679999999847496	RippleTimeIntervals					26356.5496		
26357.88	0.08079999999972642	RippleTimeIntervals					26357.9304		
26358.7368	0.07760000000052969	RippleTimeIntervals					26358.796		
26360.2472	0.053599999999278225	RippleTimeIntervals					26360.2632		
26362.0448	0.06880000000091968	RippleTimeIntervals					26362.0992		
26409.5608	0.04560000000128639	RippleTimeIntervals					26409.5824		
26420.8	0.09519999999974971	RippleTimeIntervals					26420.8864		
26460.4936	0.06799999999930151	RippleTimeIntervals					26460.4992		
26460.68	0.1176000000014028	RippleTimeIntervals					26460.7368		
26507.6904	0.08079999999972642	RippleTimeIntervals					26507.7008		
26516.5344	0.15599999999903957	RippleTimeIntervals					26516.6192		
26525.3736	0.09679999999934807	RippleTimeIntervals					26525.4008		
26526.5032	0.056000000000494765	RippleTimeIntervals					26526.5432		
26536.5272	0.04560000000128639	RippleTimeIntervals					26536.5384		
26537.6264	0.27039999999760767	UpDownStatesTimeIntervals						UP	
26538.0	7.0	SleepStates							NREMstate
26538.7424	0.05040000000008149	RippleTimeIntervals					26538.7744		
26539.0416	0.13439999999900465	UpDownStatesTimeIntervals						UP	
26540.5504	0.15520000000105938	UpDownStatesTimeIntervals						UP	
26540.6136	0.05040000000008149	RippleTimeIntervals					26540.6216		
26541.112	0.5207999999984168	UpDownStatesTimeIntervals						DOWN	
26541.6328	0.14879999999902793	UpDownStatesTimeIntervals						UP	
26541.6656	0.07920000000012806	RippleTimeIntervals					26541.7056		
26544.572	0.046399999999266583	RippleTimeIntervals					26544.5848		
26544.808	0.05760000000009313	RippleTimeIntervals					26544.832		
26546.0	14.0	SleepStates							WAKEstate
26561.0	7.0	SleepStates							NREMstate
26563.0648	0.17439999999987776	RippleTimeIntervals					26563.096		
26563.7224	0.14400000000023283	UpDownStatesTimeIntervals						UP	
26564.2416	0.1136000000005879	UpDownStatesTimeIntervals						UP	
26565.9048	0.1415999999990163	UpDownStatesTimeIntervals						UP	
26569.0	43.0	SleepStates							WAKEstate
26569.7944	0.08400000000256114	RippleTimeIntervals					26569.852		
26573.7824	0.042399999998451676	RippleTimeIntervals					26573.8152		
26577.3432	0.05760000000009313	RippleTimeIntervals					26577.3816		
26578.8608	0.056000000000494765	RippleTimeIntervals					26578.8872		
26579.684	0.0864000000001397	RippleTimeIntervals					26579.7472		
26601.5544	0.08399999999892316	RippleTimeIntervals					26601.5712		
26613.0	39.0	SleepStates							NREMstate
26616.2672	0.08960000000297441	RippleTimeIntervals					26616.2776		
26626.96	0.13520000000062282	UpDownStatesTimeIntervals						UP	
26627.6384	0.13599999999860302	UpDownStatesTimeIntervals						UP	
26628.6984	0.2871999999988475	UpDownStatesTimeIntervals						UP	
26629.6584	0.1320000000014261	UpDownStatesTimeIntervals						UP	
26630.1208	0.1584000000002561	UpDownStatesTimeIntervals						UP	
26630.5472	0.4367999999994936	UpDownStatesTimeIntervals						DOWN	
26630.984	0.23440000000118744	UpDownStatesTimeIntervals						UP	
26631.9512	0.06959999999889988	UpDownStatesTimeIntervals						DOWN	
26632.0208	0.20080000000234577	UpDownStatesTimeIntervals						UP	
26634.3536	0.040000000000873115	RippleTimeIntervals					26634.3824		
26635.2744	0.03920000000289292	RippleTimeIntervals					26635.2904		
26635.2856	0.10239999999976135	UpDownStatesTimeIntervals						UP	
26635.6632	0.2680000000000291	UpDownStatesTimeIntervals						UP	
26635.96	0.09200000000055297	UpDownStatesTimeIntervals						DOWN	
26636.6696	0.1543999999994412	UpDownStatesTimeIntervals						UP	
26637.4776	0.21600000000034925	UpDownStatesTimeIntervals						DOWN	
26637.6936	0.2040000000015425	UpDownStatesTimeIntervals						UP	
26638.3536	0.14800000000104774	UpDownStatesTimeIntervals						UP	
26642.0416	0.037599999999656575	RippleTimeIntervals					26642.0704		
26642.3336	0.17119999999704305	UpDownStatesTimeIntervals						UP	
26643.2456	0.08880000000135624	UpDownStatesTimeIntervals						DOWN	
26644.5904	0.15279999999984284	UpDownStatesTimeIntervals						UP	
26644.7816	0.5136000000020431	UpDownStatesTimeIntervals						DOWN	
26646.2632	0.04559999999764841	RippleTimeIntervals					26646.2728		
26646.7264	0.15120000000024447	UpDownStatesTimeIntervals						UP	
26647.3488	0.07760000000052969	UpDownStatesTimeIntervals						UP	
26648.276	0.22159999999712454	UpDownStatesTimeIntervals						UP	
26650.4672	0.144800000001851	UpDownStatesTimeIntervals						UP	
26653.0	26.0	SleepStates							WAKEstate
26654.9584	0.16960000000108266	RippleTimeIntervals					26655.04		
26662.7568	0.03680000000167638	RippleTimeIntervals					26662.7896		
26680.0	35.0	SleepStates							NREMstate
26690.8304	0.1455999999998312	UpDownStatesTimeIntervals						UP	
26691.3304	0.13440000000264263	UpDownStatesTimeIntervals						UP	
26691.704	0.10800000000017462	UpDownStatesTimeIntervals						DOWN	
26698.3776	0.16319999999905122	UpDownStatesTimeIntervals						UP	
26699.4384	0.18480000000272412	UpDownStatesTimeIntervals						UP	
26708.1976	0.25760000000082073	UpDownStatesTimeIntervals						UP	
26708.572	0.15279999999984284	UpDownStatesTimeIntervals						DOWN	
26708.7248	0.12320000000181608	UpDownStatesTimeIntervals						UP	
26709.2	0.1264000000010128	UpDownStatesTimeIntervals						UP	
26716.0	11.0	SleepStates							WAKEstate
26728.0	43.0	SleepStates							NREMstate
26728.3944	0.22479999999995925	UpDownStatesTimeIntervals						DOWN	
26728.9696	0.15599999999903957	UpDownStatesTimeIntervals						UP	
26729.9896	0.24639999999999418	UpDownStatesTimeIntervals						UP	
26734.712	0.15200000000186265	UpDownStatesTimeIntervals						UP	
26735.54	0.12639999999737483	UpDownStatesTimeIntervals						UP	
26738.5712	0.14720000000306754	UpDownStatesTimeIntervals						UP	
26738.988	0.07760000000052969	UpDownStatesTimeIntervals						DOWN	
26739.4488	0.24240000000281725	UpDownStatesTimeIntervals						UP	
26750.5416	0.1319999999977881	UpDownStatesTimeIntervals						UP	
26751.4456	0.15680000000065775	UpDownStatesTimeIntervals						UP	
26751.62	0.46640000000115833	UpDownStatesTimeIntervals						DOWN	
26752.0864	0.13520000000062282	UpDownStatesTimeIntervals						UP	
26752.7672	0.2232000000003609	UpDownStatesTimeIntervals						DOWN	
26752.9904	0.1640000000006694	UpDownStatesTimeIntervals						UP	
26753.6104	0.12159999999857973	UpDownStatesTimeIntervals						UP	
26754.2792	0.15199999999822467	UpDownStatesTimeIntervals						UP	
26756.0376	0.15680000000065775	UpDownStatesTimeIntervals						UP	
26756.5904	0.04079999999885331	UpDownStatesTimeIntervals						DOWN	
26757.2992	0.0639999999984866	UpDownStatesTimeIntervals						DOWN	
26757.3632	0.25760000000082073	UpDownStatesTimeIntervals						UP	
26758.996	0.22079999999914435	UpDownStatesTimeIntervals						UP	
26759.0056	0.03440000000045984	RippleTimeIntervals					26759.0328		
26759.916	0.17199999999866122	UpDownStatesTimeIntervals						UP	
26759.9736	0.044799999999668216	RippleTimeIntervals					26759.9952		
26760.8296	0.11279999999896972	UpDownStatesTimeIntervals						DOWN	
26761.3592	0.18400000000110595	UpDownStatesTimeIntervals						UP	
26762.8144	0.21840000000156579	UpDownStatesTimeIntervals						UP	
26763.8288	0.136000000002241	UpDownStatesTimeIntervals						UP	
26765.1752	0.16719999999986612	UpDownStatesTimeIntervals						UP	
26765.2072	0.0639999999984866	RippleTimeIntervals					26765.256		
26765.8192	0.14959999999700813	UpDownStatesTimeIntervals						UP	
26766.472	0.12399999999979627	UpDownStatesTimeIntervals						UP	
26767.4408	0.12080000000059954	UpDownStatesTimeIntervals						DOWN	
26767.5616	0.1640000000006694	UpDownStatesTimeIntervals						UP	
26768.2112	0.2735999999968044	UpDownStatesTimeIntervals						UP	
26769.0584	0.1503999999986263	UpDownStatesTimeIntervals						UP	
26769.6984	0.12479999999777647	UpDownStatesTimeIntervals						UP	
26769.876	0.18240000000150758	UpDownStatesTimeIntervals						DOWN	
26771.0368	0.14399999999659485	UpDownStatesTimeIntervals						UP	
26772.0	79.0	SleepStates							WAKEstate
26783.6272	0.03600000000005821	RippleTimeIntervals					26783.6576		
26806.3712	0.03919999999925494	RippleTimeIntervals					26806.4008		
26807.1344	0.037599999999656575	RippleTimeIntervals					26807.1456		
26819.8016	0.053600000002916204	RippleTimeIntervals					26819.8464		
26839.384	0.0496000000021013	RippleTimeIntervals					26839.416		
26840.2976	0.04719999999724678	RippleTimeIntervals					26840.3304		
26845.4736	0.03839999999763677	RippleTimeIntervals					26845.5032		
26847.7192	0.05199999999967986	RippleTimeIntervals					26847.752		
26852.0	12.0	SleepStates							NREMstate
26853.4288	0.26719999999841093	UpDownStatesTimeIntervals						UP	
26856.5512	0.13919999999779975	UpDownStatesTimeIntervals						UP	
26857.5984	0.11679999999978463	UpDownStatesTimeIntervals						DOWN	
26857.9424	0.20319999999992433	UpDownStatesTimeIntervals						UP	
26862.5848	0.32479999999850406	UpDownStatesTimeIntervals						UP	
26865.0	78.0	SleepStates							WAKEstate
26868.3472	0.07999999999810825	RippleTimeIntervals					26868.4064		
26873.7376	0.06160000000090804	RippleTimeIntervals					26873.7464		
26877.5144	0.040000000000873115	RippleTimeIntervals					26877.5488		
26878.8744	0.037599999999656575	RippleTimeIntervals					26878.9096		
26879.0536	0.042400000002089655	RippleTimeIntervals					26879.0816		
26880.6024	0.04959999999846332	RippleTimeIntervals					26880.6392		
26884.8128	0.06480000000010477	RippleTimeIntervals					26884.8456		
26887.1408	0.04719999999724678	RippleTimeIntervals					26887.1448		
26891.1744	0.07040000000051805	RippleTimeIntervals					26891.228		
26891.4736	0.05279999999766005	RippleTimeIntervals					26891.4936		
26893.7112	0.05279999999766005	RippleTimeIntervals					26893.74		
26898.8528	0.03919999999925494	RippleTimeIntervals					26898.8576		
26900.32	0.04079999999885331	RippleTimeIntervals					26900.3304		
26901.304	0.10719999999855645	RippleTimeIntervals					26901.3152		
26902.3944	0.048800000000483124	RippleTimeIntervals					26902.408		
26903.6776	0.05680000000211294	RippleTimeIntervals					26903.7144		
26905.5008	0.09279999999853317	RippleTimeIntervals					26905.5592		
26935.756	0.09200000000055297	RippleTimeIntervals					26935.8344		
26943.0064	0.053600000002916204	RippleTimeIntervals					26943.024		
26944.0	7.0	SleepStates							NREMstate
26944.656	0.13920000000143773	UpDownStatesTimeIntervals						UP	
26944.7008	0.051200000001699664	RippleTimeIntervals					26944.728		
26946.4904	0.04400000000168802	UpDownStatesTimeIntervals						DOWN	
26946.892	0.24399999999877764	UpDownStatesTimeIntervals						UP	
26948.6696	0.04799999999886495	RippleTimeIntervals					26948.6856		
26950.1944	0.031200000001263106	RippleTimeIntervals					26950.216		
26952.0	22.0	SleepStates							WAKEstate
26953.7856	0.028000000002066372	RippleTimeIntervals					26953.8104		
26974.9432	0.09999999999854481	RippleTimeIntervals					26974.9536		
26975.0	27.0	SleepStates							NREMstate
26980.8424	0.12079999999696156	UpDownStatesTimeIntervals						UP	
26981.9592	0.1735999999982596	UpDownStatesTimeIntervals						UP	
26983.2248	0.06480000000010477	RippleTimeIntervals					26983.2608		
26984.7832	0.09519999999974971	RippleTimeIntervals					26984.7936		
26986.7288	0.04079999999885331	RippleTimeIntervals					26986.7392		
26987.368	0.09760000000096625	RippleTimeIntervals					26987.4128		
26987.6072	0.13360000000102445	UpDownStatesTimeIntervals						UP	
26988.2368	0.11440000000220607	UpDownStatesTimeIntervals						UP	
26988.7888	0.17360000000189757	UpDownStatesTimeIntervals						UP	
26994.208	0.26640000000043074	UpDownStatesTimeIntervals						UP	
26999.78	0.05199999999967986	RippleTimeIntervals					26999.8192		
27003.0	9.0	SleepStates							WAKEstate
27011.6096	0.05040000000008149	RippleTimeIntervals					27011.6456		
27013.0	25.0	SleepStates							NREMstate
27019.6648	0.02960000000166474	RippleTimeIntervals					27019.688		
27021.0256	0.046399999999266583	RippleTimeIntervals					27021.044		
27021.7176	0.12399999999979627	UpDownStatesTimeIntervals						UP	
27022.8896	0.1640000000006694	UpDownStatesTimeIntervals						UP	
27024.7656	0.04560000000128639	RippleTimeIntervals					27024.7776		
27026.3064	0.05040000000008149	RippleTimeIntervals					27026.3448		
27032.608	0.15199999999822467	UpDownStatesTimeIntervals						UP	
27032.6648	0.037599999999656575	RippleTimeIntervals					27032.6896		
27033.9136	0.118399999999383	UpDownStatesTimeIntervals						UP	
27034.0664	0.04560000000128639	UpDownStatesTimeIntervals						DOWN	
27034.7552	0.12960000000020955	UpDownStatesTimeIntervals						UP	
27036.9136	0.1592000000018743	UpDownStatesTimeIntervals						UP	
27037.0984	0.03440000000045984	RippleTimeIntervals					27037.1016		
27037.2896	0.06480000000010477	RippleTimeIntervals					27037.3264		
27038.1128	0.33840000000054715	UpDownStatesTimeIntervals						UP	
27038.8368	0.18000000000029104	UpDownStatesTimeIntervals						UP	
27039.0	80.0	SleepStates							WAKEstate
27042.7632	0.06719999999768334	RippleTimeIntervals					27042.8112		
27074.2016	0.1863999999986845	RippleTimeIntervals					27074.3576		
27098.248	0.08880000000135624	RippleTimeIntervals					27098.2656		
27116.0608	0.0856000000021595	RippleTimeIntervals					27116.1192		
27120.0	88.0	SleepStates							NREMstate
27120.912	0.05280000000129803	RippleTimeIntervals					27120.9424		
27123.6104	0.06639999999970314	RippleTimeIntervals					27123.644		
27124.4696	0.1455999999998312	UpDownStatesTimeIntervals						UP	
27124.5184	0.06799999999930151	RippleTimeIntervals					27124.548		
27125.4096	0.15279999999984284	UpDownStatesTimeIntervals						UP	
27125.4504	0.08559999999852153	RippleTimeIntervals					27125.4912		
27125.6776	0.05199999999967986	RippleTimeIntervals					27125.6936		
27126.1984	0.13439999999900465	UpDownStatesTimeIntervals						UP	
27126.2464	0.048800000000483124	RippleTimeIntervals					27126.2576		
27126.7264	0.1680000000014843	UpDownStatesTimeIntervals						UP	
27126.756	0.05199999999967986	RippleTimeIntervals					27126.7888		
27126.9368	0.38079999999899883	UpDownStatesTimeIntervals						DOWN	
27127.3176	0.24639999999999418	UpDownStatesTimeIntervals						UP	
27127.34	0.09360000000015134	RippleTimeIntervals					27127.384		
27128.7856	0.13999999999941792	UpDownStatesTimeIntervals						UP	
27129.4648	0.10159999999814318	UpDownStatesTimeIntervals						UP	
27129.8144	0.04160000000047148	RippleTimeIntervals					27129.8328		
27130.0056	0.13919999999779975	UpDownStatesTimeIntervals						UP	
27130.04	0.06559999999808497	RippleTimeIntervals					27130.08		
27130.9168	0.12160000000221771	UpDownStatesTimeIntervals						UP	
27131.5992	0.14479999999821302	UpDownStatesTimeIntervals						UP	
27131.6424	0.053599999999278225	RippleTimeIntervals					27131.6648		
27132.3432	0.058400000001711305	UpDownStatesTimeIntervals						DOWN	
27132.4016	0.12159999999857973	UpDownStatesTimeIntervals						UP	
27133.4152	0.32159999999930733	UpDownStatesTimeIntervals						UP	
27134.3016	0.2672000000020489	UpDownStatesTimeIntervals						UP	
27135.892	0.27520000000004075	UpDownStatesTimeIntervals						DOWN	
27136.1672	0.14640000000144937	UpDownStatesTimeIntervals						UP	
27138.14	0.04799999999886495	RippleTimeIntervals					27138.1688		
27138.3816	0.13360000000102445	UpDownStatesTimeIntervals						UP	
27138.4224	0.0591999999996915	RippleTimeIntervals					27138.4456		
27138.9472	0.13280000000304426	UpDownStatesTimeIntervals						UP	
27138.9872	0.06000000000130967	RippleTimeIntervals					27139.0128		
27139.28	0.051200000001699664	RippleTimeIntervals					27139.2928		
27139.6704	0.09200000000055297	UpDownStatesTimeIntervals						UP	
27140.5168	0.06719999999768334	RippleTimeIntervals					27140.5544		
27140.7104	0.10959999999977299	UpDownStatesTimeIntervals						DOWN	
27140.82	0.13839999999981956	UpDownStatesTimeIntervals						UP	
27140.868	0.051200000001699664	RippleTimeIntervals					27140.8992		
27142.3376	0.3312000000005355	UpDownStatesTimeIntervals						UP	
27143.9432	0.23999999999796273	UpDownStatesTimeIntervals						UP	
27146.7864	0.254399999997986	UpDownStatesTimeIntervals						UP	
27146.8328	0.05199999999967986	RippleTimeIntervals					27146.8648		
27147.2528	0.25120000000242726	UpDownStatesTimeIntervals						DOWN	
27148.3728	0.23999999999796273	UpDownStatesTimeIntervals						UP	
27148.4928	0.06480000000010477	RippleTimeIntervals					27148.5312		
27149.3432	0.2760000000016589	UpDownStatesTimeIntervals						UP	
27150.9664	0.24799999999959255	UpDownStatesTimeIntervals						UP	
27151.1432	0.03680000000167638	RippleTimeIntervals					27151.148		
27151.3448	0.1224000000001979	UpDownStatesTimeIntervals						DOWN	
27151.4672	0.23440000000118744	UpDownStatesTimeIntervals						UP	
27151.5016	0.07359999999971478	RippleTimeIntervals					27151.5272		
27152.9208	0.25200000000040745	UpDownStatesTimeIntervals						UP	
27153.772	0.2775999999976193	UpDownStatesTimeIntervals						DOWN	
27154.3624	0.1687999999994645	UpDownStatesTimeIntervals						UP	
27158.4832	0.05040000000008149	RippleTimeIntervals					27158.5176		
27158.692	0.04320000000006985	RippleTimeIntervals					27158.7184		
27158.8312	0.03359999999884167	RippleTimeIntervals					27158.8336		
27162.164	0.15199999999822467	UpDownStatesTimeIntervals						UP	
27164.1832	0.15200000000186265	UpDownStatesTimeIntervals						UP	
27164.2352	0.053599999999278225	RippleTimeIntervals					27164.2696		
27164.708	0.058400000001711305	UpDownStatesTimeIntervals						DOWN	
27164.7664	0.1815999999998894	UpDownStatesTimeIntervals						UP	
27164.7824	0.07200000000011642	RippleTimeIntervals					27164.812		
27165.0736	0.0591999999996915	RippleTimeIntervals					27165.0976		
27165.4208	0.02479999999923166	UpDownStatesTimeIntervals						UP	
27165.7952	0.18959999999788124	UpDownStatesTimeIntervals						DOWN	
27165.9848	0.15760000000227592	UpDownStatesTimeIntervals						UP	
27166.0328	0.0544000000008964	RippleTimeIntervals					27166.0592		
27167.792	0.046399999999266583	RippleTimeIntervals					27167.8152		
27171.3672	0.14240000000063446	UpDownStatesTimeIntervals						UP	
27172.1032	0.07759999999689171	UpDownStatesTimeIntervals						DOWN	
27172.8536	0.11520000000018626	UpDownStatesTimeIntervals						UP	
27173.1184	0.04400000000168802	RippleTimeIntervals					27173.1464		
27173.4904	0.14160000000265427	UpDownStatesTimeIntervals						UP	
27173.5424	0.042400000002089655	RippleTimeIntervals					27173.5544		
27173.632	0.47439999999915017	UpDownStatesTimeIntervals						UP	
27174.1576	0.04160000000047148	RippleTimeIntervals					27174.1696		
27174.2544	0.08879999999771826	UpDownStatesTimeIntervals						DOWN	
27174.3432	0.3120000000017171	UpDownStatesTimeIntervals						UP	
27175.5464	0.227999999999156	UpDownStatesTimeIntervals						DOWN	
27175.7744	0.13839999999981956	UpDownStatesTimeIntervals						UP	
27176.2376	0.1415999999990163	UpDownStatesTimeIntervals						DOWN	
27178.5792	0.042399999998451676	RippleTimeIntervals					27178.5888		
27179.872	0.19919999999910942	UpDownStatesTimeIntervals						UP	
27179.9144	0.04320000000006985	RippleTimeIntervals					27179.9424		
27179.992	0.060800000002927845	RippleTimeIntervals					27180.0168		
27183.5256	0.2095999999983178	UpDownStatesTimeIntervals						UP	
27183.5912	0.04400000000168802	RippleTimeIntervals					27183.6232		
27186.1128	0.21840000000156579	UpDownStatesTimeIntervals						UP	
27190.624	0.26640000000043074	UpDownStatesTimeIntervals						UP	
27190.6784	0.051199999998061685	RippleTimeIntervals					27190.7144		
27191.172	0.1040000000029977	UpDownStatesTimeIntervals						DOWN	
27191.276	0.2687999999980093	UpDownStatesTimeIntervals						UP	
27191.316	0.05040000000008149	RippleTimeIntervals					27191.3248		
27191.4576	0.05679999999847496	RippleTimeIntervals					27191.472		
27192.9488	0.1760000000031141	UpDownStatesTimeIntervals						UP	
27193.1952	0.2672000000020489	UpDownStatesTimeIntervals						DOWN	
27194.396	0.20720000000073924	UpDownStatesTimeIntervals						UP	
27196.3432	0.1455999999998312	UpDownStatesTimeIntervals						UP	
27196.3952	0.053599999999278225	RippleTimeIntervals					27196.3992		
27196.74	0.091999999996915	RippleTimeIntervals					27196.8		
27197.364	0.0591999999996915	UpDownStatesTimeIntervals						DOWN	
27197.4232	0.21119999999791617	UpDownStatesTimeIntervals						UP	
27198.72	0.12479999999777647	UpDownStatesTimeIntervals						UP	
27198.884	0.1720000000022992	UpDownStatesTimeIntervals						DOWN	
27201.2152	0.04640000000290456	RippleTimeIntervals					27201.2592		
27202.2216	0.16079999999783468	UpDownStatesTimeIntervals						UP	
27202.296	0.042400000002089655	RippleTimeIntervals					27202.3024		
27202.892	0.048800000000483124	RippleTimeIntervals					27202.9208		
27203.1664	0.06720000000132131	RippleTimeIntervals					27203.1904		
27203.8056	0.15759999999863794	UpDownStatesTimeIntervals						UP	
27203.8792	0.03840000000127475	RippleTimeIntervals					27203.8808		
27204.396	0.1584000000002561	UpDownStatesTimeIntervals						UP	
27204.9648	0.28479999999763095	UpDownStatesTimeIntervals						UP	
27204.9936	0.062399999998888234	RippleTimeIntervals					27205.0168		
27205.4872	0.2680000000000291	UpDownStatesTimeIntervals						DOWN	
27205.7552	0.27119999999922584	UpDownStatesTimeIntervals						UP	
27205.944	0.047200000000884756	RippleTimeIntervals					27205.956		
27206.184	0.13520000000062282	UpDownStatesTimeIntervals						DOWN	
27206.3496	0.0591999999996915	RippleTimeIntervals					27206.3728		
27207.1696	0.15279999999984284	UpDownStatesTimeIntervals						UP	
27208.2552	0.17039999999906286	UpDownStatesTimeIntervals						UP	
27209.0	33.0	SleepStates							WAKEstate
27221.7184	0.05760000000009313	RippleTimeIntervals					27221.7664		
27232.2216	0.04399999999805004	RippleTimeIntervals					27232.2512		
27232.3984	0.05520000000251457	RippleTimeIntervals					27232.4296		
27243.0	59.0	SleepStates							NREMstate
27250.5288	0.040000000000873115	RippleTimeIntervals					27250.5344		
27250.5336	0.16719999999986612	UpDownStatesTimeIntervals						UP	
27252.3368	0.1415999999990163	UpDownStatesTimeIntervals						UP	
27252.3848	0.04959999999846332	RippleTimeIntervals					27252.4096		
27255.8856	0.14959999999700813	UpDownStatesTimeIntervals						UP	
27255.9376	0.05040000000008149	RippleTimeIntervals					27255.9712		
27258.6848	0.33840000000054715	UpDownStatesTimeIntervals						UP	
27258.8064	0.04559999999764841	RippleTimeIntervals					27258.816		
27259.5712	0.2776000000012573	UpDownStatesTimeIntervals						DOWN	
27260.0456	0.16719999999986612	UpDownStatesTimeIntervals						UP	
27260.8856	0.27599999999802094	UpDownStatesTimeIntervals						UP	
27260.9208	0.056000000000494765	RippleTimeIntervals					27260.9584		
27261.064	0.04560000000128639	RippleTimeIntervals					27261.0992		
27263.5632	0.24160000000119908	UpDownStatesTimeIntervals						UP	
27263.6056	0.05199999999967986	RippleTimeIntervals					27263.6416		
27265.856	0.3087999999988824	UpDownStatesTimeIntervals						DOWN	
27266.4824	0.11279999999896972	UpDownStatesTimeIntervals						UP	
27266.7808	0.10800000000017462	UpDownStatesTimeIntervals						DOWN	
27266.9024	0.05199999999967986	RippleTimeIntervals					27266.9352		
27267.0448	0.04799999999886495	RippleTimeIntervals					27267.0776		
27267.1864	0.24720000000161235	UpDownStatesTimeIntervals						UP	
27267.2264	0.03919999999925494	RippleTimeIntervals					27267.2304		
27268.1632	0.1488000000026659	UpDownStatesTimeIntervals						UP	
27268.2208	0.048800000000483124	RippleTimeIntervals					27268.228		
27269.0112	0.22479999999995925	UpDownStatesTimeIntervals						UP	
27269.1536	0.05040000000008149	RippleTimeIntervals					27269.1672		
27269.3528	0.05679999999847496	RippleTimeIntervals					27269.384		
27269.5544	0.14799999999740976	UpDownStatesTimeIntervals						UP	
27269.636	0.04640000000290456	RippleTimeIntervals					27269.6656		
27270.5696	0.15120000000024447	UpDownStatesTimeIntervals						UP	
27270.6152	0.06079999999928987	RippleTimeIntervals					27270.6496		
27273.024	0.1687999999994645	UpDownStatesTimeIntervals						UP	
27273.4536	0.2871999999988475	UpDownStatesTimeIntervals						DOWN	
27276.8088	0.1368000000002212	UpDownStatesTimeIntervals						UP	
27276.84	0.051199999998061685	RippleTimeIntervals					27276.876		
27277.036	0.05760000000009313	RippleTimeIntervals					27277.0616		
27277.8736	0.0591999999996915	RippleTimeIntervals					27277.9176		
27281.0856	0.2640000000028522	UpDownStatesTimeIntervals						UP	
27283.0008	0.15359999999782303	UpDownStatesTimeIntervals						DOWN	
27283.1056	0.04160000000047148	RippleTimeIntervals					27283.1376		
27283.3384	0.127199999998993	UpDownStatesTimeIntervals						UP	
27283.3856	0.042399999998451676	RippleTimeIntervals					27283.4112		
27284.7208	0.21039999999993597	UpDownStatesTimeIntervals						UP	
27285.5464	0.1176000000014028	UpDownStatesTimeIntervals						DOWN	
27286.4224	0.27119999999922584	UpDownStatesTimeIntervals						UP	
27286.4808	0.05519999999887659	RippleTimeIntervals					27286.5248		
27287.1336	0.14400000000023283	UpDownStatesTimeIntervals						UP	
27287.1872	0.05040000000008149	RippleTimeIntervals					27287.2032		
27288.008	0.06480000000010477	UpDownStatesTimeIntervals						DOWN	
27289.0992	0.25279999999838765	UpDownStatesTimeIntervals						UP	
27293.6208	0.14719999999942956	UpDownStatesTimeIntervals						UP	
27293.6592	0.051200000001699664	RippleTimeIntervals					27293.6872		
27294.9104	0.28960000000006403	UpDownStatesTimeIntervals						UP	
27295.9608	0.046399999999266583	RippleTimeIntervals					27295.9736		
27296.7928	0.05760000000009313	RippleTimeIntervals					27296.816		
27297.1888	0.06000000000130967	RippleTimeIntervals					27297.2168		
27303.0	17.0	SleepStates							WAKEstate
27317.8552	0.053599999999278225	RippleTimeIntervals					27317.8704		
27319.5392	0.05280000000129803	RippleTimeIntervals					27319.5632		
27319.7128	0.0687999999972817	RippleTimeIntervals					27319.748		
27321.0	194.0	SleepStates							NREMstate
27324.2648	0.16479999999864958	UpDownStatesTimeIntervals						UP	
27324.9344	0.17360000000189757	UpDownStatesTimeIntervals						DOWN	
27325.5256	0.06799999999930151	UpDownStatesTimeIntervals						DOWN	
27325.5936	0.13999999999941792	UpDownStatesTimeIntervals						UP	
27326.1384	0.1264000000010128	UpDownStatesTimeIntervals						UP	
27329.7208	0.13520000000062282	UpDownStatesTimeIntervals						UP	
27331.688	0.05200000000331784	RippleTimeIntervals					27331.7008		
27333.1904	0.05760000000009313	RippleTimeIntervals					27333.224		
27335.2432	0.040000000000873115	RippleTimeIntervals					27335.276		
27335.6656	0.13520000000062282	UpDownStatesTimeIntervals						UP	
27335.716	0.044799999999668216	RippleTimeIntervals					27335.74		
27336.7536	0.06560000000172295	RippleTimeIntervals					27336.8072		
27337.188	0.1368000000002212	UpDownStatesTimeIntervals						UP	
27337.2344	0.05760000000009313	RippleTimeIntervals					27337.2688		
27337.6624	0.05679999999847496	RippleTimeIntervals					27337.7048		
27337.7848	0.127199999998993	UpDownStatesTimeIntervals						UP	
27337.8304	0.046399999999266583	RippleTimeIntervals					27337.8568		
27339.9224	0.053599999999278225	RippleTimeIntervals					27339.968		
27340.2424	0.047200000000884756	RippleTimeIntervals					27340.2624		
27346.9344	0.21200000000317232	UpDownStatesTimeIntervals						UP	
27353.5008	0.04320000000006985	RippleTimeIntervals					27353.5328		
27354.2632	0.04079999999885331	RippleTimeIntervals					27354.2688		
27354.4112	0.04160000000047148	RippleTimeIntervals					27354.428		
27359.6984	0.05679999999847496	RippleTimeIntervals					27359.7392		
27360.0272	0.14879999999902793	UpDownStatesTimeIntervals						UP	
27360.0768	0.03920000000289292	RippleTimeIntervals					27360.0856		
27362.5312	0.1368000000002212	UpDownStatesTimeIntervals						UP	
27362.5616	0.06079999999928987	RippleTimeIntervals					27362.6016		
27362.8848	0.062399999998888234	RippleTimeIntervals					27362.9128		
27363.5032	0.46960000000035507	UpDownStatesTimeIntervals						UP	
27363.5336	0.05520000000251457	RippleTimeIntervals					27363.56		
27364.008	0.09439999999813153	UpDownStatesTimeIntervals						UP	
27364.0232	0.053599999999278225	RippleTimeIntervals					27364.056		
27364.6464	0.26719999999841093	UpDownStatesTimeIntervals						UP	
27364.6912	0.04959999999846332	RippleTimeIntervals					27364.7112		
27364.836	0.056000000000494765	RippleTimeIntervals					27364.8536		
27365.0912	0.2319999999999709	UpDownStatesTimeIntervals						DOWN	
27365.3232	0.144800000001851	UpDownStatesTimeIntervals						UP	
27365.3768	0.04400000000168802	RippleTimeIntervals					27365.4008		
27365.9296	0.2848000000012689	UpDownStatesTimeIntervals						UP	
27370.9096	0.09519999999974971	UpDownStatesTimeIntervals						DOWN	
27371.0048	0.2584000000024389	UpDownStatesTimeIntervals						UP	
27371.5752	0.11920000000100117	UpDownStatesTimeIntervals						DOWN	
27372.4896	0.1463999999978114	UpDownStatesTimeIntervals						UP	
27372.544	0.04559999999764841	RippleTimeIntervals					27372.5672		
27374.5216	0.1543999999994412	UpDownStatesTimeIntervals						UP	
27374.5648	0.06480000000010477	RippleTimeIntervals					27374.588		
27375.3768	0.18960000000151922	UpDownStatesTimeIntervals						UP	
27376.42	0.02960000000166474	UpDownStatesTimeIntervals						DOWN	
27376.4496	0.2639999999992142	UpDownStatesTimeIntervals						UP	
27376.496	0.05199999999967986	RippleTimeIntervals					27376.5208		
27376.6448	0.040000000000873115	RippleTimeIntervals					27376.652		
27377.1384	0.245599999998376	UpDownStatesTimeIntervals						UP	
27377.4384	0.058400000001711305	UpDownStatesTimeIntervals						DOWN	
27380.6792	0.26160000000163564	UpDownStatesTimeIntervals						UP	
27382.0704	0.22399999999834108	UpDownStatesTimeIntervals						UP	
27382.548	0.263200000001234	UpDownStatesTimeIntervals						UP	
27383.1912	0.1543999999994412	UpDownStatesTimeIntervals						UP	
27383.9264	0.04079999999885331	RippleTimeIntervals					27383.9288		
27384.1472	0.236799999998766	UpDownStatesTimeIntervals						UP	
27384.1816	0.0544000000008964	RippleTimeIntervals					27384.208		
27387.9968	0.2639999999992142	UpDownStatesTimeIntervals						UP	
27388.5576	0.2135999999991327	UpDownStatesTimeIntervals						DOWN	
27389.2104	0.14400000000023283	UpDownStatesTimeIntervals						UP	
27389.228	0.07120000000213622	RippleTimeIntervals					27389.292		
27390.5008	0.15999999999985448	UpDownStatesTimeIntervals						UP	
27390.5496	0.07040000000051805	RippleTimeIntervals					27390.6		
27391.5104	0.1496000000006461	UpDownStatesTimeIntervals						UP	
27391.552	0.07040000000051805	RippleTimeIntervals					27391.5896		
27391.8888	0.29360000000087894	UpDownStatesTimeIntervals						DOWN	
27392.3664	0.1455999999998312	UpDownStatesTimeIntervals						UP	
27392.4296	0.04160000000047148	RippleTimeIntervals					27392.4464		
27394.1368	0.28960000000006403	UpDownStatesTimeIntervals						UP	
27394.9144	0.11679999999978463	UpDownStatesTimeIntervals						UP	
27395.2504	0.047200000000884756	RippleTimeIntervals					27395.2584		
27395.3552	0.09439999999813153	UpDownStatesTimeIntervals						DOWN	
27395.4496	0.14879999999902793	UpDownStatesTimeIntervals						UP	
27395.4872	0.058400000001711305	RippleTimeIntervals					27395.5304		
27396.2304	0.1503999999986263	UpDownStatesTimeIntervals						UP	
27396.2728	0.06240000000252621	RippleTimeIntervals					27396.3088		
27396.5552	0.053600000002916204	RippleTimeIntervals					27396.5904		
27397.1376	0.16880000000310247	UpDownStatesTimeIntervals						UP	
27397.74	0.16559999999662978	UpDownStatesTimeIntervals						UP	
27398.392	0.04560000000128639	RippleTimeIntervals					27398.4232		
27399.8112	0.16240000000107102	UpDownStatesTimeIntervals						DOWN	
27400.3832	0.06079999999928987	RippleTimeIntervals					27400.4312		
27400.684	0.14879999999902793	UpDownStatesTimeIntervals						UP	
27400.7248	0.06720000000132131	RippleTimeIntervals					27400.7408		
27401.9712	0.26959999999962747	UpDownStatesTimeIntervals						UP	
27402.0264	0.06960000000253785	RippleTimeIntervals					27402.0472		
27402.8168	0.11520000000018626	UpDownStatesTimeIntervals						DOWN	
27402.932	0.15999999999985448	UpDownStatesTimeIntervals						UP	
27402.9984	0.047200000000884756	RippleTimeIntervals					27403.0168		
27403.8048	0.19359999999869615	UpDownStatesTimeIntervals						UP	
27403.8624	0.05519999999887659	RippleTimeIntervals					27403.892		
27404.1568	0.048800000000483124	RippleTimeIntervals					27404.1872		
27405.0528	0.26159999999799766	UpDownStatesTimeIntervals						UP	
27405.112	0.048800000000483124	RippleTimeIntervals					27405.1296		
27406.264	0.2639999999992142	UpDownStatesTimeIntervals						UP	
27406.316	0.048800000000483124	RippleTimeIntervals					27406.3312		
27406.456	0.03280000000086147	RippleTimeIntervals					27406.4656		
27409.6664	0.18400000000110595	UpDownStatesTimeIntervals						UP	
27410.6096	0.18479999999908614	UpDownStatesTimeIntervals						DOWN	
27413.1392	0.06959999999889988	RippleTimeIntervals					27413.1896		
27413.8208	0.06959999999889988	RippleTimeIntervals					27413.88		
27416.084	0.16080000000147265	UpDownStatesTimeIntervals						UP	
27416.1248	0.04320000000006985	RippleTimeIntervals					27416.1536		
27416.752	0.26480000000083237	UpDownStatesTimeIntervals						UP	
27416.7952	0.051199999998061685	RippleTimeIntervals					27416.8224		
27417.8008	0.14799999999740976	UpDownStatesTimeIntervals						UP	
27418.6768	0.21279999999751453	UpDownStatesTimeIntervals						UP	
27419.6688	0.05040000000008149	RippleTimeIntervals					27419.6848		
27419.8696	0.04959999999846332	RippleTimeIntervals					27419.8736		
27420.0344	0.04160000000047148	RippleTimeIntervals					27420.0544		
27424.0184	0.0591999999996915	RippleTimeIntervals					27424.0616		
27426.9688	0.26480000000083237	UpDownStatesTimeIntervals						UP	
27427.0056	0.07600000000093132	RippleTimeIntervals					27427.048		
27427.3088	0.03280000000086147	RippleTimeIntervals					27427.3344		
27429.0544	0.04799999999886495	RippleTimeIntervals					27429.0712		
27429.2368	0.04080000000249129	RippleTimeIntervals					27429.2608		
27429.44	0.13760000000183936	UpDownStatesTimeIntervals						UP	
27429.4752	0.0591999999996915	RippleTimeIntervals					27429.4992		
27429.8552	0.26559999999881256	UpDownStatesTimeIntervals						UP	
27430.9968	0.22479999999995925	UpDownStatesTimeIntervals						UP	
27431.052	0.048800000000483124	RippleTimeIntervals					27431.0576		
27431.8408	0.14959999999700813	UpDownStatesTimeIntervals						UP	
27431.888	0.06079999999928987	RippleTimeIntervals					27431.9112		
27434.1104	0.3151999999972759	UpDownStatesTimeIntervals						UP	
27434.8144	0.0496000000021013	RippleTimeIntervals					27434.832		
27434.9608	0.13360000000102445	UpDownStatesTimeIntervals						UP	
27435.0136	0.047200000000884756	RippleTimeIntervals					27435.0304		
27435.312	0.03439999999682186	RippleTimeIntervals					27435.3288		
27440.756	0.06480000000010477	RippleTimeIntervals					27440.7944		
27440.9096	0.04400000000168802	RippleTimeIntervals					27440.9152		
27441.9512	0.04799999999886495	RippleTimeIntervals					27441.9768		
27442.0656	0.11439999999856809	UpDownStatesTimeIntervals						UP	
27442.2936	0.03600000000005821	RippleTimeIntervals					27442.3208		
27442.5112	0.047200000000884756	UpDownStatesTimeIntervals						DOWN	
27442.5584	0.11519999999654829	UpDownStatesTimeIntervals						UP	
27442.5832	0.07040000000051805	RippleTimeIntervals					27442.5944		
27443.2552	0.20799999999871943	UpDownStatesTimeIntervals						DOWN	
27443.4632	0.3456000000005588	UpDownStatesTimeIntervals						UP	
27444.008	0.06159999999727006	RippleTimeIntervals					27444.0168		
27444.212	0.14400000000023283	UpDownStatesTimeIntervals						UP	
27445.9016	0.2095999999983178	UpDownStatesTimeIntervals						UP	
27446.3096	0.25760000000082073	UpDownStatesTimeIntervals						DOWN	
27446.9816	0.05760000000009313	UpDownStatesTimeIntervals						DOWN	
27448.4864	0.16559999999662978	UpDownStatesTimeIntervals						UP	
27448.5272	0.06639999999970314	RippleTimeIntervals					27448.5672		
27449.804	0.32479999999850406	UpDownStatesTimeIntervals						UP	
27449.8584	0.04160000000047148	RippleTimeIntervals					27449.86		
27450.2144	0.28479999999763095	UpDownStatesTimeIntervals						DOWN	
27450.5344	0.051199999998061685	RippleTimeIntervals					27450.5488		
27450.7768	0.07280000000173459	UpDownStatesTimeIntervals						DOWN	
27450.8496	0.1224000000001979	UpDownStatesTimeIntervals						UP	
27450.888	0.06079999999928987	RippleTimeIntervals					27450.9008		
27451.0752	0.042400000002089655	RippleTimeIntervals					27451.0768		
27451.2808	0.21440000000075088	UpDownStatesTimeIntervals						DOWN	
27451.6304	0.05280000000129803	RippleTimeIntervals					27451.6696		
27451.7616	0.24799999999959255	UpDownStatesTimeIntervals						UP	
27452.284	0.22479999999995925	UpDownStatesTimeIntervals						DOWN	
27457.3536	0.15760000000227592	UpDownStatesTimeIntervals						UP	
27457.612	0.11919999999736319	UpDownStatesTimeIntervals						DOWN	
27460.5688	0.1463999999978114	UpDownStatesTimeIntervals						UP	
27460.6312	0.042399999998451676	RippleTimeIntervals					27460.6568		
27461.356	0.14319999999861466	UpDownStatesTimeIntervals						UP	
27462.8912	0.15680000000065775	UpDownStatesTimeIntervals						UP	
27464.4088	0.053599999999278225	RippleTimeIntervals					27464.4376		
27465.448	0.1543999999994412	UpDownStatesTimeIntervals						UP	
27467.6184	0.26480000000083237	UpDownStatesTimeIntervals						UP	
27467.6336	0.0591999999996915	RippleTimeIntervals					27467.6872		
27467.7912	0.0496000000021013	RippleTimeIntervals					27467.8224		
27470.776	0.23839999999836436	UpDownStatesTimeIntervals						UP	
27470.7816	0.10320000000137952	RippleTimeIntervals					27470.8456		
27471.7368	0.07760000000052969	UpDownStatesTimeIntervals						DOWN	
27473.1168	0.1863999999986845	UpDownStatesTimeIntervals						UP	
27474.0928	0.28800000000046566	UpDownStatesTimeIntervals						UP	
27474.1072	0.0544000000008964	RippleTimeIntervals					27474.1416		
27474.5904	0.059999999997671694	RippleTimeIntervals					27474.6288		
27474.948	0.07040000000051805	UpDownStatesTimeIntervals						DOWN	
27477.1168	0.2824000000000524	UpDownStatesTimeIntervals						DOWN	
27477.6232	0.18319999999948777	UpDownStatesTimeIntervals						UP	
27481.944	0.04320000000006985	RippleTimeIntervals					27481.9744		
27484.8544	0.2448000000003958	UpDownStatesTimeIntervals						UP	
27484.9016	0.04719999999724678	RippleTimeIntervals					27484.9168		
27485.7488	0.12159999999857973	UpDownStatesTimeIntervals						UP	
27485.9584	0.03680000000167638	RippleTimeIntervals					27485.9728		
27486.5064	0.12000000000261934	UpDownStatesTimeIntervals						UP	
27487.012	0.12559999999939464	UpDownStatesTimeIntervals						UP	
27488.428	0.13760000000183936	UpDownStatesTimeIntervals						UP	
27488.6496	0.044799999999668216	RippleTimeIntervals					27488.672		
27489.2672	0.10000000000218279	UpDownStatesTimeIntervals						DOWN	
27489.3672	0.2551999999996042	UpDownStatesTimeIntervals						UP	
27489.4208	0.040000000000873115	RippleTimeIntervals					27489.4272		
27489.7008	0.040000000000873115	RippleTimeIntervals					27489.7088		
27489.8104	0.04160000000047148	RippleTimeIntervals					27489.8272		
27491.2688	0.04399999999805004	RippleTimeIntervals					27491.2848		
27491.4424	0.3719999999993888	UpDownStatesTimeIntervals						UP	
27491.7712	0.048800000000483124	RippleTimeIntervals					27491.7944		
27491.876	0.1543999999994412	UpDownStatesTimeIntervals						DOWN	
27492.0304	0.2448000000003958	UpDownStatesTimeIntervals						UP	
27493.0432	0.21120000000155414	UpDownStatesTimeIntervals						UP	
27493.192	0.06639999999970314	RippleTimeIntervals					27493.2184		
27493.3264	0.18799999999828287	UpDownStatesTimeIntervals						DOWN	
27493.952	0.03359999999884167	UpDownStatesTimeIntervals						DOWN	
27493.9856	0.20239999999830616	UpDownStatesTimeIntervals						UP	
27496.1608	0.17119999999704305	UpDownStatesTimeIntervals						UP	
27497.2912	0.11520000000018626	UpDownStatesTimeIntervals						DOWN	
27497.4064	0.2688000000016473	UpDownStatesTimeIntervals						UP	
27498.1152	0.17599999999947613	UpDownStatesTimeIntervals						UP	
27498.9176	0.15279999999984284	UpDownStatesTimeIntervals						DOWN	
27499.0704	0.1543999999994412	UpDownStatesTimeIntervals						UP	
27499.8576	0.1728000000002794	UpDownStatesTimeIntervals						DOWN	
27500.0304	0.26959999999962747	UpDownStatesTimeIntervals						UP	
27500.0736	0.047200000000884756	RippleTimeIntervals					27500.1064		
27501.4776	0.25680000000284053	UpDownStatesTimeIntervals						DOWN	
27502.0648	0.1415999999990163	UpDownStatesTimeIntervals						UP	
27502.1168	0.04320000000006985	RippleTimeIntervals					27502.14		
27505.9864	0.058399999998073326	RippleTimeIntervals					27506.0168		
27508.3096	0.07679999999891152	RippleTimeIntervals					27508.3776		
27509.872	0.046399999999266583	RippleTimeIntervals					27509.8856		
27510.0104	0.06639999999970314	RippleTimeIntervals					27510.012		
27511.0448	0.04400000000168802	RippleTimeIntervals					27511.076		
27511.4016	0.13039999999818974	UpDownStatesTimeIntervals						UP	
27511.4456	0.044799999999668216	RippleTimeIntervals					27511.476		
27511.9256	0.20640000000275904	UpDownStatesTimeIntervals						DOWN	
27516.0	39.0	SleepStates							WAKEstate
27556.0	159.0	SleepStates							NREMstate
27560.988	0.062399999998888234	RippleTimeIntervals					27561.0128		
27562.4848	0.042400000002089655	RippleTimeIntervals					27562.4976		
27562.6112	0.13520000000062282	UpDownStatesTimeIntervals						UP	
27562.6456	0.06480000000010477	RippleTimeIntervals					27562.664		
27569.692	0.22960000000239233	UpDownStatesTimeIntervals						UP	
27569.7752	0.06560000000172295	RippleTimeIntervals					27569.8312		
27575.2112	0.04799999999886495	RippleTimeIntervals					27575.2448		
27576.8904	0.05040000000008149	RippleTimeIntervals					27576.9112		
27577.468	0.1591999999982363	UpDownStatesTimeIntervals						UP	
27577.5408	0.04400000000168802	RippleTimeIntervals					27577.5656		
27578.8416	0.06160000000090804	RippleTimeIntervals					27578.888		
27578.9328	0.15600000000267755	UpDownStatesTimeIntervals						UP	
27578.9984	0.05519999999887659	RippleTimeIntervals					27579.0136		
27580.5336	0.22639999999955762	UpDownStatesTimeIntervals						UP	
27580.5656	0.06159999999727006	RippleTimeIntervals					27580.6104		
27581.472	0.2831999999980326	UpDownStatesTimeIntervals						UP	
27585.116	0.05279999999766005	RippleTimeIntervals					27585.1528		
27585.4816	0.05760000000009313	RippleTimeIntervals					27585.5024		
27588.8104	0.05280000000129803	RippleTimeIntervals					27588.836		
27590.1664	0.05200000000331784	RippleTimeIntervals					27590.2016		
27590.4768	0.13839999999981956	UpDownStatesTimeIntervals						UP	
27590.5048	0.08079999999972642	RippleTimeIntervals					27590.5504		
27590.964	0.5400000000008731	UpDownStatesTimeIntervals						DOWN	
27591.504	0.1543999999994412	UpDownStatesTimeIntervals						UP	
27591.5336	0.08079999999972642	RippleTimeIntervals					27591.5632		
27592.1432	0.3080000000009022	UpDownStatesTimeIntervals						DOWN	
27592.4512	0.26559999999881256	UpDownStatesTimeIntervals						UP	
27592.5128	0.037599999999656575	RippleTimeIntervals					27592.5336		
27594.4608	0.04559999999764841	RippleTimeIntervals					27594.496		
27594.8072	0.14240000000063446	UpDownStatesTimeIntervals						UP	
27594.8296	0.06719999999768334	RippleTimeIntervals					27594.8768		
27595.284	0.11999999999898137	UpDownStatesTimeIntervals						DOWN	
27598.0712	0.1496000000006461	UpDownStatesTimeIntervals						UP	
27599.3592	0.17840000000069267	UpDownStatesTimeIntervals						UP	
27599.4192	0.04959999999846332	RippleTimeIntervals					27599.4592		
27600.148	0.27999999999883585	UpDownStatesTimeIntervals						UP	
27600.1888	0.09440000000176951	RippleTimeIntervals					27600.2104		
27601.9256	0.15279999999984284	UpDownStatesTimeIntervals						UP	
27602.4752	0.22959999999875436	UpDownStatesTimeIntervals						DOWN	
27603.7216	0.26719999999841093	UpDownStatesTimeIntervals						UP	
27603.7704	0.04559999999764841	RippleTimeIntervals					27603.7808		
27604.004	0.26239999999961583	UpDownStatesTimeIntervals						DOWN	
27604.2664	0.12879999999859137	UpDownStatesTimeIntervals						UP	
27604.3104	0.042400000002089655	RippleTimeIntervals					27604.332		
27605.0832	0.1455999999998312	UpDownStatesTimeIntervals						UP	
27605.14	0.047200000000884756	RippleTimeIntervals					27605.1576		
27607.5128	0.19679999999789288	UpDownStatesTimeIntervals						UP	
27608.144	0.24160000000119908	UpDownStatesTimeIntervals						UP	
27608.5552	0.053600000002916204	RippleTimeIntervals					27608.5816		
27608.8872	0.14400000000023283	UpDownStatesTimeIntervals						UP	
27608.94	0.056000000000494765	RippleTimeIntervals					27608.964		
27609.3672	0.18400000000110595	UpDownStatesTimeIntervals						UP	
27610.0336	0.13760000000183936	UpDownStatesTimeIntervals						UP	
27610.9032	0.23919999999998254	UpDownStatesTimeIntervals						UP	
27610.94	0.05680000000211294	RippleTimeIntervals					27610.96		
27611.0864	0.03840000000127475	RippleTimeIntervals					27611.0936		
27611.2512	0.0544000000008964	RippleTimeIntervals					27611.264		
27611.4424	0.13999999999941792	UpDownStatesTimeIntervals						UP	
27611.7288	0.2599999999983993	UpDownStatesTimeIntervals						DOWN	
27611.9888	0.13440000000264263	UpDownStatesTimeIntervals						UP	
27612.5584	0.13279999999940628	UpDownStatesTimeIntervals						UP	
27613.2144	0.1463999999978114	UpDownStatesTimeIntervals						UP	
27613.2728	0.044799999999668216	RippleTimeIntervals					27613.2832		
27614.0552	0.2128000000011525	UpDownStatesTimeIntervals						DOWN	
27614.268	0.23919999999998254	UpDownStatesTimeIntervals						UP	
27614.3032	0.06160000000090804	RippleTimeIntervals					27614.3408		
27615.3408	0.19759999999951106	UpDownStatesTimeIntervals						UP	
27615.6952	0.11680000000342261	UpDownStatesTimeIntervals						DOWN	
27616.2264	0.16560000000026776	UpDownStatesTimeIntervals						DOWN	
27617.2632	0.03919999999925494	UpDownStatesTimeIntervals						DOWN	
27618.088	0.16159999999945285	UpDownStatesTimeIntervals						UP	
27626.1336	0.1551999999974214	UpDownStatesTimeIntervals						UP	
27626.1928	0.0544000000008964	RippleTimeIntervals					27626.2328		
27626.4448	0.11199999999735155	UpDownStatesTimeIntervals						DOWN	
27626.5944	0.04959999999846332	RippleTimeIntervals					27626.6064		
27626.7208	0.14240000000063446	UpDownStatesTimeIntervals						UP	
27626.7904	0.03839999999763677	RippleTimeIntervals					27626.808		
27627.3792	0.2672000000020489	UpDownStatesTimeIntervals						UP	
27627.4128	0.06000000000130967	RippleTimeIntervals					27627.4368		
27628.6768	0.16319999999905122	UpDownStatesTimeIntervals						UP	
27628.7544	0.04399999999805004	RippleTimeIntervals					27628.772		
27629.3272	0.26080000000001746	UpDownStatesTimeIntervals						UP	
27629.3784	0.04719999999724678	RippleTimeIntervals					27629.3952		
27629.712	0.04400000000168802	RippleTimeIntervals					27629.728		
27629.8856	0.3007999999972526	UpDownStatesTimeIntervals						UP	
27629.9872	0.19919999999910942	UpDownStatesTimeIntervals						DOWN	
27631.1784	0.05760000000009313	RippleTimeIntervals					27631.2032		
27631.5992	0.13039999999818974	UpDownStatesTimeIntervals						UP	
27634.4856	0.15279999999984284	UpDownStatesTimeIntervals						UP	
27636.2704	0.14879999999902793	UpDownStatesTimeIntervals						UP	
27636.6888	0.2536000000000058	UpDownStatesTimeIntervals						DOWN	
27638.816	0.08000000000174623	UpDownStatesTimeIntervals						DOWN	
27639.524	0.19279999999707798	UpDownStatesTimeIntervals						UP	
27640.692	0.05760000000009313	RippleTimeIntervals					27640.7224		
27645.5768	0.06079999999928987	UpDownStatesTimeIntervals						DOWN	
27646.404	0.13440000000264263	UpDownStatesTimeIntervals						UP	
27646.448	0.062399999998888234	RippleTimeIntervals					27646.4536		
27646.872	0.06000000000130967	RippleTimeIntervals					27646.8904		
27647.0344	0.1415999999990163	UpDownStatesTimeIntervals						UP	
27647.0776	0.04959999999846332	RippleTimeIntervals					27647.08		
27647.3696	0.03919999999925494	RippleTimeIntervals					27647.3816		
27648.0064	0.2584000000024389	UpDownStatesTimeIntervals						UP	
27648.0672	0.04160000000047148	RippleTimeIntervals					27648.0784		
27649.372	0.45679999999993015	UpDownStatesTimeIntervals						UP	
27650.9016	0.2775999999976193	UpDownStatesTimeIntervals						UP	
27651.8096	0.08239999999932479	UpDownStatesTimeIntervals						DOWN	
27653.0096	0.15999999999985448	UpDownStatesTimeIntervals						UP	
27653.0792	0.042399999998451676	RippleTimeIntervals					27653.084		
27654.9536	0.1640000000006694	UpDownStatesTimeIntervals						DOWN	
27655.3968	0.2496000000028289	UpDownStatesTimeIntervals						UP	
27655.5416	0.058399999998073326	RippleTimeIntervals					27655.5592		
27655.9232	0.037599999999656575	RippleTimeIntervals					27655.9344		
27656.3424	0.15199999999822467	UpDownStatesTimeIntervals						UP	
27656.3912	0.05200000000331784	RippleTimeIntervals					27656.4168		
27661.0704	0.3503999999993539	UpDownStatesTimeIntervals						UP	
27661.0952	0.06880000000091968	RippleTimeIntervals					27661.1376		
27661.3504	0.0496000000021013	RippleTimeIntervals					27661.3696		
27662.4096	0.0544000000008964	RippleTimeIntervals					27662.4256		
27663.1336	0.05519999999887659	RippleTimeIntervals					27663.1576		
27663.3512	0.044799999999668216	RippleTimeIntervals					27663.3544		
27664.6632	0.06000000000130967	RippleTimeIntervals					27664.708		
27667.1224	0.2128000000011525	UpDownStatesTimeIntervals						UP	
27669.0648	0.15759999999863794	UpDownStatesTimeIntervals						UP	
27669.1016	0.07759999999689171	RippleTimeIntervals					27669.1592		
27670.1488	0.16159999999945285	UpDownStatesTimeIntervals						UP	
27671.7216	0.04079999999885331	RippleTimeIntervals					27671.7464		
27674.024	0.14479999999821302	UpDownStatesTimeIntervals						UP	
27675.5008	0.3719999999993888	UpDownStatesTimeIntervals						UP	
27675.54	0.05040000000008149	RippleTimeIntervals					27675.5736		
27675.8008	0.04320000000006985	RippleTimeIntervals					27675.808		
27676.5504	0.17039999999906286	UpDownStatesTimeIntervals						UP	
27676.5872	0.07199999999647844	RippleTimeIntervals					27676.6368		
27677.624	0.28320000000167056	UpDownStatesTimeIntervals						UP	
27678.9728	0.2855999999992491	UpDownStatesTimeIntervals						UP	
27679.1608	0.0639999999984866	RippleTimeIntervals					27679.1928		
27679.46	0.04080000000249129	RippleTimeIntervals					27679.4848		
27680.1568	0.051199999998061685	RippleTimeIntervals					27680.1848		
27680.9312	0.06160000000090804	RippleTimeIntervals					27680.9496		
27681.1184	0.03600000000005821	RippleTimeIntervals					27681.1208		
27681.7376	0.227999999999156	UpDownStatesTimeIntervals						UP	
27681.7744	0.05680000000211294	RippleTimeIntervals					27681.7904		
27682.0312	0.06159999999727006	RippleTimeIntervals					27682.076		
27682.2648	0.10559999999895808	UpDownStatesTimeIntervals						UP	
27682.2872	0.051200000001699664	RippleTimeIntervals					27682.308		
27684.6944	0.15599999999903957	UpDownStatesTimeIntervals						UP	
27687.6536	0.05040000000008149	RippleTimeIntervals					27687.7008		
27689.2104	0.27920000000085565	UpDownStatesTimeIntervals						UP	
27689.2632	0.04320000000006985	RippleTimeIntervals					27689.2832		
27689.608	0.236799999998766	UpDownStatesTimeIntervals						DOWN	
27689.8448	0.19840000000112923	UpDownStatesTimeIntervals						UP	
27694.6152	0.2407999999995809	UpDownStatesTimeIntervals						UP	
27694.6536	0.04719999999724678	RippleTimeIntervals					27694.6608		
27695.0784	0.03440000000045984	RippleTimeIntervals					27695.0904		
27695.16	0.31920000000172877	UpDownStatesTimeIntervals						UP	
27696.3696	0.1687999999994645	UpDownStatesTimeIntervals						UP	
27696.8976	0.5472000000008848	UpDownStatesTimeIntervals						DOWN	
27697.8312	0.21679999999832944	UpDownStatesTimeIntervals						UP	
27698.6288	0.2584000000024389	UpDownStatesTimeIntervals						UP	
27699.7488	0.05679999999847496	RippleTimeIntervals					27699.7752		
27701.752	0.14719999999942956	UpDownStatesTimeIntervals						UP	
27701.804	0.04560000000128639	RippleTimeIntervals					27701.828		
27704.2136	0.033600000002479646	RippleTimeIntervals					27704.2216		
27707.0072	0.058400000001711305	RippleTimeIntervals					27707.028		
27709.2568	0.14879999999902793	UpDownStatesTimeIntervals						UP	
27709.6176	0.33359999999811407	UpDownStatesTimeIntervals						DOWN	
27709.9512	0.23040000000037253	UpDownStatesTimeIntervals						UP	
27710.0064	0.04560000000128639	RippleTimeIntervals					27710.0392		
27710.5672	0.10639999999693828	UpDownStatesTimeIntervals						DOWN	
27710.6736	0.16000000000349246	UpDownStatesTimeIntervals						UP	
27710.7504	0.047200000000884756	RippleTimeIntervals					27710.7584		
27711.5632	0.263200000001234	UpDownStatesTimeIntervals						UP	
27712.4952	0.2511999999987893	UpDownStatesTimeIntervals						UP	
27713.5808	0.06160000000090804	RippleTimeIntervals					27713.6104		
27716.0	53.0	SleepStates							WAKEstate
27754.2608	0.06079999999928987	RippleTimeIntervals					27754.2984		
27760.0288	0.06480000000010477	RippleTimeIntervals					27760.0576		
27760.4704	0.08720000000175787	RippleTimeIntervals					27760.5128		
27762.9864	0.0367999999980384	RippleTimeIntervals					27762.988		
27770.0	173.0	SleepStates							NREMstate
27772.9912	0.04560000000128639	RippleTimeIntervals					27773.024		
27773.092	0.0864000000001397	UpDownStatesTimeIntervals						DOWN	
27773.1784	0.25279999999838765	UpDownStatesTimeIntervals						UP	
27773.2008	0.058400000001711305	RippleTimeIntervals					27773.2296		
27776.0832	0.2815999999984342	UpDownStatesTimeIntervals						UP	
27776.132	0.055999999996856786	RippleTimeIntervals					27776.1504		
27776.6872	0.14719999999942956	UpDownStatesTimeIntervals						DOWN	
27776.8704	0.04160000000047148	RippleTimeIntervals					27776.8896		
27777.024	0.12559999999939464	UpDownStatesTimeIntervals						UP	
27777.0608	0.048800000000483124	RippleTimeIntervals					27777.0904		
27777.2504	0.04959999999846332	RippleTimeIntervals					27777.2824		
27777.6064	0.19679999999789288	UpDownStatesTimeIntervals						UP	
27777.6992	0.06240000000252621	RippleTimeIntervals					27777.7312		
27778.1248	0.14879999999902793	UpDownStatesTimeIntervals						DOWN	
27778.2736	0.20720000000073924	UpDownStatesTimeIntervals						UP	
27781.1424	0.14400000000023283	UpDownStatesTimeIntervals						UP	
27781.168	0.05760000000009313	RippleTimeIntervals					27781.2136		
27781.5496	0.26000000000203727	UpDownStatesTimeIntervals						UP	
27781.5888	0.051199999998061685	RippleTimeIntervals					27781.6024		
27782.5448	0.227999999999156	UpDownStatesTimeIntervals						UP	
27782.6016	0.04559999999764841	RippleTimeIntervals					27782.6336		
27784.7024	0.136000000002241	UpDownStatesTimeIntervals						DOWN	
27784.8384	0.2232000000003609	UpDownStatesTimeIntervals						UP	
27785.6168	0.20639999999912106	UpDownStatesTimeIntervals						UP	
27785.936	0.06559999999808497	RippleTimeIntervals					27785.9632		
27786.1888	0.15520000000105938	UpDownStatesTimeIntervals						DOWN	
27786.344	0.12080000000059954	UpDownStatesTimeIntervals						UP	
27786.5472	0.04799999999886495	RippleTimeIntervals					27786.564		
27786.724	0.20240000000194414	UpDownStatesTimeIntervals						UP	
27786.752	0.03919999999925494	RippleTimeIntervals					27786.7528		
27786.8632	0.046399999999266583	RippleTimeIntervals					27786.8664		
27787.0944	0.039999999997235136	RippleTimeIntervals					27787.104		
27788.1176	0.16639999999824795	UpDownStatesTimeIntervals						UP	
27788.8016	0.06880000000091968	UpDownStatesTimeIntervals						DOWN	
27789.6944	0.2583999999988009	UpDownStatesTimeIntervals						UP	
27789.7448	0.04399999999805004	RippleTimeIntervals					27789.7728		
27790.756	0.15279999999984284	UpDownStatesTimeIntervals						UP	
27790.8176	0.05040000000008149	RippleTimeIntervals					27790.8456		
27791.6416	0.13839999999981956	UpDownStatesTimeIntervals						UP	
27791.696	0.04400000000168802	RippleTimeIntervals					27791.716		
27792.5288	0.06560000000172295	RippleTimeIntervals					27792.564		
27792.7192	0.2767999999996391	UpDownStatesTimeIntervals						UP	
27792.7648	0.07839999999850988	RippleTimeIntervals					27792.784		
27793.1792	0.23359999999956926	UpDownStatesTimeIntervals						DOWN	
27793.4128	0.1592000000018743	UpDownStatesTimeIntervals						UP	
27793.4608	0.05040000000008149	RippleTimeIntervals					27793.4816		
27794.4632	0.29760000000169384	UpDownStatesTimeIntervals						UP	
27795.1176	0.2591999999967811	UpDownStatesTimeIntervals						DOWN	
27795.3768	0.30160000000250875	UpDownStatesTimeIntervals						UP	
27795.5096	0.062399999998888234	RippleTimeIntervals					27795.5616		
27796.3192	0.13839999999981956	UpDownStatesTimeIntervals						UP	
27796.3744	0.04559999999764841	RippleTimeIntervals					27796.3776		
27796.848	0.17599999999947613	UpDownStatesTimeIntervals						DOWN	
27797.024	0.16239999999743304	UpDownStatesTimeIntervals						UP	
27797.3712	0.23599999999714782	UpDownStatesTimeIntervals						DOWN	
27797.6072	0.23680000000240398	UpDownStatesTimeIntervals						UP	
27799.6784	0.27999999999883585	UpDownStatesTimeIntervals						UP	
27800.1056	0.49760000000242144	UpDownStatesTimeIntervals						DOWN	
27800.6032	0.13599999999860302	UpDownStatesTimeIntervals						UP	
27800.6376	0.07840000000214786	RippleTimeIntervals					27800.6672		
27800.8056	0.051200000001699664	RippleTimeIntervals					27800.8168		
27805.148	0.1224000000001979	UpDownStatesTimeIntervals						UP	
27805.3552	0.13839999999981956	UpDownStatesTimeIntervals						DOWN	
27805.5384	0.03359999999884167	RippleTimeIntervals					27805.56		
27806.7464	0.040000000000873115	RippleTimeIntervals					27806.7512		
27807.6952	0.21520000000236905	UpDownStatesTimeIntervals						UP	
27807.7448	0.048800000000483124	RippleTimeIntervals					27807.7616		
27808.2608	0.13999999999941792	UpDownStatesTimeIntervals						UP	
27808.3032	0.060800000002927845	RippleTimeIntervals					27808.3224		
27808.736	0.16799999999784632	UpDownStatesTimeIntervals						UP	
27809.5696	0.25120000000242726	UpDownStatesTimeIntervals						UP	
27810.5776	0.26159999999799766	UpDownStatesTimeIntervals						UP	
27811.3184	0.28399999999965075	UpDownStatesTimeIntervals						UP	
27811.7096	0.2768000000032771	UpDownStatesTimeIntervals						DOWN	
27811.9864	0.1511999999966065	UpDownStatesTimeIntervals						UP	
27812.6768	0.16639999999824795	UpDownStatesTimeIntervals						DOWN	
27812.8432	0.1415999999990163	UpDownStatesTimeIntervals						UP	
27813.4912	0.14400000000023283	UpDownStatesTimeIntervals						UP	
27813.5544	0.05040000000008149	RippleTimeIntervals					27813.5808		
27813.7104	0.037599999999656575	UpDownStatesTimeIntervals						DOWN	
27813.9224	0.05519999999887659	RippleTimeIntervals					27813.9256		
27814.092	0.11119999999937136	UpDownStatesTimeIntervals						UP	
27814.5464	0.2407999999995809	UpDownStatesTimeIntervals						UP	
27814.716	0.03440000000045984	RippleTimeIntervals					27814.7384		
27815.908	0.22400000000197906	UpDownStatesTimeIntervals						UP	
27816.2272	0.09519999999974971	UpDownStatesTimeIntervals						DOWN	
27816.4808	0.21199999999953434	UpDownStatesTimeIntervals						UP	
27817.2352	0.2175999999999476	UpDownStatesTimeIntervals						UP	
27819.52	0.34799999999813735	UpDownStatesTimeIntervals						UP	
27819.5544	0.051199999998061685	RippleTimeIntervals					27819.5832		
27819.6928	0.03359999999884167	RippleTimeIntervals					27819.6936		
27820.5232	0.14879999999902793	UpDownStatesTimeIntervals						DOWN	
27823.8184	0.15599999999903957	UpDownStatesTimeIntervals						UP	
27824.7168	0.04800000000250293	UpDownStatesTimeIntervals						DOWN	
27827.2776	0.16639999999824795	UpDownStatesTimeIntervals						UP	
27827.3256	0.05199999999967986	RippleTimeIntervals					27827.3544		
27827.788	0.1368000000002212	UpDownStatesTimeIntervals						UP	
27827.828	0.06799999999930151	RippleTimeIntervals					27827.8576		
27828.436	0.1584000000002561	UpDownStatesTimeIntervals						UP	
27828.4888	0.04400000000168802	RippleTimeIntervals					27828.5128		
27829.0432	0.26719999999841093	UpDownStatesTimeIntervals						UP	
27829.0816	0.046399999999266583	RippleTimeIntervals					27829.0976		
27832.1912	0.23760000000038417	UpDownStatesTimeIntervals						UP	
27832.6064	0.21919999999954598	UpDownStatesTimeIntervals						DOWN	
27833.1952	0.561600000000908	UpDownStatesTimeIntervals						DOWN	
27833.7568	0.18000000000029104	UpDownStatesTimeIntervals						UP	
27837.4792	0.058399999998073326	RippleTimeIntervals					27837.5176		
27840.5984	0.21840000000156579	UpDownStatesTimeIntervals						UP	
27841.4704	0.17840000000069267	UpDownStatesTimeIntervals						DOWN	
27842.3152	0.1543999999994412	UpDownStatesTimeIntervals						UP	
27849.6768	0.11439999999856809	UpDownStatesTimeIntervals						UP	
27850.1976	0.17039999999906286	UpDownStatesTimeIntervals						UP	
27850.64	0.042400000002089655	RippleTimeIntervals					27850.6512		
27850.9432	0.13519999999698484	UpDownStatesTimeIntervals						UP	
27851.0096	0.04079999999885331	RippleTimeIntervals					27851.012		
27851.812	0.1863999999986845	UpDownStatesTimeIntervals						UP	
27851.9208	0.05040000000008149	RippleTimeIntervals					27851.9344		
27852.5984	0.26000000000203727	UpDownStatesTimeIntervals						UP	
27852.7712	0.03600000000005821	RippleTimeIntervals					27852.7992		
27853.4704	0.2800000000024738	UpDownStatesTimeIntervals						UP	
27854.5824	0.3631999999997788	UpDownStatesTimeIntervals						UP	
27854.6272	0.04400000000168802	RippleTimeIntervals					27854.6424		
27854.8816	0.042399999998451676	RippleTimeIntervals					27854.8928		
27855.4304	0.6775999999990745	UpDownStatesTimeIntervals						UP	
27858.5928	0.23040000000037253	UpDownStatesTimeIntervals						UP	
27860.6256	0.15200000000186265	UpDownStatesTimeIntervals						DOWN	
27860.7776	0.24879999999757274	UpDownStatesTimeIntervals						UP	
27860.94	0.03440000000045984	RippleTimeIntervals					27860.956		
27862.0232	0.14879999999902793	UpDownStatesTimeIntervals						UP	
27862.0688	0.06719999999768334	RippleTimeIntervals					27862.0816		
27862.6728	0.35199999999895226	UpDownStatesTimeIntervals						UP	
27863.3256	0.3191999999980908	UpDownStatesTimeIntervals						DOWN	
27865.104	0.2760000000016589	UpDownStatesTimeIntervals						UP	
27865.272	0.04079999999885331	RippleTimeIntervals					27865.3064		
27866.4248	0.16799999999784632	UpDownStatesTimeIntervals						DOWN	
27866.9488	0.2536000000000058	UpDownStatesTimeIntervals						UP	
27867.232	0.06079999999928987	RippleTimeIntervals					27867.2736		
27867.4296	0.272000000000844	UpDownStatesTimeIntervals						DOWN	
27867.7016	0.15680000000065775	UpDownStatesTimeIntervals						UP	
27867.76	0.05200000000331784	RippleTimeIntervals					27867.7928		
27869.1592	0.2640000000028522	UpDownStatesTimeIntervals						UP	
27869.2056	0.04959999999846332	RippleTimeIntervals					27869.2224		
27872.4792	0.337599999998929	UpDownStatesTimeIntervals						UP	
27872.6232	0.042399999998451676	RippleTimeIntervals					27872.66		
27872.9912	0.35359999999855063	UpDownStatesTimeIntervals						DOWN	
27874.6624	0.22479999999995925	UpDownStatesTimeIntervals						UP	
27875.3552	0.15679999999701977	UpDownStatesTimeIntervals						UP	
27875.4104	0.04799999999886495	RippleTimeIntervals					27875.436		
27878.0832	0.22479999999995925	UpDownStatesTimeIntervals						UP	
27878.1384	0.047200000000884756	RippleTimeIntervals					27878.1528		
27879.0912	0.1808000000019092	UpDownStatesTimeIntervals						UP	
27879.34	0.2047999999995227	UpDownStatesTimeIntervals						DOWN	
27879.8592	0.04800000000250293	RippleTimeIntervals					27879.8776		
27880.0256	0.1415999999990163	UpDownStatesTimeIntervals						UP	
27880.0848	0.04559999999764841	RippleTimeIntervals					27880.0896		
27880.2416	0.789600000000064	UpDownStatesTimeIntervals						DOWN	
27881.5304	0.17199999999866122	UpDownStatesTimeIntervals						UP	
27882.6816	0.1680000000014843	UpDownStatesTimeIntervals						UP	
27883.4952	0.18559999999706633	UpDownStatesTimeIntervals						UP	
27885.8992	0.2824000000000524	UpDownStatesTimeIntervals						UP	
27886.5888	0.26239999999961583	UpDownStatesTimeIntervals						UP	
27886.7736	0.042399999998451676	RippleTimeIntervals					27886.7968		
27887.0688	0.29439999999885913	UpDownStatesTimeIntervals						DOWN	
27887.3632	0.09839999999894644	UpDownStatesTimeIntervals						UP	
27887.5752	0.042400000002089655	RippleTimeIntervals					27887.5944		
27887.7176	0.25760000000082073	UpDownStatesTimeIntervals						UP	
27887.8768	0.07040000000051805	RippleTimeIntervals					27887.9064		
27888.3624	0.14959999999700813	UpDownStatesTimeIntervals						UP	
27888.4312	0.056000000000494765	RippleTimeIntervals					27888.452		
27888.8512	0.2815999999984342	UpDownStatesTimeIntervals						UP	
27890.0128	0.25600000000122236	UpDownStatesTimeIntervals						DOWN	
27890.2688	0.14479999999821302	UpDownStatesTimeIntervals						UP	
27893.4176	0.21999999999752617	UpDownStatesTimeIntervals						DOWN	
27893.6376	0.1640000000006694	UpDownStatesTimeIntervals						UP	
27894.2424	0.12320000000181608	UpDownStatesTimeIntervals						DOWN	
27898.388	0.37039999999979045	UpDownStatesTimeIntervals						UP	
27898.5304	0.04560000000128639	RippleTimeIntervals					27898.54		
27899.0904	0.13520000000062282	UpDownStatesTimeIntervals						DOWN	
27900.756	0.12960000000020955	UpDownStatesTimeIntervals						UP	
27901.7136	0.26080000000001746	UpDownStatesTimeIntervals						UP	
27901.752	0.051199999998061685	RippleTimeIntervals					27901.784		
27901.8968	0.033600000002479646	RippleTimeIntervals					27901.9008		
27902.1344	0.2175999999999476	UpDownStatesTimeIntervals						DOWN	
27902.352	0.14240000000063446	UpDownStatesTimeIntervals						UP	
27902.4	0.03439999999682186	RippleTimeIntervals					27902.4088		
27903.4144	0.3095999999968626	UpDownStatesTimeIntervals						UP	
27906.3384	0.2007999999987078	UpDownStatesTimeIntervals						UP	
27907.1056	0.24720000000161235	UpDownStatesTimeIntervals						UP	
27909.0744	0.055999999996856786	RippleTimeIntervals					27909.088		
27910.2472	0.042399999998451676	RippleTimeIntervals					27910.2712		
27912.1336	0.06079999999928987	UpDownStatesTimeIntervals						DOWN	
27912.7704	0.227999999999156	UpDownStatesTimeIntervals						UP	
27913.7408	0.1952000000019325	UpDownStatesTimeIntervals						UP	
27914.3304	0.1728000000002794	UpDownStatesTimeIntervals						DOWN	
27914.9352	0.10399999999935972	UpDownStatesTimeIntervals						UP	
27914.972	0.04559999999764841	RippleTimeIntervals					27914.9904		
27915.5472	0.15279999999984284	UpDownStatesTimeIntervals						UP	
27915.5776	0.04320000000006985	RippleTimeIntervals					27915.5792		
27916.056	0.25760000000082073	UpDownStatesTimeIntervals						UP	
27916.596	0.1455999999998312	UpDownStatesTimeIntervals						UP	
27917.196	0.1455999999998312	UpDownStatesTimeIntervals						UP	
27917.2472	0.06480000000010477	RippleTimeIntervals					27917.2784		
27918.2192	0.14400000000023283	UpDownStatesTimeIntervals						UP	
27919.1888	0.25600000000122236	UpDownStatesTimeIntervals						UP	
27919.2344	0.04959999999846332	RippleTimeIntervals					27919.248		
27920.448	0.14879999999902793	UpDownStatesTimeIntervals						UP	
27920.4856	0.07839999999850988	RippleTimeIntervals					27920.5288		
27921.0024	0.5416000000004715	UpDownStatesTimeIntervals						DOWN	
27921.544	0.23839999999836436	UpDownStatesTimeIntervals						UP	
27921.5568	0.04560000000128639	RippleTimeIntervals					27921.588		
27922.4872	0.2319999999999709	UpDownStatesTimeIntervals						UP	
27922.548	0.0496000000021013	RippleTimeIntervals					27922.5664		
27923.5304	0.1415999999990163	UpDownStatesTimeIntervals						UP	
27924.1304	0.14800000000104774	UpDownStatesTimeIntervals						DOWN	
27924.9968	0.15759999999863794	UpDownStatesTimeIntervals						UP	
27929.0808	0.346399999998539	UpDownStatesTimeIntervals						UP	
27929.9008	0.05680000000211294	UpDownStatesTimeIntervals						DOWN	
27931.208	0.21360000000277068	UpDownStatesTimeIntervals						UP	
27932.2416	0.2791999999972177	UpDownStatesTimeIntervals						UP	
27932.2904	0.04079999999885331	RippleTimeIntervals					27932.2944		
27932.7808	0.48400000000037835	UpDownStatesTimeIntervals						DOWN	
27933.2648	0.38559999999779393	UpDownStatesTimeIntervals						UP	
27934.3624	0.2647999999971944	UpDownStatesTimeIntervals						UP	
27934.4336	0.037599999999656575	RippleTimeIntervals					27934.4544		
27934.9936	0.32079999999768916	UpDownStatesTimeIntervals						DOWN	
27935.3144	0.4544000000023516	UpDownStatesTimeIntervals						UP	
27936.4072	0.15999999999985448	UpDownStatesTimeIntervals						UP	
27936.8136	0.236799999998766	UpDownStatesTimeIntervals						UP	
27936.872	0.04560000000128639	RippleTimeIntervals					27936.876		
27937.872	0.5031999999991967	UpDownStatesTimeIntervals						DOWN	
27938.3752	0.34720000000015716	UpDownStatesTimeIntervals						UP	
27939.3888	0.15759999999863794	UpDownStatesTimeIntervals						UP	
27939.4416	0.05200000000331784	RippleTimeIntervals					27939.4752		
27941.9912	0.15279999999984284	UpDownStatesTimeIntervals						UP	
27942.028	0.07440000000133296	RippleTimeIntervals					27942.0696		
27942.896	0.22639999999955762	UpDownStatesTimeIntervals						UP	
27944.0	15.0	SleepStates							WAKEstate
27960.0	207.0	SleepStates							NREMstate
27960.0072	0.1455999999998312	UpDownStatesTimeIntervals						UP	
27960.0456	0.06559999999808497	RippleTimeIntervals					27960.0736		
27965.6704	0.14400000000023283	UpDownStatesTimeIntervals						UP	
27968.4992	0.1496000000006461	UpDownStatesTimeIntervals						UP	
27969.2464	0.06959999999889988	UpDownStatesTimeIntervals						DOWN	
27970.3688	0.047200000000884756	RippleTimeIntervals					27970.4008		
27970.4888	0.14879999999902793	UpDownStatesTimeIntervals						UP	
27970.5464	0.051200000001699664	RippleTimeIntervals					27970.564		
27970.7	0.046399999999266583	RippleTimeIntervals					27970.7096		
27971.356	0.10559999999895808	UpDownStatesTimeIntervals						DOWN	
27971.4616	0.1455999999998312	UpDownStatesTimeIntervals						UP	
27971.4952	0.08319999999730499	RippleTimeIntervals					27971.524		
27972.3752	0.15680000000065775	UpDownStatesTimeIntervals						UP	
27972.4264	0.056000000000494765	RippleTimeIntervals					27972.4456		
27973.1824	0.0367999999980384	RippleTimeIntervals					27973.2056		
27974.0704	0.15759999999863794	UpDownStatesTimeIntervals						UP	
27974.1272	0.056000000000494765	RippleTimeIntervals					27974.16		
27974.7872	0.15999999999985448	UpDownStatesTimeIntervals						DOWN	
27977.6976	0.08079999999972642	UpDownStatesTimeIntervals						DOWN	
27978.228	0.05520000000251457	RippleTimeIntervals					27978.2696		
27978.4272	0.07360000000335276	RippleTimeIntervals					27978.448		
27978.548	0.12160000000221771	UpDownStatesTimeIntervals						UP	
27978.604	0.04400000000168802	RippleTimeIntervals					27978.6112		
27978.9208	0.053599999999278225	RippleTimeIntervals					27978.9336		
27980.3416	0.23840000000200234	UpDownStatesTimeIntervals						UP	
27980.3928	0.05199999999967986	RippleTimeIntervals					27980.3976		
27981.2776	0.07519999999931315	UpDownStatesTimeIntervals						DOWN	
27981.648	0.32400000000052387	UpDownStatesTimeIntervals						UP	
27982.4744	0.15760000000227592	UpDownStatesTimeIntervals						UP	
27982.508	0.07439999999769498	RippleTimeIntervals					27982.56		
27982.8064	0.2736000000004424	UpDownStatesTimeIntervals						DOWN	
27983.3632	0.11439999999856809	UpDownStatesTimeIntervals						UP	
27983.4112	0.047200000000884756	RippleTimeIntervals					27983.4128		
27983.7424	0.03600000000005821	RippleTimeIntervals					27983.7432		
27983.9744	0.1224000000001979	UpDownStatesTimeIntervals						UP	
27984.0288	0.03919999999925494	RippleTimeIntervals					27984.0352		
27985.1608	0.044799999999668216	RippleTimeIntervals					27985.1656		
27985.42	0.1320000000014261	UpDownStatesTimeIntervals						UP	
27985.464	0.04560000000128639	RippleTimeIntervals					27985.472		
27985.608	0.03359999999884167	RippleTimeIntervals					27985.6224		
27985.8768	0.053600000002916204	RippleTimeIntervals					27985.8968		
27986.8288	0.2584000000024389	UpDownStatesTimeIntervals						UP	
27987.4576	0.10159999999814318	UpDownStatesTimeIntervals						DOWN	
27988.7384	0.1640000000006694	UpDownStatesTimeIntervals						UP	
27988.8032	0.04640000000290456	RippleTimeIntervals					27988.828		
27990.0512	0.22239999999874271	UpDownStatesTimeIntervals						DOWN	
27990.2736	0.18000000000029104	UpDownStatesTimeIntervals						UP	
27990.3016	0.0632000000005064	RippleTimeIntervals					27990.3448		
27990.5488	0.04160000000047148	RippleTimeIntervals					27990.556		
27991.5904	0.35599999999976717	UpDownStatesTimeIntervals						UP	
27995.3504	0.23359999999956926	UpDownStatesTimeIntervals						UP	
27996.8072	0.30240000000048894	UpDownStatesTimeIntervals						UP	
27996.8576	0.05199999999967986	RippleTimeIntervals					27996.8784		
27997.6832	0.34800000000177533	UpDownStatesTimeIntervals						UP	
27997.7488	0.06079999999928987	RippleTimeIntervals					27997.7712		
27998.152	0.2712000000028638	UpDownStatesTimeIntervals						DOWN	
27998.296	0.0496000000021013	RippleTimeIntervals					27998.3352		
27998.4232	0.2088000000003376	UpDownStatesTimeIntervals						UP	
27998.8336	0.11439999999856809	UpDownStatesTimeIntervals						DOWN	
27998.948	0.2680000000000291	UpDownStatesTimeIntervals						UP	
28002.3952	0.14640000000144937	UpDownStatesTimeIntervals						UP	
28002.9592	0.14319999999861466	UpDownStatesTimeIntervals						DOWN	
28003.1024	0.2848000000012689	UpDownStatesTimeIntervals						UP	
28004.436	0.21999999999752617	UpDownStatesTimeIntervals						UP	
28005.3712	0.13439999999900465	UpDownStatesTimeIntervals						UP	
28006.204	0.2591999999967811	UpDownStatesTimeIntervals						UP	
28007.184	0.2871999999988475	UpDownStatesTimeIntervals						UP	
28007.3936	0.048800000000483124	RippleTimeIntervals					28007.4024		
28008.6472	0.13119999999980791	UpDownStatesTimeIntervals						UP	
28008.7016	0.04160000000047148	RippleTimeIntervals					28008.7064		
28009.104	0.1687999999994645	UpDownStatesTimeIntervals						UP	
28009.1392	0.04320000000006985	RippleTimeIntervals					28009.168		
28009.7304	0.17840000000069267	UpDownStatesTimeIntervals						DOWN	
28010.2472	0.30239999999685097	UpDownStatesTimeIntervals						DOWN	
28010.5496	0.15999999999985448	UpDownStatesTimeIntervals						UP	
28011.3616	0.10640000000057626	UpDownStatesTimeIntervals						DOWN	
28015.0072	0.15680000000065775	UpDownStatesTimeIntervals						UP	
28016.0408	0.19440000000031432	UpDownStatesTimeIntervals						UP	
28018.2816	0.14240000000063446	UpDownStatesTimeIntervals						UP	
28018.856	0.0544000000008964	RippleTimeIntervals					28018.8832		
28018.9896	0.031199999997625127	RippleTimeIntervals					28019.0072		
28019.2056	0.03440000000045984	UpDownStatesTimeIntervals						DOWN	
28019.24	0.24239999999917927	UpDownStatesTimeIntervals						UP	
28019.272	0.06719999999768334	RippleTimeIntervals					28019.3008		
28020.28	0.1543999999994412	UpDownStatesTimeIntervals						UP	
28020.3472	0.03919999999925494	RippleTimeIntervals					28020.3512		
28022.9	0.28399999999965075	UpDownStatesTimeIntervals						DOWN	
28023.2424	0.06000000000130967	RippleTimeIntervals					28023.2656		
28023.492	0.127200000002631	UpDownStatesTimeIntervals						UP	
28023.5288	0.06079999999928987	RippleTimeIntervals					28023.5528		
28024.1464	0.2767999999996391	UpDownStatesTimeIntervals						UP	
28024.1832	0.058400000001711305	RippleTimeIntervals					28024.2176		
28026.9	0.2959999999984575	UpDownStatesTimeIntervals						UP	
28028.0648	0.14640000000144937	UpDownStatesTimeIntervals						UP	
28028.0984	0.058400000001711305	RippleTimeIntervals					28028.128		
28028.3416	0.056000000000494765	RippleTimeIntervals					28028.3752		
28029.7864	0.14400000000023283	UpDownStatesTimeIntervals						UP	
28030.5328	0.18720000000030268	UpDownStatesTimeIntervals						DOWN	
28030.72	0.20160000000032596	UpDownStatesTimeIntervals						UP	
28035.244	0.04400000000168802	RippleTimeIntervals					28035.2648		
28035.4264	0.04799999999886495	RippleTimeIntervals					28035.4424		
28036.6176	0.2591999999967811	UpDownStatesTimeIntervals						UP	
28036.7864	0.053599999999278225	RippleTimeIntervals					28036.8072		
28038.1256	0.136000000002241	UpDownStatesTimeIntervals						UP	
28038.164	0.08239999999932479	RippleTimeIntervals					28038.1744		
28038.3568	0.03839999999763677	RippleTimeIntervals					28038.3632		
28038.7912	0.0632000000005064	RippleTimeIntervals					28038.8328		
28040.0816	0.24719999999797437	UpDownStatesTimeIntervals						UP	
28040.368	0.2736000000004424	UpDownStatesTimeIntervals						DOWN	
28041.6712	0.15359999999782303	UpDownStatesTimeIntervals						UP	
28042.7128	0.2863999999972293	UpDownStatesTimeIntervals						UP	
28042.7488	0.07519999999931315	RippleTimeIntervals					28042.7896		
28043.6928	0.27999999999883585	UpDownStatesTimeIntervals						UP	
28044.3552	0.23039999999673455	UpDownStatesTimeIntervals						DOWN	
28045.964	0.03840000000127475	RippleTimeIntervals					28045.98		
28046.7808	0.21119999999791617	UpDownStatesTimeIntervals						UP	
28047.5032	0.12080000000059954	UpDownStatesTimeIntervals						DOWN	
28049.8488	0.16159999999945285	UpDownStatesTimeIntervals						UP	
28050.5016	0.1455999999998312	UpDownStatesTimeIntervals						UP	
28051.7744	0.051200000001699664	RippleTimeIntervals					28051.788		
28052.0744	0.05279999999766005	RippleTimeIntervals					28052.0816		
28052.8808	0.07040000000051805	UpDownStatesTimeIntervals						UP	
28053.7648	0.19039999999949941	UpDownStatesTimeIntervals						DOWN	
28053.9552	0.23040000000037253	UpDownStatesTimeIntervals						UP	
28055.056	0.04959999999846332	RippleTimeIntervals					28055.0808		
28055.1944	0.14240000000063446	UpDownStatesTimeIntervals						UP	
28055.2392	0.06560000000172295	RippleTimeIntervals					28055.268		
28056.6376	0.040000000000873115	RippleTimeIntervals					28056.66		
28056.8296	0.15999999999985448	UpDownStatesTimeIntervals						UP	
28057.4384	0.15600000000267755	UpDownStatesTimeIntervals						UP	
28058.1112	0.15520000000105938	UpDownStatesTimeIntervals						UP	
28059.1032	0.19519999999829452	UpDownStatesTimeIntervals						UP	
28059.8808	0.23680000000240398	UpDownStatesTimeIntervals						UP	
28061.424	0.1408000000010361	UpDownStatesTimeIntervals						UP	
28062.8392	0.16160000000309083	UpDownStatesTimeIntervals						UP	
28065.1744	0.25600000000122236	UpDownStatesTimeIntervals						UP	
28065.8832	0.29839999999967404	UpDownStatesTimeIntervals						UP	
28070.3352	0.14079999999739812	UpDownStatesTimeIntervals						UP	
28070.8088	0.1680000000014843	UpDownStatesTimeIntervals						UP	
28071.3712	0.2680000000000291	UpDownStatesTimeIntervals						UP	
28071.3992	0.07359999999971478	RippleTimeIntervals					28071.448		
28071.9408	0.19280000000071595	UpDownStatesTimeIntervals						DOWN	
28072.1336	0.23439999999754946	UpDownStatesTimeIntervals						UP	
28072.2816	0.053600000002916204	RippleTimeIntervals					28072.3		
28072.5456	0.053599999999278225	RippleTimeIntervals					28072.5464		
28073.1424	0.17519999999785796	UpDownStatesTimeIntervals						UP	
28073.8856	0.2767999999996391	UpDownStatesTimeIntervals						UP	
28074.644	0.26640000000043074	UpDownStatesTimeIntervals						UP	
28075.6856	0.12879999999859137	UpDownStatesTimeIntervals						UP	
28075.6936	0.09280000000217115	RippleTimeIntervals					28075.7616		
28075.9	0.046399999999266583	RippleTimeIntervals					28075.9256		
28076.1848	0.2776000000012573	UpDownStatesTimeIntervals						DOWN	
28076.6488	0.1455999999998312	UpDownStatesTimeIntervals						UP	
28076.7056	0.04079999999885331	RippleTimeIntervals					28076.7304		
28077.3624	0.15279999999984284	UpDownStatesTimeIntervals						UP	
28077.8536	0.19440000000031432	UpDownStatesTimeIntervals						UP	
28079.3928	0.2559999999975844	UpDownStatesTimeIntervals						UP	
28079.4312	0.05760000000009313	RippleTimeIntervals					28079.452		
28080.9904	0.12960000000020955	UpDownStatesTimeIntervals						UP	
28081.6848	0.3544000000001688	UpDownStatesTimeIntervals						UP	
28082.6384	0.10480000000097789	UpDownStatesTimeIntervals						UP	
28082.8784	0.43360000000029686	UpDownStatesTimeIntervals						UP	
28083.1592	0.04560000000128639	RippleTimeIntervals					28083.1936		
28084.3168	0.15199999999822467	UpDownStatesTimeIntervals						UP	
28084.3792	0.0544000000008964	RippleTimeIntervals					28084.4096		
28088.0904	0.3168000000005122	UpDownStatesTimeIntervals						UP	
28093.5496	0.12160000000221771	UpDownStatesTimeIntervals						UP	
28094.5024	0.14319999999861466	UpDownStatesTimeIntervals						UP	
28094.5464	0.05680000000211294	RippleTimeIntervals					28094.58		
28099.1368	0.03600000000005821	RippleTimeIntervals					28099.144		
28100.9272	0.15200000000186265	UpDownStatesTimeIntervals						DOWN	
28101.4936	0.31679999999687425	UpDownStatesTimeIntervals						UP	
28102.3672	0.24799999999959255	UpDownStatesTimeIntervals						UP	
28102.4152	0.03840000000127475	RippleTimeIntervals					28102.4312		
28104.3104	0.24400000000241562	UpDownStatesTimeIntervals						DOWN	
28104.5544	0.16319999999905122	UpDownStatesTimeIntervals						UP	
28105.8584	0.30240000000048894	UpDownStatesTimeIntervals						UP	
28106.6672	0.11279999999896972	UpDownStatesTimeIntervals						DOWN	
28106.78	0.2232000000003609	UpDownStatesTimeIntervals						UP	
28107.9752	0.15759999999863794	UpDownStatesTimeIntervals						UP	
28108.0328	0.0639999999984866	RippleTimeIntervals					28108.0584		
28110.1144	0.14640000000144937	UpDownStatesTimeIntervals						UP	
28110.588	0.1368000000002212	UpDownStatesTimeIntervals						UP	
28110.78	0.8064000000013039	UpDownStatesTimeIntervals						DOWN	
28111.5864	0.22880000000077416	UpDownStatesTimeIntervals						UP	
28111.6304	0.03920000000289292	RippleTimeIntervals					28111.6536		
28112.3288	0.1584000000002561	UpDownStatesTimeIntervals						UP	
28114.1048	0.2175999999999476	UpDownStatesTimeIntervals						UP	
28114.9	0.2559999999975844	UpDownStatesTimeIntervals						UP	
28116.3912	0.29200000000128057	UpDownStatesTimeIntervals						UP	
28117.264	0.23280000000158907	UpDownStatesTimeIntervals						UP	
28117.9168	0.15520000000105938	UpDownStatesTimeIntervals						UP	
28118.748	0.23440000000118744	UpDownStatesTimeIntervals						UP	
28118.8952	0.04160000000047148	RippleTimeIntervals					28118.9032		
28119.0904	0.04959999999846332	RippleTimeIntervals					28119.12		
28119.7744	0.3216000000029453	UpDownStatesTimeIntervals						UP	
28119.8112	0.047200000000884756	RippleTimeIntervals					28119.848		
28120.7504	0.3368000000009488	UpDownStatesTimeIntervals						UP	
28123.2928	0.15040000000226428	UpDownStatesTimeIntervals						UP	
28124.6928	0.1415999999990163	UpDownStatesTimeIntervals						UP	
28126.264	0.13999999999941792	UpDownStatesTimeIntervals						UP	
28126.3192	0.05759999999645515	RippleTimeIntervals					28126.3352		
28126.776	0.23999999999796273	UpDownStatesTimeIntervals						UP	
28128.404	0.04160000000047148	RippleTimeIntervals					28128.4368		
28129.1824	0.04719999999724678	RippleTimeIntervals					28129.2064		
28130.12	0.144800000001851	UpDownStatesTimeIntervals						UP	
28131.3448	0.26000000000203727	UpDownStatesTimeIntervals						UP	
28131.88	0.2503999999971711	UpDownStatesTimeIntervals						UP	
28132.056	0.04320000000006985	RippleTimeIntervals					28132.076		
28132.4912	0.24160000000119908	UpDownStatesTimeIntervals						UP	
28137.036	0.2815999999984342	UpDownStatesTimeIntervals						UP	
28138.3952	0.17840000000069267	UpDownStatesTimeIntervals						UP	
28139.6584	0.23440000000118744	UpDownStatesTimeIntervals						UP	
28140.7096	0.17040000000270084	UpDownStatesTimeIntervals						UP	
28141.9416	0.0496000000021013	RippleTimeIntervals					28141.976		
28145.5888	0.22079999999914435	UpDownStatesTimeIntervals						UP	
28148.572	0.13279999999940628	UpDownStatesTimeIntervals						UP	
28148.6192	0.04399999999805004	RippleTimeIntervals					28148.6344		
28150.0408	0.26959999999962747	UpDownStatesTimeIntervals						UP	
28150.072	0.08239999999932479	RippleTimeIntervals					28150.1232		
28150.244	0.03840000000127475	RippleTimeIntervals					28150.252		
28151.048	0.2688000000016473	UpDownStatesTimeIntervals						UP	
28152.0936	0.16719999999986612	UpDownStatesTimeIntervals						UP	
28153.1344	0.046399999999266583	RippleTimeIntervals					28153.1528		
28153.284	0.040000000000873115	RippleTimeIntervals					28153.3072		
28153.556	0.04959999999846332	RippleTimeIntervals					28153.5824		
28154.5608	0.27119999999922584	UpDownStatesTimeIntervals						UP	
28155.1776	0.31520000000091386	UpDownStatesTimeIntervals						UP	
28155.4384	0.048800000000483124	RippleTimeIntervals					28155.4616		
28156.0184	0.1463999999978114	UpDownStatesTimeIntervals						UP	
28156.032	0.09440000000176951	RippleTimeIntervals					28156.0984		
28156.6032	0.12079999999696156	UpDownStatesTimeIntervals						DOWN	
28156.84	0.22560000000157743	UpDownStatesTimeIntervals						UP	
28158.6144	0.280800000000454	UpDownStatesTimeIntervals						UP	
28159.7272	0.2175999999999476	UpDownStatesTimeIntervals						UP	
28160.2688	0.18319999999948777	UpDownStatesTimeIntervals						DOWN	
28160.82	0.13999999999941792	UpDownStatesTimeIntervals						UP	
28161.1856	0.07040000000051805	UpDownStatesTimeIntervals						DOWN	
28161.4152	0.15520000000105938	UpDownStatesTimeIntervals						UP	
28168.0	10.0	SleepStates							WAKEstate
28179.0	192.0	SleepStates							NREMstate
28182.0608	0.040000000000873115	RippleTimeIntervals					28182.0616		
28184.3296	0.22079999999914435	UpDownStatesTimeIntervals						UP	
28184.9216	0.15999999999985448	UpDownStatesTimeIntervals						UP	
28184.9488	0.07280000000173459	RippleTimeIntervals					28184.9904		
28186.332	0.17520000000149594	UpDownStatesTimeIntervals						UP	
28189.4536	0.15680000000065775	UpDownStatesTimeIntervals						UP	
28191.7248	0.14800000000104774	UpDownStatesTimeIntervals						UP	
28191.7696	0.06560000000172295	RippleTimeIntervals					28191.8032		
28192.6616	0.05040000000008149	UpDownStatesTimeIntervals						DOWN	
28194.0832	0.25200000000040745	UpDownStatesTimeIntervals						UP	
28194.248	0.05280000000129803	RippleTimeIntervals					28194.2576		
28195.5008	0.2519999999967695	UpDownStatesTimeIntervals						UP	
28195.5232	0.07359999999971478	RippleTimeIntervals					28195.5752		
28195.6896	0.037599999999656575	RippleTimeIntervals					28195.7184		
28197.5368	0.1455999999998312	UpDownStatesTimeIntervals						UP	
28198.3096	0.16560000000026776	UpDownStatesTimeIntervals						DOWN	
28199.2944	0.044799999999668216	UpDownStatesTimeIntervals						DOWN	
28199.952	0.11279999999896972	UpDownStatesTimeIntervals						DOWN	
28200.0648	0.15680000000065775	UpDownStatesTimeIntervals						UP	
28201.5672	0.1687999999994645	UpDownStatesTimeIntervals						UP	
28201.6152	0.053599999999278225	RippleTimeIntervals					28201.6456		
28202.5296	0.037599999999656575	RippleTimeIntervals					28202.5504		
28202.684	0.13919999999779975	UpDownStatesTimeIntervals						UP	
28202.72	0.06159999999727006	RippleTimeIntervals					28202.752		
28203.3952	0.27119999999922584	UpDownStatesTimeIntervals						UP	
28203.568	0.0319999999992433	RippleTimeIntervals					28203.5856		
28204.4856	0.245599999998376	UpDownStatesTimeIntervals						DOWN	
28205.476	0.2816000000020722	UpDownStatesTimeIntervals						UP	
28207.2328	0.20719999999710126	UpDownStatesTimeIntervals						UP	
28208.0104	0.12160000000221771	UpDownStatesTimeIntervals						UP	
28208.0416	0.05199999999967986	RippleTimeIntervals					28208.084		
28208.22	0.04719999999724678	RippleTimeIntervals					28208.244		
28209.332	0.14800000000104774	UpDownStatesTimeIntervals						UP	
28209.356	0.0864000000001397	RippleTimeIntervals					28209.412		
28209.7792	0.06079999999928987	RippleTimeIntervals					28209.8048		
28209.9848	0.14720000000306754	UpDownStatesTimeIntervals						UP	
28210.032	0.05520000000251457	RippleTimeIntervals					28210.048		
28212.7872	0.12399999999979627	UpDownStatesTimeIntervals						UP	
28213.248	0.20560000000114087	UpDownStatesTimeIntervals						UP	
28213.288	0.04799999999886495	RippleTimeIntervals					28213.316		
28213.7656	0.20319999999992433	UpDownStatesTimeIntervals						DOWN	
28214.1336	0.13119999999980791	UpDownStatesTimeIntervals						UP	
28214.3928	0.03359999999884167	UpDownStatesTimeIntervals						DOWN	
28214.6808	0.1320000000014261	UpDownStatesTimeIntervals						UP	
28214.7472	0.06559999999808497	RippleTimeIntervals					28214.7736		
28215.3136	0.15120000000024447	UpDownStatesTimeIntervals						UP	
28215.3664	0.053599999999278225	RippleTimeIntervals					28215.3816		
28215.9112	0.1368000000002212	UpDownStatesTimeIntervals						UP	
28216.2464	0.34720000000015716	UpDownStatesTimeIntervals						DOWN	
28216.5936	0.15520000000105938	UpDownStatesTimeIntervals						UP	
28216.6568	0.051199999998061685	RippleTimeIntervals					28216.688		
28217.452	0.38479999999981374	UpDownStatesTimeIntervals						UP	
28218.0784	0.37039999999979045	UpDownStatesTimeIntervals						DOWN	
28218.8656	0.21440000000075088	UpDownStatesTimeIntervals						DOWN	
28219.08	0.22639999999955762	UpDownStatesTimeIntervals						UP	
28221.7192	0.3591999999989639	UpDownStatesTimeIntervals						UP	
28222.168	0.29439999999885913	UpDownStatesTimeIntervals						DOWN	
28222.4624	0.1591999999982363	UpDownStatesTimeIntervals						UP	
28222.5	0.035199999998440035	RippleTimeIntervals					28222.5224		
28222.7808	0.32159999999930733	UpDownStatesTimeIntervals						UP	
28223.2552	0.12879999999859137	UpDownStatesTimeIntervals						DOWN	
28224.5728	0.22079999999914435	UpDownStatesTimeIntervals						UP	
28225.6976	0.12800000000061118	UpDownStatesTimeIntervals						UP	
28226.1752	0.14799999999740976	UpDownStatesTimeIntervals						UP	
28227.0	0.23440000000118744	UpDownStatesTimeIntervals						UP	
28227.0576	0.04560000000128639	RippleTimeIntervals					28227.0872		
28227.9104	0.2824000000000524	UpDownStatesTimeIntervals						UP	
28227.9656	0.044799999999668216	RippleTimeIntervals					28227.9672		
28229.1448	0.2504000000008091	UpDownStatesTimeIntervals						UP	
28230.228	0.1720000000022992	UpDownStatesTimeIntervals						UP	
28232.2608	0.05519999999887659	RippleTimeIntervals					28232.3064		
28232.6936	0.06160000000090804	RippleTimeIntervals					28232.7376		
28232.8568	0.05040000000008149	RippleTimeIntervals					28232.8648		
28233.0368	0.044799999999668216	RippleTimeIntervals					28233.044		
28233.528	0.2592000000004191	UpDownStatesTimeIntervals						UP	
28234.0888	0.07599999999729334	UpDownStatesTimeIntervals						DOWN	
28234.1648	0.16560000000026776	UpDownStatesTimeIntervals						UP	
28238.3128	0.2783999999992375	UpDownStatesTimeIntervals						UP	
28238.9272	0.37920000000303844	UpDownStatesTimeIntervals						DOWN	
28239.3064	0.2767999999996391	UpDownStatesTimeIntervals						UP	
28239.4864	0.06319999999686843	RippleTimeIntervals					28239.5216		
28239.9128	0.0816000000013446	RippleTimeIntervals					28239.9464		
28241.0056	0.236799999998766	UpDownStatesTimeIntervals						UP	
28241.0576	0.048800000000483124	RippleTimeIntervals					28241.0688		
28241.5456	0.11199999999735155	UpDownStatesTimeIntervals						UP	
28241.7192	0.051200000001699664	RippleTimeIntervals					28241.7368		
28243.2224	0.2088000000003376	UpDownStatesTimeIntervals						UP	
28251.1224	0.18479999999908614	UpDownStatesTimeIntervals						UP	
28252.1768	0.23839999999836436	UpDownStatesTimeIntervals						DOWN	
28252.4152	0.4032000000006519	UpDownStatesTimeIntervals						UP	
28253.296	0.19200000000273576	UpDownStatesTimeIntervals						UP	
28253.7288	0.10800000000017462	UpDownStatesTimeIntervals						DOWN	
28253.9816	0.16159999999945285	UpDownStatesTimeIntervals						UP	
28254.3984	0.46080000000074506	UpDownStatesTimeIntervals						DOWN	
28254.8592	0.27040000000124564	UpDownStatesTimeIntervals						UP	
28255.1992	0.1640000000006694	UpDownStatesTimeIntervals						DOWN	
28255.412	0.051199999998061685	RippleTimeIntervals					28255.4304		
28255.5816	0.13599999999860302	UpDownStatesTimeIntervals						UP	
28257.2088	0.153600000001461	UpDownStatesTimeIntervals						UP	
28257.2584	0.05680000000211294	RippleTimeIntervals					28257.2792		
28258.0616	0.14799999999740976	UpDownStatesTimeIntervals						UP	
28261.964	0.22239999999874271	UpDownStatesTimeIntervals						UP	
28262.0088	0.05519999999887659	RippleTimeIntervals					28262.0456		
28263.036	0.16319999999905122	UpDownStatesTimeIntervals						UP	
28263.0864	0.062399999998888234	RippleTimeIntervals					28263.1192		
28263.7448	0.23999999999796273	UpDownStatesTimeIntervals						UP	
28265.048	0.17360000000189757	UpDownStatesTimeIntervals						DOWN	
28265.2216	0.23519999999916763	UpDownStatesTimeIntervals						UP	
28265.3656	0.07359999999971478	RippleTimeIntervals					28265.4016		
28266.4928	0.1455999999998312	UpDownStatesTimeIntervals						UP	
28266.9216	0.26159999999799766	UpDownStatesTimeIntervals						UP	
28267.632	0.227999999999156	UpDownStatesTimeIntervals						UP	
28268.1864	0.15120000000024447	UpDownStatesTimeIntervals						UP	
28268.2528	0.044800000003306195	RippleTimeIntervals					28268.2784		
28269.2944	0.29839999999967404	UpDownStatesTimeIntervals						UP	
28270.3096	0.22959999999875436	UpDownStatesTimeIntervals						UP	
28270.436	0.06319999999686843	RippleTimeIntervals					28270.4536		
28271.484	0.13119999999980791	UpDownStatesTimeIntervals						UP	
28272.088	0.09920000000056461	UpDownStatesTimeIntervals						UP	
28272.2696	0.16080000000147265	UpDownStatesTimeIntervals						DOWN	
28272.532	0.15200000000186265	UpDownStatesTimeIntervals						UP	
28274.1872	0.2743999999984226	UpDownStatesTimeIntervals						UP	
28274.372	0.03840000000127475	RippleTimeIntervals					28274.3904		
28276.0488	0.3719999999993888	UpDownStatesTimeIntervals						UP	
28277.0688	0.28960000000006403	UpDownStatesTimeIntervals						UP	
28277.2816	0.04080000000249129	RippleTimeIntervals					28277.2856		
28278.1248	0.16479999999864958	UpDownStatesTimeIntervals						UP	
28278.8536	0.2040000000015425	UpDownStatesTimeIntervals						UP	
28278.96	0.044799999999668216	RippleTimeIntervals					28278.9856		
28280.0408	0.1959999999999127	UpDownStatesTimeIntervals						UP	
28283.008	0.23359999999956926	UpDownStatesTimeIntervals						UP	
28283.4248	0.35280000000057044	UpDownStatesTimeIntervals						DOWN	
28283.7776	0.2583999999988009	UpDownStatesTimeIntervals						UP	
28286.0536	0.06480000000010477	UpDownStatesTimeIntervals						DOWN	
28286.4544	0.23440000000118744	UpDownStatesTimeIntervals						UP	
28286.484	0.056000000000494765	RippleTimeIntervals					28286.5192		
28289.0456	0.1783999999970547	UpDownStatesTimeIntervals						UP	
28289.8752	0.14320000000225264	UpDownStatesTimeIntervals						UP	
28291.4568	0.09920000000056461	UpDownStatesTimeIntervals						DOWN	
28291.836	0.12800000000061118	UpDownStatesTimeIntervals						UP	
28295.8904	0.245599999998376	UpDownStatesTimeIntervals						UP	
28299.484	0.14879999999902793	UpDownStatesTimeIntervals						UP	
28300.2936	0.26480000000083237	UpDownStatesTimeIntervals						UP	
28300.3504	0.06000000000130967	RippleTimeIntervals					28300.396		
28301.2648	0.25760000000082073	UpDownStatesTimeIntervals						UP	
28302.4288	0.127199999998993	UpDownStatesTimeIntervals						UP	
28302.46	0.06000000000130967	RippleTimeIntervals					28302.4872		
28303.252	0.20639999999912106	UpDownStatesTimeIntervals						UP	
28305.92	0.06480000000010477	RippleTimeIntervals					28305.9384		
28306.9672	0.18240000000150758	UpDownStatesTimeIntervals						UP	
28307.3112	0.19519999999829452	UpDownStatesTimeIntervals						DOWN	
28307.5064	0.16640000000188593	UpDownStatesTimeIntervals						UP	
28308.1432	0.05680000000211294	UpDownStatesTimeIntervals						DOWN	
28308.2	0.3168000000005122	UpDownStatesTimeIntervals						UP	
28309.4632	0.14640000000144937	UpDownStatesTimeIntervals						UP	
28309.4664	0.10479999999733991	RippleTimeIntervals					28309.524		
28312.7456	0.14400000000023283	UpDownStatesTimeIntervals						UP	
28312.8008	0.04799999999886495	RippleTimeIntervals					28312.8184		
28313.8528	0.2680000000000291	UpDownStatesTimeIntervals						UP	
28322.2656	0.05280000000129803	RippleTimeIntervals					28322.2944		
28323.2904	0.15199999999822467	UpDownStatesTimeIntervals						UP	
28323.8144	0.12160000000221771	UpDownStatesTimeIntervals						UP	
28325.3672	0.10319999999774154	UpDownStatesTimeIntervals						DOWN	
28325.7632	0.14479999999821302	UpDownStatesTimeIntervals						UP	
28325.812	0.062399999998888234	RippleTimeIntervals					28325.8232		
28326.1352	0.0544000000008964	RippleTimeIntervals					28326.1488		
28326.6632	0.05040000000008149	RippleTimeIntervals					28326.6928		
28327.4488	0.2592000000004191	UpDownStatesTimeIntervals						UP	
28328.4752	0.399199999999837	UpDownStatesTimeIntervals						UP	
28329.1144	0.39280000000144355	UpDownStatesTimeIntervals						DOWN	
28330.032	0.14320000000225264	UpDownStatesTimeIntervals						UP	
28330.0776	0.0591999999996915	RippleTimeIntervals					28330.1192		
28330.468	0.24719999999797437	UpDownStatesTimeIntervals						UP	
28331.2	0.2327999999979511	UpDownStatesTimeIntervals						UP	
28332.2712	0.044799999999668216	UpDownStatesTimeIntervals						DOWN	
28333.0272	0.1408000000010361	UpDownStatesTimeIntervals						UP	
28333.0768	0.04320000000006985	RippleTimeIntervals					28333.0872		
28334.584	0.1488000000026659	UpDownStatesTimeIntervals						UP	
28336.5584	0.35759999999936554	UpDownStatesTimeIntervals						UP	
28338.184	0.1503999999986263	UpDownStatesTimeIntervals						UP	
28339.3128	0.13920000000143773	UpDownStatesTimeIntervals						UP	
28340.156	0.2000000000007276	UpDownStatesTimeIntervals						UP	
28340.2144	0.053599999999278225	RippleTimeIntervals					28340.248		
28340.932	0.15199999999822467	UpDownStatesTimeIntervals						DOWN	
28341.084	0.29360000000087894	UpDownStatesTimeIntervals						UP	
28341.1248	0.06159999999727006	RippleTimeIntervals					28341.148		
28342.1328	0.4088000000010652	UpDownStatesTimeIntervals						UP	
28343.5072	0.21519999999873107	UpDownStatesTimeIntervals						UP	
28345.0832	0.2495999999991909	UpDownStatesTimeIntervals						UP	
28346.2408	0.2319999999999709	UpDownStatesTimeIntervals						UP	
28346.3016	0.04160000000047148	RippleTimeIntervals					28346.3224		
28347.4352	0.14719999999942956	UpDownStatesTimeIntervals						UP	
28347.9472	0.136000000002241	UpDownStatesTimeIntervals						UP	
28349.028	0.06240000000252621	RippleTimeIntervals					28349.0624		
28349.244	0.22160000000076252	UpDownStatesTimeIntervals						UP	
28349.3056	0.06160000000090804	RippleTimeIntervals					28349.3192		
28349.8264	0.2375999999967462	UpDownStatesTimeIntervals						DOWN	
28350.064	0.26000000000203727	UpDownStatesTimeIntervals						UP	
28350.392	0.25760000000082073	UpDownStatesTimeIntervals						DOWN	
28355.92	0.0544000000008964	RippleTimeIntervals					28355.948		
28356.048	0.04800000000250293	RippleTimeIntervals					28356.072		
28356.2192	0.04079999999885331	RippleTimeIntervals					28356.2384		
28356.6768	0.23359999999956926	UpDownStatesTimeIntervals						UP	
28357.3624	0.18559999999706633	UpDownStatesTimeIntervals						DOWN	
28357.9376	0.20160000000032596	UpDownStatesTimeIntervals						DOWN	
28358.1392	0.254399999997986	UpDownStatesTimeIntervals						UP	
28359.0384	0.037599999999656575	UpDownStatesTimeIntervals						DOWN	
28359.9912	0.21039999999993597	UpDownStatesTimeIntervals						UP	
28360.0536	0.035200000002078013	RippleTimeIntervals					28360.0712		
28360.9264	0.03840000000127475	RippleTimeIntervals					28360.9368		
28361.1224	0.04079999999885331	RippleTimeIntervals					28361.144		
28362.2808	0.13999999999941792	UpDownStatesTimeIntervals						UP	
28362.3288	0.05519999999887659	RippleTimeIntervals					28362.3592		
28362.5344	0.05280000000129803	RippleTimeIntervals					28362.5728		
28363.252	0.29360000000087894	UpDownStatesTimeIntervals						UP	
28366.7584	0.033600000002479646	UpDownStatesTimeIntervals						DOWN	
28367.6392	0.14799999999740976	UpDownStatesTimeIntervals						UP	
28368.7648	0.13919999999779975	UpDownStatesTimeIntervals						UP	
28368.8168	0.053599999999278225	RippleTimeIntervals					28368.828		
28369.4392	0.26559999999881256	UpDownStatesTimeIntervals						UP	
28370.4032	0.13919999999779975	UpDownStatesTimeIntervals						DOWN	
28371.1544	0.1687999999994645	UpDownStatesTimeIntervals						UP	
28372.0	10.0	SleepStates							WAKEstate
28383.0	205.0	SleepStates							NREMstate
28388.004	0.19519999999829452	UpDownStatesTimeIntervals						UP	
28388.1072	0.04560000000128639	RippleTimeIntervals					28388.1256		
28388.9376	0.16560000000026776	UpDownStatesTimeIntervals						UP	
28389.0288	0.037599999999656575	RippleTimeIntervals					28389.0504		
28389.4024	0.07280000000173459	RippleTimeIntervals					28389.4464		
28389.5376	0.3359999999993306	UpDownStatesTimeIntervals						DOWN	
28389.8736	0.16159999999945285	UpDownStatesTimeIntervals						UP	
28391.7336	0.048800000000483124	RippleTimeIntervals					28391.756		
28391.9376	0.12559999999939464	UpDownStatesTimeIntervals						UP	
28391.9816	0.048800000000483124	RippleTimeIntervals					28392.0152		
28392.0904	0.08799999999973807	UpDownStatesTimeIntervals						DOWN	
28392.6632	0.14640000000144937	UpDownStatesTimeIntervals						UP	
28392.7208	0.04320000000006985	RippleTimeIntervals					28392.7416		
28393.3776	0.14319999999861466	UpDownStatesTimeIntervals						UP	
28393.932	0.15759999999863794	UpDownStatesTimeIntervals						DOWN	
28394.0896	0.15760000000227592	UpDownStatesTimeIntervals						UP	
28394.1568	0.046399999999266583	RippleTimeIntervals					28394.1632		
28394.716	0.3184000000001106	UpDownStatesTimeIntervals						DOWN	
28398.4784	0.22959999999875436	UpDownStatesTimeIntervals						UP	
28399.6208	0.25760000000082073	UpDownStatesTimeIntervals						UP	
28399.6568	0.04079999999885331	RippleTimeIntervals					28399.6584		
28399.78	0.058400000001711305	RippleTimeIntervals					28399.7976		
28400.7272	0.16799999999784632	UpDownStatesTimeIntervals						UP	
28400.784	0.046399999999266583	RippleTimeIntervals					28400.8056		
28401.3776	0.053599999999278225	RippleTimeIntervals					28401.4016		
28401.6312	0.04079999999885331	RippleTimeIntervals					28401.6384		
28401.8008	0.037599999999656575	RippleTimeIntervals					28401.8048		
28401.9928	0.05519999999887659	RippleTimeIntervals					28401.9992		
28403.0824	0.13760000000183936	UpDownStatesTimeIntervals						UP	
28403.7616	0.18959999999788124	UpDownStatesTimeIntervals						DOWN	
28403.9512	0.23359999999956926	UpDownStatesTimeIntervals						UP	
28404.0008	0.05279999999766005	RippleTimeIntervals					28404.0288		
28404.2768	0.0496000000021013	RippleTimeIntervals					28404.304		
28404.3816	0.1912000000011176	UpDownStatesTimeIntervals						DOWN	
28404.5728	0.05679999999847496	UpDownStatesTimeIntervals						UP	
28405.4	0.035199999998440035	UpDownStatesTimeIntervals						DOWN	
28405.4352	0.1408000000010361	UpDownStatesTimeIntervals						UP	
28407.7576	0.1463999999978114	UpDownStatesTimeIntervals						UP	
28407.792	0.06639999999970314	RippleTimeIntervals					28407.8184		
28409.3064	0.1368000000002212	UpDownStatesTimeIntervals						UP	
28410.4832	0.18640000000232249	UpDownStatesTimeIntervals						UP	
28410.844	0.18000000000029104	UpDownStatesTimeIntervals						DOWN	
28411.592	0.06959999999889988	UpDownStatesTimeIntervals						DOWN	
28411.6616	0.24320000000079744	UpDownStatesTimeIntervals						UP	
28412.3432	0.06720000000132131	UpDownStatesTimeIntervals						DOWN	
28412.6816	0.14800000000104774	UpDownStatesTimeIntervals						UP	
28412.892	0.051200000001699664	UpDownStatesTimeIntervals						DOWN	
28413.5096	0.2855999999992491	UpDownStatesTimeIntervals						DOWN	
28414.8496	0.1319999999977881	UpDownStatesTimeIntervals						UP	
28416.048	0.39680000000225846	UpDownStatesTimeIntervals						UP	
28417.0264	0.2272000000011758	UpDownStatesTimeIntervals						UP	
28423.356	0.1863999999986845	UpDownStatesTimeIntervals						UP	
28424.58	0.15279999999984284	UpDownStatesTimeIntervals						UP	
28428.6	0.2624000000032538	UpDownStatesTimeIntervals						UP	
28428.7792	0.04799999999886495	RippleTimeIntervals					28428.7944		
28429.1928	0.13439999999900465	UpDownStatesTimeIntervals						UP	
28429.22	0.06959999999889988	RippleTimeIntervals					28429.2576		
28429.8296	0.15120000000024447	UpDownStatesTimeIntervals						UP	
28431.0016	0.1503999999986263	UpDownStatesTimeIntervals						UP	
28433.4304	0.32159999999930733	UpDownStatesTimeIntervals						UP	
28434.3632	0.12559999999939464	UpDownStatesTimeIntervals						DOWN	
28434.6992	0.1768000000010943	UpDownStatesTimeIntervals						UP	
28435.8384	0.13439999999900465	UpDownStatesTimeIntervals						DOWN	
28435.9728	0.280800000000454	UpDownStatesTimeIntervals						UP	
28437.3048	0.1687999999994645	UpDownStatesTimeIntervals						UP	
28437.3616	0.0591999999996915	RippleTimeIntervals					28437.3824		
28441.3784	0.16479999999864958	UpDownStatesTimeIntervals						UP	
28442.0656	0.13919999999779975	UpDownStatesTimeIntervals						UP	
28443.5624	0.20560000000114087	UpDownStatesTimeIntervals						UP	
28443.6504	0.06880000000091968	RippleTimeIntervals					28443.6712		
28444.116	0.04799999999886495	UpDownStatesTimeIntervals						DOWN	
28444.3216	0.272000000000844	UpDownStatesTimeIntervals						UP	
28444.8768	0.2000000000007276	UpDownStatesTimeIntervals						DOWN	
28445.592	0.12559999999939464	UpDownStatesTimeIntervals						UP	
28445.6264	0.06639999999970314	RippleTimeIntervals					28445.6584		
28445.752	0.16799999999784632	UpDownStatesTimeIntervals						DOWN	
28446.2792	0.11439999999856809	UpDownStatesTimeIntervals						UP	
28446.8856	0.1503999999986263	UpDownStatesTimeIntervals						UP	
28447.7512	0.2040000000015425	UpDownStatesTimeIntervals						UP	
28448.6304	0.254400000001624	UpDownStatesTimeIntervals						UP	
28449.2728	0.2312000000019907	UpDownStatesTimeIntervals						DOWN	
28450.8952	0.1768000000010943	UpDownStatesTimeIntervals						UP	
28452.164	0.1503999999986263	UpDownStatesTimeIntervals						UP	
28452.2216	0.042399999998451676	RippleTimeIntervals					28452.2368		
28455.324	0.15999999999985448	UpDownStatesTimeIntervals						UP	
28455.3912	0.037600000003294554	RippleTimeIntervals					28455.4176		
28456.608	0.2360000000007858	UpDownStatesTimeIntervals						UP	
28456.9064	0.16319999999905122	UpDownStatesTimeIntervals						DOWN	
28457.0696	0.16960000000108266	UpDownStatesTimeIntervals						UP	
28457.1472	0.04799999999886495	RippleTimeIntervals					28457.1632		
28457.9792	0.1591999999982363	UpDownStatesTimeIntervals						UP	
28460.0264	0.042400000002089655	RippleTimeIntervals					28460.0408		
28461.3072	0.046399999999266583	UpDownStatesTimeIntervals						DOWN	
28461.6856	0.17120000000068103	UpDownStatesTimeIntervals						UP	
28461.9896	0.32879999999931897	UpDownStatesTimeIntervals						DOWN	
28462.3184	0.14240000000063446	UpDownStatesTimeIntervals						UP	
28462.8744	0.2736000000004424	UpDownStatesTimeIntervals						UP	
28462.9256	0.042400000002089655	RippleTimeIntervals					28462.94		
28463.9728	0.044799999999668216	RippleTimeIntervals					28463.9824		
28464.1096	0.035199999998440035	RippleTimeIntervals					28464.1128		
28464.248	0.03840000000127475	RippleTimeIntervals					28464.2664		
28464.4832	0.12560000000303262	UpDownStatesTimeIntervals						UP	
28464.5104	0.06799999999930151	RippleTimeIntervals					28464.5368		
28465.36	0.1687999999994645	UpDownStatesTimeIntervals						UP	
28465.4096	0.06000000000130967	RippleTimeIntervals					28465.4336		
28466.3968	0.17840000000069267	UpDownStatesTimeIntervals						UP	
28468.2448	0.15199999999822467	UpDownStatesTimeIntervals						UP	
28470.0128	0.14879999999902793	UpDownStatesTimeIntervals						UP	
28471.344	0.16159999999945285	UpDownStatesTimeIntervals						UP	
28472.6672	0.15680000000065775	UpDownStatesTimeIntervals						UP	
28473.9656	0.14320000000225264	UpDownStatesTimeIntervals						UP	
28475.672	0.24320000000079744	UpDownStatesTimeIntervals						UP	
28476.7736	0.13520000000062282	UpDownStatesTimeIntervals						UP	
28477.5744	0.227999999999156	UpDownStatesTimeIntervals						DOWN	
28478.8808	0.35280000000057044	UpDownStatesTimeIntervals						UP	
28479.4032	0.16479999999864958	UpDownStatesTimeIntervals						DOWN	
28480.3592	0.31040000000211876	UpDownStatesTimeIntervals						UP	
28481.2568	0.15120000000024447	UpDownStatesTimeIntervals						UP	
28482.8672	0.1591999999982363	UpDownStatesTimeIntervals						UP	
28484.0568	0.24320000000079744	UpDownStatesTimeIntervals						DOWN	
28484.6584	0.2327999999979511	UpDownStatesTimeIntervals						UP	
28485.5936	0.04959999999846332	UpDownStatesTimeIntervals						DOWN	
28485.6432	0.3448000000025786	UpDownStatesTimeIntervals						UP	
28485.7592	0.05679999999847496	RippleTimeIntervals					28485.8032		
28486.2528	0.2992000000012922	UpDownStatesTimeIntervals						DOWN	
28486.8672	0.36639999999897555	UpDownStatesTimeIntervals						DOWN	
28487.2336	0.2448000000003958	UpDownStatesTimeIntervals						UP	
28488.0616	0.17039999999906286	UpDownStatesTimeIntervals						UP	
28493.3728	0.1591999999982363	UpDownStatesTimeIntervals						UP	
28493.4224	0.0544000000008964	RippleTimeIntervals					28493.4544		
28493.7312	0.23760000000038417	UpDownStatesTimeIntervals						DOWN	
28496.6536	0.11119999999937136	UpDownStatesTimeIntervals						DOWN	
28496.7648	0.1463999999978114	UpDownStatesTimeIntervals						UP	
28496.8048	0.04719999999724678	RippleTimeIntervals					28496.8368		
28499.5024	0.28800000000046566	UpDownStatesTimeIntervals						DOWN	
28499.7904	0.2175999999999476	UpDownStatesTimeIntervals						UP	
28501.62	0.17120000000068103	UpDownStatesTimeIntervals						UP	
28503.952	0.16639999999824795	UpDownStatesTimeIntervals						UP	
28506.6384	0.06799999999930151	RippleTimeIntervals					28506.6704		
28506.9696	0.1264000000010128	UpDownStatesTimeIntervals						UP	
28507.016	0.04320000000006985	RippleTimeIntervals					28507.0296		
28507.7784	0.1320000000014261	UpDownStatesTimeIntervals						DOWN	
28508.6096	0.15279999999984284	UpDownStatesTimeIntervals						UP	
28509.432	0.16719999999986612	UpDownStatesTimeIntervals						UP	
28509.5088	0.04400000000168802	RippleTimeIntervals					28509.5328		
28510.4416	0.23680000000240398	UpDownStatesTimeIntervals						UP	
28511.0768	0.38400000000183354	UpDownStatesTimeIntervals						UP	
28511.684	0.06559999999808497	UpDownStatesTimeIntervals						DOWN	
28512.084	0.13520000000062282	UpDownStatesTimeIntervals						UP	
28513.4696	0.16240000000107102	UpDownStatesTimeIntervals						UP	
28513.5168	0.05519999999887659	RippleTimeIntervals					28513.5472		
28513.7792	0.04559999999764841	RippleTimeIntervals					28513.7888		
28516.9488	0.17120000000068103	UpDownStatesTimeIntervals						UP	
28516.9888	0.09120000000257278	RippleTimeIntervals					28517.0584		
28517.4176	0.03600000000005821	UpDownStatesTimeIntervals						DOWN	
28517.4536	0.12559999999939464	UpDownStatesTimeIntervals						UP	
28517.4968	0.035199999998440035	RippleTimeIntervals					28517.5008		
28518.696	0.2904000000016822	UpDownStatesTimeIntervals						DOWN	
28518.9864	0.21039999999993597	UpDownStatesTimeIntervals						UP	
28519.5944	0.15599999999903957	UpDownStatesTimeIntervals						UP	
28519.876	0.13520000000062282	UpDownStatesTimeIntervals						DOWN	
28521.0992	0.15279999999984284	UpDownStatesTimeIntervals						UP	
28521.1544	0.05199999999967986	RippleTimeIntervals					28521.1872		
28521.6664	0.3272000000033586	UpDownStatesTimeIntervals						DOWN	
28521.9936	0.2175999999999476	UpDownStatesTimeIntervals						UP	
28522.7264	0.047200000000884756	UpDownStatesTimeIntervals						DOWN	
28522.7736	0.13520000000062282	UpDownStatesTimeIntervals						UP	
28522.824	0.04560000000128639	RippleTimeIntervals					28522.8272		
28523.1392	0.05040000000008149	RippleTimeIntervals					28523.152		
28527.3416	0.26000000000203727	UpDownStatesTimeIntervals						UP	
28527.3808	0.04160000000047148	RippleTimeIntervals					28527.3816		
28528.0488	0.3944000000010419	UpDownStatesTimeIntervals						DOWN	
28528.4432	0.15359999999782303	UpDownStatesTimeIntervals						UP	
28528.5	0.048800000000483124	RippleTimeIntervals					28528.512		
28529.9816	0.2528000000020256	UpDownStatesTimeIntervals						UP	
28530.0504	0.040000000000873115	RippleTimeIntervals					28530.0672		
28530.6376	0.127200000002631	UpDownStatesTimeIntervals						UP	
28531.316	0.25200000000040745	UpDownStatesTimeIntervals						UP	
28531.3656	0.044799999999668216	RippleTimeIntervals					28531.3912		
28531.8592	0.28880000000208383	UpDownStatesTimeIntervals						DOWN	
28532.6088	0.17039999999906286	UpDownStatesTimeIntervals						UP	
28533.4888	0.20160000000032596	UpDownStatesTimeIntervals						UP	
28533.9352	0.23760000000038417	UpDownStatesTimeIntervals						DOWN	
28534.1728	0.18720000000030268	UpDownStatesTimeIntervals						UP	
28534.9016	0.051199999998061685	UpDownStatesTimeIntervals						DOWN	
28534.9936	0.05760000000009313	RippleTimeIntervals					28535.0248		
28535.3264	0.14799999999740976	UpDownStatesTimeIntervals						UP	
28535.3864	0.06000000000130967	RippleTimeIntervals					28535.4032		
28536.0968	0.10959999999977299	UpDownStatesTimeIntervals						UP	
28537.4424	0.22160000000076252	UpDownStatesTimeIntervals						UP	
28537.9888	0.11679999999978463	UpDownStatesTimeIntervals						DOWN	
28538.1056	0.24880000000121072	UpDownStatesTimeIntervals						UP	
28541.12	0.1728000000002794	UpDownStatesTimeIntervals						UP	
28542.0352	0.20960000000195578	UpDownStatesTimeIntervals						UP	
28542.1256	0.047200000000884756	RippleTimeIntervals					28542.1552		
28543.3416	0.26640000000043074	UpDownStatesTimeIntervals						UP	
28544.348	0.23839999999836436	UpDownStatesTimeIntervals						UP	
28544.9048	0.23760000000038417	UpDownStatesTimeIntervals						UP	
28544.9536	0.08159999999770662	RippleTimeIntervals					28544.9928		
28546.2432	0.23919999999998254	UpDownStatesTimeIntervals						UP	
28546.292	0.051199999998061685	RippleTimeIntervals					28546.3088		
28547.288	0.04320000000006985	RippleTimeIntervals					28547.3056		
28548.1552	0.12559999999939464	UpDownStatesTimeIntervals						UP	
28548.8056	0.2816000000020722	UpDownStatesTimeIntervals						UP	
28549.92	0.272000000000844	UpDownStatesTimeIntervals						UP	
28556.3712	0.1415999999990163	UpDownStatesTimeIntervals						UP	
28556.8408	0.15359999999782303	UpDownStatesTimeIntervals						UP	
28556.8816	0.07519999999931315	RippleTimeIntervals					28556.9184		
28557.944	0.2504000000008091	UpDownStatesTimeIntervals						UP	
28557.9904	0.03840000000127475	RippleTimeIntervals					28558.0088		
28558.2784	0.06400000000212458	RippleTimeIntervals					28558.3296		
28558.4488	0.10080000000016298	UpDownStatesTimeIntervals						UP	
28558.4784	0.03919999999925494	RippleTimeIntervals					28558.496		
28559.7952	0.23999999999796273	UpDownStatesTimeIntervals						UP	
28559.824	0.06799999999930151	RippleTimeIntervals					28559.8576		
28560.1848	0.05040000000008149	RippleTimeIntervals					28560.2088		
28560.4288	0.11039999999775318	UpDownStatesTimeIntervals						UP	
28562.408	0.2319999999999709	UpDownStatesTimeIntervals						UP	
28562.4616	0.05199999999967986	RippleTimeIntervals					28562.4648		
28562.5824	0.033600000002479646	RippleTimeIntervals					28562.5936		
28563.7	0.058399999998073326	RippleTimeIntervals					28563.7008		
28563.844	0.2551999999996042	UpDownStatesTimeIntervals						UP	
28563.8928	0.0367999999980384	RippleTimeIntervals					28563.9152		
28565.7136	0.22160000000076252	UpDownStatesTimeIntervals						UP	
28566.3192	0.14079999999739812	UpDownStatesTimeIntervals						UP	
28567.4136	0.1415999999990163	UpDownStatesTimeIntervals						UP	
28568.288	0.21679999999832944	UpDownStatesTimeIntervals						UP	
28569.1608	0.15599999999903957	UpDownStatesTimeIntervals						DOWN	
28570.7784	0.1768000000010943	UpDownStatesTimeIntervals						UP	
28574.8208	0.11439999999856809	UpDownStatesTimeIntervals						UP	
28575.324	0.29360000000087894	UpDownStatesTimeIntervals						UP	
28578.3344	0.23919999999998254	UpDownStatesTimeIntervals						UP	
28579.0768	0.24320000000079744	UpDownStatesTimeIntervals						UP	
28580.3552	0.2599999999983993	UpDownStatesTimeIntervals						UP	
28580.9504	0.05760000000009313	UpDownStatesTimeIntervals						DOWN	
28582.3544	0.04799999999886495	UpDownStatesTimeIntervals						DOWN	
28582.9792	0.048799999996845145	UpDownStatesTimeIntervals						DOWN	
28583.1696	0.1503999999986263	UpDownStatesTimeIntervals						UP	
28583.9208	0.1543999999994412	UpDownStatesTimeIntervals						DOWN	
28589.0	21.0	SleepStates							REMstate
28611.0	24.0	SleepStates							WAKEstate
28636.0	405.0	SleepStates							NREMstate
28637.8088	0.13920000000143773	UpDownStatesTimeIntervals						UP	
28637.8552	0.04959999999846332	RippleTimeIntervals					28637.8824		
28639.5568	0.14240000000063446	UpDownStatesTimeIntervals						UP	
28641.532	0.20639999999912106	UpDownStatesTimeIntervals						UP	
28643.9024	0.26560000000245054	UpDownStatesTimeIntervals						UP	
28649.3648	0.19840000000112923	UpDownStatesTimeIntervals						DOWN	
28649.5632	0.16639999999824795	UpDownStatesTimeIntervals						UP	
28653.7944	0.13119999999980791	UpDownStatesTimeIntervals						UP	
28653.8464	0.04400000000168802	RippleTimeIntervals					28653.8672		
28654.0016	0.05680000000211294	RippleTimeIntervals					28654.0096		
28654.364	0.24879999999757274	UpDownStatesTimeIntervals						UP	
28654.4	0.05760000000009313	RippleTimeIntervals					28654.4216		
28654.9152	0.07440000000133296	UpDownStatesTimeIntervals						UP	
28657.072	0.16240000000107102	UpDownStatesTimeIntervals						UP	
28657.1352	0.0591999999996915	RippleTimeIntervals					28657.1728		
28657.7696	0.26959999999962747	UpDownStatesTimeIntervals						UP	
28658.6696	0.23999999999796273	UpDownStatesTimeIntervals						UP	
28659.4328	0.2319999999999709	UpDownStatesTimeIntervals						UP	
28659.496	0.05280000000129803	RippleTimeIntervals					28659.5112		
28660.7976	0.2775999999976193	UpDownStatesTimeIntervals						UP	
28661.5256	0.1591999999982363	UpDownStatesTimeIntervals						UP	
28661.576	0.05439999999725842	RippleTimeIntervals					28661.6072		
28662.3216	0.1543999999994412	UpDownStatesTimeIntervals						UP	
28662.9248	0.22160000000076252	UpDownStatesTimeIntervals						UP	
28666.2888	0.3936000000030617	UpDownStatesTimeIntervals						UP	
28666.3336	0.05279999999766005	RippleTimeIntervals					28666.3568		
28667.216	0.1224000000001979	UpDownStatesTimeIntervals						UP	
28668.36	0.13999999999941792	UpDownStatesTimeIntervals						UP	
28668.4144	0.05519999999887659	RippleTimeIntervals					28668.4496		
28668.6624	0.05679999999847496	RippleTimeIntervals					28668.6856		
28669.3328	0.06720000000132131	UpDownStatesTimeIntervals						DOWN	
28669.4	0.24879999999757274	UpDownStatesTimeIntervals						UP	
28669.5656	0.04320000000006985	RippleTimeIntervals					28669.5928		
28670.0408	0.13040000000182772	UpDownStatesTimeIntervals						UP	
28670.5456	0.07999999999810825	UpDownStatesTimeIntervals						DOWN	
28673.62	0.1720000000022992	UpDownStatesTimeIntervals						UP	
28674.804	0.24799999999959255	UpDownStatesTimeIntervals						UP	
28674.8512	0.05519999999887659	RippleTimeIntervals					28674.8656		
28676.2232	0.254399999997986	UpDownStatesTimeIntervals						UP	
28678.9128	0.3320000000021537	UpDownStatesTimeIntervals						UP	
28679.8776	0.17599999999947613	UpDownStatesTimeIntervals						UP	
28680.3168	0.2599999999983993	UpDownStatesTimeIntervals						DOWN	
28681.5344	0.21519999999873107	UpDownStatesTimeIntervals						UP	
28681.5792	0.0544000000008964	RippleTimeIntervals					28681.5968		
28682.9424	0.1592000000018743	UpDownStatesTimeIntervals						UP	
28686.5176	0.2952000000004773	UpDownStatesTimeIntervals						UP	
28687.7216	0.22719999999753782	UpDownStatesTimeIntervals						UP	
28690.3208	0.19279999999707798	UpDownStatesTimeIntervals						UP	
28690.368	0.05199999999967986	RippleTimeIntervals					28690.3896		
28691.2576	0.2559999999975844	UpDownStatesTimeIntervals						UP	
28693.3328	0.1503999999986263	UpDownStatesTimeIntervals						UP	
28693.7048	0.22560000000157743	UpDownStatesTimeIntervals						DOWN	
28694.3768	0.14240000000063446	UpDownStatesTimeIntervals						UP	
28694.5968	0.047200000000884756	RippleTimeIntervals					28694.608		
28694.916	0.1319999999977881	UpDownStatesTimeIntervals						UP	
28694.9648	0.05519999999887659	RippleTimeIntervals					28694.984		
28695.304	0.2824000000000524	UpDownStatesTimeIntervals						DOWN	
28695.5864	0.355199999998149	UpDownStatesTimeIntervals						UP	
28695.7168	0.037600000003294554	RippleTimeIntervals					28695.7176		
28696.3816	0.07040000000051805	RippleTimeIntervals					28696.4216		
28696.5432	0.1264000000010128	UpDownStatesTimeIntervals						UP	
28696.964	0.21120000000155414	UpDownStatesTimeIntervals						DOWN	
28698.0848	0.2583999999988009	UpDownStatesTimeIntervals						UP	
28698.1384	0.05760000000009313	RippleTimeIntervals					28698.1456		
28699.0488	0.16079999999783468	UpDownStatesTimeIntervals						UP	
28700.748	0.05040000000008149	RippleTimeIntervals					28700.7608		
28703.9696	0.19039999999949941	UpDownStatesTimeIntervals						DOWN	
28704.7872	0.20240000000194414	UpDownStatesTimeIntervals						UP	
28705.9432	0.26080000000001746	UpDownStatesTimeIntervals						UP	
28706.8112	0.15199999999822467	UpDownStatesTimeIntervals						UP	
28707.5368	0.23519999999916763	UpDownStatesTimeIntervals						UP	
28709.1072	0.07040000000051805	RippleTimeIntervals					28709.1392		
28709.288	0.04560000000128639	RippleTimeIntervals					28709.2976		
28712.0192	0.153600000001461	UpDownStatesTimeIntervals						UP	
28712.0688	0.04320000000006985	RippleTimeIntervals					28712.0928		
28712.7856	0.13839999999981956	UpDownStatesTimeIntervals						UP	
28721.9664	0.14799999999740976	UpDownStatesTimeIntervals						UP	
28722.016	0.044799999999668216	RippleTimeIntervals					28722.0248		
28722.356	0.053599999999278225	RippleTimeIntervals					28722.368		
28724.184	0.22559999999793945	UpDownStatesTimeIntervals						UP	
28730.26	0.1320000000014261	UpDownStatesTimeIntervals						UP	
28730.7304	0.2599999999983993	UpDownStatesTimeIntervals						UP	
28733.2664	0.17599999999947613	UpDownStatesTimeIntervals						UP	
28733.3288	0.053599999999278225	RippleTimeIntervals					28733.3632		
28734.9992	0.1264000000010128	UpDownStatesTimeIntervals						UP	
28735.5928	0.05680000000211294	RippleTimeIntervals					28735.6224		
28735.8224	0.15199999999822467	UpDownStatesTimeIntervals						UP	
28735.9008	0.04160000000047148	RippleTimeIntervals					28735.912		
28736.5432	0.15120000000024447	UpDownStatesTimeIntervals						UP	
28736.5864	0.07279999999809661	RippleTimeIntervals					28736.6232		
28737.6624	0.3103999999984808	UpDownStatesTimeIntervals						DOWN	
28738.3288	0.13920000000143773	UpDownStatesTimeIntervals						UP	
28740.084	0.14320000000225264	UpDownStatesTimeIntervals						UP	
28740.1352	0.053599999999278225	RippleTimeIntervals					28740.1504		
28740.8496	0.14879999999902793	UpDownStatesTimeIntervals						UP	
28741.6928	0.1415999999990163	UpDownStatesTimeIntervals						UP	
28742.256	0.04719999999724678	RippleTimeIntervals					28742.2656		
28742.3656	0.25279999999838765	UpDownStatesTimeIntervals						UP	
28742.532	0.0632000000005064	RippleTimeIntervals					28742.5536		
28743.3528	0.30319999999846914	UpDownStatesTimeIntervals						UP	
28744.4408	0.2360000000007858	UpDownStatesTimeIntervals						UP	
28745.0048	0.0864000000001397	UpDownStatesTimeIntervals						DOWN	
28746.2584	0.1543999999994412	UpDownStatesTimeIntervals						UP	
28746.3128	0.0639999999984866	RippleTimeIntervals					28746.344		
28746.8648	0.2000000000007276	UpDownStatesTimeIntervals						UP	
28748.0056	0.24399999999877764	UpDownStatesTimeIntervals						DOWN	
28748.2496	0.38079999999899883	UpDownStatesTimeIntervals						UP	
28748.9584	0.03600000000005821	UpDownStatesTimeIntervals						DOWN	
28749.6352	0.1415999999990163	UpDownStatesTimeIntervals						UP	
28749.6816	0.06480000000010477	RippleTimeIntervals					28749.6968		
28749.9328	0.058400000001711305	RippleTimeIntervals					28749.952		
28750.52	0.26159999999799766	UpDownStatesTimeIntervals						UP	
28751.3928	0.2536000000000058	UpDownStatesTimeIntervals						UP	
28751.9376	0.053599999999278225	RippleTimeIntervals					28751.96		
28752.0528	0.14959999999700813	UpDownStatesTimeIntervals						UP	
28752.0776	0.042399999998451676	RippleTimeIntervals					28752.0848		
28752.8288	0.2232000000003609	UpDownStatesTimeIntervals						DOWN	
28753.052	0.17919999999867287	UpDownStatesTimeIntervals						UP	
28753.5744	0.23999999999796273	UpDownStatesTimeIntervals						DOWN	
28761.1368	0.13839999999981956	UpDownStatesTimeIntervals						UP	
28761.1912	0.04160000000047148	RippleTimeIntervals					28761.1936		
28761.4144	0.05040000000008149	RippleTimeIntervals					28761.4272		
28769.4712	0.1455999999998312	UpDownStatesTimeIntervals						UP	
28770.508	0.2824000000000524	UpDownStatesTimeIntervals						UP	
28773.4016	0.21999999999752617	UpDownStatesTimeIntervals						UP	
28774.8272	0.280800000000454	UpDownStatesTimeIntervals						UP	
28774.8592	0.06480000000010477	RippleTimeIntervals					28774.8928		
28775.8992	0.2959999999984575	UpDownStatesTimeIntervals						UP	
28776.1184	0.0544000000008964	RippleTimeIntervals					28776.1336		
28776.4576	0.048799999996845145	RippleTimeIntervals					28776.48		
28776.56	0.1959999999999127	UpDownStatesTimeIntervals						DOWN	
28776.756	0.23999999999796273	UpDownStatesTimeIntervals						UP	
28776.8072	0.03440000000045984	RippleTimeIntervals					28776.8088		
28777.1408	0.04160000000047148	RippleTimeIntervals					28777.1544		
28779.4032	0.12800000000061118	UpDownStatesTimeIntervals						UP	
28779.8768	0.15120000000024447	UpDownStatesTimeIntervals						UP	
28780.7288	0.26559999999881256	UpDownStatesTimeIntervals						UP	
28780.7712	0.044799999999668216	RippleTimeIntervals					28780.7808		
28781.5648	0.2639999999992142	UpDownStatesTimeIntervals						UP	
28783.4896	0.24239999999917927	UpDownStatesTimeIntervals						UP	
28783.9032	0.2959999999984575	UpDownStatesTimeIntervals						DOWN	
28784.1992	0.381600000000617	UpDownStatesTimeIntervals						UP	
28784.22	0.07200000000011642	RippleTimeIntervals					28784.2592		
28784.3856	0.035199999998440035	RippleTimeIntervals					28784.388		
28785.8272	0.1680000000014843	UpDownStatesTimeIntervals						UP	
28785.8784	0.04959999999846332	RippleTimeIntervals					28785.9136		
28786.4168	0.10959999999977299	UpDownStatesTimeIntervals						UP	
28786.7792	0.25679999999920256	UpDownStatesTimeIntervals						UP	
28793.2792	0.17439999999987776	UpDownStatesTimeIntervals						UP	
28794.1176	0.28399999999965075	UpDownStatesTimeIntervals						UP	
28794.5224	0.4783999999999651	UpDownStatesTimeIntervals						DOWN	
28795.0008	0.26159999999799766	UpDownStatesTimeIntervals						UP	
28795.0584	0.04719999999724678	RippleTimeIntervals					28795.0592		
28797.1552	0.0591999999996915	RippleTimeIntervals					28797.1736		
28798.8864	0.17439999999987776	UpDownStatesTimeIntervals						UP	
28807.8464	0.23919999999998254	UpDownStatesTimeIntervals						UP	
28810.0272	0.16960000000108266	UpDownStatesTimeIntervals						UP	
28810.0912	0.06240000000252621	RippleTimeIntervals					28810.1144		
28810.8232	0.272000000000844	UpDownStatesTimeIntervals						UP	
28810.8632	0.05040000000008149	RippleTimeIntervals					28810.88		
28811.0056	0.04160000000047148	RippleTimeIntervals					28811.0072		
28811.792	0.17439999999987776	UpDownStatesTimeIntervals						UP	
28815.4528	0.3544000000001688	UpDownStatesTimeIntervals						UP	
28816.0528	0.20160000000032596	UpDownStatesTimeIntervals						DOWN	
28817.4992	0.06000000000130967	RippleTimeIntervals					28817.5224		
28824.1664	0.15200000000186265	UpDownStatesTimeIntervals						UP	
28825.6408	0.15680000000065775	UpDownStatesTimeIntervals						UP	
28826.256	0.16239999999743304	UpDownStatesTimeIntervals						UP	
28827.2552	0.1455999999998312	UpDownStatesTimeIntervals						UP	
28827.3104	0.048800000000483124	RippleTimeIntervals					28827.332		
28828.2768	0.058400000001711305	RippleTimeIntervals					28828.2936		
28828.792	0.23519999999916763	UpDownStatesTimeIntervals						UP	
28832.5544	0.1415999999990163	UpDownStatesTimeIntervals						UP	
28833.496	0.20080000000234577	UpDownStatesTimeIntervals						UP	
28834.1448	0.1496000000006461	UpDownStatesTimeIntervals						UP	
28835.3008	0.17439999999987776	UpDownStatesTimeIntervals						UP	
28836.1128	0.09519999999974971	UpDownStatesTimeIntervals						DOWN	
28836.208	0.27840000000287546	UpDownStatesTimeIntervals						UP	
28837.9256	0.15999999999985448	UpDownStatesTimeIntervals						DOWN	
28838.0856	0.24880000000121072	UpDownStatesTimeIntervals						UP	
28839.7424	0.14320000000225264	UpDownStatesTimeIntervals						UP	
28839.9568	0.18000000000029104	UpDownStatesTimeIntervals						DOWN	
28840.7296	0.144800000001851	UpDownStatesTimeIntervals						UP	
28841.8352	0.03919999999925494	UpDownStatesTimeIntervals						DOWN	
28842.464	0.18319999999948777	UpDownStatesTimeIntervals						DOWN	
28842.6472	0.13999999999941792	UpDownStatesTimeIntervals						UP	
28843.4688	0.3631999999997788	UpDownStatesTimeIntervals						UP	
28843.9904	0.3136000000013155	UpDownStatesTimeIntervals						DOWN	
28844.4504	0.127199999998993	UpDownStatesTimeIntervals						UP	
28845.792	0.1503999999986263	UpDownStatesTimeIntervals						UP	
28847.0256	0.08799999999973807	UpDownStatesTimeIntervals						DOWN	
28847.1136	0.27520000000004075	UpDownStatesTimeIntervals						UP	
28848.0432	0.13759999999820138	UpDownStatesTimeIntervals						UP	
28848.0928	0.05040000000008149	RippleTimeIntervals					28848.1144		
28848.4528	0.040000000000873115	RippleTimeIntervals					28848.46		
28849.248	0.2312000000019907	UpDownStatesTimeIntervals						UP	
28851.2712	0.15279999999984284	UpDownStatesTimeIntervals						UP	
28851.828	0.1863999999986845	UpDownStatesTimeIntervals						DOWN	
28852.0144	0.2776000000012573	UpDownStatesTimeIntervals						UP	
28852.052	0.0496000000021013	RippleTimeIntervals					28852.08		
28854.1384	0.14319999999861466	UpDownStatesTimeIntervals						UP	
28854.1816	0.06000000000130967	RippleTimeIntervals					28854.2016		
28854.9208	0.153600000001461	UpDownStatesTimeIntervals						UP	
28854.98	0.056000000000494765	RippleTimeIntervals					28854.992		
28855.232	0.05280000000129803	RippleTimeIntervals					28855.2648		
28856.2256	0.15199999999822467	UpDownStatesTimeIntervals						UP	
28857.664	0.27119999999922584	UpDownStatesTimeIntervals						UP	
28859.1352	0.45200000000113505	UpDownStatesTimeIntervals						UP	
28861.336	0.1320000000014261	UpDownStatesTimeIntervals						UP	
28861.3752	0.06240000000252621	RippleTimeIntervals					28861.4128		
28861.8272	0.04560000000128639	RippleTimeIntervals					28861.856		
28862.8848	0.1584000000002561	UpDownStatesTimeIntervals						UP	
28863.8928	0.2879999999968277	UpDownStatesTimeIntervals						UP	
28867.0216	0.16560000000026776	UpDownStatesTimeIntervals						UP	
28867.0832	0.04320000000006985	RippleTimeIntervals					28867.1064		
28867.2624	0.35759999999936554	UpDownStatesTimeIntervals						DOWN	
28867.62	0.1687999999994645	UpDownStatesTimeIntervals						UP	
28868.4184	0.0591999999996915	RippleTimeIntervals					28868.4328		
28868.9408	0.15120000000024447	UpDownStatesTimeIntervals						UP	
28869.4592	0.14319999999861466	UpDownStatesTimeIntervals						UP	
28869.944	0.3008000000008906	UpDownStatesTimeIntervals						DOWN	
28870.2448	0.26159999999799766	UpDownStatesTimeIntervals						UP	
28870.3096	0.0544000000008964	RippleTimeIntervals					28870.316		
28870.96	0.4320000000006985	UpDownStatesTimeIntervals						UP	
28871.58	0.18959999999788124	UpDownStatesTimeIntervals						DOWN	
28871.9944	0.13920000000143773	UpDownStatesTimeIntervals						UP	
28874.6416	0.23680000000240398	UpDownStatesTimeIntervals						UP	
28875.22	0.32639999999810243	UpDownStatesTimeIntervals						UP	
28875.8048	0.1823999999978696	UpDownStatesTimeIntervals						DOWN	
28875.9872	0.1584000000002561	UpDownStatesTimeIntervals						UP	
28877.3008	0.2639999999992142	UpDownStatesTimeIntervals						UP	
28877.8704	0.2175999999999476	UpDownStatesTimeIntervals						DOWN	
28880.3024	0.3096000000005006	UpDownStatesTimeIntervals						DOWN	
28880.996	0.20560000000114087	UpDownStatesTimeIntervals						UP	
28881.6344	0.15120000000024447	UpDownStatesTimeIntervals						UP	
28881.6808	0.06000000000130967	RippleTimeIntervals					28881.7056		
28882.9232	0.2007999999987078	UpDownStatesTimeIntervals						UP	
28884.0904	0.19679999999789288	UpDownStatesTimeIntervals						UP	
28884.0968	0.046399999999266583	RippleTimeIntervals					28884.1024		
28886.9344	0.13520000000062282	UpDownStatesTimeIntervals						UP	
28890.3144	0.1720000000022992	UpDownStatesTimeIntervals						UP	
28893.532	0.23440000000118744	UpDownStatesTimeIntervals						UP	
28893.8216	0.1368000000002212	UpDownStatesTimeIntervals						DOWN	
28894.3904	0.03280000000086147	UpDownStatesTimeIntervals						DOWN	
28895.2296	0.31999999999970896	UpDownStatesTimeIntervals						UP	
28896.4624	0.13599999999860302	UpDownStatesTimeIntervals						UP	
28896.7736	0.19919999999910942	UpDownStatesTimeIntervals						DOWN	
28896.9728	0.14719999999942956	UpDownStatesTimeIntervals						UP	
28897.6584	0.27599999999802094	UpDownStatesTimeIntervals						UP	
28898.696	0.1415999999990163	UpDownStatesTimeIntervals						UP	
28899.736	0.21279999999751453	UpDownStatesTimeIntervals						UP	
28900.3256	0.1320000000014261	UpDownStatesTimeIntervals						UP	
28901.8496	0.13999999999941792	UpDownStatesTimeIntervals						UP	
28901.908	0.04560000000128639	RippleTimeIntervals					28901.9152		
28902.2816	0.05200000000331784	RippleTimeIntervals					28902.2872		
28907.3368	0.2327999999979511	UpDownStatesTimeIntervals						UP	
28907.476	0.048800000000483124	RippleTimeIntervals					28907.5008		
28908.2088	0.18879999999990105	UpDownStatesTimeIntervals						UP	
28908.2488	0.04719999999724678	RippleTimeIntervals					28908.2728		
28908.7752	0.03840000000127475	RippleTimeIntervals					28908.7768		
28909.6232	0.04719999999724678	RippleTimeIntervals					28909.6352		
28911.1048	0.17120000000068103	UpDownStatesTimeIntervals						UP	
28918.5216	0.18319999999948777	UpDownStatesTimeIntervals						UP	
28919.1128	0.14160000000265427	UpDownStatesTimeIntervals						UP	
28919.1488	0.0591999999996915	RippleTimeIntervals					28919.1696		
28921.0872	0.2583999999988009	UpDownStatesTimeIntervals						UP	
28921.144	0.04560000000128639	RippleTimeIntervals					28921.1576		
28923.684	0.15680000000065775	UpDownStatesTimeIntervals						UP	
28925.384	0.17520000000149594	UpDownStatesTimeIntervals						UP	
28925.4688	0.04800000000250293	RippleTimeIntervals					28925.4824		
28926.3672	0.0632000000005064	RippleTimeIntervals					28926.3872		
28926.4584	0.013600000002043089	UpDownStatesTimeIntervals						DOWN	
28926.472	0.10479999999733991	UpDownStatesTimeIntervals						UP	
28927.0592	0.12320000000181608	UpDownStatesTimeIntervals						UP	
28927.7432	0.1496000000006461	UpDownStatesTimeIntervals						UP	
28928.5256	0.15199999999822467	UpDownStatesTimeIntervals						UP	
28931.904	0.15200000000186265	UpDownStatesTimeIntervals						UP	
28932.4032	0.13520000000062282	UpDownStatesTimeIntervals						UP	
28933.3608	0.15999999999985448	UpDownStatesTimeIntervals						UP	
28933.8696	0.15199999999822467	UpDownStatesTimeIntervals						UP	
28945.1432	0.18879999999990105	UpDownStatesTimeIntervals						UP	
28946.3208	0.3127999999996973	UpDownStatesTimeIntervals						UP	
28947.336	0.15520000000105938	UpDownStatesTimeIntervals						UP	
28947.3992	0.053599999999278225	RippleTimeIntervals					28947.4096		
28947.8904	0.12399999999979627	UpDownStatesTimeIntervals						UP	
28948.684	0.06079999999928987	RippleTimeIntervals					28948.7048		
28949.3464	0.15760000000227592	UpDownStatesTimeIntervals						UP	
28949.9392	0.14719999999942956	UpDownStatesTimeIntervals						UP	
28952.7952	0.051199999998061685	RippleTimeIntervals					28952.7984		
28953.1464	0.25679999999920256	UpDownStatesTimeIntervals						UP	
28953.2024	0.03840000000127475	RippleTimeIntervals					28953.2208		
28954.3496	0.25279999999838765	UpDownStatesTimeIntervals						UP	
28955.0912	0.15520000000105938	UpDownStatesTimeIntervals						UP	
28955.6512	0.127199999998993	UpDownStatesTimeIntervals						UP	
28955.7024	0.04800000000250293	RippleTimeIntervals					28955.716		
28956.7952	0.14719999999942956	UpDownStatesTimeIntervals						DOWN	
28956.9424	0.15120000000024447	UpDownStatesTimeIntervals						UP	
28956.9984	0.058399999998073326	RippleTimeIntervals					28957.0136		
28957.7168	0.16160000000309083	UpDownStatesTimeIntervals						DOWN	
28958.5616	0.15680000000065775	UpDownStatesTimeIntervals						UP	
28959.5424	0.13440000000264263	UpDownStatesTimeIntervals						UP	
28960.9376	0.23040000000037253	UpDownStatesTimeIntervals						UP	
28962.584	0.1488000000026659	UpDownStatesTimeIntervals						UP	
28963.1776	0.1488000000026659	UpDownStatesTimeIntervals						UP	
28963.68	0.1543999999994412	UpDownStatesTimeIntervals						UP	
28963.9624	0.42559999999866704	UpDownStatesTimeIntervals						DOWN	
28966.212	0.15520000000105938	UpDownStatesTimeIntervals						UP	
28968.7568	0.31120000000009895	UpDownStatesTimeIntervals						UP	
28970.5496	0.1992000000027474	UpDownStatesTimeIntervals						UP	
28971.2816	0.15520000000105938	UpDownStatesTimeIntervals						UP	
28972.6784	0.1640000000006694	UpDownStatesTimeIntervals						UP	
28973.3064	0.19919999999910942	UpDownStatesTimeIntervals						UP	
28973.412	0.04959999999846332	RippleTimeIntervals					28973.4384		
28975.0632	0.26959999999962747	UpDownStatesTimeIntervals						UP	
28986.1312	0.11200000000098953	UpDownStatesTimeIntervals						DOWN	
28986.2432	0.1496000000006461	UpDownStatesTimeIntervals						UP	
28986.2936	0.05679999999847496	RippleTimeIntervals					28986.3104		
28986.7088	0.38000000000101863	UpDownStatesTimeIntervals						UP	
28988.4976	0.1856000000007043	UpDownStatesTimeIntervals						DOWN	
28988.6832	0.15680000000065775	UpDownStatesTimeIntervals						UP	
28992.2496	0.1584000000002561	UpDownStatesTimeIntervals						UP	
28992.3168	0.04399999999805004	RippleTimeIntervals					28992.3288		
28992.8608	0.10480000000097789	UpDownStatesTimeIntervals						DOWN	
28993.1416	0.15520000000105938	UpDownStatesTimeIntervals						UP	
28993.7288	0.13360000000102445	UpDownStatesTimeIntervals						UP	
28998.076	0.15599999999903957	UpDownStatesTimeIntervals						UP	
28998.152	0.05680000000211294	RippleTimeIntervals					28998.1824		
28998.6328	0.19280000000071595	UpDownStatesTimeIntervals						UP	
28999.1248	0.3007999999972526	UpDownStatesTimeIntervals						DOWN	
28999.8016	0.13760000000183936	UpDownStatesTimeIntervals						UP	
29002.1536	0.2591999999967811	UpDownStatesTimeIntervals						UP	
29005.2768	0.2760000000016589	UpDownStatesTimeIntervals						UP	
29006.2368	0.1720000000022992	UpDownStatesTimeIntervals						UP	
29007.3408	0.04079999999885331	RippleTimeIntervals					29007.3624		
29008.7672	0.07520000000295113	UpDownStatesTimeIntervals						DOWN	
29009.424	0.381600000000617	UpDownStatesTimeIntervals						UP	
29015.1984	0.08079999999972642	UpDownStatesTimeIntervals						UP	
29015.5424	0.058400000001711305	RippleTimeIntervals					29015.5608		
29015.748	0.17520000000149594	UpDownStatesTimeIntervals						UP	
29016.7544	0.1543999999994412	UpDownStatesTimeIntervals						UP	
29017.552	0.13839999999981956	UpDownStatesTimeIntervals						UP	
29018.0808	0.04799999999886495	RippleTimeIntervals					29018.0968		
29018.3672	0.15680000000065775	UpDownStatesTimeIntervals						UP	
29018.4808	0.03600000000005821	RippleTimeIntervals					29018.504		
29019.9152	0.15760000000227592	UpDownStatesTimeIntervals						UP	
29020.248	0.127199999998993	UpDownStatesTimeIntervals						DOWN	
29021.5712	0.15440000000307919	UpDownStatesTimeIntervals						UP	
29021.9912	0.035199999998440035	UpDownStatesTimeIntervals						DOWN	
29022.8104	0.31040000000211876	UpDownStatesTimeIntervals						UP	
29030.4976	0.3184000000001106	UpDownStatesTimeIntervals						UP	
29032.336	0.14240000000063446	UpDownStatesTimeIntervals						UP	
29042.0	36.0	SleepStates							REMstate
29079.0	10.0	SleepStates							WAKEstate
29090.0	26.0	SleepStates							REMstate
29117.0	8.0	SleepStates							WAKEstate
29126.0	66.0	SleepStates							REMstate
29193.0	23.0	SleepStates							WAKEstate
29217.0	1041.0	SleepStates							NREMstate
29219.4904	0.13040000000182772	UpDownStatesTimeIntervals						UP	
29222.8296	0.14479999999821302	UpDownStatesTimeIntervals						UP	
29223.5408	0.3088000000025204	UpDownStatesTimeIntervals						UP	
29223.58	0.08479999999690335	RippleTimeIntervals					29223.6032		
29224.532	0.14800000000104774	UpDownStatesTimeIntervals						UP	
29227.0872	0.16479999999864958	UpDownStatesTimeIntervals						UP	
29227.812	0.23999999999796273	UpDownStatesTimeIntervals						UP	
29229.0752	0.41519999999945867	UpDownStatesTimeIntervals						DOWN	
29229.4904	0.15279999999984284	UpDownStatesTimeIntervals						UP	
29230.0768	0.20560000000114087	UpDownStatesTimeIntervals						UP	
29231.3608	0.14720000000306754	UpDownStatesTimeIntervals						UP	
29234.9264	0.14240000000063446	UpDownStatesTimeIntervals						UP	
29237.4032	0.13999999999941792	UpDownStatesTimeIntervals						UP	
29238.2072	0.07200000000011642	RippleTimeIntervals					29238.2432		
29239.6872	0.2183999999979278	UpDownStatesTimeIntervals						UP	
29240.5928	0.13760000000183936	UpDownStatesTimeIntervals						UP	
29240.6504	0.04560000000128639	RippleTimeIntervals					29240.6592		
29240.8352	0.039999999997235136	RippleTimeIntervals					29240.8368		
29241.0728	0.05199999999967986	RippleTimeIntervals					29241.1064		
29251.4336	0.1856000000007043	UpDownStatesTimeIntervals						UP	
29253.5016	0.053599999999278225	RippleTimeIntervals					29253.5128		
29258.1968	0.14479999999821302	UpDownStatesTimeIntervals						UP	
29258.7832	0.23599999999714782	UpDownStatesTimeIntervals						UP	
29260.1208	0.13839999999981956	UpDownStatesTimeIntervals						UP	
29265.0696	0.144800000001851	UpDownStatesTimeIntervals						UP	
29268.0952	0.16080000000147265	UpDownStatesTimeIntervals						UP	
29268.1544	0.047200000000884756	RippleTimeIntervals					29268.16		
29271.5648	0.06959999999889988	RippleTimeIntervals					29271.5984		
29275.7248	0.21679999999832944	UpDownStatesTimeIntervals						DOWN	
29275.9416	0.25680000000284053	UpDownStatesTimeIntervals						UP	
29276.5488	0.1368000000002212	UpDownStatesTimeIntervals						UP	
29279.7856	0.15040000000226428	UpDownStatesTimeIntervals						UP	
29280.2992	0.2183999999979278	UpDownStatesTimeIntervals						UP	
29283.3984	0.05520000000251457	RippleTimeIntervals					29283.412		
29283.7008	0.23680000000240398	UpDownStatesTimeIntervals						UP	
29285.1248	0.05279999999766005	RippleTimeIntervals					29285.1464		
29285.3896	0.13839999999981956	UpDownStatesTimeIntervals						UP	
29286.5648	0.15759999999863794	UpDownStatesTimeIntervals						UP	
29289.6024	0.23519999999916763	UpDownStatesTimeIntervals						UP	
29290.28	0.23840000000200234	UpDownStatesTimeIntervals						UP	
29294.7016	0.08320000000094296	UpDownStatesTimeIntervals						DOWN	
29294.7848	0.23040000000037253	UpDownStatesTimeIntervals						UP	
29297.0752	0.058400000001711305	RippleTimeIntervals					29297.0808		
29297.6568	0.1496000000006461	UpDownStatesTimeIntervals						UP	
29298.768	0.153600000001461	UpDownStatesTimeIntervals						UP	
29299.72	0.27520000000004075	UpDownStatesTimeIntervals						UP	
29300.284	0.03840000000127475	UpDownStatesTimeIntervals						DOWN	
29306.9504	0.24399999999877764	UpDownStatesTimeIntervals						UP	
29313.8584	0.10640000000057626	UpDownStatesTimeIntervals						DOWN	
29314.184	0.1543999999994412	UpDownStatesTimeIntervals						UP	
29314.7488	0.22719999999753782	UpDownStatesTimeIntervals						UP	
29315.1368	0.051199999998061685	UpDownStatesTimeIntervals						DOWN	
29315.3432	0.15040000000226428	UpDownStatesTimeIntervals						UP	
29315.9832	0.12480000000141445	UpDownStatesTimeIntervals						UP	
29316.8232	0.23919999999998254	UpDownStatesTimeIntervals						UP	
29317.3576	0.15520000000105938	UpDownStatesTimeIntervals						UP	
29317.4072	0.055999999996856786	RippleTimeIntervals					29317.4416		
29318.336	0.18000000000029104	UpDownStatesTimeIntervals						UP	
29318.752	0.32960000000093714	UpDownStatesTimeIntervals						DOWN	
29319.48	0.25600000000122236	UpDownStatesTimeIntervals						UP	
29320.1856	0.14479999999821302	UpDownStatesTimeIntervals						UP	
29324.7032	0.25200000000040745	UpDownStatesTimeIntervals						UP	
29332.288	0.1319999999977881	UpDownStatesTimeIntervals						UP	
29332.8864	0.06959999999889988	UpDownStatesTimeIntervals						DOWN	
29332.956	0.14320000000225264	UpDownStatesTimeIntervals						UP	
29333.8336	0.15839999999661813	UpDownStatesTimeIntervals						UP	
29336.6312	0.2504000000008091	UpDownStatesTimeIntervals						UP	
29338.484	0.25760000000082073	UpDownStatesTimeIntervals						UP	
29340.2144	0.245599999998376	UpDownStatesTimeIntervals						UP	
29342.2024	0.21680000000196742	UpDownStatesTimeIntervals						UP	
29343.7384	0.17360000000189757	UpDownStatesTimeIntervals						UP	
29345.0792	0.14479999999821302	UpDownStatesTimeIntervals						UP	
29345.6144	0.14320000000225264	UpDownStatesTimeIntervals						UP	
29347.5288	0.26239999999961583	UpDownStatesTimeIntervals						UP	
29348.14	0.22639999999955762	UpDownStatesTimeIntervals						DOWN	
29348.3664	0.3448000000025786	UpDownStatesTimeIntervals						UP	
29349.688	0.34320000000298023	UpDownStatesTimeIntervals						UP	
29351.3496	0.2495999999991909	UpDownStatesTimeIntervals						UP	
29353.0744	0.1551999999974214	UpDownStatesTimeIntervals						UP	
29354.3272	0.2760000000016589	UpDownStatesTimeIntervals						DOWN	
29354.6032	0.16159999999945285	UpDownStatesTimeIntervals						UP	
29357.3144	0.1088000000017928	UpDownStatesTimeIntervals						DOWN	
29357.4232	0.2415999999975611	UpDownStatesTimeIntervals						UP	
29357.8288	0.20240000000194414	UpDownStatesTimeIntervals						DOWN	
29358.0312	0.15279999999984284	UpDownStatesTimeIntervals						UP	
29358.6848	0.40720000000146683	UpDownStatesTimeIntervals						DOWN	
29366.036	0.03680000000167638	RippleTimeIntervals					29366.044		
29366.7552	0.15520000000105938	UpDownStatesTimeIntervals						UP	
29366.8208	0.04719999999724678	RippleTimeIntervals					29366.836		
29369.3216	0.14400000000023283	UpDownStatesTimeIntervals						UP	
29369.3664	0.05680000000211294	RippleTimeIntervals					29369.3904		
29369.8624	0.2687999999980093	UpDownStatesTimeIntervals						UP	
29370.864	0.13279999999940628	UpDownStatesTimeIntervals						UP	
29371.4952	0.12080000000059954	UpDownStatesTimeIntervals						UP	
29375.776	0.17039999999906286	UpDownStatesTimeIntervals						UP	
29377.268	0.1735999999982596	UpDownStatesTimeIntervals						UP	
29378.2712	0.14240000000063446	UpDownStatesTimeIntervals						UP	
29383.8232	0.13760000000183936	UpDownStatesTimeIntervals						UP	
29385.888	0.06639999999970314	RippleTimeIntervals					29385.9168		
29387.8256	0.14800000000104774	UpDownStatesTimeIntervals						UP	
29388.868	0.20080000000234577	UpDownStatesTimeIntervals						DOWN	
29390.4912	0.18000000000029104	UpDownStatesTimeIntervals						UP	
29391.7728	0.16719999999986612	UpDownStatesTimeIntervals						UP	
29395.7216	0.27920000000085565	UpDownStatesTimeIntervals						UP	
29397.6624	0.07839999999850988	RippleTimeIntervals					29397.6976		
29398.4736	0.14479999999821302	UpDownStatesTimeIntervals						UP	
29402.4528	0.05199999999967986	RippleTimeIntervals					29402.4728		
29404.5952	0.25600000000122236	UpDownStatesTimeIntervals						UP	
29405.3416	0.20639999999912106	UpDownStatesTimeIntervals						UP	
29405.9984	0.13599999999860302	UpDownStatesTimeIntervals						UP	
29407.4384	0.16159999999945285	UpDownStatesTimeIntervals						UP	
29408.9728	0.32879999999931897	UpDownStatesTimeIntervals						UP	
29409.9896	0.2000000000007276	UpDownStatesTimeIntervals						UP	
29410.8608	0.16160000000309083	UpDownStatesTimeIntervals						UP	
29414.2136	0.16159999999945285	UpDownStatesTimeIntervals						UP	
29414.28	0.06240000000252621	RippleTimeIntervals					29414.3008		
29414.8784	0.19359999999869615	UpDownStatesTimeIntervals						UP	
29417.2776	0.16560000000026776	UpDownStatesTimeIntervals						UP	
29421.6616	0.16640000000188593	UpDownStatesTimeIntervals						UP	
29424.4984	0.22639999999955762	UpDownStatesTimeIntervals						UP	
29425.1528	0.2088000000003376	UpDownStatesTimeIntervals						UP	
29425.6864	0.12960000000020955	UpDownStatesTimeIntervals						UP	
29426.3736	0.14640000000144937	UpDownStatesTimeIntervals						UP	
29431.2448	0.280800000000454	UpDownStatesTimeIntervals						UP	
29431.7424	0.23519999999916763	UpDownStatesTimeIntervals						UP	
29432.5952	0.10160000000178115	UpDownStatesTimeIntervals						UP	
29433.132	0.17119999999704305	UpDownStatesTimeIntervals						DOWN	
29434.2768	0.26480000000083237	UpDownStatesTimeIntervals						UP	
29435.316	0.2272000000011758	UpDownStatesTimeIntervals						UP	
29436.6568	0.1959999999999127	UpDownStatesTimeIntervals						UP	
29437.2592	0.3103999999984808	UpDownStatesTimeIntervals						UP	
29441.528	0.136000000002241	UpDownStatesTimeIntervals						UP	
29441.8096	0.26559999999881256	UpDownStatesTimeIntervals						DOWN	
29442.0752	0.1320000000014261	UpDownStatesTimeIntervals						UP	
29442.576	0.19359999999869615	UpDownStatesTimeIntervals						UP	
29446.2912	0.25760000000082073	UpDownStatesTimeIntervals						UP	
29451.9432	0.25759999999718275	UpDownStatesTimeIntervals						UP	
29453.5312	0.24639999999999418	UpDownStatesTimeIntervals						UP	
29454.6424	0.3911999999982072	UpDownStatesTimeIntervals						UP	
29461.1416	0.20240000000194414	UpDownStatesTimeIntervals						UP	
29464.6216	0.17120000000068103	UpDownStatesTimeIntervals						UP	
29465.9792	0.26159999999799766	UpDownStatesTimeIntervals						UP	
29466.0136	0.06000000000130967	RippleTimeIntervals					29466.0424		
29467.6088	0.26080000000001746	UpDownStatesTimeIntervals						UP	
29469.272	0.1911999999974796	UpDownStatesTimeIntervals						UP	
29470.8456	0.22479999999995925	UpDownStatesTimeIntervals						UP	
29471.6688	0.1136000000005879	UpDownStatesTimeIntervals						DOWN	
29473.5688	0.2415999999975611	UpDownStatesTimeIntervals						UP	
29474.6816	0.15759999999863794	UpDownStatesTimeIntervals						UP	
29480.964	0.17199999999866122	UpDownStatesTimeIntervals						UP	
29481.9392	0.20799999999871943	UpDownStatesTimeIntervals						UP	
29482.6416	0.12160000000221771	UpDownStatesTimeIntervals						UP	
29483.2064	0.23760000000038417	UpDownStatesTimeIntervals						UP	
29484.8584	0.26559999999881256	UpDownStatesTimeIntervals						UP	
29486.2528	0.2496000000028289	UpDownStatesTimeIntervals						UP	
29486.308	0.04320000000006985	RippleTimeIntervals					29486.3272		
29486.5896	0.04320000000006985	RippleTimeIntervals					29486.6032		
29487.8472	0.15759999999863794	UpDownStatesTimeIntervals						UP	
29487.9288	0.04719999999724678	RippleTimeIntervals					29487.9344		
29489.0024	0.33359999999811407	UpDownStatesTimeIntervals						UP	
29490.0736	0.05040000000008149	UpDownStatesTimeIntervals						DOWN	
29490.124	0.3008000000008906	UpDownStatesTimeIntervals						UP	
29491.096	0.15999999999985448	UpDownStatesTimeIntervals						UP	
29493.8176	0.16160000000309083	UpDownStatesTimeIntervals						UP	
29493.888	0.037599999999656575	RippleTimeIntervals					29493.896		
29494.8968	0.1760000000031141	UpDownStatesTimeIntervals						UP	
29496.2416	0.15279999999984284	UpDownStatesTimeIntervals						UP	
29500.0176	0.19919999999910942	UpDownStatesTimeIntervals						UP	
29500.1136	0.042399999998451676	RippleTimeIntervals					29500.116		
29501.5144	0.1408000000010361	UpDownStatesTimeIntervals						UP	
29508.0264	0.21360000000277068	UpDownStatesTimeIntervals						UP	
29510.16	0.19280000000071595	UpDownStatesTimeIntervals						DOWN	
29510.6944	0.13119999999980791	UpDownStatesTimeIntervals						UP	
29513.1616	0.16240000000107102	UpDownStatesTimeIntervals						UP	
29515.432	0.051199999998061685	RippleTimeIntervals					29515.4528		
29521.804	0.2871999999988475	UpDownStatesTimeIntervals						UP	
29527.2896	0.2736000000004424	UpDownStatesTimeIntervals						UP	
29528.2552	0.1088000000017928	UpDownStatesTimeIntervals						UP	
29528.8656	0.2504000000008091	UpDownStatesTimeIntervals						UP	
29531.2928	0.14320000000225264	UpDownStatesTimeIntervals						UP	
29531.3472	0.04799999999886495	RippleTimeIntervals					29531.36		
29531.9224	0.3624000000017986	UpDownStatesTimeIntervals						DOWN	
29532.2848	0.2592000000004191	UpDownStatesTimeIntervals						UP	
29535.864	0.32159999999930733	UpDownStatesTimeIntervals						UP	
29538.0352	0.05280000000129803	RippleTimeIntervals					29538.056		
29539.6512	0.2536000000000058	UpDownStatesTimeIntervals						UP	
29540.8296	0.3312000000005355	UpDownStatesTimeIntervals						UP	
29541.6424	0.1368000000002212	UpDownStatesTimeIntervals						UP	
29543.9664	0.13599999999860302	UpDownStatesTimeIntervals						UP	
29544.5896	0.13920000000143773	UpDownStatesTimeIntervals						UP	
29546.4456	0.24320000000079744	UpDownStatesTimeIntervals						UP	
29547.5416	0.06000000000130967	UpDownStatesTimeIntervals						DOWN	
29547.6016	0.1543999999994412	UpDownStatesTimeIntervals						UP	
29555.4144	0.16479999999864958	UpDownStatesTimeIntervals						UP	
29555.7896	0.06160000000090804	RippleTimeIntervals					29555.8096		
29555.9376	0.12639999999737483	UpDownStatesTimeIntervals						UP	
29560.0688	0.17919999999867287	UpDownStatesTimeIntervals						UP	
29563.4224	0.22479999999995925	UpDownStatesTimeIntervals						UP	
29564.6888	0.26640000000043074	UpDownStatesTimeIntervals						UP	
29565.4824	0.16239999999743304	UpDownStatesTimeIntervals						UP	
29565.7592	0.08959999999933643	UpDownStatesTimeIntervals						DOWN	
29567.8904	0.18000000000029104	UpDownStatesTimeIntervals						UP	
29570.82	0.13439999999900465	UpDownStatesTimeIntervals						UP	
29572.3328	0.15520000000105938	UpDownStatesTimeIntervals						UP	
29575.668	0.05199999999967986	RippleTimeIntervals					29575.7		
29577.5736	0.25679999999920256	UpDownStatesTimeIntervals						UP	
29580.196	0.26080000000001746	UpDownStatesTimeIntervals						UP	
29581.7232	0.14400000000023283	UpDownStatesTimeIntervals						UP	
29582.3064	0.13439999999900465	UpDownStatesTimeIntervals						UP	
29583.2368	0.16240000000107102	UpDownStatesTimeIntervals						UP	
29584.5992	0.280800000000454	UpDownStatesTimeIntervals						UP	
29585.7064	0.17840000000069267	UpDownStatesTimeIntervals						UP	
29586.76	0.23760000000038417	UpDownStatesTimeIntervals						UP	
29590.8504	0.19680000000153086	UpDownStatesTimeIntervals						UP	
29593.5	0.19519999999829452	UpDownStatesTimeIntervals						UP	
29598.248	0.26239999999961583	UpDownStatesTimeIntervals						UP	
29599.0856	0.17120000000068103	UpDownStatesTimeIntervals						DOWN	
29600.3432	0.263200000001234	UpDownStatesTimeIntervals						UP	
29601.7112	0.13599999999860302	UpDownStatesTimeIntervals						UP	
29602.2592	0.2855999999992491	UpDownStatesTimeIntervals						DOWN	
29606.3584	0.2175999999999476	UpDownStatesTimeIntervals						DOWN	
29607.2728	0.28399999999965075	UpDownStatesTimeIntervals						UP	
29611.1696	0.2327999999979511	UpDownStatesTimeIntervals						UP	
29611.808	0.09920000000056461	UpDownStatesTimeIntervals						DOWN	
29611.9072	0.2951999999968393	UpDownStatesTimeIntervals						UP	
29612.4536	0.08959999999933643	UpDownStatesTimeIntervals						UP	
29613.8536	0.3000000000029104	UpDownStatesTimeIntervals						UP	
29615.1488	0.16159999999945285	UpDownStatesTimeIntervals						UP	
29619.1968	0.26959999999962747	UpDownStatesTimeIntervals						UP	
29619.8688	0.19519999999829452	UpDownStatesTimeIntervals						DOWN	
29620.064	0.21600000000034925	UpDownStatesTimeIntervals						UP	
29620.6168	0.26480000000083237	UpDownStatesTimeIntervals						DOWN	
29622.096	0.24319999999715947	UpDownStatesTimeIntervals						UP	
29623.0448	0.127199999998993	UpDownStatesTimeIntervals						UP	
29624.4416	0.18000000000029104	UpDownStatesTimeIntervals						UP	
29625.6864	0.1768000000010943	UpDownStatesTimeIntervals						UP	
29627.8536	0.3048000000017055	UpDownStatesTimeIntervals						UP	
29628.96	0.3415999999997439	UpDownStatesTimeIntervals						DOWN	
29630.8064	0.26959999999962747	UpDownStatesTimeIntervals						UP	
29631.4632	0.31040000000211876	UpDownStatesTimeIntervals						UP	
29638.0032	0.06160000000090804	RippleTimeIntervals					29638.024		
29638.3096	0.24399999999877764	UpDownStatesTimeIntervals						UP	
29638.4896	0.03919999999925494	RippleTimeIntervals					29638.4912		
29639.0896	0.22880000000077416	UpDownStatesTimeIntervals						UP	
29642.7168	0.15520000000105938	UpDownStatesTimeIntervals						UP	
29646.0304	0.16960000000108266	UpDownStatesTimeIntervals						UP	
29652.4184	0.15200000000186265	UpDownStatesTimeIntervals						UP	
29659.3024	0.2687999999980093	UpDownStatesTimeIntervals						UP	
29662.3136	0.2407999999995809	UpDownStatesTimeIntervals						UP	
29665.0424	0.044800000003306195	RippleTimeIntervals					29665.0584		
29666.3704	0.15279999999984284	UpDownStatesTimeIntervals						UP	
29666.4224	0.058400000001711305	RippleTimeIntervals					29666.4384		
29667.6752	0.2327999999979511	UpDownStatesTimeIntervals						UP	
29670.676	0.24799999999959255	UpDownStatesTimeIntervals						UP	
29675.1712	0.15680000000065775	UpDownStatesTimeIntervals						UP	
29677.4384	0.14400000000023283	UpDownStatesTimeIntervals						UP	
29677.9616	0.127200000002631	UpDownStatesTimeIntervals						UP	
29678.3032	0.3320000000021537	UpDownStatesTimeIntervals						DOWN	
29678.6352	0.5023999999975786	UpDownStatesTimeIntervals						UP	
29679.864	0.19679999999789288	UpDownStatesTimeIntervals						UP	
29681.0496	0.13280000000304426	UpDownStatesTimeIntervals						UP	
29682.6776	0.20160000000032596	UpDownStatesTimeIntervals						UP	
29683.4416	0.2768000000032771	UpDownStatesTimeIntervals						UP	
29684.0584	0.13359999999738648	UpDownStatesTimeIntervals						UP	
29684.5416	0.15279999999984284	UpDownStatesTimeIntervals						UP	
29687.484	0.16479999999864958	UpDownStatesTimeIntervals						UP	
29689.356	0.23440000000118744	UpDownStatesTimeIntervals						UP	
29690.0768	0.14800000000104774	UpDownStatesTimeIntervals						UP	
29695.708	0.14240000000063446	UpDownStatesTimeIntervals						UP	
29698.928	0.16240000000107102	UpDownStatesTimeIntervals						UP	
29699.5032	0.1415999999990163	UpDownStatesTimeIntervals						UP	
29702.6072	0.048800000000483124	RippleTimeIntervals					29702.6088		
29703.1744	0.16159999999945285	UpDownStatesTimeIntervals						UP	
29703.8888	0.15279999999984284	UpDownStatesTimeIntervals						UP	
29706.6368	0.13439999999900465	UpDownStatesTimeIntervals						UP	
29707.2136	0.19440000000031432	UpDownStatesTimeIntervals						UP	
29707.8976	0.2135999999991327	UpDownStatesTimeIntervals						UP	
29708.4384	0.16560000000026776	UpDownStatesTimeIntervals						UP	
29713.0176	0.1680000000014843	UpDownStatesTimeIntervals						UP	
29715.272	0.15759999999863794	UpDownStatesTimeIntervals						UP	
29715.6112	0.047200000000884756	RippleTimeIntervals					29715.6144		
29715.7544	0.16079999999783468	UpDownStatesTimeIntervals						UP	
29718.936	0.19839999999749125	UpDownStatesTimeIntervals						UP	
29720.1824	0.1543999999994412	UpDownStatesTimeIntervals						UP	
29721.7488	0.36639999999897555	UpDownStatesTimeIntervals						UP	
29722.732	0.20560000000114087	UpDownStatesTimeIntervals						DOWN	
29723.3008	0.15599999999903957	UpDownStatesTimeIntervals						UP	
29723.3432	0.062399999998888234	RippleTimeIntervals					29723.364		
29724.156	0.24799999999959255	UpDownStatesTimeIntervals						UP	
29725.9504	0.27599999999802094	UpDownStatesTimeIntervals						UP	
29727.6424	0.2495999999991909	UpDownStatesTimeIntervals						UP	
29731.452	0.1543999999994412	UpDownStatesTimeIntervals						UP	
29732.3592	0.21120000000155414	UpDownStatesTimeIntervals						UP	
29735.3304	0.13760000000183936	UpDownStatesTimeIntervals						UP	
29736.9848	0.25600000000122236	UpDownStatesTimeIntervals						UP	
29738.008	0.49759999999878346	UpDownStatesTimeIntervals						DOWN	
29738.6216	0.13839999999981956	UpDownStatesTimeIntervals						UP	
29738.6832	0.040000000000873115	RippleTimeIntervals					29738.6928		
29740.0904	0.13439999999900465	UpDownStatesTimeIntervals						UP	
29745.66	0.14319999999861466	UpDownStatesTimeIntervals						UP	
29746.3904	0.13279999999940628	UpDownStatesTimeIntervals						UP	
29746.9552	0.15120000000024447	UpDownStatesTimeIntervals						UP	
29747.7304	0.26239999999961583	UpDownStatesTimeIntervals						UP	
29752.5376	0.044799999999668216	RippleTimeIntervals					29752.5464		
29752.6808	0.1808000000019092	UpDownStatesTimeIntervals						UP	
29754.1272	0.144800000001851	UpDownStatesTimeIntervals						UP	
29754.8088	0.13119999999980791	UpDownStatesTimeIntervals						UP	
29754.8648	0.04560000000128639	RippleTimeIntervals					29754.8736		
29755.2272	0.23359999999956926	UpDownStatesTimeIntervals						DOWN	
29755.6144	0.30640000000130385	UpDownStatesTimeIntervals						UP	
29759.1056	0.136000000002241	UpDownStatesTimeIntervals						UP	
29763.7488	0.13919999999779975	UpDownStatesTimeIntervals						UP	
29764.34	0.21440000000075088	UpDownStatesTimeIntervals						UP	
29767.2696	0.38799999999901047	UpDownStatesTimeIntervals						UP	
29768.4872	0.14800000000104774	UpDownStatesTimeIntervals						UP	
29769.4392	0.17840000000069267	UpDownStatesTimeIntervals						UP	
29770.0376	0.11040000000139116	UpDownStatesTimeIntervals						UP	
29770.1784	0.10959999999977299	UpDownStatesTimeIntervals						DOWN	
29771.3984	0.32400000000052387	UpDownStatesTimeIntervals						UP	
29783.4344	0.21440000000075088	UpDownStatesTimeIntervals						UP	
29784.0856	0.20480000000316068	UpDownStatesTimeIntervals						UP	
29784.648	0.22559999999793945	UpDownStatesTimeIntervals						DOWN	
29784.8736	0.36560000000099535	UpDownStatesTimeIntervals						UP	
29786.1232	0.14719999999942956	UpDownStatesTimeIntervals						UP	
29787.3128	0.24639999999999418	UpDownStatesTimeIntervals						UP	
29787.9616	0.03680000000167638	UpDownStatesTimeIntervals						DOWN	
29787.9984	0.26080000000001746	UpDownStatesTimeIntervals						UP	
29790.0376	0.14240000000063446	UpDownStatesTimeIntervals						UP	
29791.9304	0.24399999999877764	UpDownStatesTimeIntervals						UP	
29791.9784	0.058400000001711305	RippleTimeIntervals					29791.9952		
29792.3896	0.10640000000057626	UpDownStatesTimeIntervals						UP	
29800.5368	0.2815999999984342	UpDownStatesTimeIntervals						UP	
29801.448	0.1543999999994412	UpDownStatesTimeIntervals						UP	
29804.6976	0.23040000000037253	UpDownStatesTimeIntervals						UP	
29806.2144	0.16959999999744468	UpDownStatesTimeIntervals						UP	
29807.9896	0.3447999999989406	UpDownStatesTimeIntervals						UP	
29809.2448	0.3055999999996857	UpDownStatesTimeIntervals						UP	
29810.8824	0.2760000000016589	UpDownStatesTimeIntervals						UP	
29813.02	0.062399999998888234	RippleTimeIntervals					29813.0352		
29813.3176	0.15200000000186265	UpDownStatesTimeIntervals						UP	
29813.3904	0.05280000000129803	RippleTimeIntervals					29813.3912		
29813.9928	0.12960000000020955	UpDownStatesTimeIntervals						UP	
29814.8784	0.1319999999977881	UpDownStatesTimeIntervals						UP	
29817.2712	0.20960000000195578	UpDownStatesTimeIntervals						UP	
29822.068	0.153600000001461	UpDownStatesTimeIntervals						UP	
29823.2304	0.08959999999933643	UpDownStatesTimeIntervals						UP	
29823.6544	0.23440000000118744	UpDownStatesTimeIntervals						UP	
29824.5032	0.3600000000005821	UpDownStatesTimeIntervals						UP	
29825.76	0.16240000000107102	UpDownStatesTimeIntervals						UP	
29827.0152	0.12399999999979627	UpDownStatesTimeIntervals						UP	
29827.592	0.19359999999869615	UpDownStatesTimeIntervals						UP	
29828.768	0.1640000000006694	UpDownStatesTimeIntervals						DOWN	
29828.932	0.17840000000069267	UpDownStatesTimeIntervals						UP	
29829.7536	0.21199999999953434	UpDownStatesTimeIntervals						DOWN	
29829.9656	0.40160000000105356	UpDownStatesTimeIntervals						UP	
29830.808	0.32959999999729916	UpDownStatesTimeIntervals						UP	
29835.1928	0.35359999999855063	UpDownStatesTimeIntervals						UP	
29836.0392	0.26160000000163564	UpDownStatesTimeIntervals						DOWN	
29836.8144	0.2088000000003376	UpDownStatesTimeIntervals						UP	
29840.344	0.1551999999974214	UpDownStatesTimeIntervals						UP	
29843.4096	0.1687999999994645	UpDownStatesTimeIntervals						UP	
29843.48	0.03359999999884167	RippleTimeIntervals					29843.4936		
29843.8976	0.15680000000065775	UpDownStatesTimeIntervals						UP	
29844.5216	0.2680000000000291	UpDownStatesTimeIntervals						UP	
29845.4296	0.1720000000022992	UpDownStatesTimeIntervals						UP	
29849.7448	0.17919999999867287	UpDownStatesTimeIntervals						UP	
29850.2312	0.14240000000063446	UpDownStatesTimeIntervals						UP	
29851.4632	0.15760000000227592	UpDownStatesTimeIntervals						UP	
29852.8352	0.15759999999863794	UpDownStatesTimeIntervals						UP	
29852.9152	0.04160000000047148	RippleTimeIntervals					29852.916		
29854.736	0.15359999999782303	UpDownStatesTimeIntervals						UP	
29856.696	0.27119999999922584	UpDownStatesTimeIntervals						UP	
29858.1096	0.13360000000102445	UpDownStatesTimeIntervals						UP	
29859.392	0.11279999999896972	UpDownStatesTimeIntervals						UP	
29860.1288	0.14320000000225264	UpDownStatesTimeIntervals						UP	
29860.6096	0.1408000000010361	UpDownStatesTimeIntervals						UP	
29861.5528	0.15199999999822467	UpDownStatesTimeIntervals						UP	
29862.1504	0.1640000000006694	UpDownStatesTimeIntervals						UP	
29866.7944	0.14400000000023283	UpDownStatesTimeIntervals						UP	
29868.548	0.2528000000020256	UpDownStatesTimeIntervals						UP	
29870.1496	0.15599999999903957	UpDownStatesTimeIntervals						UP	
29870.8712	0.4231999999974505	UpDownStatesTimeIntervals						UP	
29872.008	0.1863999999986845	UpDownStatesTimeIntervals						UP	
29872.624	0.127199999998993	UpDownStatesTimeIntervals						UP	
29873.2944	0.2352000000028056	UpDownStatesTimeIntervals						UP	
29874.7104	0.13040000000182772	UpDownStatesTimeIntervals						UP	
29875.472	0.0639999999984866	UpDownStatesTimeIntervals						DOWN	
29875.7488	0.1503999999986263	UpDownStatesTimeIntervals						UP	
29879.1304	0.14720000000306754	UpDownStatesTimeIntervals						UP	
29879.5816	0.031199999997625127	UpDownStatesTimeIntervals						DOWN	
29881.3	0.24639999999999418	UpDownStatesTimeIntervals						UP	
29881.88	0.12800000000061118	UpDownStatesTimeIntervals						UP	
29882.5496	0.127200000002631	UpDownStatesTimeIntervals						UP	
29883.2224	0.26080000000001746	UpDownStatesTimeIntervals						UP	
29884.164	0.26239999999961583	UpDownStatesTimeIntervals						UP	
29884.3464	0.03840000000127475	RippleTimeIntervals					29884.3488		
29885.2088	0.2504000000008091	UpDownStatesTimeIntervals						UP	
29887.3168	0.1775999999990745	UpDownStatesTimeIntervals						UP	
29888.3456	0.14240000000063446	UpDownStatesTimeIntervals						UP	
29889.9848	0.18720000000030268	UpDownStatesTimeIntervals						UP	
29890.9288	0.13759999999820138	UpDownStatesTimeIntervals						UP	
29892.7576	0.28879999999844586	UpDownStatesTimeIntervals						UP	
29893.4152	0.12880000000222935	UpDownStatesTimeIntervals						UP	
29894.3992	0.15200000000186265	UpDownStatesTimeIntervals						UP	
29894.9768	0.27040000000124564	UpDownStatesTimeIntervals						UP	
29895.8968	0.37520000000222353	UpDownStatesTimeIntervals						UP	
29897.016	0.17840000000069267	UpDownStatesTimeIntervals						UP	
29897.384	0.12080000000059954	UpDownStatesTimeIntervals						DOWN	
29898.3512	0.2863999999972293	UpDownStatesTimeIntervals						UP	
29899.1144	0.11920000000100117	UpDownStatesTimeIntervals						DOWN	
29899.9288	0.18000000000029104	UpDownStatesTimeIntervals						UP	
29900.4256	0.2551999999996042	UpDownStatesTimeIntervals						DOWN	
29900.964	0.13520000000062282	UpDownStatesTimeIntervals						UP	
29901.6008	0.3040000000000873	UpDownStatesTimeIntervals						DOWN	
29903.148	0.13839999999981956	UpDownStatesTimeIntervals						UP	
29905.6424	0.1455999999998312	UpDownStatesTimeIntervals						UP	
29906.6712	0.15999999999985448	UpDownStatesTimeIntervals						UP	
29907.4536	0.245599999998376	UpDownStatesTimeIntervals						UP	
29908.9824	0.15359999999782303	UpDownStatesTimeIntervals						UP	
29910.3288	0.16480000000228756	UpDownStatesTimeIntervals						UP	
29911.432	0.13599999999860302	UpDownStatesTimeIntervals						UP	
29912.6	0.13280000000304426	UpDownStatesTimeIntervals						UP	
29922.1032	0.18479999999908614	UpDownStatesTimeIntervals						UP	
29925.4152	0.2360000000007858	UpDownStatesTimeIntervals						UP	
29927.4248	0.17039999999906286	UpDownStatesTimeIntervals						UP	
29928.5192	0.2688000000016473	UpDownStatesTimeIntervals						UP	
29930.0656	0.1551999999974214	UpDownStatesTimeIntervals						UP	
29931.4952	0.14799999999740976	UpDownStatesTimeIntervals						UP	
29936.3408	0.1639999999970314	UpDownStatesTimeIntervals						UP	
29939.3264	0.1415999999990163	UpDownStatesTimeIntervals						UP	
29942.8912	0.24800000000323053	UpDownStatesTimeIntervals						UP	
29944.1	0.24880000000121072	UpDownStatesTimeIntervals						UP	
29945.6744	0.03919999999925494	RippleTimeIntervals					29945.6872		
29946.1656	0.30240000000048894	UpDownStatesTimeIntervals						UP	
29946.7128	0.13439999999900465	UpDownStatesTimeIntervals						UP	
29946.92	0.22400000000197906	UpDownStatesTimeIntervals						DOWN	
29947.804	0.08239999999932479	UpDownStatesTimeIntervals						DOWN	
29947.8864	0.25200000000040745	UpDownStatesTimeIntervals						UP	
29949.1544	0.1592000000018743	UpDownStatesTimeIntervals						UP	
29955.2832	0.13519999999698484	UpDownStatesTimeIntervals						UP	
29955.6616	0.2135999999991327	UpDownStatesTimeIntervals						DOWN	
29957.6696	0.14879999999902793	UpDownStatesTimeIntervals						UP	
29961.0128	0.1735999999982596	UpDownStatesTimeIntervals						UP	
29961.8864	0.2583999999988009	UpDownStatesTimeIntervals						UP	
29963.004	0.2767999999996391	UpDownStatesTimeIntervals						UP	
29963.8376	0.1543999999994412	UpDownStatesTimeIntervals						UP	
29964.2688	0.34399999999732245	UpDownStatesTimeIntervals						DOWN	
29964.6128	0.21440000000075088	UpDownStatesTimeIntervals						UP	
29967.1	0.1488000000026659	UpDownStatesTimeIntervals						UP	
29970.6064	0.2047999999995227	UpDownStatesTimeIntervals						UP	
29971.2184	0.26959999999962747	UpDownStatesTimeIntervals						UP	
29971.8296	0.2135999999991327	UpDownStatesTimeIntervals						UP	
29976.0968	0.32480000000214204	UpDownStatesTimeIntervals						DOWN	
29976.4216	0.22479999999995925	UpDownStatesTimeIntervals						UP	
29977.0776	0.19919999999910942	UpDownStatesTimeIntervals						DOWN	
29977.2768	0.2312000000019907	UpDownStatesTimeIntervals						UP	
29984.1032	0.6687999999994645	UpDownStatesTimeIntervals						UP	
29984.964	0.047200000000884756	RippleTimeIntervals					29984.9944		
29985.0832	0.10879999999815482	UpDownStatesTimeIntervals						UP	
29985.5328	0.2551999999996042	UpDownStatesTimeIntervals						DOWN	
29985.788	0.1136000000005879	UpDownStatesTimeIntervals						UP	
29986.2072	0.3767999999981839	UpDownStatesTimeIntervals						UP	
29986.3592	0.044799999999668216	RippleTimeIntervals					29986.36		
29987.7096	0.1496000000006461	UpDownStatesTimeIntervals						UP	
29989.556	0.24639999999999418	UpDownStatesTimeIntervals						UP	
29989.9928	0.15520000000105938	UpDownStatesTimeIntervals						UP	
29992.756	0.254399999997986	UpDownStatesTimeIntervals						UP	
29995.3896	0.15760000000227592	UpDownStatesTimeIntervals						UP	
29999.7696	0.13760000000183936	UpDownStatesTimeIntervals						UP	
30000.0512	0.17599999999947613	UpDownStatesTimeIntervals						DOWN	
30001.3464	0.2448000000003958	UpDownStatesTimeIntervals						UP	
30002.0648	0.09200000000055297	UpDownStatesTimeIntervals						UP	
30002.276	0.30719999999928405	UpDownStatesTimeIntervals						DOWN	
30005.9664	0.25759999999718275	UpDownStatesTimeIntervals						UP	
30010.2176	0.10959999999977299	UpDownStatesTimeIntervals						UP	
30010.7312	0.14320000000225264	UpDownStatesTimeIntervals						UP	
30012.6608	0.1783999999970547	UpDownStatesTimeIntervals						UP	
30014.852	0.22160000000076252	UpDownStatesTimeIntervals						UP	
30017.3024	0.32560000000012224	UpDownStatesTimeIntervals						UP	
30019.0328	0.16079999999783468	UpDownStatesTimeIntervals						UP	
30019.0928	0.04800000000250293	RippleTimeIntervals					30019.1016		
30024.292	0.2511999999987893	UpDownStatesTimeIntervals						UP	
30024.8936	0.15040000000226428	UpDownStatesTimeIntervals						UP	
30027.3688	0.13039999999818974	UpDownStatesTimeIntervals						UP	
30028.0864	0.13439999999900465	UpDownStatesTimeIntervals						UP	
30032.6592	0.2504000000008091	UpDownStatesTimeIntervals						UP	
30036.5032	0.13920000000143773	UpDownStatesTimeIntervals						UP	
30037.4136	0.1176000000014028	UpDownStatesTimeIntervals						UP	
30037.98	0.13520000000062282	UpDownStatesTimeIntervals						UP	
30038.8552	0.2319999999999709	UpDownStatesTimeIntervals						UP	
30039.6656	0.14400000000023283	UpDownStatesTimeIntervals						UP	
30041.5192	0.13040000000182772	UpDownStatesTimeIntervals						UP	
30044.4528	0.2528000000020256	UpDownStatesTimeIntervals						UP	
30046.58	0.18559999999706633	UpDownStatesTimeIntervals						UP	
30047.928	0.25760000000082073	UpDownStatesTimeIntervals						UP	
30049.308	0.13439999999900465	UpDownStatesTimeIntervals						UP	
30050.136	0.21600000000034925	UpDownStatesTimeIntervals						UP	
30053.2192	0.0591999999996915	RippleTimeIntervals					30053.2552		
30053.3216	0.1455999999998312	UpDownStatesTimeIntervals						UP	
30054.7056	0.3063999999976659	UpDownStatesTimeIntervals						UP	
30059.0448	0.18720000000030268	UpDownStatesTimeIntervals						UP	
30061.4856	0.254400000001624	UpDownStatesTimeIntervals						UP	
30063.6512	0.14800000000104774	UpDownStatesTimeIntervals						UP	
30064.8544	0.1503999999986263	UpDownStatesTimeIntervals						UP	
30067.1696	0.13839999999981956	UpDownStatesTimeIntervals						UP	
30075.6872	0.14800000000104774	UpDownStatesTimeIntervals						UP	
30076.612	0.2791999999972177	UpDownStatesTimeIntervals						UP	
30076.6584	0.05280000000129803	RippleTimeIntervals					30076.6816		
30077.548	0.21039999999993597	UpDownStatesTimeIntervals						UP	
30083.2072	0.1368000000002212	UpDownStatesTimeIntervals						UP	
30083.7432	0.13759999999820138	UpDownStatesTimeIntervals						UP	
30086.3864	0.14800000000104774	UpDownStatesTimeIntervals						UP	
30088.6096	0.14240000000063446	UpDownStatesTimeIntervals						DOWN	
30089.212	0.2999999999992724	UpDownStatesTimeIntervals						UP	
30089.5976	0.21279999999751453	UpDownStatesTimeIntervals						DOWN	
30096.6312	0.14719999999942956	UpDownStatesTimeIntervals						UP	
30097.3568	0.15599999999903957	UpDownStatesTimeIntervals						UP	
30097.4272	0.037600000003294554	RippleTimeIntervals					30097.4392		
30098.3824	0.20160000000032596	UpDownStatesTimeIntervals						UP	
30099.4224	0.21039999999993597	UpDownStatesTimeIntervals						UP	
30100.0768	0.12880000000222935	UpDownStatesTimeIntervals						UP	
30100.5728	0.35759999999936554	UpDownStatesTimeIntervals						UP	
30102.9584	0.26000000000203727	UpDownStatesTimeIntervals						UP	
30106.8872	0.03359999999884167	RippleTimeIntervals					30106.8976		
30108.264	0.22639999999955762	UpDownStatesTimeIntervals						UP	
30108.7336	0.04400000000168802	UpDownStatesTimeIntervals						DOWN	
30109.0104	0.2040000000015425	UpDownStatesTimeIntervals						UP	
30109.5888	0.18799999999828287	UpDownStatesTimeIntervals						UP	
30110.6352	0.2903999999980442	UpDownStatesTimeIntervals						UP	
30111.18	0.4048000000002503	UpDownStatesTimeIntervals						DOWN	
30111.5848	0.15759999999863794	UpDownStatesTimeIntervals						UP	
30112.1648	0.2728000000024622	UpDownStatesTimeIntervals						UP	
30113.5	0.13839999999981956	UpDownStatesTimeIntervals						UP	
30115.2208	0.40240000000267173	UpDownStatesTimeIntervals						UP	
30118.3632	0.26480000000083237	UpDownStatesTimeIntervals						DOWN	
30119.1096	0.15279999999984284	UpDownStatesTimeIntervals						UP	
30131.8912	0.24880000000121072	UpDownStatesTimeIntervals						UP	
30138.8768	0.16880000000310247	UpDownStatesTimeIntervals						UP	
30141.1064	0.16960000000108266	UpDownStatesTimeIntervals						UP	
30141.1768	0.06559999999808497	RippleTimeIntervals					30141.2		
30146.2	0.23119999999835272	UpDownStatesTimeIntervals						UP	
30146.9424	0.2000000000007276	UpDownStatesTimeIntervals						UP	
30149.2336	0.2272000000011758	UpDownStatesTimeIntervals						UP	
30149.6656	0.12480000000141445	UpDownStatesTimeIntervals						UP	
30150.6808	0.22160000000076252	UpDownStatesTimeIntervals						UP	
30151.7688	0.1823999999978696	UpDownStatesTimeIntervals						UP	
30152.7528	0.09760000000096625	UpDownStatesTimeIntervals						DOWN	
30152.8504	0.13520000000062282	UpDownStatesTimeIntervals						UP	
30155.7328	0.17119999999704305	UpDownStatesTimeIntervals						UP	
30156.9344	0.3456000000005588	UpDownStatesTimeIntervals						DOWN	
30157.6568	0.12559999999939464	UpDownStatesTimeIntervals						UP	
30157.9784	0.017599999999220017	UpDownStatesTimeIntervals						DOWN	
30159.1752	0.2511999999987893	UpDownStatesTimeIntervals						UP	
30159.2232	0.05679999999847496	RippleTimeIntervals					30159.2312		
30159.8096	0.11759999999776483	UpDownStatesTimeIntervals						UP	
30160.66	0.2495999999991909	UpDownStatesTimeIntervals						UP	
30161.3848	0.1815999999998894	UpDownStatesTimeIntervals						UP	
30161.8184	0.11520000000018626	UpDownStatesTimeIntervals						DOWN	
30161.9336	0.2319999999999709	UpDownStatesTimeIntervals						UP	
30163.0344	0.19039999999949941	UpDownStatesTimeIntervals						UP	
30163.5424	0.12960000000020955	UpDownStatesTimeIntervals						UP	
30168.3016	0.1488000000026659	UpDownStatesTimeIntervals						UP	
30168.3664	0.0496000000021013	RippleTimeIntervals					30168.3696		
30169.3192	0.16319999999905122	UpDownStatesTimeIntervals						UP	
30179.9728	0.2639999999992142	UpDownStatesTimeIntervals						UP	
30180.0352	0.048800000000483124	RippleTimeIntervals					30180.0448		
30182.3064	0.2503999999971711	UpDownStatesTimeIntervals						UP	
30183.1504	0.07200000000011642	UpDownStatesTimeIntervals						DOWN	
30183.2224	0.29360000000087894	UpDownStatesTimeIntervals						UP	
30193.064	0.23360000000320724	UpDownStatesTimeIntervals						UP	
30194.6808	0.13520000000062282	UpDownStatesTimeIntervals						UP	
30195.96	0.153600000001461	UpDownStatesTimeIntervals						UP	
30196.024	0.05519999999887659	RippleTimeIntervals					30196.0416		
30198.1296	0.04959999999846332	RippleTimeIntervals					30198.1536		
30200.6792	0.2272000000011758	UpDownStatesTimeIntervals						UP	
30201.752	0.2504000000008091	UpDownStatesTimeIntervals						DOWN	
30202.248	0.13040000000182772	UpDownStatesTimeIntervals						UP	
30202.2912	0.06480000000010477	RippleTimeIntervals					30202.3088		
30202.7512	0.127200000002631	UpDownStatesTimeIntervals						DOWN	
30202.8784	0.2903999999980442	UpDownStatesTimeIntervals						UP	
30206.5424	0.13520000000062282	UpDownStatesTimeIntervals						UP	
30209.5216	0.1320000000014261	UpDownStatesTimeIntervals						UP	
30210.8312	0.1496000000006461	UpDownStatesTimeIntervals						UP	
30210.9216	0.0367999999980384	RippleTimeIntervals					30210.932		
30213.6368	0.1735999999982596	UpDownStatesTimeIntervals						UP	
30218.7504	0.26959999999962747	UpDownStatesTimeIntervals						DOWN	
30219.2944	0.2800000000024738	UpDownStatesTimeIntervals						UP	
30222.8952	0.26239999999961583	UpDownStatesTimeIntervals						UP	
30222.952	0.058399999998073326	RippleTimeIntervals					30222.9648		
30223.5528	0.2599999999983993	UpDownStatesTimeIntervals						UP	
30225.2472	0.055999999996856786	RippleTimeIntervals					30225.268		
30226.156	0.13839999999981956	UpDownStatesTimeIntervals						UP	
30229.5792	0.5015999999995984	UpDownStatesTimeIntervals						DOWN	
30230.2064	0.021600000000034925	UpDownStatesTimeIntervals						DOWN	
30230.228	0.13839999999981956	UpDownStatesTimeIntervals						UP	
30232.9472	0.19840000000112923	UpDownStatesTimeIntervals						UP	
30235.1032	0.20239999999830616	UpDownStatesTimeIntervals						UP	
30236.056	0.23519999999916763	UpDownStatesTimeIntervals						DOWN	
30236.2912	0.26160000000163564	UpDownStatesTimeIntervals						UP	
30237.5248	0.15520000000105938	UpDownStatesTimeIntervals						UP	
30238.6496	0.16479999999864958	UpDownStatesTimeIntervals						UP	
30242.1352	0.12479999999777647	UpDownStatesTimeIntervals						UP	
30242.6072	0.13440000000264263	UpDownStatesTimeIntervals						UP	
30245.6792	0.14720000000306754	UpDownStatesTimeIntervals						UP	
30246.356	0.1496000000006461	UpDownStatesTimeIntervals						UP	
30246.4392	0.04959999999846332	RippleTimeIntervals					30246.452		
30250.9648	0.3743999999969674	UpDownStatesTimeIntervals						UP	
30251.4544	0.3984000000018568	UpDownStatesTimeIntervals						DOWN	
30251.8528	0.16799999999784632	UpDownStatesTimeIntervals						UP	
30257.6776	0.16640000000188593	UpDownStatesTimeIntervals						UP	
30259.0	48.0	SleepStates							WAKEstate
30308.0	192.0	SleepStates							NREMstate
30311.02	0.1319999999977881	UpDownStatesTimeIntervals						UP	
30312.132	0.5216000000000349	UpDownStatesTimeIntervals						DOWN	
30312.6536	0.20719999999710126	UpDownStatesTimeIntervals						UP	
30314.4152	0.1543999999994412	UpDownStatesTimeIntervals						UP	
30318.4464	0.14800000000104774	UpDownStatesTimeIntervals						UP	
30319.2432	0.14719999999942956	UpDownStatesTimeIntervals						UP	
30321.632	0.1775999999990745	UpDownStatesTimeIntervals						UP	
30322.2832	0.16239999999743304	UpDownStatesTimeIntervals						UP	
30323.2144	0.14240000000063446	UpDownStatesTimeIntervals						UP	
30323.26	0.056000000000494765	RippleTimeIntervals					30323.2848		
30323.7992	0.1503999999986263	UpDownStatesTimeIntervals						UP	
30324.5688	0.13279999999940628	UpDownStatesTimeIntervals						DOWN	
30324.7016	0.23040000000037253	UpDownStatesTimeIntervals						UP	
30326.6952	0.13520000000062282	UpDownStatesTimeIntervals						UP	
30328.7848	0.15199999999822467	UpDownStatesTimeIntervals						UP	
30333.4344	0.574400000001333	UpDownStatesTimeIntervals						DOWN	
30334.0088	0.144800000001851	UpDownStatesTimeIntervals						UP	
30334.0776	0.0367999999980384	RippleTimeIntervals					30334.0832		
30337.0184	0.1640000000006694	UpDownStatesTimeIntervals						UP	
30339.2456	0.12400000000343425	UpDownStatesTimeIntervals						UP	
30339.8424	0.13519999999698484	UpDownStatesTimeIntervals						DOWN	
30344.7088	0.14319999999861466	UpDownStatesTimeIntervals						UP	
30345.2392	0.1320000000014261	UpDownStatesTimeIntervals						UP	
30347.0696	0.16159999999945285	UpDownStatesTimeIntervals						UP	
30347.5064	0.38000000000101863	UpDownStatesTimeIntervals						DOWN	
30355.0	0.127199999998993	UpDownStatesTimeIntervals						DOWN	
30355.1272	0.14800000000104774	UpDownStatesTimeIntervals						UP	
30362.9576	0.2407999999995809	UpDownStatesTimeIntervals						UP	
30363.6976	0.24239999999917927	UpDownStatesTimeIntervals						UP	
30366.4408	0.14240000000063446	UpDownStatesTimeIntervals						UP	
30368.2728	0.29680000000007567	UpDownStatesTimeIntervals						UP	
30369.0408	0.15200000000186265	UpDownStatesTimeIntervals						UP	
30371.0216	0.27040000000124564	UpDownStatesTimeIntervals						UP	
30372.5384	0.1584000000002561	UpDownStatesTimeIntervals						UP	
30373.3328	0.28320000000167056	UpDownStatesTimeIntervals						UP	
30375.5232	0.1320000000014261	UpDownStatesTimeIntervals						UP	
30376.08	0.12559999999939464	UpDownStatesTimeIntervals						DOWN	
30376.5464	0.1640000000006694	UpDownStatesTimeIntervals						UP	
30377.2088	0.1823999999978696	UpDownStatesTimeIntervals						UP	
30378.1832	0.2128000000011525	UpDownStatesTimeIntervals						DOWN	
30381.1952	0.14560000000346918	UpDownStatesTimeIntervals						UP	
30382.1792	0.14160000000265427	UpDownStatesTimeIntervals						UP	
30383.8336	0.059999999997671694	RippleTimeIntervals					30383.8384		
30384.96	0.2824000000000524	UpDownStatesTimeIntervals						UP	
30385.0136	0.056000000000494765	RippleTimeIntervals					30385.0384		
30392.0048	0.2680000000000291	UpDownStatesTimeIntervals						UP	
30394.2544	0.26080000000001746	UpDownStatesTimeIntervals						UP	
30394.684	0.09839999999894644	UpDownStatesTimeIntervals						DOWN	
30395.3552	0.1455999999998312	UpDownStatesTimeIntervals						UP	
30396.9856	0.13360000000102445	UpDownStatesTimeIntervals						UP	
30404.6064	0.13839999999981956	UpDownStatesTimeIntervals						UP	
30404.9088	0.031199999997625127	UpDownStatesTimeIntervals						DOWN	
30405.0952	0.12559999999939464	UpDownStatesTimeIntervals						UP	
30405.8632	0.25200000000040745	UpDownStatesTimeIntervals						UP	
30405.9168	0.04560000000128639	RippleTimeIntervals					30405.9216		
30408.3928	0.24639999999999418	UpDownStatesTimeIntervals						UP	
30408.9904	0.06720000000132131	UpDownStatesTimeIntervals						DOWN	
30409.0576	0.10800000000017462	UpDownStatesTimeIntervals						UP	
30409.6648	0.13520000000062282	UpDownStatesTimeIntervals						UP	
30409.8344	0.372800000001007	UpDownStatesTimeIntervals						DOWN	
30410.528	0.15999999999985448	UpDownStatesTimeIntervals						UP	
30410.584	0.048800000000483124	RippleTimeIntervals					30410.5904		
30411.0904	0.05679999999847496	RippleTimeIntervals					30411.0992		
30411.5072	0.062399999998888234	UpDownStatesTimeIntervals						DOWN	
30411.5696	0.144800000001851	UpDownStatesTimeIntervals						UP	
30412.2808	0.5672000000013213	UpDownStatesTimeIntervals						DOWN	
30412.848	0.263199999997596	UpDownStatesTimeIntervals						UP	
30415.1768	0.17679999999745633	UpDownStatesTimeIntervals						UP	
30417.092	0.19440000000031432	UpDownStatesTimeIntervals						UP	
30422.8352	0.13999999999941792	UpDownStatesTimeIntervals						UP	
30422.9024	0.053599999999278225	RippleTimeIntervals					30422.9048		
30423.9792	0.14879999999902793	UpDownStatesTimeIntervals						UP	
30425.2368	0.1496000000006461	UpDownStatesTimeIntervals						UP	
30425.8368	0.11119999999937136	UpDownStatesTimeIntervals						UP	
30427.7112	0.2319999999999709	UpDownStatesTimeIntervals						UP	
30428.0408	0.20080000000234577	UpDownStatesTimeIntervals						DOWN	
30429.6976	0.153600000001461	UpDownStatesTimeIntervals						UP	
30429.7672	0.037600000003294554	RippleTimeIntervals					30429.7744		
30431.1336	0.22479999999995925	UpDownStatesTimeIntervals						UP	
30432.7776	0.2495999999991909	UpDownStatesTimeIntervals						UP	
30433.5464	0.15120000000024447	UpDownStatesTimeIntervals						UP	
30435.76	0.10720000000219443	UpDownStatesTimeIntervals						UP	
30435.9032	0.06160000000090804	UpDownStatesTimeIntervals						DOWN	
30436.2624	0.11439999999856809	UpDownStatesTimeIntervals						UP	
30438.316	0.19840000000112923	UpDownStatesTimeIntervals						DOWN	
30438.6296	0.14319999999861466	UpDownStatesTimeIntervals						UP	
30442.4736	0.38559999999779393	UpDownStatesTimeIntervals						UP	
30444.616	0.20639999999912106	UpDownStatesTimeIntervals						UP	
30447.8776	0.23280000000158907	UpDownStatesTimeIntervals						UP	
30449.3984	0.18000000000029104	UpDownStatesTimeIntervals						UP	
30455.0112	0.12960000000020955	UpDownStatesTimeIntervals						UP	
30455.5152	0.14319999999861466	UpDownStatesTimeIntervals						UP	
30455.6864	0.21199999999953434	UpDownStatesTimeIntervals						DOWN	
30456.108	0.24880000000121072	UpDownStatesTimeIntervals						UP	
30460.1088	0.17519999999785796	UpDownStatesTimeIntervals						UP	
30460.8864	0.15599999999903957	UpDownStatesTimeIntervals						UP	
30462.028	0.425600000002305	UpDownStatesTimeIntervals						UP	
30462.0736	0.051200000001699664	RippleTimeIntervals					30462.0928		
30462.6728	0.24399999999877764	UpDownStatesTimeIntervals						DOWN	
30462.9168	0.23280000000158907	UpDownStatesTimeIntervals						UP	
30463.0864	0.047200000000884756	RippleTimeIntervals					30463.0928		
30463.516	0.24720000000161235	UpDownStatesTimeIntervals						UP	
30464.5832	0.1231999999981781	UpDownStatesTimeIntervals						DOWN	
30464.7064	0.3456000000005588	UpDownStatesTimeIntervals						UP	
30466.7224	0.12399999999979627	UpDownStatesTimeIntervals						UP	
30472.0552	0.1720000000022992	UpDownStatesTimeIntervals						UP	
30473.2632	0.16079999999783468	UpDownStatesTimeIntervals						UP	
30473.8424	0.14479999999821302	UpDownStatesTimeIntervals						UP	
30474.2864	0.20319999999992433	UpDownStatesTimeIntervals						UP	
30474.3336	0.032799999997223495	RippleTimeIntervals					30474.3512		
30474.6024	0.03600000000005821	RippleTimeIntervals					30474.6056		
30475.056	0.13599999999860302	UpDownStatesTimeIntervals						UP	
30476.2904	0.14799999999740976	UpDownStatesTimeIntervals						UP	
30477.476	0.1400000000030559	UpDownStatesTimeIntervals						UP	
30480.5352	0.21200000000317232	UpDownStatesTimeIntervals						UP	
30482.6432	0.1176000000014028	UpDownStatesTimeIntervals						DOWN	
30482.7608	0.26640000000043074	UpDownStatesTimeIntervals						UP	
30483.7936	0.2047999999995227	UpDownStatesTimeIntervals						UP	
30484.7792	0.24639999999999418	UpDownStatesTimeIntervals						UP	
30485.5648	0.1503999999986263	UpDownStatesTimeIntervals						UP	
30486.344	0.33519999999771244	UpDownStatesTimeIntervals						UP	
30495.3824	0.13119999999980791	UpDownStatesTimeIntervals						UP	
30495.4424	0.04320000000006985	RippleTimeIntervals					30495.4632		
30495.96	0.26160000000163564	UpDownStatesTimeIntervals						UP	
30496.528	0.11200000000098953	UpDownStatesTimeIntervals						UP	
30501.0	9.0	SleepStates							WAKEstate
30511.0	170.0	SleepStates							NREMstate
30515.7112	0.15120000000024447	UpDownStatesTimeIntervals						UP	
30523.572	0.05040000000008149	RippleTimeIntervals					30523.588		
30524.5368	0.100799999996525	UpDownStatesTimeIntervals						UP	
30525.0432	0.13599999999860302	UpDownStatesTimeIntervals						UP	
30525.8616	0.2776000000012573	UpDownStatesTimeIntervals						DOWN	
30526.1392	0.1863999999986845	UpDownStatesTimeIntervals						UP	
30528.2152	0.4272000000019034	UpDownStatesTimeIntervals						DOWN	
30528.9592	0.12559999999939464	UpDownStatesTimeIntervals						UP	
30530.6184	0.1728000000002794	UpDownStatesTimeIntervals						UP	
30530.9688	0.07120000000213622	UpDownStatesTimeIntervals						DOWN	
30531.5768	0.15120000000024447	UpDownStatesTimeIntervals						UP	
30532.1992	0.29279999999926076	UpDownStatesTimeIntervals						DOWN	
30532.492	0.24240000000281725	UpDownStatesTimeIntervals						UP	
30536.1736	0.144800000001851	UpDownStatesTimeIntervals						UP	
30537.8664	0.153600000001461	UpDownStatesTimeIntervals						UP	
30538.9976	0.24400000000241562	UpDownStatesTimeIntervals						UP	
30540.0536	0.3824000000022352	UpDownStatesTimeIntervals						UP	
30541.7224	0.15600000000267755	UpDownStatesTimeIntervals						UP	
30542.5104	0.1584000000002561	UpDownStatesTimeIntervals						UP	
30543.1176	0.25200000000040745	UpDownStatesTimeIntervals						UP	
30544.4968	0.13839999999981956	UpDownStatesTimeIntervals						UP	
30545.0128	0.24880000000121072	UpDownStatesTimeIntervals						UP	
30546.8944	0.24799999999959255	UpDownStatesTimeIntervals						UP	
30547.6496	0.19359999999869615	UpDownStatesTimeIntervals						UP	
30548.292	0.18399999999746797	UpDownStatesTimeIntervals						DOWN	
30554.8688	0.35280000000057044	UpDownStatesTimeIntervals						UP	
30555.3176	0.2672000000020489	UpDownStatesTimeIntervals						DOWN	
30559.0864	0.16240000000107102	UpDownStatesTimeIntervals						UP	
30560.4416	0.18480000000272412	UpDownStatesTimeIntervals						UP	
30561.2208	0.14719999999942956	UpDownStatesTimeIntervals						UP	
30562.6344	0.1128000000026077	UpDownStatesTimeIntervals						UP	
30563.0976	0.15279999999984284	UpDownStatesTimeIntervals						UP	
30563.6328	0.07920000000012806	UpDownStatesTimeIntervals						UP	
30565.388	0.2312000000019907	UpDownStatesTimeIntervals						UP	
30565.528	0.05280000000129803	RippleTimeIntervals					30565.5408		
30566.2	0.11039999999775318	UpDownStatesTimeIntervals						DOWN	
30567.8576	0.15599999999903957	UpDownStatesTimeIntervals						UP	
30569.5976	0.15680000000065775	UpDownStatesTimeIntervals						UP	
30570.4336	0.15199999999822467	UpDownStatesTimeIntervals						UP	
30572.3672	0.1496000000006461	UpDownStatesTimeIntervals						UP	
30573.3336	0.27039999999760767	UpDownStatesTimeIntervals						UP	
30575.324	0.20160000000032596	UpDownStatesTimeIntervals						UP	
30576.1648	0.1760000000031141	UpDownStatesTimeIntervals						UP	
30577.2656	0.3055999999996857	UpDownStatesTimeIntervals						UP	
30578.096	0.14479999999821302	UpDownStatesTimeIntervals						UP	
30578.644	0.1455999999998312	UpDownStatesTimeIntervals						UP	
30579.2832	0.13919999999779975	UpDownStatesTimeIntervals						UP	
30582.3408	0.13999999999941792	UpDownStatesTimeIntervals						UP	
30582.84	0.15680000000065775	UpDownStatesTimeIntervals						UP	
30589.3968	0.1632000000026892	UpDownStatesTimeIntervals						UP	
30589.7344	0.0687999999972817	UpDownStatesTimeIntervals						DOWN	
30589.908	0.1368000000002212	UpDownStatesTimeIntervals						UP	
30590.6264	0.17519999999785796	UpDownStatesTimeIntervals						UP	
30592.1664	0.3264000000017404	UpDownStatesTimeIntervals						UP	
30593.7296	0.27520000000004075	UpDownStatesTimeIntervals						UP	
30595.5656	0.10239999999976135	UpDownStatesTimeIntervals						DOWN	
30596.3296	0.2327999999979511	UpDownStatesTimeIntervals						UP	
30598.9256	0.27440000000206055	UpDownStatesTimeIntervals						UP	
30599.7312	0.1640000000006694	UpDownStatesTimeIntervals						UP	
30600.6224	0.05040000000008149	UpDownStatesTimeIntervals						DOWN	
30600.928	0.16960000000108266	UpDownStatesTimeIntervals						UP	
30601.8888	0.2327999999979511	UpDownStatesTimeIntervals						UP	
30604.384	0.16880000000310247	UpDownStatesTimeIntervals						UP	
30604.8088	0.12080000000059954	UpDownStatesTimeIntervals						DOWN	
30607.1528	0.11999999999898137	UpDownStatesTimeIntervals						DOWN	
30607.5312	0.14479999999821302	UpDownStatesTimeIntervals						UP	
30608.6552	0.13359999999738648	UpDownStatesTimeIntervals						UP	
30609.852	0.13040000000182772	UpDownStatesTimeIntervals						UP	
30610.208	0.1264000000010128	UpDownStatesTimeIntervals						DOWN	
30610.5904	0.26640000000043074	UpDownStatesTimeIntervals						UP	
30612.156	0.31600000000253203	UpDownStatesTimeIntervals						UP	
30612.7456	0.14800000000104774	UpDownStatesTimeIntervals						DOWN	
30613.3408	0.1959999999999127	UpDownStatesTimeIntervals						DOWN	
30616.3192	0.29839999999967404	UpDownStatesTimeIntervals						UP	
30617.2192	0.2767999999996391	UpDownStatesTimeIntervals						UP	
30620.736	0.2000000000007276	UpDownStatesTimeIntervals						UP	
30621.4896	0.19039999999949941	UpDownStatesTimeIntervals						UP	
30623.9816	0.19280000000071595	UpDownStatesTimeIntervals						UP	
30624.2744	0.04400000000168802	RippleTimeIntervals					30624.2776		
30627.2488	0.2743999999984226	UpDownStatesTimeIntervals						UP	
30628.2536	0.1408000000010361	UpDownStatesTimeIntervals						UP	
30631.9688	0.4096000000026834	UpDownStatesTimeIntervals						UP	
30635.2088	0.13360000000102445	UpDownStatesTimeIntervals						UP	
30635.672	0.14640000000144937	UpDownStatesTimeIntervals						UP	
30636.9352	0.3087999999988824	UpDownStatesTimeIntervals						UP	
30641.2528	0.15440000000307919	UpDownStatesTimeIntervals						UP	
30641.8832	0.13439999999900465	UpDownStatesTimeIntervals						UP	
30642.8136	0.280800000000454	UpDownStatesTimeIntervals						UP	
30643.9464	0.1415999999990163	UpDownStatesTimeIntervals						UP	
30646.6432	0.15279999999984284	UpDownStatesTimeIntervals						UP	
30648.2384	0.1496000000006461	UpDownStatesTimeIntervals						UP	
30650.4296	0.2736000000004424	UpDownStatesTimeIntervals						UP	
30650.8576	0.2776000000012573	UpDownStatesTimeIntervals						DOWN	
30653.4744	0.2232000000003609	UpDownStatesTimeIntervals						UP	
30654.1104	0.2495999999991909	UpDownStatesTimeIntervals						UP	
30655.0536	0.263200000001234	UpDownStatesTimeIntervals						UP	
30655.4096	0.12399999999979627	UpDownStatesTimeIntervals						DOWN	
30655.9856	0.1584000000002561	UpDownStatesTimeIntervals						DOWN	
30656.144	0.32560000000012224	UpDownStatesTimeIntervals						UP	
30658.4504	0.14799999999740976	UpDownStatesTimeIntervals						UP	
30659.5368	0.3055999999996857	UpDownStatesTimeIntervals						UP	
30660.1144	0.10640000000057626	UpDownStatesTimeIntervals						DOWN	
30660.8264	0.26719999999841093	UpDownStatesTimeIntervals						UP	
30661.2664	0.1823999999978696	UpDownStatesTimeIntervals						DOWN	
30661.4488	0.12080000000059954	UpDownStatesTimeIntervals						UP	
30663.0184	0.2000000000007276	UpDownStatesTimeIntervals						UP	
30663.6576	0.1496000000006461	UpDownStatesTimeIntervals						UP	
30664.2224	0.22400000000197906	UpDownStatesTimeIntervals						UP	
30665.6	0.21600000000034925	UpDownStatesTimeIntervals						UP	
30668.6824	0.13839999999981956	UpDownStatesTimeIntervals						UP	
30677.592	0.24639999999999418	UpDownStatesTimeIntervals						UP	
30678.072	0.07679999999891152	UpDownStatesTimeIntervals						DOWN	
30682.0	16.0	SleepStates							WAKEstate
30699.0	142.0	SleepStates							NREMstate
30709.3912	0.2496000000028289	UpDownStatesTimeIntervals						UP	
30709.9928	0.1735999999982596	UpDownStatesTimeIntervals						DOWN	
30710.1664	0.17840000000069267	UpDownStatesTimeIntervals						UP	
30711.7712	0.15520000000105938	UpDownStatesTimeIntervals						DOWN	
30711.9264	0.13920000000143773	UpDownStatesTimeIntervals						UP	
30712.4424	0.15279999999984284	UpDownStatesTimeIntervals						UP	
30717.9656	0.048800000000483124	RippleTimeIntervals					30717.9824		
30718.1216	0.13760000000183936	UpDownStatesTimeIntervals						UP	
30719.1904	0.1496000000006461	UpDownStatesTimeIntervals						UP	
30720.8208	0.22079999999914435	UpDownStatesTimeIntervals						UP	
30723.2672	0.16960000000108266	UpDownStatesTimeIntervals						UP	
30723.6944	0.05199999999967986	UpDownStatesTimeIntervals						DOWN	
30723.7464	0.13439999999900465	UpDownStatesTimeIntervals						UP	
30724.4888	0.08480000000054133	UpDownStatesTimeIntervals						DOWN	
30724.5736	0.35680000000138534	UpDownStatesTimeIntervals						UP	
30725.8352	0.1735999999982596	UpDownStatesTimeIntervals						UP	
30727.0864	0.2135999999991327	UpDownStatesTimeIntervals						UP	
30728.564	0.17439999999987776	UpDownStatesTimeIntervals						UP	
30729.9408	0.34240000000136206	UpDownStatesTimeIntervals						UP	
30731.1048	0.25279999999838765	UpDownStatesTimeIntervals						UP	
30731.5208	0.2080000000023574	UpDownStatesTimeIntervals						DOWN	
30731.7288	0.28800000000046566	UpDownStatesTimeIntervals						UP	
30734.2848	0.26239999999961583	UpDownStatesTimeIntervals						UP	
30734.7176	0.10399999999935972	UpDownStatesTimeIntervals						DOWN	
30735.2368	0.18319999999948777	UpDownStatesTimeIntervals						DOWN	
30738.6728	0.14640000000144937	UpDownStatesTimeIntervals						UP	
30740.4816	0.1264000000010128	UpDownStatesTimeIntervals						UP	
30744.7936	0.26159999999799766	UpDownStatesTimeIntervals						UP	
30750.0128	0.14479999999821302	UpDownStatesTimeIntervals						UP	
30752.6928	0.14240000000063446	UpDownStatesTimeIntervals						DOWN	
30752.8352	0.19519999999829452	UpDownStatesTimeIntervals						UP	
30753.2624	0.48800000000119326	UpDownStatesTimeIntervals						DOWN	
30753.7504	0.39359999999942374	UpDownStatesTimeIntervals						UP	
30754.284	0.13839999999981956	UpDownStatesTimeIntervals						DOWN	
30754.4224	0.18400000000110595	UpDownStatesTimeIntervals						UP	
30755.0256	0.16479999999864958	UpDownStatesTimeIntervals						DOWN	
30755.436	0.14479999999821302	UpDownStatesTimeIntervals						UP	
30756.1784	0.25760000000082073	UpDownStatesTimeIntervals						UP	
30756.3712	0.030399999999644933	RippleTimeIntervals					30756.372		
30756.9864	0.10719999999855645	UpDownStatesTimeIntervals						UP	
30758.9272	0.39760000000023865	UpDownStatesTimeIntervals						UP	
30761.288	0.1503999999986263	UpDownStatesTimeIntervals						UP	
30763.4112	0.1992000000027474	UpDownStatesTimeIntervals						UP	
30764.0272	0.1815999999998894	UpDownStatesTimeIntervals						UP	
30764.4088	0.09759999999732827	UpDownStatesTimeIntervals						DOWN	
30764.6328	0.15040000000226428	UpDownStatesTimeIntervals						UP	
30765.5024	0.23919999999998254	UpDownStatesTimeIntervals						DOWN	
30765.9928	0.1959999999999127	UpDownStatesTimeIntervals						UP	
30766.6488	0.13920000000143773	UpDownStatesTimeIntervals						UP	
30767.6248	0.12399999999979627	UpDownStatesTimeIntervals						UP	
30768.0584	0.1783999999970547	UpDownStatesTimeIntervals						UP	
30768.7632	0.127199999998993	UpDownStatesTimeIntervals						UP	
30769.06	0.05040000000008149	UpDownStatesTimeIntervals						DOWN	
30771.56	0.1463999999978114	UpDownStatesTimeIntervals						UP	
30772.212	0.2952000000004773	UpDownStatesTimeIntervals						UP	
30776.7	0.18399999999746797	UpDownStatesTimeIntervals						UP	
30777.716	0.1231999999981781	UpDownStatesTimeIntervals						DOWN	
30777.8392	0.4032000000006519	UpDownStatesTimeIntervals						UP	
30778.9104	0.13759999999820138	UpDownStatesTimeIntervals						UP	
30779.2096	0.12320000000181608	UpDownStatesTimeIntervals						DOWN	
30780.076	0.26959999999962747	UpDownStatesTimeIntervals						DOWN	
30780.8144	0.2080000000023574	UpDownStatesTimeIntervals						UP	
30783.052	0.1543999999994412	UpDownStatesTimeIntervals						UP	
30788.3	0.14800000000104774	UpDownStatesTimeIntervals						UP	
30792.268	0.2999999999992724	UpDownStatesTimeIntervals						UP	
30793.2976	0.15679999999701977	UpDownStatesTimeIntervals						UP	
30794.4144	0.15759999999863794	UpDownStatesTimeIntervals						UP	
30795.9392	0.16159999999945285	UpDownStatesTimeIntervals						UP	
30796.9232	0.13919999999779975	UpDownStatesTimeIntervals						UP	
30797.7528	0.15279999999984284	UpDownStatesTimeIntervals						UP	
30798.3176	0.31440000000293367	UpDownStatesTimeIntervals						DOWN	
30799.9976	0.13999999999941792	UpDownStatesTimeIntervals						UP	
30800.7352	0.1496000000006461	UpDownStatesTimeIntervals						UP	
30801.2744	0.21840000000156579	UpDownStatesTimeIntervals						DOWN	
30801.4928	0.1687999999994645	UpDownStatesTimeIntervals						UP	
30802.1168	0.04959999999846332	UpDownStatesTimeIntervals						DOWN	
30802.1664	0.3584000000009837	UpDownStatesTimeIntervals						UP	
30802.8928	0.28399999999965075	UpDownStatesTimeIntervals						UP	
30807.1712	0.38000000000101863	UpDownStatesTimeIntervals						UP	
30808.3312	0.19039999999949941	UpDownStatesTimeIntervals						UP	
30812.1432	0.1088000000017928	UpDownStatesTimeIntervals						UP	
30814.6328	0.22000000000116415	UpDownStatesTimeIntervals						UP	
30823.9984	0.1640000000006694	UpDownStatesTimeIntervals						DOWN	
30824.1624	0.19919999999910942	UpDownStatesTimeIntervals						UP	
30824.5688	0.1775999999990745	UpDownStatesTimeIntervals						DOWN	
30824.8712	0.25759999999718275	UpDownStatesTimeIntervals						UP	
30826.6528	0.3679999999985739	UpDownStatesTimeIntervals						UP	
30828.1776	0.15999999999985448	UpDownStatesTimeIntervals						UP	
30828.9368	0.19680000000153086	UpDownStatesTimeIntervals						DOWN	
30829.32	0.381600000000617	UpDownStatesTimeIntervals						UP	
30831.7912	0.16319999999905122	UpDownStatesTimeIntervals						UP	
30832.5768	0.18319999999948777	UpDownStatesTimeIntervals						UP	
30834.9656	0.19680000000153086	UpDownStatesTimeIntervals						DOWN	
30835.1624	0.2680000000000291	UpDownStatesTimeIntervals						UP	
30837.6496	0.13839999999981956	UpDownStatesTimeIntervals						UP	
30842.0	24.0	SleepStates							WAKEstate
30867.0	49.0	SleepStates							REMstate
30917.0	24.0	SleepStates							WAKEstate
30942.0	12.0	SleepStates							REMstate
30955.0	97.0	SleepStates							WAKEstate
31053.0	56.0	SleepStates							NREMstate
31054.5576	0.153600000001461	UpDownStatesTimeIntervals						UP	
31055.4392	0.13599999999860302	UpDownStatesTimeIntervals						UP	
31056.5088	0.24720000000161235	UpDownStatesTimeIntervals						UP	
31058.804	0.1264000000010128	UpDownStatesTimeIntervals						UP	
31062.4776	0.15279999999984284	UpDownStatesTimeIntervals						UP	
31072.2336	0.2680000000000291	UpDownStatesTimeIntervals						UP	
31072.5408	0.11440000000220607	UpDownStatesTimeIntervals						DOWN	
31081.2504	0.21440000000075088	UpDownStatesTimeIntervals						UP	
31086.0992	0.15999999999985448	UpDownStatesTimeIntervals						UP	
31088.0056	0.03919999999925494	RippleTimeIntervals					31088.0072		
31097.1016	0.14079999999739812	UpDownStatesTimeIntervals						UP	
31098.3912	0.14640000000144937	UpDownStatesTimeIntervals						UP	
31098.4304	0.07679999999891152	RippleTimeIntervals					31098.4672		
31099.7416	0.14400000000023283	UpDownStatesTimeIntervals						UP	
31099.8048	0.05439999999725842	RippleTimeIntervals					31099.8168		
31100.2736	0.13839999999981956	UpDownStatesTimeIntervals						UP	
31100.6584	0.22880000000077416	UpDownStatesTimeIntervals						DOWN	
31100.8872	0.37999999999738066	UpDownStatesTimeIntervals						UP	
31101.1992	0.04080000000249129	RippleTimeIntervals					31101.2104		
31102.8952	0.15120000000024447	UpDownStatesTimeIntervals						UP	
31105.0016	0.13999999999941792	UpDownStatesTimeIntervals						UP	
31105.504	0.3456000000005588	UpDownStatesTimeIntervals						DOWN	
31106.2304	0.14479999999821302	UpDownStatesTimeIntervals						UP	
31106.9112	0.2224000000023807	UpDownStatesTimeIntervals						UP	
31110.0	28.0	SleepStates							WAKEstate
31139.0	44.0	SleepStates							NREMstate
31139.7384	0.12000000000261934	UpDownStatesTimeIntervals						UP	
31141.5968	0.14240000000063446	UpDownStatesTimeIntervals						UP	
31145.588	0.12800000000061118	UpDownStatesTimeIntervals						UP	
31146.06	0.21279999999751453	UpDownStatesTimeIntervals						DOWN	
31146.712	0.18400000000110595	UpDownStatesTimeIntervals						DOWN	
31146.896	0.13999999999941792	UpDownStatesTimeIntervals						UP	
31148.436	0.14959999999700813	UpDownStatesTimeIntervals						UP	
31150.1928	0.19359999999869615	UpDownStatesTimeIntervals						UP	
31151.1176	0.2007999999987078	UpDownStatesTimeIntervals						UP	
31152.0704	0.24639999999999418	UpDownStatesTimeIntervals						DOWN	
31154.908	0.19039999999949941	UpDownStatesTimeIntervals						UP	
31155.0016	0.05280000000129803	RippleTimeIntervals					31155.0168		
31155.4464	0.18799999999828287	UpDownStatesTimeIntervals						DOWN	
31157.6096	0.17599999999947613	UpDownStatesTimeIntervals						UP	
31162.4832	0.14640000000144937	UpDownStatesTimeIntervals						UP	
31162.5488	0.04079999999885331	RippleTimeIntervals					31162.5672		
31165.7448	0.1503999999986263	UpDownStatesTimeIntervals						UP	
31171.9832	0.18800000000192085	UpDownStatesTimeIntervals						DOWN	
31172.8464	0.16560000000026776	UpDownStatesTimeIntervals						UP	
31177.7176	0.13439999999900465	UpDownStatesTimeIntervals						UP	
31178.2784	0.1264000000010128	UpDownStatesTimeIntervals						UP	
31178.9328	0.13920000000143773	UpDownStatesTimeIntervals						UP	
31180.5	0.24880000000121072	UpDownStatesTimeIntervals						UP	
31181.184	0.18799999999828287	UpDownStatesTimeIntervals						UP	
31184.0	33.0	SleepStates							WAKEstate
31218.0	617.0	SleepStates							NREMstate
31221.6736	0.04800000000250293	RippleTimeIntervals					31221.684		
31222.3128	0.062399999998888234	RippleTimeIntervals					31222.3288		
31224.0856	0.1400000000030559	UpDownStatesTimeIntervals						UP	
31224.1232	0.07199999999647844	RippleTimeIntervals					31224.1632		
31224.9744	0.15040000000226428	UpDownStatesTimeIntervals						UP	
31226.1248	0.18319999999948777	UpDownStatesTimeIntervals						UP	
31227.3184	0.1320000000014261	UpDownStatesTimeIntervals						UP	
31230.7424	0.13999999999941792	UpDownStatesTimeIntervals						UP	
31233.0104	0.08000000000174623	RippleTimeIntervals					31233.0448		
31235.1984	0.12639999999737483	UpDownStatesTimeIntervals						UP	
31237.4928	0.14400000000023283	UpDownStatesTimeIntervals						UP	
31238.7544	0.14879999999902793	UpDownStatesTimeIntervals						UP	
31240.8344	0.15120000000024447	UpDownStatesTimeIntervals						UP	
31244.4264	0.048800000000483124	RippleTimeIntervals					31244.4432		
31248.1336	0.18319999999948777	UpDownStatesTimeIntervals						UP	
31253.748	0.1912000000011176	UpDownStatesTimeIntervals						UP	
31254.2488	0.12559999999939464	UpDownStatesTimeIntervals						UP	
31256.4136	0.05199999999967986	UpDownStatesTimeIntervals						DOWN	
31256.4656	0.23919999999998254	UpDownStatesTimeIntervals						UP	
31256.9424	0.21440000000075088	UpDownStatesTimeIntervals						DOWN	
31257.7024	0.127200000002631	UpDownStatesTimeIntervals						UP	
31258.1808	0.060800000002927845	RippleTimeIntervals					31258.2048		
31258.3248	0.10720000000219443	UpDownStatesTimeIntervals						UP	
31258.7288	0.19759999999951106	UpDownStatesTimeIntervals						UP	
31259.0856	0.27920000000085565	UpDownStatesTimeIntervals						DOWN	
31261.6056	0.23040000000037253	UpDownStatesTimeIntervals						UP	
31263.2	0.15999999999985448	UpDownStatesTimeIntervals						UP	
31263.9232	0.16079999999783468	UpDownStatesTimeIntervals						UP	
31265.9536	0.058399999998073326	RippleTimeIntervals					31265.9656		
31266.3944	0.11679999999978463	UpDownStatesTimeIntervals						UP	
31266.432	0.056000000000494765	RippleTimeIntervals					31266.4408		
31266.8456	0.23359999999956926	UpDownStatesTimeIntervals						UP	
31267.0048	0.04400000000168802	RippleTimeIntervals					31267.0104		
31268.9672	0.18000000000029104	UpDownStatesTimeIntervals						UP	
31270.1528	0.15599999999903957	UpDownStatesTimeIntervals						UP	
31272.4824	0.2919999999976426	UpDownStatesTimeIntervals						UP	
31274.5256	0.1591999999982363	UpDownStatesTimeIntervals						UP	
31275.2176	0.14640000000144937	UpDownStatesTimeIntervals						UP	
31278.308	0.2007999999987078	UpDownStatesTimeIntervals						UP	
31279.3696	0.30799999999726424	UpDownStatesTimeIntervals						UP	
31283.048	0.17360000000189757	UpDownStatesTimeIntervals						UP	
31285.9288	0.18319999999948777	UpDownStatesTimeIntervals						UP	
31287.6848	0.2495999999991909	UpDownStatesTimeIntervals						UP	
31287.868	0.044799999999668216	RippleTimeIntervals					31287.8816		
31288.1608	0.06719999999768334	UpDownStatesTimeIntervals						DOWN	
31288.2656	0.04800000000250293	RippleTimeIntervals					31288.2816		
31288.4176	0.13360000000102445	UpDownStatesTimeIntervals						UP	
31288.48	0.0496000000021013	RippleTimeIntervals					31288.484		
31288.808	0.08239999999932479	UpDownStatesTimeIntervals						DOWN	
31288.8904	0.24799999999959255	UpDownStatesTimeIntervals						UP	
31289.82	0.058400000001711305	UpDownStatesTimeIntervals						DOWN	
31289.8784	0.18720000000030268	UpDownStatesTimeIntervals						UP	
31290.7928	0.31040000000211876	UpDownStatesTimeIntervals						DOWN	
31291.2032	0.14319999999861466	UpDownStatesTimeIntervals						UP	
31291.7544	0.1911999999974796	UpDownStatesTimeIntervals						UP	
31297.3576	0.0911999999989348	UpDownStatesTimeIntervals						DOWN	
31298.1288	0.14160000000265427	UpDownStatesTimeIntervals						UP	
31298.9136	0.26480000000083237	UpDownStatesTimeIntervals						UP	
31298.9704	0.05200000000331784	RippleTimeIntervals					31298.9888		
31299.2416	0.2135999999991327	UpDownStatesTimeIntervals						DOWN	
31299.4552	0.22880000000077416	UpDownStatesTimeIntervals						UP	
31300.456	0.24880000000121072	UpDownStatesTimeIntervals						UP	
31301.2048	0.16159999999945285	UpDownStatesTimeIntervals						UP	
31308.7344	0.14319999999861466	UpDownStatesTimeIntervals						UP	
31309.1976	0.1808000000019092	UpDownStatesTimeIntervals						UP	
31310.0576	0.16080000000147265	UpDownStatesTimeIntervals						UP	
31310.6528	0.03280000000086147	UpDownStatesTimeIntervals						DOWN	
31310.6856	0.3911999999982072	UpDownStatesTimeIntervals						UP	
31310.7456	0.03600000000005821	RippleTimeIntervals					31310.7544		
31312.1224	0.17520000000149594	UpDownStatesTimeIntervals						UP	
31313.4464	0.1687999999994645	UpDownStatesTimeIntervals						UP	
31314.2192	0.15200000000186265	UpDownStatesTimeIntervals						DOWN	
31318.2096	0.04080000000249129	RippleTimeIntervals					31318.2152		
31318.7728	0.24560000000201399	UpDownStatesTimeIntervals						UP	
31319.532	0.11200000000098953	UpDownStatesTimeIntervals						DOWN	
31323.6776	0.14320000000225264	UpDownStatesTimeIntervals						UP	
31324.0968	0.08000000000174623	UpDownStatesTimeIntervals						DOWN	
31324.1768	0.06959999999889988	UpDownStatesTimeIntervals						UP	
31324.3408	0.06079999999928987	RippleTimeIntervals					31324.3616		
31324.66	0.16080000000147265	UpDownStatesTimeIntervals						UP	
31324.996	0.5432000000000698	UpDownStatesTimeIntervals						DOWN	
31325.5392	0.28320000000167056	UpDownStatesTimeIntervals						UP	
31328.1664	0.04400000000168802	RippleTimeIntervals					31328.184		
31328.4968	0.4183999999986554	UpDownStatesTimeIntervals						UP	
31329.1312	0.1687999999994645	UpDownStatesTimeIntervals						UP	
31331.3168	0.14479999999821302	UpDownStatesTimeIntervals						UP	
31334.8696	0.20639999999912106	UpDownStatesTimeIntervals						UP	
31337.348	0.14959999999700813	UpDownStatesTimeIntervals						UP	
31337.8712	0.26159999999799766	UpDownStatesTimeIntervals						UP	
31338.6232	0.19199999999909778	UpDownStatesTimeIntervals						UP	
31339.3168	0.16319999999905122	UpDownStatesTimeIntervals						UP	
31343.2576	0.2919999999976426	UpDownStatesTimeIntervals						UP	
31344.3376	0.1592000000018743	UpDownStatesTimeIntervals						UP	
31345.0208	0.2128000000011525	UpDownStatesTimeIntervals						UP	
31345.8072	0.16960000000108266	UpDownStatesTimeIntervals						UP	
31348.1416	0.12320000000181608	UpDownStatesTimeIntervals						UP	
31348.5992	0.19199999999909778	UpDownStatesTimeIntervals						UP	
31348.9848	0.34240000000136206	UpDownStatesTimeIntervals						DOWN	
31349.3272	0.16640000000188593	UpDownStatesTimeIntervals						UP	
31351.0016	0.16080000000147265	UpDownStatesTimeIntervals						UP	
31351.048	0.07600000000093132	RippleTimeIntervals					31351.0808		
31351.708	0.1400000000030559	UpDownStatesTimeIntervals						UP	
31352.1368	0.272000000000844	UpDownStatesTimeIntervals						UP	
31352.7992	0.2407999999995809	UpDownStatesTimeIntervals						UP	
31353.9032	0.27520000000004075	UpDownStatesTimeIntervals						UP	
31354.2248	0.6023999999997613	UpDownStatesTimeIntervals						DOWN	
31354.8272	0.14879999999902793	UpDownStatesTimeIntervals						UP	
31355.2352	0.0632000000005064	UpDownStatesTimeIntervals						DOWN	
31355.464	0.08720000000175787	UpDownStatesTimeIntervals						UP	
31355.8088	0.14320000000225264	UpDownStatesTimeIntervals						DOWN	
31355.952	0.15999999999985448	UpDownStatesTimeIntervals						UP	
31357.1776	0.17120000000068103	UpDownStatesTimeIntervals						UP	
31357.9152	0.20720000000073924	UpDownStatesTimeIntervals						DOWN	
31358.4888	0.12880000000222935	UpDownStatesTimeIntervals						UP	
31358.9408	0.2767999999996391	UpDownStatesTimeIntervals						UP	
31361.3248	0.15680000000065775	UpDownStatesTimeIntervals						UP	
31364.7616	0.2767999999996391	UpDownStatesTimeIntervals						UP	
31365.9728	0.13040000000182772	UpDownStatesTimeIntervals						UP	
31367.8624	0.3047999999980675	UpDownStatesTimeIntervals						UP	
31368.608	0.1264000000010128	UpDownStatesTimeIntervals						DOWN	
31371.656	0.1584000000002561	UpDownStatesTimeIntervals						UP	
31372.6416	0.25120000000242726	UpDownStatesTimeIntervals						UP	
31373.1352	0.13839999999981956	UpDownStatesTimeIntervals						UP	
31374.7856	0.13839999999981956	UpDownStatesTimeIntervals						UP	
31376.3424	0.16959999999744468	UpDownStatesTimeIntervals						UP	
31377.4016	0.2687999999980093	UpDownStatesTimeIntervals						UP	
31377.9952	0.13759999999820138	UpDownStatesTimeIntervals						UP	
31378.6336	0.1687999999994645	UpDownStatesTimeIntervals						UP	
31378.7208	0.04400000000168802	RippleTimeIntervals					31378.7304		
31379.3216	0.16080000000147265	UpDownStatesTimeIntervals						DOWN	
31380.5464	0.2080000000023574	UpDownStatesTimeIntervals						UP	
31381.3728	0.17919999999867287	UpDownStatesTimeIntervals						UP	
31382.0096	0.1823999999978696	UpDownStatesTimeIntervals						DOWN	
31382.192	0.32879999999931897	UpDownStatesTimeIntervals						UP	
31382.9488	0.144800000001851	UpDownStatesTimeIntervals						UP	
31383.1368	0.3544000000001688	UpDownStatesTimeIntervals						DOWN	
31383.98	0.3775999999998021	UpDownStatesTimeIntervals						DOWN	
31384.8736	0.14640000000144937	UpDownStatesTimeIntervals						UP	
31385.8488	0.12800000000061118	UpDownStatesTimeIntervals						UP	
31386.092	0.11039999999775318	UpDownStatesTimeIntervals						DOWN	
31386.9376	0.22879999999713618	UpDownStatesTimeIntervals						UP	
31387.5736	0.4367999999994936	UpDownStatesTimeIntervals						UP	
31391.12	0.1488000000026659	UpDownStatesTimeIntervals						UP	
31396.9424	0.3719999999993888	UpDownStatesTimeIntervals						UP	
31397.1	0.04640000000290456	RippleTimeIntervals					31397.1208		
31397.5232	0.3280000000013388	UpDownStatesTimeIntervals						DOWN	
31398.2672	0.1592000000018743	UpDownStatesTimeIntervals						UP	
31398.332	0.05199999999967986	RippleTimeIntervals					31398.3432		
31398.992	0.23360000000320724	UpDownStatesTimeIntervals						UP	
31399.5256	0.19759999999951106	UpDownStatesTimeIntervals						UP	
31399.9584	0.4095999999990454	UpDownStatesTimeIntervals						DOWN	
31400.368	0.2232000000003609	UpDownStatesTimeIntervals						UP	
31401.504	0.2815999999984342	UpDownStatesTimeIntervals						UP	
31402.6832	0.13040000000182772	UpDownStatesTimeIntervals						UP	
31403.192	0.15279999999984284	UpDownStatesTimeIntervals						UP	
31403.956	0.1176000000014028	UpDownStatesTimeIntervals						DOWN	
31404.0736	0.1496000000006461	UpDownStatesTimeIntervals						UP	
31405.8816	0.13279999999940628	UpDownStatesTimeIntervals						UP	
31406.4232	0.14079999999739812	UpDownStatesTimeIntervals						DOWN	
31406.9888	0.1728000000002794	UpDownStatesTimeIntervals						DOWN	
31407.1616	0.26239999999961583	UpDownStatesTimeIntervals						UP	
31412.7912	0.17360000000189757	UpDownStatesTimeIntervals						UP	
31413.9464	0.14400000000023283	UpDownStatesTimeIntervals						UP	
31415.0464	0.23519999999916763	UpDownStatesTimeIntervals						UP	
31415.7216	0.236799999998766	UpDownStatesTimeIntervals						DOWN	
31415.9584	0.2848000000012689	UpDownStatesTimeIntervals						UP	
31423.1928	0.14879999999902793	UpDownStatesTimeIntervals						UP	
31425.2728	0.1496000000006461	UpDownStatesTimeIntervals						UP	
31427.0304	0.16640000000188593	UpDownStatesTimeIntervals						UP	
31427.916	0.13279999999940628	UpDownStatesTimeIntervals						UP	
31428.4592	0.13919999999779975	UpDownStatesTimeIntervals						UP	
31428.5344	0.03600000000005821	RippleTimeIntervals					31428.5432		
31429.1376	0.2728000000024622	UpDownStatesTimeIntervals						UP	
31429.9376	0.23839999999836436	UpDownStatesTimeIntervals						UP	
31432.1208	0.1823999999978696	UpDownStatesTimeIntervals						UP	
31432.5312	0.6391999999977998	UpDownStatesTimeIntervals						DOWN	
31433.1704	0.3647999999993772	UpDownStatesTimeIntervals						UP	
31433.7536	0.07600000000093132	UpDownStatesTimeIntervals						DOWN	
31433.8296	0.19839999999749125	UpDownStatesTimeIntervals						UP	
31434.4248	0.1640000000006694	UpDownStatesTimeIntervals						DOWN	
31435.1648	0.15999999999985448	UpDownStatesTimeIntervals						UP	
31438.288	0.2727999999988242	UpDownStatesTimeIntervals						UP	
31439.2816	0.26000000000203727	UpDownStatesTimeIntervals						UP	
31439.808	0.21440000000075088	UpDownStatesTimeIntervals						UP	
31440.7544	0.1367999999965832	UpDownStatesTimeIntervals						UP	
31441.5584	0.13999999999941792	UpDownStatesTimeIntervals						UP	
31442.544	0.3631999999997788	UpDownStatesTimeIntervals						UP	
31445.6416	0.3408000000017637	UpDownStatesTimeIntervals						DOWN	
31446.3664	0.12960000000020955	UpDownStatesTimeIntervals						UP	
31447.048	0.14719999999942956	UpDownStatesTimeIntervals						UP	
31447.3632	0.0319999999992433	UpDownStatesTimeIntervals						DOWN	
31448.1512	0.26640000000043074	UpDownStatesTimeIntervals						UP	
31448.2296	0.042400000002089655	RippleTimeIntervals					31448.232		
31450.0952	0.14879999999902793	UpDownStatesTimeIntervals						UP	
31450.7312	0.2448000000003958	UpDownStatesTimeIntervals						DOWN	
31450.976	0.1992000000027474	UpDownStatesTimeIntervals						UP	
31451.9712	0.1680000000014843	UpDownStatesTimeIntervals						UP	
31455.8784	0.15199999999822467	UpDownStatesTimeIntervals						UP	
31462.4088	0.24879999999757274	UpDownStatesTimeIntervals						UP	
31464.7904	0.13279999999940628	UpDownStatesTimeIntervals						UP	
31468.4976	0.1687999999994645	UpDownStatesTimeIntervals						UP	
31468.8368	0.19359999999869615	UpDownStatesTimeIntervals						DOWN	
31469.3376	0.1680000000014843	UpDownStatesTimeIntervals						DOWN	
31469.5056	0.26480000000083237	UpDownStatesTimeIntervals						UP	
31470.564	0.16080000000147265	UpDownStatesTimeIntervals						UP	
31470.6176	0.055999999996856786	RippleTimeIntervals					31470.6416		
31471.0392	0.2680000000000291	UpDownStatesTimeIntervals						DOWN	
31473.176	0.1455999999998312	UpDownStatesTimeIntervals						UP	
31473.216	0.06720000000132131	RippleTimeIntervals					31473.2488		
31473.8064	0.27119999999922584	UpDownStatesTimeIntervals						UP	
31474.7544	0.26719999999841093	UpDownStatesTimeIntervals						UP	
31477.4344	0.1136000000005879	UpDownStatesTimeIntervals						UP	
31478.0752	0.13279999999940628	UpDownStatesTimeIntervals						UP	
31480.2264	0.26080000000001746	UpDownStatesTimeIntervals						UP	
31481.0088	0.028000000002066372	UpDownStatesTimeIntervals						DOWN	
31482.4984	0.10320000000137952	UpDownStatesTimeIntervals						DOWN	
31483.1496	0.2319999999999709	UpDownStatesTimeIntervals						UP	
31484.648	0.17519999999785796	UpDownStatesTimeIntervals						UP	
31485.3576	0.18960000000151922	UpDownStatesTimeIntervals						DOWN	
31485.6456	0.15520000000105938	UpDownStatesTimeIntervals						UP	
31486.4712	0.1496000000006461	UpDownStatesTimeIntervals						UP	
31487.504	0.21999999999752617	UpDownStatesTimeIntervals						UP	
31488.3696	0.13919999999779975	UpDownStatesTimeIntervals						UP	
31488.8944	0.29279999999926076	UpDownStatesTimeIntervals						DOWN	
31489.1872	0.24639999999999418	UpDownStatesTimeIntervals						UP	
31490.2536	0.24799999999959255	UpDownStatesTimeIntervals						UP	
31492.428	0.14240000000063446	UpDownStatesTimeIntervals						UP	
31493.284	0.22639999999955762	UpDownStatesTimeIntervals						UP	
31494.0192	0.8328000000001339	UpDownStatesTimeIntervals						UP	
31495.18	0.1368000000002212	UpDownStatesTimeIntervals						UP	
31495.9392	0.2919999999976426	UpDownStatesTimeIntervals						UP	
31500.816	0.23440000000118744	UpDownStatesTimeIntervals						UP	
31501.5224	0.13439999999900465	UpDownStatesTimeIntervals						UP	
31501.9696	0.14240000000063446	UpDownStatesTimeIntervals						DOWN	
31502.512	0.1488000000026659	UpDownStatesTimeIntervals						UP	
31503.4488	0.06640000000334112	UpDownStatesTimeIntervals						DOWN	
31504.0064	0.26080000000001746	UpDownStatesTimeIntervals						UP	
31515.388	0.03680000000167638	RippleTimeIntervals					31515.4032		
31515.8816	0.263199999997596	UpDownStatesTimeIntervals						UP	
31519.7032	0.16560000000026776	UpDownStatesTimeIntervals						UP	
31520.2624	0.14400000000023283	UpDownStatesTimeIntervals						UP	
31523.8632	0.153600000001461	UpDownStatesTimeIntervals						UP	
31524.7048	0.15120000000024447	UpDownStatesTimeIntervals						UP	
31524.768	0.044799999999668216	RippleTimeIntervals					31524.7792		
31526.3072	0.13439999999900465	UpDownStatesTimeIntervals						UP	
31527.5248	0.10559999999895808	UpDownStatesTimeIntervals						DOWN	
31527.796	0.16480000000228756	UpDownStatesTimeIntervals						UP	
31528.2416	0.17199999999866122	UpDownStatesTimeIntervals						DOWN	
31528.4136	0.13279999999940628	UpDownStatesTimeIntervals						UP	
31529.868	0.17520000000149594	UpDownStatesTimeIntervals						UP	
31530.8352	0.36079999999856227	UpDownStatesTimeIntervals						UP	
31532.2656	0.13999999999941792	UpDownStatesTimeIntervals						UP	
31533.0872	0.1735999999982596	UpDownStatesTimeIntervals						UP	
31534.5016	0.3823999999985972	UpDownStatesTimeIntervals						UP	
31535.1424	0.1863999999986845	UpDownStatesTimeIntervals						DOWN	
31535.3288	0.18400000000110595	UpDownStatesTimeIntervals						UP	
31536.312	0.2503999999971711	UpDownStatesTimeIntervals						UP	
31538.4416	0.23919999999998254	UpDownStatesTimeIntervals						UP	
31539.4136	0.3312000000005355	UpDownStatesTimeIntervals						UP	
31544.7864	0.1640000000006694	UpDownStatesTimeIntervals						UP	
31545.4648	0.16079999999783468	UpDownStatesTimeIntervals						UP	
31546.5984	0.2816000000020722	UpDownStatesTimeIntervals						UP	
31546.7976	0.04719999999724678	RippleTimeIntervals					31546.8128		
31547.7384	0.1368000000002212	UpDownStatesTimeIntervals						UP	
31548.9936	0.20399999999790452	UpDownStatesTimeIntervals						UP	
31550.3456	0.11599999999816646	UpDownStatesTimeIntervals						UP	
31551.0208	0.15279999999984284	UpDownStatesTimeIntervals						UP	
31554.6896	0.3007999999972526	UpDownStatesTimeIntervals						UP	
31555.9776	0.17040000000270084	UpDownStatesTimeIntervals						UP	
31556.42	0.2040000000015425	UpDownStatesTimeIntervals						DOWN	
31556.624	0.22880000000077416	UpDownStatesTimeIntervals						UP	
31557.0344	0.30640000000130385	UpDownStatesTimeIntervals						UP	
31557.8984	0.1368000000002212	UpDownStatesTimeIntervals						UP	
31558.3552	0.23839999999836436	UpDownStatesTimeIntervals						UP	
31558.728	0.035200000002078013	UpDownStatesTimeIntervals						DOWN	
31563.1336	0.1503999999986263	UpDownStatesTimeIntervals						UP	
31564.4112	0.13839999999981956	UpDownStatesTimeIntervals						UP	
31565.3232	0.17920000000231084	UpDownStatesTimeIntervals						UP	
31565.9368	0.15200000000186265	UpDownStatesTimeIntervals						DOWN	
31566.0888	0.1455999999998312	UpDownStatesTimeIntervals						UP	
31566.8032	0.15040000000226428	UpDownStatesTimeIntervals						UP	
31566.8744	0.051199999998061685	RippleTimeIntervals					31566.8928		
31568.9248	0.22559999999793945	UpDownStatesTimeIntervals						UP	
31569.844	0.27119999999922584	UpDownStatesTimeIntervals						UP	
31571.9096	0.22880000000077416	UpDownStatesTimeIntervals						UP	
31573.0256	0.16479999999864958	UpDownStatesTimeIntervals						UP	
31573.7648	0.26559999999881256	UpDownStatesTimeIntervals						UP	
31578.9712	0.27520000000004075	UpDownStatesTimeIntervals						UP	
31581.096	0.1584000000002561	UpDownStatesTimeIntervals						UP	
31581.5176	0.1368000000002212	UpDownStatesTimeIntervals						DOWN	
31581.6544	0.15760000000227592	UpDownStatesTimeIntervals						UP	
31582.8712	0.13919999999779975	UpDownStatesTimeIntervals						UP	
31584.044	0.37599999999656575	UpDownStatesTimeIntervals						UP	
31584.464	0.33039999999891734	UpDownStatesTimeIntervals						DOWN	
31585.7168	0.23680000000240398	UpDownStatesTimeIntervals						UP	
31586.608	0.32560000000012224	UpDownStatesTimeIntervals						UP	
31587.52	0.12800000000061118	UpDownStatesTimeIntervals						UP	
31588.8728	0.1463999999978114	UpDownStatesTimeIntervals						UP	
31591.4816	0.07200000000011642	UpDownStatesTimeIntervals						DOWN	
31591.5536	0.15040000000226428	UpDownStatesTimeIntervals						UP	
31592.8688	0.24799999999959255	UpDownStatesTimeIntervals						UP	
31595.5344	0.18879999999990105	UpDownStatesTimeIntervals						UP	
31596.5264	0.26959999999962747	UpDownStatesTimeIntervals						UP	
31598.9576	0.1584000000002561	UpDownStatesTimeIntervals						UP	
31600.7568	0.1408000000010361	UpDownStatesTimeIntervals						UP	
31603.0232	0.2135999999991327	UpDownStatesTimeIntervals						UP	
31605.1296	0.26959999999962747	UpDownStatesTimeIntervals						UP	
31605.7472	0.28879999999844586	UpDownStatesTimeIntervals						UP	
31606.3896	0.23760000000038417	UpDownStatesTimeIntervals						UP	
31607.7872	0.1320000000014261	UpDownStatesTimeIntervals						UP	
31608.5536	0.18000000000029104	UpDownStatesTimeIntervals						UP	
31609.3928	0.18000000000029104	UpDownStatesTimeIntervals						UP	
31609.872	0.13040000000182772	UpDownStatesTimeIntervals						UP	
31612.8304	0.16240000000107102	UpDownStatesTimeIntervals						UP	
31613.5696	0.24880000000121072	UpDownStatesTimeIntervals						UP	
31618.0824	0.25760000000082073	UpDownStatesTimeIntervals						UP	
31621.4064	0.03600000000005821	RippleTimeIntervals					31621.4184		
31622.6048	0.23040000000037253	UpDownStatesTimeIntervals						UP	
31629.9104	0.16560000000026776	UpDownStatesTimeIntervals						UP	
31630.312	0.17199999999866122	UpDownStatesTimeIntervals						DOWN	
31634.12	0.14800000000104774	UpDownStatesTimeIntervals						UP	
31636.9728	0.19280000000071595	UpDownStatesTimeIntervals						UP	
31637.5992	0.118399999999383	UpDownStatesTimeIntervals						DOWN	
31639.4408	0.1415999999990163	UpDownStatesTimeIntervals						UP	
31639.4936	0.05199999999967986	RippleTimeIntervals					31639.5032		
31640.1992	0.136000000002241	UpDownStatesTimeIntervals						UP	
31641.508	0.1543999999994412	UpDownStatesTimeIntervals						UP	
31642.2224	0.15999999999985448	UpDownStatesTimeIntervals						DOWN	
31644.948	0.16159999999945285	UpDownStatesTimeIntervals						UP	
31645.832	0.15279999999984284	UpDownStatesTimeIntervals						UP	
31646.7928	0.3824000000022352	UpDownStatesTimeIntervals						UP	
31648.128	0.1768000000010943	UpDownStatesTimeIntervals						UP	
31651.2136	0.22400000000197906	UpDownStatesTimeIntervals						UP	
31653.5936	0.09760000000096625	UpDownStatesTimeIntervals						UP	
31654.8832	0.12480000000141445	UpDownStatesTimeIntervals						UP	
31656.0296	0.15279999999984284	UpDownStatesTimeIntervals						UP	
31657.5616	0.25200000000040745	UpDownStatesTimeIntervals						UP	
31658.8584	0.1231999999981781	UpDownStatesTimeIntervals						UP	
31666.0312	0.1368000000002212	UpDownStatesTimeIntervals						UP	
31667.428	0.15680000000065775	UpDownStatesTimeIntervals						UP	
31668.6448	0.23760000000038417	UpDownStatesTimeIntervals						UP	
31671.5232	0.2000000000007276	UpDownStatesTimeIntervals						UP	
31672.3744	0.2599999999983993	UpDownStatesTimeIntervals						UP	
31675.2528	0.2360000000007858	UpDownStatesTimeIntervals						UP	
31675.8032	0.47440000000278815	UpDownStatesTimeIntervals						DOWN	
31678.5928	0.05280000000129803	UpDownStatesTimeIntervals						DOWN	
31678.6456	0.20319999999992433	UpDownStatesTimeIntervals						UP	
31679.372	0.046399999999266583	UpDownStatesTimeIntervals						DOWN	
31683.7488	0.227999999999156	UpDownStatesTimeIntervals						UP	
31684.6336	0.25759999999718275	UpDownStatesTimeIntervals						UP	
31685.9584	0.127199999998993	UpDownStatesTimeIntervals						UP	
31686.9392	0.21119999999791617	UpDownStatesTimeIntervals						UP	
31692.3888	0.363999999997759	UpDownStatesTimeIntervals						UP	
31693.776	0.27119999999922584	UpDownStatesTimeIntervals						UP	
31695.1048	0.26959999999962747	UpDownStatesTimeIntervals						UP	
31695.112	0.26239999999961583	UpDownStatesTimeIntervals						DOWN	
31698.7224	0.16960000000108266	UpDownStatesTimeIntervals						UP	
31700.4368	0.1543999999994412	UpDownStatesTimeIntervals						DOWN	
31700.9824	0.1415999999990163	UpDownStatesTimeIntervals						UP	
31702.4984	0.15520000000105938	UpDownStatesTimeIntervals						UP	
31703.3472	0.19280000000071595	UpDownStatesTimeIntervals						UP	
31704.756	0.16479999999864958	UpDownStatesTimeIntervals						UP	
31705.3136	0.2143999999971129	UpDownStatesTimeIntervals						UP	
31707.3032	0.144800000001851	UpDownStatesTimeIntervals						UP	
31708.2992	0.18720000000030268	UpDownStatesTimeIntervals						UP	
31709.2632	0.14479999999821302	UpDownStatesTimeIntervals						UP	
31710.0184	0.18720000000030268	UpDownStatesTimeIntervals						UP	
31710.772	0.1455999999998312	UpDownStatesTimeIntervals						UP	
31711.6992	0.2800000000024738	UpDownStatesTimeIntervals						UP	
31713.8376	0.15040000000226428	UpDownStatesTimeIntervals						UP	
31714.4304	0.5695999999988999	UpDownStatesTimeIntervals						DOWN	
31714.936	0.0639999999984866	UpDownStatesTimeIntervals						DOWN	
31715.0	0.15999999999985448	UpDownStatesTimeIntervals						UP	
31716.0888	0.47039999999833526	UpDownStatesTimeIntervals						DOWN	
31718.3672	0.058399999998073326	RippleTimeIntervals					31718.3888		
31719.32	0.08880000000135624	UpDownStatesTimeIntervals						DOWN	
31719.632	0.27119999999922584	UpDownStatesTimeIntervals						UP	
31724.1952	0.14560000000346918	UpDownStatesTimeIntervals						UP	
31725.864	0.2680000000000291	UpDownStatesTimeIntervals						UP	
31728.0008	0.23519999999916763	UpDownStatesTimeIntervals						UP	
31728.1584	0.04079999999885331	RippleTimeIntervals					31728.16		
31729.2096	0.11200000000098953	UpDownStatesTimeIntervals						UP	
31729.7848	0.3359999999993306	UpDownStatesTimeIntervals						UP	
31731.3232	0.03920000000289292	RippleTimeIntervals					31731.3288		
31732.772	0.4095999999990454	UpDownStatesTimeIntervals						UP	
31734.964	0.21199999999953434	UpDownStatesTimeIntervals						UP	
31735.6824	0.24799999999959255	UpDownStatesTimeIntervals						DOWN	
31737.7072	0.10640000000057626	UpDownStatesTimeIntervals						DOWN	
31738.0696	0.3000000000029104	UpDownStatesTimeIntervals						UP	
31738.804	0.14800000000104774	UpDownStatesTimeIntervals						UP	
31740.3032	0.22479999999995925	UpDownStatesTimeIntervals						UP	
31741.4392	0.1856000000007043	UpDownStatesTimeIntervals						UP	
31743.184	0.2232000000003609	UpDownStatesTimeIntervals						UP	
31743.9688	0.1408000000010361	UpDownStatesTimeIntervals						UP	
31745.5264	0.32080000000132713	UpDownStatesTimeIntervals						UP	
31746.1504	0.11840000000302098	UpDownStatesTimeIntervals						UP	
31746.6744	0.1952000000019325	UpDownStatesTimeIntervals						UP	
31749.9872	0.15279999999984284	UpDownStatesTimeIntervals						UP	
31750.904	0.13440000000264263	UpDownStatesTimeIntervals						DOWN	
31751.2064	0.0319999999992433	RippleTimeIntervals					31751.2112		
31751.4032	0.16799999999784632	UpDownStatesTimeIntervals						UP	
31751.916	0.2143999999971129	UpDownStatesTimeIntervals						UP	
31752.2456	0.22880000000077416	UpDownStatesTimeIntervals						DOWN	
31753.7736	0.1368000000002212	UpDownStatesTimeIntervals						UP	
31755.0144	0.41119999999864376	UpDownStatesTimeIntervals						UP	
31759.9528	0.13839999999981956	UpDownStatesTimeIntervals						UP	
31760.7056	0.227999999999156	UpDownStatesTimeIntervals						DOWN	
31761.5448	0.19280000000071595	UpDownStatesTimeIntervals						UP	
31764.1232	0.06079999999928987	UpDownStatesTimeIntervals						UP	
31764.6032	0.1415999999990163	UpDownStatesTimeIntervals						UP	
31767.1392	0.1279999999969732	UpDownStatesTimeIntervals						UP	
31767.6408	0.118399999999383	UpDownStatesTimeIntervals						UP	
31768.5696	0.12880000000222935	UpDownStatesTimeIntervals						UP	
31769.1728	0.10080000000016298	UpDownStatesTimeIntervals						UP	
31769.692	0.18800000000192085	UpDownStatesTimeIntervals						UP	
31770.2536	0.11999999999898137	UpDownStatesTimeIntervals						UP	
31770.7712	0.15999999999985448	UpDownStatesTimeIntervals						UP	
31771.744	0.1632000000026892	UpDownStatesTimeIntervals						UP	
31772.256	0.25759999999718275	UpDownStatesTimeIntervals						UP	
31772.66	0.11200000000098953	UpDownStatesTimeIntervals						DOWN	
31772.772	0.31520000000091386	UpDownStatesTimeIntervals						UP	
31774.2024	0.13840000000345754	UpDownStatesTimeIntervals						UP	
31776.6352	0.3047999999980675	UpDownStatesTimeIntervals						UP	
31777.892	0.1543999999994412	UpDownStatesTimeIntervals						UP	
31778.3952	0.19759999999951106	UpDownStatesTimeIntervals						DOWN	
31779.2264	0.22959999999875436	UpDownStatesTimeIntervals						UP	
31780.288	0.1415999999990163	UpDownStatesTimeIntervals						DOWN	
31780.6384	0.13920000000143773	UpDownStatesTimeIntervals						UP	
31781.5504	0.20639999999912106	UpDownStatesTimeIntervals						DOWN	
31784.1152	0.23760000000038417	UpDownStatesTimeIntervals						UP	
31787.444	0.04160000000047148	UpDownStatesTimeIntervals						DOWN	
31787.5856	0.2712000000028638	UpDownStatesTimeIntervals						UP	
31788.6576	0.25680000000284053	UpDownStatesTimeIntervals						UP	
31789.1056	0.1592000000018743	UpDownStatesTimeIntervals						UP	
31790.9616	0.16719999999986612	UpDownStatesTimeIntervals						UP	
31796.104	0.16560000000026776	UpDownStatesTimeIntervals						UP	
31797.508	0.2551999999996042	UpDownStatesTimeIntervals						UP	
31797.8336	0.04079999999885331	UpDownStatesTimeIntervals						DOWN	
31798.4176	0.3127999999996973	UpDownStatesTimeIntervals						DOWN	
31799.0824	0.272000000000844	UpDownStatesTimeIntervals						UP	
31801.764	0.2776000000012573	UpDownStatesTimeIntervals						UP	
31808.0192	0.05680000000211294	RippleTimeIntervals					31808.0288		
31809.6216	0.17360000000189757	UpDownStatesTimeIntervals						UP	
31809.956	0.390400000000227	UpDownStatesTimeIntervals						DOWN	
31810.3464	0.13119999999980791	UpDownStatesTimeIntervals						UP	
31810.3984	0.05520000000251457	RippleTimeIntervals					31810.4048		
31811.016	0.1815999999998894	UpDownStatesTimeIntervals						UP	
31811.5488	0.12800000000061118	UpDownStatesTimeIntervals						UP	
31812.1528	0.14240000000063446	UpDownStatesTimeIntervals						UP	
31812.2104	0.05679999999847496	RippleTimeIntervals					31812.2264		
31813.4176	0.12960000000020955	UpDownStatesTimeIntervals						UP	
31813.868	0.22880000000077416	UpDownStatesTimeIntervals						UP	
31814.2256	0.7551999999996042	UpDownStatesTimeIntervals						DOWN	
31814.9808	0.2095999999983178	UpDownStatesTimeIntervals						UP	
31816.544	0.20639999999912106	UpDownStatesTimeIntervals						UP	
31817.0032	0.04080000000249129	RippleTimeIntervals					31817.0088		
31817.1904	0.15760000000227592	UpDownStatesTimeIntervals						DOWN	
31817.348	0.05519999999887659	UpDownStatesTimeIntervals						UP	
31817.7624	0.15999999999985448	UpDownStatesTimeIntervals						UP	
31819.2312	0.22800000000279397	UpDownStatesTimeIntervals						UP	
31823.5128	0.13119999999980791	UpDownStatesTimeIntervals						UP	
31823.7992	0.03919999999925494	UpDownStatesTimeIntervals						DOWN	
31827.644	0.1584000000002561	UpDownStatesTimeIntervals						UP	
31827.9456	0.06400000000212458	UpDownStatesTimeIntervals						DOWN	
31832.4904	0.17120000000068103	UpDownStatesTimeIntervals						UP	
