onset	duration	nwb_table	epoch_name	behavioral_paradigm	environment	manipulation	peak_time	peak_normed_power	state	label
0.0	930.7519666666667	epochs	fCamk1_200904_083943	BaselinePre	Home cage	None				
1.0	346.0	SleepStates								WAKEstate
8.656	0.04560000000000031	RippleTimeIntervals					8.6904	0.8277161429658862		
37.784800000000004	0.04639999999999844	RippleTimeIntervals					37.821600000000004	0.49364300612967815		
37.903200000000005	0.03519999999999612	RippleTimeIntervals					37.9296	0.8353173256228379		
65.5464	0.036000000000001364	RippleTimeIntervals					65.568	1.4992684435433188		
67.908	0.05200000000000671	RippleTimeIntervals					67.9456	2.225854460721379		
68.4376	0.024799999999999045	RippleTimeIntervals					68.4488	1.2067637483759597		
75.74560000000001	0.020799999999994156	RippleTimeIntervals					75.75280000000001	0.6568504865833658		
80.8056	0.05360000000000298	RippleTimeIntervals					80.8544	0.4221591156387659		
83.2232	0.03279999999999461	RippleTimeIntervals					83.22800000000001	0.4598591727350968		
96.22	0.0496000000000123	RippleTimeIntervals					96.2616	0.596686016596588		
104.3632	0.021599999999992292	RippleTimeIntervals					104.36880000000001	0.7122046175863863		
107.5104	0.055999999999997385	RippleTimeIntervals					107.5248	2.1175317805113574		
107.68560000000001	0.03839999999999577	RippleTimeIntervals					107.70320000000001	1.352871926470139		
109.33040000000001	0.02719999999999345	RippleTimeIntervals					109.34960000000001	1.248685041618792		
112.1448	0.021600000000006503	RippleTimeIntervals					112.1496	0.6748755188061726		
117.7536	0.05679999999999552	RippleTimeIntervals					117.77600000000001	2.598875201547022		
119.36720000000001	0.02559999999999718	RippleTimeIntervals					119.38080000000001	1.3213085678986922		
120.64160000000001	0.031999999999996476	RippleTimeIntervals					120.6576	4.216824079186793		
120.8096	0.026400000000009527	RippleTimeIntervals					120.828	1.2510745526472973		
121.1984	0.04000000000000625	RippleTimeIntervals					121.21600000000001	4.915848612569948		
121.65360000000001	0.02400000000000091	RippleTimeIntervals					121.6704	0.6796258277307431		
122.64240000000001	0.04240000000000066	RippleTimeIntervals					122.66640000000001	5.687879930200241		
123.0736	0.054400000000001114	RippleTimeIntervals					123.1144	1.7468961501991016		
123.4928	0.04560000000000741	RippleTimeIntervals					123.50160000000001	2.081312773506583		
123.584	0.023200000000002774	RippleTimeIntervals					123.59200000000001	1.378082544576528		
126.5592	0.03440000000000509	RippleTimeIntervals					126.5856	1.3125071479280976		
126.7056	0.05519999999999925	RippleTimeIntervals					126.71600000000001	2.470228401063721		
127.73360000000001	0.03359999999999275	RippleTimeIntervals					127.7592	3.126303748885654		
128.7464	0.027200000000021873	RippleTimeIntervals					128.7584	3.8272292858535617		
131.39520000000002	0.02559999999999718	RippleTimeIntervals					131.4136	1.0561590508577077		
131.7344	0.03200000000001069	RippleTimeIntervals					131.7568	1.310050445137793		
133.4336	0.043199999999984584	RippleTimeIntervals					133.4664	1.2122325668515734		
133.7512	0.04399999999998272	RippleTimeIntervals					133.788	4.106891075454163		
134.6776	0.073599999999999	RippleTimeIntervals					134.7216	3.716589107655675		
135.0464	0.02400000000000091	RippleTimeIntervals					135.05360000000002	3.8955804818296444		
139.4864	0.08799999999999386	RippleTimeIntervals					139.5576	2.3083789280197062		
142.62640000000002	0.031999999999982265	RippleTimeIntervals					142.6472	2.9632249137130415		
143.26080000000002	0.02400000000000091	RippleTimeIntervals					143.27280000000002	1.0714489323385392		
144.55360000000002	0.026399999999995316	RippleTimeIntervals					144.5688	0.884966905510152		
147.95520000000002	0.046399999999977126	RippleTimeIntervals					147.96	0.47681440343447273		
148.1304	0.06399999999999295	RippleTimeIntervals					148.17520000000002	1.199847169649321		
150.6816	0.030400000000014415	RippleTimeIntervals					150.70080000000002	2.867483645812355		
180.28480000000002	0.04239999999998645	RippleTimeIntervals					180.29840000000002	3.5894704108882505		
180.8672	0.03120000000001255	RippleTimeIntervals					180.88400000000001	3.551898943781583		
181.592	0.05279999999999063	RippleTimeIntervals					181.62560000000002	1.0871508819610651		
182.9944	0.026399999999995316	RippleTimeIntervals					183.01680000000002	0.45348965231384947		
183.6096	0.050399999999996226	RippleTimeIntervals					183.6304	1.5341841084219634		
185.62560000000002	0.023200000000002774	RippleTimeIntervals					185.64000000000001	1.6261387902145856		
224.79440000000002	0.020799999999979946	RippleTimeIntervals					224.81040000000002	0.5223575443696077		
231.62560000000002	0.023200000000002774	RippleTimeIntervals					231.63600000000002	1.1477322405285781		
232.2504	0.0367999999999995	RippleTimeIntervals					232.27280000000002	0.8388544302188616		
234.4024	0.05680000000000973	RippleTimeIntervals					234.4376	0.9159193487555085		
234.48960000000002	0.03439999999997667	RippleTimeIntervals					234.51360000000003	3.180142593904832		
234.9456	0.020000000000010232	RippleTimeIntervals					234.9504	0.8649790644384153		
235.4456	0.03520000000000323	RippleTimeIntervals					235.4728	0.7021258668619883		
236.99120000000002	0.0759999999999934	RippleTimeIntervals					237.0336	3.0501339328904353		
240.6296	0.05359999999998877	RippleTimeIntervals					240.68	0.4060469378283462		
276.48720000000003	0.04879999999997153	RippleTimeIntervals					276.5328	0.4210634769927285		
284.0688	0.02559999999999718	RippleTimeIntervals					284.0872	0.8947441285189963		
285.9048	0.05680000000000973	RippleTimeIntervals					285.9328	1.8593832739641558		
297.9048	0.04079999999999018	RippleTimeIntervals					297.9312	2.4732198847560127		
298.0912	0.03519999999997481	RippleTimeIntervals					298.10880000000003	3.8750189188017203		
304.5824	0.03440000000000509	RippleTimeIntervals					304.59680000000003	1.4727461863921212		
305.38800000000003	0.023199999999974352	RippleTimeIntervals					305.3992	0.9746317297599406		
307.07120000000003	0.024799999999970623	RippleTimeIntervals					307.084	1.706547160912203		
312.12	0.045600000000035834	RippleTimeIntervals					312.1424	5.211461136357525		
317.82480000000004	0.028799999999989723	RippleTimeIntervals					317.8296	0.5309443082218122		
318.1336	0.02400000000000091	RippleTimeIntervals					318.1504	1.9446476520491196		
329.6624	0.03680000000002792	RippleTimeIntervals					329.6872	4.320357827295171		
330.3928	0.036000000000001364	RippleTimeIntervals					330.4216	2.0509730011010983		
333.9384	0.023200000000031196	RippleTimeIntervals					333.94960000000003	2.0086677808482936		
334.1008	0.03200000000003911	RippleTimeIntervals					334.1064	1.173845840809514		
335.2864	0.09039999999998827	RippleTimeIntervals					335.3136	3.618283188833581		
335.4952	0.03840000000002419	RippleTimeIntervals					335.52320000000003	3.5591925633752974		
335.8616	0.02960000000001628	RippleTimeIntervals					335.87440000000004	4.295898246854272		
338.4536	0.026400000000023738	RippleTimeIntervals					338.4656	1.3281900791389587		
340.2608	0.040000000000020464	RippleTimeIntervals					340.2712	1.9424128911083682		
347.5584	0.0543999999999869	RippleTimeIntervals					347.6048	3.1538385939073486		
348.0	26.0	SleepStates								NREMstate
348.1936	0.07679999999999154	RippleTimeIntervals					348.2224	7.147955580435322		
349.3824	0.04719999999997526	RippleTimeIntervals					349.4112	4.6215665133119135		
349.7824	0.020800000000008367	RippleTimeIntervals					349.78720000000004	0.5788726455361701		
351.584	0.09200000000004138	RippleTimeIntervals					351.6152	0.9671850442580232		
351.80400000000003	0.027999999999963165	RippleTimeIntervals					351.8152	4.193777085377451		
354.0384	0.03519999999997481	RippleTimeIntervals					354.052	0.9030384769457459		
354.492	0.02800000000002001	RippleTimeIntervals					354.512	3.896907057414332		
354.896	0.037599999999997635	RippleTimeIntervals					354.9048	3.2129117397357367		
355.228	0.02960000000001628	RippleTimeIntervals					355.24	6.322563451236811		
355.61600000000004	0.08159999999998035	RippleTimeIntervals					355.6856	4.282809063134173		
356.33680000000004	0.060000000000002274	RippleTimeIntervals					356.37280000000004	1.5906349931119976		
356.5864	0.03519999999997481	RippleTimeIntervals					356.5912	0.5330524956626943		
358.2984	0.02159999999997808	RippleTimeIntervals					358.3064	1.2513882577367568		
359.5992	0.03440000000000509	RippleTimeIntervals					359.62080000000003	2.0991798519161597		
359.76640000000003	0.04559999999997899	RippleTimeIntervals					359.78720000000004	3.6537131111975123		
360.9232	0.09840000000002647	RippleTimeIntervals					360.968	4.109707662395325		
370.8544	0.040000000000020464	RippleTimeIntervals					370.88	6.841202177573827		
370.99920000000003	0.06319999999999482	RippleTimeIntervals					371.0224	1.9646343884600657		
371.7264	0.07600000000002183	RippleTimeIntervals					371.7656	4.189318231613445		
375.0	8.0	SleepStates								WAKEstate
376.5088	0.03120000000001255	RippleTimeIntervals					376.528	5.846682468570268		
376.58480000000003	0.031999999999982265	RippleTimeIntervals					376.6	2.3827844679715544		
376.9784	0.02800000000002001	RippleTimeIntervals					376.99600000000004	4.986148133105663		
377.9168	0.04719999999997526	RippleTimeIntervals					377.9312	2.424438919669072		
378.2104	0.040000000000020464	RippleTimeIntervals					378.24	4.754337336442532		
384.0	48.0	SleepStates								NREMstate
384.05760000000004	0.02719999999999345	RippleTimeIntervals					384.07120000000003	2.8817928222507048		
388.32160000000005	0.026399999999966894	RippleTimeIntervals					388.34000000000003	0.8483360137446714		
391.1784	0.03360000000003538	RippleTimeIntervals					391.1952	4.124992270226675		
392.2096	0.04079999999999018	RippleTimeIntervals					392.23760000000004	5.4378598424038		
393.3904	0.0816000000000372	RippleTimeIntervals					393.4424	2.4240545773558684		
396.20640000000003	0.04079999999999018	RippleTimeIntervals					396.2344	1.248310194504331		
402.708	0.02400000000000091	RippleTimeIntervals					402.7208	0.9601216594606277		
402.96880000000004	0.04559999999997899	RippleTimeIntervals					403.0016	5.306504405959927		
403.1128	0.036000000000001364	RippleTimeIntervals					403.12640000000005	0.7418680660193424		
403.25440000000003	0.057599999999979445	RippleTimeIntervals					403.30080000000004	0.6525791609391755		
403.96880000000004	0.04399999999998272	RippleTimeIntervals					404.0	0.8136177657728472		
404.12080000000003	0.030399999999985994	RippleTimeIntervals					404.1352	10.713560755544982		
404.41360000000003	0.051999999999964075	RippleTimeIntervals					404.43760000000003	1.1870455597239		
404.6848	0.03360000000003538	RippleTimeIntervals					404.6936	4.754722300322923		
411.3136	0.05520000000001346	RippleTimeIntervals					411.3256	8.401743726164696		
411.5056	0.057599999999979445	RippleTimeIntervals					411.5176	3.046174098278221		
416.0992	0.04959999999999809	RippleTimeIntervals					416.1248	6.986253953670255		
417.464	0.08880000000004884	RippleTimeIntervals					417.4816	2.967466785780215		
417.64480000000003	0.04159999999995989	RippleTimeIntervals					417.65040000000005	0.8163303335680666		
421.20320000000004	0.028799999999989723	RippleTimeIntervals					421.2128	1.5888170947542017		
425.05760000000004	0.055999999999983174	RippleTimeIntervals					425.0928	3.6438808292172795		
425.564	0.04879999999997153	RippleTimeIntervals					425.6048	0.5301497634770564		
426.608	0.05119999999999436	RippleTimeIntervals					426.63120000000004	5.104338407436887		
426.8736	0.047200000000032105	RippleTimeIntervals					426.884	1.6458769105969369		
428.3664	0.04080000000004702	RippleTimeIntervals					428.38320000000004	2.5118914783902433		
428.976	0.04959999999999809	RippleTimeIntervals					428.9952	3.201591915404511		
429.88800000000003	0.03280000000000882	RippleTimeIntervals					429.89840000000004	3.1249858425596346		
430.00480000000005	0.06079999999997199	RippleTimeIntervals					430.0104	1.6501345297083727		
433.0	9.0	SleepStates								WAKEstate
441.75280000000004	0.04239999999998645	RippleTimeIntervals					441.7672	0.6678099098054072		
443.0	26.0	SleepStates								NREMstate
444.3152	0.061599999999998545	RippleTimeIntervals					444.35920000000004	3.6837513175022987		
444.54560000000004	0.06399999999996453	RippleTimeIntervals					444.5856	6.554169437274829		
450.95680000000004	0.060000000000002274	RippleTimeIntervals					450.9952	7.2140415400302444		
451.312	0.05200000000002092	RippleTimeIntervals					451.336	3.5989328767174835		
451.4384	0.047200000000032105	RippleTimeIntervals					451.47200000000004	6.100826495324446		
451.62080000000003	0.03839999999996735	RippleTimeIntervals					451.6344	2.5985619107071973		
451.8032	0.061599999999998545	RippleTimeIntervals					451.8256	3.210930128600464		
451.96320000000003	0.031999999999982265	RippleTimeIntervals					451.98	8.362182308530304		
457.6856	0.02800000000002001	RippleTimeIntervals					457.70320000000004	4.547768260599271		
458.5792	0.02960000000001628	RippleTimeIntervals					458.6048	0.6687241754468306		
458.6544	0.12479999999999336	RippleTimeIntervals					458.75440000000003	3.9271613928208837		
462.43440000000004	0.03839999999996735	RippleTimeIntervals					462.4456	1.03837879016419		
463.4272	0.05520000000001346	RippleTimeIntervals					463.46160000000003	5.506478368952348		
463.6592	0.04400000000003956	RippleTimeIntervals					463.6784	1.7608362153165227		
464.56640000000004	0.04640000000000555	RippleTimeIntervals					464.5976	6.531762662171985		
464.6936	0.03280000000000882	RippleTimeIntervals					464.71360000000004	4.537567919423875		
464.9832	0.02240000000000464	RippleTimeIntervals					464.9968	1.1357283037657095		
465.4272	0.073599999999999	RippleTimeIntervals					465.46320000000003	5.642457143597		
465.91040000000004	0.026399999999966894	RippleTimeIntervals					465.92960000000005	2.76270861228654		
466.97920000000005	0.03679999999997108	RippleTimeIntervals					466.99280000000005	1.1255433051040384		
467.148	0.043200000000013006	RippleTimeIntervals					467.17600000000004	2.3334365103305457		
467.45520000000005	0.0543999999999869	RippleTimeIntervals					467.4768	1.1667285513299996		
468.0912	0.03840000000002419	RippleTimeIntervals					468.108	0.5149108740859488		
468.58320000000003	0.030399999999985994	RippleTimeIntervals					468.6016	4.727605028014826		
468.65680000000003	0.09039999999998827	RippleTimeIntervals					468.6904	3.270885132919986		
470.0	25.0	SleepStates								WAKEstate
471.1408	0.030399999999985994	RippleTimeIntervals					471.15680000000003	2.9287815620833264		
492.12640000000005	0.03279999999995198	RippleTimeIntervals					492.14880000000005	1.7561612987791457		
493.892	0.06720000000001392	RippleTimeIntervals					493.9304	2.375059749271263		
496.0	15.0	SleepStates								NREMstate
497.4904	0.02159999999997808	RippleTimeIntervals					497.49600000000004	1.6034303378313604		
497.61280000000005	0.020799999999951524	RippleTimeIntervals					497.6256	0.8894449431288792		
497.9504	0.06080000000002883	RippleTimeIntervals					497.9864	8.509833620234549		
499.39680000000004	0.036000000000001364	RippleTimeIntervals					499.4144	1.1417716239659703		
499.528	0.04399999999998272	RippleTimeIntervals					499.548	2.238408744790304		
502.28880000000004	0.03440000000000509	RippleTimeIntervals					502.29760000000005	1.45758417596103		
502.36960000000005	0.059199999999975716	RippleTimeIntervals					502.3888	2.6549992311251107		
502.71040000000005	0.03439999999994825	RippleTimeIntervals					502.72720000000004	5.262651882037347		
502.8584	0.03840000000002419	RippleTimeIntervals					502.86960000000005	4.511793617559406		
503.5856	0.03680000000002792	RippleTimeIntervals					503.6136	2.709110035263305		
506.47360000000003	0.036000000000001364	RippleTimeIntervals					506.49280000000005	0.5720983892187071		
506.5776	0.0624000000000251	RippleTimeIntervals					506.6168	7.399013476039219		
506.944	0.02559999999999718	RippleTimeIntervals					506.9624	1.282435102925408		
507.16560000000004	0.02240000000000464	RippleTimeIntervals					507.1768	4.442455520848832		
507.50800000000004	0.028799999999989723	RippleTimeIntervals					507.5224	2.278192747550837		
507.72	0.04559999999997899	RippleTimeIntervals					507.7432	6.698708662785863		
509.87600000000003	0.059199999999975716	RippleTimeIntervals					509.916	2.7460574848247146		
510.8872	0.05119999999999436	RippleTimeIntervals					510.9184	5.076977710946127		
512.0	9.0	SleepStates								WAKEstate
513.6712	0.02640000000008058	RippleTimeIntervals					513.6792	1.1041410002062324		
515.5432000000001	0.033599999999978536	RippleTimeIntervals					515.5688	0.6572441661175968		
517.4744000000001	0.05919999999991887	RippleTimeIntervals					517.5112	4.906840866803055		
519.5848	0.036800000000084765	RippleTimeIntervals					519.6024	4.608886225104781		
519.7816	0.03520000000003165	RippleTimeIntervals					519.796	2.9308798420721676		
520.8096	0.07119999999997617	RippleTimeIntervals					520.8616000000001	2.8218261643962617		
520.996	0.03520000000003165	RippleTimeIntervals					521.0096	0.5538624754960665		
522.0	45.0	SleepStates								NREMstate
523.9504000000001	0.05599999999992633	RippleTimeIntervals					523.9632	1.8178093893659617		
524.4528	0.05600000000004002	RippleTimeIntervals					524.4632	1.4602631607276806		
524.7224	0.05200000000002092	RippleTimeIntervals					524.7288	1.1750272665132095		
526.2664	0.03520000000003165	RippleTimeIntervals					526.2896000000001	4.156554549337739		
527.5144	0.04240000000004329	RippleTimeIntervals					527.5328000000001	2.0565231873786947		
527.9464	0.03200000000003911	RippleTimeIntervals					527.9576000000001	3.213602673886265		
528.0672000000001	0.04159999999990305	RippleTimeIntervals					528.0792	4.596579516400909		
528.2552000000001	0.04559999999992215	RippleTimeIntervals					528.28	4.982983043317433		
528.3720000000001	0.04159999999990305	RippleTimeIntervals					528.4024000000001	5.88954029371338		
528.5184	0.04399999999998272	RippleTimeIntervals					528.552	5.201094954664072		
528.688	0.03200000000003911	RippleTimeIntervals					528.7104	4.79272795520649		
529.3736	0.04480000000000928	RippleTimeIntervals					529.3912	0.8907959879781558		
533.2368	0.030399999999985994	RippleTimeIntervals					533.2416000000001	0.46160494459524		
533.476	0.04399999999998272	RippleTimeIntervals					533.4848000000001	2.0218369098036466		
534.7256	0.03120000000001255	RippleTimeIntervals					534.7464	0.9060397239365835		
536.3296	0.024800000000027467	RippleTimeIntervals					536.34	1.324278005854034		
536.5648	0.04079999999999018	RippleTimeIntervals					536.5808000000001	2.18837397782672		
537.9952000000001	0.06559999999990396	RippleTimeIntervals					538.0224000000001	1.0257873938254385		
544.2104	0.023199999999974352	RippleTimeIntervals					544.2208	1.508739841526854		
555.1832	0.050399999999967804	RippleTimeIntervals					555.2104	4.831383653389783		
555.6792	0.041600000000016735	RippleTimeIntervals					555.6968	7.314278673272777		
555.8584000000001	0.03440000000000509	RippleTimeIntervals					555.8792000000001	0.8421801759248431		
556.4664	0.021600000000034925	RippleTimeIntervals					556.4776	0.5901524586709106		
557.1296	0.03840000000002419	RippleTimeIntervals					557.1432	3.416144614894684		
560.02	0.052800000000047476	RippleTimeIntervals					560.048	5.878859189385457		
560.1656	0.05920000000003256	RippleTimeIntervals					560.1952	8.62407076661416		
560.448	0.02719999999999345	RippleTimeIntervals					560.4648000000001	6.935884639901352		
560.7584	0.03199999999992542	RippleTimeIntervals					560.7832000000001	1.0550841728635965		
564.6320000000001	0.06799999999998363	RippleTimeIntervals					564.6784	2.446086430601917		
566.1984	0.056800000000066575	RippleTimeIntervals					566.2248000000001	6.039486099972946		
568.0	13.0	SleepStates								WAKEstate
571.7456000000001	0.033599999999978536	RippleTimeIntervals					571.7728000000001	0.7303832596450078		
582.0	21.0	SleepStates								NREMstate
586.2008000000001	0.027999999999906322	RippleTimeIntervals					586.2184	6.978424900518974		
588.5072	0.022400000000061482	RippleTimeIntervals					588.5176	0.8297300918771285		
588.6136	0.05600000000004002	RippleTimeIntervals					588.6304	7.441292334032506		
589.392	0.058400000000006	RippleTimeIntervals					589.4376	4.642875924278961		
589.5888	0.02800000000002001	RippleTimeIntervals					589.5968	1.3067212195089666		
589.8848	0.04399999999998272	RippleTimeIntervals					589.9208	0.8083723554895904		
590.1840000000001	0.05919999999991887	RippleTimeIntervals					590.2088	4.84356947671584		
590.376	0.03520000000003165	RippleTimeIntervals					590.3864	2.312010258104542		
590.672	0.05920000000003256	RippleTimeIntervals					590.6968	2.006228819824546		
591.8464	0.026399999999966894	RippleTimeIntervals					591.8512000000001	0.8057869872876448		
592.4624	0.03440000000000509	RippleTimeIntervals					592.4792	0.6759537312487444		
592.6616	0.05520000000001346	RippleTimeIntervals					592.6864	3.1498554597470174		
596.8576	0.07119999999997617	RippleTimeIntervals					596.9144	0.6440460250117698		
597.7328	0.06000000000005912	RippleTimeIntervals					597.7696000000001	5.874586443018743		
598.2368	0.12959999999998217	RippleTimeIntervals					598.3344000000001	5.4630752268979235		
601.2864000000001	0.02879999999993288	RippleTimeIntervals					601.3008	0.6015946618076271		
601.4456	0.02719999999999345	RippleTimeIntervals					601.4704	0.401871424139202		
602.1536	0.041600000000016735	RippleTimeIntervals					602.1776	1.8507529597177261		
602.7648	0.046399999999948704	RippleTimeIntervals					602.7864000000001	2.566554670762046		
603.08	0.03279999999995198	RippleTimeIntervals					603.0888	0.7186851657500721		
603.4592	0.04719999999997526	RippleTimeIntervals					603.4728	2.85471226370678		
604.0	7.0	SleepStates								WAKEstate
610.6416	0.026399999999966894	RippleTimeIntervals					610.6632000000001	0.48115971773455973		
610.9208	0.045600000000035834	RippleTimeIntervals					610.9504000000001	6.269876516090228		
611.0768	0.02800000000002001	RippleTimeIntervals					611.0856	2.5733839030926546		
611.2536	0.026399999999966894	RippleTimeIntervals					611.2632	2.8263865042110026		
612.0	92.0	SleepStates								NREMstate
613.3584000000001	0.08319999999991978	RippleTimeIntervals					613.4192	1.5642807259744336		
613.4920000000001	0.03279999999995198	RippleTimeIntervals					613.5104	5.301364789738288		
613.6888	0.03920000000005075	RippleTimeIntervals					613.72	2.1832457571592676		
615.1912	0.02719999999999345	RippleTimeIntervals					615.1968	4.022609076665683		
615.3392	0.057599999999979445	RippleTimeIntervals					615.3536	8.803711952716894		
616.2928	0.048800000000028376	RippleTimeIntervals					616.3144	0.47307509041915646		
616.7	0.05119999999999436	RippleTimeIntervals					616.7264	0.4418631013926546		
617.4672	0.03599999999994452	RippleTimeIntervals					617.4856	2.737483476980279		
618.3648000000001	0.06319999999993797	RippleTimeIntervals					618.4112	5.637019359156132		
618.5296000000001	0.04559999999992215	RippleTimeIntervals					618.5592	1.0031292593112648		
618.6968	0.1087999999999738	RippleTimeIntervals					618.7648	2.800819299984512		
618.8728	0.05760000000009313	RippleTimeIntervals					618.9168000000001	4.880132765200999		
619.0408	0.028800000000046566	RippleTimeIntervals					619.0552	4.591859184638166		
619.8784	0.020800000000008367	RippleTimeIntervals					619.884	1.3443023067150877		
623.1056	0.05119999999999436	RippleTimeIntervals					623.1344	0.9398485914386249		
623.2488000000001	0.04559999999992215	RippleTimeIntervals					623.2568	0.4067795702621839		
623.4672	0.033599999999978536	RippleTimeIntervals					623.4920000000001	0.7904990224644886		
624.64	0.021600000000034925	RippleTimeIntervals					624.6584	0.8708209715598508		
627.8888000000001	0.04800000000000182	RippleTimeIntervals					627.916	5.007470332915955		
641.0360000000001	0.048800000000028376	RippleTimeIntervals					641.0776000000001	1.019640219706756		
641.2872	0.025600000000054024	RippleTimeIntervals					641.308	0.8615347352121417		
642.2408	0.024800000000027467	RippleTimeIntervals					642.2456000000001	0.7801287253713473		
642.524	0.025600000000054024	RippleTimeIntervals					642.5416	0.8508844827866051		
644.1392000000001	0.025599999999940337	RippleTimeIntervals					644.1568	1.2333699434416363		
644.9856	0.049600000000054933	RippleTimeIntervals					645.0064	3.9057012079278377		
645.4104	0.020000000000095497	RippleTimeIntervals					645.4232000000001	0.5349135715702144		
645.4976	0.053599999999960346	RippleTimeIntervals					645.5432000000001	0.5748668547872529		
646.0824	0.061599999999998545	RippleTimeIntervals					646.1064	1.3060596764866947		
646.9744000000001	0.06399999999996453	RippleTimeIntervals					647.0312	0.8850223876900997		
647.484	0.03120000000001255	RippleTimeIntervals					647.4936	3.9729000479633965		
648.404	0.028800000000046566	RippleTimeIntervals					648.4096000000001	1.9637287848828133		
651.5736	0.02800000000002001	RippleTimeIntervals					651.5928	0.46619487892031763		
654.0688	0.07439999999996871	RippleTimeIntervals					654.1208	6.984509942442129		
654.2416000000001	0.04959999999994125	RippleTimeIntervals					654.2656000000001	6.799650083182207		
654.7496	0.044000000000096406	RippleTimeIntervals					654.7704	1.1194154336471538		
661.2816	0.021600000000034925	RippleTimeIntervals					661.296	0.8264361087042561		
663.2448	0.04079999999999018	RippleTimeIntervals					663.2584	2.6349006412041285		
663.7568	0.05119999999999436	RippleTimeIntervals					663.7792000000001	1.285920249218226		
664.0664	0.050399999999967804	RippleTimeIntervals					664.0856	3.0782616208897617		
665.3976	0.030399999999985994	RippleTimeIntervals					665.4216	0.4415701808225338		
667.0632	0.023199999999974352	RippleTimeIntervals					667.0752	2.845918053876277		
669.9904	0.06479999999999109	RippleTimeIntervals					670.0224000000001	7.6610748857015585		
670.9216	0.048800000000028376	RippleTimeIntervals					670.9472000000001	1.5563801995123872		
671.1984	0.037599999999997635	RippleTimeIntervals					671.2112000000001	1.0558255445284532		
681.2632	0.056800000000066575	RippleTimeIntervals					681.2896000000001	3.5556935463504185		
681.7704	0.07519999999999527	RippleTimeIntervals					681.808	3.169270930851618		
683.0784	0.05760000000009313	RippleTimeIntervals					683.1072	4.646139671203153		
687.4	0.05600000000004002	RippleTimeIntervals					687.4272000000001	4.129985785175982		
687.5752	0.04640000000006239	RippleTimeIntervals					687.6008	4.710672207662285		
688.5	0.04320000000006985	RippleTimeIntervals					688.5096	1.0646487428425015		
688.9192	0.04719999999997526	RippleTimeIntervals					688.9536	6.827102974054114		
689.0304	0.04240000000004329	RippleTimeIntervals					689.0512	9.952955359962225		
693.5360000000001	0.046399999999948704	RippleTimeIntervals					693.5552	2.1630068788690453		
693.7	0.06799999999998363	RippleTimeIntervals					693.7512	1.2129985972545503		
693.8272000000001	0.08240000000000691	RippleTimeIntervals					693.884	6.883543241045015		
694.6816	0.04000000000007731	RippleTimeIntervals					694.7016	8.798196417695085		
695.7112000000001	0.05199999999990723	RippleTimeIntervals					695.7312000000001	2.3265616642404776		
696.032	0.022399999999947795	RippleTimeIntervals					696.0368000000001	0.6098895266441007		
700.8568	0.021600000000034925	RippleTimeIntervals					700.8648000000001	0.6927386284924572		
701.624	0.03840000000002419	RippleTimeIntervals					701.648	7.025565979042881		
701.9552	0.08160000000009404	RippleTimeIntervals					701.9920000000001	3.2552420789643004		
702.62	0.02800000000002001	RippleTimeIntervals					702.6248	0.5454045544882912		
705.0	19.0	SleepStates								WAKEstate
713.6984	0.03360000000009222	RippleTimeIntervals					713.7072000000001	0.5732333739740605		
713.7528	0.052800000000047476	RippleTimeIntervals					713.7936000000001	5.111894878186611		
716.5168	0.03600000000005821	RippleTimeIntervals					716.5304	2.9260865871126063		
716.8456	0.04000000000007731	RippleTimeIntervals					716.8664	8.512417773115581		
717.6800000000001	0.04559999999992215	RippleTimeIntervals					717.7104	7.931800392400218		
718.4144	0.06560000000001764	RippleTimeIntervals					718.464	3.9326218359926552		
725.0	170.0	SleepStates								NREMstate
726.2368	0.03600000000005821	RippleTimeIntervals					726.2448	2.721408752162709		
729.0448	0.0664000000000442	RippleTimeIntervals					729.0856	5.431525961479784		
729.8168000000001	0.04319999999995616	RippleTimeIntervals					729.8288	3.0259828127896533		
731.3704	0.023199999999974352	RippleTimeIntervals					731.3856000000001	2.3662218569778823		
731.6656	0.06479999999999109	RippleTimeIntervals					731.6904000000001	2.4035203286147437		
735.2096	0.045600000000035834	RippleTimeIntervals					735.2152	0.5948240453871663		
736.2696000000001	0.02719999999999345	RippleTimeIntervals					736.2744	0.42192181878158846		
736.4376000000001	0.04719999999997526	RippleTimeIntervals					736.4544000000001	4.257570168709528		
736.5184	0.03520000000003165	RippleTimeIntervals					736.5272	4.991204403825474		
736.9776	0.02800000000002001	RippleTimeIntervals					736.9944	5.656825474698667		
737.7248000000001	0.04319999999995616	RippleTimeIntervals					737.7464	1.0471453301371012		
739.404	0.032800000000065666	RippleTimeIntervals					739.4240000000001	0.7363173482310151		
742.8296	0.04240000000004329	RippleTimeIntervals					742.8384000000001	2.2548954759199136		
742.9192	0.0928000000000111	RippleTimeIntervals					742.996	5.620958137035329		
743.5104	0.11120000000005348	RippleTimeIntervals					743.5992	5.4779453674995136		
743.6912	0.052800000000047476	RippleTimeIntervals					743.7136	7.316296999187931		
745.0904	0.04480000000000928	RippleTimeIntervals					745.1088000000001	8.980346070822351		
745.676	0.03279999999995198	RippleTimeIntervals					745.6928	2.760381563965689		
746.6528000000001	0.02400000000000091	RippleTimeIntervals					746.668	1.539715960267816		
748.8144000000001	0.06479999999999109	RippleTimeIntervals					748.868	0.7107827417880246		
748.9072	0.09840000000008331	RippleTimeIntervals					748.9608000000001	0.6151848861882618		
749.5112	0.05520000000001346	RippleTimeIntervals					749.5384	8.784793324431439		
749.7152	0.04320000000006985	RippleTimeIntervals					749.748	0.831663458335923		
749.8424	0.0968000000000302	RippleTimeIntervals					749.9272000000001	0.8498654418403064		
751.08	0.03679999999997108	RippleTimeIntervals					751.1032	0.7423349815165701		
751.34	0.026399999999966894	RippleTimeIntervals					751.3544	0.7539962126970422		
752.1792	0.03999999999996362	RippleTimeIntervals					752.2016	2.356141926654254		
753.3824000000001	0.03199999999992542	RippleTimeIntervals					753.4064000000001	0.6329915472551436		
754.12	0.04000000000007731	RippleTimeIntervals					754.1336	2.3499456749341587		
754.7552000000001	0.029599999999959437	RippleTimeIntervals					754.7776	1.3088917792686463		
754.8712	0.02719999999999345	RippleTimeIntervals					754.8784	1.5892650912840287		
755.8936	0.036800000000084765	RippleTimeIntervals					755.9144	1.4198638611849146		
757.0832	0.03679999999997108	RippleTimeIntervals					757.1	4.127706347102698		
757.3480000000001	0.04800000000000182	RippleTimeIntervals					757.356	7.836172635753698		
760.9000000000001	0.050399999999967804	RippleTimeIntervals					760.9312	3.1424037350703613		
761.0944000000001	0.042399999999929605	RippleTimeIntervals					761.1288000000001	1.6175015177229457		
762.568	0.03840000000002419	RippleTimeIntervals					762.5912000000001	3.798420782676468		
762.6672	0.05600000000004002	RippleTimeIntervals					762.6976000000001	0.895336327130552		
762.7632	0.052800000000047476	RippleTimeIntervals					762.7800000000001	2.152252751131794		
762.8888000000001	0.03599999999994452	RippleTimeIntervals					762.9072	1.8466565422315693		
764.6936000000001	0.053599999999960346	RippleTimeIntervals					764.7344	5.8372809213858226		
764.8104000000001	0.04559999999992215	RippleTimeIntervals					764.836	2.026218617536345		
764.972	0.04320000000006985	RippleTimeIntervals					764.9904	1.4947390118785402		
765.7112000000001	0.035199999999917964	RippleTimeIntervals					765.7384000000001	1.8425300443625812		
766.2024	0.04640000000006239	RippleTimeIntervals					766.2216000000001	0.9553739394687946		
769.4112	0.03120000000001255	RippleTimeIntervals					769.4264000000001	3.5342744774991783		
770.3616000000001	0.03440000000000509	RippleTimeIntervals					770.3912	0.6910700543662137		
772.1328000000001	0.03440000000000509	RippleTimeIntervals					772.1584	2.285582120403615		
772.4664	0.04079999999999018	RippleTimeIntervals					772.4904	1.5015351729555944		
772.6080000000001	0.03840000000002419	RippleTimeIntervals					772.6392000000001	0.7348297111641015		
772.7264	0.030399999999985994	RippleTimeIntervals					772.7344	0.8889413521071308		
779.0	0.11200000000008004	RippleTimeIntervals					779.0152	3.503323815999477		
779.1408	0.03920000000005075	RippleTimeIntervals					779.1568000000001	4.069725256954908		
779.4696	0.04079999999999018	RippleTimeIntervals					779.4904	4.814978681389492		
784.3392	0.04800000000000182	RippleTimeIntervals					784.356	8.427551864861277		
784.4936	0.04000000000007731	RippleTimeIntervals					784.5136	3.696537353670344		
785.9432	0.04319999999995616	RippleTimeIntervals					785.9648000000001	2.4700865147411433		
798.5264000000001	0.02879999999993288	RippleTimeIntervals					798.548	1.5031538789038956		
803.9952000000001	0.053599999999960346	RippleTimeIntervals					804.0208	4.9887975191871465		
804.0984000000001	0.08799999999996544	RippleTimeIntervals					804.1616	6.502053478687064		
805.7248000000001	0.03679999999997108	RippleTimeIntervals					805.7496	5.056719774188778		
805.8672	0.0543999999999869	RippleTimeIntervals					805.8904	4.744621297845321		
806.0552	0.0928000000000111	RippleTimeIntervals					806.0848000000001	3.5289833983047503		
806.9224	0.020800000000008367	RippleTimeIntervals					806.9312	2.242887108995993		
807.1232	0.07760000000007494	RippleTimeIntervals					807.1784	3.0745829618273097		
807.2888	0.06719999999995707	RippleTimeIntervals					807.3384000000001	3.1687071934493773		
807.4016	0.06320000000005166	RippleTimeIntervals					807.4456	3.8468835659040814		
807.9952000000001	0.024800000000027467	RippleTimeIntervals					808.0032	1.8719355936344944		
810.9928	0.06320000000005166	RippleTimeIntervals					811.0272	0.5947486261173978		
811.316	0.03440000000000509	RippleTimeIntervals					811.3368	0.7105580401050506		
812.1136	0.03600000000005821	RippleTimeIntervals					812.1288000000001	7.183281010948075		
814.0096000000001	0.04879999999991469	RippleTimeIntervals					814.0336000000001	2.8391362643157203		
818.8688000000001	0.05279999999993379	RippleTimeIntervals					818.8848	4.350097829713826		
819.716	0.05360000000007403	RippleTimeIntervals					819.7344	8.478753618092414		
820.3736	0.04320000000006985	RippleTimeIntervals					820.3824000000001	0.889685715737816		
823.5816000000001	0.027999999999906322	RippleTimeIntervals					823.5976	1.7125637588419609		
823.8728	0.022400000000061482	RippleTimeIntervals					823.8816	3.416367810514859		
824.1128	0.02320000000008804	RippleTimeIntervals					824.1320000000001	0.4312029316040571		
824.2080000000001	0.08399999999994634	RippleTimeIntervals					824.2416000000001	4.5652431458935165		
824.4200000000001	0.04399999999998272	RippleTimeIntervals					824.4392	3.2853763666593716		
829.3664	0.04079999999999018	RippleTimeIntervals					829.3944	1.3233456206763403		
831.4216	0.04800000000000182	RippleTimeIntervals					831.4448	3.7114329313829306		
831.5768	0.03919999999993706	RippleTimeIntervals					831.5968	2.974990867698087		
832.3328	0.03679999999997108	RippleTimeIntervals					832.3392	0.9774530642685042		
832.4512000000001	0.08319999999991978	RippleTimeIntervals					832.5088000000001	1.9972072224793989		
832.6024	0.020800000000008367	RippleTimeIntervals					832.6080000000001	0.41955662747932815		
832.7136	0.033599999999978536	RippleTimeIntervals					832.7216000000001	1.204207604943609		
834.5840000000001	0.03840000000002419	RippleTimeIntervals					834.6056000000001	2.554352459395131		
835.5096000000001	0.02879999999993288	RippleTimeIntervals					835.5208	1.0093369130308307		
835.6136	0.03520000000003165	RippleTimeIntervals					835.64	2.954787672868362		
835.8048	0.041600000000016735	RippleTimeIntervals					835.8104000000001	1.1783235038599738		
835.9536	0.03120000000001255	RippleTimeIntervals					835.9712000000001	1.909805639946257		
837.9136000000001	0.026399999999966894	RippleTimeIntervals					837.932	1.6021905410812334		
838.0184	0.04480000000000928	RippleTimeIntervals					838.0368000000001	0.7229688113692152		
838.8632	0.061599999999998545	RippleTimeIntervals					838.8672	0.5504491571686158		
839.6080000000001	0.02719999999999345	RippleTimeIntervals					839.6304	0.7818752571419106		
840.504	0.03679999999997108	RippleTimeIntervals					840.5104	0.9553169370505192		
841.7080000000001	0.026399999999966894	RippleTimeIntervals					841.72	2.0173573736730805		
845.3536	0.04640000000006239	RippleTimeIntervals					845.3712	4.828984603745721		
846.7168	0.04319999999995616	RippleTimeIntervals					846.7392000000001	5.506366803869393		
846.9200000000001	0.11519999999995889	RippleTimeIntervals					847.0024000000001	2.5479706783969864		
847.7416000000001	0.03599999999994452	RippleTimeIntervals					847.7496	0.6270519774112803		
847.8008000000001	0.057599999999979445	RippleTimeIntervals					847.8312000000001	0.7093584722399316		
848.2848	0.04719999999997526	RippleTimeIntervals					848.3024	5.6593222762804585		
848.4704	0.03279999999995198	RippleTimeIntervals					848.4872	9.517753463219618		
848.6624	0.05520000000001346	RippleTimeIntervals					848.7024	3.071049488938518		
852.9272000000001	0.05599999999992633	RippleTimeIntervals					852.976	0.5955188377746973		
854.456	0.10960000000000036	RippleTimeIntervals					854.5064	3.4767094901851068		
855.9752000000001	0.06319999999993797	RippleTimeIntervals					856.008	4.067854250726689		
860.7352000000001	0.021599999999921238	RippleTimeIntervals					860.7408	1.5960096779902657		
860.9608000000001	0.04480000000000928	RippleTimeIntervals					860.9664	1.419446848886919		
861.3216	0.020800000000008367	RippleTimeIntervals					861.3264	0.9115066881692436		
861.4872	0.05600000000004002	RippleTimeIntervals					861.5216	1.139813636225592		
862.6624	0.03440000000000509	RippleTimeIntervals					862.6792	2.3988840224516057		
862.9544000000001	0.022399999999947795	RippleTimeIntervals					862.964	0.9534354538790167		
863.436	0.03840000000002419	RippleTimeIntervals					863.46	6.513115675381936		
863.5536000000001	0.03679999999997108	RippleTimeIntervals					863.5712000000001	9.181258004562286		
866.524	0.03200000000003911	RippleTimeIntervals					866.548	0.9840496220375572		
866.8272000000001	0.023199999999974352	RippleTimeIntervals					866.8424	0.6638091184169874		
868.2168	0.0664000000000442	RippleTimeIntervals					868.2424000000001	4.644831018068461		
868.9712000000001	0.061599999999998545	RippleTimeIntervals					869.0032	5.72998325519118		
869.4128000000001	0.02800000000002001	RippleTimeIntervals					869.4240000000001	1.7279532822569754		
869.5840000000001	0.030399999999985994	RippleTimeIntervals					869.604	0.5210092167056296		
870.1592	0.050399999999967804	RippleTimeIntervals					870.1824	5.12013568787368		
870.2928	0.10079999999993561	RippleTimeIntervals					870.3008000000001	2.4245115856692507		
871.6688	0.02719999999999345	RippleTimeIntervals					871.676	2.348716487179944		
874.7496	0.061599999999998545	RippleTimeIntervals					874.7816	1.462580289038825		
875.8280000000001	0.08240000000000691	RippleTimeIntervals					875.8384000000001	6.599850649777512		
877.0528	0.04240000000004329	RippleTimeIntervals					877.0680000000001	0.8488603037547694		
879.26	0.04640000000006239	RippleTimeIntervals					879.2776	0.8726355802457715		
879.724	0.03440000000000509	RippleTimeIntervals					879.7368	4.8879094311382465		
882.7024	0.037599999999997635	RippleTimeIntervals					882.7224	1.1045774431797681		
885.6304	0.04320000000006985	RippleTimeIntervals					885.64	7.78968358805062		
885.772	0.052800000000047476	RippleTimeIntervals					885.8056	6.567398316337281		
886.1648	0.02800000000002001	RippleTimeIntervals					886.1736000000001	0.5117387389173655		
886.8592	0.024800000000027467	RippleTimeIntervals					886.8768	1.4013943907212758		
887.0856	0.025600000000054024	RippleTimeIntervals					887.0976	1.6388661601011856		
887.1744	0.04480000000000928	RippleTimeIntervals					887.2024	3.940986176389784		
887.9680000000001	0.025599999999940337	RippleTimeIntervals					887.9728	1.216818902862145		
888.9184	0.050399999999967804	RippleTimeIntervals					888.9608000000001	2.073514751823559		
889.0272	0.06400000000007822	RippleTimeIntervals					889.0408	1.4284193051074903		
891.0192000000001	0.03120000000001255	RippleTimeIntervals					891.0392	0.7888590785405404		
893.6088000000001	0.03199999999992542	RippleTimeIntervals					893.6248	0.9059200496884784		
896.0	13.0	SleepStates								WAKEstate
910.0	18.0	SleepStates								NREMstate
915.8216	0.045600000000035834	RippleTimeIntervals					915.8488000000001	2.2122136317615784		
920.6600000000001	0.04399999999998272	RippleTimeIntervals					920.6856	5.4218741306905045		
927.1888	0.045600000000035834	RippleTimeIntervals					927.2	1.2838128505153874		
928.2696000000001	0.026399999999966894	RippleTimeIntervals					928.2792000000001	2.9338970683427417		
929.0	58.0	SleepStates								WAKEstate
930.5232000000001	0.04480000000000928	RippleTimeIntervals					930.5600000000001	0.8500645408922278		
930.752	4496.895966666667	epochs	fCamk1_200904_085837	BaselinePre	Home cage	None				
974.6296000000001	0.026399999999966894	RippleTimeIntervals					974.6408	1.7049850293764541		
974.7016000000001	0.04719999999997526	RippleTimeIntervals					974.7232	4.053258590333179		
979.6392000000001	0.05919999999991887	RippleTimeIntervals					979.6872000000001	2.3978185999021417		
986.2296	0.029600000000073123	RippleTimeIntervals					986.2448	4.079796865162169		
988.0	7.0	SleepStates								NREMstate
993.3760000000001	0.025599999999940337	RippleTimeIntervals					993.3816	0.9601285987234085		
993.436	0.021600000000034925	RippleTimeIntervals					993.4416	0.4668460846496798		
994.9256	0.03120000000001255	RippleTimeIntervals					994.9488	2.4566254840761843		
995.0352	0.050399999999967804	RippleTimeIntervals					995.052	3.0723751060449		
996.0	8.0	SleepStates								WAKEstate
996.4624	0.03360000000009222	RippleTimeIntervals					996.4888000000001	1.1231785104982657		
1003.0368000000001	0.03279999999995198	RippleTimeIntervals					1003.0536000000001	5.030329654096171		
1003.5472000000001	0.03279999999995198	RippleTimeIntervals					1003.5656	2.6750759789541587		
1005.0	9.0	SleepStates								NREMstate
1010.1824	0.0543999999999869	RippleTimeIntervals					1010.2112000000001	4.274880522251781		
1013.4480000000001	0.020800000000008367	RippleTimeIntervals					1013.456	0.9465396477645032		
1015.0	11.0	SleepStates								WAKEstate
1019.9264000000001	0.028800000000046566	RippleTimeIntervals					1019.9432	2.251864666406879		
1025.8072	0.036800000000084765	RippleTimeIntervals					1025.8352	0.971043216997537		
1027.0	10.0	SleepStates								NREMstate
1030.7912000000001	0.041600000000016735	RippleTimeIntervals					1030.8192000000001	3.1582390540190315		
1030.9288000000001	0.04399999999986903	RippleTimeIntervals					1030.9504	5.422131647601526		
1033.6576	0.05999999999994543	RippleTimeIntervals					1033.6768	3.29410648660296		
1034.6592	0.029600000000073123	RippleTimeIntervals					1034.6696	4.643923655551026		
1038.0	21.0	SleepStates								WAKEstate
1051.808	0.04240000000004329	RippleTimeIntervals					1051.828	4.298281637226553		
1052.008	0.05520000000001346	RippleTimeIntervals					1052.0304	2.960187000089485		
1056.4584	0.024800000000141154	RippleTimeIntervals					1056.4696000000001	2.247373762664153		
1060.0	13.0	SleepStates								NREMstate
1062.0456000000001	0.03999999999996362	RippleTimeIntervals					1062.068	0.5049692638620248		
1063.768	0.03600000000005821	RippleTimeIntervals					1063.7824	2.852197329873874		
1064.54	0.040000000000190994	RippleTimeIntervals					1064.5656000000001	3.210582877044018		
1065.2968	0.12239999999997053	RippleTimeIntervals					1065.4	3.176558479824782		
1065.6480000000001	0.02959999999984575	RippleTimeIntervals					1065.6584	3.17033631330658		
1066.0664000000002	0.02479999999991378	RippleTimeIntervals					1066.0784	1.09055026798213		
1066.2232000000001	0.048800000000028376	RippleTimeIntervals					1066.248	6.074811828049773		
1066.4728	0.05040000000008149	RippleTimeIntervals					1066.4904000000001	1.381495043981074		
1066.9744	0.03919999999993706	RippleTimeIntervals					1066.9864	1.9491661999685677		
1069.6112	0.036800000000084765	RippleTimeIntervals					1069.6264	1.6137182318778014		
1073.2856000000002	0.033599999999978536	RippleTimeIntervals					1073.296	1.1417882247178148		
1074.0	7.0	SleepStates								WAKEstate
1081.452	0.02320000000008804	RippleTimeIntervals					1081.4608	3.819643697748904		
1082.0	81.0	SleepStates								NREMstate
1083.444	0.024000000000114596	RippleTimeIntervals					1083.4496000000001	1.1617537300735585		
1083.5616	0.03999999999996362	RippleTimeIntervals					1083.5808	2.8213092928358297		
1084.6048	0.03440000000000509	RippleTimeIntervals					1084.6104	0.8461433504788961		
1085.7488	0.021600000000034925	RippleTimeIntervals					1085.7624	3.4599581951763803		
1086.0896	0.03199999999992542	RippleTimeIntervals					1086.1136000000001	0.870303551504479		
1086.4752	0.03999999999996362	RippleTimeIntervals					1086.4904000000001	1.4807965443448483		
1087.9096	0.020800000000008367	RippleTimeIntervals					1087.9192	2.25533572248243		
1091.7712000000001	0.03759999999988395	RippleTimeIntervals					1091.7832	4.104462853329463		
1091.9224000000002	0.03199999999992542	RippleTimeIntervals					1091.944	2.1296381753455123		
1092.404	0.036800000000084765	RippleTimeIntervals					1092.4136	5.033725092534991		
1094.9824	0.05759999999986576	RippleTimeIntervals					1095.0256	4.695898167005926		
1095.1344000000001	0.05919999999991887	RippleTimeIntervals					1095.156	3.593418321959072		
1095.7440000000001	0.03519999999980428	RippleTimeIntervals					1095.7528	1.2091308011723205		
1095.9632000000001	0.04399999999986903	RippleTimeIntervals					1095.9832000000001	1.3484563570845738		
1098.0008	0.0784000000001015	RippleTimeIntervals					1098.016	1.7684619681084206		
1098.3696	0.04079999999999018	RippleTimeIntervals					1098.3904	3.9034253915981787		
1105.328	0.02719999999999345	RippleTimeIntervals					1105.3368	1.798515769226541		
1115.624	0.04320000000006985	RippleTimeIntervals					1115.6536	3.1076300572609066		
1117.06	0.06960000000003674	RippleTimeIntervals					1117.1088	3.8102308339443747		
1118.7576000000001	0.06639999999993051	RippleTimeIntervals					1118.816	1.4480577617887547		
1130.6704	0.024000000000114596	RippleTimeIntervals					1130.6792	0.43918330326856625		
1131.064	0.020800000000008367	RippleTimeIntervals					1131.0768	0.6372409607111095		
1133.2656	0.02800000000002001	RippleTimeIntervals					1133.2776000000001	0.7651319928004622		
1134.2920000000001	0.033599999999978536	RippleTimeIntervals					1134.3136	1.3719084785973572		
1134.4192	0.033599999999978536	RippleTimeIntervals					1134.4328	4.7896804496506205		
1138.2792	0.03840000000013788	RippleTimeIntervals					1138.2928	3.9981266698261595		
1140.6208000000001	0.04719999999997526	RippleTimeIntervals					1140.6592	3.579427299278925		
1143.1136000000001	0.02959999999984575	RippleTimeIntervals					1143.1256	1.0552981142986755		
1143.6224	0.024800000000141154	RippleTimeIntervals					1143.6280000000002	1.1425722055009677		
1152.5232	0.03919999999993706	RippleTimeIntervals					1152.5336	4.846643231001153		
1153.4976000000001	0.061599999999998545	RippleTimeIntervals					1153.5344	9.556794316456314		
1153.7720000000002	0.03199999999992542	RippleTimeIntervals					1153.7888	3.736051216200571		
1156.2232000000001	0.03679999999985739	RippleTimeIntervals					1156.2440000000001	0.5223009026835921		
1157.2208	0.020800000000008367	RippleTimeIntervals					1157.2256	0.8214560157909547		
1158.0952	0.06960000000003674	RippleTimeIntervals					1158.1376	1.0814811377620175		
1158.2552	0.02800000000002001	RippleTimeIntervals					1158.2744	0.780228324126993		
1158.4016000000001	0.11759999999981119	RippleTimeIntervals					1158.4528	3.7392284126537794		
1158.612	0.06559999999990396	RippleTimeIntervals					1158.6576	4.678322864017007		
1159.2416	0.05919999999991887	RippleTimeIntervals					1159.2528	3.3711461900548874		
1159.624	0.053599999999960346	RippleTimeIntervals					1159.6696	0.9506680721341318		
1160.6616000000001	0.035999999999830834	RippleTimeIntervals					1160.6664	0.6551295421273965		
1160.7232000000001	0.02959999999984575	RippleTimeIntervals					1160.7392	2.7921146426168537		
1162.3856	0.05520000000001346	RippleTimeIntervals					1162.4160000000002	0.9485307450191671		
1164.0	11.0	SleepStates								WAKEstate
1176.0	11.0	SleepStates								NREMstate
1176.0064	0.03280000000017935	RippleTimeIntervals					1176.0152	6.088977367146018		
1179.7352	0.026399999999966894	RippleTimeIntervals					1179.7536	0.9618666017371383		
1180.5584000000001	0.02479999999991378	RippleTimeIntervals					1180.5712	2.51964842106379		
1180.78	0.036800000000084765	RippleTimeIntervals					1180.8	4.942097107257301		
1180.9224000000002	0.02479999999991378	RippleTimeIntervals					1180.9312	3.0092333436095995		
1181.0496	0.03919999999993706	RippleTimeIntervals					1181.0672	4.886570332321489		
1181.2512000000002	0.06399999999985084	RippleTimeIntervals					1181.3	3.516144111293537		
1188.0	30.0	SleepStates								WAKEstate
1200.076	0.053599999999960346	RippleTimeIntervals					1200.0944	3.8782267117164615		
1200.1592	0.058399999999892316	RippleTimeIntervals					1200.1744	2.462488727107649		
1219.0	76.0	SleepStates								NREMstate
1220.6528	0.04479999999989559	RippleTimeIntervals					1220.6856	2.1001460741571254		
1225.0352	0.06639999999993051	RippleTimeIntervals					1225.0712	1.2880915430596978		
1227.0984	0.03199999999992542	RippleTimeIntervals					1227.1168	7.4315282400130345		
1230.7376000000002	0.03279999999995198	RippleTimeIntervals					1230.7456	5.1044239496306085		
1231.1352000000002	0.05039999999985412	RippleTimeIntervals					1231.1664	4.838663059348909		
1244.8344	0.04240000000004329	RippleTimeIntervals					1244.844	0.8304362971943641		
1245.8048000000001	0.0543999999999869	RippleTimeIntervals					1245.8456	1.8418616866387416		
1246.0944	0.02800000000002001	RippleTimeIntervals					1246.0992	0.9533709806428834		
1248.3376	0.028800000000046566	RippleTimeIntervals					1248.3536000000001	2.184590654795931		
1251.1656	0.04800000000000182	RippleTimeIntervals					1251.184	3.2560709216476917		
1252.0408	0.036800000000084765	RippleTimeIntervals					1252.0592000000001	2.7321617259226088		
1253.184	0.033599999999978536	RippleTimeIntervals					1253.2048	6.066509769519505		
1253.2928000000002	0.05519999999978609	RippleTimeIntervals					1253.3304	3.9217235927661087		
1253.4832000000001	0.031199999999898864	RippleTimeIntervals					1253.5008	8.042502201440257		
1254.2344	0.03919999999993706	RippleTimeIntervals					1254.2536	1.6931890894690567		
1254.5800000000002	0.0543999999999869	RippleTimeIntervals					1254.6128	5.427057331183674		
1254.7208	0.04079999999999018	RippleTimeIntervals					1254.7392	5.925184978108341		
1254.9032	0.02800000000002001	RippleTimeIntervals					1254.924	1.5819952914329747		
1255.1088	0.04079999999999018	RippleTimeIntervals					1255.1384	3.905556687682761		
1255.2976	0.022400000000061482	RippleTimeIntervals					1255.3112	4.152845015685114		
1261.1472	0.04559999999992215	RippleTimeIntervals					1261.1616000000001	2.54680236290891		
1263.1144000000002	0.025599999999940337	RippleTimeIntervals					1263.1328	1.2540320066962654		
1263.3304	0.028800000000046566	RippleTimeIntervals					1263.3424	1.0892094498483997		
1263.6832000000002	0.025599999999940337	RippleTimeIntervals					1263.688	0.9323977219483357		
1263.8504	0.044000000000096406	RippleTimeIntervals					1263.864	1.6585961578268544		
1265.7456	0.03040000000009968	RippleTimeIntervals					1265.7584000000002	0.6161382853239193		
1270.1616000000001	0.026399999999966894	RippleTimeIntervals					1270.1752000000001	1.7696129535375298		
1270.5904	0.05040000000008149	RippleTimeIntervals					1270.6192	3.0712303311815594		
1275.6944	0.031199999999898864	RippleTimeIntervals					1275.7064	1.7484673346932083		
1275.8312	0.03919999999993706	RippleTimeIntervals					1275.8472000000002	5.520076081382104		
1276.0808	0.03840000000013788	RippleTimeIntervals					1276.1144000000002	0.4782383331549424		
1276.1480000000001	0.0543999999999869	RippleTimeIntervals					1276.18	6.12249900465872		
1277.3632	0.033599999999978536	RippleTimeIntervals					1277.376	5.30383303402395		
1277.6232	0.022400000000061482	RippleTimeIntervals					1277.6328	1.5534379547127917		
1277.8064000000002	0.038399999999910506	RippleTimeIntervals					1277.8368	2.176030186161083		
1279.3952000000002	0.022399999999834108	RippleTimeIntervals					1279.4096	1.3027288109657942		
1282.4848	0.047200000000202635	RippleTimeIntervals					1282.5184000000002	2.354970193429719		
1282.8624	0.03280000000017935	RippleTimeIntervals					1282.8816000000002	4.036018764856114		
1287.9864	0.03520000000003165	RippleTimeIntervals					1288.0032	4.723194403708537		
1288.0752	0.06719999999995707	RippleTimeIntervals					1288.1152	4.001950804480923		
1288.3064000000002	0.06239999999979773	RippleTimeIntervals					1288.3224	5.654781340636349		
1289.9616	0.03520000000003165	RippleTimeIntervals					1289.9896	1.7605298454114022		
1290.1200000000001	0.03679999999985739	RippleTimeIntervals					1290.1328	5.685109876431035		
1293.1224	0.029600000000073123	RippleTimeIntervals					1293.1384	2.4838867373979996		
1294.3352	0.026399999999966894	RippleTimeIntervals					1294.3472000000002	3.701236302529215		
1296.0	8.0	SleepStates								WAKEstate
1305.0	23.0	SleepStates								NREMstate
1311.7584000000002	0.06719999999995707	RippleTimeIntervals					1311.7720000000002	6.650403122707294		
1311.9656	0.048800000000028376	RippleTimeIntervals					1312.0024	1.1503598124064895		
1312.804	0.02719999999999345	RippleTimeIntervals					1312.8144	1.020429071664888		
1313.2968	0.036800000000084765	RippleTimeIntervals					1313.3120000000001	0.6509453355855758		
1313.4792	0.053599999999960346	RippleTimeIntervals					1313.5192	0.9751833687400117		
1313.6256	0.06079999999997199	RippleTimeIntervals					1313.6776	3.6040887201336633		
1313.7440000000001	0.0624000000000251	RippleTimeIntervals					1313.7872	2.554353674757147		
1319.8744000000002	0.04239999999981592	RippleTimeIntervals					1319.8880000000001	1.0350963022289936		
1323.9736	0.02800000000002001	RippleTimeIntervals					1323.9896	1.4228975774064858		
1328.0176000000001	0.038399999999910506	RippleTimeIntervals					1328.0448000000001	1.1057005861386338		
1328.2632	0.05039999999985412	RippleTimeIntervals					1328.2920000000001	5.863772872320911		
1328.8568	0.06320000000005166	RippleTimeIntervals					1328.9008000000001	2.2268957717654634		
1328.9944	0.05279999999993379	RippleTimeIntervals					1329.0344	1.6167208115131082		
1329.0	7.0	SleepStates								WAKEstate
1329.8672000000001	0.05759999999986576	RippleTimeIntervals					1329.9096	4.617707375722286		
1337.0	159.0	SleepStates								NREMstate
1340.2776000000001	0.023999999999887223	RippleTimeIntervals					1340.2888	0.7206950333648119		
1350.8304	0.05600000000004002	RippleTimeIntervals					1350.8512	3.4158282031451948		
1351.5512	0.04479999999989559	RippleTimeIntervals					1351.5728000000001	0.8435846229415755		
1351.8984	0.05600000000004002	RippleTimeIntervals					1351.9352000000001	5.376761445020192		
1352.6064000000001	0.09519999999997708	RippleTimeIntervals					1352.688	3.846085518046123		
1354.5088	0.05040000000008149	RippleTimeIntervals					1354.54	1.9048710020043609		
1356.18	0.02719999999999345	RippleTimeIntervals					1356.1984	0.8420633165923849		
1356.376	0.03920000000016444	RippleTimeIntervals					1356.404	3.328588399585605		
1364.4032	0.11760000000003856	RippleTimeIntervals					1364.4528	1.6778503027724165		
1366.3112	0.023199999999860665	RippleTimeIntervals					1366.3168	0.5895967743293942		
1366.6912	0.03600000000005821	RippleTimeIntervals					1366.7136	1.203075484012104		
1366.9624000000001	0.02959999999984575	RippleTimeIntervals					1366.9856	0.6352119537641072		
1367.1048	0.028800000000046566	RippleTimeIntervals					1367.1152	0.6234950131316265		
1369.2176000000002	0.031199999999898864	RippleTimeIntervals					1369.2376000000002	0.8437891633732838		
1374.1768	0.03840000000013788	RippleTimeIntervals					1374.1992	2.5967921919608847		
1374.5584000000001	0.051199999999880674	RippleTimeIntervals					1374.6008000000002	2.6217092968022317		
1375.4656	0.028800000000046566	RippleTimeIntervals					1375.476	1.2007707683640643		
1377.0672	0.07120000000008986	RippleTimeIntervals					1377.1200000000001	3.5528340593290704		
1377.2184	0.04079999999999018	RippleTimeIntervals					1377.2296000000001	2.0768831216401478		
1377.384	0.03600000000005821	RippleTimeIntervals					1377.4064	1.9262504258053703		
1378.16	0.033599999999978536	RippleTimeIntervals					1378.1688000000001	2.8319844899484816		
1378.3976	0.041600000000016735	RippleTimeIntervals					1378.432	1.885209953971242		
1379.376	0.021600000000034925	RippleTimeIntervals					1379.3888000000002	0.6706663332017377		
1382.9112	0.03279999999995198	RippleTimeIntervals					1382.932	1.288631251292784		
1383.0536	0.048800000000028376	RippleTimeIntervals					1383.0896	1.0715406016197235		
1383.1944	0.020800000000008367	RippleTimeIntervals					1383.2072	2.2113877978983343		
1385.2792000000002	0.03759999999988395	RippleTimeIntervals					1385.2848000000001	1.8155190954620242		
1385.5736000000002	0.027999999999792635	RippleTimeIntervals					1385.5832	1.1569796868167583		
1391.452	0.04240000000004329	RippleTimeIntervals					1391.472	2.807695336413804		
1391.7432000000001	0.0567999999998392	RippleTimeIntervals					1391.7520000000002	3.4314480379016388		
1392.8384	0.021600000000034925	RippleTimeIntervals					1392.852	1.9239586735458234		
1405.4848000000002	0.027999999999792635	RippleTimeIntervals					1405.496	3.7533543733566916		
1405.8600000000001	0.04479999999989559	RippleTimeIntervals					1405.884	5.204704704364649		
1406.0808	0.03840000000013788	RippleTimeIntervals					1406.0896	0.8263331596775061		
1406.3912	0.06639999999993051	RippleTimeIntervals					1406.4344	1.2709469007436731		
1407.5416	0.03999999999996362	RippleTimeIntervals					1407.5608	0.7032705188124608		
1407.8008	0.05840000000011969	RippleTimeIntervals					1407.8400000000001	2.9319215463497534		
1409.336	0.03600000000005821	RippleTimeIntervals					1409.356	8.326180568541972		
1414.5528000000002	0.031199999999898864	RippleTimeIntervals					1414.5792000000001	0.4524831614558666		
1415.8264000000001	0.0567999999998392	RippleTimeIntervals					1415.856	5.8277428925588906		
1416.5392000000002	0.02719999999999345	RippleTimeIntervals					1416.5456000000001	1.17051646194251		
1418.556	0.03040000000009968	RippleTimeIntervals					1418.5784	0.9826116815446252		
1420.26	0.04719999999997526	RippleTimeIntervals					1420.2888	1.6730810800524651		
1420.9192	0.020800000000008367	RippleTimeIntervals					1420.932	1.399063116910075		
1425.7184	0.05760000000009313	RippleTimeIntervals					1425.7512000000002	3.9465805374039684		
1426.0936000000002	0.023999999999887223	RippleTimeIntervals					1426.1096	0.8871028718650505		
1427.1032	0.024000000000114596	RippleTimeIntervals					1427.1192	0.8485126470121059		
1427.6280000000002	0.07199999999988904	RippleTimeIntervals					1427.6696000000002	0.604830680943056		
1427.9512	0.026400000000194268	RippleTimeIntervals					1427.9664	2.0842390728684643		
1428.68	0.05919999999991887	RippleTimeIntervals					1428.7232000000001	2.252103891389234		
1430.652	0.04800000000000182	RippleTimeIntervals					1430.6752000000001	1.2570823912995654		
1431.8152	0.024800000000141154	RippleTimeIntervals					1431.8256000000001	0.4478176899289125		
1431.9992	0.02719999999999345	RippleTimeIntervals					1432.0144	3.846194547185314		
1432.6144000000002	0.0647999999998774	RippleTimeIntervals					1432.6408000000001	7.156688700974917		
1434.3552	0.031200000000126238	RippleTimeIntervals					1434.372	0.8805188464617562		
1437.0136	0.04079999999999018	RippleTimeIntervals					1437.0432	8.490209057522883		
1437.1728	0.03760000000011132	RippleTimeIntervals					1437.1912	7.982181054330702		
1437.3256000000001	0.033599999999978536	RippleTimeIntervals					1437.3456	2.92520931440177		
1437.5944000000002	0.026399999999966894	RippleTimeIntervals					1437.6088	1.375265791582803		
1438.1488000000002	0.023199999999860665	RippleTimeIntervals					1438.1568	1.088920349290104		
1443.2176000000002	0.07519999999999527	RippleTimeIntervals					1443.2520000000002	2.003910484975655		
1444.3992	0.025599999999940337	RippleTimeIntervals					1444.4176	1.0391417644579808		
1444.604	0.03520000000003165	RippleTimeIntervals					1444.6264	1.7919334111647565		
1444.7040000000002	0.026399999999966894	RippleTimeIntervals					1444.7224	0.45976876765729363		
1445.1928	0.048800000000028376	RippleTimeIntervals					1445.2136	0.6924458784934581		
1445.9088000000002	0.05759999999986576	RippleTimeIntervals					1445.9424000000001	3.672964358586195		
1446.3656	0.07519999999999527	RippleTimeIntervals					1446.4112	0.9306054810915795		
1447.5288	0.03520000000003165	RippleTimeIntervals					1447.548	1.2564935494478504		
1448.2936	0.044800000000122964	RippleTimeIntervals					1448.316	1.9160304856919728		
1448.8376	0.026399999999966894	RippleTimeIntervals					1448.856	0.8070545755399978		
1461.5504	0.049600000000054933	RippleTimeIntervals					1461.5752	1.268839213353997		
1462.3344	0.03440000000000509	RippleTimeIntervals					1462.352	1.7316663265780443		
1464.7808	0.029600000000073123	RippleTimeIntervals					1464.7824	0.42038023469137764		
1465.6912	0.03440000000000509	RippleTimeIntervals					1465.7184	1.4370857330025535		
1468.7072	0.116800000000012	RippleTimeIntervals					1468.796	2.185173279293073		
1472.8000000000002	0.04159999999978936	RippleTimeIntervals					1472.8200000000002	0.6529340212559456		
1474.428	0.038399999999910506	RippleTimeIntervals					1474.4448	5.6822366098937485		
1474.6424000000002	0.048799999999801	RippleTimeIntervals					1474.6544000000001	2.445292580212227		
1475.5088	0.02479999999991378	RippleTimeIntervals					1475.5264	1.2270455622747076		
1480.3824	0.047200000000202635	RippleTimeIntervals					1480.412	3.103980346999642		
1480.496	0.08559999999988577	RippleTimeIntervals					1480.544	3.6891612688374726		
1480.7096000000001	0.06639999999993051	RippleTimeIntervals					1480.7568	6.381067092066421		
1481.2176000000002	0.031199999999898864	RippleTimeIntervals					1481.2416	2.320089305046255		
1482.0296	0.022400000000061482	RippleTimeIntervals					1482.044	1.5298810464846364		
1482.8944000000001	0.03199999999992542	RippleTimeIntervals					1482.9088000000002	1.8700918226694718		
1482.9488000000001	0.05039999999985412	RippleTimeIntervals					1482.988	6.558656657461915		
1483.16	0.09999999999990905	RippleTimeIntervals					1483.1776	0.8207020361219945		
1491.7352	0.08639999999991232	RippleTimeIntervals					1491.7992000000002	3.259358185000243		
1491.8896	0.05280000000016116	RippleTimeIntervals					1491.92	8.409900606710957		
1497.0	12.0	SleepStates								WAKEstate
1510.0	13.0	SleepStates								NREMstate
1514.1232	0.02320000000008804	RippleTimeIntervals					1514.1376	3.2258100864525465		
1516.0072	0.05760000000009313	RippleTimeIntervals					1516.0368	4.799543408735953		
1516.7696	0.058399999999892316	RippleTimeIntervals					1516.796	2.684858606580757		
1520.3024	0.025599999999940337	RippleTimeIntervals					1520.3152	1.203815618016738		
1520.4792	0.024000000000114596	RippleTimeIntervals					1520.5008	0.7755448964749405		
1521.38	0.029600000000073123	RippleTimeIntervals					1521.3952000000002	1.344735958567202		
1522.928	0.02719999999999345	RippleTimeIntervals					1522.9432000000002	5.516369088199501		
1523.2168000000001	0.033599999999978536	RippleTimeIntervals					1523.2224	0.43798554623729563		
1523.4104	0.03520000000003165	RippleTimeIntervals					1523.4224000000002	3.4181461982147385		
1524.0	11.0	SleepStates								WAKEstate
1536.0	226.0	SleepStates								NREMstate
1537.6512	0.036800000000084765	RippleTimeIntervals					1537.6608	4.918008551679731		
1538.3752000000002	0.025599999999940337	RippleTimeIntervals					1538.3928	0.8096360976702557		
1540.6192	0.04320000000006985	RippleTimeIntervals					1540.6368	1.082080604438618		
1541.6728	0.03600000000005821	RippleTimeIntervals					1541.7008	0.42604584185647093		
1543.044	0.03279999999995198	RippleTimeIntervals					1543.056	0.7145211621416927		
1543.6072000000001	0.04719999999997526	RippleTimeIntervals					1543.6416000000002	0.727514034528283		
1543.976	0.0624000000000251	RippleTimeIntervals					1543.9976000000001	2.345763782115752		
1544.4728	0.05600000000004002	RippleTimeIntervals					1544.5040000000001	3.088342786736533		
1545.4096000000002	0.07119999999986248	RippleTimeIntervals					1545.4568000000002	1.2495903435434208		
1547.5152	0.04559999999992215	RippleTimeIntervals					1547.5568	0.4462470625465203		
1547.6928	0.03760000000011132	RippleTimeIntervals					1547.6992	1.1453268388956013		
1548.6080000000002	0.05919999999991887	RippleTimeIntervals					1548.66	0.854539707926822		
1550.5272	0.04640000000017608	RippleTimeIntervals					1550.5544	2.408292590955393		
1553.9392	0.06480000000010477	RippleTimeIntervals					1553.9712000000002	5.45009737635564		
1556.6336000000001	0.022400000000061482	RippleTimeIntervals					1556.6416000000002	2.625239419583122		
1556.992	0.03600000000005821	RippleTimeIntervals					1557.0168	3.4181923305783695		
1557.116	0.029600000000073123	RippleTimeIntervals					1557.1304	2.9696384784227634		
1557.2832	0.05199999999990723	RippleTimeIntervals					1557.3048000000001	4.34688032243922		
1558.324	0.058399999999892316	RippleTimeIntervals					1558.3488	2.623641671229892		
1559.1384	0.03440000000000509	RippleTimeIntervals					1559.1560000000002	1.4684936816465812		
1561.7928000000002	0.10399999999981446	RippleTimeIntervals					1561.7984000000001	1.8249567402642242		
1562.1424000000002	0.02159999999980755	RippleTimeIntervals					1562.1512	1.0561900346678088		
1562.8776	0.025599999999940337	RippleTimeIntervals					1562.8872000000001	1.6440806511086195		
1564.0728000000001	0.03520000000003165	RippleTimeIntervals					1564.092	4.3149900280658295		
1564.8688	0.044000000000096406	RippleTimeIntervals					1564.8960000000002	6.478684595397125		
1565.2040000000002	0.04079999999999018	RippleTimeIntervals					1565.232	1.3413585485089279		
1565.5120000000002	0.05759999999986576	RippleTimeIntervals					1565.5624	0.6103630410000787		
1566.0096	0.031199999999898864	RippleTimeIntervals					1566.0176000000001	0.8547351674352887		
1566.6824000000001	0.020800000000008367	RippleTimeIntervals					1566.6952	2.4566610208770574		
1567.1952	0.028800000000046566	RippleTimeIntervals					1567.2168000000001	1.5890249075282026		
1567.3768	0.08000000000015461	RippleTimeIntervals					1567.3912	0.9620894579687755		
1570.7728000000002	0.030399999999872307	RippleTimeIntervals					1570.7792000000002	1.2751075320511294		
1571.3352	0.05280000000016116	RippleTimeIntervals					1571.3624	5.212507333655909		
1571.8016	0.02800000000002001	RippleTimeIntervals					1571.8152	2.473642137534131		
1573.6080000000002	0.09279999999989741	RippleTimeIntervals					1573.684	2.5340117053678965		
1573.7240000000002	0.02159999999980755	RippleTimeIntervals					1573.7376000000002	1.433543230857314		
1573.8248	0.03999999999996362	RippleTimeIntervals					1573.8352	3.93323539518663		
1574.0992	0.03759999999988395	RippleTimeIntervals					1574.1080000000002	3.6462285248309203		
1575.0216	0.03440000000000509	RippleTimeIntervals					1575.0352	1.7845893204691663		
1575.1936	0.03600000000005821	RippleTimeIntervals					1575.2064	0.9054199622257069		
1575.5464000000002	0.025599999999940337	RippleTimeIntervals					1575.5512	0.5141156130160027		
1582.1992	0.04079999999999018	RippleTimeIntervals					1582.22	3.7378355763503555		
1582.9136	0.04240000000004329	RippleTimeIntervals					1582.9456	3.162849366340689		
1583.488	0.02320000000008804	RippleTimeIntervals					1583.4952	2.19977844612206		
1590.1192	0.03600000000005821	RippleTimeIntervals					1590.14	1.6872281051828357		
1590.2408	0.05040000000008149	RippleTimeIntervals					1590.2608	3.9321557120659465		
1590.4392	0.11200000000008004	RippleTimeIntervals					1590.5144	4.817731305977761		
1590.92	0.04479999999989559	RippleTimeIntervals					1590.9472	2.7303016587934366		
1590.9904000000001	0.03520000000003165	RippleTimeIntervals					1591.0024	1.9828088232447958		
1591.068	0.03600000000005821	RippleTimeIntervals					1591.0824	4.838090876284562		
1591.2056	0.08000000000015461	RippleTimeIntervals					1591.2440000000001	3.1834718979081247		
1592.2584000000002	0.033599999999978536	RippleTimeIntervals					1592.2744	2.417171513722158		
1592.3512	0.10079999999993561	RippleTimeIntervals					1592.3712	2.236124768142632		
1592.5240000000001	0.053599999999960346	RippleTimeIntervals					1592.5656000000001	2.0872270898824965		
1593.2656000000002	0.048799999999801	RippleTimeIntervals					1593.2920000000001	1.883422412129601		
1593.4632000000001	0.02800000000002001	RippleTimeIntervals					1593.4792	4.545340960859441		
1595.2312000000002	0.031199999999898864	RippleTimeIntervals					1595.2464	4.5649127986862075		
1595.5392000000002	0.020800000000008367	RippleTimeIntervals					1595.548	0.5215824598832809		
1597.2592	0.032000000000152795	RippleTimeIntervals					1597.2752	0.9503705092261702		
1597.9352000000001	0.031199999999898864	RippleTimeIntervals					1597.9464	3.102903168725786		
1598.088	0.028800000000046566	RippleTimeIntervals					1598.0984	0.8156381507055152		
1603.8456	0.029600000000073123	RippleTimeIntervals					1603.8624	0.7876619525525664		
1603.9336	0.07600000000002183	RippleTimeIntervals					1603.9976000000001	2.0965806012324415		
1604.3776	0.032000000000152795	RippleTimeIntervals					1604.3872000000001	1.9940664068188627		
1605.6128	0.048800000000028376	RippleTimeIntervals					1605.6376	2.289645309568332		
1605.6912	0.08960000000001855	RippleTimeIntervals					1605.7352	1.5145851211183452		
1605.8424	0.06720000000018445	RippleTimeIntervals					1605.8648	1.0981618364605046		
1607.7224	0.03279999999995198	RippleTimeIntervals					1607.7448000000002	1.375405250844255		
1608.708	0.026399999999966894	RippleTimeIntervals					1608.7128	0.5733912059539077		
1610.2296000000001	0.021600000000034925	RippleTimeIntervals					1610.2416	4.160567383407741		
1610.6968000000002	0.02719999999999345	RippleTimeIntervals					1610.7160000000001	1.0326874029893314		
1614.9712000000002	0.043199999999842476	RippleTimeIntervals					1614.9864	1.5324475125253367		
1615.212	0.033599999999978536	RippleTimeIntervals					1615.2288	1.3668226164763366		
1618.7272	0.021600000000034925	RippleTimeIntervals					1618.732	0.6604514655436897		
1619.0352	0.05279999999993379	RippleTimeIntervals					1619.0488	0.7447268598746962		
1620.3264000000001	0.02800000000002001	RippleTimeIntervals					1620.3392000000001	1.4880014607754197		
1623.5608	0.03760000000011132	RippleTimeIntervals					1623.5864000000001	1.8272299228953217		
1624.0232	0.038399999999910506	RippleTimeIntervals					1624.0320000000002	0.8943628441637044		
1626.5984	0.12560000000007676	RippleTimeIntervals					1626.7040000000002	1.3416862193737846		
1630.3736000000001	0.05759999999986576	RippleTimeIntervals					1630.3904	2.6736408162783665		
1631.8824000000002	0.05279999999993379	RippleTimeIntervals					1631.904	4.744489718524551		
1636.6648	0.05120000000010805	RippleTimeIntervals					1636.688	3.2622600236451635		
1636.8352	0.032000000000152795	RippleTimeIntervals					1636.8632	0.5026775492552603		
1637.3792	0.031199999999898864	RippleTimeIntervals					1637.3944000000001	3.3614435912276797		
1637.5448000000001	0.08960000000001855	RippleTimeIntervals					1637.5544	1.5130889376374415		
1639.1408000000001	0.021600000000034925	RippleTimeIntervals					1639.1504	0.829618211528642		
1640.4920000000002	0.04800000000000182	RippleTimeIntervals					1640.5320000000002	0.8327778415142805		
1640.912	0.031200000000126238	RippleTimeIntervals					1640.9352000000001	0.5627228523940444		
1649.9104	0.02800000000002001	RippleTimeIntervals					1649.9344	0.4863848450396724		
1651.6744	0.09040000000004511	RippleTimeIntervals					1651.6896000000002	3.361308330008808		
1654.7192	0.03040000000009968	RippleTimeIntervals					1654.7432000000001	0.7192260308532815		
1655.8248	0.05040000000008149	RippleTimeIntervals					1655.8448	0.6259339438043574		
1658.1008000000002	0.06079999999997199	RippleTimeIntervals					1658.1456	2.8735404835629295		
1659.0808000000002	0.0991999999998825	RippleTimeIntervals					1659.1632000000002	4.107083764742794		
1660.3032	0.02320000000008804	RippleTimeIntervals					1660.3224	0.530592638208141		
1660.8272000000002	0.09759999999982938	RippleTimeIntervals					1660.9096000000002	1.8752978018288835		
1666.5744	0.020800000000008367	RippleTimeIntervals					1666.584	1.4117230733657937		
1667.52	0.040000000000190994	RippleTimeIntervals					1667.5384000000001	4.550599340718052		
1667.7064	0.04560000000014952	RippleTimeIntervals					1667.7256	2.8189842261935434		
1667.9216000000001	0.04719999999997526	RippleTimeIntervals					1667.9408	6.06879693884911		
1670.2944	0.029600000000073123	RippleTimeIntervals					1670.3056000000001	4.357144570536178		
1671.2152	0.058399999999892316	RippleTimeIntervals					1671.236	4.9377251298722555		
1671.3648	0.04559999999992215	RippleTimeIntervals					1671.3888000000002	5.756753628586281		
1671.5304	0.06559999999990396	RippleTimeIntervals					1671.5592000000001	3.9390699548890167		
1673.6080000000002	0.03919999999993706	RippleTimeIntervals					1673.616	0.8139610957074612		
1674.9512	0.05840000000011969	RippleTimeIntervals					1674.9792	2.891559501862683		
1675.2288	0.04479999999989559	RippleTimeIntervals					1675.2576000000001	1.9346220632727398		
1675.844	0.028800000000046566	RippleTimeIntervals					1675.8552	1.278878772119966		
1679.2464	0.036800000000084765	RippleTimeIntervals					1679.2632	4.322266130778273		
1680.2936	0.11760000000003856	RippleTimeIntervals					1680.3352	1.6734180301157886		
1680.4608	0.044800000000122964	RippleTimeIntervals					1680.4864	1.2039113870111926		
1680.5568	0.06320000000005166	RippleTimeIntervals					1680.5704	1.7910655171170737		
1681.1448	0.06880000000001019	RippleTimeIntervals					1681.2056	1.913543904619322		
1684.1336000000001	0.026399999999966894	RippleTimeIntervals					1684.1488000000002	0.4390567653376723		
1684.3168	0.05840000000011969	RippleTimeIntervals					1684.336	0.5417948411712419		
1696.4016000000001	0.05999999999994543	RippleTimeIntervals					1696.4504000000002	6.203954646645371		
1696.5816	0.04079999999999018	RippleTimeIntervals					1696.5968	3.6705975155953494		
1698.3672000000001	0.022399999999834108	RippleTimeIntervals					1698.384	0.49398205208604284		
1701.3344000000002	0.031199999999898864	RippleTimeIntervals					1701.3472000000002	2.138357922183917		
1701.5128	0.041600000000016735	RippleTimeIntervals					1701.5432	0.6897420560076232		
1702.328	0.03760000000011132	RippleTimeIntervals					1702.3576	0.6575008544288113		
1703.584	0.03040000000009968	RippleTimeIntervals					1703.5928000000001	3.6408116216635706		
1703.7920000000001	0.041600000000016735	RippleTimeIntervals					1703.8200000000002	2.574256878765363		
1704.3896	0.03600000000005821	RippleTimeIntervals					1704.4008000000001	2.195914113979518		
1704.6288000000002	0.03199999999992542	RippleTimeIntervals					1704.6424000000002	1.7374676186857148		
1704.7592000000002	0.02159999999980755	RippleTimeIntervals					1704.768	10.046296324170317		
1704.9968000000001	0.026399999999966894	RippleTimeIntervals					1705.0192000000002	0.6016391342377537		
1705.0656000000001	0.028800000000046566	RippleTimeIntervals					1705.0784	3.952379893853486		
1705.5304	0.05279999999993379	RippleTimeIntervals					1705.5672000000002	2.173157874565241		
1705.9024000000002	0.04239999999981592	RippleTimeIntervals					1705.9264	2.5645487898582098		
1705.988	0.05919999999991887	RippleTimeIntervals					1706.0392000000002	2.921635933456349		
1708.7816	0.022400000000061482	RippleTimeIntervals					1708.7936	1.3453279587757903		
1714.4160000000002	0.0991999999998825	RippleTimeIntervals					1714.4472	4.607227988605998		
1714.6376	0.06400000000007822	RippleTimeIntervals					1714.6792	4.028404516733092		
1715.7208	0.021600000000034925	RippleTimeIntervals					1715.7248000000002	0.6121014452264119		
1717.0320000000002	0.03919999999993706	RippleTimeIntervals					1717.0408	0.5615565269785447		
1720.5448000000001	0.03999999999996362	RippleTimeIntervals					1720.5504	0.5203816741755509		
1721.9336	0.02320000000008804	RippleTimeIntervals					1721.948	1.485951681451046		
1722.6864	0.028800000000046566	RippleTimeIntervals					1722.7	1.625472285827004		
1722.9840000000002	0.025599999999940337	RippleTimeIntervals					1722.9968000000001	1.503464907409462		
1726.3608000000002	0.028799999999819192	RippleTimeIntervals					1726.372	0.747169804527593		
1726.8856	0.02719999999999345	RippleTimeIntervals					1726.9056	0.7917699180137263		
1731.4272	0.031199999999898864	RippleTimeIntervals					1731.448	1.211398702748283		
1731.7224	0.03520000000003165	RippleTimeIntervals					1731.7496	0.584591297994961		
1733.192	0.022400000000061482	RippleTimeIntervals					1733.2024000000001	2.706607633560443		
1737.1864	0.05520000000001346	RippleTimeIntervals					1737.2104000000002	1.9039748162109538		
1752.9376	0.02800000000002001	RippleTimeIntervals					1752.9616	0.464886100854211		
1755.3288	0.028800000000046566	RippleTimeIntervals					1755.3352	0.9982125580321742		
1763.0	12.0	SleepStates								REMstate
1776.0	13.0	SleepStates								NREMstate
1790.0	50.0	SleepStates								REMstate
1797.7776000000001	0.023999999999887223	RippleTimeIntervals					1797.7984000000001	0.40137198357093795		
1803.8288	0.02719999999999345	RippleTimeIntervals					1803.8392000000001	0.47145074701104167		
1841.0	22.0	SleepStates								WAKEstate
1864.0	64.0	SleepStates								NREMstate
1870.7320000000002	0.046399999999948704	RippleTimeIntervals					1870.7576000000001	1.6190065883587272		
1870.9296000000002	0.033599999999978536	RippleTimeIntervals					1870.9448	5.27445664930623		
1873.5928000000001	0.0543999999999869	RippleTimeIntervals					1873.6208000000001	0.728848988711305		
1873.728	0.03919999999993706	RippleTimeIntervals					1873.7512000000002	6.39815477533902		
1874.0392000000002	0.04239999999981592	RippleTimeIntervals					1874.0648	9.881606204611446		
1874.5696	0.11440000000015971	RippleTimeIntervals					1874.6560000000002	5.508265609110955		
1874.7832	0.09439999999995052	RippleTimeIntervals					1874.8376	4.874784381338119		
1875.8976	0.09200000000009823	RippleTimeIntervals					1875.9504000000002	3.8008220404451465		
1876.2272	0.044800000000122964	RippleTimeIntervals					1876.2608	4.845472223045647		
1877.2784000000001	0.0567999999998392	RippleTimeIntervals					1877.308	1.748847312721284		
1877.488	0.03999999999996362	RippleTimeIntervals					1877.5064	2.9842470340281175		
1877.612	0.02800000000002001	RippleTimeIntervals					1877.6200000000001	0.659498311025809		
1877.7464	0.049600000000054933	RippleTimeIntervals					1877.7656000000002	0.5127531968030002		
1884.0064	0.02800000000002001	RippleTimeIntervals					1884.0112000000001	1.0802235579814945		
1884.6216000000002	0.03520000000003165	RippleTimeIntervals					1884.6280000000002	1.1121685862406216		
1886.544	0.031199999999898864	RippleTimeIntervals					1886.5672000000002	2.115687645435015		
1888.6624000000002	0.05999999999994543	RippleTimeIntervals					1888.712	4.108865946444337		
1892.0520000000001	0.03279999999995198	RippleTimeIntervals					1892.0776	0.8585041511145193		
1892.1808	0.049600000000054933	RippleTimeIntervals					1892.2040000000002	3.737914811187694		
1892.7072	0.049600000000054933	RippleTimeIntervals					1892.7392	2.304833058045213		
1896.7936000000002	0.030399999999872307	RippleTimeIntervals					1896.8064000000002	1.7160313413074806		
1897.4264	0.04079999999999018	RippleTimeIntervals					1897.4552	0.4747892440332785		
1898.308	0.05760000000009313	RippleTimeIntervals					1898.3248	2.2018724519212864		
1898.9208	0.023999999999887223	RippleTimeIntervals					1898.9304000000002	0.5562215156955277		
1900.5608000000002	0.027999999999792635	RippleTimeIntervals					1900.5768	0.7447824651124907		
1900.8072000000002	0.06639999999993051	RippleTimeIntervals					1900.8608000000002	1.6301006479882565		
1903.5184000000002	0.026399999999966894	RippleTimeIntervals					1903.5232	0.6881899437845805		
1904.2296000000001	0.03520000000003165	RippleTimeIntervals					1904.2440000000001	0.7848080920886779		
1904.7496	0.04800000000000182	RippleTimeIntervals					1904.7744	1.7195428900360465		
1908.2408	0.08480000000008658	RippleTimeIntervals					1908.2952	1.747147154278059		
1914.0456000000001	0.02719999999999345	RippleTimeIntervals					1914.0552	1.0047601079060247		
1917.548	0.03280000000017935	RippleTimeIntervals					1917.5600000000002	7.010762303811218		
1917.6480000000001	0.06559999999990396	RippleTimeIntervals					1917.6904000000002	5.727197433669029		
1917.92	0.04240000000004329	RippleTimeIntervals					1917.9360000000001	7.603797387941829		
1918.0192000000002	0.04479999999989559	RippleTimeIntervals					1918.0304	3.416979582505689		
1918.2024000000001	0.04079999999999018	RippleTimeIntervals					1918.2288	2.2964077206302216		
1918.3760000000002	0.03439999999977772	RippleTimeIntervals					1918.3880000000001	0.7606963918220475		
1920.5088	0.06480000000010477	RippleTimeIntervals					1920.5528000000002	1.1811333707218346		
1921.1872	0.03760000000011132	RippleTimeIntervals					1921.2064	0.5741596867236993		
1924.8784	0.025599999999940337	RippleTimeIntervals					1924.8968	1.1174723470950332		
1925.9888	0.05040000000008149	RippleTimeIntervals					1926.0024	1.643978943031581		
1927.5272	0.044000000000096406	RippleTimeIntervals					1927.5496	0.8086653309219125		
1929.0	12.0	SleepStates								WAKEstate
1938.8408000000002	0.022399999999834108	RippleTimeIntervals					1938.8456	1.062574947379541		
1938.884	0.07280000000014297	RippleTimeIntervals					1938.9376000000002	0.9866580896126914		
1939.0656000000001	0.06799999999998363	RippleTimeIntervals					1939.0800000000002	3.395368670844186		
1942.0	247.0	SleepStates								NREMstate
1949.1840000000002	0.027999999999792635	RippleTimeIntervals					1949.1944	0.815642489172952		
1952.5536000000002	0.020800000000008367	RippleTimeIntervals					1952.5672000000002	0.6325270779552169		
1952.7392	0.04640000000017608	RippleTimeIntervals					1952.7520000000002	5.437915039828241		
1953.2272	0.03440000000000509	RippleTimeIntervals					1953.24	0.9078945991945186		
1953.4176	0.052000000000134605	RippleTimeIntervals					1953.432	4.040401763482		
1957.3792	0.033599999999978536	RippleTimeIntervals					1957.4080000000001	0.547380148856075		
1959.8832	0.05600000000004002	RippleTimeIntervals					1959.9128	0.9570043902983894		
1963.9584	0.04800000000000182	RippleTimeIntervals					1963.9712000000002	4.288415546068863		
1964.248	0.048800000000028376	RippleTimeIntervals					1964.2792000000002	5.893512171995951		
1964.4048	0.03040000000009968	RippleTimeIntervals					1964.4216000000001	1.0241983212525854		
1965.1888000000001	0.03199999999992542	RippleTimeIntervals					1965.1984	1.6368710143156082		
1965.9032000000002	0.0543999999999869	RippleTimeIntervals					1965.928	5.372048828741424		
1966.0712	0.025599999999940337	RippleTimeIntervals					1966.0800000000002	3.4863371497959434		
1967.2296000000001	0.025599999999940337	RippleTimeIntervals					1967.2424	3.044999003286414		
1968.276	0.031200000000126238	RippleTimeIntervals					1968.2944	2.089027769681202		
1968.4296000000002	0.06319999999982429	RippleTimeIntervals					1968.4608	1.5729237808594552		
1968.6008000000002	0.03279999999995198	RippleTimeIntervals					1968.6168	1.6763977753291976		
1969.6912	0.024800000000141154	RippleTimeIntervals					1969.7112000000002	0.47416183023819547		
1978.104	0.022400000000061482	RippleTimeIntervals					1978.112	1.7973235949111874		
1981.2744	0.04079999999999018	RippleTimeIntervals					1981.304	2.0021257864073196		
1982.2696	0.021600000000034925	RippleTimeIntervals					1982.2832	4.1563706837406995		
1982.4584	0.02320000000008804	RippleTimeIntervals					1982.4632000000001	1.148532013638493		
1982.6744	0.023999999999887223	RippleTimeIntervals					1982.6824000000001	1.5421052766740997		
1984.5288	0.07359999999994216	RippleTimeIntervals					1984.5584000000001	0.9043973302010577		
1984.6632000000002	0.04719999999997526	RippleTimeIntervals					1984.6896000000002	7.05918587523194		
1986.2704	0.048800000000028376	RippleTimeIntervals					1986.3072000000002	1.9388574666473624		
1988.1080000000002	0.030399999999872307	RippleTimeIntervals					1988.1280000000002	0.9521766998993039		
1989.1008000000002	0.05600000000004002	RippleTimeIntervals					1989.1256	1.6947146258618604		
1990.9856000000002	0.028799999999819192	RippleTimeIntervals					1990.9912000000002	1.7949511498241122		
1991.9448	0.04240000000004329	RippleTimeIntervals					1991.9552	1.4972822885492791		
1992.0272	0.026400000000194268	RippleTimeIntervals					1992.0352	2.1964393864428335		
1994.5728000000001	0.043199999999842476	RippleTimeIntervals					1994.5824	1.7688795932328618		
1994.8784	0.06480000000010477	RippleTimeIntervals					1994.9072	5.713528218910654		
1996.2096000000001	0.05759999999986576	RippleTimeIntervals					1996.2256	3.5891544557977233		
1997.1672	0.03999999999996362	RippleTimeIntervals					1997.1760000000002	2.8604565110340863		
1997.2576000000001	0.031199999999898864	RippleTimeIntervals					1997.2672	2.485402326956091		
1998.0600000000002	0.031199999999898864	RippleTimeIntervals					1998.0728000000001	3.650430875922792		
1998.2072	0.06799999999998363	RippleTimeIntervals					1998.2168000000001	0.9074257051201802		
1999.3656	0.06400000000007822	RippleTimeIntervals					1999.4032000000002	2.52136297776612		
1999.488	0.024000000000114596	RippleTimeIntervals					1999.496	5.691498036065102		
1999.644	0.044800000000122964	RippleTimeIntervals					1999.6672	1.0408127051784046		
1999.8888000000002	0.07359999999994216	RippleTimeIntervals					1999.92	3.6422116637617714		
2001.6528	0.0624000000000251	RippleTimeIntervals					2001.6936	0.6895213227198581		
2001.9352000000001	0.03199999999992542	RippleTimeIntervals					2001.9624000000001	0.6899671334320265		
2015.0312000000001	0.05600000000004002	RippleTimeIntervals					2015.0792000000001	1.129303077173923		
2015.1904000000002	0.04559999999992215	RippleTimeIntervals					2015.2144	1.6955885820953556		
2015.8576	0.03840000000013788	RippleTimeIntervals					2015.8728	8.905725836986946		
2016.0928000000001	0.022400000000061482	RippleTimeIntervals					2016.1112	0.4381888987298508		
2021.9288000000001	0.0624000000000251	RippleTimeIntervals					2021.9448	3.5507387615509525		
2022.1272000000001	0.030399999999872307	RippleTimeIntervals					2022.1504	0.6560543646419537		
2023.5272	0.036800000000084765	RippleTimeIntervals					2023.5376	0.6292923257745592		
2023.7368000000001	0.03999999999996362	RippleTimeIntervals					2023.7632	0.6974673360023071		
2024.3792	0.025599999999940337	RippleTimeIntervals					2024.3960000000002	2.3716954471468212		
2026.1856	0.03840000000013788	RippleTimeIntervals					2026.2160000000001	0.7514892057412162		
2026.4344	0.0727999999999156	RippleTimeIntervals					2026.4432000000002	1.8628279314924827		
2026.596	0.03280000000017935	RippleTimeIntervals					2026.6112	2.0285604142146285		
2027.7312000000002	0.05279999999993379	RippleTimeIntervals					2027.7696	8.274636288971614		
2028.1488000000002	0.02959999999984575	RippleTimeIntervals					2028.1536	1.076619537078008		
2028.304	0.020800000000008367	RippleTimeIntervals					2028.3088	0.8141712165491314		
2029.4336	0.02800000000002001	RippleTimeIntervals					2029.4528	0.9530803087643596		
2029.5248000000001	0.023999999999887223	RippleTimeIntervals					2029.5336000000002	1.2902274767972581		
2030.0896	0.05040000000008149	RippleTimeIntervals					2030.1088000000002	2.7458148296820637		
2030.3168	0.06560000000013133	RippleTimeIntervals					2030.3704	5.110000921783485		
2031.3424	0.03840000000013788	RippleTimeIntervals					2031.364	1.8341880076936992		
2031.7136	0.046399999999948704	RippleTimeIntervals					2031.7224	3.9363889152835907		
2037.5904	0.020800000000008367	RippleTimeIntervals					2037.5992	0.6595322998981965		
2037.7056	0.029600000000073123	RippleTimeIntervals					2037.7184000000002	1.4528287435180465		
2037.8616000000002	0.04479999999989559	RippleTimeIntervals					2037.8832	3.4898160321831235		
2038.0072	0.048800000000028376	RippleTimeIntervals					2038.028	1.0482049479453022		
2038.1176	0.03440000000000509	RippleTimeIntervals					2038.1336000000001	4.220606141627151		
2038.2112000000002	0.04399999999986903	RippleTimeIntervals					2038.2432000000001	3.328886877310858		
2038.968	0.05760000000009313	RippleTimeIntervals					2039.0	2.6168113243979643		
2043.2048000000002	0.03519999999980428	RippleTimeIntervals					2043.2304000000001	0.6416897035971914		
2045.9392	0.031200000000126238	RippleTimeIntervals					2045.9560000000001	2.8628372965311426		
2046.0224	0.07120000000008986	RippleTimeIntervals					2046.0512	9.701490534356138		
2046.4112	0.06320000000005166	RippleTimeIntervals					2046.4560000000001	1.5057920063271584		
2046.6008000000002	0.038399999999910506	RippleTimeIntervals					2046.6176	6.740825101201476		
2046.6816000000001	0.06320000000005166	RippleTimeIntervals					2046.7368000000001	3.034296227840181		
2046.9240000000002	0.04559999999992215	RippleTimeIntervals					2046.9376000000002	0.7273795927301144		
2047.9080000000001	0.03999999999996362	RippleTimeIntervals					2047.9416	0.8294172189355189		
2048.2512	0.03600000000005821	RippleTimeIntervals					2048.2704	5.4748397973608505		
2048.7576	0.029600000000300497	RippleTimeIntervals					2048.7624	0.8198964894049251		
2048.9368	0.03680000000031214	RippleTimeIntervals					2048.9432	1.8014116659071644		
2049.1736	0.022399999999834108	RippleTimeIntervals					2049.1816	1.4223920048297838		
2049.3568	0.042400000000270666	RippleTimeIntervals					2049.3624	2.0221416838428894		
2050.5664	0.04719999999997526	RippleTimeIntervals					2050.592	1.9514388260625575		
2056.3064	0.12000000000034561	RippleTimeIntervals					2056.4008	2.3178770785047096		
2057.1696	0.06799999999975626	RippleTimeIntervals					2057.2088	5.586787884434376		
2063.8568	0.038399999999910506	RippleTimeIntervals					2063.884	5.219677016393556		
2064.0	0.07360000000016953	RippleTimeIntervals					2064.0328	1.6793493547282632		
2064.1328000000003	0.0591999999996915	RippleTimeIntervals					2064.168	1.8572248962096702		
2064.4928	0.041600000000016735	RippleTimeIntervals					2064.4984	2.4505488039416194		
2066.2928	0.1248000000000502	RippleTimeIntervals					2066.4088	2.0245954735782234		
2066.5224000000003	0.037599999999656575	RippleTimeIntervals					2066.5384	2.9273409514356943		
2069.628	0.05600000000004002	RippleTimeIntervals					2069.6664	1.5517953255813088		
2072.808	0.03600000000005821	RippleTimeIntervals					2072.8296	5.7929561851745355		
2074.6584000000003	0.0567999999998392	RippleTimeIntervals					2074.6984	3.3914387213974493		
2074.8776000000003	0.03919999999970969	RippleTimeIntervals					2074.896	1.9630600074950835		
2075.7760000000003	0.05199999999967986	RippleTimeIntervals					2075.8168	5.262103954730795		
2076.108	0.05600000000004002	RippleTimeIntervals					2076.1352	6.079087796546733		
2077.5248	0.09439999999995052	RippleTimeIntervals					2077.5824000000002	1.5755805881530556		
2080.732	0.02080000000023574	RippleTimeIntervals					2080.7448	3.298529488667466		
2081.556	0.02719999999999345	RippleTimeIntervals					2081.5688	1.3010703627616789		
2083.0552000000002	0.04399999999986903	RippleTimeIntervals					2083.072	1.0461676349523714		
2086.2560000000003	0.024799999999686406	RippleTimeIntervals					2086.2608	0.8517603465612571		
2091.7192	0.05600000000004002	RippleTimeIntervals					2091.768	2.4370650025389664		
2092.5080000000003	0.02719999999999345	RippleTimeIntervals					2092.5288	0.40785977409484786		
2100.9872	0.068000000000211	RippleTimeIntervals					2101.0392	4.818363762564032		
2101.9576	0.04559999999992215	RippleTimeIntervals					2101.9912	2.9917343587015717		
2102.0432	0.031199999999898864	RippleTimeIntervals					2102.0568000000003	2.418544053447581		
2102.2216000000003	0.031199999999898864	RippleTimeIntervals					2102.2448	1.7049929896321836		
2102.3448000000003	0.0775999999996202	RippleTimeIntervals					2102.364	1.7967143715734846		
2103.7584	0.06480000000010477	RippleTimeIntervals					2103.7728	0.6486969140597784		
2103.8816	0.047999999999774445	RippleTimeIntervals					2103.9248000000002	1.0721945167526488		
2104.0256	0.02080000000023574	RippleTimeIntervals					2104.0344	1.3871316227065447		
2107.1192	0.04080000000021755	RippleTimeIntervals					2107.1272	3.478517898753965		
2108.7496	0.032000000000152795	RippleTimeIntervals					2108.7736	2.279135416704476		
2108.8832	0.09200000000009823	RippleTimeIntervals					2108.9536000000003	2.8392521661599055		
2111.1488	0.02320000000008804	RippleTimeIntervals					2111.1672000000003	0.6267563751592192		
2113.3752	0.025599999999940337	RippleTimeIntervals					2113.3920000000003	1.5410088607130517		
2113.6464	0.032000000000152795	RippleTimeIntervals					2113.6616	1.8696850474038533		
2114.608	0.044800000000122964	RippleTimeIntervals					2114.6232	4.621966316065194		
2114.712	0.09920000000010987	RippleTimeIntervals					2114.7728	1.6345507671814243		
2114.8872	0.07439999999996871	RippleTimeIntervals					2114.9072	3.471631733955611		
2116.1248	0.03279999999995198	RippleTimeIntervals					2116.1472	3.368631107998432		
2117.7432	0.028000000000247383	RippleTimeIntervals					2117.7488000000003	0.7069063430183798		
2118.8264	0.0704000000000633	RippleTimeIntervals					2118.8688	3.1421495246496534		
2120.5576	0.03679999999985739	RippleTimeIntervals					2120.5856	0.8681092142419684		
2124.572	0.06640000000015789	RippleTimeIntervals					2124.6216	3.9595507366621465		
2125.5752	0.04639999999972133	RippleTimeIntervals					2125.6064	6.465595859964455		
2125.7544000000003	0.03600000000005821	RippleTimeIntervals					2125.7712	0.6364882293722924		
2125.8704000000002	0.022399999999834108	RippleTimeIntervals					2125.8848000000003	1.5657731418148972		
2125.9264000000003	0.06399999999985084	RippleTimeIntervals					2125.9464000000003	3.0176357911134524		
2127.4024	0.026400000000194268	RippleTimeIntervals					2127.4248000000002	0.562580902718332		
2127.7456	0.08559999999988577	RippleTimeIntervals					2127.7904000000003	2.227133763493943		
2133.7424	0.03279999999995198	RippleTimeIntervals					2133.764	5.819022112574534		
2134.332	0.03040000000009968	RippleTimeIntervals					2134.3488	4.9396928097547494		
2134.6872000000003	0.04639999999972133	RippleTimeIntervals					2134.7216000000003	2.625984677491056		
2136.2976000000003	0.03359999999975116	RippleTimeIntervals					2136.3072	2.2083671553181037		
2138.12	0.07200000000011642	RippleTimeIntervals					2138.1616	4.624805221057938		
2138.3744	0.052000000000134605	RippleTimeIntervals					2138.384	4.519408268410908		
2138.9944	0.07680000000027576	RippleTimeIntervals					2139.0144	0.9776744337271073		
2141.6384000000003	0.0591999999996915	RippleTimeIntervals					2141.6576	0.9937917244663315		
2141.7704	0.05120000000033542	RippleTimeIntervals					2141.7864	1.1169394697413655		
2142.0648	0.03279999999995198	RippleTimeIntervals					2142.0744	3.7537390312662295		
2142.5672	0.03279999999995198	RippleTimeIntervals					2142.576	8.26421641756319		
2142.7088	0.03360000000020591	RippleTimeIntervals					2142.7184	1.6827900023148987		
2142.8360000000002	0.02959999999984575	RippleTimeIntervals					2142.8504000000003	5.575056119821468		
2144.4272	0.03999999999996362	RippleTimeIntervals					2144.456	0.8796596822444449		
2151.3424	0.02080000000023574	RippleTimeIntervals					2151.356	1.0883777475635863		
2151.6392	0.0543999999999869	RippleTimeIntervals					2151.6584000000003	6.757561712784316		
2152.2352	0.05360000000018772	RippleTimeIntervals					2152.2808	1.2346442296584106		
2152.3576000000003	0.028800000000046566	RippleTimeIntervals					2152.3776000000003	6.639571456679314		
2152.6032	0.042400000000270666	RippleTimeIntervals					2152.6208	2.095105402708867		
2152.9096	0.04960000000028231	RippleTimeIntervals					2152.9344	3.739563430433706		
2153.8048	0.04000000000041837	RippleTimeIntervals					2153.8368	1.4293694280782714		
2155.7808	0.058399999999892316	RippleTimeIntervals					2155.8016000000002	3.1356445210749926		
2157.0552000000002	0.03279999999995198	RippleTimeIntervals					2157.0640000000003	0.5194403248920898		
2157.8512	0.025599999999940337	RippleTimeIntervals					2157.86	0.5322956977856977		
2164.6424	0.040799999999762804	RippleTimeIntervals					2164.676	0.6967528232124647		
2164.7544000000003	0.02639999999973952	RippleTimeIntervals					2164.7696	0.7676179561345963		
2164.8416	0.022399999999834108	RippleTimeIntervals					2164.8536	2.387782992106531		
2165.4512	0.03600000000005821	RippleTimeIntervals					2165.46	3.5835478770469513		
2165.532	0.088799999999992	RippleTimeIntervals					2165.5984000000003	2.1978996200004515		
2165.6432	0.02080000000023574	RippleTimeIntervals					2165.652	0.5255818605638425		
2165.7136	0.05920000000014625	RippleTimeIntervals					2165.7368	2.795052665461573		
2166.3696	0.03760000000011132	RippleTimeIntervals					2166.3808	1.7921625090080282		
2169.7888000000003	0.023199999999633292	RippleTimeIntervals					2169.7984	0.4999890530487361		
2170.8704000000002	0.023999999999887223	RippleTimeIntervals					2170.8792000000003	0.8865281240516018		
2171.2000000000003	0.04239999999981592	RippleTimeIntervals					2171.2256	5.774790367552846		
2172.8952	0.1184000000002925	RippleTimeIntervals					2172.96	4.335616910079072		
2173.3808	0.032000000000152795	RippleTimeIntervals					2173.3872	0.42962553383206536		
2173.8720000000003	0.04239999999981592	RippleTimeIntervals					2173.8856	1.0543363954450482		
2174.8496	0.026400000000194268	RippleTimeIntervals					2174.8632000000002	3.459513844952063		
2180.5344	0.042400000000270666	RippleTimeIntervals					2180.5432	2.4533951747181657		
2181.7688000000003	0.03279999999995198	RippleTimeIntervals					2181.7832000000003	1.190407940592981		
2181.8728	0.08159999999998035	RippleTimeIntervals					2181.8888	3.130478879705158		
2182.0328	0.03440000000000509	RippleTimeIntervals					2182.0464	1.7672176758650502		
2182.1528000000003	0.022399999999834108	RippleTimeIntervals					2182.1664	0.9246965530157641		
2182.4664000000002	0.03199999999969805	RippleTimeIntervals					2182.4864000000002	0.5385295364517473		
2188.0840000000003	0.040799999999762804	RippleTimeIntervals					2188.1024	0.8676133035870517		
2188.2400000000002	0.03359999999975116	RippleTimeIntervals					2188.2656	1.2094397100863048		
2188.3344	0.023999999999887223	RippleTimeIntervals					2188.3512	0.8769826221573076		
2190.0	8.0	SleepStates								WAKEstate
2199.0	74.0	SleepStates								NREMstate
2205.5672	0.04559999999992215	RippleTimeIntervals					2205.5872	8.537314015954573		
2207.904	0.061599999999998545	RippleTimeIntervals					2207.9312	0.6658141627949301		
2208.0696000000003	0.027999999999792635	RippleTimeIntervals					2208.0816	4.267085432951337		
2212.3664	0.024800000000141154	RippleTimeIntervals					2212.3752	0.8741348701811771		
2212.4128	0.03600000000005821	RippleTimeIntervals					2212.4408000000003	0.7735912481391563		
2212.4712	0.029600000000300497	RippleTimeIntervals					2212.48	3.2763625469359794		
2216.2376	0.03279999999995198	RippleTimeIntervals					2216.2632000000003	1.034241975202103		
2219.0128	0.04559999999992215	RippleTimeIntervals					2219.0296000000003	2.531520278923022		
2224.3728	0.04320000000006985	RippleTimeIntervals					2224.3976000000002	1.3532206130167515		
2224.4864000000002	0.11679999999978463	RippleTimeIntervals					2224.5208000000002	1.9652890927952427		
2224.9624	0.05440000000044165	RippleTimeIntervals					2224.992	6.168972125093137		
2225.1112000000003	0.05600000000004002	RippleTimeIntervals					2225.1456000000003	4.147917057702221		
2225.2488000000003	0.020799999999780994	RippleTimeIntervals					2225.2616000000003	2.4146809628999564		
2225.5032	0.038399999999910506	RippleTimeIntervals					2225.5288	2.897154536362396		
2227.9304	0.03519999999980428	RippleTimeIntervals					2227.9496	3.9489149601067464		
2228.06	0.03840000000036525	RippleTimeIntervals					2228.0832	5.93988319576748		
2228.4624	0.03920000000016444	RippleTimeIntervals					2228.4808000000003	10.8265578432328		
2229.5872	0.05600000000004002	RippleTimeIntervals					2229.6144	7.126101313686232		
2230.0192	0.03279999999995198	RippleTimeIntervals					2230.0280000000002	5.729220516997441		
2230.444	0.07439999999996871	RippleTimeIntervals					2230.4528	2.385570572227847		
2233.1744000000003	0.024799999999686406	RippleTimeIntervals					2233.1848	1.1528539204614354		
2234.052	0.031199999999898864	RippleTimeIntervals					2234.0608	2.063618458603089		
2234.3368	0.03920000000016444	RippleTimeIntervals					2234.368	1.4395664703469166		
2235.8368	0.062400000000252476	RippleTimeIntervals					2235.8728	1.2607676037857134		
2236.4584	0.05120000000033542	RippleTimeIntervals					2236.4712	0.7985641948987295		
2240.7536	0.032000000000152795	RippleTimeIntervals					2240.7648	4.405324799812227		
2241.1008	0.03519999999980428	RippleTimeIntervals					2241.1184000000003	4.566039836594639		
2241.4112	0.06480000000010477	RippleTimeIntervals					2241.4632	0.9612744964177757		
2244.8072	0.03760000000011132	RippleTimeIntervals					2244.8288000000002	1.9786142759528853		
2244.9952000000003	0.07199999999966167	RippleTimeIntervals					2245.0504	2.084819521664463		
2245.2544000000003	0.061599999999998545	RippleTimeIntervals					2245.2768	4.350895685039669		
2245.3928	0.06880000000001019	RippleTimeIntervals					2245.4344	3.852958092800294		
2246.0488	0.029600000000300497	RippleTimeIntervals					2246.0568000000003	1.814489094935715		
2247.2048	0.04559999999992215	RippleTimeIntervals					2247.2248	6.665601432035175		
2247.396	0.044800000000122964	RippleTimeIntervals					2247.4296	0.8190811459571566		
2247.8160000000003	0.03199999999969805	RippleTimeIntervals					2247.8368	1.8394507779252405		
2256.9632	0.052000000000134605	RippleTimeIntervals					2257.0048	4.159003407418657		
2258.0968000000003	0.03519999999980428	RippleTimeIntervals					2258.1240000000003	0.7751869198016792		
2258.1808	0.03040000000009968	RippleTimeIntervals					2258.204	2.061814903494414		
2258.2968	0.052000000000134605	RippleTimeIntervals					2258.3344	6.481557670292047		
2258.7336	0.04800000000022919	RippleTimeIntervals					2258.7528	2.351176269916584		
2259.7624	0.06399999999985084	RippleTimeIntervals					2259.8024	4.2936486511025125		
2260.672	0.05600000000004002	RippleTimeIntervals					2260.7152	2.552767539403029		
2260.78	0.031199999999898864	RippleTimeIntervals					2260.7952	3.201996686759273		
2263.456	0.05279999999993379	RippleTimeIntervals					2263.476	2.6159004236959835		
2263.6888	0.029600000000300497	RippleTimeIntervals					2263.7024	1.1475533166790224		
2264.1936	0.03679999999985739	RippleTimeIntervals					2264.208	3.1875145434134375		
2264.2736	0.08960000000024593	RippleTimeIntervals					2264.2904000000003	6.121956443015228		
2270.772	0.04080000000021755	RippleTimeIntervals					2270.804	1.5292375341217546		
2274.0	7.0	SleepStates								WAKEstate
2282.0	83.0	SleepStates								NREMstate
2283.1632	0.05120000000033542	RippleTimeIntervals					2283.1912	5.156366353539374		
2284.4928	0.02320000000008804	RippleTimeIntervals					2284.5112	1.2928115101252282		
2284.7176	0.022400000000288856	RippleTimeIntervals					2284.7328	0.6288953094170993		
2294.1400000000003	0.05279999999993379	RippleTimeIntervals					2294.176	2.2523826678751657		
2294.484	0.048800000000028376	RippleTimeIntervals					2294.4944	3.3965616988806127		
2300.5744	0.042400000000270666	RippleTimeIntervals					2300.5872	3.2526076667679615		
2300.744	0.03519999999980428	RippleTimeIntervals					2300.7624	0.91240730541009		
2303.132	0.06480000000010477	RippleTimeIntervals					2303.168	4.72829988723592		
2303.2728	0.027999999999792635	RippleTimeIntervals					2303.2784	0.9869441180402091		
2304.4696	0.044800000000122964	RippleTimeIntervals					2304.4896000000003	0.9802761748087717		
2305.3616	0.051199999999880674	RippleTimeIntervals					2305.384	8.807203727315654		
2306.108	0.03999999999996362	RippleTimeIntervals					2306.1272	1.9515812071663763		
2306.2984	0.02320000000008804	RippleTimeIntervals					2306.3168	0.6990813188106546		
2308.8848000000003	0.02959999999984575	RippleTimeIntervals					2308.8928	7.960159797822793		
2309.192	0.052000000000134605	RippleTimeIntervals					2309.2328	7.333813736552925		
2309.3696	0.02400000000034197	RippleTimeIntervals					2309.3848000000003	0.7057189175733183		
2312.3968	0.03440000000000509	RippleTimeIntervals					2312.4176	2.874114257018639		
2312.5712000000003	0.044799999999668216	RippleTimeIntervals					2312.5864	0.7435810670463135		
2313.1144	0.048800000000028376	RippleTimeIntervals					2313.12	1.1782630384277297		
2314.072	0.03760000000011132	RippleTimeIntervals					2314.0872	3.8184661031618394		
2314.1768	0.058399999999892316	RippleTimeIntervals					2314.188	2.090468029115001		
2314.3	0.04959999999982756	RippleTimeIntervals					2314.3328	2.649297966941058		
2314.8616	0.06239999999979773	RippleTimeIntervals					2314.8968	3.7245416569909513		
2316.684	0.02719999999999345	RippleTimeIntervals					2316.6944000000003	0.638678729027142		
2316.8224	0.028800000000046566	RippleTimeIntervals					2316.8368	1.0539760947784627		
2316.9752000000003	0.0431999999996151	RippleTimeIntervals					2317.0024000000003	5.268782782353703		
2317.4608000000003	0.03679999999985739	RippleTimeIntervals					2317.4768	4.52107127230155		
2317.7656	0.03679999999985739	RippleTimeIntervals					2317.7944	0.6650035716609091		
2318.2216000000003	0.08079999999972642	RippleTimeIntervals					2318.2856	2.1059065904175536		
2320.016	0.03040000000009968	RippleTimeIntervals					2320.0296000000003	3.350847611851779		
2321.0168000000003	0.04399999999986903	RippleTimeIntervals					2321.0328	1.3213893254124098		
2321.172	0.021600000000034925	RippleTimeIntervals					2321.1856000000002	2.5110607315302182		
2322.4832	0.021600000000034925	RippleTimeIntervals					2322.4872	0.6026159589272791		
2323.4336000000003	0.027999999999792635	RippleTimeIntervals					2323.4456	1.903428579244434		
2324.2672000000002	0.024799999999686406	RippleTimeIntervals					2324.272	0.5436964101037429		
2328.6032	0.08480000000008658	RippleTimeIntervals					2328.6336	2.1443644438056015		
2329.1816	0.05120000000033542	RippleTimeIntervals					2329.2096	2.105490669751707		
2331.8208	0.03040000000009968	RippleTimeIntervals					2331.8304000000003	3.981619089453713		
2331.8928	0.06399999999985084	RippleTimeIntervals					2331.9224	5.412455278784557		
2341.5048	0.05600000000004002	RippleTimeIntervals					2341.532	2.6818840026426085		
2341.7200000000003	0.02719999999999345	RippleTimeIntervals					2341.7408	1.0019741896837604		
2342.3424	0.08960000000024593	RippleTimeIntervals					2342.4136000000003	1.5306385665446347		
2342.5864	0.040799999999762804	RippleTimeIntervals					2342.6184000000003	2.275721015930513		
2343.3520000000003	0.0591999999996915	RippleTimeIntervals					2343.3712	0.7577718002010102		
2345.4376	0.05040000000008149	RippleTimeIntervals					2345.4736000000003	7.568367112153798		
2345.5280000000002	0.07199999999966167	RippleTimeIntervals					2345.5848	5.7563674820360236		
2347.5376	0.031199999999898864	RippleTimeIntervals					2347.5488	3.8905884099560164		
2347.6776	0.02400000000034197	RippleTimeIntervals					2347.6832	0.7679168939653864		
2351.4936000000002	0.02320000000008804	RippleTimeIntervals					2351.5048	1.0310325663330382		
2351.9112	0.02719999999999345	RippleTimeIntervals					2351.9168	1.0007669932926857		
2352.6624	0.024800000000141154	RippleTimeIntervals					2352.6800000000003	1.398933380993656		
2353.9	0.0567999999998392	RippleTimeIntervals					2353.924	4.429362141490305		
2354.4496	0.03680000000031214	RippleTimeIntervals					2354.4656	1.4745937194165235		
2355.2136	0.05760000000009313	RippleTimeIntervals					2355.2304	5.980006739638884		
2355.4656	0.06640000000015789	RippleTimeIntervals					2355.4792	1.158810595881241		
2356.1936	0.035200000000259024	RippleTimeIntervals					2356.208	5.627966862095628		
2356.8920000000003	0.020799999999780994	RippleTimeIntervals					2356.896	0.4377292212155036		
2357.6544	0.04080000000021755	RippleTimeIntervals					2357.6768	1.9520123851956446		
2358.272	0.03120000000035361	RippleTimeIntervals					2358.2808	0.5466514092606969		
2358.4888	0.07920000000012806	RippleTimeIntervals					2358.5008000000003	3.8617359609565614		
2358.6408	0.04559999999992215	RippleTimeIntervals					2358.6792	0.9540897187147197		
2361.9280000000003	0.04239999999981592	RippleTimeIntervals					2361.9624	3.0580508583541555		
2362.9112	0.042400000000270666	RippleTimeIntervals					2362.9336000000003	2.0522768788028913		
2366.0	90.0	SleepStates								WAKEstate
2446.3424	0.02320000000008804	RippleTimeIntervals					2446.3576000000003	0.7140678580824269		
2449.9216	0.04640000000017608	RippleTimeIntervals					2449.9512	2.89190496140809		
2449.9936000000002	0.038399999999910506	RippleTimeIntervals					2450.0192	2.3195251701113864		
2450.2360000000003	0.027999999999792635	RippleTimeIntervals					2450.2552	2.992804646087303		
2451.424	0.02719999999999345	RippleTimeIntervals					2451.4288	0.5906037321887065		
2457.0	86.0	SleepStates								NREMstate
2461.0576	0.06080000000019936	RippleTimeIntervals					2461.0896000000002	1.9503208501575804		
2462.6848	0.05600000000004002	RippleTimeIntervals					2462.7208	5.233684345839265		
2472.7968	0.02320000000008804	RippleTimeIntervals					2472.8016000000002	0.4907701344751832		
2473.6032	0.03040000000009968	RippleTimeIntervals					2473.6208	3.5565135709255427		
2474.8136	0.05840000000034706	RippleTimeIntervals					2474.8392	6.308969248693099		
2475.0144	0.03360000000020591	RippleTimeIntervals					2475.0256	2.7399289686941293		
2475.3	0.03760000000011132	RippleTimeIntervals					2475.3216	3.3075726457397057		
2480.3336	0.04800000000022919	RippleTimeIntervals					2480.3464	2.471152211975358		
2483.5152000000003	0.040799999999762804	RippleTimeIntervals					2483.5480000000002	1.608438685857792		
2483.7072000000003	0.038399999999910506	RippleTimeIntervals					2483.7312	4.633506904423348		
2484.5376	0.03920000000016444	RippleTimeIntervals					2484.5504	2.4315419810345786		
2485.7008	0.03920000000016444	RippleTimeIntervals					2485.7208	3.807391327882643		
2485.8936000000003	0.02879999999959182	RippleTimeIntervals					2485.9048000000003	1.5719302360756668		
2489.9504	0.023999999999887223	RippleTimeIntervals					2489.9528	0.43339352218579036		
2490.3608	0.02320000000008804	RippleTimeIntervals					2490.3768	0.9538382677659488		
2490.4864000000002	0.02639999999973952	RippleTimeIntervals					2490.4968	1.4947367194624623		
2491.6232	0.03040000000009968	RippleTimeIntervals					2491.6328000000003	1.7028980395177775		
2497.8224	0.06719999999995707	RippleTimeIntervals					2497.8336	3.174265735134766		
2498.2224	0.02080000000023574	RippleTimeIntervals					2498.2384	0.5404568498723041		
2498.4224	0.035200000000259024	RippleTimeIntervals					2498.4488	3.0215985436552693		
2500.8344	0.03279999999995198	RippleTimeIntervals					2500.8592000000003	1.164034372927288		
2501.0496000000003	0.058399999999892316	RippleTimeIntervals					2501.0816	1.0381753322960254		
2503.6248	0.028000000000247383	RippleTimeIntervals					2503.6328000000003	3.278868626270297		
2503.6904	0.04800000000022919	RippleTimeIntervals					2503.7144000000003	2.5680304043757576		
2503.7760000000003	0.061599999999998545	RippleTimeIntervals					2503.8224	3.4722825884750743		
2504.3504000000003	0.024799999999686406	RippleTimeIntervals					2504.3616	0.9813594401644308		
2504.5088	0.031199999999898864	RippleTimeIntervals					2504.5288	3.61245837200339		
2504.8008	0.042400000000270666	RippleTimeIntervals					2504.8312	0.7395810642990716		
2505.5728	0.04960000000028231	RippleTimeIntervals					2505.6064	3.127004358471797		
2506.2504	0.03920000000016444	RippleTimeIntervals					2506.2624	1.838977313286885		
2506.46	0.03760000000011132	RippleTimeIntervals					2506.4896000000003	1.592583587397034		
2508.0704	0.02719999999999345	RippleTimeIntervals					2508.0744	0.5388421620568953		
2509.2400000000002	0.03999999999996362	RippleTimeIntervals					2509.2664	1.426495657601588		
2510.78	0.04639999999972133	RippleTimeIntervals					2510.8184	0.5927915694682961		
2511.6552	0.023999999999887223	RippleTimeIntervals					2511.6672000000003	4.9881915899760525		
2512.2336	0.062400000000252476	RippleTimeIntervals					2512.2768	5.0061555740340555		
2515.8888	0.03359999999975116	RippleTimeIntervals					2515.9072	3.3082109555644856		
2516.2664	0.03680000000031214	RippleTimeIntervals					2516.2792	0.5927317282404477		
2516.404	0.028000000000247383	RippleTimeIntervals					2516.4128	7.680107509475377		
2516.58	0.05360000000018772	RippleTimeIntervals					2516.616	2.109595736602183		
2519.9368	0.09040000000004511	RippleTimeIntervals					2519.98	1.5140398715270746		
2520.2112	0.047999999999774445	RippleTimeIntervals					2520.2304	5.480499349502912		
2520.3776000000003	0.03199999999969805	RippleTimeIntervals					2520.3912	3.067152134820476		
2521.5080000000003	0.03199999999969805	RippleTimeIntervals					2521.5288	0.49865126781095287		
2523.3096	0.04080000000021755	RippleTimeIntervals					2523.3384	4.313124279541551		
2523.4448	0.041600000000016735	RippleTimeIntervals					2523.48	0.8247913567344494		
2523.7776000000003	0.05359999999973297	RippleTimeIntervals					2523.8056	9.170304894453709		
2524.0240000000003	0.06479999999965003	RippleTimeIntervals					2524.0568000000003	5.418490181923758		
2524.2104	0.03840000000036525	RippleTimeIntervals					2524.232	5.185619436091525		
2524.3568	0.023999999999887223	RippleTimeIntervals					2524.368	2.681958971783989		
2524.5328	0.07600000000002183	RippleTimeIntervals					2524.5952	2.8459077216347692		
2524.7984	0.023999999999887223	RippleTimeIntervals					2524.8160000000003	0.8562020696120677		
2527.0648	0.04320000000006985	RippleTimeIntervals					2527.0840000000003	0.6668761817250369		
2527.1952	0.03999999999996362	RippleTimeIntervals					2527.2216000000003	5.795184501541057		
2527.3824	0.03920000000016444	RippleTimeIntervals					2527.4032	0.8104692049318056		
2528.376	0.0567999999998392	RippleTimeIntervals					2528.4168	0.7969631546718534		
2528.4528	0.04080000000021755	RippleTimeIntervals					2528.4856	2.467016962097851		
2529.5776	0.05360000000018772	RippleTimeIntervals					2529.6136	2.0682260868468965		
2532.8336	0.06320000000005166	RippleTimeIntervals					2532.8432000000003	2.616234665401744		
2536.2496	0.02320000000008804	RippleTimeIntervals					2536.2648	1.421321810262306		
2539.2712	0.03679999999985739	RippleTimeIntervals					2539.2944	4.95569483093057		
2542.2864	0.035200000000259024	RippleTimeIntervals					2542.3064	3.2651055958433464		
2544.0	15.0	SleepStates								WAKEstate
2548.2144000000003	0.02959999999984575	RippleTimeIntervals					2548.2232	3.038609317593394		
2548.7712	0.022399999999834108	RippleTimeIntervals					2548.7760000000003	0.824027305218415		
2548.8976000000002	0.03440000000000509	RippleTimeIntervals					2548.9176	2.64376447724908		
2549.5712000000003	0.040799999999762804	RippleTimeIntervals					2549.5816	0.7888102686892156		
2549.6792	0.04640000000017608	RippleTimeIntervals					2549.692	3.7931149054674846		
2549.8536	0.03360000000020591	RippleTimeIntervals					2549.876	0.8735534694659671		
2558.2208	0.044800000000122964	RippleTimeIntervals					2558.2448	3.4978539299331137		
2560.0	15.0	SleepStates								NREMstate
2565.2904000000003	0.05519999999978609	RippleTimeIntervals					2565.3184	1.366898359303213		
2566.1536	0.04320000000006985	RippleTimeIntervals					2566.1800000000003	0.7251386314875757		
2566.7712	0.038399999999910506	RippleTimeIntervals					2566.7808	5.499963131105926		
2570.5864	0.06959999999980937	RippleTimeIntervals					2570.6392	3.728817560692051		
2573.8456	0.038399999999910506	RippleTimeIntervals					2573.86	1.2668929498372519		
2574.436	0.03040000000009968	RippleTimeIntervals					2574.46	0.4091709667622413		
2575.3856	0.05920000000014625	RippleTimeIntervals					2575.42	5.365318587754796		
2575.536	0.035200000000259024	RippleTimeIntervals					2575.5488	5.783922347649563		
2576.0	13.0	SleepStates								WAKEstate
2577.2864	0.04640000000017608	RippleTimeIntervals					2577.2968	1.363210625766614		
2581.8736	0.048800000000028376	RippleTimeIntervals					2581.8944	2.0146634209500505		
2581.9512	0.025599999999940337	RippleTimeIntervals					2581.9664000000002	0.8716168762115104		
2590.0	23.0	SleepStates								NREMstate
2600.1728000000003	0.047999999999774445	RippleTimeIntervals					2600.1912	3.2832206700189643		
2608.4704	0.03760000000011132	RippleTimeIntervals					2608.496	1.932794576158478		
2610.2416000000003	0.03440000000000509	RippleTimeIntervals					2610.2656	2.668233922261158		
2614.0	64.0	SleepStates								WAKEstate
2633.3672	0.051199999999880674	RippleTimeIntervals					2633.3912	0.7086097881800577		
2633.46	0.028000000000247383	RippleTimeIntervals					2633.4808000000003	1.980751006547849		
2657.7968	0.028800000000046566	RippleTimeIntervals					2657.8120000000004	2.7055075828495583		
2660.176	0.06320000000005166	RippleTimeIntervals					2660.2224	3.9333301951507136		
2678.2552	0.05999999999994543	RippleTimeIntervals					2678.284	6.00702627581132		
2678.3736000000004	0.07599999999956708	RippleTimeIntervals					2678.3928	3.5630410769405305		
2678.4792	0.020799999999780994	RippleTimeIntervals					2678.492	1.2814083798547526		
2679.0	195.0	SleepStates								NREMstate
2682.1072	0.03600000000005821	RippleTimeIntervals					2682.1272	3.814735428858926		
2683.1864	0.08480000000008658	RippleTimeIntervals					2683.2168	3.0658396695630326		
2685.1672000000003	0.03199999999969805	RippleTimeIntervals					2685.1768	0.7869779530431047		
2696.3624	0.04640000000017608	RippleTimeIntervals					2696.3808	5.243136467018186		
2699.3424	0.08480000000008658	RippleTimeIntervals					2699.416	5.844493571107062		
2703.5648	0.06239999999979773	RippleTimeIntervals					2703.6024	0.6960106715212536		
2703.6528000000003	0.06399999999985084	RippleTimeIntervals					2703.6992	3.7359594372340545		
2704.0416	0.03920000000016444	RippleTimeIntervals					2704.0688	6.954600507611242		
2704.3248000000003	0.04719999999997526	RippleTimeIntervals					2704.3496	3.383064752197251		
2704.4880000000003	0.047999999999774445	RippleTimeIntervals					2704.5112	5.54786680626092		
2704.732	0.06480000000010477	RippleTimeIntervals					2704.7560000000003	1.746455267117365		
2715.6848	0.07520000000022264	RippleTimeIntervals					2715.724	1.6884381932181178		
2716.1704	0.02719999999999345	RippleTimeIntervals					2716.176	0.6442324287206257		
2716.5696000000003	0.07359999999971478	RippleTimeIntervals					2716.616	6.189305080354469		
2718.7552	0.03600000000005821	RippleTimeIntervals					2718.772	2.126261165466841		
2718.8464	0.029600000000300497	RippleTimeIntervals					2718.868	0.7322321612130337		
2719.0768000000003	0.03919999999970969	RippleTimeIntervals					2719.0936	2.8756794314200493		
2719.84	0.068000000000211	RippleTimeIntervals					2719.8720000000003	3.093570809443037		
2720.0664	0.03440000000000509	RippleTimeIntervals					2720.0856000000003	1.5270707559820644		
2720.2488000000003	0.048800000000028376	RippleTimeIntervals					2720.264	4.291065480096593		
2720.76	0.031199999999898864	RippleTimeIntervals					2720.784	1.6340715200682896		
2721.6040000000003	0.06639999999970314	RippleTimeIntervals					2721.648	5.844055298857257		
2722.1688	0.05840000000034706	RippleTimeIntervals					2722.2032	1.1740331945766638		
2723.0736	0.03040000000009968	RippleTimeIntervals					2723.088	1.7180873937970302		
2725.2072000000003	0.03919999999970969	RippleTimeIntervals					2725.2312	2.2870107476868036		
2725.4024	0.052000000000134605	RippleTimeIntervals					2725.4504	0.6832120661424578		
2726.9608000000003	0.022399999999834108	RippleTimeIntervals					2726.9656	0.4526662409221894		
2727.7904000000003	0.02959999999984575	RippleTimeIntervals					2727.8016000000002	6.621938482338283		
2727.9104	0.02320000000008804	RippleTimeIntervals					2727.9152	1.8601492530056083		
2728.0096000000003	0.040799999999762804	RippleTimeIntervals					2728.0432	1.2821955793601114		
2728.264	0.025599999999940337	RippleTimeIntervals					2728.2704000000003	1.305492989792507		
2731.4416	0.03679999999985739	RippleTimeIntervals					2731.4528	3.389821761635074		
2731.5568000000003	0.060799999999744614	RippleTimeIntervals					2731.5872	6.039337836382711		
2731.6856000000002	0.08719999999993888	RippleTimeIntervals					2731.7512	3.8917436115245625		
2732.4792	0.07359999999971478	RippleTimeIntervals					2732.5272	6.720463946314427		
2732.6440000000002	0.044800000000122964	RippleTimeIntervals					2732.6816000000003	1.4254527813482045		
2732.8264	0.03600000000005821	RippleTimeIntervals					2732.8552	1.1367087048280382		
2732.9056	0.0543999999999869	RippleTimeIntervals					2732.9408000000003	1.3448587664436282		
2733.0216	0.05760000000009313	RippleTimeIntervals					2733.0640000000003	3.848771448318373		
2733.2408	0.03999999999996362	RippleTimeIntervals					2733.2616000000003	2.899640033762978		
2734.2256	0.03679999999985739	RippleTimeIntervals					2734.2336	2.5537409760877408		
2734.4456	0.05999999999994543	RippleTimeIntervals					2734.4936000000002	4.8446204471531455		
2734.5392	0.04959999999982756	RippleTimeIntervals					2734.5512000000003	2.1479229457375086		
2734.6448	0.1048000000000684	RippleTimeIntervals					2734.6568	2.6787853971414854		
2739.6488	0.08720000000039363	RippleTimeIntervals					2739.6816000000003	3.946163843348308		
2742.0392	0.05040000000008149	RippleTimeIntervals					2742.0512000000003	0.5365967093504491		
2742.4104	0.058399999999892316	RippleTimeIntervals					2742.4416	5.955749438065709		
2745.6800000000003	0.04239999999981592	RippleTimeIntervals					2745.7008	4.332203677992461		
2745.8920000000003	0.03279999999995198	RippleTimeIntervals					2745.9088	2.026589729834056		
2747.9624000000003	0.03359999999975116	RippleTimeIntervals					2747.9832	1.574209877991769		
2750.6312000000003	0.047999999999774445	RippleTimeIntervals					2750.6656000000003	2.480073488075505		
2752.4416	0.04719999999997526	RippleTimeIntervals					2752.4736000000003	1.2790094507057022		
2755.7704000000003	0.030399999999644933	RippleTimeIntervals					2755.7824	1.1827268470819468		
2766.2128000000002	0.027999999999792635	RippleTimeIntervals					2766.2216000000003	1.7355995702493197		
2768.2776000000003	0.05039999999962674	RippleTimeIntervals					2768.2968	4.437319660855298		
2768.504	0.022400000000288856	RippleTimeIntervals					2768.5184	1.6917312393074406		
2774.9272	0.02719999999999345	RippleTimeIntervals					2774.9376	2.822109642776088		
2775.272	0.03680000000031214	RippleTimeIntervals					2775.288	3.621270186711293		
2775.9136000000003	0.03279999999995198	RippleTimeIntervals					2775.9312	1.7374992026320542		
2776.512	0.06559999999990396	RippleTimeIntervals					2776.5648	7.528331338930324		
2776.7888000000003	0.027999999999792635	RippleTimeIntervals					2776.8088000000002	1.1381402886572893		
2776.9408000000003	0.023199999999633292	RippleTimeIntervals					2776.9464000000003	0.8005016150743983		
2777.5344	0.03279999999995198	RippleTimeIntervals					2777.5488	1.3772899770917009		
2782.4	0.026400000000194268	RippleTimeIntervals					2782.4112	10.264621302644006		
2793.3952	0.1184000000002925	RippleTimeIntervals					2793.4608000000003	3.5163507250619794		
2794.192	0.022400000000288856	RippleTimeIntervals					2794.2032	0.7730791216038203		
2795.2056000000002	0.03199999999969805	RippleTimeIntervals					2795.2200000000003	1.6264794632635473		
2795.4272	0.03040000000009968	RippleTimeIntervals					2795.4496	2.5142412077161342		
2795.6472000000003	0.021599999999580177	RippleTimeIntervals					2795.656	1.8290576336990991		
2797.444	0.032000000000152795	RippleTimeIntervals					2797.4576	0.5753509670987211		
2797.4968000000003	0.023999999999887223	RippleTimeIntervals					2797.5024000000003	0.5547907813136153		
2800.2072000000003	0.03919999999970969	RippleTimeIntervals					2800.2384	0.6378084899496889		
2805.0472	0.04960000000028231	RippleTimeIntervals					2805.076	3.8415434279204916		
2805.8968	0.07280000000037035	RippleTimeIntervals					2805.9480000000003	1.9456794245092586		
2806.0424000000003	0.03519999999980428	RippleTimeIntervals					2806.052	2.8261021154839767		
2807.3656	0.05040000000008149	RippleTimeIntervals					2807.404	0.6649058136595547		
2807.86	0.031199999999898864	RippleTimeIntervals					2807.8768	1.7056857782043795		
2808.6544000000004	0.037599999999656575	RippleTimeIntervals					2808.6872000000003	0.6375734070023917		
2809.3384	0.03920000000016444	RippleTimeIntervals					2809.344	0.5902101221525926		
2809.7528	0.025599999999940337	RippleTimeIntervals					2809.7696	0.6217747726352544		
2811.6696	0.03519999999980428	RippleTimeIntervals					2811.6800000000003	1.8620727936508874		
2813.2704000000003	0.07679999999982101	RippleTimeIntervals					2813.2872	2.6757647450504005		
2813.3704000000002	0.03679999999985739	RippleTimeIntervals					2813.3888	4.708267746942336		
2814.9616	0.03440000000000509	RippleTimeIntervals					2814.9656	0.7451853693915228		
2817.8896	0.02719999999999345	RippleTimeIntervals					2817.9056	0.7059376645736117		
2819.9056	0.03440000000000509	RippleTimeIntervals					2819.9288	0.8722589863850392		
2820.2832000000003	0.0543999999999869	RippleTimeIntervals					2820.3008	4.5618935605494375		
2827.8376000000003	0.03919999999970969	RippleTimeIntervals					2827.8568	2.9394182309471857		
2831.7848000000004	0.02639999999973952	RippleTimeIntervals					2831.7936	1.8209487568711313		
2832.3096	0.05040000000008149	RippleTimeIntervals					2832.3248000000003	3.7678603833421365		
2832.8512	0.03760000000011132	RippleTimeIntervals					2832.876	3.1524953605024946		
2833.0232	0.04320000000006985	RippleTimeIntervals					2833.0288	0.6490117028822946		
2833.6712	0.02639999999973952	RippleTimeIntervals					2833.6808	5.434390796920202		
2835.9208000000003	0.02879999999959182	RippleTimeIntervals					2835.9448	0.8951703719366118		
2836.3368	0.03680000000031214	RippleTimeIntervals					2836.3456	4.687447147672804		
2836.4488	0.03760000000011132	RippleTimeIntervals					2836.4648	12.916745321408522		
2836.5616	0.062400000000252476	RippleTimeIntervals					2836.592	2.7807931550872236		
2837.4648	0.03679999999985739	RippleTimeIntervals					2837.4816	1.0523597572093935		
2837.5304	0.06080000000019936	RippleTimeIntervals					2837.58	3.730299378991026		
2839.8232000000003	0.06479999999965003	RippleTimeIntervals					2839.856	2.0793391117857674		
2840.6600000000003	0.04239999999981592	RippleTimeIntervals					2840.6808	4.325986479300745		
2840.752	0.062400000000252476	RippleTimeIntervals					2840.7808	1.4903436818200457		
2840.9456	0.038399999999910506	RippleTimeIntervals					2840.9544	1.2609540026796096		
2841.0296000000003	0.028800000000046566	RippleTimeIntervals					2841.0472	2.8816641851256874		
2841.8072	0.04639999999972133	RippleTimeIntervals					2841.8360000000002	5.334994025012278		
2841.9664000000002	0.048800000000028376	RippleTimeIntervals					2841.9936000000002	6.6467789358439555		
2842.6736	0.032000000000152795	RippleTimeIntervals					2842.688	0.8235169502511642		
2843.3664000000003	0.03199999999969805	RippleTimeIntervals					2843.3904	0.7505520190077487		
2844.9888	0.03040000000009968	RippleTimeIntervals					2845.0112	0.7632027733141816		
2845.6776	0.02719999999999345	RippleTimeIntervals					2845.6928000000003	2.7527994248823258		
2847.284	0.025599999999940337	RippleTimeIntervals					2847.3048000000003	0.8215487331779808		
2848.78	0.04320000000006985	RippleTimeIntervals					2848.8152	2.2936861630165297		
2849.1296	0.05519999999978609	RippleTimeIntervals					2849.1648	7.332072543091029		
2849.9216	0.03999999999996362	RippleTimeIntervals					2849.9608000000003	0.4024738087113035		
2850.8352	0.03440000000000509	RippleTimeIntervals					2850.844	3.4637372453358317		
2851.0480000000002	0.028800000000046566	RippleTimeIntervals					2851.0536	0.4637648905011826		
2852.2096	0.038399999999910506	RippleTimeIntervals					2852.2144000000003	0.5802414861799245		
2852.608	0.047999999999774445	RippleTimeIntervals					2852.6288	0.978929205424062		
2853.5664	0.03920000000016444	RippleTimeIntervals					2853.5904	1.206570220460779		
2853.6768	0.04320000000006985	RippleTimeIntervals					2853.7128000000002	0.866866520182432		
2854.588	0.04559999999992215	RippleTimeIntervals					2854.6064	7.299964668956854		
2854.7712	0.025599999999940337	RippleTimeIntervals					2854.7888000000003	0.9541588406786253		
2856.7144000000003	0.023999999999887223	RippleTimeIntervals					2856.7352	0.4303183993079662		
2858.6272000000004	0.04239999999981592	RippleTimeIntervals					2858.6568	0.7817903756225342		
2864.356	0.07999999999992724	RippleTimeIntervals					2864.4112	5.515697663985793		
2864.8920000000003	0.057599999999638385	RippleTimeIntervals					2864.9336000000003	4.272421220348675		
2865.0384	0.03840000000036525	RippleTimeIntervals					2865.06	9.780428124590177		
2865.5384	0.0704000000000633	RippleTimeIntervals					2865.5888	1.5583487526608866		
2866.3864000000003	0.06959999999980937	RippleTimeIntervals					2866.4296	5.344552171552642		
2867.1152	0.03519999999980428	RippleTimeIntervals					2867.1272000000004	3.975133555335979		
2867.4768	0.042400000000270666	RippleTimeIntervals					2867.5064	3.2722098346397157		
2868.8264	0.03360000000020591	RippleTimeIntervals					2868.8312	0.45754569727570554		
2868.972	0.027999999999792635	RippleTimeIntervals					2868.9912	1.342240220596432		
2875.0	8.0	SleepStates								WAKEstate
2884.0	66.0	SleepStates								NREMstate
2890.6040000000003	0.02320000000008804	RippleTimeIntervals					2890.6128000000003	0.8383920021617418		
2890.672	0.055200000000240834	RippleTimeIntervals					2890.6968	4.810827390642623		
2895.8120000000004	0.031199999999898864	RippleTimeIntervals					2895.8328	4.163343854355343		
2896.1832	0.03440000000000509	RippleTimeIntervals					2896.1944000000003	3.9570792093453275		
2896.348	0.06960000000026412	RippleTimeIntervals					2896.3888	6.6929859499216535		
2896.5176	0.06559999999990396	RippleTimeIntervals					2896.5664	4.827152600194267		
2896.8256	0.04559999999992215	RippleTimeIntervals					2896.864	1.1452988055128779		
2899.696	0.032000000000152795	RippleTimeIntervals					2899.708	5.288794706548875		
2899.8624	0.029600000000300497	RippleTimeIntervals					2899.88	4.860500368202446		
2900.9504	0.027999999999792635	RippleTimeIntervals					2900.9552000000003	0.6234914308826076		
2901.7304	0.03680000000031214	RippleTimeIntervals					2901.7632000000003	0.5138515751951247		
2902.1904	0.061599999999998545	RippleTimeIntervals					2902.2144000000003	3.2365969314862615		
2902.8184	0.023999999999887223	RippleTimeIntervals					2902.8352	0.7160198934964075		
2905.8992000000003	0.020799999999780994	RippleTimeIntervals					2905.9120000000003	2.182178338247163		
2906.4336000000003	0.038399999999910506	RippleTimeIntervals					2906.436	0.5601813179369511		
2908.4648	0.04719999999997526	RippleTimeIntervals					2908.4792	0.6766733986723056		
2908.8360000000002	0.021600000000034925	RippleTimeIntervals					2908.8408	1.9766828096959659		
2909.6952	0.024800000000141154	RippleTimeIntervals					2909.7032	0.8212206456775993		
2909.8920000000003	0.04320000000006985	RippleTimeIntervals					2909.9072	2.6103306334000536		
2911.0928000000004	0.0591999999996915	RippleTimeIntervals					2911.132	2.6833840172457575		
2911.2352	0.051199999999880674	RippleTimeIntervals					2911.2760000000003	5.490085685949383		
2911.5864	0.031199999999898864	RippleTimeIntervals					2911.6040000000003	5.050358724608597		
2912.248	0.11599999999998545	RippleTimeIntervals					2912.28	3.103964669318278		
2917.1024	0.031199999999898864	RippleTimeIntervals					2917.1176	5.575662459546391		
2919.8168	0.028000000000247383	RippleTimeIntervals					2919.8368	1.0449187325090832		
2920.7096	0.0567999999998392	RippleTimeIntervals					2920.7536	3.582331241307642		
2920.8664000000003	0.04639999999972133	RippleTimeIntervals					2920.8896	3.8524637208495944		
2921.0416	0.04640000000017608	RippleTimeIntervals					2921.0768000000003	2.6625037548119237		
2921.6544000000004	0.07599999999956708	RippleTimeIntervals					2921.7064	3.648136093325589		
2923.4080000000004	0.022399999999834108	RippleTimeIntervals					2923.4144	1.1123299457784035		
2929.5296000000003	0.06320000000005166	RippleTimeIntervals					2929.5424000000003	4.534417566296885		
2930.0224000000003	0.057599999999638385	RippleTimeIntervals					2930.0496000000003	4.061768922483512		
2931.136	0.03760000000011132	RippleTimeIntervals					2931.1648	3.563653823989066		
2931.6072	0.03920000000016444	RippleTimeIntervals					2931.6192	1.0045240465246408		
2935.4592000000002	0.021600000000034925	RippleTimeIntervals					2935.4648	0.7009377662096605		
2936.4968000000003	0.030399999999644933	RippleTimeIntervals					2936.5056	0.9263622478454349		
2937.804	0.02320000000008804	RippleTimeIntervals					2937.8088000000002	0.6315759565029732		
2938.0392	0.04559999999992215	RippleTimeIntervals					2938.052	1.5405129959526573		
2938.1384000000003	0.05600000000004002	RippleTimeIntervals					2938.1632	1.7606204790518007		
2939.472	0.05999999999994543	RippleTimeIntervals					2939.5208000000002	1.4324041474686529		
2941.1312000000003	0.022399999999834108	RippleTimeIntervals					2941.1368	0.9560103933332177		
2941.2136	0.058399999999892316	RippleTimeIntervals					2941.232	0.5852458789607478		
2942.0848	0.09999999999990905	RippleTimeIntervals					2942.1672000000003	2.9459289616075512		
2944.4328	0.06080000000019936	RippleTimeIntervals					2944.4464000000003	1.7895542383705854		
2951.0	9.0	SleepStates								WAKEstate
2952.6672000000003	0.020799999999780994	RippleTimeIntervals					2952.6800000000003	0.9144544199083258		
2952.956	0.05040000000008149	RippleTimeIntervals					2952.996	1.4029588662990926		
2961.0	119.0	SleepStates								NREMstate
2964.1648	0.042400000000270666	RippleTimeIntervals					2964.1776	6.29138074689744		
2970.7336	0.03999999999996362	RippleTimeIntervals					2970.7392	0.8438451694973311		
2970.8464000000004	0.03679999999985739	RippleTimeIntervals					2970.8592000000003	5.817240884601359		
2971.0128	0.05760000000009313	RippleTimeIntervals					2971.0512000000003	5.377747365302507		
2977.0728	0.029600000000300497	RippleTimeIntervals					2977.0904	0.43763196247049396		
2980.86	0.03279999999995198	RippleTimeIntervals					2980.8712	4.462303683974477		
2982.7000000000003	0.041600000000016735	RippleTimeIntervals					2982.7192	2.997171963219745		
2985.5456	0.055200000000240834	RippleTimeIntervals					2985.5792	6.2604509645696576		
2985.6800000000003	0.06479999999965003	RippleTimeIntervals					2985.7032	1.596061317164373		
2985.8048000000003	0.05519999999978609	RippleTimeIntervals					2985.8512	4.837021936683311		
2985.9768000000004	0.044799999999668216	RippleTimeIntervals					2986.0072	5.646975419638792		
2986.2328	0.03760000000011132	RippleTimeIntervals					2986.2528	1.1932540959406264		
2986.3576000000003	0.04399999999986903	RippleTimeIntervals					2986.3704000000002	1.423008937392553		
2986.6936	0.03440000000000509	RippleTimeIntervals					2986.7064	5.621870980049227		
2986.8424	0.042400000000270666	RippleTimeIntervals					2986.8688	4.790576906214658		
2988.4368	0.05600000000004002	RippleTimeIntervals					2988.476	3.269963500572113		
2988.5968000000003	0.04639999999972133	RippleTimeIntervals					2988.6144	7.368734062542736		
2989.0632	0.03600000000005821	RippleTimeIntervals					2989.0928000000004	0.6845639025888024		
2989.3768	0.03600000000005821	RippleTimeIntervals					2989.396	2.7548626045084887		
2989.6000000000004	0.024799999999686406	RippleTimeIntervals					2989.612	4.2513999970053105		
2990.4208000000003	0.060799999999744614	RippleTimeIntervals					2990.4504	4.4383730835098385		
2991.9712	0.03360000000020591	RippleTimeIntervals					2992.0	0.5028253524065883		
2992.7560000000003	0.044799999999668216	RippleTimeIntervals					2992.7696	1.6931918444795575		
2994.6768	0.03600000000005821	RippleTimeIntervals					2994.6824	0.76932720919843		
2996.5552000000002	0.061599999999998545	RippleTimeIntervals					2996.5640000000003	0.5673977234827998		
2996.8	0.02320000000008804	RippleTimeIntervals					2996.8160000000003	0.5056337895844183		
2997.5072	0.028000000000247383	RippleTimeIntervals					2997.512	0.4048499030422395		
3000.4344	0.03999999999996362	RippleTimeIntervals					3000.456	2.1301254901015385		
3002.5904	0.038399999999910506	RippleTimeIntervals					3002.6216	1.3133823162407292		
3002.6568	0.09679999999980282	RippleTimeIntervals					3002.704	5.93646549005643		
3003.1432	0.032000000000152795	RippleTimeIntervals					3003.1576	6.143289894675027		
3004.2016000000003	0.0431999999996151	RippleTimeIntervals					3004.2368	0.8468296641458606		
3004.3184	0.0567999999998392	RippleTimeIntervals					3004.3592000000003	3.1504212762990433		
3008.7000000000003	0.025599999999940337	RippleTimeIntervals					3008.712	1.1875400527486328		
3009.3056	0.03679999999985739	RippleTimeIntervals					3009.3264	0.870853441254112		
3009.608	0.05600000000004002	RippleTimeIntervals					3009.6544000000004	3.5331467756140964		
3012.9024	0.08560000000034051	RippleTimeIntervals					3012.9488	1.2223756592265653		
3013.5512000000003	0.020799999999780994	RippleTimeIntervals					3013.5592	0.9090209501871189		
3013.6232	0.05040000000008149	RippleTimeIntervals					3013.6448	7.254402521316962		
3014.5176	0.09920000000010987	RippleTimeIntervals					3014.5968000000003	2.6694920081490063		
3014.8088000000002	0.08399999999983265	RippleTimeIntervals					3014.8224	1.3727255195251242		
3015.3248000000003	0.04399999999986903	RippleTimeIntervals					3015.3504000000003	2.4493888823673373		
3015.5352000000003	0.023999999999887223	RippleTimeIntervals					3015.5424000000003	1.5734369891549844		
3015.7296	0.032000000000152795	RippleTimeIntervals					3015.7432000000003	1.2424472908789108		
3017.3008	0.035200000000259024	RippleTimeIntervals					3017.3232000000003	1.6467527972974474		
3017.4304	0.11679999999978463	RippleTimeIntervals					3017.4504	6.7061771475494005		
3018.0632	0.05999999999994543	RippleTimeIntervals					3018.1000000000004	2.008956855720687		
3020.8224	0.02719999999999345	RippleTimeIntervals					3020.8424	0.6586503548512037		
3021.2888000000003	0.04639999999972133	RippleTimeIntervals					3021.3184	5.481235024322059		
3022.4448	0.038399999999910506	RippleTimeIntervals					3022.4624000000003	4.1242995576212325		
3022.5672	0.032800000000406726	RippleTimeIntervals					3022.5832	2.394626263322049		
3027.0792	0.02959999999984575	RippleTimeIntervals					3027.0872	1.3603582935255167		
3029.2192	0.028000000000247383	RippleTimeIntervals					3029.2312	1.9750743459366686		
3033.8024	0.0727999999999156	RippleTimeIntervals					3033.8592000000003	3.618539537635242		
3033.9096	0.05600000000004002	RippleTimeIntervals					3033.952	1.594499653825002		
3034.0904	0.035200000000259024	RippleTimeIntervals					3034.1048	2.6229499248241996		
3034.2512	0.03360000000020591	RippleTimeIntervals					3034.264	2.8320767474791904		
3035.7744000000002	0.025599999999940337	RippleTimeIntervals					3035.7824	0.40301623313449714		
3038.1976	0.0543999999999869	RippleTimeIntervals					3038.2248	0.636105595790191		
3038.4072	0.03999999999996362	RippleTimeIntervals					3038.4288	1.5755887065904552		
3038.5864	0.027999999999792635	RippleTimeIntervals					3038.596	0.9641625811997551		
3038.8144	0.041600000000016735	RippleTimeIntervals					3038.8312	0.6507230146157197		
3038.9328	0.031199999999898864	RippleTimeIntervals					3038.9448	3.569584104268919		
3040.3888	0.05600000000004002	RippleTimeIntervals					3040.4096	1.773154626724104		
3040.628	0.07920000000012806	RippleTimeIntervals					3040.656	2.496326545372154		
3040.86	0.1024000000002161	RippleTimeIntervals					3040.944	4.741333708524366		
3049.808	0.04320000000006985	RippleTimeIntervals					3049.8248000000003	2.563377877405687		
3051.0744	0.03120000000035361	RippleTimeIntervals					3051.0984000000003	0.42175345605930975		
3051.8008	0.02719999999999345	RippleTimeIntervals					3051.8144	0.9532513599515425		
3051.9888	0.031199999999898864	RippleTimeIntervals					3052.0112000000004	0.6781319920610746		
3054.4816	0.03760000000011132	RippleTimeIntervals					3054.4872	0.9238846433131253		
3058.0008000000003	0.020799999999780994	RippleTimeIntervals					3058.0136	0.5600445690268887		
3059.0984000000003	0.08399999999983265	RippleTimeIntervals					3059.1688	3.1058271685290464		
3059.304	0.03040000000009968	RippleTimeIntervals					3059.3160000000003	1.5484633526746967		
3061.0792	0.02719999999999345	RippleTimeIntervals					3061.0976	0.5514666748178833		
3070.916	0.03999999999996362	RippleTimeIntervals					3070.9488	0.5338967819674455		
3076.9248000000002	0.08399999999983265	RippleTimeIntervals					3076.9880000000003	2.747776986486692		
3081.0	17.0	SleepStates								WAKEstate
3087.2048	0.03440000000000509	RippleTimeIntervals					3087.2288000000003	1.3271487357286298		
3087.5592	0.04640000000017608	RippleTimeIntervals					3087.5936	1.553864777052769		
3089.0304	0.07200000000011642	RippleTimeIntervals					3089.0744	3.7007712983792653		
3089.2456	0.06239999999979773	RippleTimeIntervals					3089.2608	3.5317522647276864		
3099.0	25.0	SleepStates								REMstate
3101.1440000000002	0.027999999999792635	RippleTimeIntervals					3101.1632	1.9389032972306843		
3125.0	17.0	SleepStates								WAKEstate
3143.0	383.0	SleepStates								NREMstate
3146.82	0.09920000000010987	RippleTimeIntervals					3146.8488	4.153233385060414		
3148.1704	0.044800000000122964	RippleTimeIntervals					3148.192	4.722907023225461		
3148.32	0.08959999999979118	RippleTimeIntervals					3148.3368	1.0778531570963172		
3148.5392	0.03440000000000509	RippleTimeIntervals					3148.5664	0.6296641707527212		
3150.0480000000002	0.020799999999780994	RippleTimeIntervals					3150.0568000000003	0.5342623656124547		
3158.4696000000004	0.03919999999970969	RippleTimeIntervals					3158.4904	1.0542775230809753		
3158.7232000000004	0.03359999999975116	RippleTimeIntervals					3158.744	1.805729248490779		
3160.6336	0.035200000000259024	RippleTimeIntervals					3160.648	1.305488104502566		
3163.112	0.04399999999986903	RippleTimeIntervals					3163.132	4.160673604518602		
3166.4608000000003	0.03600000000005821	RippleTimeIntervals					3166.4840000000004	2.717853432765466		
3166.8984	0.038399999999910506	RippleTimeIntervals					3166.9216	3.7012332917097326		
3167.0096000000003	0.03600000000005821	RippleTimeIntervals					3167.0344	2.1754332471022657		
3167.664	0.03519999999980428	RippleTimeIntervals					3167.6824	2.933868380574833		
3168.3032000000003	0.04639999999972133	RippleTimeIntervals					3168.3216	1.8129173870772604		
3168.4872	0.05040000000008149	RippleTimeIntervals					3168.5128	2.2846523191773165		
3170.7552	0.03040000000009968	RippleTimeIntervals					3170.7696	3.699875519938181		
3170.8728	0.02320000000008804	RippleTimeIntervals					3170.8888	0.595303412270432		
3173.7200000000003	0.04639999999972133	RippleTimeIntervals					3173.7592	1.1175231874017242		
3173.9304	0.02320000000008804	RippleTimeIntervals					3173.94	1.3542235127596565		
3175.9288	0.03760000000011132	RippleTimeIntervals					3175.9584	1.080786270872088		
3176.0384000000004	0.038399999999910506	RippleTimeIntervals					3176.0672	5.47234896446462		
3177.4016	0.026400000000194268	RippleTimeIntervals					3177.4104	1.9372506721582656		
3179.4192000000003	0.1087999999999738	RippleTimeIntervals					3179.5192	1.8419417596782688		
3180.6288	0.042400000000270666	RippleTimeIntervals					3180.6664	0.4101115215645928		
3182.1944000000003	0.0431999999996151	RippleTimeIntervals					3182.208	2.1455644312272786		
3182.4312	0.028000000000247383	RippleTimeIntervals					3182.4536000000003	0.6113268259874898		
3183.4536000000003	0.060799999999744614	RippleTimeIntervals					3183.4840000000004	1.8577455594968253		
3186.6688000000004	0.05359999999973297	RippleTimeIntervals					3186.6992	5.4981541091868005		
3188.0056	0.07680000000027576	RippleTimeIntervals					3188.0568000000003	3.601199468338766		
3188.7552	0.042400000000270666	RippleTimeIntervals					3188.7864	7.838757735140521		
3192.5312000000004	0.04719999999997526	RippleTimeIntervals					3192.5416	0.4366194022122055		
3193.3272	0.14159999999992579	RippleTimeIntervals					3193.4536000000003	4.486115389270551		
3194.628	0.09600000000000364	RippleTimeIntervals					3194.6824	4.6981371137889045		
3196.1552	0.05920000000014625	RippleTimeIntervals					3196.1688000000004	0.9721180486316835		
3196.7592	0.041600000000016735	RippleTimeIntervals					3196.788	3.5184036864804353		
3197.1184000000003	0.03199999999969805	RippleTimeIntervals					3197.1352	0.7564884587432651		
3199.8736000000004	0.06959999999980937	RippleTimeIntervals					3199.9312	1.4100626626019497		
3204.6272000000004	0.02639999999973952	RippleTimeIntervals					3204.6400000000003	0.6939205320699001		
3204.7696	0.09279999999989741	RippleTimeIntervals					3204.8472	2.3450539896670364		
3205.0896000000002	0.04719999999997526	RippleTimeIntervals					3205.0952	0.763294614094196		
3206.7696	0.04399999999986903	RippleTimeIntervals					3206.7864	8.186029492477775		
3207.0416	0.09280000000035216	RippleTimeIntervals					3207.0864	1.8426588036053273		
3207.2896	0.04320000000006985	RippleTimeIntervals					3207.3152	0.945780037995863		
3207.5464	0.0567999999998392	RippleTimeIntervals					3207.5656000000004	4.1074120349847		
3207.7264	0.04080000000021755	RippleTimeIntervals					3207.7384	3.922968487027242		
3211.0856000000003	0.04239999999981592	RippleTimeIntervals					3211.1168000000002	6.267925245148661		
3211.3432000000003	0.06639999999970314	RippleTimeIntervals					3211.3920000000003	3.5693712009612812		
3213.8872	0.028000000000247383	RippleTimeIntervals					3213.8984	11.001713010188624		
3215.2688000000003	0.03199999999969805	RippleTimeIntervals					3215.2744000000002	0.931741003477424		
3217.3888	0.03519999999980428	RippleTimeIntervals					3217.4112	2.9997199851525473		
3217.5072	0.03920000000016444	RippleTimeIntervals					3217.5208000000002	2.118547082560104		
3218.4536000000003	0.027999999999792635	RippleTimeIntervals					3218.4784	0.5886602351186986		
3220.8032000000003	0.028800000000046566	RippleTimeIntervals					3220.8184	2.5727533029832745		
3220.9616	0.03360000000020591	RippleTimeIntervals					3220.9744	3.4832094134211444		
3221.2328	0.052000000000134605	RippleTimeIntervals					3221.2648000000004	4.931233211836492		
3221.6144	0.0272000000004482	RippleTimeIntervals					3221.6312000000003	10.184862954199968		
3223.7528	0.041600000000016735	RippleTimeIntervals					3223.7616000000003	3.0790207338326105		
3225.5312000000004	0.03599999999960346	RippleTimeIntervals					3225.5592	0.7254367383625642		
3230.7784	0.05360000000018772	RippleTimeIntervals					3230.8072	1.3062428160720498		
3231.6504	0.03999999999996362	RippleTimeIntervals					3231.656	0.8588392151845535		
3233.8160000000003	0.05279999999993379	RippleTimeIntervals					3233.828	1.502196347276913		
3234.6456000000003	0.047999999999774445	RippleTimeIntervals					3234.6648	2.0966700308509827		
3234.7576000000004	0.040799999999762804	RippleTimeIntervals					3234.7912	0.5618839369220336		
3235.0144	0.07360000000016953	RippleTimeIntervals					3235.0528	2.4539011780733184		
3235.2016000000003	0.05039999999962674	RippleTimeIntervals					3235.2360000000003	3.985219452339251		
3235.3632000000002	0.040799999999762804	RippleTimeIntervals					3235.3752	1.6690578835699401		
3236.7472000000002	0.0543999999999869	RippleTimeIntervals					3236.7712	3.74339170172367		
3238.1144	0.05360000000018772	RippleTimeIntervals					3238.1424	2.3801811105933828		
3238.668	0.035200000000259024	RippleTimeIntervals					3238.6864	3.211392541064237		
3241.3704000000002	0.027999999999792635	RippleTimeIntervals					3241.3784	1.293876838453826		
3241.4208000000003	0.04559999999992215	RippleTimeIntervals					3241.4464000000003	5.2333506403046215		
3241.5768000000003	0.06719999999995707	RippleTimeIntervals					3241.6136	2.57518283754483		
3242.2064	0.026400000000194268	RippleTimeIntervals					3242.2112	0.46334147224414785		
3242.2856	0.05920000000014625	RippleTimeIntervals					3242.3248000000003	2.239479235279796		
3244.288	0.02320000000008804	RippleTimeIntervals					3244.2928	1.038073077839354		
3245.3096	0.029600000000300497	RippleTimeIntervals					3245.3144	0.8643575381131174		
3245.4704	0.03279999999995198	RippleTimeIntervals					3245.48	2.0402515419733143		
3245.9752000000003	0.02719999999999345	RippleTimeIntervals					3245.9856	1.5091555963439338		
3248.6592	0.048800000000028376	RippleTimeIntervals					3248.6848	1.0791288786454551		
3250.1664	0.03360000000020591	RippleTimeIntervals					3250.1888000000004	1.136613766043691		
3253.0608	0.02639999999973952	RippleTimeIntervals					3253.0648	0.42245246736951503		
3258.3448000000003	0.03600000000005821	RippleTimeIntervals					3258.3624	8.77605638768337		
3258.764	0.04800000000022919	RippleTimeIntervals					3258.7808	6.26840689858948		
3258.8992000000003	0.06719999999995707	RippleTimeIntervals					3258.9336000000003	3.714688752216339		
3259.0808	0.05600000000004002	RippleTimeIntervals					3259.1200000000003	4.454721224898313		
3259.4456	0.08800000000019281	RippleTimeIntervals					3259.5032	4.519535595301629		
3259.6848	0.055200000000240834	RippleTimeIntervals					3259.7328	1.0711414521723788		
3262.3432000000003	0.022399999999834108	RippleTimeIntervals					3262.348	0.8659884920918792		
3265.768	0.05760000000009313	RippleTimeIntervals					3265.7928	5.314229978431915		
3266.2784	0.1471999999998843	RippleTimeIntervals					3266.3632000000002	1.936804261339366		
3266.5136	0.038399999999910506	RippleTimeIntervals					3266.532	0.5583490320635149		
3267.0656000000004	0.07039999999960855	RippleTimeIntervals					3267.1016	1.7649734204588732		
3267.7760000000003	0.04239999999981592	RippleTimeIntervals					3267.7928	1.4088915475015182		
3268.6040000000003	0.04239999999981592	RippleTimeIntervals					3268.6208	1.8220368555566633		
3268.916	0.023999999999887223	RippleTimeIntervals					3268.924	3.887121166719309		
3269.1848	0.061599999999998545	RippleTimeIntervals					3269.2048	2.6416984877433642		
3269.8808000000004	0.07039999999960855	RippleTimeIntervals					3269.9280000000003	0.6615939460804657		
3270.0480000000002	0.07439999999996871	RippleTimeIntervals					3270.1056000000003	2.763944851430483		
3277.6584000000003	0.03279999999995198	RippleTimeIntervals					3277.6784000000002	3.0565502646076297		
3279.0392	0.11599999999998545	RippleTimeIntervals					3279.1152	2.638668273000504		
3279.2088000000003	0.03999999999996362	RippleTimeIntervals					3279.228	0.5126980841860896		
3279.2728	0.0727999999999156	RippleTimeIntervals					3279.3032000000003	1.7118066571792903		
3279.4696000000004	0.08159999999998035	RippleTimeIntervals					3279.5152000000003	0.9798347013932471		
3279.8616	0.03359999999975116	RippleTimeIntervals					3279.8872	1.1287774021496142		
3280.092	0.041600000000016735	RippleTimeIntervals					3280.1064	1.024267742331445		
3281.7424	0.041600000000016735	RippleTimeIntervals					3281.7544000000003	2.455452876149641		
3284.0616	0.03840000000036525	RippleTimeIntervals					3284.092	1.0134306654048761		
3284.5184000000004	0.03919999999970969	RippleTimeIntervals					3284.5352000000003	1.0897455914689747		
3284.8312	0.038399999999910506	RippleTimeIntervals					3284.8520000000003	0.6903883680172741		
3286.0424000000003	0.041600000000016735	RippleTimeIntervals					3286.0736	3.4447854755456784		
3286.3176000000003	0.025599999999940337	RippleTimeIntervals					3286.328	0.9048890130144435		
3286.4696000000004	0.0543999999999869	RippleTimeIntervals					3286.4992	0.894105239718179		
3291.7168	0.03600000000005821	RippleTimeIntervals					3291.7448	4.064493331114224		
3292.492	0.047999999999774445	RippleTimeIntervals					3292.5192	1.9093597963619313		
3294.9136000000003	0.03199999999969805	RippleTimeIntervals					3294.9216	3.8393095200548872		
3296.6928000000003	0.0591999999996915	RippleTimeIntervals					3296.7112	0.992811896621157		
3297.6240000000003	0.048800000000028376	RippleTimeIntervals					3297.6400000000003	1.4263011111630004		
3299.8216	0.021600000000034925	RippleTimeIntervals					3299.8344	4.536345235089429		
3299.9072	0.0704000000000633	RippleTimeIntervals					3299.9608000000003	2.468136941387957		
3300.072	0.04239999999981592	RippleTimeIntervals					3300.0888	3.6272462039468514		
3300.1496	0.041600000000016735	RippleTimeIntervals					3300.1832	1.1286913843903361		
3300.5072	0.06320000000005166	RippleTimeIntervals					3300.5352000000003	1.591776463797491		
3300.6232	0.05680000000029395	RippleTimeIntervals					3300.6408	1.9763962511040007		
3300.7432000000003	0.10559999999986758	RippleTimeIntervals					3300.8176000000003	2.942972575146376		
3300.9512	0.05920000000014625	RippleTimeIntervals					3300.9744	4.446636671716906		
3301.0976	0.04320000000006985	RippleTimeIntervals					3301.1224	6.810718434781183		
3301.2864	0.03360000000020591	RippleTimeIntervals					3301.3120000000004	1.4286900813852026		
3301.5272	0.048800000000028376	RippleTimeIntervals					3301.5640000000003	5.970520632697284		
3301.8376000000003	0.05040000000008149	RippleTimeIntervals					3301.864	1.1006852236000078		
3308.2496	0.051199999999880674	RippleTimeIntervals					3308.2728	3.385832843077787		
3313.5072	0.06719999999995707	RippleTimeIntervals					3313.5184000000004	1.6228771322559672		
3313.8416	0.03679999999985739	RippleTimeIntervals					3313.868	2.552384334955106		
3313.94	0.03760000000011132	RippleTimeIntervals					3313.9448	0.9552006274576286		
3315.2192	0.07520000000022264	RippleTimeIntervals					3315.2688000000003	7.0447596701573465		
3315.3856	0.05360000000018772	RippleTimeIntervals					3315.3976000000002	3.942054638825703		
3316.0240000000003	0.05999999999994543	RippleTimeIntervals					3316.0512000000003	3.710951206569005		
3316.2136	0.05279999999993379	RippleTimeIntervals					3316.2312	5.613977129893173		
3316.3120000000004	0.07199999999966167	RippleTimeIntervals					3316.3768	0.7954007481674875		
3316.7808	0.09760000000005675	RippleTimeIntervals					3316.8408	4.038124960288725		
3317.4416	0.03360000000020591	RippleTimeIntervals					3317.4664000000002	0.7494535797692352		
3319.7544000000003	0.04559999999992215	RippleTimeIntervals					3319.7832000000003	2.1367965850048987		
3320.2192	0.04800000000022919	RippleTimeIntervals					3320.2560000000003	1.0838927110688357		
3324.1096000000002	0.02639999999973952	RippleTimeIntervals					3324.132	0.4141245191481011		
3324.4528	0.03760000000011132	RippleTimeIntervals					3324.4616	2.781129535137573		
3327.8576000000003	0.04639999999972133	RippleTimeIntervals					3327.8848000000003	2.282972056092568		
3328.2160000000003	0.03199999999969805	RippleTimeIntervals					3328.224	2.857400082406379		
3328.3904	0.032000000000152795	RippleTimeIntervals					3328.4064000000003	3.386942299834255		
3330.6136	0.04719999999997526	RippleTimeIntervals					3330.6416000000004	4.3255414688081615		
3331.8528	0.025599999999940337	RippleTimeIntervals					3331.8616	2.6292012254063146		
3332.9304	0.03359999999975116	RippleTimeIntervals					3332.936	0.7576926742631686		
3333.0328	0.044800000000122964	RippleTimeIntervals					3333.0688	1.0646300198434702		
3333.1048	0.04080000000021755	RippleTimeIntervals					3333.1408	0.5992103264144707		
3338.5240000000003	0.02879999999959182	RippleTimeIntervals					3338.5336	2.1080760506525094		
3341.8568	0.07760000000007494	RippleTimeIntervals					3341.8704000000002	3.4263337328973376		
3342.012	0.047999999999774445	RippleTimeIntervals					3342.0272	1.4915533911133887		
3342.3520000000003	0.027999999999792635	RippleTimeIntervals					3342.3624	6.853973012965913		
3344.8064	0.032800000000406726	RippleTimeIntervals					3344.8152	1.070515892296862		
3346.1424	0.025599999999940337	RippleTimeIntervals					3346.1600000000003	1.3125504275732205		
3346.3728	0.05760000000009313	RippleTimeIntervals					3346.3952000000004	2.5494240741835257		
3346.5056	0.07440000000042346	RippleTimeIntervals					3346.5504	2.6552895499933835		
3346.7096	0.022399999999834108	RippleTimeIntervals					3346.7168	1.6650809420399053		
3347.2504000000004	0.025599999999940337	RippleTimeIntervals					3347.2592	1.522438653019462		
3347.3368	0.05760000000009313	RippleTimeIntervals					3347.3656	2.580980891997417		
3347.9576	0.04640000000017608	RippleTimeIntervals					3347.9784	1.0662140634635004		
3348.8096	0.028000000000247383	RippleTimeIntervals					3348.8144	0.4473376057254516		
3348.9984	0.04960000000028231	RippleTimeIntervals					3349.0168000000003	3.8008326859765127		
3349.1088	0.044800000000122964	RippleTimeIntervals					3349.1416000000004	4.676862314458308		
3352.7592	0.052000000000134605	RippleTimeIntervals					3352.768	0.8241944288228504		
3356.0608	0.031199999999898864	RippleTimeIntervals					3356.0688	2.283214153650816		
3357.8448000000003	0.040799999999762804	RippleTimeIntervals					3357.8624	1.057243431031151		
3358.3024	0.02400000000034197	RippleTimeIntervals					3358.3072	1.4740967829460057		
3359.7504000000004	0.06559999999990396	RippleTimeIntervals					3359.7624	2.192758676277236		
3360.272	0.022400000000288856	RippleTimeIntervals					3360.2824	1.0765952519419706		
3364.44	0.044800000000122964	RippleTimeIntervals					3364.4672	2.948574420750591		
3367.1872000000003	0.051199999999880674	RippleTimeIntervals					3367.2128000000002	2.4472746751917636		
3367.5144	0.05680000000029395	RippleTimeIntervals					3367.5544	2.5417282551834703		
3367.6944000000003	0.06719999999995707	RippleTimeIntervals					3367.708	1.9858880255656752		
3369.1168000000002	0.041600000000016735	RippleTimeIntervals					3369.1416000000004	1.182553677214598		
3370.8696	0.03680000000031214	RippleTimeIntervals					3370.8928	2.2990690148071007		
3373.6336	0.028800000000046566	RippleTimeIntervals					3373.6512000000002	1.0603477005577293		
3376.6568	0.0543999999999869	RippleTimeIntervals					3376.6888000000004	2.4805486659599003		
3377.2448	0.02719999999999345	RippleTimeIntervals					3377.264	0.9726671293015203		
3383.1040000000003	0.12159999999994398	RippleTimeIntervals					3383.1136	1.0671653185408858		
3383.7360000000003	0.0431999999996151	RippleTimeIntervals					3383.7624	2.7108294013831986		
3389.5384000000004	0.08639999999968495	RippleTimeIntervals					3389.5512000000003	2.1671671699398183		
3392.4848	0.06080000000019936	RippleTimeIntervals					3392.5088	4.903773156528761		
3396.3048000000003	0.05519999999978609	RippleTimeIntervals					3396.34	7.432684772623779		
3396.4472	0.031199999999898864	RippleTimeIntervals					3396.4672	5.613467554503655		
3397.2064	0.035200000000259024	RippleTimeIntervals					3397.2192	3.560962255032335		
3397.36	0.022399999999834108	RippleTimeIntervals					3397.3712	1.1279499287017303		
3399.0448	0.03360000000020591	RippleTimeIntervals					3399.056	4.660759756224573		
3399.664	0.04239999999981592	RippleTimeIntervals					3399.6936	3.8830073474241367		
3400.1608	0.02959999999984575	RippleTimeIntervals					3400.1824	0.8640956127457133		
3400.424	0.11040000000002692	RippleTimeIntervals					3400.4936000000002	3.0150006087017864		
3400.828	0.06000000000040018	RippleTimeIntervals					3400.8464000000004	1.8430189404592092		
3404.1184000000003	0.048800000000028376	RippleTimeIntervals					3404.1552	2.6494785184640017		
3404.7872	0.032000000000152795	RippleTimeIntervals					3404.7968	2.418409707748705		
3407.3824	0.04400000000032378	RippleTimeIntervals					3407.3952000000004	2.285707615955808		
3407.4808000000003	0.027999999999792635	RippleTimeIntervals					3407.4864000000002	0.6121408653358824		
3407.9312	0.07439999999996871	RippleTimeIntervals					3407.9696000000004	3.602042024149858		
3408.4088	0.03760000000011132	RippleTimeIntervals					3408.4296	5.152847950641106		
3409.1216	0.024800000000141154	RippleTimeIntervals					3409.1344000000004	0.9856914077039236		
3409.6408	0.04320000000006985	RippleTimeIntervals					3409.6632	2.295883798925428		
3413.5384000000004	0.057599999999638385	RippleTimeIntervals					3413.5552000000002	2.7331400381840285		
3416.848	0.05040000000008149	RippleTimeIntervals					3416.8688	1.129791549571026		
3417.0032	0.03600000000005821	RippleTimeIntervals					3417.0240000000003	3.9077421444419738		
3417.1752	0.058399999999892316	RippleTimeIntervals					3417.1864	2.210678316771713		
3417.3496	0.04719999999997526	RippleTimeIntervals					3417.384	3.914819461327179		
3422.0104	0.03760000000011132	RippleTimeIntervals					3422.0264	3.003052244963461		
3422.456	0.03760000000011132	RippleTimeIntervals					3422.4680000000003	8.024680477964425		
3422.7744000000002	0.061599999999998545	RippleTimeIntervals					3422.8272	2.6783716058002853		
3423.5776	0.055200000000240834	RippleTimeIntervals					3423.6256000000003	0.7254280327538991		
3424.0664	0.04080000000021755	RippleTimeIntervals					3424.0776	2.5903819372165464		
3424.1768	0.051199999999880674	RippleTimeIntervals					3424.192	6.919796943731811		
3424.2888000000003	0.06480000000010477	RippleTimeIntervals					3424.3384	5.384514891115064		
3424.6296	0.03359999999975116	RippleTimeIntervals					3424.6552	4.002697379362112		
3429.3576000000003	0.024799999999686406	RippleTimeIntervals					3429.3744	2.6240907059041967		
3429.6576	0.05680000000029395	RippleTimeIntervals					3429.6712	3.122038586665467		
3430.368	0.04960000000028231	RippleTimeIntervals					3430.4016	1.8102809216496634		
3432.864	0.04320000000006985	RippleTimeIntervals					3432.9	1.0768097217378483		
3433.164	0.03999999999996362	RippleTimeIntervals					3433.1768	0.8946499400764212		
3439.8328	0.03279999999995198	RippleTimeIntervals					3439.8472	4.263590978117745		
3442.9408000000003	0.088799999999992	RippleTimeIntervals					3442.9712	1.8397718056769785		
3443.3912	0.05279999999993379	RippleTimeIntervals					3443.4104	0.7147003755989226		
3443.7912	0.035200000000259024	RippleTimeIntervals					3443.8056	0.4162296178794257		
3444.1232	0.03999999999996362	RippleTimeIntervals					3444.1496	2.481698722937817		
3444.2400000000002	0.03279999999995198	RippleTimeIntervals					3444.2448	0.8745844805424134		
3444.6096000000002	0.052000000000134605	RippleTimeIntervals					3444.6440000000002	1.5402433790094636		
3444.78	0.03279999999995198	RippleTimeIntervals					3444.7888000000003	1.077292045026743		
3444.8880000000004	0.051199999999880674	RippleTimeIntervals					3444.896	1.5891133359985827		
3447.0232	0.08240000000023429	RippleTimeIntervals					3447.088	3.017271247853053		
3447.7232000000004	0.02639999999973952	RippleTimeIntervals					3447.7288000000003	0.8668101070509919		
3454.6376	0.09920000000010987	RippleTimeIntervals					3454.6904	5.07427378368212		
3454.7960000000003	0.08799999999973807	RippleTimeIntervals					3454.844	1.7034859139244833		
3454.9392000000003	0.060799999999744614	RippleTimeIntervals					3454.9616	6.122365878477747		
3455.1064	0.023999999999887223	RippleTimeIntervals					3455.1200000000003	0.8470852769561771		
3455.6304	0.05600000000004002	RippleTimeIntervals					3455.652	2.955614643825677		
3455.7128000000002	0.0567999999998392	RippleTimeIntervals					3455.7584	2.5951192123399105		
3455.7976000000003	0.037599999999656575	RippleTimeIntervals					3455.8184	1.1422152694454177		
3455.9384	0.044800000000122964	RippleTimeIntervals					3455.956	4.946256367089097		
3456.2408	0.02320000000008804	RippleTimeIntervals					3456.2512	3.8382355512102078		
3457.0344	0.06640000000015789	RippleTimeIntervals					3457.0792	2.8843784800552688		
3460.38	0.03760000000011132	RippleTimeIntervals					3460.4024	1.9376280849616416		
3460.4744	0.05279999999993379	RippleTimeIntervals					3460.5008000000003	2.524117853097528		
3463.1968	0.07200000000011642	RippleTimeIntervals					3463.2352	1.8489837395061508		
3463.6672000000003	0.021600000000034925	RippleTimeIntervals					3463.672	0.7869446513653029		
3463.788	0.028000000000247383	RippleTimeIntervals					3463.7968	0.4178358917035119		
3465.2192	0.05360000000018772	RippleTimeIntervals					3465.2488000000003	3.160271241091362		
3467.0728000000004	0.058399999999892316	RippleTimeIntervals					3467.1144000000004	1.734185025846082		
3467.9568000000004	0.020799999999780994	RippleTimeIntervals					3467.9664000000002	0.6100883779878856		
3468.2304000000004	0.058399999999892316	RippleTimeIntervals					3468.2408	0.9262979840764853		
3469.7064	0.035200000000259024	RippleTimeIntervals					3469.7256	2.657146287982281		
3470.1616000000004	0.03519999999980428	RippleTimeIntervals					3470.188	1.6592719613515137		
3470.8920000000003	0.040799999999762804	RippleTimeIntervals					3470.9128	3.774541051705042		
3472.5792	0.0911999999998443	RippleTimeIntervals					3472.652	1.6095642466258018		
3473.1952	0.032000000000152795	RippleTimeIntervals					3473.2160000000003	1.1117036189025593		
3473.384	0.048800000000028376	RippleTimeIntervals					3473.4216	1.4239255878310235		
3474.3544	0.024800000000141154	RippleTimeIntervals					3474.3632000000002	0.8147018456479005		
3477.0192	0.03999999999996362	RippleTimeIntervals					3477.0432	2.2098342283941492		
3477.4680000000003	0.0591999999996915	RippleTimeIntervals					3477.5104	1.606814800408309		
3478.0656000000004	0.024799999999686406	RippleTimeIntervals					3478.0744	0.5515437041527766		
3479.6968	0.051199999999880674	RippleTimeIntervals					3479.7264	3.419256512101212		
3485.7136	0.028000000000247383	RippleTimeIntervals					3485.7216000000003	0.4597077047747766		
3485.9128	0.05360000000018772	RippleTimeIntervals					3485.9504	2.2137151107778927		
3487.664	0.024800000000141154	RippleTimeIntervals					3487.6848	0.4023473649638827		
3489.5040000000004	0.022399999999834108	RippleTimeIntervals					3489.5088	0.8976311623297504		
3490.828	0.05120000000033542	RippleTimeIntervals					3490.8680000000004	3.3590121540831297		
3491.172	0.02080000000023574	RippleTimeIntervals					3491.1808	0.4003211788333279		
3491.7152	0.05600000000004002	RippleTimeIntervals					3491.744	4.45574425705584		
3492.2632000000003	0.06799999999975626	RippleTimeIntervals					3492.2768	2.940411362135521		
3492.4784	0.03360000000020591	RippleTimeIntervals					3492.5008000000003	4.213520317275092		
3493.8056	0.052000000000134605	RippleTimeIntervals					3493.8288000000002	1.9210842488998194		
3499.6768	0.041600000000016735	RippleTimeIntervals					3499.708	8.000986162935485		
3499.7704000000003	0.02639999999973952	RippleTimeIntervals					3499.7792	0.587431839365519		
3507.4728	0.05360000000018772	RippleTimeIntervals					3507.5032	5.1520546179802995		
3509.1600000000003	0.06959999999980937	RippleTimeIntervals					3509.2016000000003	5.526910611266088		
3511.3216	0.03440000000000509	RippleTimeIntervals					3511.3448000000003	0.9825849387734655		
3511.42	0.04640000000017608	RippleTimeIntervals					3511.4448	3.538310587485677		
3511.8392000000003	0.025599999999940337	RippleTimeIntervals					3511.8432000000003	0.4721711356733		
3516.9616	0.03760000000011132	RippleTimeIntervals					3516.9824000000003	3.339566714390277		
3517.2768	0.061599999999998545	RippleTimeIntervals					3517.3168	4.93593546167911		
3517.4712	0.06640000000015789	RippleTimeIntervals					3517.5064	4.039071998893288		
3520.2360000000003	0.06399999999985084	RippleTimeIntervals					3520.2664	3.8311713454362057		
3521.0696000000003	0.0591999999996915	RippleTimeIntervals					3521.088	1.3803616189907244		
3521.6064	0.06320000000005166	RippleTimeIntervals					3521.6432	2.2258404863532153		
3521.9944	0.03279999999995198	RippleTimeIntervals					3522.0024000000003	0.40331098601254484		
3523.1184000000003	0.021600000000034925	RippleTimeIntervals					3523.1232	1.7497561557518324		
3523.8208	0.052800000000388536	RippleTimeIntervals					3523.8536000000004	1.8223896249897933		
3527.0	7.0	SleepStates								WAKEstate
3535.0	290.0	SleepStates								NREMstate
3540.1008	0.06959999999980937	RippleTimeIntervals					3540.1536	4.118756745097611		
3540.2192	0.08159999999998035	RippleTimeIntervals					3540.268	4.824790172199396		
3540.4032	0.08159999999998035	RippleTimeIntervals					3540.4664000000002	5.331565471157209		
3540.6208	0.03440000000000509	RippleTimeIntervals					3540.648	1.58346629041058		
3544.5536	0.0543999999999869	RippleTimeIntervals					3544.5912000000003	2.5496990215962154		
3546.9416	0.0543999999999869	RippleTimeIntervals					3546.9872	2.7639954488081915		
3549.8648000000003	0.03679999999985739	RippleTimeIntervals					3549.8936000000003	1.053225761057367		
3551.764	0.07439999999996871	RippleTimeIntervals					3551.8064000000004	2.478305618367608		
3552.6000000000004	0.044799999999668216	RippleTimeIntervals					3552.616	2.295435353052947		
3557.6376	0.048800000000028376	RippleTimeIntervals					3557.6784000000002	2.04391712664056		
3557.8768	0.05760000000009313	RippleTimeIntervals					3557.9032	3.9136371191550845		
3558.0632	0.04320000000006985	RippleTimeIntervals					3558.0840000000003	5.904630171913545		
3558.2720000000004	0.038399999999910506	RippleTimeIntervals					3558.2872	5.157917873706117		
3558.6576	0.041600000000016735	RippleTimeIntervals					3558.6760000000004	1.1064079897458157		
3558.9152000000004	0.05279999999993379	RippleTimeIntervals					3558.9456	2.049006887190864		
3559.2824	0.042400000000270666	RippleTimeIntervals					3559.2920000000004	1.435399442222393		
3560.5944	0.05040000000008149	RippleTimeIntervals					3560.6256000000003	6.074678066448505		
3560.6800000000003	0.08239999999977954	RippleTimeIntervals					3560.7400000000002	3.574884693722857		
3560.8736000000004	0.030399999999644933	RippleTimeIntervals					3560.8912	7.961300985176214		
3560.9728	0.03920000000016444	RippleTimeIntervals					3560.9944	1.153756652821599		
3561.1848	0.024800000000141154	RippleTimeIntervals					3561.2024	0.7407402540244964		
3564.636	0.021600000000034925	RippleTimeIntervals					3564.6496	1.6312785821324216		
3564.7616000000003	0.021600000000034925	RippleTimeIntervals					3564.7696	2.220998955328426		
3565.2200000000003	0.02959999999984575	RippleTimeIntervals					3565.2416000000003	0.9725728049214266		
3565.3464000000004	0.04559999999992215	RippleTimeIntervals					3565.3792000000003	1.204941776482649		
3565.5696000000003	0.02639999999973952	RippleTimeIntervals					3565.5800000000004	0.49998987659984967		
3566.5336	0.028800000000046566	RippleTimeIntervals					3566.5504	1.8276329331069157		
3568.3584	0.023999999999887223	RippleTimeIntervals					3568.3752	1.0237893256544999		
3570.7392	0.05040000000008149	RippleTimeIntervals					3570.7824	0.7301823899752089		
3571.1240000000003	0.038399999999910506	RippleTimeIntervals					3571.1504	1.3194632527470687		
3572.2512	0.09360000000015134	RippleTimeIntervals					3572.32	2.9770346205115863		
3574.2152	0.044800000000122964	RippleTimeIntervals					3574.2336	5.014983655189445		
3575.5744	0.03680000000031214	RippleTimeIntervals					3575.5968000000003	1.9328243729043304		
3575.7432000000003	0.04559999999992215	RippleTimeIntervals					3575.7720000000004	0.774488451744297		
3577.5528000000004	0.04879999999957363	RippleTimeIntervals					3577.5672	1.442997763633485		
3577.8016000000002	0.025599999999940337	RippleTimeIntervals					3577.8064000000004	1.015822593582027		
3577.9728	0.03040000000009968	RippleTimeIntervals					3577.9856	1.099103982254527		
3578.1000000000004	0.023199999999633292	RippleTimeIntervals					3578.108	0.9427403950252287		
3579.2016000000003	0.037599999999656575	RippleTimeIntervals					3579.2168	3.4197300026670296		
3579.6096000000002	0.04320000000006985	RippleTimeIntervals					3579.6424	2.0189594842466208		
3581.5328	0.04320000000006985	RippleTimeIntervals					3581.5544	1.5141670135955032		
3582.3328	0.028800000000046566	RippleTimeIntervals					3582.3544	1.273770854550539		
3582.4640000000004	0.04959999999982756	RippleTimeIntervals					3582.4992	4.305125695571162		
3582.6504	0.03600000000005821	RippleTimeIntervals					3582.6704	2.226797092744747		
3584.3464000000004	0.07999999999992724	RippleTimeIntervals					3584.4008000000003	0.797893293156012		
3586.5176	0.03760000000011132	RippleTimeIntervals					3586.5408	1.40154044162598		
3587.244	0.02320000000008804	RippleTimeIntervals					3587.2632000000003	0.6185898373174411		
3588.4080000000004	0.07359999999971478	RippleTimeIntervals					3588.4736000000003	2.6098785275671634		
3595.8552	0.04320000000006985	RippleTimeIntervals					3595.8688	0.7397055130334013		
3595.9528	0.08800000000019281	RippleTimeIntervals					3595.9712	1.5447674938594398		
3596.2616000000003	0.03359999999975116	RippleTimeIntervals					3596.2736	3.671095486694807		
3597.0080000000003	0.0591999999996915	RippleTimeIntervals					3597.0504	4.157777044589457		
3597.168	0.035200000000259024	RippleTimeIntervals					3597.1808	1.0907336398367748		
3597.7384	0.0751999999997679	RippleTimeIntervals					3597.7808	3.1260830199463543		
3598.0984000000003	0.0567999999998392	RippleTimeIntervals					3598.1384000000003	5.119488849127392		
3598.396	0.048800000000028376	RippleTimeIntervals					3598.4264000000003	4.601545567798186		
3599.4352000000003	0.03359999999975116	RippleTimeIntervals					3599.4504	0.6995138048362897		
3602.3320000000003	0.04959999999982756	RippleTimeIntervals					3602.364	1.18587900736142		
3602.6248	0.03279999999995198	RippleTimeIntervals					3602.6304	1.0646476801021187		
3603.7808	0.07840000000032887	RippleTimeIntervals					3603.8320000000003	1.698345559931046		
3604.192	0.03040000000009968	RippleTimeIntervals					3604.2000000000003	0.6627744817751909		
3605.2672000000002	0.02959999999984575	RippleTimeIntervals					3605.2728	1.3180901073163906		
3608.3272	0.03920000000016444	RippleTimeIntervals					3608.3416	2.0743940605350075		
3609.1848	0.0543999999999869	RippleTimeIntervals					3609.2184	1.0599128104923095		
3609.3768	0.052000000000134605	RippleTimeIntervals					3609.4248000000002	0.8217054906258641		
3609.4592000000002	0.02959999999984575	RippleTimeIntervals					3609.4840000000004	0.4524761117187308		
3609.596	0.048800000000028376	RippleTimeIntervals					3609.6168000000002	3.9454308816544295		
3609.6784000000002	0.060799999999744614	RippleTimeIntervals					3609.7104000000004	3.3339562574925306		
3610.0584000000003	0.024799999999686406	RippleTimeIntervals					3610.0672	1.5281235308698378		
3614.0336	0.03359999999975116	RippleTimeIntervals					3614.0504	1.5700932377008359		
3614.5784000000003	0.02719999999999345	RippleTimeIntervals					3614.5840000000003	0.7658654358134015		
3619.0784000000003	0.020799999999780994	RippleTimeIntervals					3619.0952	0.4089698414676195		
3626.3448000000003	0.05760000000009313	RippleTimeIntervals					3626.3856	2.435572122289911		
3626.4488	0.05360000000018772	RippleTimeIntervals					3626.4664000000002	1.8266352858169463		
3626.5912000000003	0.03040000000009968	RippleTimeIntervals					3626.6024	1.3890167588763285		
3628.7104000000004	0.025599999999940337	RippleTimeIntervals					3628.7192	1.5131470048195996		
3628.7936	0.03600000000005821	RippleTimeIntervals					3628.8056	4.861159363618713		
3628.9936000000002	0.038399999999910506	RippleTimeIntervals					3629.0056	5.119933406598139		
3634.3288000000002	0.024800000000141154	RippleTimeIntervals					3634.3456	1.4775687162346618		
3636.3144	0.02320000000008804	RippleTimeIntervals					3636.3256	0.6849175418624156		
3636.9528	0.048800000000028376	RippleTimeIntervals					3636.9888	4.531113417541292		
3637.8024	0.029600000000300497	RippleTimeIntervals					3637.8168	8.787940015309095		
3638.172	0.068000000000211	RippleTimeIntervals					3638.212	4.6942915548694195		
3639.848	0.028800000000046566	RippleTimeIntervals					3639.8696	3.022717072075466		
3643.664	0.05359999999973297	RippleTimeIntervals					3643.6928000000003	5.5628428843933815		
3644.0424000000003	0.05359999999973297	RippleTimeIntervals					3644.0840000000003	1.7520153480092646		
3645.0184000000004	0.05039999999962674	RippleTimeIntervals					3645.0240000000003	1.2776401495999188		
3646.5	0.028000000000247383	RippleTimeIntervals					3646.5056	1.68627181208364		
3646.6056000000003	0.03359999999975116	RippleTimeIntervals					3646.6264	1.2432455367428785		
3648.4016	0.03279999999995198	RippleTimeIntervals					3648.4232	2.2617678487882977		
3648.6800000000003	0.03440000000000509	RippleTimeIntervals					3648.7032000000004	1.679623139381913		
3648.8160000000003	0.061599999999998545	RippleTimeIntervals					3648.8496	2.425109190151444		
3650.2744000000002	0.060799999999744614	RippleTimeIntervals					3650.304	4.278674326044119		
3650.9752000000003	0.04239999999981592	RippleTimeIntervals					3651.0056	7.9029753840316115		
3660.3216	0.06719999999995707	RippleTimeIntervals					3660.3688	2.263216794304507		
3660.896	0.06399999999985084	RippleTimeIntervals					3660.9176	2.6556347171370267		
3661.8872	0.02320000000008804	RippleTimeIntervals					3661.8928	0.5260839303401935		
3662.2072000000003	0.028800000000046566	RippleTimeIntervals					3662.228	0.5545408377872627		
3662.3616	0.12800000000015643	RippleTimeIntervals					3662.4752000000003	4.513088835453262		
3662.8064000000004	0.02719999999999345	RippleTimeIntervals					3662.8160000000003	0.8001314948406957		
3671.2192	0.13040000000000873	RippleTimeIntervals					3671.3320000000003	2.8356773155487525		
3671.652	0.03440000000000509	RippleTimeIntervals					3671.6736	4.2269579697323385		
3672.204	0.05519999999978609	RippleTimeIntervals					3672.2096	1.0734916935626728		
3672.9968000000003	0.038399999999910506	RippleTimeIntervals					3673.0240000000003	0.85670990766707		
3673.5552000000002	0.027999999999792635	RippleTimeIntervals					3673.5632	1.1177555662011243		
3673.9144	0.088799999999992	RippleTimeIntervals					3673.94	3.3173318457534497		
3676.4216	0.04640000000017608	RippleTimeIntervals					3676.4536000000003	1.2076508646795414		
3677.9896000000003	0.02959999999984575	RippleTimeIntervals					3678.0064	0.8362076906729915		
3678.2752	0.03040000000009968	RippleTimeIntervals					3678.2976000000003	0.6640070491293271		
3685.208	0.044800000000122964	RippleTimeIntervals					3685.2432000000003	3.746595865312996		
3701.5944	0.032800000000406726	RippleTimeIntervals					3701.6104	4.018366902671353		
3701.7736	0.03120000000035361	RippleTimeIntervals					3701.7928	0.9742634143897511		
3702.5016	0.04320000000006985	RippleTimeIntervals					3702.5184000000004	2.071469938464907		
3702.7024	0.04800000000022919	RippleTimeIntervals					3702.7208	3.2990652760186263		
3703.728	0.06559999999990396	RippleTimeIntervals					3703.748	6.3828910234162715		
3707.0784000000003	0.04559999999992215	RippleTimeIntervals					3707.1112000000003	0.9952714329046773		
3708.8992000000003	0.04559999999992215	RippleTimeIntervals					3708.9136000000003	0.5615621215959058		
3711.5416	0.05040000000008149	RippleTimeIntervals					3711.5744	1.6693607213167618		
3712.588	0.03999999999996362	RippleTimeIntervals					3712.6136	1.2863335382957928		
3714.1944000000003	0.03679999999985739	RippleTimeIntervals					3714.2144000000003	0.7421414753558181		
3714.8824	0.06000000000040018	RippleTimeIntervals					3714.8992000000003	4.335319941595662		
3716.1552	0.062400000000252476	RippleTimeIntervals					3716.1968	4.094751466731975		
3717.096	0.022400000000288856	RippleTimeIntervals					3717.1112000000003	0.8806171470061106		
3717.3912	0.06719999999995707	RippleTimeIntervals					3717.4280000000003	4.640860836591202		
3717.5976	0.04400000000032378	RippleTimeIntervals					3717.612	2.9067103194218618		
3718.0040000000004	0.07199999999966167	RippleTimeIntervals					3718.068	0.9788155033510255		
3718.1952	0.06559999999990396	RippleTimeIntervals					3718.2336	6.132536053439869		
3718.3232000000003	0.1087999999999738	RippleTimeIntervals					3718.3688	2.64035013785649		
3718.6848	0.06080000000019936	RippleTimeIntervals					3718.7328	5.275658449787939		
3719.5024000000003	0.03519999999980428	RippleTimeIntervals					3719.5136	2.096868308422694		
3719.5600000000004	0.0543999999999869	RippleTimeIntervals					3719.5736	1.6316927923517464		
3720.1352	0.044800000000122964	RippleTimeIntervals					3720.1752	0.7682323296728164		
3720.3368	0.03999999999996362	RippleTimeIntervals					3720.3688	1.4624689933371775		
3721.9688	0.03600000000005821	RippleTimeIntervals					3721.9888	0.7543958408411532		
3722.1192	0.05360000000018772	RippleTimeIntervals					3722.1344000000004	3.588663156539971		
3723.9432	0.03519999999980428	RippleTimeIntervals					3723.9680000000003	4.380761944638198		
3724.0440000000003	0.09359999999969659	RippleTimeIntervals					3724.0856000000003	3.6708925215533728		
3725.1000000000004	0.03359999999975116	RippleTimeIntervals					3725.1208	1.30365073215391		
3725.3144	0.08239999999977954	RippleTimeIntervals					3725.3632000000002	3.3442854086125364		
3725.7160000000003	0.051199999999880674	RippleTimeIntervals					3725.744	1.9677372134708457		
3730.6616000000004	0.024799999999686406	RippleTimeIntervals					3730.6656000000003	0.5306754146843715		
3738.4552000000003	0.040799999999762804	RippleTimeIntervals					3738.48	3.1156489576498907		
3738.5536	0.0543999999999869	RippleTimeIntervals					3738.5792	1.3431258283930696		
3738.7848000000004	0.02719999999999345	RippleTimeIntervals					3738.7896	1.660019134176384		
3739.032	0.04640000000017608	RippleTimeIntervals					3739.0672	1.7088602893229525		
3739.1952	0.02320000000008804	RippleTimeIntervals					3739.2112	0.9624825289607054		
3739.4712	0.028000000000247383	RippleTimeIntervals					3739.4952000000003	0.5201592211525385		
3739.9944	0.04640000000017608	RippleTimeIntervals					3740.012	1.295995777525185		
3740.592	0.06880000000001019	RippleTimeIntervals					3740.6272000000004	1.891717166658997		
3740.684	0.07439999999996871	RippleTimeIntervals					3740.7208	3.280318422267651		
3746.4792	0.041600000000016735	RippleTimeIntervals					3746.5040000000004	1.0286438170581536		
3746.6592	0.02320000000008804	RippleTimeIntervals					3746.6656000000003	2.0547919623965027		
3747.1488000000004	0.022399999999834108	RippleTimeIntervals					3747.1592	0.8043290351516396		
3748.7560000000003	0.03199999999969805	RippleTimeIntervals					3748.78	1.622915648645117		
3749.3624	0.048800000000028376	RippleTimeIntervals					3749.3776000000003	0.8199916267022243		
3749.7288000000003	0.04559999999992215	RippleTimeIntervals					3749.7376000000004	0.8163034970942628		
3750.3056	0.038399999999910506	RippleTimeIntervals					3750.32	1.9312155689786323		
3750.6792	0.05279999999993379	RippleTimeIntervals					3750.7248	0.4241177820406574		
3751.288	0.08000000000038199	RippleTimeIntervals					3751.3176000000003	4.282007746841347		
3751.4312	0.12080000000014479	RippleTimeIntervals					3751.5312000000004	1.8026355519475543		
3751.692	0.04080000000021755	RippleTimeIntervals					3751.7152	2.045423909421231		
3752.5576	0.04080000000021755	RippleTimeIntervals					3752.5944000000004	0.6887962872368975		
3753.5416	0.024800000000141154	RippleTimeIntervals					3753.5512000000003	1.0442493079044182		
3756.0512000000003	0.03519999999980428	RippleTimeIntervals					3756.0600000000004	0.9263909853513547		
3757.7056000000002	0.04399999999986903	RippleTimeIntervals					3757.7400000000002	1.3740531116247932		
3760.5536	0.068000000000211	RippleTimeIntervals					3760.6048	3.7533425839585064		
3762.0024000000003	0.061599999999998545	RippleTimeIntervals					3762.0240000000003	0.8558813387518867		
3769.6776	0.026400000000194268	RippleTimeIntervals					3769.688	4.060896506646741		
3771.7632000000003	0.04639999999972133	RippleTimeIntervals					3771.7944	8.178655978097957		
3771.9056	0.025599999999940337	RippleTimeIntervals					3771.9184	0.7166712910134988		
3771.956	0.02719999999999345	RippleTimeIntervals					3771.9608000000003	0.4376432047992235		
3772.4496000000004	0.03440000000000509	RippleTimeIntervals					3772.4680000000003	10.40108296794022		
3772.684	0.047999999999774445	RippleTimeIntervals					3772.7168	1.8950459754405502		
3779.5264	0.02320000000008804	RippleTimeIntervals					3779.5416	0.9630675426575959		
3779.7336	0.04719999999997526	RippleTimeIntervals					3779.7504000000004	2.3721813094496453		
3781.996	0.03680000000031214	RippleTimeIntervals					3782.0224000000003	1.368133434281355		
3782.1424	0.03279999999995198	RippleTimeIntervals					3782.1472000000003	0.41793277461199324		
3783.1144000000004	0.06799999999975626	RippleTimeIntervals					3783.1232	1.0132258638434766		
3783.4848	0.03440000000000509	RippleTimeIntervals					3783.5	1.8810623381565446		
3787.9344	0.02080000000023574	RippleTimeIntervals					3787.9480000000003	0.6647612996563935		
3788.32	0.027999999999792635	RippleTimeIntervals					3788.3296	2.6112450588923886		
3788.8888	0.06880000000001019	RippleTimeIntervals					3788.9184	3.8431655576645802		
3789.0768000000003	0.038399999999910506	RippleTimeIntervals					3789.1040000000003	3.880467674651116		
3789.2064	0.10800000000017462	RippleTimeIntervals					3789.2592	3.233540943214774		
3800.136	0.03680000000031214	RippleTimeIntervals					3800.1648	0.8088733859010875		
3800.5688	0.07520000000022264	RippleTimeIntervals					3800.6224	2.6932799016236166		
3800.7928	0.08080000000018117	RippleTimeIntervals					3800.804	3.959148828723061		
3803.2960000000003	0.03440000000000509	RippleTimeIntervals					3803.3064000000004	1.2884960988288985		
3804.2128000000002	0.1255999999998494	RippleTimeIntervals					3804.2648000000004	4.648399429225251		
3809.4928	0.022400000000288856	RippleTimeIntervals					3809.4984000000004	0.6712672441454371		
3810.576	0.02320000000008804	RippleTimeIntervals					3810.5864	1.0161632942541554		
3815.3936000000003	0.022399999999834108	RippleTimeIntervals					3815.4128	0.4941350922098244		
3823.3968	0.06480000000010477	RippleTimeIntervals					3823.4184	2.1522497359336445		
3823.5480000000002	0.03920000000016444	RippleTimeIntervals					3823.556	1.0704351378338108		
3826.0	8.0	SleepStates								REMstate
3835.0	8.0	SleepStates								NREMstate
3841.9624000000003	0.023999999999887223	RippleTimeIntervals					3841.9744	0.6323924924594486		
3844.0	8.0	SleepStates								REMstate
3853.0	27.0	SleepStates								WAKEstate
3869.068	0.02320000000008804	RippleTimeIntervals					3869.076	1.074651840314488		
3876.2736	0.041600000000016735	RippleTimeIntervals					3876.2848000000004	3.891739820646189		
3877.452	0.03999999999996362	RippleTimeIntervals					3877.4744	2.396988215677575		
3878.8416	0.025599999999940337	RippleTimeIntervals					3878.8504000000003	0.7585465638233461		
3881.0	188.0	SleepStates								NREMstate
3883.3072	0.12640000000010332	RippleTimeIntervals					3883.3968	1.8758053022374348		
3883.6368	0.03279999999995198	RippleTimeIntervals					3883.6584000000003	3.149015692382347		
3887.8032000000003	0.03999999999996362	RippleTimeIntervals					3887.8160000000003	6.353819718329767		
3888.7648000000004	0.06479999999965003	RippleTimeIntervals					3888.788	0.5570603497574221		
3888.9448	0.03519999999980428	RippleTimeIntervals					3888.9640000000004	7.173322477845161		
3889.0912000000003	0.10159999999996217	RippleTimeIntervals					3889.1784000000002	1.9921757379413592		
3889.3032000000003	0.07200000000011642	RippleTimeIntervals					3889.3616	2.1296261270190273		
3889.6136	0.041600000000016735	RippleTimeIntervals					3889.6408	5.595070763271124		
3890.7544000000003	0.03519999999980428	RippleTimeIntervals					3890.768	5.219312492812893		
3890.8848000000003	0.04959999999982756	RippleTimeIntervals					3890.9136000000003	7.417622860439611		
3891.2312	0.03679999999985739	RippleTimeIntervals					3891.2608	0.5375772765327741		
3895.0208000000002	0.07679999999982101	RippleTimeIntervals					3895.0448	4.034622741295228		
3896.1344000000004	0.02639999999973952	RippleTimeIntervals					3896.1568	0.5151255719106335		
3896.3032000000003	0.03999999999996362	RippleTimeIntervals					3896.3168	1.5585295311150829		
3900.2864000000004	0.02639999999973952	RippleTimeIntervals					3900.3016000000002	1.5528727491912646		
3902.884	0.03840000000036525	RippleTimeIntervals					3902.8896	1.784677631179417		
3908.0768000000003	0.027999999999792635	RippleTimeIntervals					3908.0816	0.8268339066216608		
3910.0728000000004	0.09279999999989741	RippleTimeIntervals					3910.1136	2.747726791658426		
3910.1960000000004	0.023199999999633292	RippleTimeIntervals					3910.2056000000002	1.6015710264965661		
3911.8448000000003	0.044799999999668216	RippleTimeIntervals					3911.8552	1.3038164188219148		
3912.0016	0.02320000000008804	RippleTimeIntervals					3912.0192	1.24628906227469		
3914.2368	0.05760000000009313	RippleTimeIntervals					3914.2712	2.3608947042880875		
3916.0592	0.038399999999910506	RippleTimeIntervals					3916.0904	0.5305412906052264		
3917.632	0.03440000000000509	RippleTimeIntervals					3917.6416000000004	0.9790518592034048		
3919.9568000000004	0.022399999999834108	RippleTimeIntervals					3919.9664000000002	0.8579954870193037		
3921.9288	0.06080000000019936	RippleTimeIntervals					3921.9640000000004	5.70219673684139		
3922.1000000000004	0.0543999999999869	RippleTimeIntervals					3922.1136	1.6070571314362616		
3922.42	0.07920000000012806	RippleTimeIntervals					3922.46	4.955733292335565		
3932.0504	0.03440000000000509	RippleTimeIntervals					3932.0808	0.5106339690419106		
3934.7760000000003	0.038399999999910506	RippleTimeIntervals					3934.788	1.780769914136621		
3935.3976000000002	0.03600000000005821	RippleTimeIntervals					3935.4144	9.989978758103227		
3937.8520000000003	0.04639999999972133	RippleTimeIntervals					3937.8696	1.4024463892176326		
3938.2920000000004	0.022399999999834108	RippleTimeIntervals					3938.3072	0.7298584284458877		
3938.42	0.03600000000005821	RippleTimeIntervals					3938.4432	0.942786767393757		
3939.1312000000003	0.03519999999980428	RippleTimeIntervals					3939.1432	0.6618897195272568		
3939.2328	0.028800000000046566	RippleTimeIntervals					3939.2544000000003	0.43741378544991333		
3941.5768000000003	0.04719999999997526	RippleTimeIntervals					3941.6064	1.0019959572235007		
3942.1224	0.04640000000017608	RippleTimeIntervals					3942.1496	4.744314499893043		
3942.4904	0.035200000000259024	RippleTimeIntervals					3942.5208000000002	0.6643796615393125		
3942.9232	0.03679999999985739	RippleTimeIntervals					3942.9352000000003	3.5823407542843206		
3943.7376000000004	0.07439999999996871	RippleTimeIntervals					3943.7616000000003	1.2057536610337627		
3943.8816	0.068000000000211	RippleTimeIntervals					3943.9352000000003	4.378276773049361		
3944.0232	0.06080000000019936	RippleTimeIntervals					3944.0640000000003	5.203739088711689		
3944.1488000000004	0.06319999999959691	RippleTimeIntervals					3944.1624	1.629293574257637		
3944.3832	0.0751999999997679	RippleTimeIntervals					3944.4504	1.0936743563037759		
3954.4880000000003	0.05279999999993379	RippleTimeIntervals					3954.5192	9.095462188011316		
3954.6232	0.0656000000003587	RippleTimeIntervals					3954.6704	2.8393309219552836		
3954.808	0.042400000000270666	RippleTimeIntervals					3954.8136000000004	0.9295557339627925		
3956.5088	0.05680000000029395	RippleTimeIntervals					3956.5408	4.513170580780051		
3959.2664	0.044800000000122964	RippleTimeIntervals					3959.2824	4.0184338958629855		
3959.3472	0.03600000000005821	RippleTimeIntervals					3959.3712	0.8937655473379326		
3959.5912000000003	0.05600000000004002	RippleTimeIntervals					3959.6304	1.709851789914988		
3960.5840000000003	0.03760000000011132	RippleTimeIntervals					3960.6056000000003	8.795007485569414		
3960.8032000000003	0.044800000000122964	RippleTimeIntervals					3960.8256	3.913977641256085		
3961.3528	0.06480000000010477	RippleTimeIntervals					3961.3880000000004	2.2205774819894364		
3962.6568	0.03360000000020591	RippleTimeIntervals					3962.6832000000004	0.7784278175004765		
3970.8832	0.024800000000141154	RippleTimeIntervals					3970.9032	0.48554319522568123		
3971.78	0.04080000000021755	RippleTimeIntervals					3971.8024	1.9177739313274993		
3972.2224	0.04399999999986903	RippleTimeIntervals					3972.2456	5.197446017412053		
3973.4832	0.061599999999998545	RippleTimeIntervals					3973.5072	1.4784535038659226		
3973.6912	0.03600000000005821	RippleTimeIntervals					3973.7032000000004	3.2275857167755326		
3973.9744	0.07920000000012806	RippleTimeIntervals					3974.0424000000003	2.763170237415955		
3974.3192000000004	0.03999999999996362	RippleTimeIntervals					3974.3320000000003	6.532568863183594		
3974.6336	0.062400000000252476	RippleTimeIntervals					3974.6648	4.739123554460495		
3976.2248000000004	0.03999999999996362	RippleTimeIntervals					3976.2488000000003	2.6123524244417453		
3976.4576	0.03040000000009968	RippleTimeIntervals					3976.4624000000003	0.425223068426593		
3978.4312	0.02320000000008804	RippleTimeIntervals					3978.4384	0.7421306510124087		
3979.52	0.028800000000046566	RippleTimeIntervals					3979.5368000000003	2.5061158019573946		
3980.1336	0.03040000000009968	RippleTimeIntervals					3980.1392	1.1856018715575907		
3981.9664000000002	0.022399999999834108	RippleTimeIntervals					3981.98	2.6195030337106253		
3982.0776	0.03440000000000509	RippleTimeIntervals					3982.1040000000003	0.8188249279844046		
3982.1408	0.04080000000021755	RippleTimeIntervals					3982.1592	1.3203855151055284		
3987.9080000000004	0.02639999999973952	RippleTimeIntervals					3987.9120000000003	0.5448461231722377		
3988.02	0.07680000000027576	RippleTimeIntervals					3988.0400000000004	2.4238282751320877		
3990.952	0.04239999999981592	RippleTimeIntervals					3990.9768000000004	1.5719274494722668		
3991.0888	0.035200000000259024	RippleTimeIntervals					3991.1064	0.9989429206538833		
3991.2152	0.07520000000022264	RippleTimeIntervals					3991.268	5.702595883134587		
3992.764	0.07119999999986248	RippleTimeIntervals					3992.8136000000004	1.3414993323405033		
3992.8568	0.07840000000032887	RippleTimeIntervals					3992.8968	2.2159335494412002		
3994.1688000000004	0.02879999999959182	RippleTimeIntervals					3994.1784000000002	1.7608838148303474		
3994.5032	0.11200000000008004	RippleTimeIntervals					3994.5144	4.099482388270717		
3997.2216000000003	0.03199999999969805	RippleTimeIntervals					3997.2496	0.405418730583933		
3997.4056	0.03920000000016444	RippleTimeIntervals					3997.4320000000002	1.798427382259092		
3998.6040000000003	0.04239999999981592	RippleTimeIntervals					3998.6328000000003	0.8386510828559804		
3999.068	0.05279999999993379	RippleTimeIntervals					3999.0744	2.2058679554253358		
3999.1944000000003	0.044799999999668216	RippleTimeIntervals					3999.2312	1.4719913188963052		
4007.0400000000004	0.03999999999996362	RippleTimeIntervals					4007.072	2.5666970718141133		
4016.7360000000003	0.027999999999792635	RippleTimeIntervals					4016.7552	1.9204746824963679		
4020.0672000000004	0.07119999999986248	RippleTimeIntervals					4020.1128000000003	1.348008899252867		
4020.5064	0.03279999999995198	RippleTimeIntervals					4020.5168000000003	0.5925189620101282		
4021.1328000000003	0.038399999999910506	RippleTimeIntervals					4021.1408	0.6905483977860318		
4022.132	0.025599999999940337	RippleTimeIntervals					4022.1376	0.8483139780736603		
4025.1656000000003	0.027999999999792635	RippleTimeIntervals					4025.1824	1.479843833231884		
4025.2656	0.06640000000015789	RippleTimeIntervals					4025.324	1.4159920858461472		
4025.5168000000003	0.04639999999972133	RippleTimeIntervals					4025.5472	4.252938513121988		
4025.684	0.038399999999910506	RippleTimeIntervals					4025.7024	1.0891825766918604		
4028.3312	0.03360000000020591	RippleTimeIntervals					4028.3568	4.4201981927344045		
4030.4440000000004	0.04239999999981592	RippleTimeIntervals					4030.4464000000003	0.5519154163764759		
4032.4320000000002	0.032000000000152795	RippleTimeIntervals					4032.44	0.51901856218108		
4036.1808	0.051199999999880674	RippleTimeIntervals					4036.1992	1.8772592917072126		
4036.3520000000003	0.03919999999970969	RippleTimeIntervals					4036.3672	3.587762658943335		
4038.3576000000003	0.0567999999998392	RippleTimeIntervals					4038.3912	2.791440153811581		
4038.4464000000003	0.044800000000122964	RippleTimeIntervals					4038.48	0.8008626477729663		
4039.1288000000004	0.02639999999973952	RippleTimeIntervals					4039.1472000000003	1.4934714700661853		
4039.2928	0.02080000000023574	RippleTimeIntervals					4039.3008	0.7383077511287757		
4040.0488	0.02080000000023574	RippleTimeIntervals					4040.0584000000003	1.509646643116015		
4040.8632000000002	0.031199999999898864	RippleTimeIntervals					4040.8768	1.2316358559360268		
4041.9448	0.03600000000005821	RippleTimeIntervals					4041.9592000000002	5.753242067009111		
4042.036	0.04719999999997526	RippleTimeIntervals					4042.0544	0.9584760386627803		
4043.9448	0.03519999999980428	RippleTimeIntervals					4043.9616	2.9224562710268533		
4046.4424000000004	0.021600000000034925	RippleTimeIntervals					4046.4464000000003	0.5345667528163641		
4049.6760000000004	0.058399999999892316	RippleTimeIntervals					4049.7064	1.9692945484529818		
4049.8256	0.051199999999880674	RippleTimeIntervals					4049.8592000000003	1.8789384119819967		
4050.4016	0.023999999999887223	RippleTimeIntervals					4050.4184	1.6066573027560658		
4050.6888000000004	0.09679999999980282	RippleTimeIntervals					4050.7208	3.1207414391262778		
4051.3528	0.04559999999992215	RippleTimeIntervals					4051.3736000000004	3.1085087550488404		
4051.4424000000004	0.04239999999981592	RippleTimeIntervals					4051.4480000000003	1.2681888441596358		
4053.1792	0.029600000000300497	RippleTimeIntervals					4053.184	0.861433652907846		
4053.4104	0.03040000000009968	RippleTimeIntervals					4053.4192000000003	0.4744646834307081		
4055.6832000000004	0.03919999999970969	RippleTimeIntervals					4055.7160000000003	0.6243624977593831		
4055.7944	0.024800000000141154	RippleTimeIntervals					4055.808	1.057422806545177		
4063.9144	0.05760000000009313	RippleTimeIntervals					4063.9464000000003	1.3075542993711788		
4065.452	0.02719999999999345	RippleTimeIntervals					4065.4608000000003	0.5054038593789605		
4070.0	37.0	SleepStates								REMstate
4108.0	30.0	SleepStates								WAKEstate
4108.9632	0.040799999999762804	RippleTimeIntervals					4108.9824	0.6609481433582202		
4109.1072	0.04640000000017608	RippleTimeIntervals					4109.1464000000005	0.48195202250808644		
4109.3616	0.022399999999834108	RippleTimeIntervals					4109.3656	0.45344867970751435		
4127.5688	0.04719999999997526	RippleTimeIntervals					4127.6056	5.876477438403388		
4127.7544	0.03279999999995198	RippleTimeIntervals					4127.7632	4.50181606081437		
4138.8296	0.040799999999762804	RippleTimeIntervals					4138.845600000001	2.4993547243830707		
4139.0	238.0	SleepStates								NREMstate
4139.2696000000005	0.030399999999644933	RippleTimeIntervals					4139.2888	2.281251136859021		
4142.5504	0.023200000000542786	RippleTimeIntervals					4142.56	3.8568113282118355		
4143.4744	0.03279999999995198	RippleTimeIntervals					4143.4952	4.479052310178053		
4143.6024	0.04320000000006985	RippleTimeIntervals					4143.6328	7.194599046490882		
4144.484	0.07839999999941938	RippleTimeIntervals					4144.5496	1.9863551891684517		
4144.684	0.05599999999958527	RippleTimeIntervals					4144.7176	6.030245371472712		
4145.88	0.030399999999644933	RippleTimeIntervals					4145.9024	1.2288539113083758		
4147.228	0.02080000000023574	RippleTimeIntervals					4147.2408000000005	0.9584892130679417		
4148.0728	0.04800000000068394	RippleTimeIntervals					4148.0952	0.517171327027095		
4154.8736	0.02400000000034197	RippleTimeIntervals					4154.888	0.9290349782282674		
4155.2824	0.07840000000032887	RippleTimeIntervals					4155.3248	3.3474102186646313		
4155.4768	0.06080000000019936	RippleTimeIntervals					4155.5032	7.579025447339533		
4155.8984	0.032000000000152795	RippleTimeIntervals					4155.9112000000005	1.465290383167279		
4156.0256	0.042400000000270666	RippleTimeIntervals					4156.059200000001	2.3761300018324913		
4157.2712	0.04640000000017608	RippleTimeIntervals					4157.3072	1.8722484245561712		
4157.544800000001	0.11039999999957217	RippleTimeIntervals					4157.6344	3.3830479359298375		
4159.388	0.04960000000028231	RippleTimeIntervals					4159.4136	6.359812130929832		
4159.5232000000005	0.04399999999986903	RippleTimeIntervals					4159.536	5.500040155500564		
4160.3088	0.045600000000376895	RippleTimeIntervals					4160.3296	1.0929464762721939		
4160.9024	0.030400000000554428	RippleTimeIntervals					4160.9152	1.6203018251683932		
4162.9776	0.021600000000034925	RippleTimeIntervals					4162.9872000000005	2.9140114876317855		
4171.649600000001	0.08559999999943102	RippleTimeIntervals					4171.6856	4.2002695178309795		
4173.388800000001	0.03999999999996362	RippleTimeIntervals					4173.3944	0.5054986230523474		
4175.744000000001	0.025599999999940337	RippleTimeIntervals					4175.7616	1.288489919857719		
4179.5512	0.04640000000017608	RippleTimeIntervals					4179.5696	4.521331316652833		
4179.6792000000005	0.0999999999994543	RippleTimeIntervals					4179.711200000001	4.609131949495465		
4182.1792000000005	0.022399999999834108	RippleTimeIntervals					4182.1952	0.630464510359789		
4183.0128	0.05599999999958527	RippleTimeIntervals					4183.0616	1.4525758785390308		
4183.2864	0.05360000000018772	RippleTimeIntervals					4183.312	4.23620844997729		
4183.4928	0.05519999999978609	RippleTimeIntervals					4183.5208	3.553113463204452		
4183.6320000000005	0.07999999999992724	RippleTimeIntervals					4183.668000000001	6.136096201155237		
4183.8848	0.03600000000005821	RippleTimeIntervals					4183.903200000001	2.7674117903410336		
4184.044	0.05680000000029395	RippleTimeIntervals					4184.0872	8.477192904761269		
4184.8616	0.05040000000008149	RippleTimeIntervals					4184.888	4.714126726361126		
4185.5088000000005	0.03919999999925494	RippleTimeIntervals					4185.528	3.262460881345363		
4187.2048	0.02959999999984575	RippleTimeIntervals					4187.2136	3.2531845780369126		
4195.728	0.0543999999999869	RippleTimeIntervals					4195.7576	0.5230769546556884		
4202.4656	0.04719999999997526	RippleTimeIntervals					4202.4856	3.2635101825639667		
4202.6016	0.0727999999999156	RippleTimeIntervals					4202.6088	2.954059541547267		
4202.7752	0.020000000000436557	RippleTimeIntervals					4202.7880000000005	1.9923093146870716		
4203.3064	0.03999999999996362	RippleTimeIntervals					4203.320000000001	0.5105949998693713		
4204.4128	0.04399999999986903	RippleTimeIntervals					4204.4384	3.311469915787837		
4204.524	0.06719999999950232	RippleTimeIntervals					4204.5536	3.013543058851703		
4208.5096	0.04399999999986903	RippleTimeIntervals					4208.532	5.880182594947113		
4208.9392	0.03120000000035361	RippleTimeIntervals					4208.9616000000005	1.5657255957097116		
4209.8832	0.06319999999959691	RippleTimeIntervals					4209.9392	1.100113731171978		
4210.3752	0.07999999999992724	RippleTimeIntervals					4210.4024	2.2221458740497075		
4210.4752	0.0272000000004482	RippleTimeIntervals					4210.484	0.5963394415033172		
4211.1128	0.048800000000483124	RippleTimeIntervals					4211.153600000001	1.387114744098709		
4211.3088	0.04800000000068394	RippleTimeIntervals					4211.3496000000005	1.2786183331646181		
4216.9328000000005	0.046399999999266583	RippleTimeIntervals					4216.9704	1.6148753333428194		
4217.1224	0.03120000000035361	RippleTimeIntervals					4217.1328	3.621804961286435		
4221.8512	0.03120000000035361	RippleTimeIntervals					4221.8736	1.4721938358688782		
4222.019200000001	0.03999999999996362	RippleTimeIntervals					4222.0424	2.609657002087329		
4222.404	0.09839999999985594	RippleTimeIntervals					4222.4744	2.415997137986647		
4222.7824	0.042400000000270666	RippleTimeIntervals					4222.8048	4.6389709830421575		
4225.428	0.029600000000755244	RippleTimeIntervals					4225.4496	1.1813690684750844		
4225.6416	0.04480000000057771	RippleTimeIntervals					4225.6784	3.3955021411351103		
4226.030400000001	0.05199999999967986	RippleTimeIntervals					4226.059200000001	4.2581717326120225		
4226.1576000000005	0.021600000000034925	RippleTimeIntervals					4226.168000000001	7.210351735703325		
4226.5784	0.040799999999762804	RippleTimeIntervals					4226.604	6.428790868465649		
4229.3392	0.05199999999967986	RippleTimeIntervals					4229.360000000001	4.527754702669776		
4229.4928	0.04399999999986903	RippleTimeIntervals					4229.5208	1.3050983617072947		
4231.6584	0.032000000000152795	RippleTimeIntervals					4231.6832	0.83220618392219		
4231.7528	0.034399999999550346	RippleTimeIntervals					4231.780000000001	0.5633790940897149		
4232.4448	0.028000000000247383	RippleTimeIntervals					4232.4536	1.2852727014383494		
4233.8824	0.024800000000141154	RippleTimeIntervals					4233.8872	0.5627647732393888		
4237.9472000000005	0.053599999999278225	RippleTimeIntervals					4237.9848	3.485255323327801		
4238.7056	0.06319999999959691	RippleTimeIntervals					4238.7472	5.010886152026161		
4238.8832	0.07039999999960855	RippleTimeIntervals					4238.908	2.612417683709505		
4239.1072	0.06959999999980937	RippleTimeIntervals					4239.144	4.333563084894948		
4239.2880000000005	0.027199999999538704	RippleTimeIntervals					4239.3048	2.4382916728616295		
4239.5344000000005	0.027199999999538704	RippleTimeIntervals					4239.5384	0.7290950918707265		
4240.4936	0.09360000000015134	RippleTimeIntervals					4240.5464	2.2875235553374145		
4249.3376	0.04480000000057771	RippleTimeIntervals					4249.374400000001	1.271122984813161		
4249.5568	0.02400000000034197	RippleTimeIntervals					4249.566400000001	1.0601705928280565		
4249.7072	0.028000000000247383	RippleTimeIntervals					4249.7192000000005	3.346843923178496		
4252.476000000001	0.06079999999928987	RippleTimeIntervals					4252.5184	4.652045837345051		
4255.7952000000005	0.020799999999326246	RippleTimeIntervals					4255.8008	1.2398934401735129		
4256.5128	0.04719999999997526	RippleTimeIntervals					4256.5408	1.1954104929119764		
4258.9352	0.03999999999996362	RippleTimeIntervals					4258.9568	7.227775169017932		
4259.1472	0.11679999999978463	RippleTimeIntervals					4259.2048	5.078322614264125		
4259.4128	0.04480000000057771	RippleTimeIntervals					4259.428800000001	4.623230619035868		
4260.0	0.0632000000005064	RippleTimeIntervals					4260.0408	7.143526753380305		
4260.1032000000005	0.07439999999951397	RippleTimeIntervals					4260.142400000001	5.013453394583855		
4260.4792	0.04640000000017608	RippleTimeIntervals					4260.5032	4.386439536671096		
4260.9136	0.04160000000047148	RippleTimeIntervals					4260.9272	1.7674066823697323		
4261.6456	0.04320000000006985	RippleTimeIntervals					4261.6712	0.8966917161349403		
4263.3728	0.021600000000034925	RippleTimeIntervals					4263.3872	0.6805971620866366		
4263.6552	0.044799999999668216	RippleTimeIntervals					4263.688	0.8252444736478466		
4264.4400000000005	0.03839999999945576	RippleTimeIntervals					4264.4584	0.6705239524976034		
4265.2504	0.07999999999992724	RippleTimeIntervals					4265.2704	6.469896237358325		
4265.4424	0.056000000000494765	RippleTimeIntervals					4265.457600000001	5.403589222402278		
4265.7808	0.05279999999947904	RippleTimeIntervals					4265.8176	3.2657972585377903		
4268.3248	0.028800000000046566	RippleTimeIntervals					4268.3392	1.5329959042574743		
4269.160800000001	0.0775999999996202	RippleTimeIntervals					4269.2	2.7556753648126273		
4272.367200000001	0.040799999999762804	RippleTimeIntervals					4272.3848	1.4897523457516006		
4273.0008	0.022400000000743603	RippleTimeIntervals					4273.0112	0.922248264771971		
4273.2480000000005	0.028800000000046566	RippleTimeIntervals					4273.256	0.5869676268239704		
4273.5136	0.05360000000018772	RippleTimeIntervals					4273.5352	1.4355156275310426		
4273.8296	0.03120000000035361	RippleTimeIntervals					4273.852800000001	3.1548256810387056		
4278.1864000000005	0.03359999999975116	RippleTimeIntervals					4278.2024	1.6439196286018722		
4278.2944	0.045600000000376895	RippleTimeIntervals					4278.328	6.292762018734006		
4278.7344	0.05360000000018772	RippleTimeIntervals					4278.7576	3.549639389198348		
4280.936000000001	0.0319999999992433	RippleTimeIntervals					4280.9448	3.24245639605224		
4287.4168	0.03360000000066066	RippleTimeIntervals					4287.4256000000005	0.8825743641862689		
4288.9784	0.03279999999995198	RippleTimeIntervals					4289.0032	1.3443988050299738		
4293.524	0.021600000000034925	RippleTimeIntervals					4293.5296	0.6339309404446015		
4293.8736	0.05680000000029395	RippleTimeIntervals					4293.9184000000005	2.2520694092845		
4295.030400000001	0.06079999999928987	RippleTimeIntervals					4295.0488000000005	2.0223476427978193		
4295.403200000001	0.06799999999930151	RippleTimeIntervals					4295.4536	4.164980804145311		
4295.8264	0.06400000000030559	RippleTimeIntervals					4295.8728	2.2602385718594937		
4296.5056	0.08879999999953725	RippleTimeIntervals					4296.52	1.7463800515520673		
4296.6768	0.06000000000040018	RippleTimeIntervals					4296.6936000000005	1.315987485469854		
4296.8088	0.03840000000036525	RippleTimeIntervals					4296.834400000001	5.741239413812242		
4297.215200000001	0.08239999999932479	RippleTimeIntervals					4297.272800000001	3.9441548560909823		
4297.4224	0.02959999999984575	RippleTimeIntervals					4297.4352	1.780599621336338		
4297.6952	0.08079999999972642	RippleTimeIntervals					4297.756	2.4379719431817337		
4299.752	0.040799999999762804	RippleTimeIntervals					4299.7848	0.5404189231439339		
4299.8872	0.058399999999892316	RippleTimeIntervals					4299.9192	3.8207694028865755		
4303.8032	0.034399999999550346	RippleTimeIntervals					4303.8112	1.2428238342199438		
4307.5936	0.021600000000034925	RippleTimeIntervals					4307.6072	1.4675459507617048		
4312.084	0.04160000000047148	RippleTimeIntervals					4312.1024	1.6943548581812387		
4313.7944	0.05360000000018772	RippleTimeIntervals					4313.8240000000005	1.932051237154292		
4314.2480000000005	0.03999999999996362	RippleTimeIntervals					4314.264	3.910039650484072		
4314.4488	0.03440000000045984	RippleTimeIntervals					4314.468	1.6597523447294942		
4317.7176	0.03679999999985739	RippleTimeIntervals					4317.7304	0.9333523130919684		
4318.1616	0.035200000000259024	RippleTimeIntervals					4318.1736	3.016847907021056		
4318.9544000000005	0.023999999999432475	RippleTimeIntervals					4318.9712	0.6135182306616587		
4319.1104000000005	0.031199999999444117	RippleTimeIntervals					4319.116	1.014383390817715		
4319.874400000001	0.0455999999994674	RippleTimeIntervals					4319.9056	0.9309198654363837		
4329.341600000001	0.03279999999995198	RippleTimeIntervals					4329.3472	0.882367553678639		
4329.6016	0.04800000000068394	RippleTimeIntervals					4329.612	3.335635919773328		
4329.7936	0.0408000000006723	RippleTimeIntervals					4329.8072	1.0785378473576113		
4329.8992	0.03760000000056607	RippleTimeIntervals					4329.9192	5.327260161156897		
4330.0424	0.027199999999538704	RippleTimeIntervals					4330.0656	0.5511873333475202		
4330.6664	0.07200000000011642	RippleTimeIntervals					4330.7208	2.693970465906182		
4331.236800000001	0.030399999999644933	RippleTimeIntervals					4331.2496	2.7688799519206873		
4331.805600000001	0.04159999999956199	RippleTimeIntervals					4331.8312000000005	11.330016268455214		
4333.2624000000005	0.03999999999996362	RippleTimeIntervals					4333.2816	0.9348263410746422		
4334.8832	0.09839999999985594	RippleTimeIntervals					4334.9728000000005	1.134101090117957		
4336.2752	0.023200000000542786	RippleTimeIntervals					4336.2864	0.8501939194989117		
4339.7824	0.061599999999998545	RippleTimeIntervals					4339.812800000001	3.508895944514525		
4339.9344	0.056000000000494765	RippleTimeIntervals					4339.9704	4.342709125594972		
4340.1056	0.025599999999940337	RippleTimeIntervals					4340.12	0.7198775970732527		
4342.345600000001	0.020799999999326246	RippleTimeIntervals					4342.3576	1.7009688874664735		
4342.492	0.03679999999985739	RippleTimeIntervals					4342.508	3.927418892650522		
4342.9248	0.0272000000004482	RippleTimeIntervals					4342.9400000000005	0.9324251565853684		
4343.0872	0.04800000000068394	RippleTimeIntervals					4343.0960000000005	4.375657368017218		
4343.6936000000005	0.024800000000141154	RippleTimeIntervals					4343.711200000001	0.9369058246049916		
4344.9336	0.05360000000018772	RippleTimeIntervals					4344.976000000001	3.02841457000446		
4346.8688	0.08799999999973807	RippleTimeIntervals					4346.9208	2.178579442341297		
4346.9800000000005	0.08079999999972642	RippleTimeIntervals					4347.0	3.0431863343173258		
4347.3848	0.0272000000004482	RippleTimeIntervals					4347.3952	2.8138896906560906		
4351.336	0.05040000000008149	RippleTimeIntervals					4351.3784000000005	0.8138444576559422		
4351.92	0.051199999999880674	RippleTimeIntervals					4351.944	0.9172982553470498		
4352.298400000001	0.05519999999978609	RippleTimeIntervals					4352.3376	4.080356201465136		
4353.3048	0.056000000000494765	RippleTimeIntervals					4353.3568000000005	0.43485692304794177		
4358.3624	0.058399999999892316	RippleTimeIntervals					4358.3928000000005	2.6891230774122326		
4358.504	0.03760000000056607	RippleTimeIntervals					4358.5248	1.4348316904451754		
4359.036	0.03760000000056607	RippleTimeIntervals					4359.0576	5.685609717792159		
4359.1248000000005	0.07519999999931315	RippleTimeIntervals					4359.1624	3.125600931921572		
4360.142400000001	0.0727999999999156	RippleTimeIntervals					4360.164	2.4268983435113074		
4360.4208	0.0408000000006723	RippleTimeIntervals					4360.457600000001	0.5399168045185194		
4370.0272	0.030399999999644933	RippleTimeIntervals					4370.0488000000005	1.8239966632763018		
4372.7528	0.025599999999940337	RippleTimeIntervals					4372.7664	1.3993816701806563		
4374.2192000000005	0.051199999999880674	RippleTimeIntervals					4374.2472	2.8796529240013236		
4374.6192	0.025599999999940337	RippleTimeIntervals					4374.6320000000005	5.819537832738597		
4374.8144	0.04399999999986903	RippleTimeIntervals					4374.8264	3.4645775063658277		
4378.0	8.0	SleepStates								REMstate
4378.3488	0.028800000000046566	RippleTimeIntervals					4378.3608	1.2513857440896474		
4387.0	14.0	SleepStates								NREMstate
4392.9464	0.028800000000046566	RippleTimeIntervals					4392.9656	0.5330816558193658		
4393.0960000000005	0.020799999999326246	RippleTimeIntervals					4393.1088	0.7730931165230419		
4402.0	12.0	SleepStates								WAKEstate
4404.4512	0.021600000000034925	RippleTimeIntervals					4404.464800000001	0.6547774107382257		
4407.9408	0.03600000000005821	RippleTimeIntervals					4407.968	1.9129385510814878		
4410.0928	0.06319999999959691	RippleTimeIntervals					4410.1048	1.2119415485658955		
4414.3936	0.025599999999940337	RippleTimeIntervals					4414.4112000000005	1.8214439368105575		
4415.0	46.0	SleepStates								REMstate
4415.142400000001	0.03839999999945576	RippleTimeIntervals					4415.152	0.8227757697214457		
4416.8544	0.03120000000035361	RippleTimeIntervals					4416.8632	0.6825605520765413		
4422.9400000000005	0.06799999999930151	RippleTimeIntervals					4422.9864	1.1767533864633182		
4423.2416	0.05360000000018772	RippleTimeIntervals					4423.2568	2.2103901823724508		
4425.3624	0.03840000000036525	RippleTimeIntervals					4425.3704	0.4881043992268292		
4426.6576000000005	0.03279999999995198	RippleTimeIntervals					4426.6616	0.5629083422972303		
4433.7064	0.07840000000032887	RippleTimeIntervals					4433.7104	0.6334334020446121		
4439.312800000001	0.034399999999550346	RippleTimeIntervals					4439.34	0.5725869102300091		
4439.4312	0.028800000000046566	RippleTimeIntervals					4439.4400000000005	0.41459179056612455		
4447.0104	0.03679999999985739	RippleTimeIntervals					4447.0344000000005	0.7278206076186442		
4462.0	10.0	SleepStates								WAKEstate
4473.0	641.0	SleepStates								NREMstate
4493.3704	0.048800000000483124	RippleTimeIntervals					4493.4056	3.780911219116846		
4494.3288	0.02639999999973952	RippleTimeIntervals					4494.3376	1.0912577780066939		
4494.6216	0.05760000000009313	RippleTimeIntervals					4494.6368	3.1257134481832365		
4503.404	0.03679999999985739	RippleTimeIntervals					4503.428	5.217226176378871		
4507.3472	0.09360000000015134	RippleTimeIntervals					4507.3992	1.7296075375524613		
4508.142400000001	0.0543999999999869	RippleTimeIntervals					4508.1632	2.00191194927761		
4508.320000000001	0.04159999999956199	RippleTimeIntervals					4508.3544	1.173070088990586		
4508.6696	0.03440000000045984	RippleTimeIntervals					4508.6776	1.0391649392023812		
4508.9096	0.035200000000259024	RippleTimeIntervals					4508.9256000000005	1.9619291323911998		
4509.756	0.03999999999996362	RippleTimeIntervals					4509.7856	5.3839669165141535		
4510.0464	0.03440000000045984	RippleTimeIntervals					4510.059200000001	1.4965582523901986		
4510.2064	0.030400000000554428	RippleTimeIntervals					4510.22	3.212729513463881		
4512.0792	0.02959999999984575	RippleTimeIntervals					4512.0864	1.7495606528551357		
4512.860000000001	0.023199999999633292	RippleTimeIntervals					4512.8752	0.648797133233346		
4514.0960000000005	0.031199999999444117	RippleTimeIntervals					4514.1128	1.4185297269972479		
4517.0744	0.05360000000018772	RippleTimeIntervals					4517.0792	0.7261564259996985		
4527.5536	0.021600000000034925	RippleTimeIntervals					4527.5672	1.3017271014098661		
4527.682400000001	0.07039999999960855	RippleTimeIntervals					4527.7352	2.101006028320373		
4527.96	0.03920000000016444	RippleTimeIntervals					4527.9912	1.0570668850085199		
4528.952	0.020000000000436557	RippleTimeIntervals					4528.9672	0.7508870621780749		
4529.3832	0.03840000000036525	RippleTimeIntervals					4529.4048	2.2107061422597485		
4529.4776	0.05040000000008149	RippleTimeIntervals					4529.52	0.7029724225867935		
4530.5528	0.03600000000005821	RippleTimeIntervals					4530.5704000000005	3.0197559079260583		
4530.8984	0.07520000000022264	RippleTimeIntervals					4530.9528	3.1174256909180444		
4531.798400000001	0.03679999999985739	RippleTimeIntervals					4531.8032	1.0917547878126002		
4532.4096	0.052800000000388536	RippleTimeIntervals					4532.4184000000005	1.3275419232210632		
4534.4296	0.03600000000005821	RippleTimeIntervals					4534.4392	1.3648749183155198		
4536.0576	0.09040000000004511	RippleTimeIntervals					4536.1152	3.485051020291326		
4536.4488	0.07600000000002183	RippleTimeIntervals					4536.4864	2.4419809918223576		
4537.608	0.044799999999668216	RippleTimeIntervals					4537.6328	4.829163363211399		
4537.7464	0.03279999999995198	RippleTimeIntervals					4537.7552000000005	2.4171668376728856		
4537.9416	0.03920000000016444	RippleTimeIntervals					4537.9568	3.829078634821125		
4538.059200000001	0.037599999999656575	RippleTimeIntervals					4538.0688	2.606091508776263		
4541.0984	0.07360000000062428	RippleTimeIntervals					4541.1176000000005	1.4597500284662988		
4543.6168	0.05040000000008149	RippleTimeIntervals					4543.635200000001	3.1350509756323626		
4543.8432	0.068000000000211	RippleTimeIntervals					4543.888800000001	2.376000187508		
4544.2496	0.03999999999996362	RippleTimeIntervals					4544.272	2.5194664585025386		
4544.3296	0.07600000000002183	RippleTimeIntervals					4544.3784000000005	2.7385199607701916		
4545.4696	0.03679999999985739	RippleTimeIntervals					4545.484	4.455449368217658		
4546.0512	0.024800000000141154	RippleTimeIntervals					4546.0544	0.41876205406981026		
4546.224	0.02959999999984575	RippleTimeIntervals					4546.2488	0.7438974508726135		
4548.964800000001	0.03359999999975116	RippleTimeIntervals					4548.9808	1.509927812684264		
4549.156800000001	0.037599999999656575	RippleTimeIntervals					4549.1864000000005	1.6857024120948743		
4554.102400000001	0.02959999999984575	RippleTimeIntervals					4554.1232	3.592680608715263		
4554.2408000000005	0.05040000000008149	RippleTimeIntervals					4554.2528	1.4008757201037738		
4554.4376	0.0272000000004482	RippleTimeIntervals					4554.452	1.7693592038702257		
4556.537600000001	0.03999999999996362	RippleTimeIntervals					4556.5560000000005	3.129380111148432		
4557.3112	0.030400000000554428	RippleTimeIntervals					4557.320000000001	1.2508683752901992		
4560.5928	0.03920000000016444	RippleTimeIntervals					4560.6168	4.715825664195962		
4566.6456	0.03920000000016444	RippleTimeIntervals					4566.6544	1.3245686262234877		
4569.508	0.03600000000005821	RippleTimeIntervals					4569.524	1.013261720639889		
4569.66	0.04480000000057771	RippleTimeIntervals					4569.6688	2.238123975944945		
4570.030400000001	0.027999999999337888	RippleTimeIntervals					4570.036	2.269525356381896		
4570.3688	0.04960000000028231	RippleTimeIntervals					4570.3984	2.667935725861658		
4570.5096	0.08320000000003347	RippleTimeIntervals					4570.56	5.529444222893963		
4570.7504	0.04480000000057771	RippleTimeIntervals					4570.787200000001	1.363537473717994		
4570.8248	0.05999999999949068	RippleTimeIntervals					4570.8536	9.804180327544662		
4570.9568	0.0543999999999869	RippleTimeIntervals					4570.972000000001	0.7366666849085318		
4571.876	0.03679999999985739	RippleTimeIntervals					4571.8848	0.4901066047449238		
4572.656800000001	0.05279999999947904	RippleTimeIntervals					4572.6848	0.9737260389911527		
4572.92	0.030400000000554428	RippleTimeIntervals					4572.9376	0.4689349190579296		
4573.1776	0.02959999999984575	RippleTimeIntervals					4573.189600000001	3.1311830492619754		
4574.1	0.03920000000016444	RippleTimeIntervals					4574.1168	2.1095320171652214		
4575.76	0.02639999999973952	RippleTimeIntervals					4575.7696000000005	0.5541118853426341		
4576.236800000001	0.0319999999992433	RippleTimeIntervals					4576.2448	3.8656250991508836		
4576.3448	0.03279999999995198	RippleTimeIntervals					4576.3656	4.530786219687333		
4576.416	0.09760000000005675	RippleTimeIntervals					4576.4712	4.099723578128806		
4580.9464	0.07040000000051805	RippleTimeIntervals					4581.008	1.4545841500913286		
4585.3424	0.0639999999993961	RippleTimeIntervals					4585.388	1.003452986643887		
4586.624	0.03600000000005821	RippleTimeIntervals					4586.644	6.466249226962815		
4587.9384	0.05200000000058935	RippleTimeIntervals					4587.9728000000005	8.193060843347958		
4590.2072	0.03279999999995198	RippleTimeIntervals					4590.2288	4.373836272606945		
4591.9704	0.025599999999940337	RippleTimeIntervals					4591.9888	0.849069169874689		
4592.044800000001	0.07839999999941938	RippleTimeIntervals					4592.092000000001	2.645018759250468		
4592.4984	0.03600000000005821	RippleTimeIntervals					4592.5184	4.894756180614824		
4592.656	0.03840000000036525	RippleTimeIntervals					4592.6672	4.44424266037217		
4593.9928	0.04480000000057771	RippleTimeIntervals					4594.0088000000005	5.057995269728316		
4594.102400000001	0.04159999999956199	RippleTimeIntervals					4594.1264	2.0046102586544903		
4595.6048	0.06000000000040018	RippleTimeIntervals					4595.6144	0.8733799646436853		
4595.7552000000005	0.027999999999337888	RippleTimeIntervals					4595.7696000000005	2.1789014035906287		
4595.9536	0.10720000000037544	RippleTimeIntervals					4595.9912	0.7036123708455988		
4596.2192000000005	0.023199999999633292	RippleTimeIntervals					4596.2328	1.1217083814968003		
4596.984	0.03839999999945576	RippleTimeIntervals					4596.9992	1.6662761072684107		
4597.4024	0.02080000000023574	RippleTimeIntervals					4597.416	0.7322616498839105		
4598.537600000001	0.04719999999997526	RippleTimeIntervals					4598.566400000001	0.4360326105714254		
4599.7216	0.04160000000047148	RippleTimeIntervals					4599.7552000000005	1.108362844355518		
4603.5312	0.035200000000259024	RippleTimeIntervals					4603.5616	1.0189896047582014		
4603.7392	0.03760000000056607	RippleTimeIntervals					4603.7576	2.8953981965985993		
4604.722400000001	0.0455999999994674	RippleTimeIntervals					4604.752	2.721821718379286		
4608.298400000001	0.06239999999979773	RippleTimeIntervals					4608.320000000001	6.178017380937696		
4608.4848	0.03840000000036525	RippleTimeIntervals					4608.5008	6.734756476208196		
4608.9992	0.020000000000436557	RippleTimeIntervals					4609.0008	0.4448544643474569		
4609.156	0.07600000000002183	RippleTimeIntervals					4609.1784	3.3552807198076438		
4609.2824	0.024800000000141154	RippleTimeIntervals					4609.2992	2.461414602852825		
4609.496	0.06639999999970314	RippleTimeIntervals					4609.5184	1.9290711982464335		
4610.2776	0.042400000000270666	RippleTimeIntervals					4610.3072	1.5138882293637705		
4610.5056	0.027199999999538704	RippleTimeIntervals					4610.5216	2.6942920613245844		
4616.4824	0.0272000000004482	RippleTimeIntervals					4616.4872000000005	1.4552780177464073		
4617.320000000001	0.023999999999432475	RippleTimeIntervals					4617.3376	0.6855102998369988		
4617.7448	0.03679999999985739	RippleTimeIntervals					4617.7648	1.7916534773891963		
4617.8392	0.03999999999996362	RippleTimeIntervals					4617.868	1.1897172495409174		
4619.0208	0.028000000000247383	RippleTimeIntervals					4619.0256	1.171194625998555		
4619.296	0.024800000000141154	RippleTimeIntervals					4619.3096000000005	1.174619302718642		
4619.4824	0.030400000000554428	RippleTimeIntervals					4619.4968	5.29418988219847		
4619.8296	0.028000000000247383	RippleTimeIntervals					4619.8496000000005	2.400010496890509		
4619.9248	0.04480000000057771	RippleTimeIntervals					4619.952	3.153630919296666		
4620.08	0.05520000000069558	RippleTimeIntervals					4620.1128	6.614374292695911		
4621.1320000000005	0.06799999999930151	RippleTimeIntervals					4621.1672	5.940870699783664		
4621.2888	0.027199999999538704	RippleTimeIntervals					4621.3008	1.2896027698520018		
4621.403200000001	0.07600000000002183	RippleTimeIntervals					4621.4712	0.6094845338624452		
4626.1584	0.02400000000034197	RippleTimeIntervals					4626.1664	0.5951092756732649		
4628.932	0.03280000000086147	RippleTimeIntervals					4628.9496	8.446557504169954		
4629.616	0.07040000000051805	RippleTimeIntervals					4629.6720000000005	1.7529749564804975		
4629.9864	0.042400000000270666	RippleTimeIntervals					4630.0064	3.532238806717285		
4630.5904	0.056000000000494765	RippleTimeIntervals					4630.6288	9.623602402102822		
4633.4312	0.03440000000045984	RippleTimeIntervals					4633.4488	0.47742868797164856		
4635.602400000001	0.030399999999644933	RippleTimeIntervals					4635.612	1.1122522295165396		
4637.5504	0.02639999999973952	RippleTimeIntervals					4637.572	0.7470244559936282		
4639.6320000000005	0.02959999999984575	RippleTimeIntervals					4639.6576000000005	0.5587950548641059		
4639.772	0.030400000000554428	RippleTimeIntervals					4639.7944	1.4729426603453248		
4659.716	0.03920000000016444	RippleTimeIntervals					4659.7424	3.7560375227275604		
4659.9344	0.03840000000036525	RippleTimeIntervals					4659.964800000001	1.8608034121459678		
4663.1232	0.03920000000016444	RippleTimeIntervals					4663.1456	3.989295510494986		
4663.4568	0.028800000000046566	RippleTimeIntervals					4663.4664	0.9529712979114892		
4665.0032	0.04640000000017608	RippleTimeIntervals					4665.0416000000005	0.6928876565722903		
4665.7552000000005	0.05599999999958527	RippleTimeIntervals					4665.776	0.7405762676910129		
4666.372	0.05360000000018772	RippleTimeIntervals					4666.410400000001	3.0960152910409486		
4667.0224	0.09200000000055297	RippleTimeIntervals					4667.0968	4.148409612145331		
4667.228	0.06080000000019936	RippleTimeIntervals					4667.2576	5.051797290937553		
4667.3496000000005	0.06080000000019936	RippleTimeIntervals					4667.3968	2.9999273066974936		
4668.0064	0.03840000000036525	RippleTimeIntervals					4668.032	0.8756502747029522		
4669.5560000000005	0.05199999999967986	RippleTimeIntervals					4669.5856	0.8167795528936385		
4670.8216	0.023199999999633292	RippleTimeIntervals					4670.8264	0.7256265061097845		
4671.1832	0.044799999999668216	RippleTimeIntervals					4671.2072	2.508857934930693		
4671.8872	0.04160000000047148	RippleTimeIntervals					4671.8976	0.4839972676555157		
4672.0616	0.06959999999980937	RippleTimeIntervals					4672.0848000000005	1.3229765504948408		
4672.24	0.0864000000001397	RippleTimeIntervals					4672.3184	2.9650875998590855		
4674.0984	0.04320000000006985	RippleTimeIntervals					4674.12	6.0843552191026955		
4675.88	0.023200000000542786	RippleTimeIntervals					4675.8984	0.48261758092118423		
4676.3856000000005	0.07359999999971478	RippleTimeIntervals					4676.428800000001	3.019059409593999		
4677.0624	0.026400000000649015	RippleTimeIntervals					4677.0712	1.0268013457636194		
4678.2968	0.028800000000046566	RippleTimeIntervals					4678.2992	0.43255363886827924		
4678.6096	0.023200000000542786	RippleTimeIntervals					4678.6272	0.9798923414778521		
4678.7216	0.026400000000649015	RippleTimeIntervals					4678.7304	1.2130939337585591		
4679.838400000001	0.027999999999337888	RippleTimeIntervals					4679.852	0.921033276455834		
4680.0328	0.0408000000006723	RippleTimeIntervals					4680.0608	1.415265750645424		
4680.294400000001	0.023199999999633292	RippleTimeIntervals					4680.3096000000005	2.1413702558472405		
4680.414400000001	0.0319999999992433	RippleTimeIntervals					4680.4336	2.9658763257381473		
4680.6576000000005	0.027199999999538704	RippleTimeIntervals					4680.6744	4.453000492929092		
4681.076	0.028000000000247383	RippleTimeIntervals					4681.0968	0.5344210531887296		
4682.2880000000005	0.03999999999996362	RippleTimeIntervals					4682.316	1.7484046178877797		
4682.5352	0.025599999999940337	RippleTimeIntervals					4682.5528	1.3189387814694		
4685.964	0.05040000000008149	RippleTimeIntervals					4685.9728000000005	1.2660658198034205		
4687.345600000001	0.0911999999998443	RippleTimeIntervals					4687.3728	4.801227975492807		
4688.1488	0.021600000000034925	RippleTimeIntervals					4688.1584	1.6641245241123792		
4688.7608	0.059200000000600994	RippleTimeIntervals					4688.7968	1.9687757561964425		
4689.287200000001	0.02879999999913707	RippleTimeIntervals					4689.2992	0.5033449868389307		
4689.3824	0.03839999999945576	RippleTimeIntervals					4689.407200000001	0.46825757864913875		
4690.2864	0.07520000000022264	RippleTimeIntervals					4690.3208	3.1376968522444106		
4693.5016000000005	0.027999999999337888	RippleTimeIntervals					4693.5144	2.144205683412474		
4694.6056	0.1312000000007174	RippleTimeIntervals					4694.6720000000005	2.1571177081394253		
4695.0856	0.035200000000259024	RippleTimeIntervals					4695.0976	1.4543889492512885		
4695.1776	0.028000000000247383	RippleTimeIntervals					4695.1976	1.5164673568323266		
4696.7072	0.026400000000649015	RippleTimeIntervals					4696.7208	1.0254152340545695		
4705.120800000001	0.0319999999992433	RippleTimeIntervals					4705.128000000001	0.5479669763912979		
4706.9064	0.03840000000036525	RippleTimeIntervals					4706.9368	0.7250915140960029		
4713.338400000001	0.0639999999993961	RippleTimeIntervals					4713.3664	5.08961956646367		
4716.9856	0.05520000000069558	RippleTimeIntervals					4717.0112	2.567750998186467		
4717.1624	0.047999999999774445	RippleTimeIntervals					4717.1792000000005	6.232021037473661		
4717.294400000001	0.07519999999931315	RippleTimeIntervals					4717.3312000000005	2.2123661457726413		
4720.3688	0.10400000000026921	RippleTimeIntervals					4720.4416	4.112135232059423		
4720.9384	0.035200000000259024	RippleTimeIntervals					4720.9584	3.120612518602951		
4721.3016	0.02400000000034197	RippleTimeIntervals					4721.312800000001	3.7302877243501973		
4724.8240000000005	0.05040000000008149	RippleTimeIntervals					4724.8504	3.563839116678058		
4732.9872000000005	0.05360000000018772	RippleTimeIntervals					4733.012000000001	4.5393040997795735		
4733.108	0.0543999999999869	RippleTimeIntervals					4733.1264	5.7685477179137505		
4733.312	0.04400000000077853	RippleTimeIntervals					4733.3216	0.5990288830802565		
4734.6952	0.03999999999996362	RippleTimeIntervals					4734.722400000001	3.916382587327116		
4735.0368	0.06560000000081345	RippleTimeIntervals					4735.0944	3.280223680217364		
4735.492	0.04640000000017608	RippleTimeIntervals					4735.5064	2.07709318596992		
4735.6088	0.030400000000554428	RippleTimeIntervals					4735.6264	3.374847130900847		
4735.7568	0.04719999999997526	RippleTimeIntervals					4735.7704	2.657125947868907		
4737.2488	0.05519999999978609	RippleTimeIntervals					4737.2848	3.3849508807681743		
4737.595200000001	0.050399999999171996	RippleTimeIntervals					4737.62	4.463504594539422		
4737.7832	0.045600000000376895	RippleTimeIntervals					4737.7976	2.267398354004279		
4737.9896	0.021600000000034925	RippleTimeIntervals					4737.9952	1.701213251731026		
4738.7744	0.027199999999538704	RippleTimeIntervals					4738.7888	3.9156660750270658		
4739.1848	0.02959999999984575	RippleTimeIntervals					4739.2072	0.9920449426376294		
4739.2448	0.022399999999834108	RippleTimeIntervals					4739.2504	0.713944170870452		
4739.388800000001	0.056799999999384454	RippleTimeIntervals					4739.4192	4.337990696583274		
4743.1128	0.022400000000743603	RippleTimeIntervals					4743.1224	0.6704200605993526		
4743.9448	0.042400000000270666	RippleTimeIntervals					4743.9824	1.0058871802691876		
4747.2072	0.028800000000046566	RippleTimeIntervals					4747.212	0.9908821302717802		
4747.7024	0.08320000000003347	RippleTimeIntervals					4747.715200000001	2.4050044175957654		
4747.9344	0.04640000000017608	RippleTimeIntervals					4747.9584	8.729405796724864		
4748.4256000000005	0.07359999999971478	RippleTimeIntervals					4748.4536	3.198289175371606		
4759.5568	0.023199999999633292	RippleTimeIntervals					4759.5616	0.4092565723791583		
4760.08	0.07040000000051805	RippleTimeIntervals					4760.142400000001	1.4535730446243207		
4760.284000000001	0.08079999999972642	RippleTimeIntervals					4760.3144	2.2483081546620083		
4760.4736	0.06319999999959691	RippleTimeIntervals					4760.4928	3.866123277537018		
4760.8648	0.03120000000035361	RippleTimeIntervals					4760.8752	3.8021182101908657		
4761.7896	0.035200000000259024	RippleTimeIntervals					4761.8024000000005	2.0996968674294094		
4762.284000000001	0.046399999999266583	RippleTimeIntervals					4762.3016	1.9689472181386545		
4764.7864	0.048800000000483124	RippleTimeIntervals					4764.8096000000005	0.6673497481953257		
4764.8712000000005	0.07200000000011642	RippleTimeIntervals					4764.9256000000005	1.2581738466037529		
4765.2168	0.03600000000005821	RippleTimeIntervals					4765.232800000001	1.3033846048036732		
4765.736	0.023200000000542786	RippleTimeIntervals					4765.7416	0.7315791415862342		
4767.102400000001	0.03599999999914871	RippleTimeIntervals					4767.1072	0.6843906315375777		
4768.827200000001	0.051199999999880674	RippleTimeIntervals					4768.8544	2.6358598546176766		
4769.1128	0.03360000000066066	RippleTimeIntervals					4769.1392000000005	0.749805352264767		
4771.1832	0.035200000000259024	RippleTimeIntervals					4771.2064	2.731276060216086		
4771.3432	0.03999999999996362	RippleTimeIntervals					4771.3712000000005	3.0884905013700656		
4771.8912	0.02959999999984575	RippleTimeIntervals					4771.9088	1.5851539406802457		
4773.9872000000005	0.03679999999985739	RippleTimeIntervals					4774.0088000000005	6.903891289798156		
4774.3424	0.05040000000008149	RippleTimeIntervals					4774.3808	5.544503174730581		
4774.9008	0.08719999999993888	RippleTimeIntervals					4774.9464	2.1330730728050558		
4775.9800000000005	0.08239999999932479	RippleTimeIntervals					4776.0088000000005	2.634048369868003		
4781.682400000001	0.022399999999834108	RippleTimeIntervals					4781.696	0.6796244611054917		
4783.3072	0.023199999999633292	RippleTimeIntervals					4783.316	2.5832186985315557		
4784.7216	0.03600000000005821	RippleTimeIntervals					4784.74	1.9836280238088397		
4787.5352	0.044799999999668216	RippleTimeIntervals					4787.54	0.8424093178399399		
4787.9048	0.025599999999940337	RippleTimeIntervals					4787.9168	4.9587208783132475		
4788.5984	0.025599999999940337	RippleTimeIntervals					4788.612	1.006294978342946		
4788.8304	0.05200000000058935	RippleTimeIntervals					4788.8392	1.0261270058060854		
4789.8032	0.05760000000009313	RippleTimeIntervals					4789.8448	0.9387924488031998		
4792.4664	0.025599999999940337	RippleTimeIntervals					4792.4752	0.9317211158984824		
4793.660800000001	0.08959999999933643	RippleTimeIntervals					4793.688	3.662106514845648		
4802.652	0.030400000000554428	RippleTimeIntervals					4802.6744	0.9098591099506396		
4802.7928	0.05040000000008149	RippleTimeIntervals					4802.8064	4.094605379264621		
4803.0056	0.03839999999945576	RippleTimeIntervals					4803.0272	2.552763013950742		
4803.124	0.06400000000030559	RippleTimeIntervals					4803.168000000001	4.409207968933393		
4804.1224	0.021600000000034925	RippleTimeIntervals					4804.1320000000005	0.6511822167888247		
4806.6032000000005	0.04719999999997526	RippleTimeIntervals					4806.6296	3.8780881278323704		
4806.8072	0.06000000000040018	RippleTimeIntervals					4806.8264	6.027888564687908		
4807.0384	0.04159999999956199	RippleTimeIntervals					4807.0568	2.7184150763438404		
4808.7864	0.026400000000649015	RippleTimeIntervals					4808.792	1.0022120570488273		
4808.9344	0.03760000000056607	RippleTimeIntervals					4808.964800000001	1.0012778960529827		
4809.450400000001	0.053599999999278225	RippleTimeIntervals					4809.4552	0.459486724598089		
4810.4384	0.032000000000152795	RippleTimeIntervals					4810.4528	0.6232220510154389		
4810.5984	0.06240000000070722	RippleTimeIntervals					4810.6296	3.888994321703005		
4810.736800000001	0.03679999999985739	RippleTimeIntervals					4810.7536	1.8275019136757746		
4812.950400000001	0.043199999999160354	RippleTimeIntervals					4812.9856	0.8739317341192696		
4813.4544000000005	0.04399999999986903	RippleTimeIntervals					4813.468800000001	1.9899230107620451		
4813.6320000000005	0.11119999999937136	RippleTimeIntervals					4813.6544	2.2114857748211674		
4826.3240000000005	0.023999999999432475	RippleTimeIntervals					4826.334400000001	1.516829961157506		
4828.704000000001	0.10319999999956053	RippleTimeIntervals					4828.7272	3.9268306894867897		
4830.2424	0.035200000000259024	RippleTimeIntervals					4830.2576	5.34152862434636		
4832.3352	0.030399999999644933	RippleTimeIntervals					4832.3584	0.40975507933086447		
4833.5864	0.07120000000031723	RippleTimeIntervals					4833.6176000000005	9.246699126224954		
4833.8976	0.1271999999999025	RippleTimeIntervals					4833.996	2.5088109752179575		
4834.1688	0.05999999999949068	RippleTimeIntervals					4834.2024	2.910290751315207		
4854.2088	0.030399999999644933	RippleTimeIntervals					4854.2176	3.745013109624741		
4854.3656	0.025599999999940337	RippleTimeIntervals					4854.3792	1.5787623219469393		
4854.852	0.04160000000047148	RippleTimeIntervals					4854.872	0.7494836569991092		
4855.6992	0.021600000000034925	RippleTimeIntervals					4855.7080000000005	0.8108934736098263		
4860.7056	0.022399999999834108	RippleTimeIntervals					4860.7208	0.6557970594961471		
4860.7856	0.11599999999998545	RippleTimeIntervals					4860.8624	1.2182679006999781		
4861.037600000001	0.046399999999266583	RippleTimeIntervals					4861.0656	5.557093384005168		
4861.153600000001	0.04159999999956199	RippleTimeIntervals					4861.1768	5.47538485957715		
4861.360000000001	0.04159999999956199	RippleTimeIntervals					4861.388800000001	4.313062413154762		
4861.5576	0.048800000000483124	RippleTimeIntervals					4861.5896	4.664335860368207		
4862.2880000000005	0.03600000000005821	RippleTimeIntervals					4862.298400000001	1.127407893153941		
4862.524	0.027199999999538704	RippleTimeIntervals					4862.5296	1.7507748005549149		
4863.1232	0.022399999999834108	RippleTimeIntervals					4863.1344	1.2433404169095537		
4863.6992	0.06080000000019936	RippleTimeIntervals					4863.752	2.593820561633086		
4863.8208	0.0639999999993961	RippleTimeIntervals					4863.872	2.7722125156657635		
4865.3728	0.04399999999986903	RippleTimeIntervals					4865.3784000000005	0.8936853608164527		
4865.9552	0.03359999999975116	RippleTimeIntervals					4865.9848	0.43316033608871235		
4868.653600000001	0.040799999999762804	RippleTimeIntervals					4868.6808	0.9765354879019168		
4870.4944000000005	0.025599999999940337	RippleTimeIntervals					4870.5128	0.6826771479613439		
4870.9800000000005	0.032000000000152795	RippleTimeIntervals					4870.992	2.8723073814187		
4877.488	0.030399999999644933	RippleTimeIntervals					4877.5112	0.6623282019364757		
4878.5832	0.03359999999975116	RippleTimeIntervals					4878.5888	0.48022571456383933		
4879.4856	0.1087999999999738	RippleTimeIntervals					4879.5568	2.97916743837478		
4879.675200000001	0.0727999999999156	RippleTimeIntervals					4879.7048	5.386984033595589		
4880.028	0.047999999999774445	RippleTimeIntervals					4880.0472	4.980826696845471		
4882.1704	0.023200000000542786	RippleTimeIntervals					4882.1744	0.5802348632947949		
4882.6072	0.030399999999644933	RippleTimeIntervals					4882.6088	0.47768214632102735		
4885.756	0.05040000000008149	RippleTimeIntervals					4885.7816	4.033927299056263		
4886.907200000001	0.03279999999995198	RippleTimeIntervals					4886.928800000001	2.948878806739905		
4887.0888	0.06080000000019936	RippleTimeIntervals					4887.120800000001	0.7545236627301253		
4890.6448	0.05200000000058935	RippleTimeIntervals					4890.6744	4.854552019373994		
4890.804	0.09439999999995052	RippleTimeIntervals					4890.8328	5.624698700541722		
4892.4616000000005	0.0319999999992433	RippleTimeIntervals					4892.4776	2.447422901750761		
4896.171200000001	0.020799999999326246	RippleTimeIntervals					4896.176	1.6140882978537012		
4898.1144	0.06559999999990396	RippleTimeIntervals					4898.152	3.4514566251546936		
4898.316	0.06640000000061264	RippleTimeIntervals					4898.3512	2.864080232435305		
4898.5176	0.03840000000036525	RippleTimeIntervals					4898.5384	3.306702846459081		
4898.7248	0.035200000000259024	RippleTimeIntervals					4898.751200000001	7.223397656004668		
4899.1784	0.07360000000062428	RippleTimeIntervals					4899.2128	4.514241551977696		
4899.4328000000005	0.03279999999995198	RippleTimeIntervals					4899.4496	6.1241312834328925		
4899.9800000000005	0.031199999999444117	RippleTimeIntervals					4899.9952	3.5782723425804543		
4904.696	0.03760000000056607	RippleTimeIntervals					4904.7096	2.328910004408977		
4904.764	0.04960000000028231	RippleTimeIntervals					4904.780000000001	0.47130006051378404		
4906.7712	0.028800000000046566	RippleTimeIntervals					4906.7888	2.4442959322486884		
4909.3624	0.021600000000034925	RippleTimeIntervals					4909.3664	0.49554493524287285		
4910.0248	0.042400000000270666	RippleTimeIntervals					4910.033600000001	1.7136856930805136		
4910.1112	0.034399999999550346	RippleTimeIntervals					4910.1288	2.605859577209403		
4910.2	0.025600000000849832	RippleTimeIntervals					4910.215200000001	4.133613266383687		
4911.7528	0.023199999999633292	RippleTimeIntervals					4911.7624000000005	0.8948907328229845		
4917.1088	0.04320000000006985	RippleTimeIntervals					4917.1392000000005	4.228376481668556		
4918.312800000001	0.06719999999950232	RippleTimeIntervals					4918.3752	0.8311877134799309		
4918.537600000001	0.04959999999937281	RippleTimeIntervals					4918.5552	1.9069172798769087		
4920.294400000001	0.022399999999834108	RippleTimeIntervals					4920.3	1.6115838433238452		
4921.2032	0.026400000000649015	RippleTimeIntervals					4921.2168	2.4142386749114055		
4922.4896	0.0408000000006723	RippleTimeIntervals					4922.5144	3.529807178291562		
4923.9472000000005	0.040799999999762804	RippleTimeIntervals					4923.972000000001	2.1135942389077433		
4924.0776000000005	0.03919999999925494	RippleTimeIntervals					4924.0936	4.798533503026189		
4928.02	0.03600000000005821	RippleTimeIntervals					4928.0328	0.9873356513994579		
4931.4632	0.052800000000388536	RippleTimeIntervals					4931.4992	3.658608080774081		
4931.675200000001	0.025599999999940337	RippleTimeIntervals					4931.6816	0.5596500384464539		
4931.8288	0.03120000000035361	RippleTimeIntervals					4931.844	1.5036823482194093		
4932.3024000000005	0.02639999999973952	RippleTimeIntervals					4932.3208	0.979514859608547		
4934.528	0.020000000000436557	RippleTimeIntervals					4934.5392	0.8109270732836447		
4934.725600000001	0.037599999999656575	RippleTimeIntervals					4934.7312	1.3316294920182612		
4935.3752	0.023199999999633292	RippleTimeIntervals					4935.388	3.699865030732061		
4935.5224	0.061599999999998545	RippleTimeIntervals					4935.540800000001	1.456727070928187		
4937.12	0.026400000000649015	RippleTimeIntervals					4937.1288	1.835068036880519		
4937.256	0.04399999999986903	RippleTimeIntervals					4937.280000000001	0.5062896418499157		
4940.5152	0.026400000000649015	RippleTimeIntervals					4940.5344000000005	0.5034579348625432		
4940.6936000000005	0.040799999999762804	RippleTimeIntervals					4940.712	1.118361768858327		
4940.9008	0.024800000000141154	RippleTimeIntervals					4940.9128	0.7699903106844525		
4941.088000000001	0.05999999999949068	RippleTimeIntervals					4941.116	3.941861612572594		
4941.2008000000005	0.03359999999975116	RippleTimeIntervals					4941.212	2.0852732393581004		
4944.8856000000005	0.0543999999999869	RippleTimeIntervals					4944.921600000001	1.4080630503802907		
4945.9400000000005	0.04399999999986903	RippleTimeIntervals					4945.964800000001	4.982935419219891		
4946.1416	0.04160000000047148	RippleTimeIntervals					4946.171200000001	8.915681703388357		
4946.3976	0.03359999999975116	RippleTimeIntervals					4946.424	0.9102593543665375		
4951.1808	0.022399999999834108	RippleTimeIntervals					4951.1984	0.48065826636756825		
4952.8296	0.047999999999774445	RippleTimeIntervals					4952.838400000001	0.5285227051190835		
4954.1504	0.04399999999986903	RippleTimeIntervals					4954.1720000000005	3.579263317798298		
4954.5560000000005	0.05760000000009313	RippleTimeIntervals					4954.602400000001	2.6192661105342783		
4954.805600000001	0.0639999999993961	RippleTimeIntervals					4954.848800000001	2.1540992591989268		
4954.9496	0.0408000000006723	RippleTimeIntervals					4954.968	7.0034813186334555		
4955.0688	0.03920000000016444	RippleTimeIntervals					4955.0856	2.7666827714521305		
4955.1656	0.03999999999996362	RippleTimeIntervals					4955.1952	3.0803834402141295		
4955.5848000000005	0.05279999999947904	RippleTimeIntervals					4955.612	1.245846524518061		
4955.6584	0.04399999999986903	RippleTimeIntervals					4955.6672	3.333756415174339		
4957.1320000000005	0.025599999999940337	RippleTimeIntervals					4957.1408	1.4882145993840163		
4957.6952	0.03600000000005821	RippleTimeIntervals					4957.7144	3.0823510300753187		
4958.222400000001	0.03600000000005821	RippleTimeIntervals					4958.244000000001	4.232590097089249		
4958.903200000001	0.027199999999538704	RippleTimeIntervals					4958.914400000001	2.632004351064221		
4958.9928	0.056000000000494765	RippleTimeIntervals					4959.0248	3.6825370162125384		
4959.1224	0.03600000000005821	RippleTimeIntervals					4959.1432	1.0477052652413568		
4960.2432	0.021600000000034925	RippleTimeIntervals					4960.2568	1.4187813037576458		
4961.532	0.030399999999644933	RippleTimeIntervals					4961.5584	0.527655214175229		
4966.4936	0.06240000000070722	RippleTimeIntervals					4966.5368	3.248462048480717		
4966.6112	0.03120000000035361	RippleTimeIntervals					4966.6296	1.2510101501013222		
4971.2904	0.03920000000016444	RippleTimeIntervals					4971.3224	0.46627502493331735		
4971.4128	0.03840000000036525	RippleTimeIntervals					4971.4344	6.760986964505554		
4974.0624	0.028000000000247383	RippleTimeIntervals					4974.0784	1.867782065648112		
4977.9352	0.036800000000766886	RippleTimeIntervals					4977.9624	0.4880056981483608		
4978.671200000001	0.03519999999934953	RippleTimeIntervals					4978.6936000000005	1.0910636205444701		
4979.1008	0.0632000000005064	RippleTimeIntervals					4979.1248000000005	2.491362697861401		
4979.3224	0.028000000000247383	RippleTimeIntervals					4979.345600000001	0.9486281552960026		
4986.0296	0.02400000000034197	RippleTimeIntervals					4986.040800000001	1.057744423106934		
4986.7744	0.028000000000247383	RippleTimeIntervals					4986.784000000001	0.8995821907772812		
4986.8232	0.04719999999997526	RippleTimeIntervals					4986.8544	1.6642484529466368		
4986.952	0.03600000000005821	RippleTimeIntervals					4986.9768	1.2851428745786369		
4987.792	0.05360000000018772	RippleTimeIntervals					4987.8072	2.404510829221151		
4990.240000000001	0.0543999999999869	RippleTimeIntervals					4990.2792	6.103044612656042		
4991.3712000000005	0.027999999999337888	RippleTimeIntervals					4991.384	2.2091974019168124		
4991.8872	0.048800000000483124	RippleTimeIntervals					4991.9296	0.8276388541621943		
4991.956	0.032000000000152795	RippleTimeIntervals					4991.9696	4.693711509261329		
4992.0752	0.024800000000141154	RippleTimeIntervals					4992.0944	0.5821218238318404		
4992.4400000000005	0.037599999999656575	RippleTimeIntervals					4992.4496	0.5541563500699992		
4995.6512	0.03920000000016444	RippleTimeIntervals					4995.682400000001	0.7687476081821374		
4997.5416000000005	0.08079999999972642	RippleTimeIntervals					4997.6008	1.2094852418894868		
4997.792	0.07439999999951397	RippleTimeIntervals					4997.827200000001	3.467300273216224		
4998.1296	0.04399999999986903	RippleTimeIntervals					4998.1528	3.009009808314602		
4999.4456	0.06880000000001019	RippleTimeIntervals					4999.468800000001	3.1368171427445666		
5000.2712	0.048800000000483124	RippleTimeIntervals					5000.2904	3.5314142853142654		
5000.4552	0.03839999999945576	RippleTimeIntervals					5000.468	0.8608271810396075		
5000.5864	0.021600000000034925	RippleTimeIntervals					5000.5960000000005	2.133280205101931		
5001.9376	0.03279999999995198	RippleTimeIntervals					5001.9464	1.9094618665797334		
5002.0152	0.04800000000068394	RippleTimeIntervals					5002.0392	2.2121385180533433		
5002.120800000001	0.028800000000046566	RippleTimeIntervals					5002.1336	2.8229473915235452		
5003.1768	0.04640000000017608	RippleTimeIntervals					5003.2056	3.0655418833175245		
5003.2496	0.048800000000483124	RippleTimeIntervals					5003.2704	1.3567076443004575		
5004.9544000000005	0.04399999999986903	RippleTimeIntervals					5004.9768	1.862047233220373		
5011.524	0.058399999999892316	RippleTimeIntervals					5011.5512	3.8076100704143694		
5014.0552	0.06560000000081345	RippleTimeIntervals					5014.0776000000005	2.956804484743724		
5014.452	0.021600000000034925	RippleTimeIntervals					5014.464800000001	1.3652780002354297		
5014.6888	0.026400000000649015	RippleTimeIntervals					5014.7072	0.879743430275152		
5019.7792	0.068000000000211	RippleTimeIntervals					5019.8184	5.566226795934732		
5020.026400000001	0.03839999999945576	RippleTimeIntervals					5020.0488000000005	0.7935176865740177		
5020.1688	0.03600000000005821	RippleTimeIntervals					5020.1808	6.74320591213344		
5020.2552000000005	0.03920000000016444	RippleTimeIntervals					5020.2672	1.922268900814149		
5020.4664	0.03920000000016444	RippleTimeIntervals					5020.4872000000005	3.3178638361694404		
5031.0272	0.03920000000016444	RippleTimeIntervals					5031.0536	4.755907847363086		
5031.2408000000005	0.020799999999326246	RippleTimeIntervals					5031.2488	0.8648203983457506		
5031.348800000001	0.02879999999913707	RippleTimeIntervals					5031.3536	0.7998125459660979		
5031.696	0.061599999999998545	RippleTimeIntervals					5031.7488	3.756346722689118		
5032.8328	0.024800000000141154	RippleTimeIntervals					5032.845600000001	1.8429115866703405		
5033.1744	0.022400000000743603	RippleTimeIntervals					5033.1928	0.8309524264044811		
5036.3792	0.02080000000023574	RippleTimeIntervals					5036.3912	0.847972049828174		
5040.8336	0.04480000000057771	RippleTimeIntervals					5040.8696	1.7204023852826518		
5042.3240000000005	0.027999999999337888	RippleTimeIntervals					5042.3296	1.1863405957698654		
5044.716	0.025599999999940337	RippleTimeIntervals					5044.7272	0.7663701841130383		
5045.0632000000005	0.07519999999931315	RippleTimeIntervals					5045.0864	1.6871873182200208		
5045.1720000000005	0.040799999999762804	RippleTimeIntervals					5045.2008000000005	1.081027409005543		
5045.372	0.058399999999892316	RippleTimeIntervals					5045.396000000001	1.6500236529345913		
5045.56	0.040799999999762804	RippleTimeIntervals					5045.572	3.628946820295346		
5045.692	0.04480000000057771	RippleTimeIntervals					5045.7232	6.17492342259358		
5049.7448	0.03999999999996362	RippleTimeIntervals					5049.7616	1.4774515692281556		
5049.8168000000005	0.09599999999954889	RippleTimeIntervals					5049.8664	2.4022718635445757		
5050.1152	0.02400000000034197	RippleTimeIntervals					5050.1224	2.081264082042937		
5051.0488000000005	0.02959999999984575	RippleTimeIntervals					5051.0624	1.5459160753830097		
5051.3616	0.05199999999967986	RippleTimeIntervals					5051.3832	2.8707618507429435		
5051.4488	0.03600000000005821	RippleTimeIntervals					5051.4768	1.7830919390270978		
5054.559200000001	0.05199999999967986	RippleTimeIntervals					5054.5848000000005	3.3402209932323537		
5055.768	0.0272000000004482	RippleTimeIntervals					5055.7824	0.7919922269343646		
5055.9064	0.021600000000034925	RippleTimeIntervals					5055.9112000000005	0.5939594182088467		
5057.1032000000005	0.037599999999656575	RippleTimeIntervals					5057.1128	0.8239771419902084		
5068.1232	0.02400000000034197	RippleTimeIntervals					5068.1392000000005	4.277881384280099		
5068.368	0.04399999999986903	RippleTimeIntervals					5068.4048	0.4229620462375892		
5071.4776	0.08960000000024593	RippleTimeIntervals					5071.5584	1.7552488601684357		
5071.6816	0.04480000000057771	RippleTimeIntervals					5071.7176	1.1570489127271204		
5072.486400000001	0.09199999999964348	RippleTimeIntervals					5072.5504	1.6297038141943616		
5072.881600000001	0.03839999999945576	RippleTimeIntervals					5072.8936	0.6146646337209984		
5073.3568000000005	0.032000000000152795	RippleTimeIntervals					5073.368	0.7631343102463829		
5073.4672	0.022399999999834108	RippleTimeIntervals					5073.4728000000005	0.7005357623810889		
5074.064	0.06400000000030559	RippleTimeIntervals					5074.1088	3.1739379628718374		
5075.5296	0.03440000000045984	RippleTimeIntervals					5075.5536	1.3385512048047423		
5075.9528	0.024800000000141154	RippleTimeIntervals					5075.964800000001	0.48017617255357004		
5077.4784	0.03679999999985739	RippleTimeIntervals					5077.4992	1.0052921652882802		
5078.3856000000005	0.04159999999956199	RippleTimeIntervals					5078.410400000001	0.9117916227214832		
5082.164000000001	0.043199999999160354	RippleTimeIntervals					5082.1984	1.5807952030730252		
5083.0608	0.02400000000034197	RippleTimeIntervals					5083.072	15.089647156299955		
5083.2448	0.03679999999985739	RippleTimeIntervals					5083.265600000001	3.1253780901033257		
5083.4168	0.023200000000542786	RippleTimeIntervals					5083.4272	2.1946773034445344		
5084.7904	0.028800000000046566	RippleTimeIntervals					5084.8048	1.4077351981617594		
5086.1184	0.03840000000036525	RippleTimeIntervals					5086.14	2.2520667038138735		
5093.9168	0.030400000000554428	RippleTimeIntervals					5093.9384	2.631155266853254		
5094.06	0.06319999999959691	RippleTimeIntervals					5094.1072	1.121850545134795		
5098.2416	0.035200000000259024	RippleTimeIntervals					5098.251200000001	1.8953963868883064		
5101.7648	0.0408000000006723	RippleTimeIntervals					5101.7976	0.8763276831729174		
5103.7016	0.04719999999997526	RippleTimeIntervals					5103.718400000001	2.1606312348641747		
5107.0584	0.02080000000023574	RippleTimeIntervals					5107.064	1.2789637955881115		
5108.0256	0.07200000000011642	RippleTimeIntervals					5108.08	1.9794274477197153		
5108.1232	0.021600000000034925	RippleTimeIntervals					5108.1288	0.515945492825445		
5108.1832	0.0543999999999869	RippleTimeIntervals					5108.2080000000005	1.2796910173908285		
5109.7496	0.030400000000554428	RippleTimeIntervals					5109.7648	2.111150225270502		
5115.0	17.0	SleepStates								REMstate
5133.0	11.0	SleepStates								WAKEstate
5137.4696	0.05680000000029395	RippleTimeIntervals					5137.4944000000005	1.2497541202540376		
5145.0	9.0	SleepStates								NREMstate
5146.6512	0.0272000000004482	RippleTimeIntervals					5146.66	1.2663519057503352		
5147.02	0.04239999999936117	RippleTimeIntervals					5147.0392	3.0789935436688647		
5153.3592	0.0272000000004482	RippleTimeIntervals					5153.38	0.7012712674186445		
5153.488	0.02639999999973952	RippleTimeIntervals					5153.5072	1.3231097543811907		
5153.5936	0.02959999999984575	RippleTimeIntervals					5153.6192	0.6473556069159425		
5155.0	9.0	SleepStates								WAKEstate
5165.0	15.0	SleepStates								NREMstate
5171.3824	0.04320000000006985	RippleTimeIntervals					5171.3928000000005	2.0507976722860404		
5171.5312	0.05999999999949068	RippleTimeIntervals					5171.5496	2.4915699607318262		
5175.448	0.07439999999951397	RippleTimeIntervals					5175.457600000001	1.9863239592901103		
5179.844	0.03920000000016444	RippleTimeIntervals					5179.860000000001	5.293311636012382		
5181.0	7.0	SleepStates								WAKEstate
5189.0	239.0	SleepStates								NREMstate
5190.3792	0.037599999999656575	RippleTimeIntervals					5190.3928000000005	2.519499338120149		
5190.772	0.06400000000030559	RippleTimeIntervals					5190.8008	3.7467353524141984		
5194.4328000000005	0.08799999999973807	RippleTimeIntervals					5194.488	4.610643071142114		
5194.6304	0.03760000000056607	RippleTimeIntervals					5194.6448	1.9163794635276385		
5195.2504	0.04160000000047148	RippleTimeIntervals					5195.276800000001	2.5729861891853676		
5196.8872	0.03679999999985739	RippleTimeIntervals					5196.9008	5.7548853441758405		
5199.4848	0.03679999999985739	RippleTimeIntervals					5199.5	3.774522584848005		
5199.888800000001	0.05199999999967986	RippleTimeIntervals					5199.8944	1.3173363291458255		
5200.6048	0.021600000000034925	RippleTimeIntervals					5200.6184	0.9828372635005999		
5200.8896	0.03839999999945576	RippleTimeIntervals					5200.910400000001	3.251400897730169		
5201.0152	0.03760000000056607	RippleTimeIntervals					5201.044800000001	1.2675051019484382		
5202.304	0.06959999999980937	RippleTimeIntervals					5202.3352	4.29784973504557		
5202.524	0.034399999999550346	RippleTimeIntervals					5202.5464	9.18650917068598		
5203.5392	0.04640000000017608	RippleTimeIntervals					5203.576	3.331609414271508		
5204.019200000001	0.11679999999978463	RippleTimeIntervals					5204.032	3.0815764974098303		
5204.2336000000005	0.0543999999999869	RippleTimeIntervals					5204.2624000000005	6.995788636638956		
5204.675200000001	0.07919999999921856	RippleTimeIntervals					5204.728	4.728481731302649		
5212.9696	0.068000000000211	RippleTimeIntervals					5212.9896	1.281823469943612		
5214.8536	0.040799999999762804	RippleTimeIntervals					5214.8864	0.5449364307253596		
5215.9632	0.048800000000483124	RippleTimeIntervals					5215.9992	1.2242396318910278		
5217.1320000000005	0.037599999999656575	RippleTimeIntervals					5217.156800000001	3.6483273186127474		
5218.56	0.02639999999973952	RippleTimeIntervals					5218.5688	0.9527877351232019		
5219.8008	0.02080000000023574	RippleTimeIntervals					5219.816	0.6021995284526094		
5228.3808	0.05120000000079017	RippleTimeIntervals					5228.4056	1.1239731466155425		
5229.0472	0.13920000000052823	RippleTimeIntervals					5229.088000000001	3.0713532155864467		
5229.4544000000005	0.044799999999668216	RippleTimeIntervals					5229.476000000001	1.923271324033392		
5236.9408	0.021600000000034925	RippleTimeIntervals					5236.9544000000005	1.474634002276185		
5237.0768	0.025600000000849832	RippleTimeIntervals					5237.0944	0.47618044239853197		
5237.2144	0.03600000000005821	RippleTimeIntervals					5237.2416	3.470684721985868		
5243.2856	0.044799999999668216	RippleTimeIntervals					5243.320000000001	0.6395180642261747		
5244.2336000000005	0.0455999999994674	RippleTimeIntervals					5244.2704	2.8633885590146875		
5244.9184000000005	0.051199999999880674	RippleTimeIntervals					5244.9384	0.9664889781714022		
5245.488	0.0543999999999869	RippleTimeIntervals					5245.504	1.701769790456212		
5245.668000000001	0.02959999999984575	RippleTimeIntervals					5245.6904	0.4141680116344961		
5246.312	0.020000000000436557	RippleTimeIntervals					5246.3168000000005	0.7371153314424177		
5247.2616	0.028000000000247383	RippleTimeIntervals					5247.2784	0.5085014884082196		
5247.6576000000005	0.044799999999668216	RippleTimeIntervals					5247.688	4.29674394471999		
5248.0424	0.08879999999953725	RippleTimeIntervals					5248.080800000001	2.100715105862335		
5260.1	0.028000000000247383	RippleTimeIntervals					5260.12	1.6816308107146478		
5260.320000000001	0.02639999999973952	RippleTimeIntervals					5260.3264	0.43159434823937587		
5262.6888	0.05120000000079017	RippleTimeIntervals					5262.722400000001	2.049413065112758		
5263.4816	0.03840000000036525	RippleTimeIntervals					5263.4984	0.9168914222061306		
5268.7032	0.04320000000006985	RippleTimeIntervals					5268.7384	0.9816653571032695		
5269.2216	0.036800000000766886	RippleTimeIntervals					5269.2352	1.2747468886189945		
5269.7592	0.023199999999633292	RippleTimeIntervals					5269.7648	2.4971394413545145		
5270.8912	0.03360000000066066	RippleTimeIntervals					5270.92	0.6563670592494513		
5272.0144	0.05200000000058935	RippleTimeIntervals					5272.0504	2.549878045018744		
5272.52	0.03679999999985739	RippleTimeIntervals					5272.5392	1.894521689375452		
5274.9744	0.07040000000051805	RippleTimeIntervals					5275.0216	4.201847882902736		
5276.1448	0.059200000000600994	RippleTimeIntervals					5276.1616	0.9679373912824699		
5276.287200000001	0.09039999999913562	RippleTimeIntervals					5276.320000000001	3.456268407539554		
5279.9128	0.021600000000034925	RippleTimeIntervals					5279.921600000001	0.689048339830825		
5282.0784	0.05680000000029395	RippleTimeIntervals					5282.1224	0.9089491481268447		
5284.9112000000005	0.06959999999980937	RippleTimeIntervals					5284.952	0.8564399411523198		
5292.1336	0.03840000000036525	RippleTimeIntervals					5292.1592	3.81238117763561		
5292.26	0.03120000000035361	RippleTimeIntervals					5292.287200000001	0.463949431608768		
5292.496	0.03279999999995198	RippleTimeIntervals					5292.508	2.01615221880204		
5294.3104	0.04320000000006985	RippleTimeIntervals					5294.3296	1.7053407863572927		
5300.9056	0.0632000000005064	RippleTimeIntervals					5300.9424	8.82326625474878		
5301.18	0.06480000000010477	RippleTimeIntervals					5301.2096	1.543436050058779		
5301.424800000001	0.05279999999947904	RippleTimeIntervals					5301.4376	3.7992597928226246		
5304.496	0.07600000000002183	RippleTimeIntervals					5304.532	6.412327354517781		
5317.52	0.040799999999762804	RippleTimeIntervals					5317.5288	2.6516869226216646		
5318.1776	0.028800000000046566	RippleTimeIntervals					5318.182400000001	1.0219901987456244		
5318.944	0.10080000000016298	RippleTimeIntervals					5319.0184	2.829447441888786		
5319.3504	0.04960000000028231	RippleTimeIntervals					5319.376	2.475274139639151		
5319.436000000001	0.022399999999834108	RippleTimeIntervals					5319.4416	1.023413140072045		
5321.136	0.051199999999880674	RippleTimeIntervals					5321.1552	2.303989875235964		
5321.5136	0.06319999999959691	RippleTimeIntervals					5321.5560000000005	2.722136245725121		
5322.1264	0.024800000000141154	RippleTimeIntervals					5322.135200000001	0.991880505316089		
5322.1776	0.06000000000040018	RippleTimeIntervals					5322.1992	1.5494531100416076		
5322.468800000001	0.040799999999762804	RippleTimeIntervals					5322.4896	2.4957238931277037		
5331.7248	0.12880000000041036	RippleTimeIntervals					5331.7552000000005	3.9251841050810583		
5332.2744	0.03440000000045984	RippleTimeIntervals					5332.292	2.356978181420984		
5341.000800000001	0.061599999999998545	RippleTimeIntervals					5341.0384	4.509928528090799		
5341.1768	0.0272000000004482	RippleTimeIntervals					5341.1864000000005	1.726730269805083		
5344.9704	0.023200000000542786	RippleTimeIntervals					5344.9800000000005	1.2404153846306671		
5345.0144	0.10400000000026921	RippleTimeIntervals					5345.1016	2.235704808074968		
5345.144	0.02080000000023574	RippleTimeIntervals					5345.156	2.936728858036623		
5347.652	0.028000000000247383	RippleTimeIntervals					5347.6656	1.0671009451228113		
5347.7496	0.07999999999992724	RippleTimeIntervals					5347.7616	3.175496389723725		
5347.9232	0.028000000000247383	RippleTimeIntervals					5347.943200000001	0.8765369324934595		
5349.696	0.04719999999997526	RippleTimeIntervals					5349.725600000001	8.70970925786104		
5349.867200000001	0.02959999999984575	RippleTimeIntervals					5349.8752	0.9081830170035704		
5351.1072	0.035200000000259024	RippleTimeIntervals					5351.1192	1.8430322750558334		
5353.5152	0.036800000000766886	RippleTimeIntervals					5353.5344000000005	4.361923978784013		
5355.108	0.05360000000018772	RippleTimeIntervals					5355.1448	3.0713556621228513		
5355.9528	0.03920000000016444	RippleTimeIntervals					5355.9728000000005	3.761484263709449		
5356.8936	0.025599999999940337	RippleTimeIntervals					5356.903200000001	0.8010405202419808		
5357.3776	0.032000000000152795	RippleTimeIntervals					5357.3976	6.359611525981272		
5357.8240000000005	0.05599999999958527	RippleTimeIntervals					5357.848	1.0103188017367901		
5358.4856	0.05520000000069558	RippleTimeIntervals					5358.5024	1.0218439708246		
5358.6008	0.04320000000006985	RippleTimeIntervals					5358.628000000001	4.596140870518968		
5358.9528	0.03120000000035361	RippleTimeIntervals					5358.9712	0.791471213686925		
5359.0848000000005	0.03600000000005821	RippleTimeIntervals					5359.104	5.598442296753593		
5359.3536	0.021600000000034925	RippleTimeIntervals					5359.367200000001	0.7994721626894364		
5359.5872	0.0272000000004482	RippleTimeIntervals					5359.6016	1.3100521827482696		
5361.4704	0.02400000000034197	RippleTimeIntervals					5361.4896	1.0148203249198375		
5361.6464000000005	0.02959999999984575	RippleTimeIntervals					5361.6552	1.2313645546098084		
5364.1872	0.027199999999538704	RippleTimeIntervals					5364.196800000001	0.959157924593072		
5365.030400000001	0.027999999999337888	RippleTimeIntervals					5365.0432	1.4389117955527793		
5365.6072	0.04960000000028231	RippleTimeIntervals					5365.6320000000005	2.0138211893817197		
5369.0856	0.037599999999656575	RippleTimeIntervals					5369.1008	2.973649391144885		
5369.1808	0.05200000000058935	RippleTimeIntervals					5369.2048	0.8373630290370274		
5372.497600000001	0.03839999999945576	RippleTimeIntervals					5372.5288	1.6004053273606427		
5376.377600000001	0.04399999999986903	RippleTimeIntervals					5376.3896	2.1503313862002913		
5376.613600000001	0.03359999999975116	RippleTimeIntervals					5376.636	2.145080736240305		
5377.06	0.0455999999994674	RippleTimeIntervals					5377.0968	1.7379456959698494		
5386.804	0.052800000000388536	RippleTimeIntervals					5386.8432	3.185727354166375		
5388.5344000000005	0.028000000000247383	RippleTimeIntervals					5388.555200000001	0.75608354533304		
5393.1768	0.05199999999967986	RippleTimeIntervals					5393.212	1.2174660768385808		
5393.5	0.04719999999997526	RippleTimeIntervals					5393.5392	1.609166124583752		
5400.2936	0.059200000000600994	RippleTimeIntervals					5400.3240000000005	3.780606580676271		
5400.4112000000005	0.12479999999959546	RippleTimeIntervals					5400.5232000000005	3.0247067198480555		
5402.298400000001	0.037599999999656575	RippleTimeIntervals					5402.308	2.522178511801535		
5403.5936	0.1495999999997366	RippleTimeIntervals					5403.675200000001	2.24647949522012		
5409.0792	0.021600000000034925	RippleTimeIntervals					5409.0896	1.5888009809396804		
5409.2832	0.08800000000064756	RippleTimeIntervals					5409.3544	2.5555927336566255		
5409.5656	0.0952000000006592	RippleTimeIntervals					5409.608	1.3242464941865923		
5409.7616	0.036800000000766886	RippleTimeIntervals					5409.7864	6.804288088736301		
5409.8848	0.035200000000259024	RippleTimeIntervals					5409.896000000001	3.711795532458311		
5410.828	0.08079999999972642	RippleTimeIntervals					5410.8512	3.0411067474494504		
5411.072	0.07679999999982101	RippleTimeIntervals					5411.1224	3.75410642952405		
5416.153600000001	0.051199999999880674	RippleTimeIntervals					5416.1816	4.455166042267088		
5416.4368	0.05680000000029395	RippleTimeIntervals					5416.4656	3.9371414426797413		
5419.3984	0.04640000000017608	RippleTimeIntervals					5419.4184000000005	8.212461413748345		
5420.5464	0.02400000000034197	RippleTimeIntervals					5420.5608	1.061656236315974		
5422.0832	0.04160000000047148	RippleTimeIntervals					5422.116800000001	0.7135852158610009		
5422.1848	0.04320000000006985	RippleTimeIntervals					5422.224	0.4817357808402197		
5426.8192	0.020000000000436557	RippleTimeIntervals					5426.828	0.6125899835875638		
5427.1616	0.025599999999940337	RippleTimeIntervals					5427.1696	1.5882748958512727		
5427.648	5231.903966666666	epochs	fCamk1_200904_103714	PreStim	Home cage	uLED random stim				
5427.856000000001	0.022399999999834108	RippleTimeIntervals					5427.8664	0.944238932789847		
5427.9136	0.059200000000600994	RippleTimeIntervals					5427.9488	1.3552708034436023		
5429.0	5314.0	SleepStates								WAKEstate
5433.8432	0.03359999999975116	RippleTimeIntervals					5433.863200000001	1.522117109875643		
5439.4472000000005	0.03600000000005821	RippleTimeIntervals					5439.4704	0.7188646946820001		
5443.377600000001	0.05279999999947904	RippleTimeIntervals					5443.3992	4.210922791741091		
5470.2808	0.04239999999936117	RippleTimeIntervals					5470.2952000000005	0.4320859243706924		
5471.0344000000005	0.023199999999633292	RippleTimeIntervals					5471.0504	0.42139023661670627		
5476.0016000000005	0.04879999999957363	RippleTimeIntervals					5476.024	0.6295547164423503		
5481.6232	0.022399999999834108	RippleTimeIntervals					5481.631200000001	0.8299344501511827		
5483.4592	0.028800000000046566	RippleTimeIntervals					5483.468	0.9058606043110949		
5483.5776000000005	0.040799999999762804	RippleTimeIntervals					5483.6056	0.48737666488858616		
5491.6448	0.032000000000152795	RippleTimeIntervals					5491.6632	0.8007922820629091		
5495.944	0.034399999999550346	RippleTimeIntervals					5495.9736	0.43067842717255994		
5497.1872	0.02639999999973952	RippleTimeIntervals					5497.2096	0.5203630141514628		
5498.6976	0.06480000000010477	RippleTimeIntervals					5498.725600000001	0.5689010619063565		
5503.0912	0.03760000000056607	RippleTimeIntervals					5503.1248000000005	0.46103195985744		
5504.1616	0.02639999999973952	RippleTimeIntervals					5504.1704	0.6023632895583083		
5504.374400000001	0.040799999999762804	RippleTimeIntervals					5504.4088	0.6369199070641599		
5506.6192	0.03679999999985739	RippleTimeIntervals					5506.6408	0.8844385978134027		
5512.595200000001	0.031199999999444117	RippleTimeIntervals					5512.6184	1.3214521630195792		
5513.4416	0.021600000000034925	RippleTimeIntervals					5513.4456	0.6428817226725172		
5516.5128	0.035200000000259024	RippleTimeIntervals					5516.5432	1.0098278681142534		
5518.668000000001	0.024800000000141154	RippleTimeIntervals					5518.684	0.6747185628794072		
5519.360000000001	0.03519999999934953	RippleTimeIntervals					5519.3648	0.4561215663029713		
5522.2928	0.02639999999973952	RippleTimeIntervals					5522.312	1.0774247625147535		
5523.768	0.03760000000056607	RippleTimeIntervals					5523.776800000001	0.6692284785153451		
5529.7632	0.028000000000247383	RippleTimeIntervals					5529.7824	2.2596045310436943		
5530.5776000000005	0.04640000000017608	RippleTimeIntervals					5530.613600000001	1.0387765410649241		
5533.8768	0.04640000000017608	RippleTimeIntervals					5533.9128	3.391082180723268		
5536.8240000000005	0.03279999999995198	RippleTimeIntervals					5536.8496000000005	0.5776055135552872		
5537.72	0.06319999999959691	RippleTimeIntervals					5537.751200000001	1.457454326675992		
5540.3064	0.022399999999834108	RippleTimeIntervals					5540.3112	0.6475064856544105		
5542.6144	0.05199999999967986	RippleTimeIntervals					5542.6584	0.6980743810325551		
5555.848800000001	0.04879999999957363	RippleTimeIntervals					5555.8752	1.2059884755219599		
5559.856000000001	0.02879999999913707	RippleTimeIntervals					5559.877600000001	1.4357970009024312		
5561.914400000001	0.06079999999928987	RippleTimeIntervals					5561.944	1.5788318858494246		
5562.104	0.022399999999834108	RippleTimeIntervals					5562.1192	0.6390088400417722		
5567.908	0.034399999999550346	RippleTimeIntervals					5567.9352	0.5215343429416271		
5571.0064	0.04719999999997526	RippleTimeIntervals					5571.044800000001	0.619415640015107		
5571.410400000001	0.023999999999432475	RippleTimeIntervals					5571.4192	0.9427581410546436		
5575.5656	0.028000000000247383	RippleTimeIntervals					5575.5728	0.4476726003745215		
5580.149600000001	0.034399999999550346	RippleTimeIntervals					5580.1576000000005	1.3217028008126674		
5581.7704	0.05599999999958527	RippleTimeIntervals					5581.8112	1.420179712343234		
5582.7896	0.0272000000004482	RippleTimeIntervals					5582.808800000001	0.6190761249562107		
5585.0112	0.035200000000259024	RippleTimeIntervals					5585.0392	0.5650954726718327		
5586.2672	0.03279999999995198	RippleTimeIntervals					5586.292	0.5800789442983088		
5586.9304	0.028000000000247383	RippleTimeIntervals					5586.9544000000005	0.4197825526595999		
5590.0816	0.03600000000005821	RippleTimeIntervals					5590.0888	0.4200123963050135		
5590.7816	0.05599999999958527	RippleTimeIntervals					5590.8	0.6685345488932368		
5594.664000000001	0.02959999999984575	RippleTimeIntervals					5594.668000000001	0.5448790208575552		
5594.7696000000005	0.03920000000016444	RippleTimeIntervals					5594.7744	0.5166940794921356		
5595.204000000001	0.021600000000034925	RippleTimeIntervals					5595.2176	0.49532153366626924		
5598.160800000001	0.03279999999995198	RippleTimeIntervals					5598.182400000001	1.7815054416133183		
5599.044800000001	0.027999999999337888	RippleTimeIntervals					5599.0528	1.5364569551922804		
5600.4704	0.02080000000023574	RippleTimeIntervals					5600.4824	1.4137276286028342		
5600.595200000001	0.027199999999538704	RippleTimeIntervals					5600.5984	0.6584248797671812		
5604.896000000001	0.027199999999538704	RippleTimeIntervals					5604.907200000001	1.6533857269031835		
5608.497600000001	0.06799999999930151	RippleTimeIntervals					5608.5488000000005	1.9627429209529361		
5609.676	0.028000000000247383	RippleTimeIntervals					5609.684	3.4272913467692705		
5610.4376	0.13439999999991414	RippleTimeIntervals					5610.532	3.9182831734984713		
5611.6056	0.04160000000047148	RippleTimeIntervals					5611.64	0.5257642989442205		
5638.9544000000005	0.05760000000009313	RippleTimeIntervals					5638.9800000000005	0.4923169797856107		
5649.5544	0.032000000000152795	RippleTimeIntervals					5649.5784	2.939587291304504		
5663.8472	0.028000000000247383	RippleTimeIntervals					5663.8544	1.5169021740955853		
5666.6088	0.02080000000023574	RippleTimeIntervals					5666.613600000001	0.4745642500196952		
5668.9096	0.0272000000004482	RippleTimeIntervals					5668.924800000001	1.9365871974567332		
5669.0704000000005	0.0455999999994674	RippleTimeIntervals					5669.1088	0.8350295312893593		
5669.648	0.02400000000034197	RippleTimeIntervals					5669.668000000001	0.47924891589702595		
5677.7632	0.03840000000036525	RippleTimeIntervals					5677.784000000001	0.8957265314435618		
5682.4088	0.0543999999999869	RippleTimeIntervals					5682.450400000001	1.237682143083937		
5682.5016000000005	0.027199999999538704	RippleTimeIntervals					5682.5208	0.6416223190961193		
5685.428800000001	0.025599999999940337	RippleTimeIntervals					5685.4376	0.5072527989277359		
5688.2832	0.05120000000079017	RippleTimeIntervals					5688.3184	1.241747721342811		
5690.7168	0.023200000000542786	RippleTimeIntervals					5690.736	0.4081347759760393		
5690.7704	0.07120000000031723	RippleTimeIntervals					5690.791200000001	3.517746619747238		
5694.0888	0.034399999999550346	RippleTimeIntervals					5694.116	1.7070294766826202		
5694.576	0.058399999999892316	RippleTimeIntervals					5694.6232	4.501188070389279		
5696.000800000001	0.03519999999934953	RippleTimeIntervals					5696.004800000001	0.5155547071837064		
5696.6576000000005	0.024800000000141154	RippleTimeIntervals					5696.6632	0.8641332330729335		
5707.0776000000005	0.03679999999985739	RippleTimeIntervals					5707.0944	1.911306158040572		
5709.7896	0.035200000000259024	RippleTimeIntervals					5709.8136	1.7306692337738716		
5711.4928	0.08399999999983265	RippleTimeIntervals					5711.5608	3.830407098453711		
5711.9536	0.03600000000005821	RippleTimeIntervals					5711.9824	0.43426112349900486		
5713.341600000001	0.03519999999934953	RippleTimeIntervals					5713.3696	1.5008285208005578		
5713.5312	0.051199999999880674	RippleTimeIntervals					5713.5392	3.6546024834452107		
5715.4664	0.05040000000008149	RippleTimeIntervals					5715.5112	4.0907386872789715		
5719.0616	0.11999999999989086	RippleTimeIntervals					5719.0792	2.7305600707572366		
5725.410400000001	0.02959999999984575	RippleTimeIntervals					5725.428800000001	4.61835332797281		
5727.1544	0.08479999999963184	RippleTimeIntervals					5727.1768	0.7503102256192554		
5727.8872	0.07679999999982101	RippleTimeIntervals					5727.92	0.8929638002509469		
5728.04	0.05040000000008149	RippleTimeIntervals					5728.0536	2.012890242568087		
5729.8472	0.08560000000034051	RippleTimeIntervals					5729.912	3.418262237918772		
5730.0960000000005	0.03999999999996362	RippleTimeIntervals					5730.1128	2.191649144490995		
5731.7896	0.032000000000152795	RippleTimeIntervals					5731.7952000000005	0.7176152901433897		
5731.8768	0.05360000000018772	RippleTimeIntervals					5731.914400000001	2.4963666408831107		
5736.7752	0.03999999999996362	RippleTimeIntervals					5736.780000000001	0.6658276014840107		
5736.845600000001	0.04320000000006985	RippleTimeIntervals					5736.868	4.091514211256363		
5736.9192	0.05199999999967986	RippleTimeIntervals					5736.9272	6.778119788861019		
5739.5416000000005	0.024800000000141154	RippleTimeIntervals					5739.5560000000005	2.257514668427452		
5745.528	0.04960000000028231	RippleTimeIntervals					5745.536	1.0168944140841738		
5748.2064	0.022399999999834108	RippleTimeIntervals					5748.2136	1.730367163397233		
5751.7144	0.028000000000247383	RippleTimeIntervals					5751.7232	0.7272676908487286		
5757.6584	0.05360000000018772	RippleTimeIntervals					5757.6744	3.146971024015944		
5762.9424	0.0272000000004482	RippleTimeIntervals					5762.9528	5.970754045604495		
5763.1016	0.04320000000006985	RippleTimeIntervals					5763.1256	4.355287470650395		
5763.225600000001	0.04239999999936117	RippleTimeIntervals					5763.252	5.294450430674868		
5771.0864	0.0591999999996915	RippleTimeIntervals					5771.113600000001	1.0053379566523126		
5774.5496	0.03679999999985739	RippleTimeIntervals					5774.566400000001	3.390559418579698		
5776.0224	0.045600000000376895	RippleTimeIntervals					5776.0560000000005	1.6851825233781719		
5784.4408	0.021600000000034925	RippleTimeIntervals					5784.446400000001	0.895416737004916		
5784.4824	0.08000000000083674	RippleTimeIntervals					5784.555200000001	1.204876134753226		
5785.7816	0.03600000000005821	RippleTimeIntervals					5785.7864	0.7233563274170757		
5785.8872	0.05760000000009313	RippleTimeIntervals					5785.9296	3.5171342160768155		
5786.1248000000005	0.02639999999973952	RippleTimeIntervals					5786.1328	0.8445194012742752		
5787.8024000000005	0.06559999999990396	RippleTimeIntervals					5787.828	3.8734582112313007		
5793.7104	0.026400000000649015	RippleTimeIntervals					5793.7144	0.6890500390410154		
5794.736800000001	0.08239999999932479	RippleTimeIntervals					5794.776800000001	0.782074018156204		
5807.3728	0.03359999999975116	RippleTimeIntervals					5807.3872	3.0910419984274373		
5817.9632	0.10239999999976135	RippleTimeIntervals					5818.0144	7.721758062049108		
5820.8728	0.03600000000005821	RippleTimeIntervals					5820.9016	1.3128787564878297		
5820.9408	0.02400000000034197	RippleTimeIntervals					5820.9456	0.5193160776120355		
5822.156	0.03120000000035361	RippleTimeIntervals					5822.1768	1.8910921293611773		
5831.776	0.0728000000008251	RippleTimeIntervals					5831.8184	0.5526457995843947		
5833.5024	0.023199999999633292	RippleTimeIntervals					5833.5136	1.185577367899856		
5838.7848	0.034399999999550346	RippleTimeIntervals					5838.8112	1.992212878777274		
5839.7848	0.05680000000029395	RippleTimeIntervals					5839.834400000001	0.9769537949204475		
5841.6792000000005	0.04399999999986903	RippleTimeIntervals					5841.7072	2.2649298673789704		
5842.211200000001	0.07600000000002183	RippleTimeIntervals					5842.2168	0.7594340020461128		
5842.656	0.026400000000649015	RippleTimeIntervals					5842.660800000001	0.5738690604077388		
5843.6104000000005	0.032000000000152795	RippleTimeIntervals					5843.6344	3.1855189829445294		
5848.5824	0.11999999999989086	RippleTimeIntervals					5848.6720000000005	2.607435612447897		
5848.740000000001	0.03599999999914871	RippleTimeIntervals					5848.7576	8.051270082879679		
5850.328	0.03679999999985739	RippleTimeIntervals					5850.3552	5.416673744422286		
5850.532	0.02400000000034197	RippleTimeIntervals					5850.5368	0.4782052670649718		
5852.7792	0.025599999999940337	RippleTimeIntervals					5852.7976	0.4400027146744572		
5852.9008	0.058399999999892316	RippleTimeIntervals					5852.9384	4.194975735835675		
5853.200000000001	0.02959999999984575	RippleTimeIntervals					5853.2216	1.9265310274214684		
5854.9208	0.04160000000047148	RippleTimeIntervals					5854.9416	4.886720890866696		
5860.3512	0.03120000000035361	RippleTimeIntervals					5860.3696	0.8632462466144195		
5860.791200000001	0.023999999999432475	RippleTimeIntervals					5860.804	3.1065679669024795		
5862.798400000001	0.023199999999633292	RippleTimeIntervals					5862.812	0.9566833938117951		
5864.2592	0.034399999999550346	RippleTimeIntervals					5864.261600000001	0.5097538788779677		
5865.4712	0.05200000000058935	RippleTimeIntervals					5865.5	0.7784002075408736		
5866.7832	0.03920000000016444	RippleTimeIntervals					5866.8104	0.6791888887659977		
5870.312	0.14640000000053988	RippleTimeIntervals					5870.3640000000005	3.6357264184308398		
5872.6984	0.020000000000436557	RippleTimeIntervals					5872.716	0.9440598611296587		
5872.8392	0.030399999999644933	RippleTimeIntervals					5872.8648	0.7010248112651501		
5875.6448	0.023200000000542786	RippleTimeIntervals					5875.6584	0.5879813604104772		
5878.616	0.02400000000034197	RippleTimeIntervals					5878.628000000001	1.3712951552536654		
5879.9368	0.03359999999975116	RippleTimeIntervals					5879.9456	0.607227044273503		
5880.519200000001	0.02639999999973952	RippleTimeIntervals					5880.540800000001	0.6023197745533723		
5882.2752	0.03440000000045984	RippleTimeIntervals					5882.2832	0.674203200334553		
5887.251200000001	0.034399999999550346	RippleTimeIntervals					5887.2552000000005	0.5484395928459483		
5890.4400000000005	0.03920000000016444	RippleTimeIntervals					5890.4584	2.528559990121802		
5890.9296	0.03679999999985739	RippleTimeIntervals					5890.9592	0.5436722681352056		
5891.943200000001	0.04239999999936117	RippleTimeIntervals					5891.9512	0.406677881110398		
5894.0032	0.042400000000270666	RippleTimeIntervals					5894.026400000001	0.9284536180841887		
5896.0328	0.03840000000036525	RippleTimeIntervals					5896.0576	0.7851066855276002		
5898.3568000000005	0.06319999999959691	RippleTimeIntervals					5898.392000000001	2.0068664940507333		
5898.936000000001	0.020799999999326246	RippleTimeIntervals					5898.944	0.7802481092777298		
5899.8896	0.03920000000016444	RippleTimeIntervals					5899.904	2.6447601324733045		
5909.8544	0.07679999999982101	RippleTimeIntervals					5909.881600000001	3.0965939455856883		
5920.9312	0.024800000000141154	RippleTimeIntervals					5920.9488	1.4615529162114191		
5921.0176	0.03679999999985739	RippleTimeIntervals					5921.0432	0.46421591261656703		
5922.464800000001	0.03359999999975116	RippleTimeIntervals					5922.4952	0.4098113718334027		
5928.4712	0.026400000000649015	RippleTimeIntervals					5928.4768	0.40947242653656907		
5938.2336000000005	0.03279999999995198	RippleTimeIntervals					5938.2496	0.5878783164704056		
5940.8648	0.05040000000008149	RippleTimeIntervals					5940.907200000001	0.6992714880951333		
5941.328	0.06080000000019936	RippleTimeIntervals					5941.381600000001	0.4749314972318787		
5941.7856	0.03120000000035361	RippleTimeIntervals					5941.7968	1.06824087974285		
5942.504800000001	0.037599999999656575	RippleTimeIntervals					5942.537600000001	0.8348872728196273		
5943.796	0.05199999999967986	RippleTimeIntervals					5943.8184	0.4286643998822294		
5947.868	0.028800000000046566	RippleTimeIntervals					5947.888800000001	0.43578426686220584		
5948.1888	0.03920000000016444	RippleTimeIntervals					5948.196	0.6338777024560945		
5948.400000000001	0.09279999999944266	RippleTimeIntervals					5948.4672	0.6950571591042678		
5962.5024	0.03279999999995198	RippleTimeIntervals					5962.508000000001	0.670592688377235		
5969.900000000001	0.027999999999337888	RippleTimeIntervals					5969.9208	0.7063879594888685		
5970.8448	0.02400000000034197	RippleTimeIntervals					5970.8496000000005	0.5550102602662803		
5973.6736	0.045600000000376895	RippleTimeIntervals					5973.704000000001	2.670007974636965		
5973.7672	0.0632000000005064	RippleTimeIntervals					5973.7824	1.715280909937655		
5975.3736	0.032000000000152795	RippleTimeIntervals					5975.3896	0.5613275419730347		
5977.656800000001	0.02959999999984575	RippleTimeIntervals					5977.671200000001	2.1530190211071214		
5979.1488	0.036800000000766886	RippleTimeIntervals					5979.1656	9.836742930776197		
5979.2592	0.04320000000006985	RippleTimeIntervals					5979.264	0.45735350295146104		
5980.6256	0.032000000000152795	RippleTimeIntervals					5980.6304	0.575170498855296		
5982.2264000000005	0.037599999999656575	RippleTimeIntervals					5982.2312	0.8337053988837679		
5984.7992	0.032000000000152795	RippleTimeIntervals					5984.8264	0.5110292429005789		
6011.7392	0.028000000000247383	RippleTimeIntervals					6011.76	0.5542331608299179		
6011.8472	0.04480000000057771	RippleTimeIntervals					6011.852	0.5939277460360662		
6012.96	0.08240000000023429	RippleTimeIntervals					6013.0224	1.1178452850136147		
6014.4472000000005	0.034399999999550346	RippleTimeIntervals					6014.468800000001	0.6528435692275676		
6014.9872000000005	0.031199999999444117	RippleTimeIntervals					6015.0064	0.6025519442148867		
6015.6952	0.03120000000035361	RippleTimeIntervals					6015.7056	0.49260030637162455		
6016.287200000001	0.03519999999934953	RippleTimeIntervals					6016.3176	0.6236817997622827		
6017.7824	0.03360000000066066	RippleTimeIntervals					6017.8112	0.6393522432417308		
6027.464800000001	0.06559999999990396	RippleTimeIntervals					6027.4776	0.5395552926030911		
6028.4656	0.1048000000000684	RippleTimeIntervals					6028.5176	1.255772892047162		
6030.5104	0.020000000000436557	RippleTimeIntervals					6030.522400000001	0.5807846046310959		
6030.9712	0.02400000000034197	RippleTimeIntervals					6030.990400000001	0.7324575883168833		
6041.4016	0.03120000000035361	RippleTimeIntervals					6041.414400000001	1.2372092216092219		
6043.3592	0.03280000000086147	RippleTimeIntervals					6043.384	0.5514388249903901		
6046.1832	0.03600000000005821	RippleTimeIntervals					6046.1912	0.7784419835416216		
6061.9048	0.06239999999979773	RippleTimeIntervals					6061.960800000001	0.7615893736772986		
6063.7648	0.04400000000077853	RippleTimeIntervals					6063.776800000001	0.9449163769901117		
6063.863200000001	0.044799999999668216	RippleTimeIntervals					6063.9048	0.44967703059124986		
6073.2696000000005	0.05760000000009313	RippleTimeIntervals					6073.298400000001	0.6607857692767147		
6073.6888	0.03760000000056607	RippleTimeIntervals					6073.72	0.47415049532756354		
6082.684	0.044799999999668216	RippleTimeIntervals					6082.7248	0.4980139368212981		
6085.341600000001	0.10719999999946594	RippleTimeIntervals					6085.4384	3.5095178514758882		
6086.903200000001	0.03600000000005821	RippleTimeIntervals					6086.9328000000005	0.5174901567922848		
6098.1656	0.03440000000045984	RippleTimeIntervals					6098.196800000001	0.42767626368279593		
6098.2976	0.05120000000079017	RippleTimeIntervals					6098.312	0.7640309863119398		
6098.9616000000005	0.021600000000034925	RippleTimeIntervals					6098.9664	0.7133755256103882		
6105.1864000000005	0.024800000000141154	RippleTimeIntervals					6105.204000000001	1.938576425403867		
6112.9944000000005	0.030399999999644933	RippleTimeIntervals					6113.0184	0.49668248303003315		
6115.2608	0.032000000000152795	RippleTimeIntervals					6115.2816	0.5975061413933594		
6122.6904	0.11039999999957217	RippleTimeIntervals					6122.7880000000005	2.4684525269025013		
6122.8768	0.026400000000649015	RippleTimeIntervals					6122.8952	0.6306155758438675		
6124.3976	0.06080000000019936	RippleTimeIntervals					6124.444	3.2954333916679444		
6126.9208	0.0408000000006723	RippleTimeIntervals					6126.9304	0.664009297491273		
6145.4336	0.03920000000016444	RippleTimeIntervals					6145.4448	0.6077957707503084		
6148.7016	0.025599999999940337	RippleTimeIntervals					6148.7056	0.543625189707035		
6149.4616000000005	0.04640000000017608	RippleTimeIntervals					6149.4656	0.44255470184506557		
6155.42	0.05360000000018772	RippleTimeIntervals					6155.4376	1.7436983510363258		
6163.555200000001	0.04399999999986903	RippleTimeIntervals					6163.584000000001	0.6014812378584434		
6164.6056	0.0408000000006723	RippleTimeIntervals					6164.6248000000005	1.0777811446742858		
6164.7648	0.0272000000004482	RippleTimeIntervals					6164.7808	3.452480854341656		
6166.504800000001	0.023999999999432475	RippleTimeIntervals					6166.5160000000005	1.337534810262659		
6170.109600000001	0.07199999999920692	RippleTimeIntervals					6170.152	5.66018916374735		
6182.7752	0.08080000000063592	RippleTimeIntervals					6182.8264	4.672087682439907		
6184.562400000001	0.07839999999941938	RippleTimeIntervals					6184.6304	0.7707763511748896		
6185.0560000000005	0.12159999999948923	RippleTimeIntervals					6185.1512	5.055433345814724		
6193.2504	0.05680000000029395	RippleTimeIntervals					6193.2776	2.0625308129231246		
6201.4304	0.028000000000247383	RippleTimeIntervals					6201.4384	0.5568697245036305		
6201.863200000001	0.023999999999432475	RippleTimeIntervals					6201.88	0.9207041881259291		
6208.84	0.03440000000045984	RippleTimeIntervals					6208.8712000000005	0.624481403729124		
6217.6720000000005	0.034399999999550346	RippleTimeIntervals					6217.682400000001	1.1049977381285006		
6217.9376	0.03440000000045984	RippleTimeIntervals					6217.952	4.133596679788366		
6225.5744	0.05519999999978609	RippleTimeIntervals					6225.6192	0.4651042760158973		
6229.4024	0.09840000000076543	RippleTimeIntervals					6229.448	2.183251514738561		
6229.552000000001	0.03519999999934953	RippleTimeIntervals					6229.573600000001	5.387391814053157		
6234.9768	0.032000000000152795	RippleTimeIntervals					6235.0016000000005	0.8215864559899038		
6235.7128	0.052800000000388536	RippleTimeIntervals					6235.7392	1.399141886634		
6235.8824	0.044799999999668216	RippleTimeIntervals					6235.9096	3.849413269869804		
6237.5344000000005	0.04879999999957363	RippleTimeIntervals					6237.5424	0.7750597621647501		
6238.9016	0.02639999999973952	RippleTimeIntervals					6238.9152	7.557558239783658		
6243.7392	0.03840000000036525	RippleTimeIntervals					6243.7432	0.4005914252706851		
6244.7056	0.08799999999973807	RippleTimeIntervals					6244.776000000001	0.8840666442089113		
6245.3424	0.04320000000006985	RippleTimeIntervals					6245.377600000001	0.7668293399217441		
6245.7272	0.04640000000017608	RippleTimeIntervals					6245.7696000000005	0.8380634110682202		
6246.5704000000005	0.024800000000141154	RippleTimeIntervals					6246.5824	0.5286454008437655		
6248.0184	0.030400000000554428	RippleTimeIntervals					6248.028	0.5975696768705451		
6248.128000000001	0.022399999999834108	RippleTimeIntervals					6248.1328	0.4588996935648488		
6258.3136	0.03359999999975116	RippleTimeIntervals					6258.3368	0.6160424109967106		
6259.6416	0.023200000000542786	RippleTimeIntervals					6259.6488	1.760604095047603		
6259.696	0.0408000000006723	RippleTimeIntervals					6259.7272	3.965272648675873		
6265.3144	0.04320000000006985	RippleTimeIntervals					6265.348800000001	5.35765100436891		
6265.722400000001	0.05279999999947904	RippleTimeIntervals					6265.7552000000005	1.7055257686873033		
6267.555200000001	0.037599999999656575	RippleTimeIntervals					6267.5576	0.4472325174464711		
6271.1416	0.03120000000035361	RippleTimeIntervals					6271.1656	0.7347796906988124		
6271.704000000001	0.022399999999834108	RippleTimeIntervals					6271.7216	1.1690129379466763		
6278.4264	0.03920000000016444	RippleTimeIntervals					6278.439200000001	0.4501446677456464		
6280.7624000000005	0.0455999999994674	RippleTimeIntervals					6280.7976	3.8658251487080597		
6281.715200000001	0.04879999999957363	RippleTimeIntervals					6281.7528	1.1606845900173552		
6282.7608	0.0816000000004351	RippleTimeIntervals					6282.8176	3.94583534934309		
6285.138400000001	0.03519999999934953	RippleTimeIntervals					6285.1504	3.3188373177499306		
6285.2024	0.05680000000029395	RippleTimeIntervals					6285.228	2.1515454808021666		
6285.6336	0.048800000000483124	RippleTimeIntervals					6285.6472	1.6628299851738555		
6287.3808	0.03120000000035361	RippleTimeIntervals					6287.4008	2.9582982821213433		
6291.4400000000005	0.044799999999668216	RippleTimeIntervals					6291.4624	3.7321904664972867		
6294.4984	0.032000000000152795	RippleTimeIntervals					6294.5176	0.5481662601625541		
6295.907200000001	0.037599999999656575	RippleTimeIntervals					6295.9368	0.5107476655831592		
6297.0856	0.05599999999958527	RippleTimeIntervals					6297.1248000000005	0.527850945220435		
6297.645600000001	0.0319999999992433	RippleTimeIntervals					6297.6672	0.6705445093088275		
6298.4024	0.03440000000045984	RippleTimeIntervals					6298.4264	0.8330508448451932		
6303.6512	0.023199999999633292	RippleTimeIntervals					6303.6632	0.9643185203983345		
6318.216	0.06000000000040018	RippleTimeIntervals					6318.258400000001	2.5935907142197663		
6318.3136	0.0543999999999869	RippleTimeIntervals					6318.336	2.9753654804761442		
6324.8208	0.0455999999994674	RippleTimeIntervals					6324.8584	0.9991438493813443		
6325.113600000001	0.07359999999971478	RippleTimeIntervals					6325.1464000000005	2.2322473659623214		
6326.952	0.058399999999892316	RippleTimeIntervals					6326.984	3.6085736175237404		
6327.4696	0.023199999999633292	RippleTimeIntervals					6327.4888	0.6005632220432288		
6328.6488	0.04320000000006985	RippleTimeIntervals					6328.6656	2.646645616831373		
6332.5112	0.10159999999996217	RippleTimeIntervals					6332.5752	7.332347904072958		
6338.2592	0.03999999999996362	RippleTimeIntervals					6338.2752	5.005535447021817		
6339.7936	0.09200000000055297	RippleTimeIntervals					6339.8168000000005	2.2146814016932903		
6342.7744	0.06239999999979773	RippleTimeIntervals					6342.8136	7.35269968253922		
6342.8928000000005	0.04719999999997526	RippleTimeIntervals					6342.9304	4.37670187578467		
6342.9776	0.07359999999971478	RippleTimeIntervals					6342.9856	1.5870125455355084		
6346.7752	0.07999999999992724	RippleTimeIntervals					6346.791200000001	2.6191805772748866		
6351.7936	0.06880000000001019	RippleTimeIntervals					6351.828	3.011169452153734		
6352.0608	0.08719999999993888	RippleTimeIntervals					6352.1176000000005	2.607072616077685		
6357.207200000001	0.10159999999996217	RippleTimeIntervals					6357.2288	0.8328475293942272		
6359.2376	0.07200000000011642	RippleTimeIntervals					6359.2752	5.505827791306571		
6361.2624000000005	0.10559999999986758	RippleTimeIntervals					6361.280000000001	4.2946725583326995		
6373.2504	0.045600000000376895	RippleTimeIntervals					6373.258400000001	2.2380022730818188		
6376.6776	0.030400000000554428	RippleTimeIntervals					6376.7048	0.44360997085367754		
6377.2064	0.03279999999995198	RippleTimeIntervals					6377.2264000000005	0.8927035900251474		
6377.808800000001	0.031199999999444117	RippleTimeIntervals					6377.8256	2.8810346650461605		
6382.6984	0.0272000000004482	RippleTimeIntervals					6382.7032	0.6557117813734252		
6392.3464	0.028000000000247383	RippleTimeIntervals					6392.3544	0.4344853782373176		
6402.2528	0.09919999999965512	RippleTimeIntervals					6402.284000000001	6.175453211321399		
6412.144	0.037599999999656575	RippleTimeIntervals					6412.1736	0.4101638296324047		
6412.756	0.044799999999668216	RippleTimeIntervals					6412.7936	0.5667209257513806		
6417.9416	0.051199999999880674	RippleTimeIntervals					6417.946400000001	0.6363862828996302		
6418.4232	0.035200000000259024	RippleTimeIntervals					6418.4296	0.8500022160788774		
6418.8728	0.025599999999940337	RippleTimeIntervals					6418.8896	0.4014699747561356		
6418.996	0.035200000000259024	RippleTimeIntervals					6418.9984	0.49156595709673395		
6422.2192000000005	0.028000000000247383	RippleTimeIntervals					6422.2424	0.5083253609273295		
6422.984	0.03359999999975116	RippleTimeIntervals					6423.0096	0.7337231443459453		
6428.287200000001	0.03279999999995198	RippleTimeIntervals					6428.3152	0.9071537583114836		
6428.5864	0.047999999999774445	RippleTimeIntervals					6428.606400000001	4.0263187061413195		
6431.2552000000005	0.05360000000018772	RippleTimeIntervals					6431.283200000001	4.321354623055773		
6431.872	0.020000000000436557	RippleTimeIntervals					6431.884800000001	0.9733440115352876		
6432.704000000001	0.05519999999978609	RippleTimeIntervals					6432.752	2.21038296009421		
6432.838400000001	0.024800000000141154	RippleTimeIntervals					6432.8504	1.94192844875691		
6443.8184	0.03920000000016444	RippleTimeIntervals					6443.852800000001	0.6457394080130082		
6477.5432	0.04320000000006985	RippleTimeIntervals					6477.573600000001	0.9755329794207612		
6478.044800000001	0.024800000000141154	RippleTimeIntervals					6478.0560000000005	0.6761463048193374		
6478.424	0.028800000000046566	RippleTimeIntervals					6478.452	0.4098881429259488		
6479.72	0.02400000000034197	RippleTimeIntervals					6479.725600000001	0.5790076813957749		
6482.084000000001	0.03519999999934953	RippleTimeIntervals					6482.1152	0.4276859709281938		
6483.5672	0.047999999999774445	RippleTimeIntervals					6483.5688	0.43933311285853466		
6493.026400000001	0.05599999999958527	RippleTimeIntervals					6493.0312	0.9174684779093366		
6496.685600000001	0.027999999999337888	RippleTimeIntervals					6496.7096	0.8237844922358172		
6496.8496000000005	0.037599999999656575	RippleTimeIntervals					6496.872	1.1597060465024722		
6512.152800000001	0.07039999999960855	RippleTimeIntervals					6512.212	2.117016409083358		
6516.3592	0.032000000000152795	RippleTimeIntervals					6516.3640000000005	0.6205588342468514		
6533.956	0.02959999999984575	RippleTimeIntervals					6533.9848	0.41351183258711594		
6536.0936	0.052800000000388536	RippleTimeIntervals					6536.142400000001	0.5577377186314465		
6538.9728000000005	0.025599999999940337	RippleTimeIntervals					6538.9744	0.44497990853395925		
6543.294400000001	0.03519999999934953	RippleTimeIntervals					6543.3032	0.8674219006763472		
6544.9816	0.04719999999997526	RippleTimeIntervals					6544.986400000001	0.4189583581817708		
6556.0656	0.05120000000079017	RippleTimeIntervals					6556.1088	0.5327461980045528		
6569.152	0.0272000000004482	RippleTimeIntervals					6569.156	0.5615779914281622		
6569.6008	0.03120000000035361	RippleTimeIntervals					6569.6248000000005	0.40587526040619626		
6570.301600000001	0.021600000000034925	RippleTimeIntervals					6570.3064	0.8150062019171912		
6575.1744	0.022400000000743603	RippleTimeIntervals					6575.1888	0.5556910264733724		
6576.072	0.051199999999880674	RippleTimeIntervals					6576.116	0.6558371298606871		
6583.475200000001	0.053599999999278225	RippleTimeIntervals					6583.4928	2.236573446072454		
6586.5016000000005	0.023999999999432475	RippleTimeIntervals					6586.5032	0.41136801523361066		
6586.7384	0.021600000000034925	RippleTimeIntervals					6586.7464	0.5148126752851356		
6589.8552	0.05760000000009313	RippleTimeIntervals					6589.8648	1.2846731859417386		
6593.863200000001	0.0319999999992433	RippleTimeIntervals					6593.8872	0.5478438128613955		
6599.867200000001	0.061599999999998545	RippleTimeIntervals					6599.888	0.47023042265744636		
6606.5	0.08240000000023429	RippleTimeIntervals					6606.5632000000005	0.5085709199797337		
6609.0272	0.0455999999994674	RippleTimeIntervals					6609.0488000000005	2.6450614927071077		
6611.7976	0.07360000000062428	RippleTimeIntervals					6611.812800000001	4.208823423056664		
6620.3552	0.035200000000259024	RippleTimeIntervals					6620.360000000001	0.5439952342320353		
6624.838400000001	0.04239999999936117	RippleTimeIntervals					6624.876	0.46269320561375954		
6630.537600000001	0.02959999999984575	RippleTimeIntervals					6630.54	0.44470994679216896		
6631.138400000001	0.03919999999925494	RippleTimeIntervals					6631.1464000000005	0.9691218976184245		
6634.3824	0.03120000000035361	RippleTimeIntervals					6634.3864	0.40557191822592353		
6634.642400000001	0.037599999999656575	RippleTimeIntervals					6634.6544	0.9698106013721906		
6637.1296	0.028000000000247383	RippleTimeIntervals					6637.1368	0.5706763852017707		
6637.332	0.03999999999996362	RippleTimeIntervals					6637.3648	1.4777195938331742		
6640.1696	0.02959999999984575	RippleTimeIntervals					6640.192	0.4409872865777756		
6640.304	0.03279999999995198	RippleTimeIntervals					6640.3112	1.0668391587163162		
6640.8104	0.02400000000034197	RippleTimeIntervals					6640.8184	0.8897603701228048		
6641.4264	0.044799999999668216	RippleTimeIntervals					6641.4456	0.9416766346768263		
6645.606400000001	0.020799999999326246	RippleTimeIntervals					6645.6144	0.5070381593039555		
6645.845600000001	0.06880000000001019	RippleTimeIntervals					6645.899200000001	1.106116951996929		
6647.676	0.09680000000025757	RippleTimeIntervals					6647.715200000001	4.156381630710777		
6658.3168000000005	0.02080000000023574	RippleTimeIntervals					6658.330400000001	1.3361210360571145		
6663.2088	0.058399999999892316	RippleTimeIntervals					6663.236800000001	0.7780624531829128		
6670.2784	0.020000000000436557	RippleTimeIntervals					6670.290400000001	1.0706359351558419		
6683.1056	0.029600000000755244	RippleTimeIntervals					6683.1264	1.3641976952132255		
6691.367200000001	0.023999999999432475	RippleTimeIntervals					6691.376	0.9855988966764909		
6701.4952	0.1000000000003638	RippleTimeIntervals					6701.5704000000005	0.6913633404294993		
6703.5704000000005	0.07520000000022264	RippleTimeIntervals					6703.5888	6.066279850783585		
6703.6696	0.058399999999892316	RippleTimeIntervals					6703.7008000000005	1.632520294446818		
6703.8184	0.061599999999998545	RippleTimeIntervals					6703.8336	2.6405876685078575		
6708.42	0.03600000000005821	RippleTimeIntervals					6708.4344	1.3459277964311092		
6725.7592	0.07039999999960855	RippleTimeIntervals					6725.820000000001	0.7133096503100953		
6727.9256000000005	0.03679999999985739	RippleTimeIntervals					6727.946400000001	2.0270933084741367		
6732.3512	0.02400000000034197	RippleTimeIntervals					6732.368	0.48534091835188925		
6733.0328	0.02400000000034197	RippleTimeIntervals					6733.037600000001	0.7134288471287022		
6733.268	0.14320000000043365	RippleTimeIntervals					6733.3968	5.343167908992818		
6736.1128	0.032000000000152795	RippleTimeIntervals					6736.1232	2.6357349197629842		
6738.6392000000005	0.02639999999973952	RippleTimeIntervals					6738.6552	0.8035274421593929		
6739.676	0.045600000000376895	RippleTimeIntervals					6739.6992	3.64108303312482		
6741.392000000001	0.03839999999945576	RippleTimeIntervals					6741.3936	0.4446427171661734		
6741.526400000001	0.03679999999985739	RippleTimeIntervals					6741.5544	2.2679429826169066		
6748.956	0.08560000000034051	RippleTimeIntervals					6749.0032	0.9060882009172954		
6755.8424	0.023199999999633292	RippleTimeIntervals					6755.848	1.131019291831405		
6759.751200000001	0.04719999999997526	RippleTimeIntervals					6759.791200000001	1.0996280539422183		
6760.116	0.0272000000004482	RippleTimeIntervals					6760.135200000001	0.6589482747924491		
6768.9664	0.07120000000031723	RippleTimeIntervals					6769.0112	4.5753058333955146		
6775.5464	0.07040000000051805	RippleTimeIntervals					6775.5656	6.264925576168447		
6779.5608	0.07440000000042346	RippleTimeIntervals					6779.5752	2.469529814211666		
6780.182400000001	0.030399999999644933	RippleTimeIntervals					6780.1976	3.9637232053231846		
6780.3856000000005	0.061599999999998545	RippleTimeIntervals					6780.396000000001	1.6336039911281406		
6780.4952	0.0272000000004482	RippleTimeIntervals					6780.5096	4.816923409175205		
6781.0248	0.07360000000062428	RippleTimeIntervals					6781.068	7.562536099576212		
6782.1296	0.03440000000045984	RippleTimeIntervals					6782.1488	0.4920666861393788		
6787.176	0.02959999999984575	RippleTimeIntervals					6787.182400000001	1.090243033001095		
6787.794400000001	0.12159999999948923	RippleTimeIntervals					6787.8728	0.4908029756760019		
6789.4872000000005	0.027199999999538704	RippleTimeIntervals					6789.5064	2.834127818560937		
6789.684	0.04160000000047148	RippleTimeIntervals					6789.7016	1.6613346293176925		
6789.792	0.05040000000008149	RippleTimeIntervals					6789.827200000001	3.3607270887363905		
6790.3648	0.03120000000035361	RippleTimeIntervals					6790.3728	7.887735658262705		
6792.3144	0.044799999999668216	RippleTimeIntervals					6792.323200000001	0.8118580015602166		
6794.5816	0.03279999999995198	RippleTimeIntervals					6794.602400000001	3.548076379894804		
6794.7096	0.03279999999995198	RippleTimeIntervals					6794.714400000001	1.3531957374297099		
6801.5608	0.08719999999993888	RippleTimeIntervals					6801.6256	4.188537645763885		
6801.6912	0.03760000000056607	RippleTimeIntervals					6801.7192000000005	1.5142085773660547		
6805.904	0.08159999999952561	RippleTimeIntervals					6805.9776	1.2550266442001063		
6808.660000000001	0.02479999999923166	RippleTimeIntervals					6808.6768	2.142274666667841		
6811.091200000001	0.0591999999996915	RippleTimeIntervals					6811.099200000001	1.5625978102767508		
6813.5136	0.028000000000247383	RippleTimeIntervals					6813.529600000001	5.714082703724232		
6816.492	0.028800000000046566	RippleTimeIntervals					6816.5056	2.893894186529842		
6816.591200000001	0.061599999999998545	RippleTimeIntervals					6816.6296	6.37114498996806		
6816.8696	0.08240000000023429	RippleTimeIntervals					6816.9256000000005	7.672345012837578		
6817.0328	0.022400000000743603	RippleTimeIntervals					6817.048000000001	1.8080496050632573		
6823.808	0.0727999999999156	RippleTimeIntervals					6823.8592	2.1877680728231175		
6823.9096	0.0408000000006723	RippleTimeIntervals					6823.921600000001	2.863368575396218		
6824.0168	0.058399999999892316	RippleTimeIntervals					6824.0584	2.9768751276473338		
6824.2432	0.045600000000376895	RippleTimeIntervals					6824.2736	6.7555131557258274		
6825.256	0.052800000000388536	RippleTimeIntervals					6825.2712	5.635511955090316		
6825.8152	0.0272000000004482	RippleTimeIntervals					6825.838400000001	0.48069142312300034		
6833.638400000001	0.03279999999995198	RippleTimeIntervals					6833.648	1.6270165683946098		
6833.7312	0.0632000000005064	RippleTimeIntervals					6833.7568	3.2931025683991058		
6834.948	0.02400000000034197	RippleTimeIntervals					6834.956	3.4849616558383634		
6836.957600000001	0.023199999999633292	RippleTimeIntervals					6836.9696	2.0339621691401892		
6838.7888	0.02080000000023574	RippleTimeIntervals					6838.8048	0.673500929476755		
6838.8352	0.035200000000259024	RippleTimeIntervals					6838.863200000001	1.228737016982229		
6841.145600000001	0.030399999999644933	RippleTimeIntervals					6841.160000000001	4.189971905421011		
6848.997600000001	0.03839999999945576	RippleTimeIntervals					6849.0136	3.4050477179462715		
6850.2880000000005	0.03920000000016444	RippleTimeIntervals					6850.3096000000005	0.6194682247047966		
6852.1912	0.035200000000259024	RippleTimeIntervals					6852.2192000000005	0.6155518328764831		
6856.8352	0.04399999999986903	RippleTimeIntervals					6856.8664	0.595070648347332		
6857.2536	0.07520000000022264	RippleTimeIntervals					6857.280000000001	5.121405571176589		
6858.164000000001	0.058399999999892316	RippleTimeIntervals					6858.2008000000005	2.370076973747869		
6862.9544000000005	0.0543999999999869	RippleTimeIntervals					6862.9776	0.5443472102498356		
6863.522400000001	0.12239999999928841	RippleTimeIntervals					6863.6320000000005	3.193103666478058		
6866.8408	0.052800000000388536	RippleTimeIntervals					6866.8576	0.5810196086669716		
6870.0856	0.04960000000028231	RippleTimeIntervals					6870.12	3.906822998239301		
6870.6808	0.03120000000035361	RippleTimeIntervals					6870.7032	1.7686735589374487		
6872.2776	0.03600000000005821	RippleTimeIntervals					6872.3	3.0131751395790447		
6873.1624	0.06640000000061264	RippleTimeIntervals					6873.221600000001	1.8559585517834785		
6876.9224	0.023199999999633292	RippleTimeIntervals					6876.9408	0.7603741362632028		
6880.6776	0.03440000000045984	RippleTimeIntervals					6880.692800000001	2.498265422379682		
6880.7880000000005	0.06559999999990396	RippleTimeIntervals					6880.8136	4.6411806748738185		
6883.0088000000005	0.09199999999964348	RippleTimeIntervals					6883.0888	1.7076524858074011		
6884.3952	0.07040000000051805	RippleTimeIntervals					6884.457600000001	2.481185618935917		
6889.982400000001	0.0319999999992433	RippleTimeIntervals					6889.996	2.9970254663001135		
6891.236	0.021600000000034925	RippleTimeIntervals					6891.2496	2.619190954629893		
6891.334400000001	0.08159999999952561	RippleTimeIntervals					6891.4016	2.6320123160984767		
6893.0016000000005	0.0639999999993961	RippleTimeIntervals					6893.0512	3.3200611416049512		
6893.6792000000005	0.023999999999432475	RippleTimeIntervals					6893.6952	2.2182366958353796		
6894.040800000001	0.051199999999880674	RippleTimeIntervals					6894.076	0.795208365231374		
6894.4024	0.036800000000766886	RippleTimeIntervals					6894.4232	6.192480061335292		
6895.408	0.08479999999963184	RippleTimeIntervals					6895.475200000001	9.070944188747808		
6895.548000000001	0.07679999999982101	RippleTimeIntervals					6895.576	3.0703133130340134		
6896.1448	0.04719999999997526	RippleTimeIntervals					6896.184	2.5308169436087598		
6896.2736	0.025599999999940337	RippleTimeIntervals					6896.290400000001	2.0085996844826837		
6896.348	0.06240000000070722	RippleTimeIntervals					6896.3648	1.968956118845355		
6902.9168	0.06720000000041182	RippleTimeIntervals					6902.9376	3.6907849962832895		
6903.004	0.035200000000259024	RippleTimeIntervals					6903.0184	2.66678960507293		
6906.9056	0.03679999999985739	RippleTimeIntervals					6906.932000000001	0.49959843596864983		
6907.207200000001	0.07600000000002183	RippleTimeIntervals					6907.228800000001	1.3124272486942876		
6907.8792	0.08479999999963184	RippleTimeIntervals					6907.939200000001	1.2848329185907987		
6911.5904	0.0272000000004482	RippleTimeIntervals					6911.604	1.9665249136337937		
6919.3504	0.03440000000045984	RippleTimeIntervals					6919.374400000001	0.6526194599082259		
6922.4416	0.03120000000035361	RippleTimeIntervals					6922.4568	2.2504328181968156		
6928.744000000001	0.03279999999995198	RippleTimeIntervals					6928.7576	9.708260031111843		
6928.9768	0.04399999999986903	RippleTimeIntervals					6928.9984	1.6287500275359088		
6929.214400000001	0.02959999999984575	RippleTimeIntervals					6929.236000000001	1.7039418168629215		
6929.3496000000005	0.027199999999538704	RippleTimeIntervals					6929.3688	4.215579746577961		
6929.7464	0.06000000000040018	RippleTimeIntervals					6929.792	7.00453707546893		
6930.660000000001	0.02159999999912543	RippleTimeIntervals					6930.6736	0.8731032695537259		
6930.7952000000005	0.0543999999999869	RippleTimeIntervals					6930.8264	10.024453010442906		
6930.9368	0.04159999999956199	RippleTimeIntervals					6930.9632	5.471124394764151		
6933.482400000001	0.037599999999656575	RippleTimeIntervals					6933.512000000001	0.9683905368309356		
6935.6192	0.030400000000554428	RippleTimeIntervals					6935.6416	1.705758601841359		
6936.0856	0.044799999999668216	RippleTimeIntervals					6936.116	2.9629976412774557		
6938.64	0.07440000000042346	RippleTimeIntervals					6938.6720000000005	3.2484788010081678		
6941.3768	0.04480000000057771	RippleTimeIntervals					6941.3968	6.489102057296744		
6943.0144	0.03360000000066066	RippleTimeIntervals					6943.029600000001	6.612009340553071		
6943.0688	0.10240000000067084	RippleTimeIntervals					6943.1344	6.27414657579719		
6945.844800000001	0.03359999999975116	RippleTimeIntervals					6945.8640000000005	3.9855214580779013		
6947.332	0.034399999999550346	RippleTimeIntervals					6947.345600000001	5.197164973326523		
6948.6848	0.06720000000041182	RippleTimeIntervals					6948.724	2.0009409299385634		
6948.9656	0.040799999999762804	RippleTimeIntervals					6948.9944000000005	3.922971018283952		
6949.5464	0.07040000000051805	RippleTimeIntervals					6949.592000000001	1.7261929812622425		
6951.0704000000005	0.037599999999656575	RippleTimeIntervals					6951.084000000001	4.216854418205955		
6951.2008000000005	0.040799999999762804	RippleTimeIntervals					6951.22	3.5618931318908675		
6951.572	0.02959999999984575	RippleTimeIntervals					6951.5872	0.9680024415166417		
6951.6728	0.03600000000005821	RippleTimeIntervals					6951.7008000000005	0.8121432974666053		
6959.9272	0.04320000000006985	RippleTimeIntervals					6959.9472000000005	3.7048049432514967		
6960.0024	0.045600000000376895	RippleTimeIntervals					6960.04	1.7625371470698394		
6960.1336	0.023200000000542786	RippleTimeIntervals					6960.138400000001	2.3130809608789074		
6966.088000000001	0.053599999999278225	RippleTimeIntervals					6966.1328	1.220001797954763		
6966.4512	0.04159999999956199	RippleTimeIntervals					6966.4696	5.995885441130939		
6967.2480000000005	0.03999999999996362	RippleTimeIntervals					6967.2648	3.3784431464311306		
6973.7128	0.022399999999834108	RippleTimeIntervals					6973.7176	0.801135594325258		
6974.0864	0.05680000000029395	RippleTimeIntervals					6974.1328	1.727972900470593		
6974.5416000000005	0.02639999999973952	RippleTimeIntervals					6974.564	0.6465974666240983		
6974.8264	0.032000000000152795	RippleTimeIntervals					6974.8536	0.9253599544271442		
6976.099200000001	0.04640000000017608	RippleTimeIntervals					6976.135200000001	0.7190501545819974		
6978.1936000000005	0.02639999999973952	RippleTimeIntervals					6978.2088	3.2573331572400566		
6981.8424	0.035200000000259024	RippleTimeIntervals					6981.848	1.1406309517904554		
6982.972000000001	0.02639999999973952	RippleTimeIntervals					6982.9856	1.5886511752268273		
6985.764	0.03999999999996362	RippleTimeIntervals					6985.783200000001	2.114782307389171		
6993.52	0.02639999999973952	RippleTimeIntervals					6993.5272	2.213400419070851		
6994.3928000000005	0.058399999999892316	RippleTimeIntervals					6994.4352	1.868322358380602		
6995.820000000001	0.06559999999990396	RippleTimeIntervals					6995.8584	1.700685247001063		
7000.225600000001	0.02959999999984575	RippleTimeIntervals					7000.247200000001	1.5015442944697288		
7001.2168	0.04320000000006985	RippleTimeIntervals					7001.252	1.5766032316075722		
7001.536800000001	0.050399999999171996	RippleTimeIntervals					7001.5792	2.1225228803444955		
7001.6584	0.048800000000483124	RippleTimeIntervals					7001.696	1.3266403247309704		
7002.8648	0.042400000000270666	RippleTimeIntervals					7002.892000000001	5.194549128063514		
7005.2704	0.022399999999834108	RippleTimeIntervals					7005.2848	2.2470931529903337		
7009.3248	0.032000000000152795	RippleTimeIntervals					7009.348	2.1917887595454824		
7011.1016	0.025599999999940337	RippleTimeIntervals					7011.112800000001	2.3812209708355385		
7013.6272	0.068000000000211	RippleTimeIntervals					7013.6728	5.3724065389667555		
7018.6952	0.0408000000006723	RippleTimeIntervals					7018.712	1.0845857478049783		
7018.845600000001	0.04239999999936117	RippleTimeIntervals					7018.88	2.046342316884427		
7040.592000000001	0.027199999999538704	RippleTimeIntervals					7040.612	1.405493896389795		
7044.5232000000005	0.021600000000034925	RippleTimeIntervals					7044.536800000001	0.68587511248377		
7064.9016	0.03440000000045984	RippleTimeIntervals					7064.9296	0.701940206820897		
7075.6	0.05360000000018772	RippleTimeIntervals					7075.6320000000005	0.752289665690357		
7081.5856	0.068000000000211	RippleTimeIntervals					7081.6008	0.4456155642642921		
7089.124000000001	0.08719999999993888	RippleTimeIntervals					7089.136	2.0971402325250597		
7095.9616000000005	0.04239999999936117	RippleTimeIntervals					7095.968800000001	0.6919309784424189		
7096.559200000001	0.03920000000016444	RippleTimeIntervals					7096.5944	0.6332029439110907		
7096.8024000000005	0.061599999999998545	RippleTimeIntervals					7096.852000000001	0.6734739122816117		
7097.912	0.02080000000023574	RippleTimeIntervals					7097.920800000001	0.6700267159105633		
7102.4312	0.029600000000755244	RippleTimeIntervals					7102.46	0.4358784262989337		
7104.8072	0.028800000000046566	RippleTimeIntervals					7104.8312000000005	0.8967023525229881		
7107.1008	0.045600000000376895	RippleTimeIntervals					7107.136	2.4078124675846166		
7107.715200000001	0.04959999999937281	RippleTimeIntervals					7107.7336000000005	2.5248009031743135		
7117.4328000000005	0.031199999999444117	RippleTimeIntervals					7117.4496	1.280908195378771		
7118.4928	0.06880000000001019	RippleTimeIntervals					7118.5424	3.171913489336047		
7119.443200000001	0.02959999999984575	RippleTimeIntervals					7119.4624	1.026682901295559		
7126.3072	0.024800000000141154	RippleTimeIntervals					7126.3224	1.2515422045261761		
7128.6448	0.03760000000056607	RippleTimeIntervals					7128.6696	1.5955550011493012		
7137.6768	0.0272000000004482	RippleTimeIntervals					7137.6912	3.411861666738304		
7148.8576	0.045600000000376895	RippleTimeIntervals					7148.8928000000005	0.9686510821703574		
7151.1848	0.0408000000006723	RippleTimeIntervals					7151.2136	4.015456048541066		
7152.3192	0.05120000000079017	RippleTimeIntervals					7152.348	1.367356960778461		
7154.1688	0.04640000000017608	RippleTimeIntervals					7154.196800000001	2.8579075785098476		
7155.5672	0.05599999999958527	RippleTimeIntervals					7155.595200000001	4.089506306689178		
7162.236000000001	0.040799999999762804	RippleTimeIntervals					7162.2456	1.0460210564104242		
7162.524	0.05040000000008149	RippleTimeIntervals					7162.5432	1.4947548680658744		
7171.8496000000005	0.05599999999958527	RippleTimeIntervals					7171.8856000000005	4.016941339418395		
7171.956	0.09040000000004511	RippleTimeIntervals					7172.0256	2.4810332386668876		
7173.475200000001	0.03919999999925494	RippleTimeIntervals					7173.5	2.454808574089174		
7173.7704	0.12640000000010332	RippleTimeIntervals					7173.790400000001	8.677575785398016		
7177.5896	0.045600000000376895	RippleTimeIntervals					7177.6272	1.4917286178223543		
7189.392000000001	0.0455999999994674	RippleTimeIntervals					7189.4184000000005	0.40766427025392543		
7199.536	0.08560000000034051	RippleTimeIntervals					7199.602400000001	2.3304318505926225		
7203.2176	0.036800000000766886	RippleTimeIntervals					7203.244000000001	5.713158320460555		
7206.1112	0.03279999999995198	RippleTimeIntervals					7206.1192	0.42367349299399204		
7206.2336000000005	0.034399999999550346	RippleTimeIntervals					7206.2384	0.5940993967407054		
7207.9800000000005	0.03920000000016444	RippleTimeIntervals					7207.9992	1.3630194745879711		
7210.1088	0.028800000000046566	RippleTimeIntervals					7210.1216	1.2662409541569173		
7210.1592	0.024800000000141154	RippleTimeIntervals					7210.1704	5.235031067888992		
7218.7888	0.0727999999999156	RippleTimeIntervals					7218.8168000000005	4.610266272406547		
7221.468800000001	0.04640000000017608	RippleTimeIntervals					7221.4872000000005	0.7193985586442639		
7223.388	0.03360000000066066	RippleTimeIntervals					7223.3936	2.629804198171407		
7225.6344	0.03760000000056607	RippleTimeIntervals					7225.656	5.279325524185431		
7229.036	0.05040000000008149	RippleTimeIntervals					7229.072	0.7425103971082898		
7229.2824	0.03600000000005821	RippleTimeIntervals					7229.3104	0.7411722443397238		
7230.7016	0.04879999999957363	RippleTimeIntervals					7230.7272	10.057404898700979		
7235.8832	0.06080000000019936	RippleTimeIntervals					7235.9192	4.613454020748856		
7251.648	0.06880000000001019	RippleTimeIntervals					7251.6720000000005	1.3143946972471487		
7253.1016	0.028000000000247383	RippleTimeIntervals					7253.1216	1.2466428281474535		
7260.5016000000005	0.03920000000016444	RippleTimeIntervals					7260.52	3.0483749429882305		
7263.616800000001	0.0591999999996915	RippleTimeIntervals					7263.660800000001	1.4209614037780003		
7263.8064	0.044799999999668216	RippleTimeIntervals					7263.8408	0.7425770711344035		
7264.258400000001	0.061599999999998545	RippleTimeIntervals					7264.276800000001	7.788126995164173		
7268.6152	0.10239999999976135	RippleTimeIntervals					7268.7048	0.8002234358147026		
7270.2824	0.028800000000046566	RippleTimeIntervals					7270.2968	2.6191108090662105		
7289.243200000001	0.02479999999923166	RippleTimeIntervals					7289.26	0.8078408867550558		
7289.420800000001	0.09279999999944266	RippleTimeIntervals					7289.4944000000005	2.1186660697529667		
7292.1184	0.0632000000005064	RippleTimeIntervals					7292.1696	4.215524438902171		
7292.296	0.047999999999774445	RippleTimeIntervals					7292.328	0.6002005332338582		
7296.453600000001	0.04399999999986903	RippleTimeIntervals					7296.4624	0.5160167702683758		
7314.323200000001	0.03279999999995198	RippleTimeIntervals					7314.344	0.4361795460040704		
7332.4912	0.08159999999952561	RippleTimeIntervals					7332.5504	0.6526628887097218		
7335.8288	0.05360000000018772	RippleTimeIntervals					7335.8312000000005	0.6623703566172334		
7336.7992	0.028800000000046566	RippleTimeIntervals					7336.804	1.0228726243924064		
7337.188	0.03840000000036525	RippleTimeIntervals					7337.2136	1.6491900026248734		
7338.3264	0.10800000000017462	RippleTimeIntervals					7338.384	2.54450108375485		
7341.399200000001	0.06639999999970314	RippleTimeIntervals					7341.4488	3.263017388968661		
7342.062400000001	0.053599999999278225	RippleTimeIntervals					7342.1048	5.707421471082525		
7344.5024	0.04719999999997526	RippleTimeIntervals					7344.5352	1.901415246709143		
7347.5464	0.023200000000542786	RippleTimeIntervals					7347.562400000001	0.8788132171036115		
7350.1776	0.04719999999997526	RippleTimeIntervals					7350.2168	0.7901406337670311		
7350.2736	0.0727999999999156	RippleTimeIntervals					7350.3216	1.0448801351508108		
7356.685600000001	0.023999999999432475	RippleTimeIntervals					7356.6904	0.5707123325759682		
7356.7992	0.04879999999957363	RippleTimeIntervals					7356.8176	2.55947388455391		
7363.247200000001	0.022399999999834108	RippleTimeIntervals					7363.261600000001	0.7658099683737334		
7363.496	0.05200000000058935	RippleTimeIntervals					7363.5248	1.841955288082066		
7368.5816	0.051199999999880674	RippleTimeIntervals					7368.6016	4.510148156463939		
7369.1736	0.05040000000008149	RippleTimeIntervals					7369.2024	7.154047568832418		
7376.330400000001	0.023999999999432475	RippleTimeIntervals					7376.3392	0.7707090112378945		
7376.939200000001	0.021600000000034925	RippleTimeIntervals					7376.9544000000005	0.8076290750519883		
7381.3024000000005	0.0911999999998443	RippleTimeIntervals					7381.3640000000005	4.717879025556754		
7391.8752	0.04640000000017608	RippleTimeIntervals					7391.907200000001	3.5679527549752343		
7394.304	0.03760000000056607	RippleTimeIntervals					7394.334400000001	1.452665047129831		
7399.6768	0.042400000000270666	RippleTimeIntervals					7399.716	0.4521838365633513		
7399.7712	0.02080000000023574	RippleTimeIntervals					7399.7808	0.582189637431416		
7399.8176	0.028000000000247383	RippleTimeIntervals					7399.834400000001	0.49629706362209425		
7400.5856	0.037599999999656575	RippleTimeIntervals					7400.5976	0.48787169242482326		
7400.9272	0.03840000000036525	RippleTimeIntervals					7400.953600000001	0.41859194571604635		
7406.7928	0.0816000000004351	RippleTimeIntervals					7406.797600000001	0.7906893265711261		
7408.976000000001	0.03279999999995198	RippleTimeIntervals					7408.984	0.490880491933191		
7409.108	0.03600000000005821	RippleTimeIntervals					7409.1368	1.1077196402746168		
7414.3656	0.0272000000004482	RippleTimeIntervals					7414.374400000001	0.5561209627085347		
7418.5464	0.05040000000008149	RippleTimeIntervals					7418.5616	2.325785219240889		
7418.744000000001	0.02639999999973952	RippleTimeIntervals					7418.752	0.7024804427301916		
7421.3256	0.08080000000063592	RippleTimeIntervals					7421.3944	1.277940258215145		
7421.5976	0.03999999999996362	RippleTimeIntervals					7421.6296	1.569224469371268		
7421.8184	0.03360000000066066	RippleTimeIntervals					7421.8336	4.623286911718319		
7422.64	0.04719999999997526	RippleTimeIntervals					7422.6504	1.4178299304943776		
7422.9616000000005	0.03279999999995198	RippleTimeIntervals					7422.989600000001	1.1317810307193474		
7423.1408	0.048800000000483124	RippleTimeIntervals					7423.168000000001	4.782253643973884		
7423.599200000001	0.022399999999834108	RippleTimeIntervals					7423.616800000001	0.9505744135742081		
7426.4408	0.045600000000376895	RippleTimeIntervals					7426.46	0.4227697255802956		
7431.84	0.03440000000045984	RippleTimeIntervals					7431.863200000001	1.5936775884395917		
7432.660000000001	0.037599999999656575	RippleTimeIntervals					7432.6864000000005	1.1886634269535374		
7432.928000000001	0.051199999999880674	RippleTimeIntervals					7432.960800000001	4.10640276228112		
7443.1072	0.024800000000141154	RippleTimeIntervals					7443.124000000001	2.275473278609463		
7451.486400000001	0.02639999999973952	RippleTimeIntervals					7451.497600000001	0.713185839373096		
7456.5168	0.03999999999996362	RippleTimeIntervals					7456.5344000000005	1.1976081768376377		
7457.808800000001	0.06559999999990396	RippleTimeIntervals					7457.8408	1.015206103641361		
7461.844800000001	0.04719999999997526	RippleTimeIntervals					7461.852800000001	2.7846093503459683		
7462.4552	0.10720000000037544	RippleTimeIntervals					7462.4952	6.758454203450073		
7463.376	0.028000000000247383	RippleTimeIntervals					7463.3968	0.6924208906927088		
7463.4624	0.07920000000012806	RippleTimeIntervals					7463.537600000001	0.9834529777544992		
7469.204000000001	0.14800000000013824	RippleTimeIntervals					7469.312800000001	1.7205074888020084		
7469.3984	0.03440000000045984	RippleTimeIntervals					7469.421600000001	3.0359538093787046		
7475.9552	0.06720000000041182	RippleTimeIntervals					7475.984	0.8936853190474076		
7476.568	0.06080000000019936	RippleTimeIntervals					7476.620800000001	2.5350851807873247		
7480.1104000000005	0.027199999999538704	RippleTimeIntervals					7480.1152	0.48138473704528306		
7480.1704	0.12400000000070577	RippleTimeIntervals					7480.185600000001	1.6665337322604883		
7480.3352	0.04159999999956199	RippleTimeIntervals					7480.3696	1.1673686145486308		
7483.8936	0.03120000000035361	RippleTimeIntervals					7483.913600000001	1.7500873554278058		
7484.5416000000005	0.035200000000259024	RippleTimeIntervals					7484.566400000001	8.58619516601855		
7484.6616	0.03120000000035361	RippleTimeIntervals					7484.6696	0.8829719266004479		
7486.9312	0.05360000000018772	RippleTimeIntervals					7486.957600000001	0.8442558668006223		
7488.740000000001	0.021600000000034925	RippleTimeIntervals					7488.754400000001	1.2252768890501837		
7488.808	0.042400000000270666	RippleTimeIntervals					7488.8296	5.682517020845032		
7489.0096	0.035200000000259024	RippleTimeIntervals					7489.0168	1.872482897152764		
7490.848	0.06080000000019936	RippleTimeIntervals					7490.8824	3.3725027892735757		
7491.685600000001	0.0639999999993961	RippleTimeIntervals					7491.728	4.279874910742432		
7491.9768	0.023199999999633292	RippleTimeIntervals					7491.9808	0.40125301766621885		
7493.236800000001	0.056799999999384454	RippleTimeIntervals					7493.2856	4.129959920633245		
7493.34	0.07600000000002183	RippleTimeIntervals					7493.4016	1.9097462363980624		
7494.9344	0.05040000000008149	RippleTimeIntervals					7494.9616000000005	5.353435651281835		
7496.1544	0.042400000000270666	RippleTimeIntervals					7496.178400000001	2.1151675166120993		
7498.5216	0.06080000000019936	RippleTimeIntervals					7498.558400000001	1.310609513694343		
7500.1976	0.035200000000259024	RippleTimeIntervals					7500.2016	0.4511314501847416		
7507.3152	0.035200000000259024	RippleTimeIntervals					7507.334400000001	2.4157603043160276		
7508.0488000000005	0.02959999999984575	RippleTimeIntervals					7508.069600000001	4.505847739227009		
7508.287200000001	0.027199999999538704	RippleTimeIntervals					7508.3008	3.1850482356331136		
7514.452	0.042400000000270666	RippleTimeIntervals					7514.4800000000005	3.125562711926078		
7514.588000000001	0.030399999999644933	RippleTimeIntervals					7514.5960000000005	0.6283180315505114		
7517.2752	0.1136000000005879	RippleTimeIntervals					7517.3624	3.9883310872272824		
7517.7016	0.07679999999982101	RippleTimeIntervals					7517.736000000001	4.865163107780941		
7521.9016	0.047999999999774445	RippleTimeIntervals					7521.939200000001	1.2274801686211727		
7522.1288	0.040799999999762804	RippleTimeIntervals					7522.1504	3.8223074214840813		
7523.5104	0.07520000000022264	RippleTimeIntervals					7523.580800000001	0.7723182859976074		
7523.605600000001	0.037599999999656575	RippleTimeIntervals					7523.64	0.4803789253311203		
7524.6728	0.04399999999986903	RippleTimeIntervals					7524.707200000001	0.8033179719887811		
7525.674400000001	0.0455999999994674	RippleTimeIntervals					7525.7080000000005	3.835214744985324		
7526.8872	0.042400000000270666	RippleTimeIntervals					7526.899200000001	0.5871952337938857		
7528.612	0.03360000000066066	RippleTimeIntervals					7528.638400000001	1.172229390269127		
7532.750400000001	0.030399999999644933	RippleTimeIntervals					7532.7608	3.593352577687165		
7533.4152	0.024800000000141154	RippleTimeIntervals					7533.4232	0.6394727126602214		
7534.0256	0.03280000000086147	RippleTimeIntervals					7534.037600000001	1.2656118321962158		
7536.9256000000005	0.05199999999967986	RippleTimeIntervals					7536.9312	0.6881954466363044		
7543.7168	0.045600000000376895	RippleTimeIntervals					7543.7480000000005	8.555891206450577		
7546.256	0.023199999999633292	RippleTimeIntervals					7546.2648	0.46060210277736935		
7555.0176	0.035200000000259024	RippleTimeIntervals					7555.0488000000005	0.6488077086226182		
7555.9232	0.05760000000009313	RippleTimeIntervals					7555.948	0.642798665907487		
7557.1376	0.03279999999995198	RippleTimeIntervals					7557.149600000001	2.3820271344355888		
7557.8144	0.06559999999990396	RippleTimeIntervals					7557.852800000001	2.5087595972208687		
7559.866400000001	0.03919999999925494	RippleTimeIntervals					7559.8864	1.4584343474192127		
7567.4552	0.024800000000141154	RippleTimeIntervals					7567.4728000000005	1.4146672155588116		
7569.3168000000005	0.05279999999947904	RippleTimeIntervals					7569.337600000001	0.8159669415881672		
7570.736800000001	0.021600000000034925	RippleTimeIntervals					7570.744000000001	3.919388943229295		
7573.9112000000005	0.09680000000025757	RippleTimeIntervals					7573.9856	5.861452284302308		
7575.298400000001	0.06639999999970314	RippleTimeIntervals					7575.341600000001	6.482042119039914		
7578.3544	0.056000000000494765	RippleTimeIntervals					7578.3656	3.2125105789868478		
7581.3832	0.04480000000057771	RippleTimeIntervals					7581.42	1.0101798031958362		
7581.5864	0.07920000000012806	RippleTimeIntervals					7581.644	1.8103982135502459		
7584.5544	0.02080000000023574	RippleTimeIntervals					7584.558400000001	0.47593114140958026		
7587.3864	0.03359999999975116	RippleTimeIntervals					7587.4152	0.5921392620770976		
7599.595200000001	0.05999999999949068	RippleTimeIntervals					7599.6504	0.7729864622243079		
7599.8328	0.028000000000247383	RippleTimeIntervals					7599.8496000000005	1.0491898857757371		
7600.5928	0.02639999999973952	RippleTimeIntervals					7600.6112	0.7621604769965118		
7601.2272	0.023200000000542786	RippleTimeIntervals					7601.236800000001	0.73679003337439		
7608.442400000001	0.0727999999999156	RippleTimeIntervals					7608.4992	4.001285939957303		
7613.0032	0.03920000000016444	RippleTimeIntervals					7613.0344000000005	1.4017513601430536		
7613.5864	0.03920000000016444	RippleTimeIntervals					7613.6184	1.2139671026535557		
7616.022400000001	0.03279999999995198	RippleTimeIntervals					7616.0488000000005	1.151591374487742		
7616.664000000001	0.11200000000008004	RippleTimeIntervals					7616.6776	2.80365376850385		
7617.452	0.0272000000004482	RippleTimeIntervals					7617.4568	0.806557031350828		
7618.4696	0.09280000000035216	RippleTimeIntervals					7618.488	6.767930746495916		
7618.5944	0.04960000000028231	RippleTimeIntervals					7618.620800000001	4.029761721721632		
7621.416	0.03279999999995198	RippleTimeIntervals					7621.4384	0.4713193794360251		
7621.7096	0.05200000000058935	RippleTimeIntervals					7621.7424	0.47870421228173715		
7630.0432	0.028000000000247383	RippleTimeIntervals					7630.0632000000005	2.776851232505222		
7640.0056	0.0727999999999156	RippleTimeIntervals					7640.064	2.836807058760014		
7640.1088	0.08240000000023429	RippleTimeIntervals					7640.1256	2.8422291815237006		
7642.1320000000005	0.08479999999963184	RippleTimeIntervals					7642.1392000000005	0.5538513678143152		
7643.345600000001	0.022399999999834108	RippleTimeIntervals					7643.3544	0.9333972975208777		
7643.4016	0.03279999999995198	RippleTimeIntervals					7643.406400000001	0.7279584369147938		
7644.8616	0.0632000000005064	RippleTimeIntervals					7644.888	1.1100882742117275		
7654.830400000001	0.027999999999337888	RippleTimeIntervals					7654.8352	0.42139538897552387		
7680.736800000001	0.03279999999995198	RippleTimeIntervals					7680.7624000000005	1.381562603120933		
7692.483200000001	0.03679999999985739	RippleTimeIntervals					7692.5128	0.6583683108023343		
7692.6792000000005	0.08399999999983265	RippleTimeIntervals					7692.684	0.9331689496776728		
7694.5936	0.04480000000057771	RippleTimeIntervals					7694.6336	0.5906351910955201		
7694.9088	0.023200000000542786	RippleTimeIntervals					7694.9312	0.5610738403053513		
7696.9408	0.020000000000436557	RippleTimeIntervals					7696.948	0.7982020600680065		
7697.268800000001	0.02639999999973952	RippleTimeIntervals					7697.292	0.462240430851296		
7697.4024	0.024800000000141154	RippleTimeIntervals					7697.408	0.4091093246267016		
7718.928800000001	0.07839999999941938	RippleTimeIntervals					7718.9744	0.9219545384090067		
7734.287200000001	0.021600000000034925	RippleTimeIntervals					7734.304	0.6503077764208094		
7737.2880000000005	0.05999999999949068	RippleTimeIntervals					7737.3368	1.2861469765094076		
7742.0776000000005	0.06480000000010477	RippleTimeIntervals					7742.1216	4.621956778616028		
7742.848800000001	0.05519999999978609	RippleTimeIntervals					7742.8864	6.879562505221679		
7749.678400000001	0.030399999999644933	RippleTimeIntervals					7749.6976	3.302228426987643		
7749.8432	0.03760000000056607	RippleTimeIntervals					7749.876	0.8128966675917113		
7753.743200000001	0.046399999999266583	RippleTimeIntervals					7753.7552000000005	0.9350182088184562		
7754.4056	0.035200000000259024	RippleTimeIntervals					7754.42	0.8668076002994674		
7754.7424	0.024800000000141154	RippleTimeIntervals					7754.7464	0.47487823216562264		
7755.551200000001	0.03519999999934953	RippleTimeIntervals					7755.559200000001	0.8052548873071261		
7758.5112	0.03120000000035361	RippleTimeIntervals					7758.515200000001	0.4374126661738531		
7759.696000000001	0.03679999999985739	RippleTimeIntervals					7759.7016	0.4258479209701801		
7765.8896	0.023199999999633292	RippleTimeIntervals					7765.904	0.6934621992307555		
7775.7304	0.035200000000259024	RippleTimeIntervals					7775.7424	0.5205272829299162		
7780.5272	0.02400000000034197	RippleTimeIntervals					7780.544000000001	0.5989431553125775		
7782.6992	0.04160000000047148	RippleTimeIntervals					7782.724	1.387020775253255		
7786.6728	0.03120000000035361	RippleTimeIntervals					7786.6808	0.400712167827033		
7786.8616	0.03679999999985739	RippleTimeIntervals					7786.8896	2.4130586461973236		
7802.2176	0.03280000000086147	RippleTimeIntervals					7802.2464	0.4864823871447826		
7824.044800000001	0.07679999999982101	RippleTimeIntervals					7824.062400000001	2.2127399455179084		
7827.066400000001	0.03839999999945576	RippleTimeIntervals					7827.0744	0.6647249276781931		
7839.330400000001	0.027199999999538704	RippleTimeIntervals					7839.3568000000005	0.41965082010915017		
7839.791200000001	0.0775999999996202	RippleTimeIntervals					7839.8648	0.8825703443743047		
7840.3544	0.03600000000005821	RippleTimeIntervals					7840.3728	0.5914453093907986		
7840.9336	0.023199999999633292	RippleTimeIntervals					7840.9448	0.8065511218631927		
7844.138400000001	0.030399999999644933	RippleTimeIntervals					7844.1576000000005	0.4688739455838836		
7844.725600000001	0.027199999999538704	RippleTimeIntervals					7844.7448	0.5458627711976762		
7845.877600000001	0.07119999999940774	RippleTimeIntervals					7845.917600000001	3.0092343956659895		
7846.5208	0.042400000000270666	RippleTimeIntervals					7846.540800000001	1.7466620399602977		
7846.613600000001	0.03359999999975116	RippleTimeIntervals					7846.6184	0.8808782683104072		
7847.116800000001	0.03279999999995198	RippleTimeIntervals					7847.1256	0.65657203309056		
7848.900000000001	0.08960000000024593	RippleTimeIntervals					7848.9528	4.082752794534748		
7852.834400000001	0.10559999999986758	RippleTimeIntervals					7852.8904	3.3709786451997745		
7857.188800000001	0.03599999999914871	RippleTimeIntervals					7857.2208	0.48629553050728425		
7857.4272	0.028000000000247383	RippleTimeIntervals					7857.448	0.5659510373761796		
7867.6504	0.03920000000016444	RippleTimeIntervals					7867.6584	0.4339968608455189		
7868.0056	0.04159999999956199	RippleTimeIntervals					7868.0144	0.9675917566451004		
7868.2088	0.042400000000270666	RippleTimeIntervals					7868.2136	0.7538205555600982		
7870.2672	0.06239999999979773	RippleTimeIntervals					7870.3096000000005	4.0214531810056116		
7872.3608	0.11599999999998545	RippleTimeIntervals					7872.4656	3.5807859919599148		
7878.8256	0.024800000000141154	RippleTimeIntervals					7878.828	0.6495633064233955		
7878.9808	0.03120000000035361	RippleTimeIntervals					7879.004800000001	0.7677319709693705		
7882.6464000000005	0.06080000000019936	RippleTimeIntervals					7882.6584	0.8600936160686653		
7886.808	0.021600000000034925	RippleTimeIntervals					7886.8176	0.5681941782261173		
7894.484	0.02959999999984575	RippleTimeIntervals					7894.4928	2.985601400834438		
7896.9744	0.023200000000542786	RippleTimeIntervals					7896.983200000001	2.932025829796803		
7900.4048	0.047999999999774445	RippleTimeIntervals					7900.4304	3.9158689261077466		
7900.591200000001	0.027999999999337888	RippleTimeIntervals					7900.6032000000005	1.5345637330361224		
7900.768	0.042400000000270666	RippleTimeIntervals					7900.7992	2.074607841886043		
7900.8336	0.08320000000003347	RippleTimeIntervals					7900.9008	1.9754027844577338		
7906.6176000000005	0.04640000000017608	RippleTimeIntervals					7906.638400000001	1.661215938300832		
7909.0528	0.027199999999538704	RippleTimeIntervals					7909.076	0.578331597764177		
7910.8872	0.02959999999984575	RippleTimeIntervals					7910.9128	0.5536005218985521		
7913.0216	0.13840000000072905	RippleTimeIntervals					7913.0504	3.144951565127762		
7914.2352	0.03920000000016444	RippleTimeIntervals					7914.2696000000005	1.044303360896376		
7915.5352	0.03999999999996362	RippleTimeIntervals					7915.559200000001	6.275213494432138		
7915.6688	0.04159999999956199	RippleTimeIntervals					7915.688800000001	4.6705837722860215		
7915.8248	0.06559999999990396	RippleTimeIntervals					7915.863200000001	4.808105633645159		
7916.0056	0.052800000000388536	RippleTimeIntervals					7916.0208	3.0456922065501395		
7921.062400000001	0.04159999999956199	RippleTimeIntervals					7921.088000000001	2.7745513812511846		
7924.095200000001	0.05999999999949068	RippleTimeIntervals					7924.1224	5.432226422555255		
7924.2064	0.05840000000080181	RippleTimeIntervals					7924.2304	5.126696411295631		
7926.7624000000005	0.02080000000023574	RippleTimeIntervals					7926.7784	0.40070575800668273		
7927.4016	0.06400000000030559	RippleTimeIntervals					7927.406400000001	0.4292656310692688		
7929.4336	0.051199999999880674	RippleTimeIntervals					7929.448	0.6098935792235616		
7931.0472	0.03920000000016444	RippleTimeIntervals					7931.0784	0.7245752627318547		
7932.178400000001	0.02639999999973952	RippleTimeIntervals					7932.18	0.431272542667055		
7960.736800000001	0.04239999999936117	RippleTimeIntervals					7960.7592	5.161844541058915		
7978.914400000001	0.02080000000023574	RippleTimeIntervals					7978.928000000001	0.7788609073375891		
7979.0144	0.04719999999997526	RippleTimeIntervals					7979.036	4.072702207138964		
7985.979200000001	0.023999999999432475	RippleTimeIntervals					7985.983200000001	0.7253688334936491		
7996.692800000001	0.031199999999444117	RippleTimeIntervals					7996.703200000001	1.5804799029571779		
7998.616	0.04400000000077853	RippleTimeIntervals					7998.6408	1.16876743537868		
8016.109600000001	0.023999999999432475	RippleTimeIntervals					8016.127200000001	0.6074966251738355		
8017.648	0.021600000000034925	RippleTimeIntervals					8017.653600000001	1.2686793581522209		
8033.884800000001	0.12799999999970169	RippleTimeIntervals					8033.9016	4.029733627530256		
8040.8616	0.02400000000034197	RippleTimeIntervals					8040.880800000001	0.48642157743377584		
8071.5392	0.06400000000030559	RippleTimeIntervals					8071.5832	2.826311191608745		
8072.0344000000005	0.034399999999550346	RippleTimeIntervals					8072.04	1.1912384756306926		
8078.188	0.048800000000483124	RippleTimeIntervals					8078.196000000001	0.5233425054545149		
8086.7408000000005	0.027199999999538704	RippleTimeIntervals					8086.764800000001	0.6500790274137711		
8088.7816	0.02959999999984575	RippleTimeIntervals					8088.7856	0.5538943440881461		
8089.0968	0.068000000000211	RippleTimeIntervals					8089.1488	0.576626994016998		
8089.8624	0.045600000000376895	RippleTimeIntervals					8089.8864	0.5823237877524567		
8090.678400000001	0.03279999999995198	RippleTimeIntervals					8090.704000000001	0.5437360582411092		
8093.182400000001	0.032000000000152795	RippleTimeIntervals					8093.207200000001	0.5117645512673978		
8093.344	0.03999999999996362	RippleTimeIntervals					8093.367200000001	0.5670533783531538		
8097.6112	0.07440000000042346	RippleTimeIntervals					8097.6664	3.2595213561025793		
8098.6112	0.025599999999940337	RippleTimeIntervals					8098.620000000001	1.1434183916479441		
8098.696800000001	0.03679999999985739	RippleTimeIntervals					8098.7176	1.3728234670072046		
8099.2448	0.05360000000018772	RippleTimeIntervals					8099.287200000001	1.5829497063770552		
8100.236000000001	0.046399999999266583	RippleTimeIntervals					8100.2632	4.317354301084736		
8102.46	0.03920000000016444	RippleTimeIntervals					8102.4872000000005	2.0511886815681413		
8103.0256	0.04320000000006985	RippleTimeIntervals					8103.040800000001	6.059041798187536		
8103.0944	0.022400000000743603	RippleTimeIntervals					8103.109600000001	0.5901263626657618		
8103.2864	0.04400000000077853	RippleTimeIntervals					8103.294400000001	1.026041643573853		
8105.845600000001	0.047999999999774445	RippleTimeIntervals					8105.8896	0.4190341523513538		
8105.932000000001	0.06719999999950232	RippleTimeIntervals					8105.943200000001	1.2936558722409175		
8108.493600000001	0.040799999999762804	RippleTimeIntervals					8108.515200000001	5.36632556726161		
8108.6488	0.05200000000058935	RippleTimeIntervals					8108.6624	12.96296106946585		
8114.765600000001	0.04719999999997526	RippleTimeIntervals					8114.796	4.103352610679391		
8120.366400000001	0.06479999999919528	RippleTimeIntervals					8120.4048	0.6411001908702061		
8120.900000000001	0.04320000000006985	RippleTimeIntervals					8120.9264	0.7104327230843847		
8121.5232000000005	0.025599999999940337	RippleTimeIntervals					8121.5256	0.4066770069438851		
8145.1664	0.05200000000058935	RippleTimeIntervals					8145.1944	1.515435569810177		
8160.472000000001	0.07200000000011642	RippleTimeIntervals					8160.5232000000005	2.770681303031549		
8161.9232	0.024800000000141154	RippleTimeIntervals					8161.928000000001	0.40892490965109163		
8161.968800000001	0.06880000000001019	RippleTimeIntervals					8161.976000000001	2.49977505405439		
8165.1624	0.06880000000001019	RippleTimeIntervals					8165.171200000001	1.6668447090797516		
8167.8856000000005	0.05680000000029395	RippleTimeIntervals					8167.8944	3.7446804752121747		
8178.6624	0.02400000000034197	RippleTimeIntervals					8178.668000000001	0.8098086790393763		
8181.6984	0.06480000000010477	RippleTimeIntervals					8181.7384	1.1356548105259434		
8187.2952000000005	0.06400000000030559	RippleTimeIntervals					8187.326400000001	3.242311174235367		
8191.182400000001	0.03679999999985739	RippleTimeIntervals					8191.2064	0.7106740440290502		
8191.2808	0.03600000000005821	RippleTimeIntervals					8191.3024000000005	0.4300838613051892		
8211.812	0.024000000001251465	RippleTimeIntervals					8211.8272	2.740481640056159		
8214.7448	0.05999999999949068	RippleTimeIntervals					8214.78	7.972762182592956		
8221.7432	0.03839999999945576	RippleTimeIntervals					8221.7736	1.8113593948379034		
8238.2968	0.023199999999633292	RippleTimeIntervals					8238.3048	0.4792940187001405		
8241.6944	0.07920000000012806	RippleTimeIntervals					8241.720800000001	0.6347880528079938		
8248.2528	0.048800000000483124	RippleTimeIntervals					8248.2832	3.5832236112350517		
8248.628	0.09759999999914726	RippleTimeIntervals					8248.6824	3.904881999531173		
8253.232	0.04800000000068394	RippleTimeIntervals					8253.2592	0.6209080144513704		
8253.3376	0.02959999999984575	RippleTimeIntervals					8253.3496	4.545025109939925		
8273.0064	0.0904000000009546	RippleTimeIntervals					8273.04	5.188133606820468		
8273.1592	0.04320000000006985	RippleTimeIntervals					8273.168800000001	11.960921487456865		
8275.3744	0.06719999999950232	RippleTimeIntervals					8275.424	1.7733775542244055		
8279.6848	0.022399999999834108	RippleTimeIntervals					8279.6944	0.7661604466282864		
8290.140000000001	0.08719999999993888	RippleTimeIntervals					8290.192000000001	1.3102113782955254		
8291.5112	0.020000000000436557	RippleTimeIntervals					8291.5272	0.40492620615336355		
8292.464	0.03600000000005821	RippleTimeIntervals					8292.4696	0.485829037162087		
8297.428	0.028800000000046566	RippleTimeIntervals					8297.4504	0.4448069450779936		
8298.7592	0.0272000000004482	RippleTimeIntervals					8298.7824	0.5280001985794569		
8300.208	0.03919999999925494	RippleTimeIntervals					8300.2456	0.44123705923943635		
8300.756800000001	0.05999999999949068	RippleTimeIntervals					8300.784800000001	0.5825096261856046		
8304.0216	0.023199999999633292	RippleTimeIntervals					8304.0408	0.49137413585535655		
8308.0264	0.03359999999884167	RippleTimeIntervals					8308.0288	0.5151774182327887		
8310.727200000001	0.023199999999633292	RippleTimeIntervals					8310.7464	0.4550504770619063		
8312.7224	0.021600000000034925	RippleTimeIntervals					8312.7368	0.4448671905721543		
8313.6576	0.02080000000023574	RippleTimeIntervals					8313.6632	0.4240900871777963		
8315.1368	0.030399999999644933	RippleTimeIntervals					8315.155200000001	0.5791420674823398		
8321.9872	0.025600000000849832	RippleTimeIntervals					8321.992	0.5118436652909704		
8328.7256	0.028000000000247383	RippleTimeIntervals					8328.7328	0.8158730444656155		
8333.0056	0.03679999999985739	RippleTimeIntervals					8333.0352	0.6603572448510594		
8358.4288	0.03920000000107393	RippleTimeIntervals					8358.4488	2.09853465727936		
8367.619200000001	0.02479999999923166	RippleTimeIntervals					8367.6368	1.272356318711827		
8369.1488	0.03839999999945576	RippleTimeIntervals					8369.154400000001	0.5422804138112803		
8371.5888	0.0272000000004482	RippleTimeIntervals					8371.6072	1.0676709316226571		
8376.9584	0.024000000001251465	RippleTimeIntervals					8376.9784	0.5360002597650549		
8377.7816	0.031199999999444117	RippleTimeIntervals					8377.8048	0.4742456518175028		
8382.2216	0.02479999999923166	RippleTimeIntervals					8382.241600000001	0.7168945295428819		
8384.6504	0.03839999999945576	RippleTimeIntervals					8384.6584	0.41410791696790905		
8384.8408	0.021600000000034925	RippleTimeIntervals					8384.8456	0.4898157117043082		
8391.777600000001	0.0319999999992433	RippleTimeIntervals					8391.8024	0.5423799136972286		
8395.572	0.04640000000108557	RippleTimeIntervals					8395.576000000001	0.6290566381567598		
8395.720800000001	0.022399999999834108	RippleTimeIntervals					8395.7392	0.5155500310066388		
8395.896	0.06719999999950232	RippleTimeIntervals					8395.9136	0.45272451825304805		
8396.284	0.07760000000052969	RippleTimeIntervals					8396.3128	1.138233388941107		
8406.196	0.020000000000436557	RippleTimeIntervals					8406.2112	0.9936250310649934		
8411.0488	0.05760000000009313	RippleTimeIntervals					8411.0992	1.3205018633994001		
8414.8232	0.03839999999945576	RippleTimeIntervals					8414.8424	0.6788673324113352		
8422.1704	0.023199999999633292	RippleTimeIntervals					8422.176000000001	0.8154615519617409		
8426.8544	0.048800000000483124	RippleTimeIntervals					8426.864	0.651595675765037		
8429.807200000001	0.037599999999656575	RippleTimeIntervals					8429.814400000001	0.4660326837162165		
8451.669600000001	0.046399999999266583	RippleTimeIntervals					8451.7008	4.756200352818952		
8460.1784	0.020000000000436557	RippleTimeIntervals					8460.184000000001	1.1600630401526486		
8460.502400000001	0.055999999998675776	RippleTimeIntervals					8460.5112	0.6401414422441151		
8465.728000000001	0.035200000000259024	RippleTimeIntervals					8465.7584	0.47437831749729237		
8466.393600000001	0.032799999999042484	RippleTimeIntervals					8466.3976	0.45563555383203386		
8471.3408	0.035200000000259024	RippleTimeIntervals					8471.3696	0.6047077083773851		
8477.0808	0.031200000001263106	RippleTimeIntervals					8477.1008	1.5772987003224883		
8477.1528	0.03679999999985739	RippleTimeIntervals					8477.1608	0.6308086231309311		
8478.0648	0.02959999999984575	RippleTimeIntervals					8478.0696	0.5923115350279771		
8478.1632	0.04159999999865249	RippleTimeIntervals					8478.198400000001	0.5057130184849276		
8480.6848	0.04079999999885331	RippleTimeIntervals					8480.705600000001	1.1050763011681757		
8486.1368	0.048800000000483124	RippleTimeIntervals					8486.1464	0.6136826241508988		
8487.3848	0.0272000000004482	RippleTimeIntervals					8487.3904	2.782855429712228		
8490.662400000001	0.0319999999992433	RippleTimeIntervals					8490.684000000001	2.786777769263663		
8491.9424	0.02080000000023574	RippleTimeIntervals					8491.9552	2.072368028507963		
8492.640000000001	0.058399999999892316	RippleTimeIntervals					8492.68	1.1745997205346008		
8492.756000000001	0.053599999999278225	RippleTimeIntervals					8492.7936	3.4279841695811797		
8494.86	0.026400000000649015	RippleTimeIntervals					8494.864800000001	0.5369037949712684		
8500.4776	0.0591999999996915	RippleTimeIntervals					8500.5008	3.9026178906791027		
8508.7288	0.07120000000031723	RippleTimeIntervals					8508.7584	0.4720339189856283		
8509.9568	0.05760000000009313	RippleTimeIntervals					8510.0	1.983492368581967		
8510.284	0.06480000000010477	RippleTimeIntervals					8510.2984	3.849051395269367		
8510.814400000001	0.03679999999985739	RippleTimeIntervals					8510.8392	4.8686555217024425		
8511.003200000001	0.05519999999887659	RippleTimeIntervals					8511.0184	2.5122594076409133		
8511.752	0.022399999999834108	RippleTimeIntervals					8511.756800000001	0.4966734380143623		
8513.0088	0.07200000000011642	RippleTimeIntervals					8513.0616	5.496007749977751		
8513.784	0.026400000000649015	RippleTimeIntervals					8513.799200000001	1.2820447224850402		
8516.967200000001	0.028800000000046566	RippleTimeIntervals					8516.988000000001	1.0602212788400336		
8518.5792	0.031199999999444117	RippleTimeIntervals					8518.6056	0.851970536045126		
8519.516	0.021600000000034925	RippleTimeIntervals					8519.5304	0.5125938430076741		
8520.3392	0.09760000000096625	RippleTimeIntervals					8520.404	1.5191350932057632		
8524.3208	0.04560000000128639	RippleTimeIntervals					8524.3448	2.533246639188129		
8524.7408	0.02320000000145228	RippleTimeIntervals					8524.756000000001	0.6574013419355126		
8539.6384	0.04160000000047148	RippleTimeIntervals					8539.669600000001	0.7619336775802907		
8542.0776	0.06240000000070722	RippleTimeIntervals					8542.1008	0.916031283491521		
8544.9136	0.03280000000086147	RippleTimeIntervals					8544.9424	0.44243151721272034		
8545.248800000001	0.02719999999862921	RippleTimeIntervals					8545.2576	0.6931655555484315		
8557.0344	0.07359999999971478	RippleTimeIntervals					8557.0616	2.330143033835309		
8557.8256	0.0272000000004482	RippleTimeIntervals					8557.8456	0.6015190283863572		
8558.5944	0.051199999999880674	RippleTimeIntervals					8558.6344	3.9248191032058175		
8562.915200000001	0.0639999999984866	RippleTimeIntervals					8562.936800000001	0.43976326162600204		
8563.7616	0.04320000000006985	RippleTimeIntervals					8563.792000000001	0.41310991136992187		
8577.5856	0.046399999999266583	RippleTimeIntervals					8577.616	0.4293378869016124		
8580.028	0.06559999999990396	RippleTimeIntervals					8580.0336	1.2258638093495509		
8585.083200000001	0.028800000000046566	RippleTimeIntervals					8585.088	0.5219400459144846		
8586.1392	0.02320000000145228	RippleTimeIntervals					8586.1576	0.47933800525724474		
8587.2944	0.03440000000045984	RippleTimeIntervals					8587.3248	0.5978640542212725		
8595.4984	0.03440000000045984	RippleTimeIntervals					8595.510400000001	2.728144643872797		
8598.0576	0.03440000000045984	RippleTimeIntervals					8598.0776	2.1001952543862683		
8598.901600000001	0.03359999999884167	RippleTimeIntervals					8598.932	0.43464344294766954		
8599.664	0.03679999999985739	RippleTimeIntervals					8599.6808	0.5897815122917929		
8604.6712	0.0272000000004482	RippleTimeIntervals					8604.676000000001	0.47436891524773483		
8609.6088	0.03440000000045984	RippleTimeIntervals					8609.624	4.45991665305886		
8611.198400000001	0.044799999999668216	RippleTimeIntervals					8611.2296	2.7986147832199677		
8616.808	0.021600000000034925	RippleTimeIntervals					8616.8184	0.7415862007576436		
8618.0264	0.020000000000436557	RippleTimeIntervals					8618.0424	0.4381691520747346		
8618.1536	0.06559999999990396	RippleTimeIntervals					8618.208	6.715670065478251		
8620.3688	0.03200000000106229	RippleTimeIntervals					8620.3784	2.63452267093241		
8620.5584	0.04399999999986903	RippleTimeIntervals					8620.582400000001	1.7617377346294536		
8622.6152	0.03360000000066066	RippleTimeIntervals					8622.6376	3.2592710610419493		
8623.7408	0.09680000000116706	RippleTimeIntervals					8623.7672	2.918606487562888		
8625.556	0.03679999999985739	RippleTimeIntervals					8625.588	0.7987723534692953		
8625.626400000001	0.1224000000001979	RippleTimeIntervals					8625.6512	4.588370516963296		
8630.8192	0.09360000000015134	RippleTimeIntervals					8630.8336	2.136729624747881		
8630.937600000001	0.025599999999030842	RippleTimeIntervals					8630.9496	1.116133108069683		
8631.582400000001	0.11199999999917054	RippleTimeIntervals					8631.661600000001	2.6537634762745994		
8633.329600000001	0.03679999999985739	RippleTimeIntervals					8633.352	2.2175090545345113		
8634.3408	0.08799999999973807	RippleTimeIntervals					8634.408000000001	2.074697802222597		
8637.5512	0.03280000000086147	RippleTimeIntervals					8637.552800000001	0.4050590392801818		
8639.8328	0.03839999999945576	RippleTimeIntervals					8639.8632	1.100782443707993		
8642.5352	0.03280000000086147	RippleTimeIntervals					8642.546400000001	0.4306495031197002		
8648.852	0.026399999998830026	RippleTimeIntervals					8648.8712	0.5609462674921868		
8649.8768	0.03360000000066066	RippleTimeIntervals					8649.9064	0.46869798812109015		
8657.3808	0.0319999999992433	RippleTimeIntervals					8657.408000000001	0.7499244357966767		
8675.887200000001	0.028000000000247383	RippleTimeIntervals					8675.9056	1.1305683536259354		
8678.2576	0.037599999999656575	RippleTimeIntervals					8678.272	3.152466590711939		
8691.176000000001	0.03679999999985739	RippleTimeIntervals					8691.192000000001	1.0971640394037372		
8692.0448	0.04320000000006985	RippleTimeIntervals					8692.0728	0.6566970122500521		
8694.0376	0.037600000001475564	RippleTimeIntervals					8694.0416	0.6293689995335201		
8699.716	0.030399999999644933	RippleTimeIntervals					8699.720000000001	0.47519295104049425		
8701.1536	0.03200000000106229	RippleTimeIntervals					8701.1776	0.7488970809430046		
8703.6448	0.04640000000108557	RippleTimeIntervals					8703.683200000001	0.40994945729424725		
8705.0728	0.044799999999668216	RippleTimeIntervals					8705.0928	0.4615140946042287		
8705.284	0.020000000000436557	RippleTimeIntervals					8705.285600000001	0.45347517292808776		
8707.329600000001	0.04320000000006985	RippleTimeIntervals					8707.350400000001	0.6423963788514203		
8707.7376	0.046399999999266583	RippleTimeIntervals					8707.7432	0.6823527380738031		
8708.2816	0.03440000000045984	RippleTimeIntervals					8708.2888	0.544631497773681		
8709.3336	0.040000000000873115	RippleTimeIntervals					8709.3664	0.8708724875196071		
8710.1896	0.026400000000649015	RippleTimeIntervals					8710.1952	0.6684681678335542		
8711.4496	0.035200000000259024	RippleTimeIntervals					8711.4752	1.8425770470591747		
8711.8088	0.031199999999444117	RippleTimeIntervals					8711.8232	2.9981434731865675		
8712.936800000001	0.06959999999889988	RippleTimeIntervals					8712.984	4.359383880586072		
8713.132	0.02960000000166474	RippleTimeIntervals					8713.1392	0.7823640811534219		
8713.6208	0.04719999999906577	RippleTimeIntervals					8713.656	3.1983880901889585		
8714.589600000001	0.10319999999956053	RippleTimeIntervals					8714.6424	4.622592697667599		
8714.9272	0.025600000000849832	RippleTimeIntervals					8714.9408	1.9209192911826414		
8715.423200000001	0.026399999998830026	RippleTimeIntervals					8715.4416	0.6285760199462068		
8719.4504	0.024000000001251465	RippleTimeIntervals					8719.4544	0.6371180325380801		
8723.3168	0.023999999999432475	RippleTimeIntervals					8723.321600000001	0.5094522229980567		
8724.8272	0.020000000000436557	RippleTimeIntervals					8724.836000000001	1.17585798031617		
8725.154400000001	0.022399999999834108	RippleTimeIntervals					8725.172	0.7588993584640921		
8725.5488	0.05520000000069558	RippleTimeIntervals					8725.582400000001	0.5762749052808883		
8726.4096	0.04719999999906577	RippleTimeIntervals					8726.432	3.63700102614644		
8726.893600000001	0.02719999999862921	RippleTimeIntervals					8726.9112	0.592523047314288		
8734.365600000001	0.06639999999970314	RippleTimeIntervals					8734.3712	0.49564029786316505		
8734.800000000001	0.05760000000009313	RippleTimeIntervals					8734.8304	0.4201596469352061		
8742.9936	0.02480000000105065	RippleTimeIntervals					8743.012	0.43998900902377275		
8746.04	0.03439999999864085	RippleTimeIntervals					8746.0472	0.45307415091967185		
8759.384	0.056000000000494765	RippleTimeIntervals					8759.4352	0.44286021492527444		
8760.8896	0.03440000000045984	RippleTimeIntervals					8760.915200000001	4.730238591011511		
8761.0616	0.035200000000259024	RippleTimeIntervals					8761.0712	0.7623690163713059		
8762.1752	0.08240000000114378	RippleTimeIntervals					8762.2368	2.602549442458019		
8769.5664	0.047200000000884756	RippleTimeIntervals					8769.6064	1.1051672990503811		
8769.676000000001	0.03359999999884167	RippleTimeIntervals					8769.6968	2.047522431338396		
8775.003200000001	0.028000000000247383	RippleTimeIntervals					8775.008	0.47685663620128754		
8783.0216	0.03600000000005821	RippleTimeIntervals					8783.0432	2.879373253875206		
8793.072	0.03360000000066066	RippleTimeIntervals					8793.0768	0.6251781570106962		
8793.7816	0.031199999999444117	RippleTimeIntervals					8793.785600000001	0.41693329007755403		
8797.1432	0.030399999999644933	RippleTimeIntervals					8797.152	3.111524329116769		
8800.7096	0.035200000000259024	RippleTimeIntervals					8800.720800000001	3.9177030640026596		
8804.3312	0.039999999999054126	RippleTimeIntervals					8804.3528	3.6873731574370554		
8812.6944	0.06480000000010477	RippleTimeIntervals					8812.7528	0.7590915882338007		
8821.082400000001	0.02719999999862921	RippleTimeIntervals					8821.090400000001	0.4948723599180738		
8821.3736	0.06400000000030559	RippleTimeIntervals					8821.4104	0.716770005630874		
8821.4616	0.042400000000270666	RippleTimeIntervals					8821.4824	0.6336811671729666		
8821.6296	0.020000000000436557	RippleTimeIntervals					8821.6456	1.012450708917048		
8824.6344	0.028000000000247383	RippleTimeIntervals					8824.655200000001	2.2401658566170846		
8825.4408	0.021600000000034925	RippleTimeIntervals					8825.4488	1.7800143829208999		
8828.288	0.02080000000023574	RippleTimeIntervals					8828.2952	0.6970440969041127		
8829.336000000001	0.09199999999873398	RippleTimeIntervals					8829.3552	4.853059461652799		
8831.8928	0.053600000001097214	RippleTimeIntervals					8831.922400000001	1.2918726978016088		
8832.3848	0.08079999999972642	RippleTimeIntervals					8832.44	4.964482384283862		
8832.508	0.037600000001475564	RippleTimeIntervals					8832.5192	9.853551392196158		
8841.4648	0.042400000000270666	RippleTimeIntervals					8841.5008	0.47031618564042077		
8855.8952	0.02959999999984575	RippleTimeIntervals					8855.900800000001	1.588816703501464		
8860.436	0.04160000000047148	RippleTimeIntervals					8860.438400000001	0.49909585402780166		
8864.9848	0.03679999999985739	RippleTimeIntervals					8864.992	0.4925202401977163		
8896.5864	0.1224000000001979	RippleTimeIntervals					8896.672	3.9786811471469647		
8898.9496	0.060800000001108856	RippleTimeIntervals					8898.988000000001	4.5821368258989725		
8899.188	0.03600000000005821	RippleTimeIntervals					8899.2008	0.7261210450604633		
8903.045600000001	0.04399999999986903	RippleTimeIntervals					8903.082400000001	0.7561117615164787		
8917.6744	0.03280000000086147	RippleTimeIntervals					8917.7008	0.44064710492967335		
8921.4552	0.05760000000009313	RippleTimeIntervals					8921.468	0.985294560074033		
8921.6272	0.031199999999444117	RippleTimeIntervals					8921.6512	1.3576468159182187		
8922.227200000001	0.023999999999432475	RippleTimeIntervals					8922.2312	0.4595785741347403		
8925.820800000001	0.0319999999992433	RippleTimeIntervals					8925.8464	0.45244345991547585		
8925.9752	0.037599999999656575	RippleTimeIntervals					8926.0088	0.4109429990963673		
8935.8448	0.03359999999884167	RippleTimeIntervals					8935.8744	0.5349665885455754		
8938.8408	0.047200000000884756	RippleTimeIntervals					8938.8456	0.5273795520314629		
8947.1888	0.03440000000045984	RippleTimeIntervals					8947.2112	3.2290343984705068		
8948.930400000001	0.032799999999042484	RippleTimeIntervals					8948.9352	0.6465522083481468		
8949.6016	0.056000000000494765	RippleTimeIntervals					8949.6504	1.3542556248379234		
8952.6872	0.03440000000045984	RippleTimeIntervals					8952.7008	6.610644506953934		
8955.386400000001	0.037599999999656575	RippleTimeIntervals					8955.392	0.8643854181166335		
8959.300000000001	0.04079999999885331	RippleTimeIntervals					8959.3112	0.8528954126188854		
8961.7944	0.04719999999906577	RippleTimeIntervals					8961.8336	1.1590695221173732		
8962.1088	0.026400000000649015	RippleTimeIntervals					8962.119200000001	1.799369286168162		
8964.4544	0.04399999999986903	RippleTimeIntervals					8964.4704	3.498118230816946		
8966.724	0.023999999999432475	RippleTimeIntervals					8966.7376	0.7613888373626345		
8970.1432	0.11280000000078871	RippleTimeIntervals					8970.1744	3.9240477539589107		
8971.6216	0.06240000000070722	RippleTimeIntervals					8971.6656	3.1846832565597247		
8973.3056	0.1176000000014028	RippleTimeIntervals					8973.364800000001	1.6814565310955192		
8974.0552	0.0455999999994674	RippleTimeIntervals					8974.083200000001	6.094346505599133		
8978.1208	0.044799999999668216	RippleTimeIntervals					8978.152	4.141047645554297		
8979.5224	0.02959999999984575	RippleTimeIntervals					8979.544	3.16340584071828		
8981.9048	0.044799999999668216	RippleTimeIntervals					8981.9216	1.5211555218561226		
8983.945600000001	0.0319999999992433	RippleTimeIntervals					8983.9616	1.0962724724787647		
8987.1672	0.04399999999986903	RippleTimeIntervals					8987.1896	2.294842081674845		
8988.4272	0.10800000000017462	RippleTimeIntervals					8988.492	3.7009228705462913		
8988.9344	0.0408000000006723	RippleTimeIntervals					8988.948	5.956983199323958		
8990.688	0.023199999999633292	RippleTimeIntervals					8990.696	0.6402142471875928		
8993.2168	0.020000000000436557	RippleTimeIntervals					8993.232	0.7547789521005923		
8994.7976	0.02320000000145228	RippleTimeIntervals					8994.8032	0.5647456943881262		
9004.444800000001	0.12960000000020955	RippleTimeIntervals					9004.4624	3.0277902054409487		
9004.5944	0.044799999999668216	RippleTimeIntervals					9004.611200000001	4.884058946944968		
9010.2672	0.040000000000873115	RippleTimeIntervals					9010.2952	2.6999937905506943		
9015.828000000001	0.04079999999885331	RippleTimeIntervals					9015.829600000001	0.44698229516220467		
9017.196	0.024000000001251465	RippleTimeIntervals					9017.204	0.5641165665514611		
9035.6576	0.06159999999908905	RippleTimeIntervals					9035.676800000001	1.4743350122084384		
9046.7192	0.03920000000107393	RippleTimeIntervals					9046.7432	0.8054355128330143		
9050.5072	0.024000000001251465	RippleTimeIntervals					9050.516800000001	0.6817304665837481		
9050.800000000001	0.04159999999865249	RippleTimeIntervals					9050.8256	0.4639757325987782		
9050.9424	0.023199999999633292	RippleTimeIntervals					9050.9472	0.6310757473656519		
9051.002400000001	0.048799999998664134	RippleTimeIntervals					9051.0368	0.4825374202114681		
9051.2808	0.03839999999945576	RippleTimeIntervals					9051.2888	0.637957936434134		
9051.4176	0.04079999999885331	RippleTimeIntervals					9051.422400000001	0.7405459735261783		
9051.7968	0.035200000000259024	RippleTimeIntervals					9051.8192	0.731665439006322		
9056.5048	0.04160000000047148	RippleTimeIntervals					9056.5352	0.975866740590769		
9057.4192	0.020000000000436557	RippleTimeIntervals					9057.4328	0.5856693205672555		
9058.7608	0.056000000000494765	RippleTimeIntervals					9058.799200000001	1.016721097519309		
9068.8928	0.025600000000849832	RippleTimeIntervals					9068.9112	0.9117432327068058		
9069.904	0.026400000000649015	RippleTimeIntervals					9069.9264	0.47438783788123867		
9069.9576	0.02320000000145228	RippleTimeIntervals					9069.9688	1.107680369562165		
9070.241600000001	0.08319999999912397	RippleTimeIntervals					9070.2528	6.347822613193178		
9071.2648	0.05760000000009313	RippleTimeIntervals					9071.299200000001	3.9505724463911367		
9071.5432	0.03360000000066066	RippleTimeIntervals					9071.5632	2.1556377982883954		
9072.0768	0.06079999999928987	RippleTimeIntervals					9072.1144	5.766248904907834		
9073.884	0.03679999999985739	RippleTimeIntervals					9073.8912	0.41172702603333083		
9078.2288	0.03440000000045984	RippleTimeIntervals					9078.2552	1.5162387618154218		
9078.6648	0.0319999999992433	RippleTimeIntervals					9078.683200000001	0.5578206533837125		
9079.0328	0.026399999998830026	RippleTimeIntervals					9079.0416	0.9927551843572927		
9079.6384	0.03679999999985739	RippleTimeIntervals					9079.662400000001	5.576532012867705		
9079.7688	0.03440000000045984	RippleTimeIntervals					9079.796	1.2435286020361769		
9080.0592	0.05760000000009313	RippleTimeIntervals					9080.0808	3.8919164389773786		
9081.052	0.0272000000004482	RippleTimeIntervals					9081.0712	1.7543468566025138		
9083.5216	0.028800000000046566	RippleTimeIntervals					9083.5288	1.316146114182254		
9092.0856	0.05760000000009313	RippleTimeIntervals					9092.132	2.4624020701639258		
9092.908000000001	0.026399999998830026	RippleTimeIntervals					9092.9136	0.9553082753594514		
9096.1344	0.035200000000259024	RippleTimeIntervals					9096.1568	0.8199852420938541		
9097.168	0.03840000000127475	RippleTimeIntervals					9097.199200000001	0.8199774996165575		
9097.8768	0.026400000000649015	RippleTimeIntervals					9097.8888	1.8510732006891317		
9097.9336	0.06240000000070722	RippleTimeIntervals					9097.984	3.2095874535616002		
9098.272	0.03919999999925494	RippleTimeIntervals					9098.284800000001	5.357023058408185		
9102.568000000001	0.07439999999951397	RippleTimeIntervals					9102.576000000001	1.7492153597057927		
9104.683200000001	0.028799999998227577	RippleTimeIntervals					9104.688	0.4003602989307249		
9113.28	0.042400000000270666	RippleTimeIntervals					9113.2936	0.7756089953463197		
9142.7832	0.04560000000128639	RippleTimeIntervals					9142.822400000001	0.5032842521185655		
9157.0592	0.028800000000046566	RippleTimeIntervals					9157.084	0.5219244127796253		
9158.1008	0.0632000000005064	RippleTimeIntervals					9158.1416	0.8497763414256867		
9158.4328	0.021600000000034925	RippleTimeIntervals					9158.437600000001	0.5021806288741647		
9158.4768	0.051199999999880674	RippleTimeIntervals					9158.488000000001	0.4693332573808111		
9158.792000000001	0.08159999999952561	RippleTimeIntervals					9158.8344	0.9289713460111104		
9158.980800000001	0.05040000000008149	RippleTimeIntervals					9159.008	0.5191174034353104		
9159.118400000001	0.02719999999862921	RippleTimeIntervals					9159.1248	0.8607803446423298		
9162.5552	0.026400000000649015	RippleTimeIntervals					9162.5592	0.4749308549549221		
9173.5336	0.03440000000045984	RippleTimeIntervals					9173.5376	0.4868891795031872		
9181.276	0.028000000000247383	RippleTimeIntervals					9181.299200000001	0.5462083094771005		
9187.850400000001	0.03600000000005821	RippleTimeIntervals					9187.879200000001	0.5310525651609517		
9193.5128	0.026400000000649015	RippleTimeIntervals					9193.532000000001	0.5390696161115094		
9202.6496	0.03440000000045984	RippleTimeIntervals					9202.676800000001	0.4356256658484233		
9204.574400000001	0.031199999999444117	RippleTimeIntervals					9204.5992	0.48165523822718204		
9206.016799999998	0.04399999999986903	RippleTimeIntervals					9206.021599999998	0.7625056104956095		
9209.839199999999	0.05279999999947904	RippleTimeIntervals					9209.859999999999	1.9402116174417323		
9219.198399999997	0.031200000001263106	RippleTimeIntervals					9219.206399999997	0.9445887997752946		
9226.194399999998	0.028800000000046566	RippleTimeIntervals					9226.207999999999	3.3941971993705686		
9226.315199999997	0.06480000000010477	RippleTimeIntervals					9226.338399999999	3.35321086150219		
9228.336799999997	0.04640000000108557	RippleTimeIntervals					9228.367199999999	1.8541907560553872		
9228.911199999999	0.030399999999644933	RippleTimeIntervals					9228.929599999998	1.395175022096591		
9232.565599999998	0.031199999999444117	RippleTimeIntervals					9232.585599999999	5.7884815573917905		
9234.499199999998	0.05279999999947904	RippleTimeIntervals					9234.539199999997	3.291136352355776		
9235.850399999998	0.035200000000259024	RippleTimeIntervals					9235.870399999998	4.4312491796386695		
9236.565599999998	0.0272000000004482	RippleTimeIntervals					9236.584799999999	0.6199745089687934		
9236.856799999998	0.020000000000436557	RippleTimeIntervals					9236.861599999998	0.9574600850396529		
9266.184799999997	0.0272000000004482	RippleTimeIntervals					9266.202399999998	1.1532711761056664		
9272.304799999998	0.11759999999958382	RippleTimeIntervals					9272.327999999998	2.6408580764039224		
9272.573599999998	0.03200000000106229	RippleTimeIntervals					9272.577599999999	0.4565277199310909		
9276.158399999998	0.035200000000259024	RippleTimeIntervals					9276.177599999999	0.44694856497357743		
9285.578399999999	0.06639999999970314	RippleTimeIntervals					9285.611199999998	1.1364557706144274		
9301.278399999997	0.06400000000030559	RippleTimeIntervals					9301.330399999999	2.2183407776602366		
9306.465599999998	0.03280000000086147	RippleTimeIntervals					9306.487999999998	3.054458137775073		
9306.567199999998	0.07760000000052969	RippleTimeIntervals					9306.611999999997	4.250357998923371		
9309.303199999998	0.025599999999030842	RippleTimeIntervals					9309.307999999999	0.5198074786865585		
9312.090399999997	0.04400000000168802	RippleTimeIntervals					9312.104799999997	0.9356324128176003		
9315.580799999998	0.026400000000649015	RippleTimeIntervals					9315.583199999997	0.4256745699775667		
9316.488799999997	0.03360000000066066	RippleTimeIntervals					9316.518399999999	0.6079681442271364		
9324.987199999998	0.03360000000066066	RippleTimeIntervals					9325.015999999998	0.7499420120413561		
9325.050399999998	0.035200000000259024	RippleTimeIntervals					9325.077599999999	0.559773532209064		
9325.739199999998	0.05040000000008149	RippleTimeIntervals					9325.747999999998	0.7766453384802725		
9327.017599999997	0.05200000000149885	RippleTimeIntervals					9327.036799999998	1.1592484630930746		
9334.878399999998	0.03920000000107393	RippleTimeIntervals					9334.909599999999	0.540491548618425		
9335.249599999997	0.04320000000006985	RippleTimeIntervals					9335.254399999998	0.5575316217335436		
9336.463999999998	0.048800000000483124	RippleTimeIntervals					9336.482399999999	0.45804788273540864		
9342.994399999998	0.06720000000132131	RippleTimeIntervals					9343.026399999999	0.7628348582643005		
9354.976799999999	0.0319999999992433	RippleTimeIntervals					9354.988799999997	1.0293296698742609		
9363.621599999999	0.035200000000259024	RippleTimeIntervals					9363.635199999999	4.1482426478122525		
9364.919199999998	0.05760000000009313	RippleTimeIntervals					9364.971999999998	0.470740133064243		
9365.587199999998	0.030399999999644933	RippleTimeIntervals					9365.591999999999	0.5734205876699581		
9369.567999999997	0.051199999999880674	RippleTimeIntervals					9369.596799999998	4.143121369444186		
9374.079199999998	0.08879999999953725	RippleTimeIntervals					9374.120799999999	2.2874918447133883		
9374.951999999997	0.03679999999985739	RippleTimeIntervals					9374.967199999997	5.138457686088522		
9376.966399999998	0.06559999999990396	RippleTimeIntervals					9377.002399999998	1.461742356478027		
9377.700799999999	0.030399999999644933	RippleTimeIntervals					9377.714399999999	0.7520862261781079		
9379.394399999997	0.0544000000008964	RippleTimeIntervals					9379.407199999998	4.844346164968864		
9380.107999999998	0.04399999999986903	RippleTimeIntervals					9380.127999999999	0.8726188000484366		
9390.141599999999	0.025599999999030842	RippleTimeIntervals					9390.151999999998	0.42618633445031134		
9399.406399999998	0.026400000000649015	RippleTimeIntervals					9399.428799999998	0.5021787722563822		
9402.015999999998	0.022399999999834108	RippleTimeIntervals					9402.027199999999	0.7625087090461848		
9411.083199999997	0.025600000000849832	RippleTimeIntervals					9411.104799999997	0.40153459758583426		
9411.614399999999	0.03600000000005821	RippleTimeIntervals					9411.623199999998	0.908411685575484		
9412.440799999998	0.03839999999945576	RippleTimeIntervals					9412.449599999998	0.9059899803035188		
9420.874399999999	0.025599999999030842	RippleTimeIntervals					9420.895199999999	0.4899075109218023		
9425.799999999997	0.035200000000259024	RippleTimeIntervals					9425.831199999999	1.103913500886606		
9425.951199999998	0.03600000000005821	RippleTimeIntervals					9425.955999999998	0.7176778611733291		
9426.078399999999	0.02959999999984575	RippleTimeIntervals					9426.099999999999	0.9733709813669628		
9426.285599999997	0.02959999999984575	RippleTimeIntervals					9426.311199999998	0.6283120562080426		
9426.455999999998	0.046399999999266583	RippleTimeIntervals					9426.460799999999	0.5427323783212582		
9427.726399999998	0.020000000000436557	RippleTimeIntervals					9427.731199999998	0.9643691225540034		
9429.677599999999	0.02079999999841675	RippleTimeIntervals					9429.682399999998	0.489476071052841		
9429.816799999999	0.02959999999984575	RippleTimeIntervals					9429.839199999999	0.5110646878375088		
9449.298399999998	0.026400000000649015	RippleTimeIntervals					9449.323199999999	0.40637117838905695		
9454.490399999999	0.03439999999864085	RippleTimeIntervals					9454.507199999998	1.509207128157819		
9474.239199999998	0.0319999999992433	RippleTimeIntervals					9474.249599999997	0.510247689056691		
9481.987999999998	0.025600000000849832	RippleTimeIntervals					9482.008799999998	0.6291535599760006		
9483.518399999999	0.02079999999841675	RippleTimeIntervals					9483.523999999998	0.4083043392839283		
9485.030399999998	0.06559999999990396	RippleTimeIntervals					9485.050399999998	0.9963523366786021		
9486.363999999998	0.04160000000047148	RippleTimeIntervals					9486.370399999998	0.42062979474990525		
9506.839199999999	0.026399999998830026	RippleTimeIntervals					9506.858399999997	0.5079468566963309		
9515.956799999998	0.025600000000849832	RippleTimeIntervals					9515.963999999998	0.625354397199632		
9532.950399999998	0.035200000000259024	RippleTimeIntervals					9532.980799999998	1.8349878193857725		
9543.999999999998	0.05760000000009313	RippleTimeIntervals					9544.038399999998	0.7550950732624954		
9564.403999999999	0.04320000000006985	RippleTimeIntervals					9564.420799999998	1.503440368547928		
9565.122399999998	0.020000000000436557	RippleTimeIntervals					9565.135199999999	0.9618537617404347		
9565.183999999997	0.06480000000010477	RippleTimeIntervals					9565.201599999999	2.687399828570786		
9566.813599999998	0.022399999999834108	RippleTimeIntervals					9566.831199999999	0.8467248295039721		
9578.825599999998	0.05279999999947904	RippleTimeIntervals					9578.870399999998	1.782456780308908		
9584.515199999998	0.02959999999984575	RippleTimeIntervals					9584.536799999998	1.2182738495517054		
9613.855999999998	0.03839999999945576	RippleTimeIntervals					9613.880799999999	1.5979277447427025		
9621.207999999999	0.03600000000005821	RippleTimeIntervals					9621.219999999998	4.087472951773938		
9621.467199999997	0.02080000000023574	RippleTimeIntervals					9621.474399999997	1.424416884385472		
9622.251999999999	0.05040000000008149	RippleTimeIntervals					9622.285599999997	5.1961594898601735		
9623.589599999998	0.060800000001108856	RippleTimeIntervals					9623.595199999998	0.7408122380470313		
9647.105599999999	0.0727999999999156	RippleTimeIntervals					9647.158399999998	2.695938653632703		
9654.801599999999	0.058399999999892316	RippleTimeIntervals					9654.852799999999	0.6175570728315244		
9660.327199999998	0.03679999999985739	RippleTimeIntervals					9660.341599999998	0.5047354979274519		
9660.666399999998	0.09039999999913562	RippleTimeIntervals					9660.735999999999	3.780684806027376		
9661.769599999998	0.024000000001251465	RippleTimeIntervals					9661.786399999999	0.9482846956174472		
9666.122399999998	0.0408000000006723	RippleTimeIntervals					9666.159999999998	1.06843165171294		
9678.349599999998	0.021600000000034925	RippleTimeIntervals					9678.364799999998	0.643804532578556		
9679.162399999997	0.02320000000145228	RippleTimeIntervals					9679.171999999999	1.635080768638207		
9680.269599999998	0.05760000000009313	RippleTimeIntervals					9680.312799999998	1.2631365801472918		
9682.139999999998	0.021600000000034925	RippleTimeIntervals					9682.142399999999	0.523877989164178		
9693.415199999998	0.03280000000086147	RippleTimeIntervals					9693.425599999999	1.419236970358786		
9705.757599999999	0.022399999999834108	RippleTimeIntervals					9705.775999999998	0.4959893872084607		
9706.804799999998	0.047200000000884756	RippleTimeIntervals					9706.819999999998	5.6620706346922445		
9706.956799999998	0.0408000000006723	RippleTimeIntervals					9706.979999999998	5.072876885933239		
9707.115199999998	0.044799999999668216	RippleTimeIntervals					9707.144799999998	3.8524984291317024		
9707.284799999998	0.040000000000873115	RippleTimeIntervals					9707.308799999999	3.5150684567996757		
9709.059199999998	0.02480000000105065	RippleTimeIntervals					9709.079999999998	0.7088014140149211		
9709.820799999998	0.03600000000005821	RippleTimeIntervals					9709.825599999998	0.5100998631341721		
9709.889599999999	0.03919999999925494	RippleTimeIntervals					9709.917599999999	1.3954626011703988		
9711.023999999998	0.037600000001475564	RippleTimeIntervals					9711.054399999999	2.5010913505450003		
9711.118399999998	0.05200000000149885	RippleTimeIntervals					9711.144799999998	5.509071242235203		
9715.863999999998	0.028000000000247383	RippleTimeIntervals					9715.875199999999	3.2762899392143625		
9725.333599999998	0.046399999999266583	RippleTimeIntervals					9725.350399999998	1.6455870430569914		
9726.609599999998	0.0455999999994674	RippleTimeIntervals					9726.632799999998	3.5503202239320184		
9737.090399999997	0.02080000000023574	RippleTimeIntervals					9737.101599999998	1.4585473132006463		
9738.941599999998	0.02959999999984575	RippleTimeIntervals					9738.957599999998	1.6336067787674773		
9740.275999999998	0.023199999999633292	RippleTimeIntervals					9740.283999999998	3.649819006187059		
9740.419999999998	0.10319999999956053	RippleTimeIntervals					9740.431999999999	3.2650110560739094		
9751.375999999998	0.03919999999925494	RippleTimeIntervals					9751.384799999998	0.4872288782258011		
9752.644799999998	0.03280000000086147	RippleTimeIntervals					9752.653599999998	0.4683128133199451		
9772.768799999998	0.0408000000006723	RippleTimeIntervals					9772.783199999998	2.7200799635771755		
9779.162399999997	0.02320000000145228	RippleTimeIntervals					9779.170399999999	2.159398599439568		
9787.339199999999	0.0319999999992433	RippleTimeIntervals					9787.348799999998	0.7394334999948698		
9798.797599999998	0.07760000000052969	RippleTimeIntervals					9798.844799999999	1.7610243534780212		
9802.377599999998	0.0544000000008964	RippleTimeIntervals					9802.418399999999	0.9496106214113155		
9802.555999999999	0.042400000000270666	RippleTimeIntervals					9802.587999999998	1.8068709476254976		
9802.727199999998	0.028000000000247383	RippleTimeIntervals					9802.747999999998	0.6234064877334096		
9807.474399999997	0.03600000000005821	RippleTimeIntervals					9807.495999999997	5.125165546561049		
9807.730399999999	0.07120000000031723	RippleTimeIntervals					9807.771999999999	2.8707999972929397		
9817.160799999998	0.028800000000046566	RippleTimeIntervals					9817.165599999998	1.2711420357659056		
9818.671999999999	0.05040000000008149	RippleTimeIntervals					9818.696799999998	1.2967320798316504		
9825.835199999998	0.03280000000086147	RippleTimeIntervals					9825.856799999998	1.0899270682078481		
9827.641599999999	0.030399999999644933	RippleTimeIntervals					9827.663199999999	0.5108945455448067		
9830.565599999998	0.056000000000494765	RippleTimeIntervals					9830.579999999998	3.1620495576853163		
9838.392799999998	0.030399999999644933	RippleTimeIntervals					9838.411199999999	3.5631086178684463		
9847.059199999998	0.03679999999985739	RippleTimeIntervals					9847.089599999998	0.9804743006566397		
9853.103199999998	0.07600000000093132	RippleTimeIntervals					9853.147199999998	2.7709835355678507		
9857.434399999998	0.0408000000006723	RippleTimeIntervals					9857.457599999998	6.5400086126181405		
9865.775199999998	0.056000000000494765	RippleTimeIntervals					9865.808799999999	6.4763810003654925		
9868.623999999998	0.06240000000070722	RippleTimeIntervals					9868.679199999999	0.7124258982336656		
9875.387999999999	0.030399999999644933	RippleTimeIntervals					9875.405599999998	2.2929616381099636		
9875.591999999999	0.05040000000008149	RippleTimeIntervals					9875.630399999998	3.720400042687622		
9877.583999999999	0.07359999999971478	RippleTimeIntervals					9877.611199999998	3.0531957347211574		
9877.695999999998	0.08320000000094296	RippleTimeIntervals					9877.720799999997	4.1108702430130295		
9882.3224	0.06959999999889988	RippleTimeIntervals					9882.384799999998	1.6975603148450418		
9885.142399999999	0.042400000000270666	RippleTimeIntervals					9885.180799999998	0.5322631882740836		
9888.323199999999	0.02079999999841675	RippleTimeIntervals					9888.339999999998	0.6367029378151787		
9889.573599999998	0.047200000000884756	RippleTimeIntervals					9889.582399999998	0.8996102029088828		
9889.859999999999	0.03919999999925494	RippleTimeIntervals					9889.891999999998	0.5658753517394033		
9890.249599999997	0.04320000000006985	RippleTimeIntervals					9890.289599999998	0.45357095151993426		
9890.491999999998	0.04960000000028231	RippleTimeIntervals					9890.500799999998	0.5033058524039826		
9890.619199999997	0.03920000000107393	RippleTimeIntervals					9890.649599999999	2.0381667298601225		
9891.492799999998	0.0632000000005064	RippleTimeIntervals					9891.530399999998	0.6430023868321517		
9892.554399999999	0.046399999999266583	RippleTimeIntervals					9892.563199999999	0.9854269390782036		
9894.149599999999	0.023999999999432475	RippleTimeIntervals					9894.168799999998	0.4834663313414539		
9897.314399999997	0.06559999999990396	RippleTimeIntervals					9897.320799999998	0.9195168257200739		
9897.950399999998	0.026400000000649015	RippleTimeIntervals					9897.955999999998	0.7197122999620962		
9898.915999999997	0.07440000000133296	RippleTimeIntervals					9898.959999999997	2.0789976309545146		
9899.357599999998	0.035200000000259024	RippleTimeIntervals					9899.384799999998	1.6855182517911544		
9900.110399999998	0.04320000000006985	RippleTimeIntervals					9900.143199999999	1.3438127279727885		
9906.143999999998	0.0319999999992433	RippleTimeIntervals					9906.145599999998	0.4468911513702718		
9906.520799999998	0.03679999999985739	RippleTimeIntervals					9906.524799999997	0.6406389222786574		
9906.716799999998	0.020000000000436557	RippleTimeIntervals					9906.722399999999	0.5457796028500369		
9909.067999999997	0.020000000000436557	RippleTimeIntervals					9909.080799999998	0.9346467790435139		
9911.201599999999	0.05439999999907741	RippleTimeIntervals					9911.236799999999	3.241406028785413		
9913.155199999997	0.05040000000008149	RippleTimeIntervals					9913.199999999999	1.8626833377737397		
9915.724799999998	0.03600000000005821	RippleTimeIntervals					9915.747199999998	5.0808600797388195		
9917.566399999998	0.0632000000005064	RippleTimeIntervals					9917.625599999998	1.2114616394227686		
9918.142399999999	0.03359999999884167	RippleTimeIntervals					9918.154399999998	1.7194728627647031		
9918.803999999998	0.039999999999054126	RippleTimeIntervals					9918.823199999999	0.5099981634654726		
9921.851199999997	0.03920000000107393	RippleTimeIntervals					9921.855999999998	0.8353323066561152		
9928.095199999998	0.07600000000093132	RippleTimeIntervals					9928.157599999999	3.708616324933383		
9928.251199999999	0.03359999999884167	RippleTimeIntervals					9928.267199999998	5.490097598618533		
9931.847999999998	0.09599999999954889	RippleTimeIntervals					9931.896799999999	3.51956169233629		
9932.767999999998	0.053599999999278225	RippleTimeIntervals					9932.791199999998	5.010633974689003		
9934.974399999997	0.03680000000167638	RippleTimeIntervals					9934.999999999998	0.6749183932340691		
9939.174399999998	0.07359999999971478	RippleTimeIntervals					9939.202399999998	4.597439912390744		
9941.455999999998	0.0455999999994674	RippleTimeIntervals					9941.479199999998	3.227737328386749		
9941.767999999998	0.07840000000032887	RippleTimeIntervals					9941.800799999999	3.1322315779101046		
9943.598399999999	0.05519999999887659	RippleTimeIntervals					9943.642399999999	2.0570489185278555		
9945.846399999999	0.042400000000270666	RippleTimeIntervals					9945.853599999999	0.7668769266255323		
9945.935999999998	0.1040000000011787	RippleTimeIntervals					9946.009599999998	2.6398328976478314		
9946.351999999999	0.05679999999847496	RippleTimeIntervals					9946.395999999999	2.0402285372084243		
9947.578399999999	0.05040000000008149	RippleTimeIntervals					9947.616799999998	4.257243920462265		
9952.359999999999	0.0455999999994674	RippleTimeIntervals					9952.375199999999	3.504180301306703		
9959.224799999998	0.0272000000004482	RippleTimeIntervals					9959.226399999998	0.46715032702636544		
9963.123999999998	0.021600000000034925	RippleTimeIntervals					9963.140799999997	0.455137293168825		
9965.777599999998	0.030400000001463923	RippleTimeIntervals					9965.796799999998	0.9087350705234417		
9969.755199999998	0.06160000000090804	RippleTimeIntervals					9969.802399999999	0.7980263131908161		
9971.036799999998	0.046399999999266583	RippleTimeIntervals					9971.059999999998	4.914013954007259		
9973.894399999997	0.051200000001699664	RippleTimeIntervals					9973.937599999997	1.2538568159478958		
9976.902399999999	0.039999999999054126	RippleTimeIntervals					9976.915999999997	2.7019123953719557		
9977.449599999998	0.05040000000008149	RippleTimeIntervals					9977.481599999997	2.64697570501733		
9978.363199999998	0.04320000000006985	RippleTimeIntervals					9978.381599999999	1.430579224850309		
9978.867199999999	0.046399999999266583	RippleTimeIntervals					9978.883999999998	0.9351623877359064		
9980.940799999998	0.046399999999266583	RippleTimeIntervals					9980.975199999999	4.955394194543877		
9981.026399999999	0.03439999999864085	RippleTimeIntervals					9981.047999999999	3.319335943080109		
9985.195999999998	0.03280000000086147	RippleTimeIntervals					9985.209599999998	3.3851887272645436		
9987.902399999999	0.039999999999054126	RippleTimeIntervals					9987.920799999998	4.693561563575735		
9991.931199999999	0.046399999999266583	RippleTimeIntervals					9991.964799999998	4.5971467014080325		
9996.676799999997	0.03280000000086147	RippleTimeIntervals					9996.694399999998	0.6111375224989143		
10007.244799999999	0.051199999999880674	RippleTimeIntervals					10007.268799999998	0.5587199517079267		
10008.323999999999	0.05279999999947904	RippleTimeIntervals					10008.348799999998	0.9466103871848462		
10013.031199999998	0.0272000000004482	RippleTimeIntervals					10013.051199999998	0.8007714307759121		
10018.606399999999	0.03600000000005821	RippleTimeIntervals					10018.628799999999	0.6997730174187552		
10019.267199999998	0.02959999999984575	RippleTimeIntervals					10019.283999999998	0.7641123776314578		
10040.890399999998	0.02080000000023574	RippleTimeIntervals					10040.901599999997	0.7153333457109464		
10040.977599999998	0.08719999999993888	RippleTimeIntervals					10041.017599999997	3.627062125776632		
10041.095199999998	0.03280000000086147	RippleTimeIntervals					10041.117599999998	3.728649669704161		
10044.109599999998	0.05760000000009313	RippleTimeIntervals					10044.159999999998	1.5346885768436818		
10044.264799999999	0.02719999999862921	RippleTimeIntervals					10044.284799999998	0.939437734776747		
10044.963999999998	0.0408000000006723	RippleTimeIntervals					10044.989599999999	2.9258817639634938		
10051.372799999997	0.0544000000008964	RippleTimeIntervals					10051.399999999998	4.527154088532237		
10052.295199999999	0.05199999999967986	RippleTimeIntervals					10052.327199999998	5.243556342505275		
10052.808799999999	0.028800000000046566	RippleTimeIntervals					10052.8224	3.7548645435931376		
10052.934399999998	0.04719999999906577	RippleTimeIntervals					10052.974399999997	0.8195726830534125		
10053.138399999998	0.06719999999950232	RippleTimeIntervals					10053.169599999997	5.943859492627262		
10054.702399999998	0.04800000000068394	RippleTimeIntervals					10054.743199999999	0.953258323399856		
10061.395999999999	0.03439999999864085	RippleTimeIntervals					10061.400799999998	0.48766807531451445		
10068.983999999999	0.03679999999985739	RippleTimeIntervals					10069.014399999998	0.6429810209593604		
10074.369599999998	0.047200000000884756	RippleTimeIntervals					10074.395199999999	2.966830536939328		
10076.591199999999	0.032799999999042484	RippleTimeIntervals					10076.615999999998	0.5527158253385729		
10083.067999999997	0.020000000000436557	RippleTimeIntervals					10083.076	0.6466395446060764		
10084.795199999999	0.037599999999656575	RippleTimeIntervals					10084.825599999998	0.6663163097784527		
10086.235999999999	0.053599999999278225	RippleTimeIntervals					10086.271199999997	0.6540300098280689		
10091.613599999999	0.03600000000005821	RippleTimeIntervals					10091.617599999998	0.41871046305796106		
10094.4456	0.025599999999030842	RippleTimeIntervals					10094.467199999997	0.5577490334857282		
10097.903999999999	0.04320000000006985	RippleTimeIntervals					10097.911999999998	0.5430816581092073		
10099.183999999997	0.025600000000849832	RippleTimeIntervals					10099.202399999998	0.5471743357063499		
10100.619999999999	0.030399999999644933	RippleTimeIntervals					10100.643199999999	0.6547684776977225		
10105.483199999999	0.031199999999444117	RippleTimeIntervals					10105.499199999998	0.5835690725317715		
10107.232799999998	0.04160000000047148	RippleTimeIntervals					10107.267199999998	1.5692319035922295		
10108.955199999999	0.051199999999880674	RippleTimeIntervals					10108.975999999999	0.49564559965105176		
10109.116799999998	0.06240000000070722	RippleTimeIntervals					10109.139199999998	7.321517759676685		
10112.044799999998	0.1040000000011787	RippleTimeIntervals					10112.127199999999	3.4298283203920095		
10113.131199999998	0.04640000000108557	RippleTimeIntervals					10113.148799999999	5.1362218511880835		
10116.711199999998	0.026400000000649015	RippleTimeIntervals					10116.719199999998	0.5686943533455813		
10117.622399999998	0.05760000000009313	RippleTimeIntervals					10117.656799999999	1.8374694026871803		
10118.280799999999	0.028000000000247383	RippleTimeIntervals					10118.294399999999	0.4423104704159096		
10119.827999999998	0.03280000000086147	RippleTimeIntervals					10119.845599999999	2.9453266819109323		
10122.430399999997	0.02480000000105065	RippleTimeIntervals					10122.4384	0.5351572152277136		
10124.781599999998	0.035200000000259024	RippleTimeIntervals					10124.797599999998	4.916808609467858		
10124.879199999998	0.08880000000135624	RippleTimeIntervals					10124.932799999999	0.7187633250528913		
10125.914399999998	0.030399999999644933	RippleTimeIntervals					10125.936799999998	0.41235610466692		
10126.508799999998	0.0632000000005064	RippleTimeIntervals					10126.551199999998	1.5725023961946483		
10128.602399999998	0.042400000000270666	RippleTimeIntervals					10128.630399999998	2.409879662274714		
10129.541599999999	0.08239999999932479	RippleTimeIntervals					10129.580799999998	3.0898576965029307		
10129.96	0.03439999999864085	RippleTimeIntervals					10129.964799999998	0.7700928813284351		
10130.301599999999	0.05040000000008149	RippleTimeIntervals					10130.327999999998	3.3787068073612576		
10137.686399999999	0.02479999999923166	RippleTimeIntervals					10137.707199999999	0.4017231216906066		
10149.783199999998	0.03360000000066066	RippleTimeIntervals					10149.809599999999	0.5086210686814006		
10159.071999999998	0.048800000000483124	RippleTimeIntervals					10159.111999999997	2.0917403704415314		
10159.186399999999	0.06319999999868742	RippleTimeIntervals					10159.230399999999	0.7124998829767069		
10165.353599999999	0.04160000000047148	RippleTimeIntervals					10165.375199999999	4.923141838541212		
10166.692	0.127199999998993	RippleTimeIntervals					10166.785599999997	2.4108456237663423		
10168.154399999998	0.020000000000436557	RippleTimeIntervals					10168.159199999998	0.5858615059911269		
10168.554399999999	0.04959999999846332	RippleTimeIntervals					10168.569599999999	3.7686191050554334		
10169.305599999998	0.06559999999990396	RippleTimeIntervals					10169.337599999999	1.2946546878125178		
10171.893599999998	0.05920000000151049	RippleTimeIntervals					10171.916799999999	3.366601319796397		
10172.414399999998	0.04320000000006985	RippleTimeIntervals					10172.424799999999	5.111926885277278		
10174.150399999999	0.021600000000034925	RippleTimeIntervals					10174.160799999998	1.430415439125307		
10176.687199999998	0.05999999999949068	RippleTimeIntervals					10176.729599999999	2.5328831149389526		
10182.152799999998	0.028000000000247383	RippleTimeIntervals					10182.167199999998	5.879049376273089		
10183.488799999997	0.06400000000030559	RippleTimeIntervals					10183.499999999998	2.2479664173221003		
10188.591999999999	0.03359999999884167	RippleTimeIntervals					10188.606399999999	0.6674912886844974		
10191.444799999997	0.04640000000108557	RippleTimeIntervals					10191.465599999998	0.497876274910252		
10191.564799999998	0.028800000000046566	RippleTimeIntervals					10191.590399999997	0.41433802906203676		
10193.599999999999	0.04719999999906577	RippleTimeIntervals					10193.631199999998	4.6575876540191254		
10194.503199999997	0.02480000000105065	RippleTimeIntervals					10194.519999999999	1.3410878946022953		
10194.593599999998	0.04719999999906577	RippleTimeIntervals					10194.609599999998	5.511503055036751		
10195.268799999998	0.022399999999834108	RippleTimeIntervals					10195.286399999999	0.4619948684809465		
10196.652799999998	0.04800000000068394	RippleTimeIntervals					10196.683199999998	2.37911862119331		
10199.563199999999	0.037599999999656575	RippleTimeIntervals					10199.578399999999	4.159316371274765		
10203.138399999998	0.03679999999985739	RippleTimeIntervals					10203.152799999998	3.3580227961735836		
10206.668799999998	0.047200000000884756	RippleTimeIntervals					10206.708799999999	0.4956472387011513		
10207.195199999998	0.02080000000023574	RippleTimeIntervals					10207.199999999999	0.5178181418739446		
10207.932799999999	0.12960000000020955	RippleTimeIntervals					10208.055999999999	1.4771835435865075		
10209.235999999999	0.026399999998830026	RippleTimeIntervals					10209.243999999999	1.0824605915625962		
10215.052799999998	0.031200000001263106	RippleTimeIntervals					10215.059999999998	0.7541541970599446		
10219.367199999997	0.047200000000884756	RippleTimeIntervals					10219.398399999998	1.2886994050156952		
10228.2568	0.04320000000006985	RippleTimeIntervals					10228.272799999999	2.7387869353951415		
10238.016799999998	0.05280000000129803	RippleTimeIntervals					10238.059199999998	0.6238897100279618		
10238.759999999998	0.04959999999846332	RippleTimeIntervals					10238.802399999999	0.822389450193959		
10247.212799999998	0.021600000000034925	RippleTimeIntervals					10247.223199999999	1.150651891894094		
10248.898399999998	0.0544000000008964	RippleTimeIntervals					10248.904799999998	0.6191938204189773		
10249.968799999999	0.06799999999930151	RippleTimeIntervals					10250.007999999998	0.7933238222353513		
10263.316799999997	0.03200000000106229	RippleTimeIntervals					10263.344799999999	0.4431021972163384		
10267.222399999999	0.06159999999908905	RippleTimeIntervals					10267.279199999997	0.5895831396759094		
10268.630399999998	0.03600000000005821	RippleTimeIntervals					10268.6328	0.5057582078147332		
10272.239199999998	0.04320000000006985	RippleTimeIntervals					10272.2784	0.6078403306806678		
10273.577599999997	0.03840000000127475	RippleTimeIntervals					10273.5824	0.7763511743780644		
10274.471999999998	0.02959999999984575	RippleTimeIntervals					10274.491199999999	0.7360586812516848		
10281.659999999998	0.02959999999984575	RippleTimeIntervals					10281.6832	0.4428928868481708		
10281.946399999997	0.03200000000106229	RippleTimeIntervals					10281.953599999997	0.5192335009808345		
10299.208799999999	0.03360000000066066	RippleTimeIntervals					10299.238399999998	0.5798119615499855		
10300.891199999998	0.022399999999834108	RippleTimeIntervals					10300.8936	0.5140323669007305		
10313.595999999998	0.020000000000436557	RippleTimeIntervals					10313.6112	0.6695674110508034		
10313.909599999999	0.12639999999919382	RippleTimeIntervals					10314.028799999998	0.6721524571365278		
10319.056799999998	0.03359999999884167	RippleTimeIntervals					10319.064799999998	0.9262435860651256		
10319.150399999999	0.03919999999925494	RippleTimeIntervals					10319.169599999997	1.4701690750018341		
10326.019199999999	0.07679999999891152	RippleTimeIntervals					10326.067199999998	2.9263859642474794		
10328.294399999999	0.13839999999981956	RippleTimeIntervals					10328.408799999997	8.874439215864959		
10329.616799999998	0.053600000001097214	RippleTimeIntervals					10329.6256	3.6971173250714626		
10329.744799999999	0.04159999999865249	RippleTimeIntervals					10329.768799999998	3.7085310934086584		
10329.869599999998	0.02080000000023574	RippleTimeIntervals					10329.882399999999	1.68960905682343		
10337.151199999998	0.028800000000046566	RippleTimeIntervals					10337.170399999999	1.3461537667894397		
10337.275199999998	0.035200000000259024	RippleTimeIntervals					10337.293599999997	5.09160188361418		
10339.576799999999	0.02479999999923166	RippleTimeIntervals					10339.590399999997	3.8742819149576224		
10343.004799999999	0.04079999999885331	RippleTimeIntervals					10343.013599999998	1.2926816056698462		
10345.509599999998	0.03680000000167638	RippleTimeIntervals					10345.527199999999	3.04975272951494		
10350.040799999999	0.0319999999992433	RippleTimeIntervals					10350.065599999998	1.173074219191536		
10351.861599999998	0.05680000000029395	RippleTimeIntervals					10351.882399999999	6.174169272047582		
10352.811199999998	0.05680000000029395	RippleTimeIntervals					10352.8576	3.339429682750695		
10363.282399999998	0.02080000000023574	RippleTimeIntervals					10363.295999999998	1.5491325225756918		
10370.358399999997	0.06000000000130967	RippleTimeIntervals					10370.395999999997	3.3950645241219974		
10370.583999999999	0.07279999999809661	RippleTimeIntervals					10370.629599999998	4.468945440960119		
10376.195199999998	0.09920000000056461	RippleTimeIntervals					10376.261599999998	2.962246177402102		
10376.341599999998	0.07520000000113214	RippleTimeIntervals					10376.387199999997	5.415828505964314		
10376.5392	0.02959999999802676	RippleTimeIntervals					10376.547199999997	1.5563037874983243		
10376.6256	0.0319999999992433	RippleTimeIntervals					10376.6544	0.6994939688791059		
10378.007199999998	0.02959999999984575	RippleTimeIntervals					10378.011999999999	0.4725466733413643		
10381.9672	0.053599999999278225	RippleTimeIntervals					10381.996	2.4683927062329465		
10401.950399999998	0.1000000000003638	RippleTimeIntervals					10402.025599999997	3.1092660020759597		
10402.878399999998	0.03360000000066066	RippleTimeIntervals					10402.905599999998	1.0316399426540965		
10411.711199999998	0.02960000000166474	RippleTimeIntervals					10411.7136	0.46647472805677154		
10411.875199999999	0.020000000000436557	RippleTimeIntervals					10411.891199999998	0.9775220665785919		
10412.0536	0.08319999999912397	RippleTimeIntervals					10412.099199999997	0.9030701810848275		
10412.209599999998	0.04079999999885331	RippleTimeIntervals					10412.234399999998	0.6742939625266842		
10415.374399999997	0.03680000000167638	RippleTimeIntervals					10415.391999999998	0.7257164268570506		
10416.136799999998	0.04640000000108557	RippleTimeIntervals					10416.150399999999	3.7821777538193655		
10421.231999999998	0.035200000000259024	RippleTimeIntervals					10421.239999999998	1.8012233179986135		
10423.909599999999	0.028800000000046566	RippleTimeIntervals					10423.931199999999	0.6074197555292197		
10424.059199999998	0.048800000000483124	RippleTimeIntervals					10424.078399999999	4.871009051091351		
10433.145599999998	0.08159999999952561	RippleTimeIntervals					10433.203199999998	0.8134583193777406		
10436.913599999998	0.028800000000046566	RippleTimeIntervals					10436.926399999998	0.6855542841319962		
10437.133599999997	0.04640000000108557	RippleTimeIntervals					10437.1616	4.299033804734931		
10437.695999999998	0.07760000000052969	RippleTimeIntervals					10437.712	2.39697088627076		
10438.339199999999	0.037599999999656575	RippleTimeIntervals					10438.373599999999	0.5731999257130188		
10441.552799999998	0.12320000000181608	RippleTimeIntervals					10441.576799999999	1.6337522720192872		
10443.755999999998	0.028800000000046566	RippleTimeIntervals					10443.783199999998	0.46383354260524284		
10445.052799999998	0.047200000000884756	RippleTimeIntervals					10445.072799999998	7.033239047156624		
10449.7336	0.037599999999656575	RippleTimeIntervals					10449.766399999999	0.7499330431901887		
10449.844799999999	0.04079999999885331	RippleTimeIntervals					10449.849599999998	0.5749113596369494		
10453.573599999998	0.05920000000151049	RippleTimeIntervals					10453.6256	0.8019753270390014		
10455.5752	0.10399999999935972	RippleTimeIntervals					10455.653599999998	4.638088815279554		
10456.3792	0.04559999999764841	RippleTimeIntervals					10456.411999999998	1.201990481165171		
10456.895999999997	0.07920000000012806	RippleTimeIntervals					10456.923199999997	3.7043314452234775		
10461.042399999998	0.027999999998428393	RippleTimeIntervals					10461.063199999999	0.4683266768341814		
10461.223999999998	0.026399999998830026	RippleTimeIntervals					10461.246399999998	0.45254312373432753		
10461.303999999998	0.022399999999834108	RippleTimeIntervals					10461.307999999997	0.47711214456073076		
10462.139199999998	0.024000000001251465	RippleTimeIntervals					10462.150399999999	0.7434152645148648		
10467.685599999997	0.031200000001263106	RippleTimeIntervals					10467.712799999998	0.5534239735330335		
10469.543999999998	0.09760000000096625	RippleTimeIntervals					10469.623999999998	0.9658806551965108		
10471.793599999997	0.09440000000176951	RippleTimeIntervals					10471.836	1.055337858888597		
10481.260799999998	0.04320000000006985	RippleTimeIntervals					10481.283199999998	2.5463477254141		
10481.335199999998	0.021600000000034925	RippleTimeIntervals					10481.343999999997	0.9341856582811502		
10485.626399999997	0.06000000000130967	RippleTimeIntervals					10485.673599999998	2.3715735191090954		
10485.725599999998	0.04560000000128639	RippleTimeIntervals					10485.747199999998	4.922629776643612		
10489.2208	0.07439999999951397	RippleTimeIntervals					10489.271999999997	1.4282739029371971		
10490.523999999998	0.04320000000006985	RippleTimeIntervals					10490.543999999998	3.2681002582572436		
10491.831999999999	0.040000000000873115	RippleTimeIntervals					10491.847999999998	5.259176508186181		
10491.895199999999	0.031199999999444117	RippleTimeIntervals					10491.908799999997	3.4457940342059974		
10500.955199999999	0.07359999999971478	RippleTimeIntervals					10500.96	0.6022103213042075		
10501.051999999998	0.031199999999444117	RippleTimeIntervals					10501.0608	0.4361285292574014		
10502.288799999998	0.0544000000008964	RippleTimeIntervals					10502.320799999998	0.5468410642611282		
10506.212	0.02239999999801512	RippleTimeIntervals					10506.2264	0.5328338762465727		
10510.2136	0.031199999999444117	RippleTimeIntervals					10510.238399999998	0.6240065331044042		
10510.960799999997	0.04560000000128639	RippleTimeIntervals					10510.990399999999	0.511088485720363		
10515.766399999999	0.0503999999982625	RippleTimeIntervals					10515.803199999998	0.7485567900483826		
10516.200799999999	0.04160000000047148	RippleTimeIntervals					10516.2064	0.5278425345418689		
10516.345599999997	0.02080000000205473	RippleTimeIntervals					10516.361599999998	0.6381999905587351		
10518.304799999998	0.028000000000247383	RippleTimeIntervals					10518.311199999998	0.6373138612806354		
10521.327999999998	0.0319999999992433	RippleTimeIntervals					10521.336	0.40629395058887974		
10524.795199999999	0.09519999999974971	RippleTimeIntervals					10524.851999999999	0.43624164344613386		
10527.520799999998	0.03679999999985739	RippleTimeIntervals					10527.539999999997	0.4919306589542056		
10529.8	0.031199999997625127	RippleTimeIntervals					10529.802399999999	0.44360626557986116		
10531.456799999998	0.02080000000023574	RippleTimeIntervals					10531.462399999999	0.5994151458673967		
10539.769599999998	0.031199999999444117	RippleTimeIntervals					10539.791199999998	1.3200090354139342		
10541.3072	0.042399999998451676	RippleTimeIntervals					10541.322399999997	0.45954347631437803		
10544.291199999998	0.02959999999984575	RippleTimeIntervals					10544.312799999998	0.6948887634053672		
10545.033599999999	0.027999999998428393	RippleTimeIntervals					10545.057599999998	0.442077021195709		
10552.715199999999	0.023199999999633292	RippleTimeIntervals					10552.734399999998	0.6668926270657765		
10553.551999999998	0.05680000000029395	RippleTimeIntervals					10553.604799999997	0.47477835816266134		
10554.4512	0.027999999998428393	RippleTimeIntervals					10554.46	0.5109345440881699		
10554.574399999998	0.030399999999644933	RippleTimeIntervals					10554.600799999998	0.705378649332539		
10554.919199999998	0.042400000000270666	RippleTimeIntervals					10554.9512	0.5695343309366462		
10556.117599999998	0.05199999999967986	RippleTimeIntervals					10556.120799999997	0.5342168134196501		
10571.622399999998	0.021600000000034925	RippleTimeIntervals					10571.636799999998	0.4366697397124144		
10575.665599999998	0.03200000000106229	RippleTimeIntervals					10575.680799999998	3.0280120045622803		
10582.559199999998	0.023999999999432475	RippleTimeIntervals					10582.5824	0.5419913177252892		
10584.466399999998	0.05680000000029395	RippleTimeIntervals					10584.499999999998	0.41790006181602535		
10587.092799999999	0.025600000000849832	RippleTimeIntervals					10587.094399999998	0.5902475463586528		
10587.685599999997	0.044800000001487206	RippleTimeIntervals					10587.6904	0.4298614092209591		
10587.803199999998	0.062399999998888234	RippleTimeIntervals					10587.861599999998	0.4736838304587155		
10592.559999999998	0.02479999999923166	RippleTimeIntervals					10592.571999999998	1.1173494163769218		
10611.14	0.025599999999030842	RippleTimeIntervals					10611.1616	0.48772536082447476		
10611.271999999997	0.025600000000849832	RippleTimeIntervals					10611.291199999998	0.4818471794734199		
10615.257599999997	0.03920000000107393	RippleTimeIntervals					10615.279199999997	0.5517041628234024		
10625.027199999999	0.07519999999931315	RippleTimeIntervals					10625.032	0.5727455919509036		
10625.183999999997	0.04320000000006985	RippleTimeIntervals					10625.217599999998	0.4201254163066711		
10625.616799999998	0.05439999999907741	RippleTimeIntervals					10625.659999999998	0.8733777401804887		
10626.153599999998	0.03680000000167638	RippleTimeIntervals					10626.166399999998	0.6325219540450179		
10626.289599999998	0.03439999999864085	RippleTimeIntervals					10626.313599999998	0.9512727992031876		
10629.062399999999	0.035199999998440035	RippleTimeIntervals					10629.0896	0.6681181475654601		
10631.022399999998	0.047200000000884756	RippleTimeIntervals					10631.064799999998	0.4183931392034943		
10631.313599999998	0.026400000000649015	RippleTimeIntervals					10631.315999999999	0.4217409043548295		
10637.166399999998	0.06559999999990396	RippleTimeIntervals					10637.207199999997	0.8892395276175192		
10643.084799999997	0.02480000000105065	RippleTimeIntervals					10643.088799999998	0.48157129933870313		
10648.135199999997	0.07120000000213622	RippleTimeIntervals					10648.139199999998	0.5486733897717924		
10650.882399999999	0.051199999999880674	RippleTimeIntervals					10650.908	0.5648277965227295		
10651.500799999998	0.022399999999834108	RippleTimeIntervals					10651.515999999998	0.6228790896595521		
10652.302399999999	0.02959999999984575	RippleTimeIntervals					10652.306399999998	0.6429422174112078		
10656.134399999999	0.025599999999030842	RippleTimeIntervals					10656.155199999997	0.7876546956645814		
10659.124799999998	0.024000000001251465	RippleTimeIntervals					10659.129599999998	0.725101987390461		
10659.349599999998	0.021600000000034925	RippleTimeIntervals					10659.366399999999	0.4634959347986277		
10659.552	2203.807966666667	epochs	fCamk1_200904_120435	Maze	Linear maze	uLED random stim				
10662.241599999998	0.028000000000247383	RippleTimeIntervals					10662.251999999999	0.726525049065095		
10664.281599999998	0.023999999999432475	RippleTimeIntervals					10664.297599999998	0.9491439309980042		
10665.759999999998	0.035200000000259024	RippleTimeIntervals					10665.776799999998	0.5112611393981458		
10672.3936	0.023199999999633292	RippleTimeIntervals					10672.401599999997	0.9202770314528458		
10683.503999999997	0.06240000000070722	RippleTimeIntervals					10683.561599999997	0.5192222882384808		
10686.934399999998	0.026399999998830026	RippleTimeIntervals					10686.942399999998	1.0686593891396086		
10687.858399999997	0.020000000000436557	RippleTimeIntervals					10687.863999999998	0.8298616461373126		
10688.1328	0.035199999998440035	RippleTimeIntervals					10688.163999999997	1.0550925254952521		
10689.153599999998	0.030399999999644933	RippleTimeIntervals					10689.160799999998	0.7212586456113407		
10690.327999999998	0.030399999999644933	RippleTimeIntervals					10690.351999999999	0.7345528169548442		
10701.5176	0.04320000000006985	RippleTimeIntervals					10701.538399999998	1.8979805467813853		
10703.012799999999	0.06240000000070722	RippleTimeIntervals					10703.070399999999	0.8272108100360408		
10703.7424	0.09039999999913562	RippleTimeIntervals					10703.818399999998	2.817144398199444		
10709.529599999998	0.03440000000045984	RippleTimeIntervals					10709.542399999998	1.7845534651556183		
10710.385599999998	0.06079999999928987	RippleTimeIntervals					10710.435999999998	4.464818471031974		
10712.923199999997	0.053600000001097214	RippleTimeIntervals					10712.9656	1.4332437986009563		
10714.208799999999	0.08479999999872234	RippleTimeIntervals					10714.216799999998	0.6451108015730418		
10714.996799999997	0.03920000000107393	RippleTimeIntervals					10715.025599999997	0.7348479533300375		
10715.5464	0.02079999999841675	RippleTimeIntervals					10715.547999999999	0.5014760372274237		
10715.631199999998	0.02480000000105065	RippleTimeIntervals					10715.651999999998	0.4116981382858964		
10717.453599999997	0.031200000001263106	RippleTimeIntervals					10717.459199999998	0.5178691181117306		
10717.8216	0.023199999999633292	RippleTimeIntervals					10717.826399999998	0.5019659006325199		
10718.114399999999	0.028800000000046566	RippleTimeIntervals					10718.119999999999	0.4357119337827502		
10718.576799999999	0.028800000000046566	RippleTimeIntervals					10718.598399999999	0.4418073014142718		
10720.172799999998	0.021600000000034925	RippleTimeIntervals					10720.186399999999	0.7058790173686385		
10721.898399999998	0.023199999999633292	RippleTimeIntervals					10721.912799999998	0.5803597663683808		
10722.155199999997	0.035200000002078013	RippleTimeIntervals					10722.1832	0.49953180657940915		
10743.7944	0.11119999999937136	UpDownStatesTimeIntervals							UP	
10744.0	8.0	SleepStates								NREMstate
10744.1928	0.048799999998664134	UpDownStatesTimeIntervals							DOWN	
10744.4368	0.2584000000006199	UpDownStatesTimeIntervals							UP	
10745.5144	0.23760000000038417	UpDownStatesTimeIntervals							UP	
10745.8312	0.08399999999892316	UpDownStatesTimeIntervals							DOWN	
10746.0848	0.15599999999903957	UpDownStatesTimeIntervals							UP	
10746.455999999998	0.030399999999644933	RippleTimeIntervals					10746.4816	0.5236500652010511		
10746.6144	0.20639999999912106	UpDownStatesTimeIntervals							UP	
10746.641599999999	0.031199999999444117	RippleTimeIntervals					10746.660799999998	0.8979998226112612		
10747.448	0.1639999999988504	UpDownStatesTimeIntervals							UP	
10749.0816	0.10239999999976135	UpDownStatesTimeIntervals							UP	
10749.6336	0.08320000000094296	UpDownStatesTimeIntervals							UP	
10750.1432	0.1279999999987922	UpDownStatesTimeIntervals							UP	
10750.7872	0.16640000000006694	UpDownStatesTimeIntervals							UP	
10751.4848	0.10800000000017462	UpDownStatesTimeIntervals							UP	
10752.1872	0.12160000000039872	UpDownStatesTimeIntervals							UP	
10753.0	3848.0	SleepStates								WAKEstate
10758.051199999998	0.025600000000849832	RippleTimeIntervals					10758.072799999998	0.41009761142480583		
10774.918399999999	0.03280000000086147	RippleTimeIntervals					10774.923999999999	0.43256049286237713		
10779.599199999997	0.03280000000086147	RippleTimeIntervals					10779.623999999998	0.7850525892552935		
10785.336	0.0319999999992433	RippleTimeIntervals					10785.339999999998	0.48564398334165226		
10792.950399999998	0.05520000000069558	RippleTimeIntervals					10792.983999999999	0.45010062036219645		
10818.48	0.03599999999823922	RippleTimeIntervals					10818.483999999999	0.5267438924815442		
10823.667199999998	0.031199999999444117	RippleTimeIntervals					10823.692	0.5822455493025932		
10833.0504	0.20720000000073924	UpDownStatesTimeIntervals							UP	
10833.6016	0.136000000000422	UpDownStatesTimeIntervals							UP	
10836.3912	0.14880000000084692	UpDownStatesTimeIntervals							UP	
10836.4728	0.02719999999862921	RippleTimeIntervals					10836.492799999998	0.4083623614759262		
10837.2336	0.127200000000812	UpDownStatesTimeIntervals							UP	
10837.8512	0.12319999999999709	UpDownStatesTimeIntervals							UP	
10838.4168	0.1087999999999738	UpDownStatesTimeIntervals							UP	
10839.2648	0.10559999999895808	UpDownStatesTimeIntervals							UP	
10839.8016	0.15279999999984284	UpDownStatesTimeIntervals							UP	
10840.4032	0.1415999999990163	UpDownStatesTimeIntervals							UP	
10841.4368	0.11920000000100117	UpDownStatesTimeIntervals							UP	
10841.904	0.03439999999864085	UpDownStatesTimeIntervals							DOWN	
10842.3384	0.16319999999905122	UpDownStatesTimeIntervals							UP	
10842.5992	0.29439999999885913	UpDownStatesTimeIntervals							DOWN	
10842.8936	0.16640000000006694	UpDownStatesTimeIntervals							UP	
10843.3984	0.2000000000007276	UpDownStatesTimeIntervals							UP	
10843.94	0.16159999999945285	UpDownStatesTimeIntervals							UP	
10850.3368	0.1456000000016502	UpDownStatesTimeIntervals							UP	
10850.8784	0.22080000000096334	UpDownStatesTimeIntervals							UP	
10851.5496	0.18720000000030268	UpDownStatesTimeIntervals							UP	
10852.6256	0.14240000000063446	UpDownStatesTimeIntervals							UP	
10853.2072	0.09039999999913562	UpDownStatesTimeIntervals							UP	
10854.0168	0.12880000000041036	UpDownStatesTimeIntervals							UP	
10854.4984	0.10959999999977299	UpDownStatesTimeIntervals							UP	
10854.8712	0.45679999999993015	UpDownStatesTimeIntervals							UP	
10855.0896	0.037599999999656575	RippleTimeIntervals					10855.101599999998	0.6215556809204672		
10855.4304	0.07360000000153377	UpDownStatesTimeIntervals							DOWN	
10855.7496	0.10560000000077707	UpDownStatesTimeIntervals							UP	
10859.3368	0.1816000000017084	UpDownStatesTimeIntervals							UP	
10860.0632	0.08239999999932479	UpDownStatesTimeIntervals							DOWN	
10860.4816	0.1408000000010361	UpDownStatesTimeIntervals							UP	
10861.2128	0.1912000000011176	UpDownStatesTimeIntervals							UP	
10861.7112	0.33359999999993306	UpDownStatesTimeIntervals							UP	
10862.5472	0.22239999999874271	UpDownStatesTimeIntervals							UP	
10863.4128	0.1407999999992171	UpDownStatesTimeIntervals							UP	
10864.2648	0.28479999999944994	UpDownStatesTimeIntervals							UP	
10864.9424	0.1496000000006461	UpDownStatesTimeIntervals							UP	
10865.8712	0.1368000000002212	UpDownStatesTimeIntervals							UP	
10866.9024	0.14639999999963038	UpDownStatesTimeIntervals							UP	
10868.0608	0.2360000000007858	UpDownStatesTimeIntervals							UP	
10868.604	0.14480000000003201	UpDownStatesTimeIntervals							UP	
10869.084	0.24479999999857682	UpDownStatesTimeIntervals							UP	
10869.7008	0.1728000000002794	UpDownStatesTimeIntervals							UP	
10870.5968	0.15999999999985448	UpDownStatesTimeIntervals							UP	
10870.676799999997	0.06240000000070722	RippleTimeIntervals					10870.683999999997	0.8599450030819644		
10871.308	0.10319999999956053	UpDownStatesTimeIntervals							UP	
10875.0744	0.3168000000005122	UpDownStatesTimeIntervals							UP	
10875.6992	0.16000000000167347	UpDownStatesTimeIntervals							UP	
10876.2712	0.12480000000141445	UpDownStatesTimeIntervals							UP	
10876.9384	0.14640000000144937	UpDownStatesTimeIntervals							UP	
10877.5272	0.30719999999928405	UpDownStatesTimeIntervals							UP	
10878.2192	0.0864000000001397	UpDownStatesTimeIntervals							DOWN	
10879.0176	0.1496000000006461	UpDownStatesTimeIntervals							UP	
10879.276	0.07359999999971478	UpDownStatesTimeIntervals							DOWN	
10893.282399999998	0.022399999999834108	RippleTimeIntervals					10893.291999999998	0.6319311255675157		
10904.535999999998	0.023999999999432475	RippleTimeIntervals					10904.544799999998	0.5343343807098042		
10905.583999999999	0.0272000000004482	RippleTimeIntervals					10905.604799999997	0.7937802694903741		
10930.946399999997	0.020000000000436557	RippleTimeIntervals					10930.953599999997	0.5325048513679641		
10940.673599999998	0.022399999999834108	RippleTimeIntervals					10940.692	0.45842261964496844		
10956.270399999998	0.031200000001263106	RippleTimeIntervals					10956.275999999998	0.5450986590686684		
10956.898399999998	0.037599999999656575	RippleTimeIntervals					10956.902399999999	0.570376169757617		
10968.450399999998	0.021600000000034925	RippleTimeIntervals					10968.464799999998	0.4710410941177606		
10976.3288	0.04399999999805004	RippleTimeIntervals					10976.354399999998	0.8821513676927291		
10986.908799999997	0.031200000001263106	RippleTimeIntervals					10986.931199999999	0.49682311364095466		
10995.547999999999	0.02959999999984575	RippleTimeIntervals					10995.555999999999	0.527576500755991		
10995.9296	0.030399999999644933	RippleTimeIntervals					10995.934399999998	0.41480854698689534		
11003.284799999998	0.021600000000034925	RippleTimeIntervals					11003.295199999999	0.5750031868718056		
11032.971999999998	0.04160000000047148	RippleTimeIntervals					11032.991999999998	2.1606359270746593		
11088.479199999998	0.031200000001263106	RippleTimeIntervals					11088.487999999998	0.6831146330316913		
11111.818399999998	0.028800000000046566	RippleTimeIntervals					11111.839999999998	0.6272890408787419		
11119.120799999997	0.03440000000045984	RippleTimeIntervals					11119.1256	0.47886757245674366		
11133.453599999997	0.035200000002078013	RippleTimeIntervals					11133.484799999998	0.42072270457953626		
11148.579999999998	0.025600000000849832	RippleTimeIntervals					11148.5968	0.5986922187281891		
11159.336	0.037599999999656575	RippleTimeIntervals					11159.369599999998	0.4642260161775596		
11175.335199999998	0.04800000000068394	RippleTimeIntervals					11175.376799999998	0.5279022782727115		
11182.904799999998	0.04399999999986903	RippleTimeIntervals					11182.913599999998	2.0568271059999965		
11211.7856	0.02239999999801512	RippleTimeIntervals					11211.789599999998	0.4926797941172883		
11216.427999999998	0.021600000000034925	RippleTimeIntervals					11216.441599999998	1.2075967891572756		
11227.282399999998	0.0591999999996915	RippleTimeIntervals					11227.306399999998	1.0814445675317508		
11232.6688	0.039999999999054126	RippleTimeIntervals					11232.671199999997	0.41126235324979205		
11303.442399999998	0.0408000000006723	RippleTimeIntervals					11303.467999999997	0.5728716196660117		
11327.971199999998	0.026400000000649015	RippleTimeIntervals					11327.978399999998	0.41753969243939676		
11340.867999999999	0.02079999999841675	RippleTimeIntervals					11340.879999999997	0.5968052153091016		
11355.724799999998	0.04320000000006985	RippleTimeIntervals					11355.753599999998	1.2359763375318173		
11356.507999999998	0.028800000000046566	RippleTimeIntervals					11356.526399999999	2.956650448218063		
11358.052799999998	0.04160000000047148	RippleTimeIntervals					11358.064799999998	0.77202275414092		
11361.131999999998	0.0272000000004482	RippleTimeIntervals					11361.155199999997	0.47117728241799356		
11364.2352	0.04079999999885331	RippleTimeIntervals					11364.243199999997	0.673337356550059		
11412.919199999998	0.03920000000107393	RippleTimeIntervals					11412.939999999999	0.46335596189158207		
11457.487999999998	0.028800000000046566	RippleTimeIntervals					11457.513599999998	0.601422747764201		
11488.025599999997	0.02080000000205473	RippleTimeIntervals					11488.034399999999	0.7073160820442317		
11503.412799999998	0.020000000000436557	RippleTimeIntervals					11503.416799999999	0.5327384402848971		
11539.620799999997	0.04080000000249129	RippleTimeIntervals					11539.633599999997	0.6855412794670617		
11570.802399999999	0.0408000000006723	RippleTimeIntervals					11570.815199999997	3.9896833651338763		
11572.6904	0.04079999999885331	RippleTimeIntervals					11572.730399999999	0.5072130008881378		
11573.764799999997	0.04800000000068394	RippleTimeIntervals					11573.787999999999	0.5267736258485977		
11574.595999999998	0.02960000000166474	RippleTimeIntervals					11574.601599999998	0.42564538782008987		
11582.849599999998	0.05280000000129803	RippleTimeIntervals					11582.876799999998	4.384988857479669		
11608.068799999997	0.051200000001699664	RippleTimeIntervals					11608.107199999999	1.836582993413086		
11608.366399999999	0.042399999998451676	RippleTimeIntervals					11608.381599999997	5.27097318882966		
11612.117599999998	0.042400000000270666	RippleTimeIntervals					11612.1256	4.85252988145903		
11613.851999999999	0.02239999999801512	RippleTimeIntervals					11613.870399999998	0.592478557507363		
11615.344799999999	0.03839999999945576	RippleTimeIntervals					11615.355199999998	5.308777068083353		
11663.248799999998	0.03280000000086147	RippleTimeIntervals					11663.280799999999	0.5902682092713261		
11670.898399999998	0.022399999999834108	RippleTimeIntervals					11670.913599999998	1.2221896373526142		
11677.5824	0.03439999999864085	RippleTimeIntervals					11677.586399999998	0.4056753467435057		
11681.3432	0.05439999999907741	RippleTimeIntervals					11681.354399999998	0.5530881129119126		
11691.303199999998	0.03359999999884167	RippleTimeIntervals					11691.319199999998	0.6756391865225178		
11695.877599999998	0.04640000000108557	RippleTimeIntervals					11695.882399999999	0.9597985801907164		
11697.548799999999	0.023199999999633292	RippleTimeIntervals					11697.558399999998	0.5218350209424819		
11701.395999999997	0.028000000002066372	RippleTimeIntervals					11701.409599999999	2.7653499005638875		
11702.113599999997	0.03280000000086147	RippleTimeIntervals					11702.133599999997	2.301609763007517		
11713.437599999997	0.037599999999656575	RippleTimeIntervals					11713.446399999997	0.44896514004522275		
11714.155199999997	0.031200000001263106	RippleTimeIntervals					11714.179999999998	0.6642193104515727		
11719.150399999999	0.037599999999656575	RippleTimeIntervals					11719.1544	0.544042045239801		
11724.341599999998	0.031199999999444117	RippleTimeIntervals					11724.349599999998	0.6898481392331067		
11724.781599999998	0.028000000000247383	RippleTimeIntervals					11724.796799999998	1.0203293747880435		
11740.676	0.051199999998061685	RippleTimeIntervals					11740.723199999999	0.6004011323318957		
11757.062399999999	0.04079999999885331	RippleTimeIntervals					11757.070399999999	1.9547044291758549		
11757.199999999997	0.028800000000046566	RippleTimeIntervals					11757.218399999998	1.9064315060331434		
11761.403199999997	0.07760000000052969	RippleTimeIntervals					11761.455199999999	2.6577455326376533		
11763.407199999998	0.04160000000047148	RippleTimeIntervals					11763.428799999998	2.0516003984805176		
11763.759199999999	0.022399999999834108	RippleTimeIntervals					11763.767199999998	0.5046767811409282		
11765.607999999998	0.06240000000070722	RippleTimeIntervals					11765.656799999997	2.4452209110474277		
11765.815999999999	0.020000000000436557	RippleTimeIntervals					11765.824799999999	0.6743298537572512		
11766.427999999998	0.02480000000105065	RippleTimeIntervals					11766.433599999998	0.6972418361262542		
11767.327199999998	0.02480000000105065	RippleTimeIntervals					11767.345599999999	0.8145911496266451		
11767.377599999998	0.0727999999999156	RippleTimeIntervals					11767.426399999998	3.5291900911028082		
11768.8576	0.027999999998428393	RippleTimeIntervals					11768.870399999998	0.6278900263684648		
11769.708799999999	0.021600000000034925	RippleTimeIntervals					11769.723199999999	0.4114853566031803		
11770.946399999997	0.05680000000211294	RippleTimeIntervals					11770.995199999998	1.7263574702963904		
11775.000799999998	0.023199999999633292	RippleTimeIntervals					11775.004799999999	0.7218210721311894		
11775.612799999999	0.05999999999949068	RippleTimeIntervals					11775.629599999998	1.7560603218839046		
11777.114399999999	0.04079999999885331	RippleTimeIntervals					11777.135999999999	2.9567810143945787		
11777.387199999997	0.031200000001263106	RippleTimeIntervals					11777.397599999998	2.8598376362716404		
11778.2192	0.044799999999668216	RippleTimeIntervals					11778.229599999999	3.60494797544623		
11778.750399999997	0.06720000000132131	RippleTimeIntervals					11778.767999999998	5.616864975247498		
11778.899199999998	0.11120000000119035	RippleTimeIntervals					11778.944	4.8827554636177		
11779.231999999998	0.03200000000106229	RippleTimeIntervals					11779.243999999999	0.621587755174069		
11780.238399999998	0.02959999999984575	RippleTimeIntervals					11780.259999999998	4.155019222220199		
11782.5088	0.06159999999908905	RippleTimeIntervals					11782.513599999998	0.5812707092006119		
11785.800799999997	0.03680000000167638	RippleTimeIntervals					11785.816799999999	0.5220265494080677		
11828.415999999997	0.030399999999644933	RippleTimeIntervals					11828.419999999998	0.686837257607268		
11838.359999999997	0.030400000001463923	RippleTimeIntervals					11838.3864	1.0675442962554245		
11872.3696	0.23279999999977008	UpDownStatesTimeIntervals							UP	
11873.6936	0.032799999999042484	UpDownStatesTimeIntervals							DOWN	
11873.7264	0.136000000000422	UpDownStatesTimeIntervals							UP	
11874.7048	0.02079999999841675	RippleTimeIntervals					11874.722399999999	0.48879873585145317		
11875.3448	0.23439999999936845	UpDownStatesTimeIntervals							UP	
11875.5968	0.06400000000030559	UpDownStatesTimeIntervals							DOWN	
11876.3104	0.23359999999956926	UpDownStatesTimeIntervals							UP	
11877.6448	0.12800000000061118	UpDownStatesTimeIntervals							UP	
11878.5992	0.12479999999959546	UpDownStatesTimeIntervals							UP	
11879.0624	0.1687999999994645	UpDownStatesTimeIntervals							DOWN	
11879.4904	0.09839999999894644	UpDownStatesTimeIntervals							UP	
11881.7296	0.07920000000012806	UpDownStatesTimeIntervals							DOWN	
11881.8088	0.1224000000001979	UpDownStatesTimeIntervals							UP	
11882.5496	0.14639999999963038	UpDownStatesTimeIntervals							UP	
11883.3088	0.16559999999844877	UpDownStatesTimeIntervals							UP	
11883.859999999997	0.024000000001251465	RippleTimeIntervals					11883.871199999998	1.557124229833665		
11884.708	0.1415999999990163	UpDownStatesTimeIntervals							UP	
11885.4512	0.07200000000011642	UpDownStatesTimeIntervals							DOWN	
11886.1584	0.12319999999999709	UpDownStatesTimeIntervals							UP	
11887.2536	0.13760000000002037	UpDownStatesTimeIntervals							UP	
11887.4552	0.1415999999990163	UpDownStatesTimeIntervals							DOWN	
11887.9984	0.11679999999978463	UpDownStatesTimeIntervals							UP	
11888.7088	0.24639999999999418	UpDownStatesTimeIntervals							UP	
11889.8144	0.13280000000122527	UpDownStatesTimeIntervals							UP	
11890.3424	0.17040000000088185	UpDownStatesTimeIntervals							UP	
11890.9608	0.12239999999837892	UpDownStatesTimeIntervals							UP	
11891.6776	0.18959999999970023	UpDownStatesTimeIntervals							UP	
11892.2744	0.19839999999931024	UpDownStatesTimeIntervals							UP	
11892.7848	0.16160000000127184	UpDownStatesTimeIntervals							DOWN	
11893.0752	0.12960000000020955	UpDownStatesTimeIntervals							UP	
11893.5624	0.2312000000001717	UpDownStatesTimeIntervals							UP	
11895.0256	0.16239999999925203	UpDownStatesTimeIntervals							UP	
11895.4424	0.21199999999953434	UpDownStatesTimeIntervals							UP	
11896.1112	0.23360000000138825	UpDownStatesTimeIntervals							UP	
11896.7576	0.20159999999850697	UpDownStatesTimeIntervals							UP	
11897.3512	0.11680000000160362	UpDownStatesTimeIntervals							UP	
11901.2264	0.1504000000004453	UpDownStatesTimeIntervals							UP	
11901.8816	0.13599999999860302	UpDownStatesTimeIntervals							UP	
11904.6032	0.14400000000023283	UpDownStatesTimeIntervals							UP	
11905.2976	0.3088000000007014	UpDownStatesTimeIntervals							UP	
11906.5872	0.14639999999963038	UpDownStatesTimeIntervals							UP	
11907.3096	0.10559999999895808	UpDownStatesTimeIntervals							UP	
11908.2456	0.16319999999905122	UpDownStatesTimeIntervals							UP	
11908.692	0.06000000000130967	UpDownStatesTimeIntervals							DOWN	
11908.752	0.24239999999917927	UpDownStatesTimeIntervals							UP	
11909.664	0.17839999999887368	UpDownStatesTimeIntervals							UP	
11910.2816	0.10720000000037544	UpDownStatesTimeIntervals							UP	
11930.1624	0.13920000000143773	UpDownStatesTimeIntervals							UP	
11931.3352	0.11599999999998545	UpDownStatesTimeIntervals							UP	
11932.1256	0.15520000000105938	UpDownStatesTimeIntervals							UP	
11932.6528	0.13919999999961874	UpDownStatesTimeIntervals							UP	
11933.028	0.38479999999981374	UpDownStatesTimeIntervals							UP	
11933.7616	0.11200000000098953	UpDownStatesTimeIntervals							UP	
11938.3136	0.12479999999959546	UpDownStatesTimeIntervals							UP	
11939.0384	0.13520000000062282	UpDownStatesTimeIntervals							UP	
11939.8072	0.10159999999996217	UpDownStatesTimeIntervals							DOWN	
11939.9736	0.18960000000151922	UpDownStatesTimeIntervals							UP	
11940.6592	0.16719999999986612	UpDownStatesTimeIntervals							UP	
11941.9216	0.2136000000009517	UpDownStatesTimeIntervals							UP	
11942.5624	0.24479999999857682	UpDownStatesTimeIntervals							UP	
11943.4184	0.11759999999958382	UpDownStatesTimeIntervals							UP	
11943.98	0.11039999999957217	UpDownStatesTimeIntervals							UP	
11944.616	0.12960000000020955	UpDownStatesTimeIntervals							UP	
11945.3712	0.16480000000046857	UpDownStatesTimeIntervals							UP	
11946.5048	0.10959999999977299	UpDownStatesTimeIntervals							UP	
11947.1376	0.127200000000812	UpDownStatesTimeIntervals							UP	
11948.2376	0.13439999999900465	UpDownStatesTimeIntervals							UP	
11948.724	0.14799999999922875	UpDownStatesTimeIntervals							UP	
11950.2928	0.16719999999986612	UpDownStatesTimeIntervals							UP	
11951.6568	0.08399999999892316	UpDownStatesTimeIntervals							DOWN	
11951.7408	0.18800000000010186	UpDownStatesTimeIntervals							UP	
11952.5264	0.13279999999940628	UpDownStatesTimeIntervals							UP	
11953.1552	0.1856000000007043	UpDownStatesTimeIntervals							DOWN	
11953.3408	0.12000000000080036	UpDownStatesTimeIntervals							UP	
11954.1488	0.21999999999934516	UpDownStatesTimeIntervals							UP	
11954.7224	0.1415999999990163	UpDownStatesTimeIntervals							UP	
11955.2544	0.12559999999939464	UpDownStatesTimeIntervals							UP	
11955.7744	0.09039999999913562	UpDownStatesTimeIntervals							UP	
11956.2736	0.2727999999988242	UpDownStatesTimeIntervals							UP	
11957.8384	0.26959999999962747	UpDownStatesTimeIntervals							UP	
11958.46	0.13440000000082364	UpDownStatesTimeIntervals							DOWN	
11958.5944	0.1496000000006461	UpDownStatesTimeIntervals							UP	
11959.1704	0.19919999999910942	UpDownStatesTimeIntervals							UP	
11963.2088	0.1679999999996653	UpDownStatesTimeIntervals							UP	
11964.2264	0.22000000000116415	UpDownStatesTimeIntervals							UP	
11964.736	0.11999999999898137	UpDownStatesTimeIntervals							UP	
11965.7712	0.12160000000039872	UpDownStatesTimeIntervals							UP	
11966.1296	0.23040000000037253	UpDownStatesTimeIntervals							UP	
11967.0424	0.08319999999912397	UpDownStatesTimeIntervals							UP	
11967.6232	0.1504000000004453	UpDownStatesTimeIntervals							UP	
11968.2232	0.1000000000003638	UpDownStatesTimeIntervals							UP	
11968.874399999997	0.056000000000494765	RippleTimeIntervals					11968.903999999999	0.43616987036530147		
11968.912	0.09439999999995052	UpDownStatesTimeIntervals							UP	
11969.214399999997	0.033600000002479646	RippleTimeIntervals					11969.243999999999	0.43565879085158593		
11969.5808	0.12080000000059954	UpDownStatesTimeIntervals							UP	
11970.4304	0.11680000000160362	UpDownStatesTimeIntervals							UP	
11973.751999999999	0.03439999999864085	RippleTimeIntervals					11973.763199999998	3.9639311635859835		
11973.889599999999	0.023999999999432475	RippleTimeIntervals					11973.898399999998	1.146842384231825		
11977.421599999998	0.03600000000005821	RippleTimeIntervals					11977.449599999998	2.908022478004134		
11979.9808	0.16880000000128348	UpDownStatesTimeIntervals							UP	
11980.7736	0.29680000000007567	UpDownStatesTimeIntervals							UP	
11981.5408	0.19839999999931024	UpDownStatesTimeIntervals							UP	
11982.4912	0.11520000000018626	UpDownStatesTimeIntervals							UP	
11983.3768	0.10399999999935972	UpDownStatesTimeIntervals							UP	
11985.4912	0.33839999999872816	UpDownStatesTimeIntervals							UP	
11986.044	0.15200000000004366	UpDownStatesTimeIntervals							UP	
11986.9704	0.13439999999900465	UpDownStatesTimeIntervals							UP	
11987.8648	0.14240000000063446	UpDownStatesTimeIntervals							UP	
11988.516	0.29759999999987485	UpDownStatesTimeIntervals							UP	
11989.1584	0.048800000000483124	UpDownStatesTimeIntervals							DOWN	
11990.2728	0.14639999999963038	UpDownStatesTimeIntervals							UP	
11991.4808	0.23040000000037253	UpDownStatesTimeIntervals							UP	
11992.136	0.08799999999973807	UpDownStatesTimeIntervals							DOWN	
11992.508	0.25680000000102154	UpDownStatesTimeIntervals							UP	
11993.4112	0.227999999999156	UpDownStatesTimeIntervals							UP	
11994.28	0.118399999999383	UpDownStatesTimeIntervals							UP	
11995.1416	0.1455999999998312	UpDownStatesTimeIntervals							UP	
11995.3912	0.390400000000227	UpDownStatesTimeIntervals							UP	
11996.3568	0.11039999999957217	UpDownStatesTimeIntervals							UP	
11996.9112	0.13119999999980791	UpDownStatesTimeIntervals							UP	
12005.9256	0.13839999999981956	UpDownStatesTimeIntervals							UP	
12007.6336	0.27520000000004075	UpDownStatesTimeIntervals							DOWN	
12007.9088	0.11280000000078871	UpDownStatesTimeIntervals							UP	
12008.1392	0.20800000000053842	UpDownStatesTimeIntervals							DOWN	
12008.3856	0.12000000000080036	UpDownStatesTimeIntervals							UP	
12009.0752	0.13360000000102445	UpDownStatesTimeIntervals							UP	
12009.6136	0.12159999999857973	UpDownStatesTimeIntervals							UP	
12010.0568	0.26239999999961583	UpDownStatesTimeIntervals							UP	
12011.1232	0.24639999999999418	UpDownStatesTimeIntervals							UP	
12011.9896	0.17199999999866122	UpDownStatesTimeIntervals							UP	
12012.6336	0.16560000000026776	UpDownStatesTimeIntervals							UP	
12019.043199999998	0.021600000000034925	RippleTimeIntervals					12019.057599999998	0.6646144791475915		
12029.878399999998	0.030399999999644933	RippleTimeIntervals					12029.896799999999	1.7179879872856447		
12031.636799999998	0.02080000000023574	RippleTimeIntervals					12031.650399999999	0.7199903200052157		
12051.115199999998	0.02959999999984575	RippleTimeIntervals					12051.1328	0.4522016692616375		
12072.571999999998	0.025599999999030842	RippleTimeIntervals					12072.585599999999	1.1536044861346832		
12072.759999999998	0.020000000000436557	RippleTimeIntervals					12072.771999999997	1.1481096063795302		
12090.351199999997	0.035200000002078013	RippleTimeIntervals					12090.355999999998	0.42443976088123914		
12125.649599999997	0.025600000000849832	RippleTimeIntervals					12125.663999999997	1.0713598255123702		
12187.752799999998	0.044799999999668216	RippleTimeIntervals					12187.768799999998	4.089470014089043		
12187.876799999998	0.08480000000054133	RippleTimeIntervals					12187.9224	4.5384188216746		
12191.854399999998	0.037599999999656575	RippleTimeIntervals					12191.878399999998	0.40898951449937665		
12193.623199999998	0.020000000000436557	RippleTimeIntervals					12193.641599999999	0.41986962070741807		
12245.962399999999	0.02480000000105065	RippleTimeIntervals					12245.9872	0.407818004947892		
12262.236799999999	0.03600000000005821	RippleTimeIntervals					12262.264799999997	1.1050691424572834		
12264.642399999997	0.03920000000107393	RippleTimeIntervals					12264.656799999997	0.6902629271692061		
12268.349599999998	0.020000000000436557	RippleTimeIntervals					12268.359999999999	0.8045714881459183		
12300.148799999999	0.026399999998830026	RippleTimeIntervals					12300.163199999999	3.873817646590486		
12323.642399999997	0.02960000000166474	RippleTimeIntervals					12323.664799999999	0.622855224390789		
12331.071199999998	0.02479999999923166	RippleTimeIntervals					12331.091999999999	0.5606060193079347		
12332.186399999999	0.05040000000008149	RippleTimeIntervals					12332.222399999999	1.3351099000546365		
12333.186399999999	0.03359999999884167	RippleTimeIntervals					12333.198399999997	1.6220213759452637		
12335.324799999999	0.03440000000045984	RippleTimeIntervals					12335.351199999997	1.833716690889016		
12340.448799999998	0.024000000001251465	RippleTimeIntervals					12340.462399999999	0.7336503934919286		
12346.029599999998	0.023199999999633292	RippleTimeIntervals					12346.038399999998	1.2765603321465757		
12366.675199999998	0.03600000000005821	RippleTimeIntervals					12366.679999999998	1.1606357889290333		
12429.359999999999	0.08959999999933643	RippleTimeIntervals					12429.382399999999	1.0525907135020114		
12435.0968	0.03439999999864085	RippleTimeIntervals					12435.115999999998	3.441537601931209		
12511.552	0.028799999998227577	RippleTimeIntervals					12511.568799999997	1.4571355745231394		
12527.230399999999	0.03200000000106229	RippleTimeIntervals					12527.2552	1.7047962043058236		
12527.3792	0.027999999998428393	RippleTimeIntervals					12527.399999999998	0.7923485317818189		
12535.700799999999	0.021600000000034925	RippleTimeIntervals					12535.715199999999	0.7887840762478247		
12537.0896	0.03359999999884167	RippleTimeIntervals					12537.103199999998	0.4314790154280814		
12585.8008	0.22639999999955762	UpDownStatesTimeIntervals							UP	
12586.8616	0.13119999999980791	UpDownStatesTimeIntervals							UP	
12587.5728	0.12000000000080036	UpDownStatesTimeIntervals							UP	
12588.3176	0.1504000000004453	UpDownStatesTimeIntervals							UP	
12589.868	0.23519999999916763	UpDownStatesTimeIntervals							UP	
12590.1896	0.10640000000057626	UpDownStatesTimeIntervals							DOWN	
12590.296	0.13439999999900465	UpDownStatesTimeIntervals							UP	
12591.3656	0.13360000000102445	UpDownStatesTimeIntervals							UP	
12592.617599999998	0.025600000000849832	RippleTimeIntervals					12592.626399999997	0.6075213723855213		
12595.1296	0.2415999999993801	UpDownStatesTimeIntervals							UP	
12597.788	0.1503999999986263	UpDownStatesTimeIntervals							UP	
12598.064	0.12639999999919382	UpDownStatesTimeIntervals							DOWN	
12598.6768	0.13280000000122527	UpDownStatesTimeIntervals							UP	
12599.4056	0.26959999999962747	UpDownStatesTimeIntervals							UP	
12603.5248	0.12080000000059954	UpDownStatesTimeIntervals							UP	
12604.1232	0.1679999999996653	UpDownStatesTimeIntervals							UP	
12604.82	0.14400000000023283	UpDownStatesTimeIntervals							UP	
12606.1424	0.13519999999880383	UpDownStatesTimeIntervals							UP	
12606.5712	0.23519999999916763	UpDownStatesTimeIntervals							UP	
12607.3952	0.10319999999956053	UpDownStatesTimeIntervals							UP	
12608.627199999999	0.025599999999030842	RippleTimeIntervals					12608.635199999997	0.586580717700006		
12608.7216	0.14480000000003201	UpDownStatesTimeIntervals							UP	
12610.0288	0.22960000000057335	UpDownStatesTimeIntervals							UP	
12610.5064	0.01599999999962165	UpDownStatesTimeIntervals							DOWN	
12611.1448	0.13040000000000873	UpDownStatesTimeIntervals							UP	
12611.688	0.10959999999977299	UpDownStatesTimeIntervals							UP	
12612.2536	0.12399999999979627	UpDownStatesTimeIntervals							UP	
12614.1496	0.11679999999978463	UpDownStatesTimeIntervals							UP	
12615.7976	0.030399999999644933	UpDownStatesTimeIntervals							DOWN	
12615.828	0.23520000000098662	UpDownStatesTimeIntervals							UP	
12616.428	0.12399999999979627	UpDownStatesTimeIntervals							UP	
12617.0416	0.13519999999880383	UpDownStatesTimeIntervals							UP	
12618.1264	0.13760000000002037	UpDownStatesTimeIntervals							UP	
12620.3176	0.30799999999908323	UpDownStatesTimeIntervals							UP	
12620.9448	0.1952000000001135	UpDownStatesTimeIntervals							UP	
12621.2	0.26559999999881256	UpDownStatesTimeIntervals							DOWN	
12621.4656	0.35200000000077125	UpDownStatesTimeIntervals							UP	
12622.2248	0.20640000000094005	UpDownStatesTimeIntervals							UP	
12622.7888	0.13040000000000873	UpDownStatesTimeIntervals							UP	
12623.5024	0.13520000000062282	UpDownStatesTimeIntervals							UP	
12624.292	0.19760000000133005	UpDownStatesTimeIntervals							UP	
12625.4992	0.13839999999981956	UpDownStatesTimeIntervals							UP	
12626.248	0.1319999999996071	UpDownStatesTimeIntervals							UP	
12626.9416	0.11199999999917054	UpDownStatesTimeIntervals							UP	
12627.4736	0.19680000000153086	UpDownStatesTimeIntervals							UP	
12628.5896	0.1400000000012369	UpDownStatesTimeIntervals							UP	
12629.8136	0.23840000000018335	UpDownStatesTimeIntervals							UP	
12632.144	0.19759999999951106	UpDownStatesTimeIntervals							UP	
12634.035999999998	0.03440000000045984	RippleTimeIntervals					12634.051199999998	2.264353349730165		
12634.528799999998	0.02480000000105065	RippleTimeIntervals					12634.536799999998	2.7129854792707295		
12636.4792	0.17599999999947613	UpDownStatesTimeIntervals							UP	
12637.8048	0.13919999999961874	UpDownStatesTimeIntervals							UP	
12638.6112	0.02320000000145228	UpDownStatesTimeIntervals							DOWN	
12638.6344	0.21039999999993597	UpDownStatesTimeIntervals							UP	
12639.4912	0.11599999999998545	UpDownStatesTimeIntervals							UP	
12639.9672	0.23040000000037253	UpDownStatesTimeIntervals							UP	
12640.528	0.14639999999963038	UpDownStatesTimeIntervals							UP	
12641.6168	0.32079999999950815	UpDownStatesTimeIntervals							UP	
12643.4632	0.14240000000063446	UpDownStatesTimeIntervals							UP	
12643.9472	0.12159999999857973	UpDownStatesTimeIntervals							UP	
12644.6888	0.031199999999444117	UpDownStatesTimeIntervals							DOWN	
12644.72	0.1368000000002212	UpDownStatesTimeIntervals							UP	
12645.5072	0.12319999999999709	UpDownStatesTimeIntervals							UP	
12646.312	0.16239999999925203	UpDownStatesTimeIntervals							UP	
12647.2112	0.1136000000005879	UpDownStatesTimeIntervals							UP	
12647.816	0.1543999999994412	UpDownStatesTimeIntervals							UP	
12648.4568	0.127200000000812	UpDownStatesTimeIntervals							UP	
12648.8992	0.24879999999939173	UpDownStatesTimeIntervals							UP	
12649.8432	0.13839999999981956	UpDownStatesTimeIntervals							UP	
12651.624	0.2232000000003609	UpDownStatesTimeIntervals							UP	
12652.0904	0.2536000000000058	UpDownStatesTimeIntervals							UP	
12652.5392	0.07999999999992724	UpDownStatesTimeIntervals							DOWN	
12653.3048	0.2944000000006781	UpDownStatesTimeIntervals							UP	
12654.0	0.1551999999992404	UpDownStatesTimeIntervals							UP	
12654.864	0.11759999999958382	UpDownStatesTimeIntervals							UP	
12655.2904	0.25280000000020664	UpDownStatesTimeIntervals							DOWN	
12655.5432	0.13119999999980791	UpDownStatesTimeIntervals							UP	
12656.2552	0.236800000000585	UpDownStatesTimeIntervals							UP	
12657.5056	0.16640000000006694	UpDownStatesTimeIntervals							UP	
12658.4552	0.20080000000052678	UpDownStatesTimeIntervals							UP	
12659.0928	0.16079999999965366	UpDownStatesTimeIntervals							UP	
12659.7624	0.053600000001097214	UpDownStatesTimeIntervals							DOWN	
12660.0168	0.17439999999987776	UpDownStatesTimeIntervals							UP	
12660.6208	0.1551999999992404	UpDownStatesTimeIntervals							UP	
12663.6688	0.12960000000020955	UpDownStatesTimeIntervals							UP	
12664.6624	0.14800000000104774	UpDownStatesTimeIntervals							UP	
12665.1512	0.17839999999887368	UpDownStatesTimeIntervals							UP	
12666.1432	0.10800000000017462	UpDownStatesTimeIntervals							UP	
12666.9616	0.3176000000003114	UpDownStatesTimeIntervals							UP	
12667.6496	0.11999999999898137	UpDownStatesTimeIntervals							UP	
12668.2848	0.27599999999983993	UpDownStatesTimeIntervals							UP	
12670.4792	0.17920000000049185	UpDownStatesTimeIntervals							UP	
12671.1552	0.2408000000013999	UpDownStatesTimeIntervals							UP	
12672.172799999998	0.02719999999862921	RippleTimeIntervals					12672.193599999999	0.886287689528458		
12675.1184	0.14240000000063446	UpDownStatesTimeIntervals							UP	
12675.6432	0.19359999999869615	UpDownStatesTimeIntervals							UP	
12676.5688	0.03280000000086147	UpDownStatesTimeIntervals							DOWN	
12676.6016	0.1543999999994412	UpDownStatesTimeIntervals							UP	
12678.0224	0.13919999999961874	UpDownStatesTimeIntervals							UP	
12678.732	0.1823999999996886	UpDownStatesTimeIntervals							UP	
12679.4696	0.1087999999999738	UpDownStatesTimeIntervals							UP	
12679.6008	0.06879999999910069	UpDownStatesTimeIntervals							DOWN	
12680.218399999998	0.020000000000436557	RippleTimeIntervals					12680.230399999999	1.9830643955858016		
12681.4176	0.15999999999985448	UpDownStatesTimeIntervals							UP	
12682.7544	0.21440000000075088	UpDownStatesTimeIntervals							UP	
12683.8648	0.17120000000068103	UpDownStatesTimeIntervals							UP	
12684.5392	0.14240000000063446	UpDownStatesTimeIntervals							UP	
12685.0096	0.17840000000069267	UpDownStatesTimeIntervals							UP	
12685.344	0.28000000000065484	UpDownStatesTimeIntervals							DOWN	
12685.8512	0.09360000000015134	UpDownStatesTimeIntervals							UP	
12686.316	0.14480000000003201	UpDownStatesTimeIntervals							UP	
12686.6096	0.06719999999950232	UpDownStatesTimeIntervals							DOWN	
12686.976	0.2672000000002299	UpDownStatesTimeIntervals							UP	
12687.6064	0.08879999999953725	UpDownStatesTimeIntervals							UP	
12688.2832	0.1264000000010128	UpDownStatesTimeIntervals							UP	
12690.2304	0.14400000000023283	UpDownStatesTimeIntervals							UP	
12691.1592	0.06480000000010477	UpDownStatesTimeIntervals							DOWN	
12691.224	0.14799999999922875	UpDownStatesTimeIntervals							UP	
12692.776	0.06559999999990396	UpDownStatesTimeIntervals							DOWN	
12693.3952	0.2767999999996391	UpDownStatesTimeIntervals							UP	
12697.2528	0.12880000000041036	UpDownStatesTimeIntervals							UP	
12697.98	0.13119999999980791	UpDownStatesTimeIntervals							UP	
12698.7512	0.12879999999859137	UpDownStatesTimeIntervals							UP	
12701.4016	0.1632000000008702	UpDownStatesTimeIntervals							UP	
12701.92	0.25200000000040745	UpDownStatesTimeIntervals							UP	
12702.5816	0.11679999999978463	UpDownStatesTimeIntervals							UP	
12703.6232	0.11919999999918218	UpDownStatesTimeIntervals							UP	
12704.6728	0.09759999999914726	UpDownStatesTimeIntervals							UP	
12705.3136	0.12080000000059954	UpDownStatesTimeIntervals							UP	
12705.9888	0.09840000000076543	UpDownStatesTimeIntervals							UP	
12706.9568	0.1224000000001979	UpDownStatesTimeIntervals							UP	
12710.5424	0.2775999999994383	UpDownStatesTimeIntervals							UP	
12710.810399999998	0.020000000000436557	RippleTimeIntervals					12710.815199999997	0.4363637732317456		
12714.5632	0.10559999999895808	UpDownStatesTimeIntervals							UP	
12715.1056	0.17439999999987776	UpDownStatesTimeIntervals							UP	
12715.888	0.1279999999987922	UpDownStatesTimeIntervals							UP	
12716.4136	0.15680000000065775	UpDownStatesTimeIntervals							UP	
12716.8992	0.13919999999961874	UpDownStatesTimeIntervals							UP	
12719.3976	0.12559999999939464	UpDownStatesTimeIntervals							UP	
12720.096	0.14639999999963038	UpDownStatesTimeIntervals							UP	
12720.6648	0.1368000000002212	UpDownStatesTimeIntervals							UP	
12722.528	0.13999999999941792	UpDownStatesTimeIntervals							UP	
12723.9296	0.13119999999980791	UpDownStatesTimeIntervals							UP	
12724.6016	0.12800000000061118	UpDownStatesTimeIntervals							UP	
12726.292	0.14240000000063446	UpDownStatesTimeIntervals							UP	
12726.8328	0.053599999999278225	UpDownStatesTimeIntervals							DOWN	
12726.8864	0.21200000000135333	UpDownStatesTimeIntervals							UP	
12727.3496	0.21200000000135333	UpDownStatesTimeIntervals							DOWN	
12727.5616	0.2727999999988242	UpDownStatesTimeIntervals							UP	
12728.196	0.15680000000065775	UpDownStatesTimeIntervals							DOWN	
12728.56	0.13280000000122527	UpDownStatesTimeIntervals							UP	
12730.9304	0.042400000000270666	UpDownStatesTimeIntervals							DOWN	
12730.9728	0.21119999999973516	UpDownStatesTimeIntervals							UP	
12731.4952	0.14800000000104774	UpDownStatesTimeIntervals							UP	
12732.9472	0.26159999999981665	UpDownStatesTimeIntervals							UP	
12735.6496	0.15759999999863794	UpDownStatesTimeIntervals							UP	
12736.2864	0.13119999999980791	UpDownStatesTimeIntervals							UP	
12737.2288	0.13760000000002037	UpDownStatesTimeIntervals							UP	
12738.0136	0.14320000000043365	UpDownStatesTimeIntervals							UP	
12738.78	0.12079999999878055	UpDownStatesTimeIntervals							UP	
12741.963199999998	0.025600000000849832	RippleTimeIntervals					12741.976799999999	1.2333768027257694		
12742.0792	0.21999999999934516	UpDownStatesTimeIntervals							UP	
12742.4696	0.062399999998888234	UpDownStatesTimeIntervals							DOWN	
12744.4216	0.18879999999990105	UpDownStatesTimeIntervals							UP	
12745.3952	0.1415999999990163	UpDownStatesTimeIntervals							UP	
12747.8272	0.1496000000006461	UpDownStatesTimeIntervals							UP	
12749.3232	0.14639999999963038	UpDownStatesTimeIntervals							DOWN	
12749.5928	0.136000000000422	UpDownStatesTimeIntervals							UP	
12751.2344	0.22000000000116415	UpDownStatesTimeIntervals							UP	
12751.852	0.13119999999980791	UpDownStatesTimeIntervals							UP	
12756.1088	0.34319999999934225	UpDownStatesTimeIntervals							UP	
12758.7528	0.3312000000005355	UpDownStatesTimeIntervals							UP	
12759.6504	0.22400000000016007	UpDownStatesTimeIntervals							UP	
12760.2664	0.06319999999868742	UpDownStatesTimeIntervals							UP	
12760.4096	0.17839999999887368	UpDownStatesTimeIntervals							DOWN	
12760.9144	0.03440000000045984	UpDownStatesTimeIntervals							DOWN	
12760.9488	0.1319999999996071	UpDownStatesTimeIntervals							UP	
12762.1368	0.1496000000006461	UpDownStatesTimeIntervals							UP	
12762.3424	0.19679999999971187	UpDownStatesTimeIntervals							DOWN	
12763.1216	0.23760000000038417	UpDownStatesTimeIntervals							UP	
12763.545599999998	0.03360000000066066	RippleTimeIntervals					12763.5536	2.4292516599279197		
12763.7448	0.2824000000000524	UpDownStatesTimeIntervals							DOWN	
12764.0272	0.14879999999902793	UpDownStatesTimeIntervals							UP	
12766.5088	0.24799999999959255	UpDownStatesTimeIntervals							UP	
12767.3088	0.12559999999939464	UpDownStatesTimeIntervals							UP	
12767.9	0.1504000000004453	UpDownStatesTimeIntervals							UP	
12768.4856	0.11759999999958382	UpDownStatesTimeIntervals							UP	
12769.4528	0.10960000000159198	UpDownStatesTimeIntervals							UP	
12770.3944	0.21600000000034925	UpDownStatesTimeIntervals							UP	
12771.224	0.051199999999880674	UpDownStatesTimeIntervals							DOWN	
12773.864	0.3000000000010914	UpDownStatesTimeIntervals							UP	
12774.412	0.13999999999941792	UpDownStatesTimeIntervals							DOWN	
12774.7848	0.14160000000083528	UpDownStatesTimeIntervals							UP	
12775.2064	0.2232000000003609	UpDownStatesTimeIntervals							UP	
12777.4216	0.1136000000005879	UpDownStatesTimeIntervals							UP	
12778.0248	0.21840000000156579	UpDownStatesTimeIntervals							UP	
12778.316	0.17839999999887368	UpDownStatesTimeIntervals							DOWN	
12778.4944	0.25600000000122236	UpDownStatesTimeIntervals							UP	
12778.8216	0.12560000000121363	UpDownStatesTimeIntervals							DOWN	
12779.0664	0.22880000000077416	UpDownStatesTimeIntervals							UP	
12779.8128	0.08799999999973807	UpDownStatesTimeIntervals							UP	
12780.608	0.12880000000041036	UpDownStatesTimeIntervals							UP	
12781.1104	0.12479999999959546	UpDownStatesTimeIntervals							UP	
12781.6424	0.10559999999895808	UpDownStatesTimeIntervals							DOWN	
12782.852	0.1279999999987922	UpDownStatesTimeIntervals							UP	
12783.2312	0.16159999999945285	UpDownStatesTimeIntervals							DOWN	
12783.3928	0.1912000000011176	UpDownStatesTimeIntervals							UP	
12784.0872	0.24799999999959255	UpDownStatesTimeIntervals							UP	
12784.8064	0.34720000000015716	UpDownStatesTimeIntervals							UP	
12785.8864	0.24800000000141154	UpDownStatesTimeIntervals							UP	
12787.0616	0.11359999999876891	UpDownStatesTimeIntervals							UP	
12789.7336	0.2224000000005617	UpDownStatesTimeIntervals							UP	
12792.0648	0.1864000000005035	UpDownStatesTimeIntervals							UP	
12795.3592	0.2743999999984226	UpDownStatesTimeIntervals							UP	
12795.864	0.12960000000020955	UpDownStatesTimeIntervals							UP	
12796.7104	0.24400000000059663	UpDownStatesTimeIntervals							UP	
12799.2864	0.16159999999945285	UpDownStatesTimeIntervals							UP	
12799.6968	0.025600000000849832	UpDownStatesTimeIntervals							DOWN	
12800.156	0.245599999998376	UpDownStatesTimeIntervals							UP	
12801.1496	0.12319999999999709	UpDownStatesTimeIntervals							UP	
12801.704	0.1823999999996886	UpDownStatesTimeIntervals							UP	
12802.3424	0.03679999999985739	UpDownStatesTimeIntervals							DOWN	
12804.1352	0.2536000000000058	UpDownStatesTimeIntervals							UP	
12804.924	0.10559999999895808	UpDownStatesTimeIntervals							UP	
12807.0296	0.2448000000003958	UpDownStatesTimeIntervals							UP	
12807.5416	0.1639999999988504	UpDownStatesTimeIntervals							DOWN	
12808.1872	0.12080000000059954	UpDownStatesTimeIntervals							UP	
12808.396799999999	0.03600000000005821	RippleTimeIntervals					12808.414399999998	0.6505468864791965		
12809.1856	0.23599999999896681	UpDownStatesTimeIntervals							UP	
12810.4864	0.2039999999997235	UpDownStatesTimeIntervals							UP	
12811.6528	0.26480000000083237	UpDownStatesTimeIntervals							UP	
12812.812	0.12800000000061118	UpDownStatesTimeIntervals							UP	
12813.3864	0.07200000000011642	UpDownStatesTimeIntervals							UP	
12814.148	0.13840000000163855	UpDownStatesTimeIntervals							UP	
12814.8096	0.10720000000037544	UpDownStatesTimeIntervals							UP	
12815.4184	0.2871999999988475	UpDownStatesTimeIntervals							UP	
12818.7744	0.23999999999978172	UpDownStatesTimeIntervals							UP	
12819.8176	0.17920000000049185	UpDownStatesTimeIntervals							UP	
12820.7216	0.17039999999906286	UpDownStatesTimeIntervals							UP	
12821.6096	0.2600000000002183	UpDownStatesTimeIntervals							UP	
12822.2336	0.06559999999990396	UpDownStatesTimeIntervals							UP	
12822.716	0.15200000000004366	UpDownStatesTimeIntervals							UP	
12824.5304	0.14720000000124855	UpDownStatesTimeIntervals							UP	
12825.1304	0.07519999999931315	UpDownStatesTimeIntervals							UP	
12825.6192	0.1952000000001135	UpDownStatesTimeIntervals							UP	
12827.2256	0.1776000000008935	UpDownStatesTimeIntervals							UP	
12827.8928	0.025600000000849832	UpDownStatesTimeIntervals							DOWN	
12827.9184	0.1584000000002561	UpDownStatesTimeIntervals							UP	
12829.5608	0.11440000000038708	UpDownStatesTimeIntervals							UP	
12830.2216	0.15759999999863794	UpDownStatesTimeIntervals							UP	
12831.412	0.1687999999994645	UpDownStatesTimeIntervals							UP	
12832.0912	0.1407999999992171	UpDownStatesTimeIntervals							UP	
12832.7944	0.2551999999996042	UpDownStatesTimeIntervals							UP	
12833.6376	0.22400000000016007	UpDownStatesTimeIntervals							UP	
12834.5408	0.11919999999918218	UpDownStatesTimeIntervals							UP	
12837.016	0.025599999999030842	RippleTimeIntervals					12837.028799999998	0.5106890777663786		
12837.801599999999	0.0319999999992433	RippleTimeIntervals					12837.815999999999	3.7294013173946587		
12838.876	0.06959999999889988	UpDownStatesTimeIntervals							DOWN	
12839.1	0.1279999999987922	UpDownStatesTimeIntervals							UP	
12839.404799999998	0.07920000000012806	RippleTimeIntervals					12839.454399999999	1.6700956562672904		
12839.6616	0.12480000000141445	UpDownStatesTimeIntervals							DOWN	
12843.62	0.11279999999896972	UpDownStatesTimeIntervals							UP	
12843.88	0.12880000000041036	UpDownStatesTimeIntervals							DOWN	
12844.1528	0.33840000000054715	UpDownStatesTimeIntervals							UP	
12844.7472	0.14880000000084692	UpDownStatesTimeIntervals							UP	
12846.8448	0.14480000000003201	UpDownStatesTimeIntervals							UP	
12847.2968	0.2000000000007276	UpDownStatesTimeIntervals							UP	
12848.0856	0.2536000000000058	UpDownStatesTimeIntervals							DOWN	
12848.3392	0.12880000000041036	UpDownStatesTimeIntervals							UP	
12849.3576	0.2552000000014232	UpDownStatesTimeIntervals							UP	
12850.1976	0.1912000000011176	UpDownStatesTimeIntervals							UP	
12850.9256	0.13439999999900465	UpDownStatesTimeIntervals							UP	
12851.3992	0.27920000000085565	UpDownStatesTimeIntervals							UP	
12852.4584	0.11840000000120199	UpDownStatesTimeIntervals							UP	
12853.38	0.13360000000102445	UpDownStatesTimeIntervals							UP	
12854.0536	0.10960000000159198	UpDownStatesTimeIntervals							UP	
12854.9224	0.1632000000008702	UpDownStatesTimeIntervals							UP	
12855.7512	0.1415999999990163	UpDownStatesTimeIntervals							UP	
12856.8336	0.14719999999942956	UpDownStatesTimeIntervals							UP	
12863.36	1942.623966666666	epochs	fCamk1_200904_124239	PostStim	Home cage	uLED random stim				
12871.134399999999	0.0319999999992433	RippleTimeIntervals					12871.162399999997	0.501799376580649		
12877.875999999998	0.021600000000034925	RippleTimeIntervals					12877.887199999997	1.01870938426944		
12880.446399999997	0.05200000000149885	RippleTimeIntervals					12880.467999999997	1.2460568714827067		
12885.446399999997	0.03680000000167638	RippleTimeIntervals					12885.471999999998	0.40016832015424697		
12889.9672	0.03839999999945576	RippleTimeIntervals					12889.990399999999	2.2096477193386073		
12892.5032	0.031199999999444117	RippleTimeIntervals					12892.5304	0.5333860473805975		
12900.650399999999	0.03679999999985739	RippleTimeIntervals					12900.672799999998	1.5191944465470584		
12920.895199999999	0.04079999999885331	RippleTimeIntervals					12920.923999999999	0.4169715284742667		
12922.563999999998	0.030399999999644933	RippleTimeIntervals					12922.590399999997	0.44811040071819896		
12923.759999999998	0.024000000001251465	RippleTimeIntervals					12923.767999999998	0.5096605170730072		
12926.229599999999	0.03919999999925494	RippleTimeIntervals					12926.2552	0.6661571458846408		
12934.793599999997	0.03280000000086147	RippleTimeIntervals					12934.799199999998	0.4288436251795084		
12946.336	0.02239999999801512	RippleTimeIntervals					12946.343999999997	0.6557053059622862		
12949.319199999998	0.047200000000884756	RippleTimeIntervals					12949.352799999999	2.11129200103276		
12951.035999999998	0.03839999999945576	RippleTimeIntervals					12951.071199999998	0.5441031976679799		
12951.203199999998	0.032799999999042484	RippleTimeIntervals					12951.225599999998	4.7594235350119085		
12951.329599999997	0.044800000001487206	RippleTimeIntervals					12951.3504	3.9992413075591347		
12952.607199999999	0.031199999999444117	RippleTimeIntervals					12952.630399999998	2.2008362347388037		
12953.3056	0.037599999999656575	RippleTimeIntervals					12953.331999999999	1.830418656379101		
12953.463199999998	0.03280000000086147	RippleTimeIntervals					12953.483999999999	7.007719837486723		
12955.581599999998	0.02480000000105065	RippleTimeIntervals					12955.590399999997	3.806790270674588		
12956.4944	0.07679999999891152	RippleTimeIntervals					12956.5448	3.1791940851941423		
12957.467999999997	0.04160000000047148	RippleTimeIntervals					12957.500799999998	2.8015130447519883		
12958.194399999998	0.04719999999906577	RippleTimeIntervals					12958.227199999998	4.337388124883387		
12958.344799999999	0.05040000000008149	RippleTimeIntervals					12958.372	5.344031215334772		
12966.5664	0.02239999999801512	RippleTimeIntervals					12966.583999999999	0.7440972399257638		
12969.547999999999	0.042399999998451676	RippleTimeIntervals					12969.554399999997	0.6827753314952565		
12997.658399999998	0.023999999999432475	RippleTimeIntervals					12997.665599999998	1.6920586065359733		
12997.7984	0.06159999999908905	RippleTimeIntervals					12997.8144	2.1399627586448093		
12999.049599999998	0.046399999999266583	RippleTimeIntervals					12999.075999999997	4.1989280611271065		
12999.703199999998	0.04800000000068394	RippleTimeIntervals					12999.732799999998	4.653661699442773		
12999.911999999998	0.04399999999986903	RippleTimeIntervals					12999.948799999998	0.906788742210043		
13003.3712	0.1640000000006694	UpDownStatesTimeIntervals							DOWN	
13003.5352	0.17519999999967695	UpDownStatesTimeIntervals							UP	
13005.811999999998	0.040000000000873115	RippleTimeIntervals					13005.845599999999	0.633810984255974		
13006.230399999999	0.035200000000259024	RippleTimeIntervals					13006.258399999999	2.721225371352941		
13006.703199999998	0.02480000000105065	RippleTimeIntervals					13006.712799999998	0.8816060131773344		
13006.847999999998	0.02479999999923166	RippleTimeIntervals					13006.8648	0.46561972420772607		
13007.254399999998	0.04320000000006985	RippleTimeIntervals					13007.275999999998	2.5185465916576386		
13007.408799999997	0.0632000000005064	RippleTimeIntervals					13007.430399999997	0.877087400307608		
13008.5952	0.16240000000107102	UpDownStatesTimeIntervals							UP	
13008.944	0.41600000000107684	UpDownStatesTimeIntervals							DOWN	
13009.063199999999	0.06960000000071886	RippleTimeIntervals					13009.095199999998	1.0657029121588937		
13009.155999999999	0.05279999999947904	RippleTimeIntervals					13009.183999999997	4.014434701576661		
13009.923999999999	0.0272000000004482	RippleTimeIntervals					13009.928799999998	0.44081878345915093		
13011.7008	0.14319999999861466	UpDownStatesTimeIntervals							DOWN	
13011.844	0.12880000000041036	UpDownStatesTimeIntervals							UP	
13012.2264	0.02719999999862921	RippleTimeIntervals					13012.234399999998	1.8421804840246436		
13012.812	0.2407999999995809	UpDownStatesTimeIntervals							DOWN	
13013.0528	0.2552000000014232	UpDownStatesTimeIntervals							UP	
13013.439199999997	0.03680000000167638	RippleTimeIntervals					13013.468799999999	2.336436443595039		
13014.038399999998	0.028800000000046566	RippleTimeIntervals					13014.0592	3.955248181792889		
13015.291999999998	0.02080000000205473	RippleTimeIntervals					13015.295999999998	0.6235126805572543		
13020.609599999998	0.03200000000106229	RippleTimeIntervals					13020.615199999998	0.8367634887841336		
13032.074399999998	0.040000000000873115	RippleTimeIntervals					13032.079999999998	0.5430374069913457		
13035.129599999998	0.03200000000106229	RippleTimeIntervals					13035.155199999997	0.459775425692736		
13035.599999999999	0.035200000000259024	RippleTimeIntervals					13035.627199999999	0.5006124729242993		
13054.811999999998	0.023199999999633292	RippleTimeIntervals					13054.82	1.8337119852562882		
13054.947999999999	0.02719999999862921	RippleTimeIntervals					13054.968799999999	0.7333388762626124		
13061.682399999998	0.028800000000046566	RippleTimeIntervals					13061.703199999998	1.6099393830719926		
13072.267999999998	0.022399999999834108	RippleTimeIntervals					13072.277599999998	1.5299792957909144		
13075.826399999998	0.026400000000649015	RippleTimeIntervals					13075.832799999998	0.7670114273293904		
13076.167999999998	0.03360000000066066	RippleTimeIntervals					13076.193599999999	1.3795613680958732		
13080.970399999998	0.02959999999984575	RippleTimeIntervals					13080.989599999997	5.885634370969414		
13081.150399999999	0.048800000000483124	RippleTimeIntervals					13081.179999999998	1.2067311370190956		
13090.403999999999	0.04959999999846332	RippleTimeIntervals					13090.437599999997	4.048460643249205		
13094.0248	0.030399999999644933	RippleTimeIntervals					13094.043199999998	1.6814210849753162		
13094.088799999998	0.14880000000084692	RippleTimeIntervals					13094.211199999998	5.636693131354785		
13102.418399999999	0.03280000000086147	RippleTimeIntervals					13102.4384	1.393962965266142		
13103.836	0.021600000000034925	RippleTimeIntervals					13103.853599999999	0.9341975203324085		
13105.543199999998	0.0408000000006723	RippleTimeIntervals					13105.5752	3.0341519768483343		
13114.489599999997	0.03680000000167638	RippleTimeIntervals					13114.512799999999	2.829281484271691		
13114.5824	0.046399999999266583	RippleTimeIntervals					13114.604	3.5190258584006653		
13126.323999999999	0.032799999999042484	RippleTimeIntervals					13126.342399999998	1.6807504723193325		
13126.687999999998	0.03840000000127475	RippleTimeIntervals					13126.710399999998	4.756056258543443		
13130.383999999998	0.023199999999633292	RippleTimeIntervals					13130.392799999998	2.100595400993583		
13130.4728	0.03439999999864085	RippleTimeIntervals					13130.491999999998	5.352601614074859		
13130.679199999999	0.051199999999880674	RippleTimeIntervals					13130.703999999998	3.693144008939582		
13135.7768	0.032799999999042484	RippleTimeIntervals					13135.7984	3.222437922710111		
13144.3272	0.04719999999906577	RippleTimeIntervals					13144.354399999998	0.6382222437413909		
13144.539999999997	0.024000000001251465	RippleTimeIntervals					13144.547999999999	0.8841089662335746		
13150.408	0.027999999998428393	RippleTimeIntervals					13150.416799999999	0.8223228826243922		
13150.836799999997	0.0408000000006723	RippleTimeIntervals					13150.854399999998	4.83062826146191		
13156.279999999999	0.047200000000884756	RippleTimeIntervals					13156.306399999998	2.1587396632113465		
13156.391999999998	0.03200000000106229	RippleTimeIntervals					13156.410399999997	4.80576886826783		
13158.861599999998	0.031199999999444117	RippleTimeIntervals					13158.884799999998	2.424203756666686		
13161.415999999997	0.04560000000128639	RippleTimeIntervals					13161.4224	0.5874722450217676		
13162.780799999999	0.039999999999054126	RippleTimeIntervals					13162.802399999999	6.221336027513911		
13162.898399999998	0.05199999999967986	RippleTimeIntervals					13162.923999999999	6.648755472392666		
13176.444	0.03919999999925494	RippleTimeIntervals					13176.471199999998	2.37747080258757		
13177.331999999999	0.06719999999950232	RippleTimeIntervals					13177.351999999999	4.163695585670124		
13177.575999999997	0.04160000000047148	RippleTimeIntervals					13177.600799999998	5.725891493646072		
13206.968799999999	0.04399999999986903	RippleTimeIntervals					13206.991999999998	6.240916090197535		
13208.829599999997	0.07120000000213622	RippleTimeIntervals					13208.883199999998	4.111668054573062		
13209.005599999999	0.030399999999644933	RippleTimeIntervals					13209.023999999998	0.9245606604920101		
13212.1544	0.0319999999992433	RippleTimeIntervals					13212.165599999998	4.097949040929236		
13213.3792	0.032799999999042484	RippleTimeIntervals					13213.394399999997	2.9587517435710917		
13214.5752	0.03600000000005821	RippleTimeIntervals					13214.592799999999	3.6461759883044675		
13215.1832	0.0367999999980384	RippleTimeIntervals					13215.209599999998	1.7492946798079336		
13217.208799999999	0.07120000000031723	RippleTimeIntervals					13217.251999999999	3.9979869820537046		
13217.503999999997	0.07360000000153377	RippleTimeIntervals					13217.532	3.986288171120685		
13219.259999999998	0.03679999999985739	RippleTimeIntervals					13219.289599999998	1.1005712679414368		
13219.767199999998	0.03679999999985739	RippleTimeIntervals					13219.787999999999	1.4615689225477966		
13221.383999999998	0.04560000000128639	RippleTimeIntervals					13221.403999999999	2.0232099061892623		
13227.5824	0.0367999999980384	RippleTimeIntervals					13227.604799999997	0.6015206664714026		
13229.239199999998	0.05999999999949068	RippleTimeIntervals					13229.268799999998	5.223234899471301		
13230.578399999999	0.10559999999895808	RippleTimeIntervals					13230.659999999998	3.9698298967681676		
13231.074399999998	0.0408000000006723	RippleTimeIntervals					13231.088799999998	1.234640061829746		
13231.593599999998	0.023199999999633292	RippleTimeIntervals					13231.608799999998	1.3822587646438758		
13231.902399999999	0.031199999999444117	RippleTimeIntervals					13231.928799999998	0.6966856533325824		
13232.043999999998	0.058399999999892316	RippleTimeIntervals					13232.092799999999	1.2547288963411811		
13232.845599999999	0.042400000000270666	RippleTimeIntervals					13232.867999999999	6.446890275501498		
13233.318399999998	0.0408000000006723	RippleTimeIntervals					13233.335199999998	6.313170139549669		
13233.528799999998	0.03600000000005821	RippleTimeIntervals					13233.540799999999	3.5741440904410156		
13241.872799999997	0.035200000002078013	RippleTimeIntervals					13241.887199999997	1.3675317132929423		
13242.482399999997	0.04800000000250293	RippleTimeIntervals					13242.503999999997	2.0406914155467435		
13242.7048	0.04719999999906577	RippleTimeIntervals					13242.728	3.1863832079117476		
13246.349599999998	0.03280000000086147	RippleTimeIntervals					13246.378399999998	0.5116035984383249		
13255.340799999998	0.04960000000028231	RippleTimeIntervals					13255.359999999999	8.293559014138145		
13262.0664	0.023999999997613486	RippleTimeIntervals					13262.071999999998	0.564014537630917		
13262.140799999997	0.1040000000011787	RippleTimeIntervals					13262.236799999999	2.6319957407229038		
13263.1472	0.026399999998830026	RippleTimeIntervals					13263.163999999997	1.2968020553372248		
13266.343999999997	0.03680000000167638	RippleTimeIntervals					13266.352799999999	1.2347188157502347		
13275.577599999999	0.05760000000009313	RippleTimeIntervals					13275.627199999999	1.658470553653435		
13275.663199999999	0.058399999998073326	RippleTimeIntervals					13275.694399999998	3.268619839004224		
13277.0016	0.04079999999885331	RippleTimeIntervals					13277.009599999998	3.602612895820844		
13277.324799999999	0.06400000000030559	RippleTimeIntervals					13277.377599999998	6.531980504866705		
13286.916799999999	0.0367999999980384	RippleTimeIntervals					13286.924799999997	1.8104701960413332		
13287.487999999998	0.042400000002089655	RippleTimeIntervals					13287.5104	4.049771148754257		
13293.211199999998	0.03680000000167638	RippleTimeIntervals					13293.230399999999	4.286218525310495		
13300.183999999997	0.04400000000168802	RippleTimeIntervals					13300.209599999998	1.8682143023094209		
13300.251199999999	0.028800000000046566	RippleTimeIntervals					13300.260799999998	1.5195520991903395		
13304.330399999999	0.05439999999907741	RippleTimeIntervals					13304.341599999998	1.4221080475158376		
13305.308799999999	0.04320000000006985	RippleTimeIntervals					13305.320799999998	3.8649298306877307		
13314.325599999998	0.037599999999656575	RippleTimeIntervals					13314.351199999997	2.760996679901947		
13315.415999999997	0.060800000001108856	RippleTimeIntervals					13315.441599999998	3.0284576869281246		
13316.888799999999	0.06719999999950232	RippleTimeIntervals					13316.928799999998	3.147045843286636		
13331.3128	0.0319999999992433	RippleTimeIntervals					13331.324799999999	3.1857997740547668		
13331.971199999998	0.06559999999990396	RippleTimeIntervals					13332.0104	1.1776551875258965		
13332.32	0.06079999999928987	RippleTimeIntervals					13332.336799999997	3.6811605647533594		
13334.759999999998	0.03600000000005821	RippleTimeIntervals					13334.7712	8.064692860183		
13335.375199999999	0.03280000000086147	RippleTimeIntervals					13335.391999999998	0.6799250682356993		
13335.601599999998	0.02959999999984575	RippleTimeIntervals					13335.608799999998	2.9278458430974403		
13336.005599999999	0.023199999999633292	RippleTimeIntervals					13336.0248	0.5196259746405556		
13336.483199999999	0.02959999999984575	RippleTimeIntervals					13336.497599999999	2.8512747047632887		
13336.584799999999	0.04960000000028231	RippleTimeIntervals					13336.6112	4.9106849204683245		
13336.795999999998	0.02080000000023574	RippleTimeIntervals					13336.808799999999	0.4675735197294556		
13336.998399999999	0.021600000000034925	RippleTimeIntervals					13337.009599999998	1.752089305752384		
13337.608799999998	0.040000000000873115	RippleTimeIntervals					13337.621599999999	3.2575371624419986		
13350.647999999997	0.04320000000006985	RippleTimeIntervals					13350.669599999997	0.894279140789603		
13352.614399999999	0.0319999999992433	RippleTimeIntervals					13352.622399999998	3.762228230199046		
13352.885599999998	0.03680000000167638	RippleTimeIntervals					13352.890399999998	2.1464250128460147		
13353.210399999998	0.05279999999947904	RippleTimeIntervals					13353.237599999999	3.414832679375116		
13356.675199999998	0.0272000000004482	RippleTimeIntervals					13356.6976	0.4540615897714442		
13356.735999999997	0.04080000000249129	RippleTimeIntervals					13356.764	3.8064409682049294		
13356.947999999999	0.02959999999984575	RippleTimeIntervals					13356.9728	0.4330007279788654		
13358.655199999997	0.0544000000008964	RippleTimeIntervals					13358.6992	3.318272120712426		
13366.372	0.0319999999992433	RippleTimeIntervals					13366.385599999998	1.6436434503904132		
13366.574399999998	0.040000000000873115	RippleTimeIntervals					13366.5968	2.7043741215001433		
13366.640799999997	0.05040000000008149	RippleTimeIntervals					13366.663999999997	2.233902344594477		
13366.723199999999	0.04640000000108557	RippleTimeIntervals					13366.7336	3.650848317492982		
13367.119199999997	0.08960000000115542	RippleTimeIntervals					13367.167999999998	3.943450009674238		
13367.300799999997	0.04640000000108557	RippleTimeIntervals					13367.3144	4.811763898858281		
13368.630399999998	0.04560000000128639	RippleTimeIntervals					13368.645599999998	1.013869182623758		
13382.166399999998	0.042400000000270666	RippleTimeIntervals					13382.171999999999	0.8568928379979014		
13382.897599999998	0.030399999999644933	RippleTimeIntervals					13382.920799999998	0.4951316127777326		
13382.999999999998	0.04960000000028231	RippleTimeIntervals					13383.027199999999	0.46639218526713083		
13394.526399999999	0.042399999998451676	RippleTimeIntervals					13394.5592	6.041647196522157		
13396.068799999997	0.11040000000139116	RippleTimeIntervals					13396.162399999997	4.799581029744597		
13399.012799999999	0.02480000000105065	RippleTimeIntervals					13399.033599999999	0.9081467369926167		
13406.2784	0.035199999998440035	RippleTimeIntervals					13406.2856	0.4407573969457413		
13423.413599999998	0.028000000000247383	RippleTimeIntervals					13423.433599999998	0.4668598775557868		
13429.250399999997	0.07200000000011642	RippleTimeIntervals					13429.309599999999	0.8389573022690007		
13440.919999999998	0.04399999999986903	RippleTimeIntervals					13440.947999999999	0.8167739958842045		
13443.584799999999	0.05199999999967986	RippleTimeIntervals					13443.626399999997	1.0785340122072924		
13445.414399999998	0.058400000001711305	RippleTimeIntervals					13445.449599999998	2.477854855551079		
13448.5824	0.026399999998830026	RippleTimeIntervals					13448.593599999998	1.2313920942078056		
13461.038399999998	0.031200000001263106	RippleTimeIntervals					13461.065599999998	0.873566464686118		
13461.326399999998	0.02959999999984575	RippleTimeIntervals					13461.349599999998	0.6440269313778861		
13461.5104	0.020000000000436557	RippleTimeIntervals					13461.519199999999	0.9314167626551929		
13467.543999999998	0.0319999999992433	RippleTimeIntervals					13467.568	0.8963203783935407		
13469.586399999998	0.04160000000047148	RippleTimeIntervals					13469.613599999999	2.328793242974626		
13473.662399999997	0.02480000000105065	RippleTimeIntervals					13473.673599999998	2.48065090366524		
13479.977599999998	0.04799999999886495	RippleTimeIntervals					13480.0104	1.218245480913596		
13483.108799999998	0.05040000000008149	RippleTimeIntervals					13483.1184	0.42476148623612453		
13483.260799999998	0.037600000001475564	RippleTimeIntervals					13483.271999999997	2.0479330231497657		
13493.093599999998	0.09439999999995052	RippleTimeIntervals					13493.134399999999	6.446941952551729		
13503.809599999999	0.07439999999951397	RippleTimeIntervals					13503.8432	3.4692008356641577		
13507.408	0.048799999998664134	RippleTimeIntervals					13507.431999999997	1.3242631191537872		
13507.795999999998	0.051199999999880674	RippleTimeIntervals					13507.8288	2.5038034461078262		
13507.870399999998	0.08159999999952561	RippleTimeIntervals					13507.9368	4.164500395824659		
13518.385599999998	0.06480000000010477	RippleTimeIntervals					13518.408799999997	3.682407937495248		
13520.229599999999	0.03359999999884167	RippleTimeIntervals					13520.234399999998	0.9864220580974269		
13521.550399999998	0.04640000000108557	RippleTimeIntervals					13521.588	4.23408424077768		
13521.695999999998	0.06879999999910069	RippleTimeIntervals					13521.743999999999	2.6250900465301257		
13522.891999999998	0.030400000001463923	RippleTimeIntervals					13522.914399999998	1.4083742430025217		
13522.978399999998	0.04640000000108557	RippleTimeIntervals					13523.011199999997	5.188075860900841		
13524.730399999999	0.05439999999907741	RippleTimeIntervals					13524.7496	4.262020960916055		
13524.847999999998	0.06079999999928987	RippleTimeIntervals					13524.882399999999	6.73534091852126		
13528.015199999998	0.08320000000094296	RippleTimeIntervals					13528.071999999998	4.916724295051718		
13528.275199999998	0.0680000000011205	RippleTimeIntervals					13528.303199999998	3.8915675326281844		
13539.038399999998	0.06400000000030559	RippleTimeIntervals					13539.058399999998	2.3820991740578483		
13540.584799999999	0.05760000000009313	RippleTimeIntervals					13540.607199999999	7.654707382059581		
13545.187199999998	0.023199999999633292	RippleTimeIntervals					13545.203199999998	1.2419925475217655		
13546.120799999999	0.03599999999823922	RippleTimeIntervals					13546.148799999999	0.965012866812168		
13548.5664	0.05759999999827414	RippleTimeIntervals					13548.612799999999	4.633661122157171		
13549.004799999999	0.042399999998451676	RippleTimeIntervals					13549.026399999999	1.1882204392405549		
13553.3416	0.062399999998888234	RippleTimeIntervals					13553.358399999997	3.158155955649144		
13560.290399999998	0.0544000000008964	RippleTimeIntervals					13560.317599999998	6.930087300738486		
13560.388799999999	0.03360000000066066	RippleTimeIntervals					13560.394399999997	0.5488359391503301		
13560.468799999999	0.03839999999945576	RippleTimeIntervals					13560.4872	4.908470867983945		
13562.363999999998	0.06400000000030559	RippleTimeIntervals					13562.401599999997	8.29293556797727		
13564.047199999997	0.09360000000015134	RippleTimeIntervals					13564.119199999997	3.134608093135081		
13564.4368	0.02479999999923166	RippleTimeIntervals					13564.441599999998	0.5780741801896224		
13570.931999999997	0.0272000000004482	RippleTimeIntervals					13570.947999999999	3.6599815075308526		
13577.887199999997	0.030399999999644933	RippleTimeIntervals					13577.897599999998	2.2931116917034897		
13579.5608	0.07920000000012806	RippleTimeIntervals					13579.599999999999	5.113724856779136		
13582.417599999997	0.04560000000128639	RippleTimeIntervals					13582.447199999999	0.873551116494643		
13593.0968	0.044799999999668216	RippleTimeIntervals					13593.108799999998	1.3542032880138506		
13593.8576	0.03600000000005821	RippleTimeIntervals					13593.873599999999	6.790963376412928		
13594.975999999999	0.03280000000086147	RippleTimeIntervals					13594.998399999999	1.4416731837904169		
13595.159199999998	0.05760000000009313	RippleTimeIntervals					13595.193599999999	5.663690040771943		
13595.239199999998	0.03679999999985739	RippleTimeIntervals					13595.264	3.507639431400074		
13600.995199999998	0.03360000000066066	RippleTimeIntervals					13601.007199999998	2.597819825639666		
13603.861599999998	0.021600000000034925	RippleTimeIntervals					13603.869599999998	0.8119748642119357		
13603.978399999998	0.03440000000045984	RippleTimeIntervals					13604.0032	2.83706207769207		
13607.114399999999	0.028000000000247383	RippleTimeIntervals					13607.137599999998	0.677608902631885		
13611.973599999998	0.028000000002066372	RippleTimeIntervals					13611.993599999998	2.041511851079262		
13612.617599999998	0.03280000000086147	RippleTimeIntervals					13612.635199999999	2.243460617250959		
13613.205599999998	0.02480000000105065	RippleTimeIntervals					13613.223199999999	2.2993231336011615		
13615.112799999999	0.053599999999278225	RippleTimeIntervals					13615.146399999998	6.041003490806895		
13616.810399999998	0.04960000000028231	RippleTimeIntervals					13616.831999999999	4.2888300759365565		
13620.148799999999	0.03919999999925494	RippleTimeIntervals					13620.176799999997	11.287946071530953		
13621.621599999999	0.08159999999952561	RippleTimeIntervals					13621.671199999997	5.761220510977639		
13626.029599999998	0.06240000000070722	RippleTimeIntervals					13626.079999999998	0.8585163759188946		
13630.405599999998	0.118399999999383	RippleTimeIntervals					13630.48	5.393115027054392		
13643.050399999998	0.03600000000005821	RippleTimeIntervals					13643.071199999998	4.087095373525174		
13644.006399999998	0.07840000000032887	RippleTimeIntervals					13644.063999999998	5.377192317587647		
13645.147999999997	0.05680000000211294	RippleTimeIntervals					13645.194399999998	1.7421756024953803		
13645.293599999997	0.04160000000047148	RippleTimeIntervals					13645.3144	7.670501239695739		
13647.692	0.048800000000483124	RippleTimeIntervals					13647.7208	2.4384365738833544		
13652.7424	0.062399999998888234	RippleTimeIntervals					13652.789599999998	6.751968921560175		
13653.134399999999	0.032799999999042484	RippleTimeIntervals					13653.1544	2.3045135124833047		
13656.374399999999	0.035200000000259024	RippleTimeIntervals					13656.398399999998	2.0741464929496667		
13659.5232	0.04399999999805004	RippleTimeIntervals					13659.543199999998	5.422620519589201		
13665.568	0.031199999999444117	RippleTimeIntervals					13665.572799999998	0.41738886331085145		
13668.6328	0.09039999999913562	RippleTimeIntervals					13668.662399999997	5.384677909357412		
13671.373599999999	0.031199999999444117	RippleTimeIntervals					13671.388799999999	1.4156970419658301		
13678.316799999999	0.06960000000071886	RippleTimeIntervals					13678.345599999999	5.177546768754794		
13682.635999999999	0.12800000000061118	RippleTimeIntervals					13682.7424	6.465434297374516		
13684.403999999999	0.023999999999432475	RippleTimeIntervals					13684.414399999998	7.697238820520623		
13695.043999999998	0.03840000000127475	RippleTimeIntervals					13695.074399999998	2.0511123283486503		
13695.247199999998	0.0319999999992433	RippleTimeIntervals					13695.258399999999	3.5349140558552103		
13696.627999999999	0.021600000000034925	RippleTimeIntervals					13696.635999999999	4.386264585591729		
13703.927999999998	0.05200000000149885	RippleTimeIntervals					13703.964799999998	2.3060284342556683		
13704.171199999997	0.035200000002078013	RippleTimeIntervals					13704.179199999999	3.779713722299634		
13705.2768	0.04079999999885331	RippleTimeIntervals					13705.300799999997	3.088064286440729		
13708.202399999998	0.024000000001251465	RippleTimeIntervals					13708.218399999998	2.5421901705550485		
13709.908	0.06480000000010477	RippleTimeIntervals					13709.9584	5.337048890623266		
13710.316799999999	0.025599999999030842	RippleTimeIntervals					13710.326399999998	0.7803972883727458		
13710.376799999998	0.0272000000004482	RippleTimeIntervals					13710.392799999998	5.282354263005925		
13711.979199999998	0.05199999999967986	RippleTimeIntervals					13712.0032	14.016427800091265		
13712.115999999998	0.03280000000086147	RippleTimeIntervals					13712.129599999998	5.259836350189281		
13717.449599999998	0.03360000000066066	RippleTimeIntervals					13717.470399999998	1.657170715036241		
13718.516	0.06480000000010477	RippleTimeIntervals					13718.559999999998	3.838482278524523		
13718.775999999998	0.035200000000259024	RippleTimeIntervals					13718.791999999998	5.071874295786399		
13734.631199999998	0.08400000000074215	RippleTimeIntervals					13734.682399999998	3.8348548276423284		
13738.8936	0.0639999999984866	RippleTimeIntervals					13738.926399999998	6.8041906464499124		
13744.354399999998	0.04160000000047148	RippleTimeIntervals					13744.375199999999	3.8141918185837618		
13744.480799999998	0.051200000001699664	RippleTimeIntervals					13744.506399999998	6.681532052649347		
13751.963999999998	0.04719999999906577	RippleTimeIntervals					13751.991199999999	3.6805423082775524		
13756.643199999999	0.02959999999984575	RippleTimeIntervals					13756.6472	0.6833718310521051		
13761.005599999999	0.0408000000006723	RippleTimeIntervals					13761.026399999999	1.8230263869473338		
13763.045599999998	0.024000000001251465	RippleTimeIntervals					13763.056799999998	2.768546440469558		
13764.362399999998	0.044799999999668216	RippleTimeIntervals					13764.387999999999	6.1240531055088985		
13765.516799999998	0.028800000000046566	RippleTimeIntervals					13765.534399999999	4.133315588218303		
13767.141599999999	0.04079999999885331	RippleTimeIntervals					13767.149599999999	2.1190198184247246		
13767.339999999998	0.02080000000023574	RippleTimeIntervals					13767.354399999998	0.7308254439123988		
13767.899199999998	0.048800000000483124	RippleTimeIntervals					13767.935199999998	1.6622108719073405		
13769.826399999998	0.05040000000008149	RippleTimeIntervals					13769.868799999998	1.7020879210410673		
13769.996	0.03440000000045984	RippleTimeIntervals					13770.0232	0.8188762485465619		
13786.428799999998	0.03919999999925494	RippleTimeIntervals					13786.444799999997	1.8511413733225732		
13786.572799999998	0.05760000000009313	RippleTimeIntervals					13786.603199999998	5.183631783567235		
13786.947999999999	0.03679999999985739	RippleTimeIntervals					13786.970399999998	1.9879844420833745		
13788.6184	0.026399999998830026	RippleTimeIntervals					13788.623199999998	0.533969341846386		
13788.764799999997	0.02320000000145228	RippleTimeIntervals					13788.773599999999	1.0842703076096274		
13789.192799999997	0.05760000000009313	RippleTimeIntervals					13789.225599999998	1.8922842125102342		
13790.0664	0.0591999999996915	RippleTimeIntervals					13790.107199999999	9.738811914318514		
13791.311999999998	0.06240000000070722	RippleTimeIntervals					13791.337599999999	4.375059180488029		
13791.906399999998	0.04800000000068394	RippleTimeIntervals					13791.935999999998	1.3955486794398018		
13792.8864	0.025599999999030842	RippleTimeIntervals					13792.899999999998	4.449605796249294		
13792.999999999998	0.02959999999984575	RippleTimeIntervals					13793.020799999998	0.6669079960336631		
13793.627199999999	0.0367999999980384	RippleTimeIntervals					13793.656799999999	1.8829230643419195		
13793.797599999998	0.0319999999992433	RippleTimeIntervals					13793.819199999998	0.8988236395618204		
13794.6328	0.02479999999923166	RippleTimeIntervals					13794.636799999998	0.4186477079369539		
13804.063999999998	0.048800000000483124	RippleTimeIntervals					13804.074399999998	7.286583483145829		
13804.201599999999	0.025599999999030842	RippleTimeIntervals					13804.210399999998	1.1778360293948833		
13804.774399999998	0.07760000000052969	RippleTimeIntervals					13804.8272	7.860170983435923		
13805.361599999998	0.058399999999892316	RippleTimeIntervals					13805.399199999998	2.041032368268867		
13808.483199999999	0.025600000000849832	RippleTimeIntervals					13808.499999999998	0.5045134703955368		
13811.3216	0.02479999999923166	RippleTimeIntervals					13811.339199999999	0.7690456145063335		
13811.751999999999	0.023999999999432475	RippleTimeIntervals					13811.767999999998	0.5251049782298716		
13812.490399999999	0.027999999998428393	RippleTimeIntervals					13812.495199999998	0.7418163575913763		
13828.401599999997	0.05680000000211294	RippleTimeIntervals					13828.450399999998	1.3660202881229297		
13842.3504	0.04959999999846332	RippleTimeIntervals					13842.384799999998	4.652361303394618		
13845.6976	0.05040000000008149	RippleTimeIntervals					13845.7192	5.52380986690004		
13846.2928	0.04399999999805004	RippleTimeIntervals					13846.323199999999	1.2560043040721636		
13850.029599999998	0.07359999999971478	RippleTimeIntervals					13850.078399999999	4.575921687880864		
13850.248799999998	0.06639999999970314	RippleTimeIntervals					13850.2928	5.853180736133449		
13852.138399999998	0.03440000000045984	RippleTimeIntervals					13852.143199999999	0.4875517044328746		
13852.383999999998	0.03679999999985739	RippleTimeIntervals					13852.4008	6.38320488855302		
13856.079199999998	0.032799999999042484	RippleTimeIntervals					13856.083199999997	0.6439836711605205		
13856.140799999997	0.025600000000849832	RippleTimeIntervals					13856.162399999997	0.43796964625947055		
13856.3216	0.042399999998451676	RippleTimeIntervals					13856.337599999999	5.838931054912216		
13856.498399999999	0.03360000000066066	RippleTimeIntervals					13856.512799999999	1.9796561649134539		
13863.924799999997	0.06160000000090804	RippleTimeIntervals					13863.969599999999	3.6972694375347657		
13864.295199999999	0.0408000000006723	RippleTimeIntervals					13864.3	0.9728117983952393		
13881.787999999999	0.02719999999862921	RippleTimeIntervals					13881.807999999997	0.8165649504696506		
13883.277599999998	0.03200000000106229	RippleTimeIntervals					13883.302399999999	0.5382304606848668		
13883.343999999997	0.035200000002078013	RippleTimeIntervals					13883.366399999999	2.57497653892524		
13897.076799999999	0.030399999999644933	RippleTimeIntervals					13897.1024	1.3657164407123128		
13898.660799999998	0.040000000000873115	RippleTimeIntervals					13898.685599999997	0.8495243163982623		
13900.076799999999	0.03600000000005821	RippleTimeIntervals					13900.099199999999	3.278805749966613		
13903.64	0.0591999999996915	RippleTimeIntervals					13903.670399999999	4.320662462412553		
13904.543999999998	0.09200000000055297	RippleTimeIntervals					13904.583999999999	2.615204367346541		
13907.1328	0.030399999999644933	RippleTimeIntervals					13907.142399999999	0.6215906069710848		
13910.6904	0.023199999999633292	RippleTimeIntervals					13910.701599999999	1.5779156881750545		
13910.781599999998	0.11440000000038708	RippleTimeIntervals					13910.878399999998	3.1938899561776384		
13920.543999999998	0.0544000000008964	RippleTimeIntervals					13920.591199999999	0.9331493936638448		
13924.239199999998	0.0408000000006723	RippleTimeIntervals					13924.272799999999	1.4237668972666413		
13924.8216	0.09519999999974971	RippleTimeIntervals					13924.875199999999	3.715771774486148		
13925.1688	0.0367999999980384	RippleTimeIntervals					13925.195199999998	5.4813393439300055		
13931.721599999997	0.1040000000011787	RippleTimeIntervals					13931.764	1.9077492228910171		
13934.880799999999	0.02479999999923166	RippleTimeIntervals					13934.901599999997	1.2263118676693319		
13937.047199999997	0.04560000000128639	RippleTimeIntervals					13937.068	3.847545583128233		
13937.3072	0.07119999999849824	RippleTimeIntervals					13937.326399999998	5.139330982916232		
13938.227199999998	0.030399999999644933	RippleTimeIntervals					13938.250399999997	1.7532122545107511		
13938.800799999997	0.060800000001108856	RippleTimeIntervals					13938.823999999999	5.63656190817627		
13938.971999999998	0.04320000000006985	RippleTimeIntervals					13938.995199999998	8.843112757952774		
13939.941599999998	0.040000000000873115	RippleTimeIntervals					13939.963199999998	4.117296661973223		
13941.028799999998	0.04640000000108557	RippleTimeIntervals					13941.056799999998	5.4917079077886575		
13948.551199999998	0.03600000000005821	RippleTimeIntervals					13948.571999999998	2.705520104651572		
13955.212799999998	0.053600000001097214	RippleTimeIntervals					13955.243999999999	0.9199353313564574		
13956.021599999998	0.060800000001108856	RippleTimeIntervals					13956.049599999998	0.6123566051458272		
13966.032	0.06079999999928987	RippleTimeIntervals					13966.068	3.9375389921518402		
13966.1992	0.053599999999278225	RippleTimeIntervals					13966.232799999998	1.652281611132383		
13968.387999999999	0.031199999999444117	RippleTimeIntervals					13968.412799999998	0.5315137270680809		
13972.3576	0.05679999999847496	RippleTimeIntervals					13972.398399999998	0.7327487481801964		
13972.5304	0.05199999999967986	RippleTimeIntervals					13972.5736	4.6803194506052375		
13972.665599999998	0.10239999999976135	RippleTimeIntervals					13972.7552	3.126634041460443		
13974.456799999998	0.04640000000108557	RippleTimeIntervals					13974.461599999999	0.4148826765567798		
13982.409599999999	0.058399999998073326	RippleTimeIntervals					13982.425599999999	9.173159555359756		
13987.264799999997	0.028800000000046566	RippleTimeIntervals					13987.283199999998	4.348178912641179		
13998.832799999998	0.022399999999834108	RippleTimeIntervals					13998.838399999999	0.5754833054436493		
14005.437599999997	0.05040000000008149	RippleTimeIntervals					14005.475999999999	1.1978516968289683		
14020.296799999998	0.04399999999986903	RippleTimeIntervals					14020.336799999997	0.4701079923632083		
14020.417599999999	0.04800000000068394	RippleTimeIntervals					14020.4456	3.5444116673101487		
14020.747199999998	0.031200000001263106	RippleTimeIntervals					14020.7624	2.30792109997956		
14028.996	0.0272000000004482	RippleTimeIntervals					14029.015199999998	0.9551870712823602		
14033.109599999998	0.06559999999990396	RippleTimeIntervals					14033.139199999998	3.8501223151877664		
14033.6688	0.044799999999668216	RippleTimeIntervals					14033.694399999998	5.4569172094965746		
14034.366399999999	0.06159999999908905	RippleTimeIntervals					14034.391999999998	3.9541319671046207		
14035.261599999998	0.03680000000167638	RippleTimeIntervals					14035.2768	4.517003421716626		
14039.385599999998	0.0408000000006723	RippleTimeIntervals					14039.397599999998	0.8642961335152191		
14046.771999999997	0.035200000002078013	RippleTimeIntervals					14046.791999999998	3.644088844995535		
14054.5448	0.037599999999656575	RippleTimeIntervals					14054.568	2.593171075454376		
14066.9008	0.04320000000006985	RippleTimeIntervals					14066.933599999998	3.9774158020584762		
14067.853599999999	0.04160000000047148	RippleTimeIntervals					14067.869599999998	11.140987773968234		
14078.800799999997	0.037600000001475564	RippleTimeIntervals					14078.8144	2.299781859560974		
14090.816799999999	0.08879999999953725	RippleTimeIntervals					14090.8272	4.233072496971114		
14091.419999999998	0.10320000000137952	RippleTimeIntervals					14091.505599999999	5.651828153945487		
14107.969599999999	0.0455999999994674	RippleTimeIntervals					14107.987999999998	1.6135460264994195		
14109.0232	0.06319999999868742	RippleTimeIntervals					14109.052	4.113976309380066		
14110.867199999999	0.051199999999880674	RippleTimeIntervals					14110.901599999997	2.9675249221121036		
14116.0952	0.04719999999906577	RippleTimeIntervals					14116.130399999998	2.9281604823712146		
14116.7064	0.11599999999816646	RippleTimeIntervals					14116.773599999999	6.507424263159599		
14117.431199999999	0.04079999999885331	RippleTimeIntervals					14117.463999999998	0.798709349402329		
14117.702399999998	0.035200000000259024	RippleTimeIntervals					14117.729599999999	1.6890565087886533		
14119.795199999999	0.08719999999993888	RippleTimeIntervals					14119.831199999999	4.780787085868068		
14122.606399999999	0.05680000000029395	RippleTimeIntervals					14122.646399999998	5.14552215233705		
14122.790399999998	0.02479999999923166	RippleTimeIntervals					14122.7984	7.3618660105993134		
14123.157599999999	0.023199999999633292	RippleTimeIntervals					14123.172799999998	1.6324835802443705		
14127.273599999999	0.0680000000011205	RippleTimeIntervals					14127.325599999998	3.4263440509746403		
14127.827999999998	0.044799999999668216	RippleTimeIntervals					14127.853599999999	2.062467452759125		
14128.499999999998	0.11679999999978463	RippleTimeIntervals					14128.576799999999	6.196297629756926		
14129.446399999997	0.05280000000129803	RippleTimeIntervals					14129.484799999998	4.525573078979468		
14130.021599999998	0.044800000001487206	RippleTimeIntervals					14130.058399999998	1.4825445679338438		
14130.996799999997	0.02480000000105065	RippleTimeIntervals					14131.0104	1.6456207577916913		
14131.260799999998	0.020000000000436557	RippleTimeIntervals					14131.2696	0.47220765894886657		
14131.442399999998	0.03440000000045984	RippleTimeIntervals					14131.450399999998	0.5744480642232942		
14131.599199999999	0.04960000000028231	RippleTimeIntervals					14131.633599999997	3.09346239046224		
14132.163999999999	0.02479999999923166	RippleTimeIntervals					14132.180799999998	2.206147692688119		
14132.291999999998	0.04400000000168802	RippleTimeIntervals					14132.327999999998	3.877860243803974		
14136.552799999998	0.037599999999656575	RippleTimeIntervals					14136.5824	1.4203411756178468		
14136.679199999999	0.0319999999992433	RippleTimeIntervals					14136.699999999997	5.192793628484288		
14136.8	0.03359999999884167	RippleTimeIntervals					14136.825599999998	4.998153883871405		
14137.656799999999	0.04960000000028231	RippleTimeIntervals					14137.672799999998	4.458652329263629		
14143.8864	0.023999999999432475	RippleTimeIntervals					14143.890399999998	0.4745918386051472		
14151.369599999998	0.06559999999990396	RippleTimeIntervals					14151.417599999999	4.508955382016521		
14153.286399999997	0.02960000000166474	RippleTimeIntervals					14153.307999999997	2.3065730209712814		
14159.892799999998	0.03600000000005821	RippleTimeIntervals					14159.920799999998	0.8035381301656105		
14165.259999999998	0.035200000000259024	RippleTimeIntervals					14165.2696	0.4289997872545494		
14165.469599999999	0.023199999999633292	RippleTimeIntervals					14165.473599999998	0.493698944335941		
14172.252799999998	0.056000000000494765	RippleTimeIntervals					14172.2856	4.125523803195815		
14173.016	0.09839999999894644	RippleTimeIntervals					14173.0536	2.366263424663566		
14174.331999999999	0.042400000000270666	RippleTimeIntervals					14174.363199999998	4.053802367417076		
14174.695199999998	0.05760000000009313	RippleTimeIntervals					14174.728	3.656883107392628		
14175.4528	0.021600000000034925	RippleTimeIntervals					14175.457599999998	1.3985937588482407		
14184.889599999999	0.06079999999928987	RippleTimeIntervals					14184.9368	0.7981719768860943		
14187.398399999998	0.03280000000086147	RippleTimeIntervals					14187.406399999998	0.4398096142288753		
14189.059999999998	0.03360000000066066	RippleTimeIntervals					14189.068799999997	0.8241291067643143		
14195.171999999999	0.042399999998451676	RippleTimeIntervals					14195.202399999998	1.6043133229671491		
14205.039999999997	0.02480000000105065	RippleTimeIntervals					14205.058399999998	1.2183201578743528		
14205.531199999998	0.06000000000130967	RippleTimeIntervals					14205.583199999997	3.300766166412372		
14207.3648	0.07200000000011642	RippleTimeIntervals					14207.403199999999	4.542455516244323		
14207.495199999998	0.03280000000086147	RippleTimeIntervals					14207.5176	2.8888723752897434		
14208.383999999998	0.04399999999986903	RippleTimeIntervals					14208.416799999999	1.4202123300487566		
14220.315999999999	0.02959999999984575	RippleTimeIntervals					14220.338399999999	1.1248521235480762		
14220.543999999998	0.03600000000005821	RippleTimeIntervals					14220.549599999998	0.4179915239093466		
14220.683999999997	0.040000000000873115	RippleTimeIntervals					14220.696799999998	1.185435721528717		
14221.072799999998	0.058399999999892316	RippleTimeIntervals					14221.104	0.7061028005403459		
14221.180799999998	0.07040000000051805	RippleTimeIntervals					14221.203999999998	6.140381431782372		
14226.3056	0.08239999999932479	RippleTimeIntervals					14226.366399999999	1.246558648875871		
14229.790399999998	0.058400000001711305	RippleTimeIntervals					14229.8128	3.442782485064521		
14230.471199999998	0.021600000000034925	RippleTimeIntervals					14230.477599999998	2.463329323585244		
14231.2064	0.031199999999444117	RippleTimeIntervals					14231.223999999998	3.7957095383699633		
14234.7928	0.06079999999928987	RippleTimeIntervals					14234.813599999998	1.5294418058342558		
14234.971199999998	0.053600000001097214	RippleTimeIntervals					14234.982399999997	3.890680321462242		
14235.617599999998	0.047200000000884756	RippleTimeIntervals					14235.631999999998	1.1456790707187783		
14240.165599999998	0.0455999999994674	RippleTimeIntervals					14240.1832	4.553292364021858		
14244.035999999998	0.05680000000029395	RippleTimeIntervals					14244.068799999997	1.5580939560393576		
14244.169599999997	0.053600000001097214	RippleTimeIntervals					14244.194399999998	4.405209282323741		
14252.083199999997	0.03680000000167638	RippleTimeIntervals					14252.107199999999	0.7552676645174535		
14254.504799999999	0.040000000000873115	RippleTimeIntervals					14254.526399999999	1.0987288113631235		
14254.808799999999	0.042399999998451676	RippleTimeIntervals					14254.823999999999	4.01258194311117		
14258.695999999998	0.04160000000047148	RippleTimeIntervals					14258.721599999997	3.8667545334276827		
14258.853599999999	0.056000000000494765	RippleTimeIntervals					14258.875199999999	5.920886356602269		
14260.631199999998	0.022399999999834108	RippleTimeIntervals					14260.642399999999	2.804465494520596		
14260.712799999998	0.03360000000066066	RippleTimeIntervals					14260.737599999999	0.6688237411973953		
14260.935999999998	0.03600000000005821	RippleTimeIntervals					14260.963999999998	0.5279553038651577		
14273.497599999999	0.03919999999925494	RippleTimeIntervals					14273.519999999999	3.4103170283882345		
14273.731999999998	0.042400000000270666	RippleTimeIntervals					14273.7624	4.009542577621642		
14274.052799999998	0.04400000000168802	RippleTimeIntervals					14274.063999999998	1.747294527591722		
14274.699999999997	0.040000000000873115	RippleTimeIntervals					14274.725599999998	0.7234738525132915		
14275.428799999998	0.04400000000168802	RippleTimeIntervals					14275.443199999998	0.5033791697108654		
14278.067199999998	0.07120000000031723	RippleTimeIntervals					14278.127199999999	1.1563266458901134		
14280.147999999997	0.02320000000145228	RippleTimeIntervals					14280.159199999998	2.0948981856100692		
14284.699999999997	0.02960000000166474	RippleTimeIntervals					14284.7136	1.4964429561039327		
14289.151199999998	0.035200000000259024	RippleTimeIntervals					14289.1832	0.43324586406240734		
14290.110399999998	0.06880000000091968	RippleTimeIntervals					14290.158399999998	3.1739070626787758		
14294.735999999997	0.02960000000166474	RippleTimeIntervals					14294.741599999998	0.7426780130088342		
14298.179999999998	0.03839999999945576	RippleTimeIntervals					14298.209599999998	1.9759964248581277		
14302.169599999997	0.03360000000066066	RippleTimeIntervals					14302.1992	0.5866147884870707		
14302.855199999998	0.028800000000046566	RippleTimeIntervals					14302.860799999999	1.0573916289202323		
14314.215199999999	0.03919999999925494	RippleTimeIntervals					14314.247199999998	1.2557882468000245		
14314.339999999998	0.039999999999054126	RippleTimeIntervals					14314.362399999998	4.5232192299555685		
14321.255199999998	0.04960000000028231	RippleTimeIntervals					14321.277599999998	2.547535222964403		
14321.427999999998	0.03679999999985739	RippleTimeIntervals					14321.454399999999	5.39113604425942		
14322.105599999999	0.13519999999880383	RippleTimeIntervals					14322.228799999999	5.483896582821647		
14326.367199999999	0.06400000000030559	RippleTimeIntervals					14326.419999999998	2.925231723264621		
14326.6328	0.037599999999656575	RippleTimeIntervals					14326.652799999998	3.9114672511324438		
14338.584799999999	0.07840000000032887	RippleTimeIntervals					14338.640799999997	4.663988243866505		
14339.4296	0.046399999999266583	RippleTimeIntervals					14339.4528	0.7205128712721509		
14341.395199999999	0.03679999999985739	RippleTimeIntervals					14341.420799999998	7.755141211430516		
14342.261599999998	0.03679999999985739	RippleTimeIntervals					14342.290399999998	1.3760188123283332		
14343.012799999999	0.058399999999892316	RippleTimeIntervals					14343.025599999999	7.390198935589523		
14343.163999999999	0.04399999999986903	RippleTimeIntervals					14343.183999999997	9.09338660698806		
14343.921599999998	0.03200000000106229	RippleTimeIntervals					14343.9384	6.151542655411252		
14344.088799999998	0.021600000000034925	RippleTimeIntervals					14344.102399999998	0.9946225828045255		
14346.4368	0.035199999998440035	RippleTimeIntervals					14346.459199999998	1.6248743957220233		
14346.535199999998	0.046399999999266583	RippleTimeIntervals					14346.5608	6.871465539194828		
14347.662399999997	0.048800000000483124	RippleTimeIntervals					14347.683999999997	6.063691609411386		
14347.9672	0.08239999999932479	RippleTimeIntervals					14347.996	3.6239949783499252		
14351.935199999998	0.03440000000045984	RippleTimeIntervals					14351.950399999998	4.506192106570899		
14360.367999999999	0.056000000000494765	RippleTimeIntervals					14360.4152	0.9933232552981547		
14360.498399999999	0.039999999999054126	RippleTimeIntervals					14360.531199999998	1.0742202479465952		
14360.571999999998	0.058399999999892316	RippleTimeIntervals					14360.613599999999	3.7418503120620468		
14363.2856	0.037599999999656575	RippleTimeIntervals					14363.301599999999	7.357388540897912		
14366.330399999999	0.058399999999892316	RippleTimeIntervals					14366.375199999999	1.095799317597975		
14367.512799999999	0.06559999999990396	RippleTimeIntervals					14367.563999999998	6.612281887670397		
14368.051199999998	0.04160000000047148	RippleTimeIntervals					14368.070399999999	7.014932939576167		
14369.655199999997	0.04640000000108557	RippleTimeIntervals					14369.670399999999	3.8449953894162094		
14379.500799999998	0.05760000000009313	RippleTimeIntervals					14379.526399999999	3.912934714954378		
14387.783199999998	0.03919999999925494	RippleTimeIntervals					14387.811199999998	0.46231005053075713		
14397.4456	0.02959999999984575	RippleTimeIntervals					14397.455999999998	0.4072807533370995		
14400.1328	0.13039999999818974	RippleTimeIntervals					14400.252799999998	3.3883700240345433		
14402.237599999999	0.06719999999950232	RippleTimeIntervals					14402.283199999998	1.5346243637481738		
14402.353599999999	0.03280000000086147	RippleTimeIntervals					14402.367999999999	3.528540295322171		
14402.417599999999	0.04320000000006985	RippleTimeIntervals					14402.435199999998	3.369831453976068		
14407.6832	0.07839999999850988	RippleTimeIntervals					14407.707999999999	4.906297067821101		
14412.363199999998	0.03440000000045984	RippleTimeIntervals					14412.392799999998	0.46769200778901343		
14414.325599999998	0.021600000000034925	RippleTimeIntervals					14414.339999999998	1.0748736457666834		
14415.425599999999	0.0727999999999156	RippleTimeIntervals					14415.466399999998	4.550952857296362		
14420.841599999998	0.05999999999949068	RippleTimeIntervals					14420.872799999997	1.374027398341845		
14420.948799999998	0.08079999999972642	RippleTimeIntervals					14420.994399999998	6.551292125359565		
14421.515999999998	0.040000000000873115	RippleTimeIntervals					14421.542399999998	1.2576459280648447		
14422.700799999999	0.0319999999992433	RippleTimeIntervals					14422.7208	3.8454607366031954		
14423.937599999997	0.040000000000873115	RippleTimeIntervals					14423.954399999999	7.889199052876281		
14427.272799999999	0.03919999999925494	RippleTimeIntervals					14427.280799999999	0.4343708453975964		
14436.760799999998	0.028800000000046566	RippleTimeIntervals					14436.774399999998	3.1255941318224796		
14437.015199999998	0.03440000000045984	RippleTimeIntervals					14437.033599999999	9.404787826644897		
14439.468799999999	0.056000000000494765	RippleTimeIntervals					14439.5032	8.364163745609813		
14447.043999999998	0.047200000000884756	RippleTimeIntervals					14447.048799999999	0.5550774758505865		
14450.779199999999	0.05199999999967986	RippleTimeIntervals					14450.803199999998	1.6679924934661505		
14457.127199999999	0.07519999999931315	RippleTimeIntervals					14457.193599999999	2.1550131192522066		
14460.023999999998	0.08720000000175787	RippleTimeIntervals					14460.034399999999	1.768958613189467		
14460.1472	0.0455999999994674	RippleTimeIntervals					14460.172799999998	8.794641575437831		
14466.4728	0.0455999999994674	RippleTimeIntervals					14466.483199999999	7.215147391151838		
14466.538399999998	0.07440000000133296	RippleTimeIntervals					14466.591999999999	6.299936540653073		
14466.761599999998	0.08480000000054133	RippleTimeIntervals					14466.823999999999	2.6932858806440882		
14467.6688	0.04399999999805004	RippleTimeIntervals					14467.685599999999	6.1919495235426325		
14468.733599999998	0.03840000000127475	RippleTimeIntervals					14468.7568	0.6713252851828521		
14469.108799999998	0.02479999999923166	RippleTimeIntervals					14469.1256	2.828663081462349		
14475.381599999999	0.026400000000649015	RippleTimeIntervals					14475.398399999998	2.274865232531767		
14475.545599999998	0.030399999999644933	RippleTimeIntervals					14475.558399999998	3.549939797037405		
14486.798399999998	0.031199999999444117	RippleTimeIntervals					14486.809599999999	3.8801734716643668		
14487.532	0.02079999999841675	RippleTimeIntervals					14487.537599999998	1.231200215051522		
14490.261599999998	0.08719999999993888	RippleTimeIntervals					14490.291999999998	4.933565350291599		
14493.4584	0.0775999999987107	RippleTimeIntervals					14493.5248	6.077489929809097		
14493.6256	0.03359999999884167	RippleTimeIntervals					14493.651199999998	0.4814410352036271		
14493.692	0.04399999999986903	RippleTimeIntervals					14493.7208	2.0599785745806556		
14495.246399999998	0.03360000000066066	RippleTimeIntervals					14495.258399999999	6.000470932506313		
14495.4384	0.020000000000436557	RippleTimeIntervals					14495.453599999999	0.6167821502674042		
14495.6688	0.05199999999967986	RippleTimeIntervals					14495.710399999998	1.2209794635619076		
14498.568	0.021600000000034925	RippleTimeIntervals					14498.573599999998	1.325212658077302		
14500.427999999998	0.02320000000145228	RippleTimeIntervals					14500.447199999999	0.40196896282666705		
14502.012799999999	0.08560000000034051	RippleTimeIntervals					14502.037599999998	4.469289289279986		
14504.243999999999	0.04079999999885331	RippleTimeIntervals					14504.2712	7.213304029604543		
14505.826399999998	0.051199999999880674	RippleTimeIntervals					14505.863199999998	6.441545797026845		
14505.9528	0.07999999999992724	RippleTimeIntervals					14505.997599999999	3.102530589835206		
14506.523999999998	0.035200000000259024	RippleTimeIntervals					14506.537599999998	8.943802776226448		
14507.309599999999	0.04719999999906577	RippleTimeIntervals					14507.329599999997	7.361454414772724		
14507.462399999999	0.06719999999950232	RippleTimeIntervals					14507.491199999999	4.533953043756481		
14515.433599999998	0.053599999999278225	RippleTimeIntervals					14515.471999999998	1.915052969931313		
14516.259199999999	0.04320000000006985	RippleTimeIntervals					14516.267199999998	0.6840149584408354		
14519.9672	0.032799999999042484	RippleTimeIntervals					14519.980799999998	3.992588779784867		
14521.5608	0.023199999999633292	RippleTimeIntervals					14521.571999999998	1.644339928579276		
14522.169599999997	0.022400000001653098	RippleTimeIntervals					14522.187999999998	0.5785449783587214		
14530.794399999999	0.03440000000045984	RippleTimeIntervals					14530.811999999998	4.383310118046767		
14531.074399999998	0.0768000000007305	RippleTimeIntervals					14531.113599999999	8.449473451873311		
14532.1256	0.042399999998451676	RippleTimeIntervals					14532.143999999998	3.699903119514427		
14532.669599999997	0.06640000000152213	RippleTimeIntervals					14532.693599999999	6.566670480656045		
14549.425599999999	0.03359999999884167	RippleTimeIntervals					14549.437599999997	4.1823946975837565		
14550.065599999998	0.0272000000004482	RippleTimeIntervals					14550.0824	2.2405757138904576		
14552.935199999998	0.03200000000106229	RippleTimeIntervals					14552.949599999998	1.0086981051358916		
14553.323199999999	0.03359999999884167	RippleTimeIntervals					14553.342399999998	1.096327291201122		
14558.680799999998	0.058399999999892316	RippleTimeIntervals					14558.715199999999	0.5440481563954007		
14558.786399999999	0.04159999999865249	RippleTimeIntervals					14558.8152	4.667225934676353		
14558.897599999998	0.03600000000005821	RippleTimeIntervals					14558.911199999999	1.3038330644662461		
14560.564799999998	0.03200000000106229	RippleTimeIntervals					14560.580799999998	2.2354141463395267		
14560.868799999998	0.05199999999967986	RippleTimeIntervals					14560.874399999999	0.4889048549296014		
14561.121599999999	0.06719999999950232	RippleTimeIntervals					14561.1616	5.416624937949907		
14561.748799999998	0.030400000001463923	RippleTimeIntervals					14561.7568	1.0360738473197857		
14562.585599999999	0.047200000000884756	RippleTimeIntervals					14562.620799999999	1.2248050413557627		
14562.715199999999	0.028000000000247383	RippleTimeIntervals					14562.7264	5.000882349998233		
14562.7928	0.0639999999984866	RippleTimeIntervals					14562.839199999999	8.590435783574522		
14564.143999999998	0.03440000000045984	RippleTimeIntervals					14564.157599999999	5.621081135093096		
14572.580799999998	0.02080000000023574	RippleTimeIntervals					14572.585599999999	1.198824282486168		
14578.947999999999	0.0272000000004482	RippleTimeIntervals					14578.964799999998	1.0856322114964636		
14579.045599999998	0.048800000000483124	RippleTimeIntervals					14579.083999999999	6.065453565227526		
14580.055199999999	0.04399999999986903	RippleTimeIntervals					14580.079999999998	0.4614184876046597		
14581.927199999998	0.021600000000034925	RippleTimeIntervals					14581.944799999997	0.4153265786024415		
14590.640799999997	0.028800000000046566	RippleTimeIntervals					14590.659199999998	0.5010958161450807		
14593.216799999998	0.048800000000483124	RippleTimeIntervals					14593.243999999999	6.832364473655997		
14593.444799999997	0.06720000000132131	RippleTimeIntervals					14593.460799999999	1.530931895391935		
14593.652799999998	0.03679999999985739	RippleTimeIntervals					14593.685599999999	0.42206915873419387		
14594.8504	0.048799999998664134	RippleTimeIntervals					14594.884799999998	6.083339399059184		
14594.985599999998	0.05199999999967986	RippleTimeIntervals					14595.019199999999	5.02766197482345		
14595.153599999998	0.10080000000016298	RippleTimeIntervals					14595.166399999998	7.375607562597786		
14597.7568	0.062399999998888234	RippleTimeIntervals					14597.7928	4.223005883439273		
14599.411999999998	0.03200000000106229	RippleTimeIntervals					14599.416799999999	0.7370202901714963		
14599.5824	0.0367999999980384	RippleTimeIntervals					14599.600799999998	2.4965002258514977		
14599.951999999997	0.020000000000436557	RippleTimeIntervals					14599.956799999998	0.6702801627486425		
14601.025599999999	0.0319999999992433	RippleTimeIntervals					14601.056799999998	0.44573241620338905		
14602.0	23.0	SleepStates								NREMstate
14606.598399999999	0.02079999999841675	RippleTimeIntervals					14606.607199999999	0.47549545264871573		
14614.434399999998	0.0408000000006723	RippleTimeIntervals					14614.462399999999	1.6089589532473376		
14620.7136	0.062399999998888234	RippleTimeIntervals					14620.765599999999	3.2535332596189988		
14620.944799999997	0.042400000000270666	RippleTimeIntervals					14620.971199999998	1.7330039113280853		
14621.924799999999	0.0591999999996915	RippleTimeIntervals					14621.9528	4.198585271118248		
14626.0	1348.0	SleepStates								WAKEstate
14627.935199999998	0.07600000000093132	RippleTimeIntervals					14627.957599999998	1.7636795285431381		
14629.754399999998	0.042400000000270666	RippleTimeIntervals					14629.777599999998	3.4106044734479566		
14629.931199999999	0.042399999998451676	RippleTimeIntervals					14629.954399999999	4.742909683464008		
14631.5536	0.023999999999432475	RippleTimeIntervals					14631.571199999998	1.7099637492368134		
14636.548799999999	0.02479999999923166	RippleTimeIntervals					14636.561599999999	2.744291929093516		
14636.875999999998	0.09759999999914726	RippleTimeIntervals					14636.957599999998	4.405361397348768		
14637.064799999998	0.09039999999913562	RippleTimeIntervals					14637.093599999998	4.428218149100777		
14644.642399999999	0.06240000000070722	RippleTimeIntervals					14644.688799999998	2.9116709314255944		
14644.743199999999	0.039999999999054126	RippleTimeIntervals					14644.769599999998	4.331463655046216		
14656.052799999998	0.022400000001653098	RippleTimeIntervals					14656.067199999998	0.8395457503049508		
14656.8144	0.035199999998440035	RippleTimeIntervals					14656.844799999999	0.49616567366586933		
14656.946399999999	0.04320000000006985	RippleTimeIntervals					14656.955999999998	0.49684254132597244		
14657.456799999998	0.0591999999996915	RippleTimeIntervals					14657.499999999998	0.6101887225873113		
14658.039999999999	0.02479999999923166	RippleTimeIntervals					14658.057599999998	0.6257310011092143		
14659.164799999999	0.023999999999432475	RippleTimeIntervals					14659.167199999998	0.6376639859024249		
14659.951999999997	0.05680000000029395	RippleTimeIntervals					14660.002399999998	0.9672328658080527		
14663.640799999997	0.02480000000105065	RippleTimeIntervals					14663.645599999998	0.4343466948564116		
14667.673599999998	0.08079999999972642	RippleTimeIntervals					14667.701599999999	4.620184839233422		
14669.072799999998	0.028800000000046566	RippleTimeIntervals					14669.091199999999	1.7362625408342962		
14669.714399999999	0.032799999999042484	RippleTimeIntervals					14669.743199999999	0.45854944181596585		
14669.879999999997	0.056000000000494765	RippleTimeIntervals					14669.920799999998	3.3908892580202448		
14670.341599999998	0.03679999999985739	RippleTimeIntervals					14670.353599999999	1.2033593750644005		
14672.022399999998	0.031200000001263106	RippleTimeIntervals					14672.048799999999	0.5221028032653972		
14673.176799999997	0.024000000001251465	RippleTimeIntervals					14673.1904	1.0364391747863262		
14675.548799999999	0.051199999999880674	RippleTimeIntervals					14675.587999999998	3.1843982475861217		
14675.692799999999	0.023999999999432475	RippleTimeIntervals					14675.712	0.4906609833997569		
14678.539999999999	0.02959999999984575	RippleTimeIntervals					14678.555999999999	3.0647206166911016		
14678.658399999998	0.03440000000045984	RippleTimeIntervals					14678.680799999998	1.0165892414613857		
14679.836799999997	0.05200000000149885	RippleTimeIntervals					14679.878399999998	2.179881731134765		
14692.150399999999	0.03679999999985739	RippleTimeIntervals					14692.180799999998	0.4759153737570948		
14698.0464	0.031199999999444117	RippleTimeIntervals					14698.051999999998	0.4184021889108358		
14701.859199999999	0.07599999999911233	RippleTimeIntervals					14701.906399999998	1.2891461222181493		
14703.176799999997	0.03200000000106229	RippleTimeIntervals					14703.198399999997	3.049726777539333		
14704.711199999998	0.0768000000007305	RippleTimeIntervals					14704.777599999998	1.5132485821287252		
14706.651199999998	0.03679999999985739	RippleTimeIntervals					14706.659999999998	0.4966891046517473		
14707.185599999999	0.022399999999834108	RippleTimeIntervals					14707.1904	0.8351220276009881		
14715.890399999998	0.044799999999668216	RippleTimeIntervals					14715.927199999998	3.860868342509851		
14722.877599999998	0.04320000000006985	RippleTimeIntervals					14722.908799999997	0.56002952640295		
14726.678399999999	0.02479999999923166	RippleTimeIntervals					14726.696799999998	0.8119383778296442		
14726.842399999998	0.06000000000130967	RippleTimeIntervals					14726.891199999998	1.77735920330363		
14727.5752	0.04399999999805004	RippleTimeIntervals					14727.587999999998	4.609772464951475		
14728.175199999998	0.031200000001263106	RippleTimeIntervals					14728.1832	0.5704337803579315		
14729.171999999999	0.042400000000270666	RippleTimeIntervals					14729.176799999997	0.5606902392823413		
14738.437599999997	0.04160000000047148	RippleTimeIntervals					14738.449599999998	1.0308662179176866		
14738.818399999998	0.09519999999974971	RippleTimeIntervals					14738.859999999999	1.2530321568435645		
14741.4672	0.06159999999908905	RippleTimeIntervals					14741.477599999998	0.46039651726572195		
14744.212	0.07599999999911233	RippleTimeIntervals					14744.275999999998	2.1853380252331753		
14748.433599999998	0.0591999999996915	RippleTimeIntervals					14748.4384	0.4983821815319578		
14749.463999999998	0.025600000000849832	RippleTimeIntervals					14749.484799999998	0.8209963302327242		
14749.551999999998	0.02480000000105065	RippleTimeIntervals					14749.557599999998	0.5057271944440571		
14750.276799999998	0.09280000000035216	RippleTimeIntervals					14750.366399999999	0.503194017143731		
14750.4224	0.046399999999266583	RippleTimeIntervals					14750.426399999998	0.45030972861567975		
14752.279999999999	0.037599999999656575	RippleTimeIntervals					14752.284799999998	0.4225510197486709		
14752.643999999998	0.03679999999985739	RippleTimeIntervals					14752.676799999997	0.4918826450568212		
14753.015999999998	0.035200000000259024	RippleTimeIntervals					14753.032799999999	1.806855038231307		
14753.383999999998	0.02959999999984575	RippleTimeIntervals					14753.394399999997	0.47034975559889397		
14755.159199999998	0.037599999999656575	RippleTimeIntervals					14755.192	1.6586460559275304		
14755.866399999999	0.030399999999644933	RippleTimeIntervals					14755.873599999999	0.9940487831835707		
14756.076	0.04159999999865249	RippleTimeIntervals					14756.106399999999	1.4024792007877585		
14757.311199999998	0.028800000000046566	RippleTimeIntervals					14757.332799999998	0.8054884078443624		
14757.379999999997	0.035200000002078013	RippleTimeIntervals					14757.410399999999	0.743437393175361		
14758.373599999999	0.020000000000436557	RippleTimeIntervals					14758.389599999999	0.42550140836561956		
14758.460799999999	0.03679999999985739	RippleTimeIntervals					14758.480799999998	1.8117088041422529		
14759.638399999998	0.05680000000029395	RippleTimeIntervals					14759.643199999999	0.5257235294814245		
14760.313599999998	0.026400000000649015	RippleTimeIntervals					14760.3224	1.3599862376529739		
14760.548799999999	0.02479999999923166	RippleTimeIntervals					14760.5536	0.8425559071695351		
14760.743999999999	0.048800000000483124	RippleTimeIntervals					14760.783199999998	1.3833338919586073		
14761.0824	0.0639999999984866	RippleTimeIntervals					14761.122399999998	1.2839708667501835		
14761.796799999998	0.02080000000023574	RippleTimeIntervals					14761.800799999999	0.46907674028606217		
14761.854399999998	0.05520000000069558	RippleTimeIntervals					14761.880799999999	2.523236132609791		
14763.1832	0.039999999999054126	RippleTimeIntervals					14763.219999999998	0.5579224848032237		
14763.289599999998	0.05680000000029395	RippleTimeIntervals					14763.319999999998	8.405702784994102		
14763.527999999998	0.025600000000849832	RippleTimeIntervals					14763.5392	2.950324840453254		
14764.564799999998	0.028000000000247383	RippleTimeIntervals					14764.572799999998	1.948501781893037		
14765.091999999999	0.07200000000011642	RippleTimeIntervals					14765.128799999999	6.249905190849755		
14765.251199999999	0.04960000000028231	RippleTimeIntervals					14765.264	2.174723375420704		
14765.389599999999	0.025600000000849832	RippleTimeIntervals					14765.407199999998	4.984651023755585		
14766.0392	0.035199999998440035	RippleTimeIntervals					14766.067199999998	3.374355488581651		
14766.196799999998	0.031200000001263106	RippleTimeIntervals					14766.201599999999	0.6605586971062672		
14767.027999999998	0.031199999999444117	RippleTimeIntervals					14767.0392	7.914130502289848		
14767.156799999999	0.03439999999864085	RippleTimeIntervals					14767.173599999998	3.6561458406622593		
14767.372	0.10559999999895808	RippleTimeIntervals					14767.427199999998	5.898859340546147		
14767.614399999999	0.025600000000849832	RippleTimeIntervals					14767.6328	0.8483895825985194		
14769.034399999999	0.06159999999908905	RippleTimeIntervals					14769.083199999997	0.5767023891144413		
14769.523999999998	0.051200000001699664	RippleTimeIntervals					14769.559999999998	2.870752540820684		
14769.8504	0.04159999999865249	RippleTimeIntervals					14769.860799999999	3.945141922004196		
14770.536799999998	0.021600000000034925	RippleTimeIntervals					14770.550399999998	1.36786733231018		
14770.651199999998	0.03440000000045984	RippleTimeIntervals					14770.667199999998	3.5744597268505527		
14773.621599999999	0.020000000000436557	RippleTimeIntervals					14773.629599999998	0.4475286695428433		
14773.911999999998	0.04160000000047148	RippleTimeIntervals					14773.915999999997	0.42286396766912		
14778.752799999998	0.03360000000066066	RippleTimeIntervals					14778.771999999999	1.1451980475397343		
14782.970399999998	0.023999999999432475	RippleTimeIntervals					14782.971999999998	0.4029417071725301		
14784.878399999998	0.14800000000104774	RippleTimeIntervals					14785.006399999998	2.643755984549345		
14791.215199999999	0.06719999999950232	RippleTimeIntervals					14791.257599999999	0.6797168677524299		
14794.266399999999	0.028800000000046566	RippleTimeIntervals					14794.271999999999	0.6482572626282		
14799.260799999998	0.023999999999432475	RippleTimeIntervals					14799.283999999998	0.48404370967095833		
14799.734399999998	0.042400000000270666	RippleTimeIntervals					14799.754399999998	3.267778914810524		
14800.576	0.05279999999947904	RippleTimeIntervals					14800.607199999999	2.8555232566937807		
14801.433599999998	0.0408000000006723	RippleTimeIntervals					14801.456799999998	3.0423946561414357		
14802.9152	0.0911999999989348	RippleTimeIntervals					14802.989599999999	4.082623514037237		
14804.487999999998	0.09280000000035216	RippleTimeIntervals					14804.5688	2.6186420385152367		
14805.984	3604.159966666666	epochs	fCamk1_200904_142052	BaselinePost	Home cage	None				
14808.331199999999	0.026400000000649015	RippleTimeIntervals					14808.336	0.840170406720615		
14808.506399999998	0.046399999999266583	RippleTimeIntervals					14808.534399999999	1.2092691774117927		
14809.496799999999	0.07039999999869906	RippleTimeIntervals					14809.550399999998	1.359934586811393		
14810.626399999997	0.0632000000005064	RippleTimeIntervals					14810.6544	4.1056244830281985		
14810.736799999999	0.02479999999923166	RippleTimeIntervals					14810.750399999999	9.579978640225612		
14811.243199999999	0.03359999999884167	RippleTimeIntervals					14811.251199999999	1.699367154408897		
14812.2784	0.04399999999986903	RippleTimeIntervals					14812.311999999998	3.539696117946972		
14814.518399999999	0.037599999999656575	RippleTimeIntervals					14814.542399999998	3.0287993296145372		
14814.800799999999	0.030399999999644933	RippleTimeIntervals					14814.8152	0.8432644337136788		
14815.090399999997	0.025600000000849832	RippleTimeIntervals					14815.099199999999	0.6444819103885515		
14815.490399999999	0.02080000000023574	RippleTimeIntervals					14815.493599999998	0.4787438920020102		
14816.672799999998	0.06719999999950232	RippleTimeIntervals					14816.732799999998	0.5913908672965207		
14824.538399999998	0.047200000000884756	RippleTimeIntervals					14824.5752	0.7695651185797866		
14831.570399999999	0.02959999999984575	RippleTimeIntervals					14831.5968	0.6706550203892314		
14834.099199999999	0.03839999999945576	RippleTimeIntervals					14834.123199999998	4.073574312127657		
14836.7064	0.031199999999444117	RippleTimeIntervals					14836.7336	0.5989791215698199		
14843.676799999997	0.07840000000032887	RippleTimeIntervals					14843.7048	3.4499449594439966		
14843.790399999998	0.1136000000005879	RippleTimeIntervals					14843.874399999999	4.4236151783176165		
14855.218399999998	0.037599999999656575	RippleTimeIntervals					14855.241599999998	2.5538780861323063		
14861.841599999998	0.021600000000034925	RippleTimeIntervals					14861.859999999999	0.5145354100969909		
14867.543199999998	0.03360000000066066	RippleTimeIntervals					14867.572799999998	0.4467625824785777		
14869.804799999998	0.05040000000008149	RippleTimeIntervals					14869.837599999999	3.585646964122811		
14869.891999999998	0.04960000000028231	RippleTimeIntervals					14869.9152	1.7107987810850187		
14872.014399999998	0.07760000000052969	RippleTimeIntervals					14872.080799999998	4.876948425118467		
14877.764799999999	0.04960000000028231	RippleTimeIntervals					14877.791199999998	0.4889251439886914		
14877.866399999999	0.023199999999633292	RippleTimeIntervals					14877.882399999999	0.5483558721982814		
14900.835199999998	0.056000000000494765	RippleTimeIntervals					14900.887999999999	0.4379932065435344		
14903.835199999998	0.02080000000023574	RippleTimeIntervals					14903.839999999998	0.6572888791809073		
14909.409599999999	0.09999999999854481	RippleTimeIntervals					14909.489599999999	3.4642126769330956		
14910.780799999999	0.023999999999432475	RippleTimeIntervals					14910.793599999999	0.4045064409175359		
14913.211199999998	0.02480000000105065	RippleTimeIntervals					14913.225599999998	0.6119713965745895		
14913.519199999999	0.022399999999834108	RippleTimeIntervals					14913.523199999998	0.4166057283777791		
14919.283199999998	0.021600000000034925	RippleTimeIntervals					14919.295199999999	0.5257334342939217		
14922.7352	0.06079999999928987	RippleTimeIntervals					14922.787999999999	1.5971363124678821		
14924.193599999999	0.03359999999884167	RippleTimeIntervals					14924.221599999999	0.8450217972368979		
14924.767999999998	0.030399999999644933	RippleTimeIntervals					14924.783199999998	0.9117845928745087		
14930.398399999998	0.028800000000046566	RippleTimeIntervals					14930.419199999998	1.0754023594175823		
14934.305599999998	0.0864000000001397	RippleTimeIntervals					14934.319999999998	1.1041760046085225		
14936.644799999998	0.02479999999923166	RippleTimeIntervals					14936.653599999998	0.7431350867209507		
14936.761599999998	0.10080000000016298	RippleTimeIntervals					14936.765599999999	0.4134508356259491		
14936.950399999998	0.051199999999880674	RippleTimeIntervals					14936.997599999999	0.8955077090270394		
14937.710399999998	0.04640000000108557	RippleTimeIntervals					14937.715199999999	0.7863338460199497		
14938.407199999998	0.03360000000066066	RippleTimeIntervals					14938.415999999997	0.6639328102072125		
14944.7336	0.06719999999950232	RippleTimeIntervals					14944.752799999998	3.532507957680366		
14947.683999999997	0.02080000000205473	RippleTimeIntervals					14947.692799999999	0.5470814984877407		
14950.760799999998	0.04399999999986903	RippleTimeIntervals					14950.789599999998	2.2518768498785464		
14951.381599999999	0.051199999999880674	RippleTimeIntervals					14951.421599999998	1.334048746310723		
14952.604799999997	0.047200000000884756	RippleTimeIntervals					14952.640799999997	3.342955512983586		
14953.738399999998	0.04160000000047148	RippleTimeIntervals					14953.750399999999	5.271146636274581		
14954.029599999998	0.03679999999985739	RippleTimeIntervals					14954.050399999998	0.9684749270988612		
14960.083999999999	0.0455999999994674	RippleTimeIntervals					14960.122399999998	1.1315847758156379		
14960.159999999998	0.031199999999444117	RippleTimeIntervals					14960.173599999998	4.16008248874167		
14961.387199999997	0.03200000000106229	RippleTimeIntervals					14961.403999999999	5.054260930131273		
14963.0248	0.08079999999972642	RippleTimeIntervals					14963.095199999998	0.6737660137823703		
14966.425599999999	0.03919999999925494	RippleTimeIntervals					14966.450399999998	2.4599347438823624		
14972.861599999998	0.02080000000023574	RippleTimeIntervals					14972.875999999998	0.6575290768840821		
14979.665599999998	0.039999999999054126	RippleTimeIntervals					14979.679999999998	0.8790414341168264		
14980.201599999999	0.05279999999947904	RippleTimeIntervals					14980.228	2.1258232216613693		
14980.867999999999	0.05999999999949068	RippleTimeIntervals					14980.897599999998	4.236854955173926		
14986.183999999997	0.022400000001653098	RippleTimeIntervals					14986.1992	0.4457961577115827		
14986.243999999999	0.07679999999891152	RippleTimeIntervals					14986.2784	1.9757304726301637		
15013.297599999998	0.04320000000006985	RippleTimeIntervals					15013.320799999998	0.44298300217938463		
15013.800799999999	0.03919999999925494	RippleTimeIntervals					15013.820799999998	3.319132444985863		
15015.433599999998	0.06400000000030559	RippleTimeIntervals					15015.492799999998	0.6154178813041028		
15016.4296	0.03839999999945576	RippleTimeIntervals					15016.4528	1.5159820617902318		
15017.8216	0.037599999999656575	RippleTimeIntervals					15017.843999999997	3.322751882724736		
15019.476799999999	0.0319999999992433	RippleTimeIntervals					15019.504799999999	0.43146091822142324		
15019.670399999999	0.04399999999986903	RippleTimeIntervals					15019.695199999998	2.97901366432391		
15041.761599999998	0.030399999999644933	RippleTimeIntervals					15041.771999999999	0.49001343391495134		
15049.153599999998	0.051200000001699664	RippleTimeIntervals					15049.191199999997	1.766830113844607		
15052.293599999999	0.030399999999644933	RippleTimeIntervals					15052.308799999999	1.6829951404199144		
15060.3792	0.10879999999815482	RippleTimeIntervals					15060.467999999999	5.780113374407421		
15064.999999999998	0.06400000000030559	RippleTimeIntervals					15065.052799999998	1.6410843424635486		
15072.855999999998	0.05040000000008149	RippleTimeIntervals					15072.883999999998	0.4100102815345234		
15083.630399999998	0.037599999999656575	RippleTimeIntervals					15083.660799999998	1.265986323008807		
15085.852799999999	0.0408000000006723	RippleTimeIntervals					15085.881599999999	4.3058639036941475		
15086.956799999998	0.022399999999834108	RippleTimeIntervals					15086.970399999998	1.4814718297502816		
15095.121599999999	0.04399999999986903	RippleTimeIntervals					15095.146399999998	0.8494788580544994		
15096.771999999999	0.031199999999444117	RippleTimeIntervals					15096.781599999998	1.5502531352641418		
15099.439199999999	0.028800000000046566	RippleTimeIntervals					15099.4512	1.398986721347658		
15099.694399999998	0.023999999999432475	RippleTimeIntervals					15099.7136	0.6281894028527917		
15103.140799999997	0.03360000000066066	RippleTimeIntervals					15103.163999999999	1.8620004359383513		
15117.928799999998	0.0632000000005064	RippleTimeIntervals					15117.969599999999	3.6086146129936183		
15118.279999999999	0.05680000000029395	RippleTimeIntervals					15118.311199999998	6.574837813799017		
15126.620799999999	0.09360000000015134	RippleTimeIntervals					15126.640799999997	4.557520278970265		
15133.679199999999	0.047200000000884756	RippleTimeIntervals					15133.705599999998	4.860333237235033		
15139.267999999998	0.0727999999999156	RippleTimeIntervals					15139.309599999999	3.400975229724839		
15150.755999999998	0.07600000000093132	RippleTimeIntervals					15150.786399999999	3.0026564253262276		
15152.635199999999	0.0319999999992433	RippleTimeIntervals					15152.659999999998	0.7057374132846179		
15160.4224	0.028800000000046566	RippleTimeIntervals					15160.449599999998	0.4062797499630405		
15166.739199999998	0.022399999999834108	RippleTimeIntervals					15166.755199999998	0.4734728111273558		
15171.309599999999	0.05680000000029395	RippleTimeIntervals					15171.358399999997	2.951770249457442		
15180.063999999998	0.02959999999984575	RippleTimeIntervals					15180.074399999998	0.9757387516667126		
15181.954399999999	0.03679999999985739	RippleTimeIntervals					15181.975199999999	4.670090926897623		
15187.303199999998	0.03600000000005821	RippleTimeIntervals					15187.327199999998	2.3612870556760033		
15188.431199999999	0.06879999999910069	RippleTimeIntervals					15188.477599999998	3.6821827529113778		
15188.8504	0.09199999999873398	RippleTimeIntervals					15188.892799999998	2.647288404247671		
15190.8224	0.04399999999986903	RippleTimeIntervals					15190.851199999997	6.464343654002809		
15191.015199999998	0.07120000000031723	RippleTimeIntervals					15191.0752	4.44865221403118		
15193.028799999998	0.022399999999834108	RippleTimeIntervals					15193.037599999998	2.171523482325512		
15193.248799999998	0.051200000001699664	RippleTimeIntervals					15193.266399999999	3.9362944571719876		
15193.3216	0.09599999999954889	RippleTimeIntervals					15193.376799999998	5.504539894049093		
15195.652799999998	0.040000000000873115	RippleTimeIntervals					15195.686399999999	1.2660808473000438		
15202.927999999998	0.0544000000008964	RippleTimeIntervals					15202.9384	4.8879481115938335		
15203.019199999999	0.09519999999974971	RippleTimeIntervals					15203.093599999998	4.603585699771568		
15205.865599999997	0.03200000000106229	RippleTimeIntervals					15205.883999999998	8.167981015737185		
15208.382399999999	0.06079999999928987	RippleTimeIntervals					15208.432799999999	2.25026431958346		
15224.442399999998	0.06480000000010477	RippleTimeIntervals					15224.479199999998	6.059922526576504		
15232.831199999999	0.02479999999923166	RippleTimeIntervals					15232.844799999999	4.253584188320174		
15232.950399999998	0.053600000001097214	RippleTimeIntervals					15232.971199999998	9.080200539771628		
15233.0896	0.08399999999892316	RippleTimeIntervals					15233.151999999998	5.444982959416413		
15242.451999999997	0.06640000000152213	RippleTimeIntervals					15242.499199999998	2.551534991711667		
15242.626399999997	0.06000000000130967	RippleTimeIntervals					15242.669599999997	8.367272347934287		
15245.371199999998	0.040000000000873115	RippleTimeIntervals					15245.395199999999	3.8726016780390515		
15253.7192	0.11759999999958382	RippleTimeIntervals					15253.791199999998	2.4655859304626504		
15256.595999999998	0.03680000000167638	RippleTimeIntervals					15256.613599999999	3.0481473929280742		
15257.830399999999	0.022399999999834108	RippleTimeIntervals					15257.840799999998	3.6103194313467233		
15265.768799999998	0.0904000000009546	RippleTimeIntervals					15265.831199999999	4.738450653780735		
15276.2408	0.028799999998227577	RippleTimeIntervals					15276.262399999998	1.6718080521487493		
15281.179199999999	0.042400000000270666	RippleTimeIntervals					15281.1976	3.2555143124193795		
15289.403199999999	0.028800000000046566	RippleTimeIntervals					15289.419199999998	2.9350309036833933		
15298.807999999999	0.08719999999993888	RippleTimeIntervals					15298.865599999997	2.8920041069567883		
15303.736799999999	0.046399999999266583	RippleTimeIntervals					15303.760799999998	6.80254641662978		
15304.823999999999	0.026400000000649015	RippleTimeIntervals					15304.832799999998	0.9007185871677893		
15304.871199999998	0.042400000000270666	RippleTimeIntervals					15304.890399999998	3.9362570523463978		
15305.047999999999	0.1368000000002212	RippleTimeIntervals					15305.065599999998	4.637614432099823		
15306.313599999998	0.05199999999967986	RippleTimeIntervals					15306.344	1.707264495004789		
15306.397599999998	0.0455999999994674	RippleTimeIntervals					15306.431199999999	1.64971276095971		
15313.9816	0.07599999999911233	RippleTimeIntervals					15314.023199999998	1.7267515409772098		
15314.098399999999	0.026399999998830026	RippleTimeIntervals					15314.105599999999	1.891047992562212		
15314.252799999998	0.0272000000004482	RippleTimeIntervals					15314.264799999999	3.6302571343635908		
15316.320799999998	0.04800000000068394	RippleTimeIntervals					15316.341599999998	7.313621831542211		
15316.471999999998	0.0727999999999156	RippleTimeIntervals					15316.538399999998	1.0318737741841724		
15317.573599999998	0.0455999999994674	RippleTimeIntervals					15317.598399999999	2.1997924110265608		
15319.960799999999	0.06079999999928987	RippleTimeIntervals					15319.996799999999	5.154826864622389		
15320.159999999998	0.02320000000145228	RippleTimeIntervals					15320.178399999999	1.0666896089533628		
15322.954399999999	0.03359999999884167	RippleTimeIntervals					15322.967999999999	2.3828508727916304		
15323.023199999998	0.047200000000884756	RippleTimeIntervals					15323.042399999998	4.96776527107549		
15325.3296	0.04960000000028231	RippleTimeIntervals					15325.358399999997	5.348609022470264		
15333.934399999998	0.03679999999985739	RippleTimeIntervals					15333.963999999998	1.240900871458622		
15350.270399999998	0.047200000000884756	RippleTimeIntervals					15350.291999999998	5.235037157200537		
15357.281599999998	0.04399999999986903	RippleTimeIntervals					15357.291199999998	7.580870556511383		
15363.781599999998	0.022399999999834108	RippleTimeIntervals					15363.790399999998	0.49840835232020836		
15368.003999999999	0.09199999999873398	RippleTimeIntervals					15368.057599999998	3.923028868251228		
15368.135199999999	0.039999999999054126	RippleTimeIntervals					15368.155999999999	7.49355864238445		
15373.879999999997	0.02080000000205473	RippleTimeIntervals					15373.884799999998	1.0238502191317849		
15374.264799999999	0.022399999999834108	RippleTimeIntervals					15374.275999999998	1.5123066511255092		
15375.3216	0.04159999999865249	RippleTimeIntervals					15375.352799999999	2.9927378509947267		
15375.46	0.053599999999278225	RippleTimeIntervals					15375.496799999999	4.9788721775555285		
15384.980799999998	0.03360000000066066	RippleTimeIntervals					15385.0016	0.5312726051789817		
15385.112799999999	0.08719999999993888	RippleTimeIntervals					15385.167199999998	4.952702554552181		
15388.5392	0.05760000000009313	RippleTimeIntervals					15388.580799999998	2.313457267017263		
15392.173599999998	0.040000000000873115	RippleTimeIntervals					15392.185599999999	1.8927167018400597		
15393.761599999998	0.0544000000008964	RippleTimeIntervals					15393.796799999998	2.6499084562278465		
15394.430399999997	0.05280000000129803	RippleTimeIntervals					15394.453599999999	3.5839449188868344		
15397.8936	0.06079999999928987	RippleTimeIntervals					15397.946399999999	2.9436428666445367		
15398.574399999998	0.0544000000008964	RippleTimeIntervals					15398.583999999999	1.6342952204029186		
15401.303999999998	0.05680000000029395	RippleTimeIntervals					15401.349599999998	4.645784105335763		
15404.059199999998	0.035200000000259024	RippleTimeIntervals					15404.080799999998	1.9099955968883238		
15407.686399999999	0.06719999999950232	RippleTimeIntervals					15407.719999999998	4.309120244260936		
15407.878399999998	0.04960000000028231	RippleTimeIntervals					15407.911199999999	6.97884420704442		
15408.119199999997	0.04400000000168802	RippleTimeIntervals					15408.146399999998	2.3743473079072706		
15408.244799999999	0.09599999999954889	RippleTimeIntervals					15408.274399999998	7.546625549751418		
15408.416799999999	0.031199999999444117	RippleTimeIntervals					15408.427199999998	1.5586022589192692		
15421.896799999999	0.10800000000017462	RippleTimeIntervals					15421.991199999999	1.5939683371524438		
15431.637599999998	0.023199999999633292	RippleTimeIntervals					15431.652799999998	1.9698516302657405		
15443.008799999998	0.04960000000028231	RippleTimeIntervals					15443.022399999998	1.4715691040671681		
15443.277599999998	0.02960000000166474	RippleTimeIntervals					15443.299199999998	1.5270923194895074		
15456.769599999998	0.10319999999956053	RippleTimeIntervals					15456.824799999999	4.341817414930928		
15474.676799999997	0.06240000000070722	RippleTimeIntervals					15474.7136	4.679991567799679		
15474.8224	0.05999999999949068	RippleTimeIntervals					15474.8576	8.857929360274088		
15480.131199999998	0.04640000000108557	RippleTimeIntervals					15480.169599999997	1.4928671299015142		
15480.655199999997	0.04160000000047148	RippleTimeIntervals					15480.676799999997	2.3514599894200985		
15481.48	0.04959999999846332	RippleTimeIntervals					15481.513599999998	1.8346552638380453		
15486.507199999998	0.030399999999644933	RippleTimeIntervals					15486.523199999998	3.8434859139704667		
15492.215999999999	0.048800000000483124	RippleTimeIntervals					15492.253599999998	2.599368432284407		
15492.331999999999	0.03919999999925494	RippleTimeIntervals					15492.356799999998	4.944996473417804		
15492.395199999999	0.13519999999880383	RippleTimeIntervals					15492.469599999999	1.939078455839319		
15506.258399999999	0.04079999999885331	RippleTimeIntervals					15506.288799999998	3.2604510172735717		
15509.957599999998	0.04960000000028231	RippleTimeIntervals					15509.983999999999	0.6144569039838539		
15514.899999999998	0.05199999999967986	RippleTimeIntervals					15514.911199999999	2.5050085760550416		
15515.0176	0.06639999999970314	RippleTimeIntervals					15515.0608	2.9609527829635156		
15516.670399999999	0.08159999999952561	RippleTimeIntervals					15516.721599999999	5.891198915963382		
15517.037599999998	0.03280000000086147	RippleTimeIntervals					15517.047999999999	2.854878444264197		
15517.192799999999	0.023999999999432475	RippleTimeIntervals					15517.207199999999	0.6433442178806889		
15517.261599999998	0.08240000000114378	RippleTimeIntervals					15517.323199999999	11.50666329475482		
15517.539999999999	0.062399999998888234	RippleTimeIntervals					15517.559199999998	1.385227909584439		
15517.627199999999	0.06959999999889988	RippleTimeIntervals					15517.663999999999	1.5670520893874378		
15522.248	0.04319999999825086	RippleTimeIntervals					15522.253599999998	1.7182504292528977		
15534.840799999998	0.06079999999928987	RippleTimeIntervals					15534.875199999999	5.654151775313156		
15540.305599999998	0.0408000000006723	RippleTimeIntervals					15540.335199999998	5.25012206179364		
15540.497599999999	0.028000000000247383	RippleTimeIntervals					15540.505599999999	0.9919985113483452		
15544.8368	0.03439999999864085	RippleTimeIntervals					15544.858399999997	1.2349783073736562		
15545.217599999998	0.035200000000259024	RippleTimeIntervals					15545.2408	1.764561889578841		
15550.459199999998	0.03200000000106229	RippleTimeIntervals					15550.476799999999	2.8648651658768367		
15550.676799999997	0.047200000000884756	RippleTimeIntervals					15550.6992	1.3560366959226366		
15551.567199999998	0.035200000000259024	RippleTimeIntervals					15551.594399999998	1.8626943198475139		
15558.405599999998	0.025600000000849832	RippleTimeIntervals					15558.410399999999	0.46130689600015373		
15558.490399999999	0.0455999999994674	RippleTimeIntervals					15558.5088	6.188333590433514		
15558.787999999999	0.09199999999873398	RippleTimeIntervals					15558.854399999998	4.485680188720147		
15566.563999999998	0.03919999999925494	RippleTimeIntervals					15566.5752	3.422189220405916		
15566.715999999999	0.06719999999950232	RippleTimeIntervals					15566.763199999998	3.589699410409525		
15582.611999999997	0.048800000000483124	RippleTimeIntervals					15582.648799999999	3.143200292886444		
15586.453599999999	0.02719999999862921	RippleTimeIntervals					15586.461599999999	3.6904368379023604		
15610.1832	0.023999999999432475	RippleTimeIntervals					15610.195999999998	1.1931555670624234		
15610.248	0.1455999999998312	RippleTimeIntervals					15610.382399999999	2.9305358061447446		
15611.381599999999	0.06960000000071886	RippleTimeIntervals					15611.403999999999	2.7794019302659767		
15625.8864	0.1047999999991589	RippleTimeIntervals					15625.970399999998	7.169850371224905		
15627.681599999998	0.0408000000006723	RippleTimeIntervals					15627.6992	3.7079332206456526		
15636.349599999998	0.03600000000005821	RippleTimeIntervals					15636.374399999999	1.9441210401728144		
15645.460799999999	0.05279999999947904	RippleTimeIntervals					15645.499999999998	6.891462444041755		
15646.676799999997	0.05200000000149885	RippleTimeIntervals					15646.692799999999	6.799130385627621		
15653.513599999998	0.031199999999444117	RippleTimeIntervals					15653.521599999998	3.5762057045552234		
15653.635199999999	0.0408000000006723	RippleTimeIntervals					15653.665599999998	3.1560818092427803		
15657.100799999998	0.0591999999996915	RippleTimeIntervals					15657.143999999998	2.2947016936403575		
15659.487999999998	0.09360000000015134	RippleTimeIntervals					15659.568	3.1047820645436444		
15659.825599999998	0.04160000000047148	RippleTimeIntervals					15659.832799999998	3.1796886757616036		
15659.951999999997	0.05920000000151049	RippleTimeIntervals					15659.976799999999	2.3121194686933233		
15660.490399999999	0.030399999999644933	RippleTimeIntervals					15660.513599999998	0.9795540684907421		
15660.543999999998	0.04399999999986903	RippleTimeIntervals					15660.565599999998	4.291958206778234		
15662.701599999999	0.02959999999984575	RippleTimeIntervals					15662.727199999998	1.0343723059932348		
15663.228799999999	0.0591999999996915	RippleTimeIntervals					15663.280799999999	3.9567056771592397		
15664.068	0.07119999999849824	RippleTimeIntervals					15664.123199999998	6.139863359316574		
15668.540799999999	0.05519999999887659	RippleTimeIntervals					15668.585599999999	3.1553332497793907		
15670.466399999998	0.040000000000873115	RippleTimeIntervals					15670.492799999998	0.7978434169658694		
15672.147999999997	0.03280000000086147	RippleTimeIntervals					15672.171199999999	4.61399989380463		
15685.408799999997	0.06480000000010477	RippleTimeIntervals					15685.443199999998	5.206283746494805		
15688.599199999999	0.02719999999862921	RippleTimeIntervals					15688.621599999999	1.2055979894596622		
15690.051999999998	0.09120000000075379	RippleTimeIntervals					15690.115999999998	7.450992841154165		
15690.264799999999	0.035200000000259024	RippleTimeIntervals					15690.287999999999	1.2682342688045873		
15690.714399999999	0.03600000000005821	RippleTimeIntervals					15690.734399999998	0.9524102925396098		
15690.868799999998	0.07040000000051805	RippleTimeIntervals					15690.919199999998	6.58489618476155		
15718.171199999999	0.05439999999907741	RippleTimeIntervals					15718.207999999999	2.5442305575796267		
15718.284799999998	0.06240000000070722	RippleTimeIntervals					15718.337599999999	2.7862539138302727		
15719.298399999998	0.026400000000649015	RippleTimeIntervals					15719.313599999998	0.5912495320389205		
15721.775999999998	0.03200000000106229	RippleTimeIntervals					15721.7928	3.991716399332387		
15724.478399999998	0.03440000000045984	RippleTimeIntervals					15724.491999999998	3.720197893551162		
15726.412799999998	0.09760000000096625	RippleTimeIntervals					15726.441599999998	1.3491898239971818		
15727.205599999998	0.07440000000133296	RippleTimeIntervals					15727.246399999998	5.1433644869491735		
15727.526399999999	0.05199999999967986	RippleTimeIntervals					15727.539999999999	0.779314749112656		
15731.310399999998	0.08079999999972642	RippleTimeIntervals					15731.3512	4.37656249986739		
15733.173599999998	0.04960000000028231	RippleTimeIntervals					15733.205599999998	2.8694381617852693		
15734.614399999999	0.037599999999656575	RippleTimeIntervals					15734.648799999999	0.6073437362921813		
15734.751199999999	0.02080000000023574	RippleTimeIntervals					15734.7624	1.0119637208333678		
15737.761599999998	0.035200000000259024	RippleTimeIntervals					15737.779199999999	1.041775323887972		
15744.4816	0.02479999999923166	RippleTimeIntervals					15744.490399999999	1.4508190157454306		
15745.631999999998	0.06639999999970314	RippleTimeIntervals					15745.684799999999	3.3142672227048746		
15745.804799999998	0.0591999999996915	RippleTimeIntervals					15745.848799999998	6.476218521296136		
15746.569599999999	0.04160000000047148	RippleTimeIntervals					15746.586399999998	7.273782118323048		
15746.766399999999	0.06480000000010477	RippleTimeIntervals					15746.805599999998	3.5154885829823663		
15746.953599999999	0.04960000000028231	RippleTimeIntervals					15746.976799999999	4.062063673920867		
15766.183999999997	0.05920000000151049	RippleTimeIntervals					15766.2136	4.69994632513225		
15766.3584	0.025599999999030842	RippleTimeIntervals					15766.379999999997	0.7520306898998675		
15768.433599999998	0.023999999999432475	RippleTimeIntervals					15768.439199999999	0.5578336595307372		
15770.071199999998	0.03600000000005821	RippleTimeIntervals					15770.093599999998	4.878806480151643		
15776.8152	0.0455999999994674	RippleTimeIntervals					15776.838399999999	0.8976041033987798		
15780.568	0.06159999999908905	RippleTimeIntervals					15780.602399999998	7.199202656577615		
15781.996799999999	0.053599999999278225	RippleTimeIntervals					15782.003999999999	0.5645248011375454		
15790.874399999999	0.10639999999875727	RippleTimeIntervals					15790.953599999999	1.6980968538349004		
15798.424799999999	0.032799999999042484	RippleTimeIntervals					15798.4456	4.439142165338979		
15798.612	0.042400000000270666	RippleTimeIntervals					15798.626399999997	3.7037447074539886		
15803.942399999998	0.07200000000011642	RippleTimeIntervals					15803.970399999998	4.781562176543883		
15804.078399999999	0.056000000000494765	RippleTimeIntervals					15804.098399999999	4.788420696092403		
15807.071999999998	0.03920000000107393	RippleTimeIntervals					15807.098399999999	4.703248589412881		
15807.3296	0.028000000000247383	RippleTimeIntervals					15807.340799999998	4.822678049484686		
15822.431199999999	0.03839999999945576	RippleTimeIntervals					15822.4528	0.5466063185717938		
15822.507199999998	0.07520000000113214	RippleTimeIntervals					15822.568	2.9093910419831555		
15828.0904	0.07519999999931315	RippleTimeIntervals					15828.133599999997	1.2244788474248558		
15828.195199999998	0.02959999999984575	RippleTimeIntervals					15828.210399999998	2.0963428914895825		
15839.020799999998	0.026400000000649015	RippleTimeIntervals					15839.040799999999	0.6008662312949498		
15850.608799999998	0.1264000000010128	RippleTimeIntervals					15850.710399999998	9.976588571488417		
15851.676799999997	0.0632000000005064	RippleTimeIntervals					15851.715999999999	3.2582669732932215		
15851.810399999998	0.042400000000270666	RippleTimeIntervals					15851.839199999999	6.1540228557408945		
15856.055199999999	0.030399999999644933	RippleTimeIntervals					15856.0688	1.4409007835653724		
15871.623999999998	0.030400000001463923	RippleTimeIntervals					15871.650399999999	0.43293018118523874		
15878.021599999998	0.04399999999986903	RippleTimeIntervals					15878.030399999998	0.8808605422635715		
15886.095199999998	0.03200000000106229	RippleTimeIntervals					15886.119999999999	0.9774927793932644		
15886.439199999999	0.053599999999278225	RippleTimeIntervals					15886.469599999999	4.771716980780888		
15894.385599999998	0.03360000000066066	RippleTimeIntervals					15894.390399999998	0.6687226356527644		
15894.847999999998	0.02959999999984575	RippleTimeIntervals					15894.852799999999	0.4851874992842827		
15903.079999999998	0.0727999999999156	RippleTimeIntervals					15903.106399999999	3.8282788429680217		
15907.4512	0.09599999999954889	RippleTimeIntervals					15907.521599999998	5.661464753574806		
15907.568	0.023199999999633292	RippleTimeIntervals					15907.572799999998	2.3885622089946907		
15912.076	0.05199999999967986	RippleTimeIntervals					15912.094399999998	4.240168078045103		
15917.859199999999	0.06159999999908905	RippleTimeIntervals					15917.892799999998	1.1092864649121128		
15924.303999999998	0.08240000000114378	RippleTimeIntervals					15924.372799999997	1.9956202107973797		
15926.550399999998	0.08960000000115542	RippleTimeIntervals					15926.578399999999	0.5636617043721686		
15931.804799999998	0.03280000000086147	RippleTimeIntervals					15931.833599999998	0.4425606926489679		
15931.870399999998	0.09680000000116706	RippleTimeIntervals					15931.875199999999	0.5514680625137613		
15932.045599999998	0.03840000000127475	RippleTimeIntervals					15932.050399999998	0.659621633070744		
15932.1904	0.032799999999042484	RippleTimeIntervals					15932.2192	0.4702637921367078		
15935.189599999998	0.04160000000047148	RippleTimeIntervals					15935.227199999998	0.6625766754436925		
15936.509599999998	0.03200000000106229	RippleTimeIntervals					15936.538399999998	0.43658100767324004		
15946.8576	0.048799999998664134	RippleTimeIntervals					15946.902399999999	0.5089310307918292		
15954.247199999998	0.031200000001263106	RippleTimeIntervals					15954.2712	0.45377097385468035		
15957.888799999999	0.02959999999984575	RippleTimeIntervals					15957.911999999998	0.48891231228128373		
15958.374399999999	0.1087999999999738	RippleTimeIntervals					15958.431999999999	0.561708603861315		
15960.234399999998	0.03920000000107393	RippleTimeIntervals					15960.238399999998	0.5113788424325842		
15962.468799999999	0.04160000000047148	RippleTimeIntervals					15962.505599999999	0.6979747956599797		
15962.8504	0.048799999998664134	RippleTimeIntervals					15962.852799999999	0.45664262618386836		
15967.367999999999	0.025600000000849832	RippleTimeIntervals					15967.387199999997	0.43656223255033066		
15974.387999999999	0.05439999999907741	RippleTimeIntervals					15974.418399999999	5.321189760072317		
15975.0	17.0	SleepStates								NREMstate
15975.263199999998	0.021600000000034925	RippleTimeIntervals					15975.277599999998	2.671953669942664		
15975.383199999998	0.08719999999993888	RippleTimeIntervals					15975.450399999998	3.721905180769577		
15976.984799999998	0.031200000001263106	RippleTimeIntervals					15977.0088	0.6653132474296233		
15978.341599999998	0.02480000000105065	RippleTimeIntervals					15978.359199999999	1.0881719423970317		
15979.790399999998	0.035200000000259024	RippleTimeIntervals					15979.813599999998	3.9205911123099737		
15979.923199999997	0.09360000000015134	RippleTimeIntervals					15979.986399999998	2.001414908877915		
15981.443199999998	0.031200000001263106	RippleTimeIntervals					15981.46	3.0149286150471033		
15981.583999999999	0.03440000000045984	RippleTimeIntervals					15981.592799999999	3.967139931791607		
15981.820799999998	0.042400000000270666	RippleTimeIntervals					15981.831999999999	1.7422362177124295		
15981.926399999998	0.031199999999444117	RippleTimeIntervals					15981.9368	1.7398257634751337		
15982.326399999998	0.037599999999656575	RippleTimeIntervals					15982.352799999999	4.3771944489554455		
15982.598399999999	0.032799999999042484	RippleTimeIntervals					15982.624799999998	0.4547448240609282		
15983.186399999999	0.03839999999945576	RippleTimeIntervals					15983.207999999999	1.0200585281292027		
15984.963999999998	0.08719999999993888	RippleTimeIntervals					15985.0088	3.271764586444638		
15985.844799999999	0.025599999999030842	RippleTimeIntervals					15985.853599999999	0.7212032350746309		
15988.019199999999	0.035200000000259024	RippleTimeIntervals					15988.043999999998	2.740911153901463		
15992.207199999999	0.04159999999865249	RippleTimeIntervals					15992.238399999998	1.6832868667245393		
15992.339199999999	0.05760000000009313	RippleTimeIntervals					15992.371199999998	4.243984180420392		
15993.0	254.0	SleepStates								WAKEstate
15993.172799999998	0.04320000000006985	RippleTimeIntervals					15993.198399999997	7.835183675800472		
15993.311199999998	0.08480000000054133	RippleTimeIntervals					15993.3792	2.9793691479623083		
15993.876799999998	0.022399999999834108	RippleTimeIntervals					15993.883999999998	4.574008335016014		
15994.062399999999	0.0455999999994674	RippleTimeIntervals					15994.080799999998	3.1332358364333857		
15998.151999999998	0.042400000000270666	RippleTimeIntervals					15998.184799999999	1.1617478539008053		
15998.543199999998	0.03679999999985739	RippleTimeIntervals					15998.556799999998	8.312650243311376		
15998.692799999999	0.0455999999994674	RippleTimeIntervals					15998.711199999998	4.563350936601025		
15998.845599999999	0.06559999999990396	RippleTimeIntervals					15998.899999999998	8.013947588004116		
15998.98	0.05679999999847496	RippleTimeIntervals					15998.996799999999	1.1450217079348892		
15999.8224	0.044799999999668216	RippleTimeIntervals					15999.853599999999	1.364918968702679		
16004.171199999999	0.03600000000005821	RippleTimeIntervals					16004.199999999999	0.47269093800284856		
16004.855199999998	0.040000000000873115	RippleTimeIntervals					16004.875199999999	0.5287703306917831		
16005.034399999999	0.03600000000005821	RippleTimeIntervals					16005.063199999999	0.6137564270474835		
16016.195199999998	0.026400000000649015	RippleTimeIntervals					16016.2064	0.9697656842497123		
16017.037599999998	0.02480000000105065	RippleTimeIntervals					16017.055199999999	1.2275044575761709		
16018.7712	0.05279999999947904	RippleTimeIntervals					16018.797599999998	0.6808397102297221		
16019.684799999999	0.031199999999444117	RippleTimeIntervals					16019.686399999999	0.4609224235786545		
16019.823199999999	0.03839999999945576	RippleTimeIntervals					16019.831199999999	0.6864496537387602		
16020.055199999999	0.04960000000028231	RippleTimeIntervals					16020.0608	0.584608647719386		
16020.355199999998	0.028000000000247383	RippleTimeIntervals					16020.375199999999	1.1547547344402285		
16021.160799999998	0.06639999999970314	RippleTimeIntervals					16021.193599999999	0.6381466921735837		
16026.947199999999	0.031199999999444117	RippleTimeIntervals					16026.970399999998	0.4006571232270114		
16033.052799999998	0.03600000000005821	RippleTimeIntervals					16033.063999999998	0.5806678130584061		
16033.666399999998	0.046399999999266583	RippleTimeIntervals					16033.691199999997	0.5970864775594709		
16040.126399999997	0.11200000000098953	RippleTimeIntervals					16040.182399999998	1.0558227054993399		
16040.279999999999	0.03600000000005821	RippleTimeIntervals					16040.293599999999	1.7223001773252864		
16043.586399999998	0.0272000000004482	RippleTimeIntervals					16043.593599999998	0.4288624946897369		
16045.295199999999	0.028800000000046566	RippleTimeIntervals					16045.302399999999	0.4379144988643224		
16063.387999999999	0.035199999998440035	RippleTimeIntervals					16063.392799999998	0.5983893990184124		
16070.873599999999	0.05439999999907741	RippleTimeIntervals					16070.901599999997	1.3985379893902936		
16073.0752	0.023199999999633292	RippleTimeIntervals					16073.079999999998	0.7375455936060398		
16078.703199999998	0.02320000000145228	RippleTimeIntervals					16078.7064	0.4685729950308506		
16079.763199999998	0.0632000000005064	RippleTimeIntervals					16079.819199999998	0.8079601901320514		
16085.585599999999	0.02959999999984575	RippleTimeIntervals					16085.6048	1.0237717705279872		
16086.268799999998	0.03200000000106229	RippleTimeIntervals					16086.289599999998	2.2461811607409534		
16086.423999999999	0.0639999999984866	RippleTimeIntervals					16086.466399999998	2.508452420940304		
16086.747199999998	0.02480000000105065	RippleTimeIntervals					16086.767199999998	0.5300839095001049		
16090.399999999998	0.031200000001263106	RippleTimeIntervals					16090.407199999998	0.49867369082549906		
16091.911999999998	0.03600000000005821	RippleTimeIntervals					16091.914399999998	0.5431573493767722		
16092.634399999999	0.08879999999953725	RippleTimeIntervals					16092.673599999998	1.2672292797718079		
16104.043999999998	0.024000000001251465	RippleTimeIntervals					16104.064799999998	0.7319161368871677		
16108.002399999998	0.026400000000649015	RippleTimeIntervals					16108.021599999998	0.5641787159427936		
16110.131199999998	0.03200000000106229	RippleTimeIntervals					16110.155999999999	0.8034179775983685		
16113.819199999998	0.0632000000005064	RippleTimeIntervals					16113.872	2.0748434821258384		
16114.383999999998	0.025600000000849832	RippleTimeIntervals					16114.395199999999	0.848837947237545		
16115.492799999998	0.03839999999945576	RippleTimeIntervals					16115.514399999998	2.371958234443574		
16115.599199999999	0.09519999999974971	RippleTimeIntervals					16115.678399999999	4.706417014755476		
16121.802399999999	0.05199999999967986	RippleTimeIntervals					16121.811999999998	0.4910105096877489		
16125.398399999998	0.025600000000849832	RippleTimeIntervals					16125.410399999999	0.8153000948765092		
16129.5464	0.05199999999967986	RippleTimeIntervals					16129.563999999998	1.566186531325799		
16130.479199999998	0.037599999999656575	RippleTimeIntervals					16130.495199999998	7.576747406374237		
16130.879999999997	0.04320000000006985	RippleTimeIntervals					16130.895999999999	5.555974701993012		
16131.316799999999	0.028800000000046566	RippleTimeIntervals					16131.337599999999	2.069737094488794		
16131.960799999999	0.026400000000649015	RippleTimeIntervals					16131.976799999999	2.3576298896754038		
16132.514399999998	0.05520000000069558	RippleTimeIntervals					16132.523999999998	3.9193774837080015		
16132.692	0.023199999999633292	RippleTimeIntervals					16132.6976	1.0109819131915305		
16133.666399999998	0.02959999999984575	RippleTimeIntervals					16133.688799999998	2.3292379387347544		
16133.786399999999	0.03919999999925494	RippleTimeIntervals					16133.809599999999	5.666638389265653		
16133.915999999997	0.058400000001711305	RippleTimeIntervals					16133.940799999998	2.649183768693108		
16134.209599999998	0.07120000000031723	RippleTimeIntervals					16134.254399999998	5.491955710523705		
16134.532	0.05679999999847496	RippleTimeIntervals					16134.566399999998	4.746360440684601		
16135.777599999998	0.08400000000074215	RippleTimeIntervals					16135.831999999999	1.4029608955696644		
16140.319999999998	0.03200000000106229	RippleTimeIntervals					16140.344799999999	1.005631744617889		
16141.342399999998	0.06400000000030559	RippleTimeIntervals					16141.353599999999	0.5200945875576393		
16143.187199999998	0.03600000000005821	RippleTimeIntervals					16143.215199999999	0.5993311060308453		
16144.519199999999	0.03600000000005821	RippleTimeIntervals					16144.523999999998	0.5100352894442333		
16154.0088	0.039999999999054126	RippleTimeIntervals					16154.036799999998	1.2461969466877711		
16155.556799999998	0.02959999999984575	RippleTimeIntervals					16155.566399999998	2.690553451995032		
16156.9944	0.1279999999987922	RippleTimeIntervals					16157.095199999998	4.153862420292717		
16157.1832	0.02959999999802676	RippleTimeIntervals					16157.202399999998	4.3546577313543215		
16159.5824	0.03679999999985739	RippleTimeIntervals					16159.586399999998	0.6102476825706363		
16162.107199999999	0.028800000000046566	RippleTimeIntervals					16162.112	0.7318212805688709		
16171.353599999999	0.0272000000004482	RippleTimeIntervals					16171.3576	0.43810064922132685		
16172.991999999998	0.04399999999986903	RippleTimeIntervals					16173.028799999998	0.5423818557323754		
16173.183999999997	0.02480000000105065	RippleTimeIntervals					16173.203999999998	0.47419980168410736		
16179.267199999998	0.044799999999668216	RippleTimeIntervals					16179.297599999998	2.2688413128227474		
16180.549599999998	0.04399999999986903	RippleTimeIntervals					16180.559999999998	1.3211571388345968		
16181.8864	0.05439999999907741	RippleTimeIntervals					16181.909599999999	2.6499707525722975		
16183.0088	0.02479999999923166	RippleTimeIntervals					16183.013599999998	0.9372994126599364		
16184.275199999998	0.030399999999644933	RippleTimeIntervals					16184.293599999999	1.7977366655655982		
16184.435199999998	0.026400000000649015	RippleTimeIntervals					16184.4528	6.768780283322549		
16185.236799999999	0.02479999999923166	RippleTimeIntervals					16185.254399999998	0.5634865489395973		
16185.4384	0.022399999999834108	RippleTimeIntervals					16185.4528	0.4479892919117473		
16185.8656	0.06159999999908905	RippleTimeIntervals					16185.888799999999	6.443562872327556		
16186.467999999999	0.06159999999908905	RippleTimeIntervals					16186.4944	2.2015067525441148		
16190.169599999997	0.03360000000066066	RippleTimeIntervals					16190.171999999999	0.4144801397806201		
16192.714399999999	0.03439999999864085	RippleTimeIntervals					16192.743999999999	0.7757181076288344		
16208.338399999999	0.04159999999865249	RippleTimeIntervals					16208.375999999998	0.6334839737476391		
16209.2552	0.030399999999644933	RippleTimeIntervals					16209.263199999998	0.6528467612682771		
16221.466399999998	0.048800000000483124	RippleTimeIntervals					16221.487999999998	0.5935784315512668		
16221.570399999999	0.023199999999633292	RippleTimeIntervals					16221.587199999998	0.5800810334683634		
16222.325599999998	0.05040000000008149	RippleTimeIntervals					16222.349599999998	0.7255206539735019		
16224.492799999998	0.040000000000873115	RippleTimeIntervals					16224.500799999998	0.42191519719175846		
16228.3296	0.04399999999986903	RippleTimeIntervals					16228.359199999999	2.74056810097203		
16228.8368	0.04319999999825086	RippleTimeIntervals					16228.8512	1.3709283021729215		
16229.477599999998	0.03360000000066066	RippleTimeIntervals					16229.4944	2.030127776610798		
16229.616799999998	0.03360000000066066	RippleTimeIntervals					16229.646399999998	0.42366636102598476		
16231.447199999999	0.02080000000023574	RippleTimeIntervals					16231.457599999998	1.4165080798723495		
16232.449599999998	0.048800000000483124	RippleTimeIntervals					16232.461599999999	1.0387136256303586		
16233.0904	0.04719999999906577	RippleTimeIntervals					16233.1048	6.201900423052725		
16235.214399999999	0.03360000000066066	RippleTimeIntervals					16235.227199999998	0.45539327480281083		
16241.840799999998	0.024000000001251465	RippleTimeIntervals					16241.8432	0.4138991186554501		
16242.427199999998	0.037599999999656575	RippleTimeIntervals					16242.435999999998	0.8567807716954244		
16246.624799999998	0.03360000000066066	RippleTimeIntervals					16246.629599999998	0.9624509447900553		
16247.48	0.021600000000034925	RippleTimeIntervals					16247.487999999998	0.9770221123293531		
16247.532	0.06799999999930151	RippleTimeIntervals					16247.555999999999	2.603472460784884		
16248.0	8.0	SleepStates								NREMstate
16249.942399999998	0.04399999999986903	RippleTimeIntervals					16249.955999999998	2.0278847824604647		
16250.131199999998	0.04640000000108557	RippleTimeIntervals					16250.164799999999	2.0634929384969176		
16251.061599999999	0.023199999999633292	RippleTimeIntervals					16251.074399999998	3.155669685050696		
16251.412799999998	0.0272000000004482	RippleTimeIntervals					16251.432799999999	0.8007794800442658		
16253.0752	0.0319999999992433	RippleTimeIntervals					16253.0976	1.2577569829473592		
16253.354399999998	0.032799999999042484	RippleTimeIntervals					16253.363999999998	3.902474504343835		
16255.914399999998	0.060800000001108856	RippleTimeIntervals					16255.9368	3.1523224171448594		
16256.990399999999	0.04399999999986903	RippleTimeIntervals					16257.0016	1.1541373973565479		
16257.0	406.0	SleepStates								WAKEstate
16257.7208	0.0639999999984866	RippleTimeIntervals					16257.747199999998	3.7768245249014787		
16261.208799999999	0.06879999999910069	RippleTimeIntervals					16261.2552	2.732261406740285		
16265.087999999998	0.024000000001251465	RippleTimeIntervals					16265.092799999999	0.6718198645650042		
16267.692799999999	0.02719999999862921	RippleTimeIntervals					16267.698399999997	0.7401457447510558		
16274.678399999999	0.02080000000023574	RippleTimeIntervals					16274.6832	0.6851103026529773		
16275.7928	0.032799999999042484	RippleTimeIntervals					16275.8152	8.20017171817062		
16276.663199999999	0.12639999999919382	RippleTimeIntervals					16276.763199999998	4.724942817412486		
16278.3368	0.03919999999925494	RippleTimeIntervals					16278.367999999999	1.011258529293368		
16278.424799999999	0.022399999999834108	RippleTimeIntervals					16278.4296	0.9757826338916517		
16281.937599999997	0.025600000000849832	RippleTimeIntervals					16281.959199999998	0.5392016220552803		
16287.532799999999	0.032799999999042484	RippleTimeIntervals					16287.561599999999	0.4202621444370093		
16291.032	0.08479999999872234	RippleTimeIntervals					16291.112799999999	0.6016144303077358		
16299.956799999998	0.03600000000005821	RippleTimeIntervals					16299.989599999999	0.6769962294705709		
16302.339999999998	0.04320000000006985	RippleTimeIntervals					16302.375999999998	0.5230981448960598		
16303.316799999999	0.02959999999984575	RippleTimeIntervals					16303.344799999999	0.4088608675541955		
16307.6544	0.039999999999054126	RippleTimeIntervals					16307.676	0.7613024288201377		
16329.677599999999	0.032799999999042484	RippleTimeIntervals					16329.679199999999	0.4036917215702384		
16340.124799999998	0.02080000000023574	RippleTimeIntervals					16340.128799999999	0.4987644399696086		
16340.1904	0.027999999998428393	RippleTimeIntervals					16340.201599999999	0.7764995648092426		
16346.420799999998	0.023999999999432475	RippleTimeIntervals					16346.4296	0.6809685773775007		
16348.354399999998	0.044799999999668216	RippleTimeIntervals					16348.382399999999	2.649216207319941		
16351.066399999998	0.025600000000849832	RippleTimeIntervals					16351.0832	1.9440149756611909		
16354.121599999999	0.022399999999834108	RippleTimeIntervals					16354.135999999999	1.1398124531638754		
16355.795999999998	0.037599999999656575	RippleTimeIntervals					16355.816799999999	1.6686514263652414		
16375.146399999998	0.07600000000093132	RippleTimeIntervals					16375.188799999998	6.1210639704077945		
16400.407199999998	0.028000000002066372	RippleTimeIntervals					16400.42	1.9460971932073543		
16404.7728	0.02959999999802676	RippleTimeIntervals					16404.7912	0.796140556291279		
16405.8608	0.021600000000034925	RippleTimeIntervals					16405.872	0.9697298503887262		
16411.816	0.02239999999801512	RippleTimeIntervals					16411.8288	1.9912359038258827		
16413.000799999998	0.056000000000494765	RippleTimeIntervals					16413.0448	3.122881372752163		
16414.482399999997	0.025600000000849832	RippleTimeIntervals					16414.491199999997	1.3313406219120372		
16415.320799999998	0.02080000000205473	RippleTimeIntervals					16415.329599999997	1.3011578385714784		
16423.678399999997	0.024000000001251465	RippleTimeIntervals					16423.6864	1.7162055750281813		
16423.856799999998	0.0272000000004482	RippleTimeIntervals					16423.8736	1.6072214670769365		
16429.516799999998	0.07840000000214786	RippleTimeIntervals					16429.534399999997	2.08284500925612		
16438.2784	0.03440000000045984	RippleTimeIntervals					16438.307999999997	0.6995664093067523		
16445.070399999997	0.022400000001653098	RippleTimeIntervals					16445.088799999998	0.6223119099394061		
16445.203999999998	0.06400000000212458	RippleTimeIntervals					16445.2336	1.665886730335455		
16446.62	0.04320000000006985	RippleTimeIntervals					16446.631999999998	8.401456667551276		
16448.623199999998	0.08320000000094296	RippleTimeIntervals					16448.6816	3.362572606120772		
16451.917599999997	0.03840000000127475	RippleTimeIntervals					16451.944	1.0036056659876504		
16452.4416	0.05280000000129803	RippleTimeIntervals					16452.473599999998	3.2471142012338325		
16452.536	0.037599999999656575	RippleTimeIntervals					16452.5464	7.35137393734237		
16459.0496	0.037599999999656575	RippleTimeIntervals					16459.0784	3.3590776463825978		
16459.604799999997	0.0544000000008964	RippleTimeIntervals					16459.6416	4.361672553341357		
16459.7728	0.0367999999980384	RippleTimeIntervals					16459.791999999998	8.377040604680044		
16465.9616	0.023199999999633292	RippleTimeIntervals					16465.9688	0.9811095559379148		
16472.345599999997	0.03680000000167638	RippleTimeIntervals					16472.374399999997	1.6302997568477136		
16472.4368	0.0319999999992433	RippleTimeIntervals					16472.447999999997	6.960998808547894		
16473.816799999997	0.051200000001699664	RippleTimeIntervals					16473.8416	1.2619183710567958		
16473.986399999998	0.0272000000004482	RippleTimeIntervals					16474.005599999997	1.4489814752550974		
16474.088	0.05199999999967986	RippleTimeIntervals					16474.1152	10.69733325422113		
16476.1152	0.05040000000008149	RippleTimeIntervals					16476.133599999997	3.547849102917374		
16479.090399999997	0.02080000000205473	RippleTimeIntervals					16479.0984	0.5026648091137703		
16480.594399999998	0.028000000002066372	RippleTimeIntervals					16480.6096	0.631543915312388		
16483.2736	0.03359999999884167	RippleTimeIntervals					16483.293599999997	0.7906204987122092		
16483.414399999998	0.03919999999925494	RippleTimeIntervals					16483.428799999998	4.554447123989236		
16483.6904	0.05040000000008149	RippleTimeIntervals					16483.703999999998	3.768694388111985		
16500.8232	0.062399999998888234	RippleTimeIntervals					16500.852	0.6611272312961325		
16505.8912	0.023199999999633292	RippleTimeIntervals					16505.904	2.7381210065407036		
16511.624799999998	0.1176000000014028	RippleTimeIntervals					16511.7224	2.4459854301425192		
16520.4424	0.021600000000034925	RippleTimeIntervals					16520.46	0.5799093250981764		
16520.590399999997	0.037599999999656575	RippleTimeIntervals					16520.6168	1.9193487008645382		
16539.527199999997	0.035200000002078013	RippleTimeIntervals					16539.5552	1.1031458126433464		
16539.7464	0.06319999999686843	RippleTimeIntervals					16539.7944	3.3947863555118785		
16545.2928	0.020000000000436557	RippleTimeIntervals					16545.297599999998	0.6094842563389269		
16545.528	0.051200000001699664	RippleTimeIntervals					16545.543999999998	5.460724304301131		
16551.4904	0.02959999999802676	RippleTimeIntervals					16551.512	0.6948087257632853		
16551.5432	0.09999999999854481	RippleTimeIntervals					16551.599199999997	0.9736262091602965		
16552.131999999998	0.056000000000494765	RippleTimeIntervals					16552.1456	2.292114041446321		
16569.462399999997	0.09680000000298605	RippleTimeIntervals					16569.552	2.037099893827254		
16570.0336	0.040000000000873115	RippleTimeIntervals					16570.0424	0.8106808578280057		
16571.4416	0.04560000000128639	RippleTimeIntervals					16571.4512	1.8349731760682275		
16571.519999999997	0.08480000000054133	RippleTimeIntervals					16571.5464	7.224610143163598		
16580.232799999998	0.028800000000046566	RippleTimeIntervals					16580.247199999998	3.030172761833362		
16584.8432	0.023199999999633292	RippleTimeIntervals					16584.851199999997	4.96747142558769		
16603.2872	0.0319999999992433	RippleTimeIntervals					16603.3144	0.43496661682705245		
16604.139199999998	0.0272000000004482	RippleTimeIntervals					16604.1584	0.7994001951993683		
16609.601599999998	0.03440000000045984	RippleTimeIntervals					16609.606399999997	0.43500807772185446		
16612.352799999997	0.024000000001251465	RippleTimeIntervals					16612.367199999997	1.889258974704238		
16615.500799999998	0.02080000000205473	RippleTimeIntervals					16615.515199999998	0.8986872663450424		
16618.235999999997	0.07040000000051805	RippleTimeIntervals					16618.2752	5.39008046007424		
16619.063199999997	0.07040000000051805	RippleTimeIntervals					16619.106399999997	8.270461933441904		
16631.435999999998	0.07440000000133296	RippleTimeIntervals					16631.4928	4.649755737972603		
16632.672	0.03359999999884167	RippleTimeIntervals					16632.691199999997	0.9809966942704822		
16632.757599999997	0.0768000000025495	RippleTimeIntervals					16632.816	2.507729273216948		
16634.1296	0.04079999999885331	RippleTimeIntervals					16634.1344	0.6181557175495764		
16634.333599999998	0.02479999999923166	RippleTimeIntervals					16634.3544	0.4214953644288545		
16634.6592	0.035200000002078013	RippleTimeIntervals					16634.688	0.6584015566379133		
16636.996799999997	0.04160000000047148	RippleTimeIntervals					16637.0352	0.6083255486302896		
16638.9712	0.058399999998073326	RippleTimeIntervals					16638.991199999997	1.8244502603537613		
16640.4656	0.04559999999764841	RippleTimeIntervals					16640.4816	0.4260809720926354		
16642.1688	0.031199999997625127	RippleTimeIntervals					16642.1776	0.9806864936605093		
16646.444799999997	0.06400000000212458	RippleTimeIntervals					16646.496799999997	2.112467514262576		
16649.1072	0.05519999999887659	RippleTimeIntervals					16649.1152	0.6496150246803327		
16649.3632	0.05679999999847496	RippleTimeIntervals					16649.388	2.135191840814805		
16649.9944	0.042399999998451676	RippleTimeIntervals					16650.0264	1.800707242201743		
16650.243199999997	0.12960000000020955	RippleTimeIntervals					16650.2672	3.8826501483553524		
16651.34	0.0415999999968335	RippleTimeIntervals					16651.3608	7.928405388893136		
16651.6688	0.031199999997625127	RippleTimeIntervals					16651.68	3.565365496009392		
16651.784799999998	0.0496000000021013	RippleTimeIntervals					16651.826399999998	2.331191544217243		
16652.8488	0.04719999999724678	RippleTimeIntervals					16652.888799999997	0.46135989020073886		
16653.5208	0.08559999999852153	RippleTimeIntervals					16653.574399999998	4.897057457323602		
16653.7392	0.035199999998440035	RippleTimeIntervals					16653.755999999998	3.950939148448961		
16656.1648	0.1455999999998312	RippleTimeIntervals					16656.235999999997	3.6901805172087085		
16656.46	0.026399999998830026	RippleTimeIntervals					16656.480799999998	0.43321376285543217		
16661.940799999997	0.035200000002078013	RippleTimeIntervals					16661.9568	1.8267729717473005		
16663.4992	0.04320000000006985	RippleTimeIntervals					16663.507999999998	2.0299481728535307		
16663.76	0.03919999999925494	RippleTimeIntervals					16663.7896	5.171582511610893		
16664.0	8.0	SleepStates								NREMstate
16664.1744	0.09839999999894644	RippleTimeIntervals					16664.1976	3.98283367777429		
16664.732799999998	0.09760000000096625	RippleTimeIntervals					16664.7696	4.9540849472339845		
16664.94	0.03840000000127475	RippleTimeIntervals					16664.964799999998	3.654270123415998		
16665.247199999998	0.047200000000884756	RippleTimeIntervals					16665.2728	5.12145311892437		
16665.444	0.053599999999278225	RippleTimeIntervals					16665.4744	6.637280972929994		
16665.604	0.06959999999889988	RippleTimeIntervals					16665.649599999997	7.885217053914757		
16665.763199999998	0.07600000000093132	RippleTimeIntervals					16665.8176	2.862717332720424		
16665.8632	0.026399999998830026	RippleTimeIntervals					16665.874399999997	3.3077884746024795		
16667.051199999998	0.040000000000873115	RippleTimeIntervals					16667.065599999998	5.864646680722072		
16667.5984	0.030399999999644933	RippleTimeIntervals					16667.6168	2.4976591372769237		
16669.2896	0.059999999997671694	RippleTimeIntervals					16669.3072	1.834666061586424		
16669.4008	0.028800000000046566	RippleTimeIntervals					16669.408	1.5717704963286632		
16670.662399999997	0.05199999999967986	RippleTimeIntervals					16670.6744	2.949680066869507		
16672.496799999997	0.033600000002479646	RippleTimeIntervals					16672.509599999998	8.210467993299222		
16673.0	9.0	SleepStates								WAKEstate
16673.378399999998	0.046399999999266583	RippleTimeIntervals					16673.392	6.786909867991073		
16674.495199999998	0.08239999999932479	RippleTimeIntervals					16674.5176	3.030073654772223		
16674.7312	0.07200000000011642	RippleTimeIntervals					16674.7928	6.355944122742027		
16674.9944	0.08399999999892316	RippleTimeIntervals					16675.032	2.8474737101252763		
16676.4416	0.044799999999668216	RippleTimeIntervals					16676.4656	3.778196703096511		
16676.567199999998	0.06480000000010477	RippleTimeIntervals					16676.6112	1.4649001319832817		
16677.689599999998	0.04560000000128639	RippleTimeIntervals					16677.716	1.9205254969321957		
16677.950399999998	0.03440000000045984	RippleTimeIntervals					16677.967999999997	0.4089018980523817		
16678.153599999998	0.031200000001263106	RippleTimeIntervals					16678.171199999997	4.83507354169475		
16679.074399999998	0.0544000000008964	RippleTimeIntervals					16679.1008	6.918500752959535		
16679.3448	0.046399999999266583	RippleTimeIntervals					16679.379999999997	0.9069393986777313		
16679.685599999997	0.051200000001699664	RippleTimeIntervals					16679.7296	1.5763232142249541		
16681.4568	0.032799999997223495	RippleTimeIntervals					16681.462399999997	4.20566341039442		
16681.6728	0.053599999999278225	RippleTimeIntervals					16681.692799999997	4.943573005503308		
16682.7384	0.04079999999885331	RippleTimeIntervals					16682.768	5.279972069466546		
16682.946399999997	0.047200000000884756	RippleTimeIntervals					16682.98	2.9036736210552467		
16683.0	10.0	SleepStates								NREMstate
16683.94	0.04399999999805004	RippleTimeIntervals					16683.9568	6.122447123557339		
16685.564	0.062399999998888234	RippleTimeIntervals					16685.606399999997	4.9019860117456195		
16687.3088	0.026399999998830026	RippleTimeIntervals					16687.3176	2.121609097418697		
16688.554399999997	0.04320000000006985	RippleTimeIntervals					16688.572799999998	5.677713336356045		
16688.842399999998	0.028800000000046566	RippleTimeIntervals					16688.855199999998	7.4359112428873875		
16689.064	0.046399999999266583	RippleTimeIntervals					16689.0808	7.538625067140161		
16690.4064	0.03919999999925494	RippleTimeIntervals					16690.42	6.407665547796935		
16691.0216	0.023999999997613486	RippleTimeIntervals					16691.034399999997	4.167545806938242		
16691.291999999998	0.10320000000137952	RippleTimeIntervals					16691.387199999997	1.6650407533273632		
16692.221599999997	0.040000000000873115	RippleTimeIntervals					16692.244	0.8786255879701691		
16692.451999999997	0.022400000001653098	RippleTimeIntervals					16692.4672	0.4059023872292827		
16693.3768	0.06560000000172295	RippleTimeIntervals					16693.4272	6.85562568958444		
16694.0	601.0	SleepStates								WAKEstate
16694.5808	0.04959999999846332	RippleTimeIntervals					16694.5984	4.235477000180044		
16695.232	0.05040000000008149	RippleTimeIntervals					16695.2664	7.167478680046853		
16695.9904	0.03440000000045984	RippleTimeIntervals					16696.015199999998	2.108394515637651		
16704.721599999997	0.024000000001251465	RippleTimeIntervals					16704.727199999998	0.9272564723201199		
16708.022399999998	0.024000000001251465	RippleTimeIntervals					16708.0424	0.4918967278362028		
16710.620799999997	0.040000000000873115	RippleTimeIntervals					16710.6488	0.43979088670681654		
16732.5752	0.08559999999852153	RippleTimeIntervals					16732.62	0.990868699403801		
16742.0856	0.09920000000056461	RippleTimeIntervals					16742.1664	5.022879035322008		
16742.588799999998	0.040000000000873115	RippleTimeIntervals					16742.6056	4.372272164853031		
16744.2656	0.035199999998440035	RippleTimeIntervals					16744.295199999997	0.5410443452648733		
16745.9632	0.040000000000873115	RippleTimeIntervals					16745.971999999998	2.333437017061011		
16748.523999999998	0.03919999999925494	RippleTimeIntervals					16748.551199999998	3.663706176770961		
16748.611999999997	0.047200000000884756	RippleTimeIntervals					16748.642399999997	4.031209092050997		
16756.5576	0.028800000000046566	RippleTimeIntervals					16756.5792	1.5635770335117023		
16757.8808	0.037599999999656575	RippleTimeIntervals					16757.892799999998	1.5663675118349696		
16758.832	0.05519999999887659	RippleTimeIntervals					16758.8608	3.127291111548249		
16759.0304	0.044799999999668216	RippleTimeIntervals					16759.0624	2.324790495397639		
16759.1416	0.02479999999923166	RippleTimeIntervals					16759.146399999998	0.7033479025954373		
16761.156799999997	0.02960000000166474	RippleTimeIntervals					16761.163999999997	0.5735949461193808		
16761.290399999998	0.03280000000086147	RippleTimeIntervals					16761.3144	2.893051761478124		
16763.349599999998	0.05199999999967986	RippleTimeIntervals					16763.388799999997	2.961530880254288		
16765.3952	0.031199999997625127	RippleTimeIntervals					16765.4112	1.7790463758876378		
16770.933599999997	0.05920000000332948	RippleTimeIntervals					16770.947999999997	2.700467172467636		
16771.1144	0.044799999999668216	RippleTimeIntervals					16771.1512	0.5981974076924245		
16771.307999999997	0.03920000000289292	RippleTimeIntervals					16771.34	0.8964124346065167		
16777.4424	0.026399999998830026	RippleTimeIntervals					16777.4568	1.5445866298711128		
16782.3912	0.05760000000009313	RippleTimeIntervals					16782.4024	0.7940674992893377		
16782.4816	0.05279999999766005	RippleTimeIntervals					16782.5216	1.5984717853776862		
16783.8328	0.07279999999809661	RippleTimeIntervals					16783.8536	6.497574488028292		
16784.6832	0.10959999999977299	RippleTimeIntervals					16784.771999999997	1.824058641779351		
16784.973599999998	0.033600000002479646	RippleTimeIntervals					16784.9992	1.5483550105670238		
16787.8936	0.03839999999763677	RippleTimeIntervals					16787.910399999997	3.615292613203986		
16789.7816	0.023199999999633292	RippleTimeIntervals					16789.7928	0.8076299626783681		
16795.6304	0.07920000000012806	RippleTimeIntervals					16795.6888	1.5153245364577184		
16797.4224	0.0687999999972817	RippleTimeIntervals					16797.4344	0.8866599813270544		
16800.031199999998	0.06400000000212458	RippleTimeIntervals					16800.059999999998	6.927859586299565		
16801.331199999997	0.0496000000021013	RippleTimeIntervals					16801.3504	5.045469848924869		
16807.624799999998	0.022400000001653098	RippleTimeIntervals					16807.6368	0.7216340816512167		
16807.904	0.0319999999992433	RippleTimeIntervals					16807.915999999997	0.7398110486898064		
16811.1224	0.03919999999925494	RippleTimeIntervals					16811.1472	4.331630470738407		
16811.2088	0.0591999999996915	RippleTimeIntervals					16811.2456	3.50238764736667		
16812.243199999997	0.03680000000167638	RippleTimeIntervals					16812.268	2.579901060521288		
16813.6632	0.03840000000127475	RippleTimeIntervals					16813.6864	3.2076473373657484		
16813.8128	0.03919999999925494	RippleTimeIntervals					16813.826399999998	6.836350850324634		
16814.3056	0.05519999999887659	RippleTimeIntervals					16814.333599999998	4.817066305765257		
16814.543999999998	0.04320000000006985	RippleTimeIntervals					16814.568	5.8175745761353514		
16816.323999999997	0.06240000000252621	RippleTimeIntervals					16816.367199999997	1.5510095576258385		
16821.444799999997	0.030399999999644933	RippleTimeIntervals					16821.4496	1.037095232729494		
16826.345599999997	0.0496000000021013	RippleTimeIntervals					16826.368	3.698156062569645		
16828.9728	0.028800000000046566	RippleTimeIntervals					16828.9928	0.4112690841971955		
16829.0376	0.04160000000047148	RippleTimeIntervals					16829.0392	0.5915583912853594		
16831.3752	0.024000000001251465	RippleTimeIntervals					16831.3952	0.582621587064117		
16840.6144	0.0319999999992433	RippleTimeIntervals					16840.6184	0.42659300789210436		
16841.748799999998	0.024800000002869638	RippleTimeIntervals					16841.7656	0.5632907017162245		
16841.845599999997	0.028800000000046566	RippleTimeIntervals					16841.8592	0.9658175708005117		
16843.9632	0.030399999999644933	RippleTimeIntervals					16843.967999999997	0.4485737824640043		
16846.012799999997	0.022400000001653098	RippleTimeIntervals					16846.0248	0.9498739430278575		
16857.3216	0.0319999999992433	RippleTimeIntervals					16857.326399999998	0.4269969673515409		
16869.5712	0.035199999998440035	RippleTimeIntervals					16869.5784	0.5415994192896625		
16870.682399999998	0.04800000000250293	RippleTimeIntervals					16870.7104	0.45383663717045886		
16870.9096	0.021600000000034925	RippleTimeIntervals					16870.9152	0.5423844773750244		
16872.486399999998	0.05040000000008149	RippleTimeIntervals					16872.491199999997	0.7716457562969921		
16875.3544	0.04959999999846332	RippleTimeIntervals					16875.371199999998	2.3703971526592476		
16906.5864	0.032799999997223495	RippleTimeIntervals					16906.606399999997	0.40800641978439395		
16913.221599999997	0.040000000000873115	RippleTimeIntervals					16913.2304	0.6601067837433885		
16923.208	0.027999999998428393	RippleTimeIntervals					16923.2248	0.6389783596424777		
16923.804799999998	0.06799999999930151	RippleTimeIntervals					16923.843999999997	4.935255034081052		
16923.9856	0.037599999999656575	RippleTimeIntervals					16924.012	1.063761501176199		
16930.764799999997	0.022400000001653098	RippleTimeIntervals					16930.779199999997	0.6120670179612105		
16933.9384	0.023199999999633292	RippleTimeIntervals					16933.943199999998	0.8496208766466031		
16934.072	0.07759999999689171	RippleTimeIntervals					16934.139199999998	3.492552837431425		
16934.1744	0.02479999999923166	RippleTimeIntervals					16934.1888	2.8891006453754073		
16935.6256	0.031199999997625127	RippleTimeIntervals					16935.6488	1.6253449692643709		
16941.016799999998	0.0319999999992433	RippleTimeIntervals					16941.034399999997	2.6512861330153807		
16941.872	0.04160000000047148	RippleTimeIntervals					16941.903199999997	0.730178731667273		
16942.0048	0.07679999999891152	RippleTimeIntervals					16942.043999999998	3.7874107306638995		
16949.395999999997	0.033600000002479646	RippleTimeIntervals					16949.4056	0.7560734350600702		
16949.450399999998	0.062399999998888234	RippleTimeIntervals					16949.4728	2.7956541955897065		
16951.572799999998	0.03600000000005821	RippleTimeIntervals					16951.597599999997	1.1064817765838562		
16954.5336	0.03600000000005821	RippleTimeIntervals					16954.561599999997	1.433610939299061		
16958.462399999997	0.03680000000167638	RippleTimeIntervals					16958.491199999997	0.40323476984310436		
16958.5608	0.11279999999896972	RippleTimeIntervals					16958.649599999997	2.049627037570745		
16958.748799999998	0.13920000000143773	RippleTimeIntervals					16958.813599999998	1.2533193695938838		
16960.554399999997	0.037599999999656575	RippleTimeIntervals					16960.5752	1.2231861495124838		
16960.734399999998	0.05280000000129803	RippleTimeIntervals					16960.764799999997	6.122341637013957		
16965.9672	0.020000000000436557	RippleTimeIntervals					16965.976	0.6715581666838967		
16969.950399999998	0.03280000000086147	RippleTimeIntervals					16969.960799999997	7.683055820831638		
16971.1224	0.06159999999727006	RippleTimeIntervals					16971.14	3.5764710734458607		
16971.899999999998	0.0544000000008964	RippleTimeIntervals					16971.928	5.557617947694842		
16979.4096	0.0367999999980384	RippleTimeIntervals					16979.4312	0.8729580749276692		
16980.7136	0.04959999999846332	RippleTimeIntervals					16980.7448	5.007751091516108		
16983.8976	0.027999999998428393	RippleTimeIntervals					16983.9056	0.40366562562153047		
16984.4832	0.04160000000047148	RippleTimeIntervals					16984.496	0.8848446841014649		
16984.558399999998	0.06400000000212458	RippleTimeIntervals					16984.588	4.532618787612956		
16995.424799999997	0.05280000000129803	RippleTimeIntervals					16995.4656	3.6176018843709463		
16999.028	0.026399999998830026	RippleTimeIntervals					16999.0448	1.9349101180261554		
17011.117599999998	0.02960000000166474	RippleTimeIntervals					17011.139199999998	1.4334510869774753		
17012.012	0.08480000000054133	RippleTimeIntervals					17012.0624	5.730009392254348		
17012.188	0.048800000000483124	RippleTimeIntervals					17012.2136	6.593694534130961		
17020.8736	0.07920000000012806	RippleTimeIntervals					17020.885599999998	1.1444743417861414		
17022.1816	0.056000000000494765	RippleTimeIntervals					17022.207199999997	3.311395122967202		
17022.300799999997	0.05760000000009313	RippleTimeIntervals					17022.326399999998	5.493806632531342		
17023.572	0.044799999999668216	RippleTimeIntervals					17023.587199999998	5.848718948237651		
17024.7104	0.12079999999696156	RippleTimeIntervals					17024.816799999997	3.439648963416664		
17025.207199999997	0.03920000000289292	RippleTimeIntervals					17025.227199999998	3.8204142746967293		
17029.548799999997	0.04560000000128639	RippleTimeIntervals					17029.5784	3.4573490160188163		
17031.531199999998	0.08400000000256114	RippleTimeIntervals					17031.5464	1.5327171263957562		
17032.9064	0.03359999999884167	RippleTimeIntervals					17032.923199999997	3.0276792434934046		
17033.0496	0.06480000000010477	RippleTimeIntervals					17033.067199999998	4.460905863282941		
17033.376	0.0591999999996915	RippleTimeIntervals					17033.403199999997	6.48995945513977		
17040.055999999997	0.021600000000034925	RippleTimeIntervals					17040.072799999998	0.4169698246742454		
17044.663999999997	0.13440000000264263	RippleTimeIntervals					17044.6936	7.234754534731986		
17046.7104	0.05519999999887659	RippleTimeIntervals					17046.7512	2.5639069389561544		
17051.2096	0.023199999999633292	RippleTimeIntervals					17051.224	1.8711900865433204		
17051.381599999997	0.051200000001699664	RippleTimeIntervals					17051.3936	0.6213123413087148		
17053.196799999998	0.022400000001653098	RippleTimeIntervals					17053.211199999998	1.203420789102551		
17058.304	0.0319999999992433	RippleTimeIntervals					17058.327999999998	0.6682898494012572		
17058.392799999998	0.037599999999656575	RippleTimeIntervals					17058.404	6.899725523710164		
17060.2152	0.07280000000173459	RippleTimeIntervals					17060.247199999998	1.231292209359293		
17060.356799999998	0.048800000000483124	RippleTimeIntervals					17060.378399999998	4.19306269120666		
17065.149599999997	0.05040000000008149	RippleTimeIntervals					17065.1952	0.8248197935941642		
17070.587199999998	0.0272000000004482	RippleTimeIntervals					17070.606399999997	0.7193573870029218		
17077.4008	0.07359999999971478	RippleTimeIntervals					17077.4616	0.6831251451817959		
17096.108799999998	0.042400000002089655	RippleTimeIntervals					17096.133599999997	4.889554070464275		
17096.536	0.021600000000034925	RippleTimeIntervals					17096.5464	0.6580737433351351		
17096.719999999998	0.033600000002479646	RippleTimeIntervals					17096.7384	0.587270644306062		
17100.264799999997	0.13839999999981956	RippleTimeIntervals					17100.319199999998	2.4893826784088997		
17105.732	0.02959999999802676	RippleTimeIntervals					17105.7392	0.6589071760827481		
17113.859999999997	0.047200000000884756	RippleTimeIntervals					17113.8648	0.4870216976835348		
17115.669599999997	0.03200000000288128	RippleTimeIntervals					17115.6744	0.49235337783105426		
17118.9272	0.031200000001263106	RippleTimeIntervals					17118.9344	0.9560944359455483		
17123.829599999997	0.051200000001699664	RippleTimeIntervals					17123.8704	2.782771240349124		
17125.444	0.028800000000046566	RippleTimeIntervals					17125.464799999998	1.8264509976291738		
17127.0968	0.03280000000086147	RippleTimeIntervals					17127.101599999998	0.4062414228378943		
17134.0736	0.03600000000005821	RippleTimeIntervals					17134.090399999997	3.5378286723535752		
17134.476	0.027999999998428393	RippleTimeIntervals					17134.496799999997	1.1303696023074743		
17135.7856	0.02959999999802676	RippleTimeIntervals					17135.788	0.455719950922215		
17149.829599999997	0.06880000000091968	RippleTimeIntervals					17149.84	2.0990066856065326		
17151.6096	0.11520000000018626	RippleTimeIntervals					17151.685599999997	4.057771442771512		
17152.191199999997	0.044799999999668216	RippleTimeIntervals					17152.228799999997	1.0577140829515577		
17152.3976	0.059999999997671694	RippleTimeIntervals					17152.4472	1.883528348400769		
17153.387199999997	0.048800000000483124	RippleTimeIntervals					17153.415999999997	3.609122645502982		
17153.48	0.09679999999934807	RippleTimeIntervals					17153.548799999997	3.905815670319065		
17158.067199999998	0.03840000000127475	RippleTimeIntervals					17158.099199999997	0.5580558282826034		
17170.5352	0.025600000000849832	RippleTimeIntervals					17170.5568	0.6216351264290396		
17175.3608	0.03280000000086147	RippleTimeIntervals					17175.388799999997	0.9709398815212965		
17179.7696	0.02079999999841675	RippleTimeIntervals					17179.771999999997	0.5733555397056509		
17186.239999999998	0.028800000000046566	RippleTimeIntervals					17186.252	5.535510162037734		
17188.091999999997	0.0496000000021013	RippleTimeIntervals					17188.111999999997	5.1030720102232205		
17189.775999999998	0.048800000000483124	RippleTimeIntervals					17189.8128	0.9683137561424199		
17192.9688	0.027999999998428393	RippleTimeIntervals					17192.9928	0.5682632704132053		
17193.6728	0.13439999999900465	RippleTimeIntervals					17193.743199999997	4.121095274506665		
17194.304799999998	0.02479999999923166	RippleTimeIntervals					17194.3144	1.535876077696877		
17195.052	0.030399999999644933	RippleTimeIntervals					17195.072799999998	1.8811635963822395		
17199.268799999998	0.044799999999668216	RippleTimeIntervals					17199.3056	1.300929656727576		
17212.3848	0.10639999999693828	RippleTimeIntervals					17212.407199999998	1.9149619302989995		
17222.263199999998	0.037599999999656575	RippleTimeIntervals					17222.2712	0.577795143268681		
17224.8984	0.04320000000006985	RippleTimeIntervals					17224.9328	0.5962625244868149		
17224.9656	0.02239999999801512	RippleTimeIntervals					17224.98	0.5157773346496141		
17232.051199999998	0.020000000000436557	RippleTimeIntervals					17232.0592	0.6525673705761649		
17232.6128	0.04160000000047148	RippleTimeIntervals					17232.623199999998	0.4177995456259463		
17241.3896	0.0367999999980384	RippleTimeIntervals					17241.4168	0.6038016756521235		
17259.104	0.05679999999847496	RippleTimeIntervals					17259.155199999997	0.9840393963651933		
17259.827999999998	0.020000000000436557	RippleTimeIntervals					17259.8432	0.4382747698616579		
17283.9688	0.04320000000006985	RippleTimeIntervals					17284.007999999998	0.43836909332682994		
17286.3616	0.039999999997235136	RippleTimeIntervals					17286.3984	0.6877142709379168		
17289.971999999998	0.024000000001251465	RippleTimeIntervals					17289.9888	0.4392568722462297		
17296.0	8.0	SleepStates								NREMstate
17304.379999999997	0.04400000000168802	RippleTimeIntervals					17304.4168	0.5830767957799741		
17305.0	853.0	SleepStates								WAKEstate
17308.6072	0.0632000000005064	RippleTimeIntervals					17308.656799999997	1.393141365401986		
17312.0208	0.035199999998440035	RippleTimeIntervals					17312.0288	0.4114590494721894		
17317.0752	0.0272000000004482	RippleTimeIntervals					17317.0808	0.9928849874790273		
17320.0264	0.04399999999805004	RippleTimeIntervals					17320.051199999998	0.4571348294582773		
17336.852	0.05199999999967986	RippleTimeIntervals					17336.8792	7.989342468357635		
17379.094399999998	0.037599999999656575	RippleTimeIntervals					17379.111999999997	1.6550040823593597		
17379.175199999998	0.020000000000436557	RippleTimeIntervals					17379.1872	0.5244726095884252		
17395.4424	0.03919999999925494	RippleTimeIntervals					17395.460799999997	1.1575957300214534		
17401.2928	0.044799999999668216	RippleTimeIntervals					17401.3304	0.44757293889739913		
17408.1728	0.04559999999764841	RippleTimeIntervals					17408.1776	1.1004083382504417		
17410.124799999998	0.033600000002479646	RippleTimeIntervals					17410.1368	3.0804805899291026		
17411.435999999998	0.04160000000047148	RippleTimeIntervals					17411.4584	0.6826562689937095		
17446.8488	0.03919999999925494	RippleTimeIntervals					17446.869599999998	0.879209927197471		
17451.903199999997	0.08960000000297441	RippleTimeIntervals					17451.9336	1.2544084861725375		
17452.5952	0.037599999999656575	RippleTimeIntervals					17452.6184	1.0738778105722708		
17454.2768	0.028800000000046566	RippleTimeIntervals					17454.297599999998	0.6124548925772247		
17472.6616	0.030399999999644933	RippleTimeIntervals					17472.683999999997	0.7502783078539473		
17472.790399999998	0.046399999999266583	RippleTimeIntervals					17472.7984	0.7590393103683964		
17496.768	0.023999999997613486	RippleTimeIntervals					17496.7824	1.3775138192295113		
17496.842399999998	0.042400000002089655	RippleTimeIntervals					17496.8536	2.0467819908487797		
17503.0552	0.047200000000884756	RippleTimeIntervals					17503.0896	0.47115598387851254		
17511.3032	0.03440000000045984	RippleTimeIntervals					17511.311999999998	0.7637368472750352		
17512.2784	0.027999999998428393	RippleTimeIntervals					17512.302399999997	0.45957603063576163		
17528.884	0.04799999999886495	RippleTimeIntervals					17528.892	0.6594275956166229		
17541.309599999997	0.031200000001263106	RippleTimeIntervals					17541.3232	1.2775051190063889		
17541.584799999997	0.05040000000008149	RippleTimeIntervals					17541.613599999997	3.695463529613458		
17544.156799999997	0.02080000000205473	RippleTimeIntervals					17544.1656	0.5065154461182967		
17547.894399999997	0.028800000000046566	RippleTimeIntervals					17547.908799999997	2.9021206407338958		
17552.3256	0.02719999999681022	RippleTimeIntervals					17552.336	1.9770922601406626		
17563.6288	0.05760000000009313	RippleTimeIntervals					17563.6592	2.594345773167956		
17565.123199999998	0.026399999998830026	RippleTimeIntervals					17565.1448	0.5823304453026867		
17565.982399999997	0.026400000002468005	RippleTimeIntervals					17566.0016	0.6115649082099226		
17566.032	0.048800000000483124	RippleTimeIntervals					17566.0592	6.977881276238789		
17574.835199999998	0.06960000000253785	RippleTimeIntervals					17574.865599999997	0.8569895908760665		
17581.264	0.025600000000849832	RippleTimeIntervals					17581.268799999998	1.0131799132552972		
17581.3288	0.023199999999633292	RippleTimeIntervals					17581.332	0.40563212357550693		
17592.1128	0.06880000000091968	RippleTimeIntervals					17592.1376	2.310269736673917		
17592.286399999997	0.020000000000436557	RippleTimeIntervals					17592.299199999998	1.6428168238570082		
17599.277599999998	0.03440000000045984	RippleTimeIntervals					17599.304	2.2486381349055122		
17599.3768	0.05280000000129803	RippleTimeIntervals					17599.4112	2.443655095314313		
17604.572799999998	0.0319999999992433	RippleTimeIntervals					17604.590399999997	3.392209570957838		
17609.6432	0.051200000001699664	RippleTimeIntervals					17609.6704	0.8745901575823172		
17616.4776	0.04079999999885331	RippleTimeIntervals					17616.515199999998	0.778690027920368		
17616.6296	0.032799999997223495	RippleTimeIntervals					17616.6512	5.539785085879218		
17620.747199999998	0.04079999999885331	RippleTimeIntervals					17620.780799999997	0.7386194767229701		
17625.595999999998	0.0272000000004482	RippleTimeIntervals					17625.615999999998	2.1410277255118317		
17630.120799999997	0.031200000001263106	RippleTimeIntervals					17630.1368	0.998101957051367		
17635.532799999997	0.022400000001653098	RippleTimeIntervals					17635.539999999997	0.6565854978815998		
17640.7224	0.05199999999967986	RippleTimeIntervals					17640.7456	3.09465768069406		
17646.1616	0.0591999999996915	RippleTimeIntervals					17646.199999999997	4.339005347723587		
17673.437599999997	0.030399999999644933	RippleTimeIntervals					17673.446399999997	3.7408806739794955		
17673.847999999998	0.06000000000130967	RippleTimeIntervals					17673.8992	4.442743690960398		
17674.0824	0.04399999999805004	RippleTimeIntervals					17674.0912	2.1219713832863567		
17680.3032	0.044799999999668216	RippleTimeIntervals					17680.3328	3.576540938756146		
17682.176	0.10080000000016298	RippleTimeIntervals					17682.2568	3.88431393064892		
17682.4352	0.025599999997211853	RippleTimeIntervals					17682.4488	2.3332915066396636		
17688.5808	0.025599999997211853	RippleTimeIntervals					17688.599199999997	0.5236698122605806		
17692.2584	0.058399999998073326	RippleTimeIntervals					17692.2856	2.0043642313685424		
17712.7888	0.0816000000013446	RippleTimeIntervals					17712.8176	4.621390609446825		
17715.4416	0.0816000000013446	RippleTimeIntervals					17715.4744	3.748976995931595		
17733.869599999998	0.03359999999884167	RippleTimeIntervals					17733.892	1.1625896269163976		
17733.924799999997	0.040000000000873115	RippleTimeIntervals					17733.948	3.1256017103421563		
17733.996	0.020000000000436557	RippleTimeIntervals					17734.0064	2.141190650396218		
17736.124799999998	0.0496000000021013	RippleTimeIntervals					17736.156799999997	4.1387991772182735		
17737.2896	0.0319999999992433	RippleTimeIntervals					17737.304	2.7621679266517565		
17741.0192	0.04399999999805004	RippleTimeIntervals					17741.0304	3.0511368017828477		
17742.175199999998	0.04800000000250293	RippleTimeIntervals					17742.2096	2.738594205670915		
17742.3144	0.042399999998451676	RippleTimeIntervals					17742.3328	6.791876323443545		
17744.9336	0.03839999999763677	RippleTimeIntervals					17744.9472	2.2452639552060294		
17746.9152	0.042399999998451676	RippleTimeIntervals					17746.935999999998	1.2499688029726772		
17747.108	0.05199999999967986	RippleTimeIntervals					17747.127999999997	5.640394218765806		
17748.444	0.03359999999884167	RippleTimeIntervals					17748.4544	2.1277699052632646		
17755.0984	0.021600000000034925	RippleTimeIntervals					17755.1096	1.0261339700650556		
17768.4184	0.08959999999933643	RippleTimeIntervals					17768.4888	4.961392842914742		
17768.96	0.05040000000008149	RippleTimeIntervals					17768.9904	0.6759036433937942		
17769.083199999997	0.05760000000009313	RippleTimeIntervals					17769.1368	0.6831015767512746		
17773.1	0.031200000001263106	RippleTimeIntervals					17773.108	3.330866456579311		
17777.696	0.042399999998451676	RippleTimeIntervals					17777.7304	1.8671095269491056		
17778.78	0.04959999999846332	RippleTimeIntervals					17778.7944	3.4727258441657005		
17779.640799999997	0.042400000002089655	RippleTimeIntervals					17779.6664	6.1090848207279675		
17786.748799999998	0.024800000002869638	RippleTimeIntervals					17786.7656	1.0791230692350275		
17787.8472	0.03439999999682186	RippleTimeIntervals					17787.8704	0.8484607707574656		
17794.603199999998	0.046399999999266583	RippleTimeIntervals					17794.6272	4.538928111038913		
17799.363999999998	0.044799999999668216	RippleTimeIntervals					17799.404	1.1428053118651278		
17799.493599999998	0.06480000000010477	RippleTimeIntervals					17799.5304	4.277910129304762		
17802.2336	0.05519999999887659	RippleTimeIntervals					17802.2672	2.40994404385604		
17802.369599999998	0.051200000001699664	RippleTimeIntervals					17802.399999999998	2.5152314360241106		
17804.368	0.030399999999644933	RippleTimeIntervals					17804.3864	1.8524787205874438		
17806.0624	0.03840000000127475	RippleTimeIntervals					17806.0936	0.5444794724723006		
17812.6704	0.05040000000008149	RippleTimeIntervals					17812.708	2.6114400174196413		
17816.6	0.03840000000127475	RippleTimeIntervals					17816.626399999997	2.809900219576282		
17825.7672	0.035199999998440035	RippleTimeIntervals					17825.783199999998	2.496986613515435		
17831.074399999998	0.04320000000006985	RippleTimeIntervals					17831.088	6.532903760430762		
17834.944	0.10159999999814318	RippleTimeIntervals					17834.998399999997	4.155876358452596		
17835.964	0.0591999999996915	RippleTimeIntervals					17836.0088	4.91274910651833		
17836.7336	0.058399999998073326	RippleTimeIntervals					17836.7656	5.4892200680782866		
17838.0608	0.03359999999884167	RippleTimeIntervals					17838.064	0.45670135044660115		
17840.590399999997	0.04800000000250293	RippleTimeIntervals					17840.62	4.029299311886443		
17841.064	0.03440000000045984	RippleTimeIntervals					17841.074399999998	0.7598515689695193		
17842.8472	0.08719999999811989	RippleTimeIntervals					17842.879999999997	5.303793979172359		
17843.516799999998	0.030399999999644933	RippleTimeIntervals					17843.5248	0.4312491945193955		
17844.928799999998	0.04799999999886495	RippleTimeIntervals					17844.944799999997	3.0435320711033187		
17845.032799999997	0.053600000002916204	RippleTimeIntervals					17845.0664	5.349285607941902		
17852.304799999998	0.02479999999923166	RippleTimeIntervals					17852.3088	0.4270281941498861		
17859.4816	0.03600000000005821	RippleTimeIntervals					17859.4904	0.49339817993287927		
17860.5	0.023999999997613486	RippleTimeIntervals					17860.5144	1.3964440870966124		
17863.7512	0.044799999999668216	RippleTimeIntervals					17863.784799999998	6.143492949757421		
17864.7152	0.08239999999932479	RippleTimeIntervals					17864.775999999998	2.92402574788589		
17867.647999999997	0.051200000001699664	RippleTimeIntervals					17867.6744	5.7191852087675255		
17867.8992	0.042399999998451676	RippleTimeIntervals					17867.9192	4.164462388463192		
17868.3776	0.0367999999980384	RippleTimeIntervals					17868.3824	1.2048239752033494		
17869.4632	0.04079999999885331	RippleTimeIntervals					17869.471999999998	0.5706600035642845		
17869.5248	0.044799999999668216	RippleTimeIntervals					17869.536	3.5174875504764165		
17884.4312	0.10800000000017462	RippleTimeIntervals					17884.4872	6.587325446637407		
17902.7224	0.040000000000873115	RippleTimeIntervals					17902.754399999998	1.296409561854655		
17909.12	0.020000000000436557	RippleTimeIntervals					17909.1216	0.6394681191480697		
17911.4408	0.05439999999725842	RippleTimeIntervals					17911.484	1.385710495116528		
17913.786399999997	0.05280000000129803	RippleTimeIntervals					17913.832	0.5602574911394804		
17919.369599999998	0.037599999999656575	RippleTimeIntervals					17919.374399999997	0.6370558914278651		
17920.0104	0.05279999999766005	RippleTimeIntervals					17920.025599999997	3.141213384337774		
17920.4992	0.04320000000006985	RippleTimeIntervals					17920.529599999998	1.9472086693334814		
17920.884	0.05199999999967986	RippleTimeIntervals					17920.92	1.2948733895861955		
17926.502399999998	0.04400000000168802	RippleTimeIntervals					17926.522399999998	4.067520790603601		
17927.572	0.07039999999688007	RippleTimeIntervals					17927.6344	1.1442775328338783		
17928.2192	0.11119999999937136	RippleTimeIntervals					17928.244	1.4076299629422033		
17930.323999999997	0.035200000002078013	RippleTimeIntervals					17930.340799999998	3.822088654849174		
17931.3936	0.04320000000006985	RippleTimeIntervals					17931.428799999998	2.4256731437239587		
17938.111999999997	0.04160000000047148	RippleTimeIntervals					17938.1296	0.9883099223980364		
17940.856799999998	0.03280000000086147	RippleTimeIntervals					17940.8832	0.4475641146399156		
17942.7312	0.023199999999633292	RippleTimeIntervals					17942.739999999998	1.1871100584644871		
17946.8824	0.028800000000046566	RippleTimeIntervals					17946.895999999997	3.6249137855644187		
17947.0432	0.04079999999885331	RippleTimeIntervals					17947.0768	1.7162116265310248		
17952.763199999998	0.028000000002066372	RippleTimeIntervals					17952.7712	1.0755122382508473		
17953.9368	0.09999999999854481	RippleTimeIntervals					17953.9552	2.028138718870743		
17959.9296	0.07519999999931315	RippleTimeIntervals					17959.9552	0.633087141224484		
17960.620799999997	0.035200000002078013	RippleTimeIntervals					17960.647999999997	1.2145668798040032		
17960.7656	0.0367999999980384	RippleTimeIntervals					17960.7712	2.647337196715674		
17965.146399999998	0.03840000000127475	RippleTimeIntervals					17965.1672	0.6306392267166865		
17965.6416	0.10399999999935972	RippleTimeIntervals					17965.727199999998	4.710844973215368		
17967.2824	0.04799999999886495	RippleTimeIntervals					17967.3104	0.8244676264120834		
17972.34	0.04079999999885331	RippleTimeIntervals					17972.3448	0.9114366255943521		
17972.764	0.04399999999805004	RippleTimeIntervals					17972.7888	7.078198342702784		
17973.464799999998	0.04160000000047148	RippleTimeIntervals					17973.496	3.180703969329237		
17975.127999999997	0.037600000003294554	RippleTimeIntervals					17975.153599999998	2.4033703154302435		
17975.9408	0.04079999999885331	RippleTimeIntervals					17975.9456	1.1701855895929123		
17976.493599999998	0.042400000002089655	RippleTimeIntervals					17976.532	0.4824220616715742		
17976.6808	0.03919999999925494	RippleTimeIntervals					17976.7032	6.741024115664057		
17976.831199999997	0.0544000000008964	RippleTimeIntervals					17976.858399999997	6.00605224696327		
17978.786399999997	0.07120000000213622	RippleTimeIntervals					17978.8416	3.264948592390011		
17980.1344	0.037599999999656575	RippleTimeIntervals					17980.155199999997	4.333959454511256		
17980.2224	0.047200000000884756	RippleTimeIntervals					17980.248	7.598466827903405		
17982.519999999997	0.10560000000259606	RippleTimeIntervals					17982.567199999998	2.883160059178856		
17983.7392	0.02239999999801512	RippleTimeIntervals					17983.757599999997	0.7818244083962502		
17985.6648	0.023199999999633292	RippleTimeIntervals					17985.6704	0.6857893525652103		
17986.4272	0.06799999999930151	RippleTimeIntervals					17986.480799999998	3.357152339201414		
17988.6168	0.042399999998451676	RippleTimeIntervals					17988.6224	0.43021655358751143		
17996.430399999997	0.053600000002916204	RippleTimeIntervals					17996.460799999997	8.656587340410082		
18000.4888	0.031199999997625127	RippleTimeIntervals					18000.4992	1.2648843349716108		
18003.7664	0.023199999999633292	RippleTimeIntervals					18003.7744	0.4029701462368087		
18004.656799999997	0.026400000002468005	RippleTimeIntervals					18004.675199999998	0.976708506064764		
18005.022399999998	0.028000000002066372	RippleTimeIntervals					18005.027199999997	0.5210899730003667		
18007.8952	0.021600000000034925	RippleTimeIntervals					18007.9136	0.5767805455393757		
18013.7248	0.04959999999846332	RippleTimeIntervals					18013.7664	0.6460593789623776		
18017.820799999998	0.025600000000849832	RippleTimeIntervals					18017.8256	1.0559941340565637		
18019.8184	0.04320000000006985	RippleTimeIntervals					18019.8448	1.5032243800750154		
18020.712	0.047200000000884756	RippleTimeIntervals					18020.7168	0.43294229991480826		
18028.378399999998	0.03680000000167638	RippleTimeIntervals					18028.395999999997	3.064639878370085		
18031.5784	0.044799999999668216	RippleTimeIntervals					18031.594399999998	1.3954103821423156		
18039.7624	0.04160000000047148	RippleTimeIntervals					18039.7728	0.6910885082565427		
18041.232799999998	0.02479999999923166	RippleTimeIntervals					18041.2536	0.499644926008459		
18046.244	0.05280000000129803	RippleTimeIntervals					18046.2888	0.685648977810497		
18092.887199999997	0.02080000000205473	RippleTimeIntervals					18092.9008	0.6847588683021237		
18096.804	0.0319999999992433	RippleTimeIntervals					18096.8248	0.5298465830972462		
18098.320799999998	0.03440000000045984	RippleTimeIntervals					18098.3416	1.830915551350643		
18103.365599999997	0.024000000001251465	RippleTimeIntervals					18103.3864	0.5106698748869873		
18109.055999999997	0.031200000001263106	RippleTimeIntervals					18109.0712	1.05303576757563		
18111.7248	0.0367999999980384	RippleTimeIntervals					18111.7536	0.8005025149054225		
18157.4336	0.023199999999633292	RippleTimeIntervals					18157.4384	0.4259034482442115		
18159.0	8.0	SleepStates								NREMstate
18159.002399999998	0.025600000000849832	RippleTimeIntervals					18159.009599999998	0.47544218120580695		
18160.48	0.039999999997235136	RippleTimeIntervals					18160.4856	0.49404949609142196		
18163.881599999997	0.022400000001653098	RippleTimeIntervals					18163.8896	0.533241269048799		
18168.0	7.0	SleepStates								WAKEstate
18176.0	17.0	SleepStates								NREMstate
18193.4168	0.040000000000873115	RippleTimeIntervals					18193.4528	0.6189346750933233		
18194.0	42.0	SleepStates								WAKEstate
18200.127999999997	0.030400000003282912	RippleTimeIntervals					18200.1512	0.4556840315812241		
18208.9384	0.0367999999980384	RippleTimeIntervals					18208.943199999998	0.5968393507184525		
18210.9848	0.02479999999923166	RippleTimeIntervals					18211.005599999997	0.9939041196307885		
18229.387199999997	0.02960000000166474	RippleTimeIntervals					18229.4128	0.5804024431574347		
18237.0	7.0	SleepStates								NREMstate
18245.0	17.0	SleepStates								WAKEstate
18263.0	10.0	SleepStates								NREMstate
18272.342399999998	0.02960000000166474	RippleTimeIntervals					18272.3648	0.45253614633091915		
18274.0	17.0	SleepStates								WAKEstate
18292.0	24.0	SleepStates								NREMstate
18312.084799999997	0.037600000003294554	RippleTimeIntervals					18312.1152	1.1372173599628932		
18317.0	91.0	SleepStates								WAKEstate
18361.858399999997	0.03200000000288128	RippleTimeIntervals					18361.8824	0.6575378677217627		
18365.4544	0.04560000000128639	RippleTimeIntervals					18365.467999999997	0.5672381765639887		
18378.2752	0.05760000000009313	RippleTimeIntervals					18378.309599999997	0.8983092854400512		
18383.119199999997	0.033600000002479646	RippleTimeIntervals					18383.1488	0.9809132047189223		
18388.5448	0.023999999997613486	RippleTimeIntervals					18388.552799999998	0.6465723284209991		
18392.4152	0.11439999999856809	RippleTimeIntervals					18392.467999999997	0.7091651073953641		
18397.5448	0.02479999999923166	RippleTimeIntervals					18397.5496	0.6500939841309038		
18397.711199999998	0.03600000000005821	RippleTimeIntervals					18397.7352	3.1331865775293672		
18399.601599999998	0.02960000000166474	RippleTimeIntervals					18399.627999999997	0.5572796445762567		
18402.867199999997	0.09680000000298605	RippleTimeIntervals					18402.9328	4.088786766525356		
18403.0648	0.03919999999925494	RippleTimeIntervals					18403.0936	1.1367446015346814		
