onset	duration	nwb_table	epoch_name	state	label
0.0	4274.975966666667	epochs	fCamk2_201013_084747		
1.0	527.0	SleepStates			WAKEstate
528.9344	0.13440000000002783	UpDownStatesTimeIntervals		UP	
529.0	7.0	SleepStates			NREMstate
531.408	0.14480000000003201	UpDownStatesTimeIntervals		UP	
537.0	64.0	SleepStates			WAKEstate
602.0	9.0	SleepStates			NREMstate
604.996	0.13599999999996726	UpDownStatesTimeIntervals		UP	
605.7504	0.19600000000002638	UpDownStatesTimeIntervals		UP	
612.0	461.0	SleepStates			WAKEstate
1074.0	31.0	SleepStates			NREMstate
1076.5472	0.15760000000000218	UpDownStatesTimeIntervals		UP	
1077.5512	0.10719999999992069	UpDownStatesTimeIntervals		UP	
1078.2416	0.12639999999987594	UpDownStatesTimeIntervals		UP	
1079.392	0.15999999999985448	UpDownStatesTimeIntervals		UP	
1080.0488	0.15439999999989595	UpDownStatesTimeIntervals		UP	
1082.6056	0.20079999999984466	UpDownStatesTimeIntervals		UP	
1085.9152	0.16160000000013497	UpDownStatesTimeIntervals		UP	
1086.536	0.177599999999984	UpDownStatesTimeIntervals		UP	
1087.0672	0.15520000000014988	UpDownStatesTimeIntervals		UP	
1089.8352	0.34400000000005093	UpDownStatesTimeIntervals		UP	
1090.6472	0.2799999999999727	UpDownStatesTimeIntervals		UP	
1091.2776	0.15360000000009677	UpDownStatesTimeIntervals		UP	
1094.1688	0.1832000000001699	UpDownStatesTimeIntervals		UP	
1098.444	0.14560000000005857	UpDownStatesTimeIntervals		UP	
1099.8104	0.23039999999991778	UpDownStatesTimeIntervals		UP	
1101.0536	0.2096000000001368	UpDownStatesTimeIntervals		UP	
1104.4624	0.2496000000001004	UpDownStatesTimeIntervals		UP	
1106.0	10.0	SleepStates			WAKEstate
1117.0	192.0	SleepStates			NREMstate
1121.1248	0.14639999999985776	UpDownStatesTimeIntervals		UP	
1121.8328	0.14400000000000546	UpDownStatesTimeIntervals		UP	
1124.7728	0.1431999999999789	UpDownStatesTimeIntervals		UP	
1125.7744	0.11200000000008004	UpDownStatesTimeIntervals		DOWN	
1126.168	0.128800000000183	UpDownStatesTimeIntervals		UP	
1126.7208	0.15679999999997563	UpDownStatesTimeIntervals		DOWN	
1127.1608	0.23279999999999745	UpDownStatesTimeIntervals		UP	
1133.6664	0.21839999999997417	UpDownStatesTimeIntervals		UP	
1141.6808	0.12879999999995562	UpDownStatesTimeIntervals		UP	
1142.7456	0.14560000000005857	UpDownStatesTimeIntervals		UP	
1144.0232	0.21359999999981483	UpDownStatesTimeIntervals		UP	
1144.6272	0.15360000000009677	UpDownStatesTimeIntervals		UP	
1145.86	0.13440000000014152	UpDownStatesTimeIntervals		UP	
1149.4744	0.13599999999996726	UpDownStatesTimeIntervals		UP	
1150.0208	0.1856000000000222	UpDownStatesTimeIntervals		UP	
1150.6632	0.1895999999999276	UpDownStatesTimeIntervals		DOWN	
1150.8528	0.1936000000000604	UpDownStatesTimeIntervals		UP	
1152.8872	0.1392000000000735	UpDownStatesTimeIntervals		UP	
1153.5752	0.21520000000009532	UpDownStatesTimeIntervals		UP	
1155.0656	0.4128000000000611	UpDownStatesTimeIntervals		DOWN	
1155.4784	0.35599999999999454	UpDownStatesTimeIntervals		UP	
1156.3104	0.14079999999989923	UpDownStatesTimeIntervals		UP	
1156.7968	0.13279999999986103	UpDownStatesTimeIntervals		UP	
1157.7976	0.4535999999998239	UpDownStatesTimeIntervals		UP	
1158.4224	0.15520000000014988	UpDownStatesTimeIntervals		DOWN	
1158.6816	0.156800000000203	UpDownStatesTimeIntervals		UP	
1159.4096	0.14879999999993743	UpDownStatesTimeIntervals		UP	
1159.9104	0.27680000000009386	UpDownStatesTimeIntervals		UP	
1165.3984	0.14639999999985776	UpDownStatesTimeIntervals		UP	
1167.0304	0.2599999999999909	UpDownStatesTimeIntervals		UP	
1167.5152	0.19679999999993925	UpDownStatesTimeIntervals		UP	
1170.9936	0.25919999999996435	UpDownStatesTimeIntervals		UP	
1173.4088	0.15360000000009677	UpDownStatesTimeIntervals		UP	
1176.3536	0.24880000000007385	UpDownStatesTimeIntervals		UP	
1177.8304	0.12799999999992906	UpDownStatesTimeIntervals		UP	
1179.3784	0.16560000000004038	UpDownStatesTimeIntervals		UP	
1181.9152	0.14480000000003201	UpDownStatesTimeIntervals		UP	
1182.568	0.26320000000009713	UpDownStatesTimeIntervals		UP	
1182.9664	0.1695999999999458	UpDownStatesTimeIntervals		DOWN	
1183.5072	0.23919999999998254	UpDownStatesTimeIntervals		UP	
1184.4216	0.14320000000020627	UpDownStatesTimeIntervals		UP	
1185.0296	0.19280000000003383	UpDownStatesTimeIntervals		DOWN	
1185.8704	0.02479999999991378	UpDownStatesTimeIntervals		DOWN	
1185.8952	0.11840000000006512	UpDownStatesTimeIntervals		UP	
1186.4352	0.11440000000015971	UpDownStatesTimeIntervals		UP	
1188.92	0.24319999999988795	UpDownStatesTimeIntervals		UP	
1189.472	0.15679999999997563	UpDownStatesTimeIntervals		UP	
1190.1632	0.21520000000009532	UpDownStatesTimeIntervals		UP	
1190.8888	0.15200000000004366	UpDownStatesTimeIntervals		UP	
1198.2872	0.21679999999992106	UpDownStatesTimeIntervals		UP	
1200.4536	0.1711999999999989	UpDownStatesTimeIntervals		DOWN	
1200.6248	0.14639999999985776	UpDownStatesTimeIntervals		UP	
1201.176	0.1431999999999789	UpDownStatesTimeIntervals		UP	
1204.308	0.18239999999991596	UpDownStatesTimeIntervals		UP	
1204.9232	0.12720000000012988	UpDownStatesTimeIntervals		UP	
1205.2976	0.24799999999981992	UpDownStatesTimeIntervals		UP	
1209.1064	0.261600000000044	UpDownStatesTimeIntervals		UP	
1209.8896	0.14800000000013824	UpDownStatesTimeIntervals		UP	
1217.1904	0.14239999999995234	UpDownStatesTimeIntervals		UP	
1218.8688	0.2296000000001186	UpDownStatesTimeIntervals		UP	
1223.4272	0.05279999999993379	UpDownStatesTimeIntervals		DOWN	
1223.82	0.14959999999996398	UpDownStatesTimeIntervals		UP	
1228.7992	0.1528000000000702	UpDownStatesTimeIntervals		UP	
1231.7704	0.2199999999997999	UpDownStatesTimeIntervals		UP	
1233.0368	0.2400000000000091	UpDownStatesTimeIntervals		UP	
1233.6296	0.25680000000011205	UpDownStatesTimeIntervals		DOWN	
1233.8864	0.14079999999989923	UpDownStatesTimeIntervals		UP	
1235.7936	0.11200000000008004	UpDownStatesTimeIntervals		UP	
1236.1552	0.24240000000008877	UpDownStatesTimeIntervals		UP	
1236.5952	0.23440000000005057	UpDownStatesTimeIntervals		DOWN	
1236.8296	0.20959999999990941	UpDownStatesTimeIntervals		UP	
1241.8528	0.07440000000019609	UpDownStatesTimeIntervals		DOWN	
1241.9272	0.16480000000001382	UpDownStatesTimeIntervals		UP	
1242.5728	0.13840000000004693	UpDownStatesTimeIntervals		UP	
1243.0504	0.1471999999998843	UpDownStatesTimeIntervals		UP	
1243.7048	0.3568000000000211	UpDownStatesTimeIntervals		UP	
1248.6216	0.24720000000002074	UpDownStatesTimeIntervals		UP	
1250.352	0.17439999999987776	UpDownStatesTimeIntervals		UP	
1252.2864	0.15599999999994907	UpDownStatesTimeIntervals		UP	
1253.4632	0.15440000000012333	UpDownStatesTimeIntervals		UP	
1254.2544	0.1535999999998694	UpDownStatesTimeIntervals		UP	
1260.372	0.2559999999998581	UpDownStatesTimeIntervals		UP	
1261.6384	0.18879999999990105	UpDownStatesTimeIntervals		UP	
1262.824	0.2599999999999909	UpDownStatesTimeIntervals		UP	
1264.0016	0.1535999999998694	UpDownStatesTimeIntervals		UP	
1264.6448	0.1631999999999607	UpDownStatesTimeIntervals		UP	
1268.0104	0.14560000000005857	UpDownStatesTimeIntervals		UP	
1269.4448	0.5519999999999072	UpDownStatesTimeIntervals		DOWN	
1270.1976	0.14560000000005857	UpDownStatesTimeIntervals		UP	
1273.5216	0.14879999999993743	UpDownStatesTimeIntervals		UP	
1274.1792	0.13439999999991414	UpDownStatesTimeIntervals		UP	
1280.444	0.2296000000001186	UpDownStatesTimeIntervals		UP	
1281.3224	0.2760000000000673	UpDownStatesTimeIntervals		UP	
1281.6864	0.06079999999997199	UpDownStatesTimeIntervals		DOWN	
1282.3216	0.15200000000004366	UpDownStatesTimeIntervals		UP	
1284.524	0.21040000000016335	UpDownStatesTimeIntervals		UP	
1285.3728	0.16079999999988104	UpDownStatesTimeIntervals		UP	
1289.408	0.22880000000009204	UpDownStatesTimeIntervals		UP	
1289.96	0.14079999999989923	UpDownStatesTimeIntervals		UP	
1290.94	0.14639999999985776	UpDownStatesTimeIntervals		UP	
1295.0536	0.14879999999993743	UpDownStatesTimeIntervals		UP	
1297.744	0.15039999999999054	UpDownStatesTimeIntervals		UP	
1303.868	0.3007999999999811	UpDownStatesTimeIntervals		DOWN	
1304.364	0.14480000000003201	UpDownStatesTimeIntervals		UP	
1306.9496	0.16480000000001382	UpDownStatesTimeIntervals		UP	
1307.636	0.1608000000001084	UpDownStatesTimeIntervals		UP	
1310.0	14.0	SleepStates			WAKEstate
1325.0	105.0	SleepStates			NREMstate
1328.4696	0.18800000000010186	UpDownStatesTimeIntervals		UP	
1329.5864	0.24320000000011532	UpDownStatesTimeIntervals		UP	
1332.0192	0.1512000000000171	UpDownStatesTimeIntervals		UP	
1332.8272	0.032000000000152795	UpDownStatesTimeIntervals		DOWN	
1332.8592	0.3751999999999498	UpDownStatesTimeIntervals		UP	
1334.116	0.30320000000006075	UpDownStatesTimeIntervals		UP	
1338.54	0.046399999999948704	UpDownStatesTimeIntervals		DOWN	
1339.0504	0.012799999999970169	UpDownStatesTimeIntervals		DOWN	
1339.368	0.1592000000000553	UpDownStatesTimeIntervals		UP	
1340.6024	0.26080000000001746	UpDownStatesTimeIntervals		UP	
1344.5568	0.15439999999989595	UpDownStatesTimeIntervals		UP	
1346.5896	0.1271999999999025	UpDownStatesTimeIntervals		UP	
1347.3312	0.23039999999991778	UpDownStatesTimeIntervals		UP	
1348.28	0.1528000000000702	UpDownStatesTimeIntervals		UP	
1349.028	0.205600000000004	UpDownStatesTimeIntervals		UP	
1356.5064	0.45839999999998327	UpDownStatesTimeIntervals		UP	
1360.72	0.16879999999991924	UpDownStatesTimeIntervals		UP	
1362.8168	0.13439999999991414	UpDownStatesTimeIntervals		UP	
1364.2616	0.1535999999998694	UpDownStatesTimeIntervals		UP	
1365.2064	0.18879999999990105	UpDownStatesTimeIntervals		UP	
1365.468	0.15599999999994907	UpDownStatesTimeIntervals		DOWN	
1366.192	0.12560000000007676	UpDownStatesTimeIntervals		UP	
1367.012	0.20720000000005712	UpDownStatesTimeIntervals		DOWN	
1367.2192	0.2760000000000673	UpDownStatesTimeIntervals		UP	
1382.5216	0.12799999999992906	UpDownStatesTimeIntervals		UP	
1383.2504	0.17360000000007858	UpDownStatesTimeIntervals		UP	
1384.0104	0.14240000000017972	UpDownStatesTimeIntervals		UP	
1388.9952	0.17599999999993088	UpDownStatesTimeIntervals		UP	
1389.9448	0.25680000000011205	UpDownStatesTimeIntervals		UP	
1390.9512	0.38400000000001455	UpDownStatesTimeIntervals		UP	
1394.5984	0.15599999999994907	UpDownStatesTimeIntervals		DOWN	
1394.7544	0.24880000000007385	UpDownStatesTimeIntervals		UP	
1395.7544	0.14879999999993743	UpDownStatesTimeIntervals		UP	
1396.548	0.16640000000006694	UpDownStatesTimeIntervals		UP	
1400.9024	0.2232000000001335	UpDownStatesTimeIntervals		UP	
1403.2312	0.2760000000000673	UpDownStatesTimeIntervals		UP	
1404.0368	0.23519999999984975	UpDownStatesTimeIntervals		UP	
1406.0096	0.25119999999992615	UpDownStatesTimeIntervals		UP	
1412.604	0.24559999999996762	UpDownStatesTimeIntervals		UP	
1413.492	0.044800000000122964	UpDownStatesTimeIntervals		DOWN	
1413.5368	0.14400000000000546	UpDownStatesTimeIntervals		UP	
1414.2168	0.13200000000006185	UpDownStatesTimeIntervals		UP	
1415.332	0.15279999999984284	UpDownStatesTimeIntervals		UP	
1418.4376	0.20479999999997744	UpDownStatesTimeIntervals		UP	
1419.5288	0.19200000000000728	UpDownStatesTimeIntervals		UP	
1420.1088	0.16800000000012005	UpDownStatesTimeIntervals		UP	
1420.8816	0.16800000000012005	UpDownStatesTimeIntervals		UP	
1421.3056	0.0624000000000251	UpDownStatesTimeIntervals		DOWN	
1422.1456	0.15760000000000218	UpDownStatesTimeIntervals		UP	
1423.3336	0.2656000000001768	UpDownStatesTimeIntervals		UP	
1424.1352	0.2016000000000986	UpDownStatesTimeIntervals		UP	
1425.0488	0.16239999999993415	UpDownStatesTimeIntervals		UP	
1431.0	16.0	SleepStates			WAKEstate
1447.2496	0.17439999999987776	UpDownStatesTimeIntervals		UP	
1448.0	105.0	SleepStates			NREMstate
1448.9256	0.14079999999989923	UpDownStatesTimeIntervals		UP	
1449.4512	0.11760000000003856	UpDownStatesTimeIntervals		UP	
1458.8312	0.3167999999998301	UpDownStatesTimeIntervals		UP	
1459.8456	0.19839999999999236	UpDownStatesTimeIntervals		UP	
1460.5808	0.1408000000001266	UpDownStatesTimeIntervals		UP	
1461.1312	0.261600000000044	UpDownStatesTimeIntervals		UP	
1465.7032	0.13200000000006185	UpDownStatesTimeIntervals		UP	
1466.1568	0.20800000000008367	UpDownStatesTimeIntervals		UP	
1468.4272	0.16079999999988104	UpDownStatesTimeIntervals		UP	
1470.6576	0.43679999999994834	UpDownStatesTimeIntervals		UP	
1471.7336	0.22959999999989122	UpDownStatesTimeIntervals		UP	
1477.2152	0.17439999999987776	UpDownStatesTimeIntervals		UP	
1478.0856	0.24879999999984648	UpDownStatesTimeIntervals		UP	
1480.9848	0.27120000000013533	UpDownStatesTimeIntervals		UP	
1489.2368	0.34160000000019863	UpDownStatesTimeIntervals		UP	
1491.1984	0.1551999999999225	UpDownStatesTimeIntervals		UP	
1493.384	0.15039999999999054	UpDownStatesTimeIntervals		UP	
1496.0968	0.3079999999999927	UpDownStatesTimeIntervals		UP	
1496.6312	0.11519999999995889	UpDownStatesTimeIntervals		DOWN	
1496.7464	0.17039999999997235	UpDownStatesTimeIntervals		UP	
1497.3008	0.19839999999999236	UpDownStatesTimeIntervals		UP	
1498.1576	0.22640000000001237	UpDownStatesTimeIntervals		UP	
1500.5248	0.14720000000011169	UpDownStatesTimeIntervals		UP	
1500.7384	0.046399999999948704	UpDownStatesTimeIntervals		DOWN	
1501.132	0.12400000000002365	UpDownStatesTimeIntervals		UP	
1501.632	0.15840000000002874	UpDownStatesTimeIntervals		UP	
1504.3208	0.3368000000000393	UpDownStatesTimeIntervals		UP	
1505.0912	0.14400000000000546	UpDownStatesTimeIntervals		UP	
1505.5528	0.2416000000000622	UpDownStatesTimeIntervals		DOWN	
1506.6904	0.2376000000001568	UpDownStatesTimeIntervals		UP	
1509.6504	0.2704000000001088	UpDownStatesTimeIntervals		UP	
1511.836	0.23520000000007713	UpDownStatesTimeIntervals		UP	
1512.4024	0.1608000000001084	UpDownStatesTimeIntervals		UP	
1514.7176	0.12640000000010332	UpDownStatesTimeIntervals		UP	
1515.1944	0.1975999999999658	UpDownStatesTimeIntervals		UP	
1516.1344	0.15600000000017644	UpDownStatesTimeIntervals		UP	
1516.8784	0.15679999999997563	UpDownStatesTimeIntervals		UP	
1517.3888	0.18000000000006366	UpDownStatesTimeIntervals		UP	
1524.3488	0.26320000000009713	UpDownStatesTimeIntervals		UP	
1525.9824	0.09600000000000364	UpDownStatesTimeIntervals		DOWN	
1526.0784	0.2503999999998996	UpDownStatesTimeIntervals		UP	
1526.9136	0.254399999999805	UpDownStatesTimeIntervals		UP	
1527.548	0.2544000000000324	UpDownStatesTimeIntervals		UP	
1528.4376	0.17280000000005202	UpDownStatesTimeIntervals		UP	
1529.0712	0.20319999999992433	UpDownStatesTimeIntervals		UP	
1530.3448	0.16239999999993415	UpDownStatesTimeIntervals		DOWN	
1530.6864	0.17840000000001055	UpDownStatesTimeIntervals		UP	
1532.2728	0.16239999999993415	UpDownStatesTimeIntervals		UP	
1534.5808	0.1752000000001317	UpDownStatesTimeIntervals		UP	
1535.728	0.15999999999985448	UpDownStatesTimeIntervals		UP	
1537.0968	0.48959999999988213	UpDownStatesTimeIntervals		UP	
1538.1504	0.18160000000011678	UpDownStatesTimeIntervals		UP	
1539.2864	0.1695999999999458	UpDownStatesTimeIntervals		UP	
1543.4744	0.13599999999996726	UpDownStatesTimeIntervals		UP	
1544.0128	0.12400000000002365	UpDownStatesTimeIntervals		UP	
1544.1848	0.053599999999960346	UpDownStatesTimeIntervals		DOWN	
1544.5936	0.2400000000000091	UpDownStatesTimeIntervals		UP	
1545.3584	0.233600000000024	UpDownStatesTimeIntervals		UP	
1547.328	0.053599999999960346	UpDownStatesTimeIntervals		DOWN	
1547.3816	0.17440000000010514	UpDownStatesTimeIntervals		UP	
1550.2992	0.22720000000003893	UpDownStatesTimeIntervals		UP	
1554.0	8.0	SleepStates			WAKEstate
1563.0	304.0	SleepStates			NREMstate
1563.8824	0.25279999999997926	UpDownStatesTimeIntervals		UP	
1566.6264	0.21920000000000073	UpDownStatesTimeIntervals		UP	
1567.4272	0.03999999999996362	UpDownStatesTimeIntervals		DOWN	
1571.9936	0.1392000000000735	UpDownStatesTimeIntervals		UP	
1572.204	0.049600000000054933	UpDownStatesTimeIntervals		DOWN	
1572.4912	0.13360000000011496	UpDownStatesTimeIntervals		UP	
1575.2032	0.14000000000010004	UpDownStatesTimeIntervals		UP	
1576.896	0.14560000000005857	UpDownStatesTimeIntervals		UP	
1577.2552	0.08799999999996544	UpDownStatesTimeIntervals		DOWN	
1577.5984	0.11279999999987922	UpDownStatesTimeIntervals		UP	
1578.3008	0.21679999999992106	UpDownStatesTimeIntervals		UP	
1578.7744	0.24639999999999418	UpDownStatesTimeIntervals		UP	
1579.08	0.25040000000012697	UpDownStatesTimeIntervals		DOWN	
1579.5832	0.15200000000004366	UpDownStatesTimeIntervals		UP	
1586.6664	0.14879999999993743	UpDownStatesTimeIntervals		UP	
1587.9896	0.1535999999998694	UpDownStatesTimeIntervals		UP	
1589.9368	0.13760000000002037	UpDownStatesTimeIntervals		UP	
1590.64	0.23679999999990287	UpDownStatesTimeIntervals		DOWN	
1590.8768	0.28320000000007894	UpDownStatesTimeIntervals		UP	
1594.9048	0.19440000000008695	UpDownStatesTimeIntervals		UP	
1595.352	0.2423999999998614	UpDownStatesTimeIntervals		UP	
1595.8568	0.04079999999999018	UpDownStatesTimeIntervals		DOWN	
1596.3856	0.20640000000003056	UpDownStatesTimeIntervals		UP	
1597.02	0.2255999999999858	UpDownStatesTimeIntervals		UP	
1598.52	0.13040000000000873	UpDownStatesTimeIntervals		UP	
1599.4232	0.13040000000000873	UpDownStatesTimeIntervals		UP	
1601.808	0.18319999999994252	UpDownStatesTimeIntervals		UP	
1602.7376	0.1488000000001648	UpDownStatesTimeIntervals		UP	
1605.1024	0.233600000000024	UpDownStatesTimeIntervals		UP	
1605.876	0.2439999999999145	UpDownStatesTimeIntervals		UP	
1609.8784	0.1191999999998643	UpDownStatesTimeIntervals		UP	
1611.628	0.1952000000001135	UpDownStatesTimeIntervals		DOWN	
1611.8232	0.14560000000005857	UpDownStatesTimeIntervals		UP	
1612.2968	0.22959999999989122	UpDownStatesTimeIntervals		UP	
1613.368	0.16000000000008185	UpDownStatesTimeIntervals		UP	
1614.4928	0.1271999999999025	UpDownStatesTimeIntervals		UP	
1614.9936	0.06559999999990396	UpDownStatesTimeIntervals		DOWN	
1615.48	0.19039999999995416	UpDownStatesTimeIntervals		UP	
1616.3696	0.1608000000001084	UpDownStatesTimeIntervals		UP	
1619.3976	0.11599999999998545	UpDownStatesTimeIntervals		UP	
1620.0544	0.14000000000010004	UpDownStatesTimeIntervals		UP	
1620.2624	0.4743999999998323	UpDownStatesTimeIntervals		DOWN	
1620.7368	0.21680000000014843	UpDownStatesTimeIntervals		UP	
1622.3776	0.17280000000005202	UpDownStatesTimeIntervals		UP	
1623.344	0.17599999999993088	UpDownStatesTimeIntervals		UP	
1631.0736	0.14800000000013824	UpDownStatesTimeIntervals		UP	
1633.96	0.23679999999990287	UpDownStatesTimeIntervals		UP	
1640.072	0.13600000000019463	UpDownStatesTimeIntervals		UP	
1640.648	0.1431999999999789	UpDownStatesTimeIntervals		UP	
1641.2776	0.17040000000019973	UpDownStatesTimeIntervals		UP	
1644.228	0.14799999999991087	UpDownStatesTimeIntervals		UP	
1645.0552	0.177599999999984	UpDownStatesTimeIntervals		UP	
1645.9552	0.22959999999989122	UpDownStatesTimeIntervals		UP	
1647.5112	0.14640000000008513	UpDownStatesTimeIntervals		UP	
1648.5144	0.2919999999999163	UpDownStatesTimeIntervals		UP	
1650.5848	0.11279999999987922	UpDownStatesTimeIntervals		UP	
1654.8552	0.1528000000000702	UpDownStatesTimeIntervals		UP	
1656.0848	0.3807999999999083	UpDownStatesTimeIntervals		UP	
1657.1912	0.14799999999991087	UpDownStatesTimeIntervals		UP	
1658.4856	0.14480000000003201	UpDownStatesTimeIntervals		UP	
1659.3136	0.14879999999993743	UpDownStatesTimeIntervals		UP	
1664.9144	0.1248000000000502	UpDownStatesTimeIntervals		UP	
1665.564	0.17279999999982465	UpDownStatesTimeIntervals		DOWN	
1666.092	0.21839999999997417	UpDownStatesTimeIntervals		UP	
1666.7408	0.2416000000000622	UpDownStatesTimeIntervals		UP	
1671.092	0.12239999999997053	UpDownStatesTimeIntervals		UP	
1675.4296	0.13440000000014152	UpDownStatesTimeIntervals		UP	
1676.064	0.1335999999998876	UpDownStatesTimeIntervals		UP	
1676.544	0.1431999999999789	UpDownStatesTimeIntervals		UP	
1685.5136	0.2719999999999345	UpDownStatesTimeIntervals		UP	
1687.3856	0.17679999999995744	UpDownStatesTimeIntervals		UP	
1687.8328	0.08560000000011314	UpDownStatesTimeIntervals		DOWN	
1688.448	0.1391999999998461	UpDownStatesTimeIntervals		UP	
1688.9896	0.11759999999981119	UpDownStatesTimeIntervals		UP	
1689.7608	0.1815999999998894	UpDownStatesTimeIntervals		UP	
1693.3744	0.14720000000011169	UpDownStatesTimeIntervals		UP	
1694.4664	0.14239999999995234	UpDownStatesTimeIntervals		UP	
1695.3352	0.14000000000010004	UpDownStatesTimeIntervals		UP	
1698.2256	0.31120000000009895	UpDownStatesTimeIntervals		DOWN	
1698.7936	0.15679999999997563	UpDownStatesTimeIntervals		UP	
1699.0336	0.06960000000003674	UpDownStatesTimeIntervals		DOWN	
1700.156	0.1351999999999407	UpDownStatesTimeIntervals		UP	
1702.0648	0.2423999999998614	UpDownStatesTimeIntervals		UP	
1702.5952	0.25279999999997926	UpDownStatesTimeIntervals		UP	
1704.1592	0.22720000000003893	UpDownStatesTimeIntervals		UP	
1704.6008	0.16560000000004038	UpDownStatesTimeIntervals		DOWN	
1706.2816	0.2560000000000855	UpDownStatesTimeIntervals		UP	
1707.0984	0.15919999999982792	UpDownStatesTimeIntervals		UP	
1708.0544	0.18160000000011678	UpDownStatesTimeIntervals		UP	
1709.9832	0.14800000000013824	UpDownStatesTimeIntervals		UP	
1710.5368	0.16879999999991924	UpDownStatesTimeIntervals		UP	
1711.1552	0.2232000000001335	UpDownStatesTimeIntervals		UP	
1712.232	0.1695999999999458	UpDownStatesTimeIntervals		UP	
1718.364	0.12959999999998217	UpDownStatesTimeIntervals		UP	
1718.8344	0.13440000000014152	UpDownStatesTimeIntervals		UP	
1720.8704	0.1512000000000171	UpDownStatesTimeIntervals		UP	
1727.4736	0.06719999999995707	UpDownStatesTimeIntervals		DOWN	
1727.92	0.18639999999982138	UpDownStatesTimeIntervals		UP	
1731.1928	0.20080000000007203	UpDownStatesTimeIntervals		UP	
1731.5808	0.0968000000000302	UpDownStatesTimeIntervals		DOWN	
1732.2128	0.16879999999991924	UpDownStatesTimeIntervals		UP	
1732.5872	0.1431999999999789	UpDownStatesTimeIntervals		DOWN	
1733.1016	0.14640000000008513	UpDownStatesTimeIntervals		UP	
1734.5176	0.1688000000001466	UpDownStatesTimeIntervals		UP	
1735.6272	0.3144000000002052	UpDownStatesTimeIntervals		DOWN	
1735.9416	0.12879999999995562	UpDownStatesTimeIntervals		UP	
1738.2496	0.1711999999999989	UpDownStatesTimeIntervals		UP	
1738.8616	0.4072000000001026	UpDownStatesTimeIntervals		DOWN	
1739.464	0.21119999999996253	UpDownStatesTimeIntervals		UP	
1743.4992	0.12879999999995562	UpDownStatesTimeIntervals		UP	
1749.1944	0.22239999999987958	UpDownStatesTimeIntervals		UP	
1749.7656	0.22640000000001237	UpDownStatesTimeIntervals		UP	
1750.1816	0.22720000000003893	UpDownStatesTimeIntervals		DOWN	
1750.4088	0.18160000000011678	UpDownStatesTimeIntervals		UP	
1750.924	0.11519999999995889	UpDownStatesTimeIntervals		DOWN	
1751.5408	0.11920000000009168	UpDownStatesTimeIntervals		UP	
1751.9576	0.2216000000000804	UpDownStatesTimeIntervals		UP	
1752.9464	0.2175999999999476	UpDownStatesTimeIntervals		UP	
1753.7088	0.04479999999989559	UpDownStatesTimeIntervals		DOWN	
1753.7536	0.14400000000000546	UpDownStatesTimeIntervals		UP	
1756.144	0.1631999999999607	UpDownStatesTimeIntervals		UP	
1763.8512	0.14079999999989923	UpDownStatesTimeIntervals		UP	
1765.0632	0.061599999999998545	UpDownStatesTimeIntervals		DOWN	
1765.1248	0.17280000000005202	UpDownStatesTimeIntervals		UP	
1765.6424	0.11519999999995889	UpDownStatesTimeIntervals		DOWN	
1765.7576	0.1592000000000553	UpDownStatesTimeIntervals		UP	
1768.024	0.2136000000000422	UpDownStatesTimeIntervals		UP	
1769.1904	0.14480000000003201	UpDownStatesTimeIntervals		UP	
1769.6944	0.20239999999989777	UpDownStatesTimeIntervals		UP	
1771.1912	0.3263999999999214	UpDownStatesTimeIntervals		UP	
1772.176	0.17200000000002547	UpDownStatesTimeIntervals		UP	
1772.8096	0.14239999999995234	UpDownStatesTimeIntervals		UP	
1777.2512	0.14240000000017972	UpDownStatesTimeIntervals		UP	
1780.0304	0.22079999999982647	UpDownStatesTimeIntervals		UP	
1780.5096	0.18239999999991596	UpDownStatesTimeIntervals		DOWN	
1786.7912	0.13840000000004693	UpDownStatesTimeIntervals		UP	
1791.1376	0.16560000000004038	UpDownStatesTimeIntervals		UP	
1792.8992	0.17279999999982465	UpDownStatesTimeIntervals		UP	
1793.9024	0.20080000000007203	UpDownStatesTimeIntervals		UP	
1798.556	0.13599999999996726	UpDownStatesTimeIntervals		UP	
1798.7584	0.5688000000000102	UpDownStatesTimeIntervals		DOWN	
1801.412	0.15039999999999054	UpDownStatesTimeIntervals		UP	
1805.564	0.18639999999982138	UpDownStatesTimeIntervals		UP	
1806.0848	0.14639999999985776	UpDownStatesTimeIntervals		UP	
1806.5016	0.2239999999999327	UpDownStatesTimeIntervals		UP	
1817.588	0.13040000000000873	UpDownStatesTimeIntervals		UP	
1820.0	0.11200000000008004	UpDownStatesTimeIntervals		DOWN	
1820.5608	0.13360000000011496	UpDownStatesTimeIntervals		UP	
1822.832	0.12319999999999709	UpDownStatesTimeIntervals		UP	
1825.6504	0.16800000000012005	UpDownStatesTimeIntervals		UP	
1826.7136	0.21039999999993597	UpDownStatesTimeIntervals		UP	
1831.2456	0.18640000000004875	UpDownStatesTimeIntervals		UP	
1834.5416	0.25520000000005894	UpDownStatesTimeIntervals		UP	
1835.1992	0.1936000000000604	UpDownStatesTimeIntervals		UP	
1836.4264	0.14480000000003201	UpDownStatesTimeIntervals		UP	
1838.6144	0.14720000000011169	UpDownStatesTimeIntervals		UP	
1842.404	0.15840000000002874	UpDownStatesTimeIntervals		UP	
1842.5784	0.282399999999825	UpDownStatesTimeIntervals		DOWN	
1846.1664	0.1391999999998461	UpDownStatesTimeIntervals		UP	
1846.812	0.42800000000011096	UpDownStatesTimeIntervals		DOWN	
1853.3024	0.17360000000007858	UpDownStatesTimeIntervals		UP	
1857.1752	0.1488000000001648	UpDownStatesTimeIntervals		UP	
1858.2256	0.025599999999940337	UpDownStatesTimeIntervals		DOWN	
1858.2512	0.14959999999996398	UpDownStatesTimeIntervals		UP	
1859.0752	0.1695999999999458	UpDownStatesTimeIntervals		UP	
1860.5864	0.24400000000014188	UpDownStatesTimeIntervals		UP	
1862.236	0.1735999999998512	UpDownStatesTimeIntervals		UP	
1863.644	0.1528000000000702	UpDownStatesTimeIntervals		UP	
1864.2712	0.2624000000000706	UpDownStatesTimeIntervals		DOWN	
1868.0	12.0	SleepStates			WAKEstate
1881.0	43.0	SleepStates			NREMstate
1883.2152	0.15999999999985448	UpDownStatesTimeIntervals		UP	
1884.5616	0.14879999999993743	UpDownStatesTimeIntervals		UP	
1886.8992	0.11439999999993233	UpDownStatesTimeIntervals		UP	
1896.2048	0.13360000000011496	UpDownStatesTimeIntervals		UP	
1898.3272	0.1392000000000735	UpDownStatesTimeIntervals		UP	
1900.4576	0.15039999999999054	UpDownStatesTimeIntervals		UP	
1908.0432	0.1535999999998694	UpDownStatesTimeIntervals		UP	
1909.8128	0.12720000000012988	UpDownStatesTimeIntervals		UP	
1910.3896	0.25919999999996435	UpDownStatesTimeIntervals		UP	
1917.6624	0.14959999999996398	UpDownStatesTimeIntervals		UP	
1918.664	0.07519999999999527	UpDownStatesTimeIntervals		DOWN	
1919.1208	0.13440000000014152	UpDownStatesTimeIntervals		UP	
1920.088	0.07200000000011642	UpDownStatesTimeIntervals		DOWN	
1920.16	0.14639999999985776	UpDownStatesTimeIntervals		UP	
1921.4184	0.15039999999999054	UpDownStatesTimeIntervals		UP	
1922.4208	0.32159999999998945	UpDownStatesTimeIntervals		UP	
1923.128	0.15200000000004366	UpDownStatesTimeIntervals		UP	
1925.0	12.0	SleepStates			WAKEstate
1938.0	151.0	SleepStates			NREMstate
1942.0568	0.2807999999999993	UpDownStatesTimeIntervals		UP	
1942.9384	0.15760000000000218	UpDownStatesTimeIntervals		UP	
1943.3912	0.17599999999993088	UpDownStatesTimeIntervals		DOWN	
1943.976	0.23999999999978172	UpDownStatesTimeIntervals		UP	
1948.0112	0.10560000000009495	UpDownStatesTimeIntervals		UP	
1948.3888	0.25279999999997926	UpDownStatesTimeIntervals		UP	
1949.1016	0.18080000000009022	UpDownStatesTimeIntervals		UP	
1950.2968	0.12239999999997053	UpDownStatesTimeIntervals		UP	
1955.8312	0.13279999999986103	UpDownStatesTimeIntervals		UP	
1960.1016	0.11920000000009168	UpDownStatesTimeIntervals		UP	
1962.052	0.14240000000017972	UpDownStatesTimeIntervals		UP	
1962.2576	0.16960000000017317	UpDownStatesTimeIntervals		DOWN	
1962.604	0.15999999999985448	UpDownStatesTimeIntervals		UP	
1965.5432	0.13760000000002037	UpDownStatesTimeIntervals		UP	
1966.0336	0.07999999999992724	UpDownStatesTimeIntervals		DOWN	
1967.3864	0.1111999999998261	UpDownStatesTimeIntervals		UP	
1968.1768	0.12959999999998217	UpDownStatesTimeIntervals		UP	
1968.9776	0.12640000000010332	UpDownStatesTimeIntervals		UP	
1969.7504	0.32560000000012224	UpDownStatesTimeIntervals		DOWN	
1970.3056	0.1936000000000604	UpDownStatesTimeIntervals		UP	
1972.3144	0.20319999999992433	UpDownStatesTimeIntervals		UP	
1980.8024	0.3007999999999811	UpDownStatesTimeIntervals		UP	
1992.2216	0.34399999999982356	UpDownStatesTimeIntervals		UP	
1992.9016	0.1768000000001848	UpDownStatesTimeIntervals		UP	
1993.3848	0.11359999999990578	UpDownStatesTimeIntervals		DOWN	
1993.4984	0.14400000000000546	UpDownStatesTimeIntervals		UP	
1996.84	0.16240000000016153	UpDownStatesTimeIntervals		UP	
1998.1544	0.15840000000002874	UpDownStatesTimeIntervals		UP	
1999.1992	0.07760000000007494	UpDownStatesTimeIntervals		DOWN	
2001.0096	0.14639999999985776	UpDownStatesTimeIntervals		UP	
2001.4944	0.205600000000004	UpDownStatesTimeIntervals		UP	
2002.3496	0.3168000000000575	UpDownStatesTimeIntervals		UP	
2004.008	0.21199999999998909	UpDownStatesTimeIntervals		UP	
2005.5208	0.12400000000002365	UpDownStatesTimeIntervals		UP	
2006.016	0.2239999999999327	UpDownStatesTimeIntervals		UP	
2010.476	0.14159999999992579	UpDownStatesTimeIntervals		UP	
2010.8296	0.3047999999998865	UpDownStatesTimeIntervals		DOWN	
2012.3728	0.18479999999999563	UpDownStatesTimeIntervals		UP	
2012.9008	0.2824000000000524	UpDownStatesTimeIntervals		UP	
2019.6152	0.1792000000000371	UpDownStatesTimeIntervals		UP	
2023.6104	0.14480000000003201	UpDownStatesTimeIntervals		UP	
2026.352	0.14079999999989923	UpDownStatesTimeIntervals		UP	
2027.1824	0.15600000000017644	UpDownStatesTimeIntervals		UP	
2028.424	0.12159999999994398	UpDownStatesTimeIntervals		UP	
2028.9904	0.15440000000012333	UpDownStatesTimeIntervals		UP	
2029.48	0.11599999999998545	UpDownStatesTimeIntervals		UP	
2030.488	0.1615999999999076	UpDownStatesTimeIntervals		UP	
2031.3336	0.1792000000000371	UpDownStatesTimeIntervals		DOWN	
2031.5128	0.23919999999998254	UpDownStatesTimeIntervals		UP	
2033.0584	0.18000000000006366	UpDownStatesTimeIntervals		UP	
2033.6936	0.47519999999985885	UpDownStatesTimeIntervals		UP	
2034.9072	0.12959999999998217	UpDownStatesTimeIntervals		UP	
2036.4792	0.14560000000005857	UpDownStatesTimeIntervals		UP	
2036.8512	0.19519999999988613	UpDownStatesTimeIntervals		DOWN	
2037.1704	0.1856000000000222	UpDownStatesTimeIntervals		UP	
2042.236	0.15039999999999054	UpDownStatesTimeIntervals		UP	
2046.5848	0.12799999999992906	UpDownStatesTimeIntervals		UP	
2046.7448	0.18399999999996908	UpDownStatesTimeIntervals		DOWN	
2047.3704	0.10079999999993561	UpDownStatesTimeIntervals		DOWN	
2047.9424	0.13760000000002037	UpDownStatesTimeIntervals		UP	
2051.6168	0.15520000000014988	UpDownStatesTimeIntervals		UP	
2052.8712	0.15760000000000218	UpDownStatesTimeIntervals		UP	
2054.6048	0.1255999999998494	UpDownStatesTimeIntervals		UP	
2055.5296	0.16400000000021464	UpDownStatesTimeIntervals		DOWN	
2055.6936	0.13279999999986103	UpDownStatesTimeIntervals		UP	
2056.3144	0.06319999999959691	UpDownStatesTimeIntervals		DOWN	
2057.1072	0.2640000000001237	UpDownStatesTimeIntervals		UP	
2057.8152	0.1455999999998312	UpDownStatesTimeIntervals		UP	
2058.5752	0.15279999999984284	UpDownStatesTimeIntervals		UP	
2059.2816	0.16320000000041546	UpDownStatesTimeIntervals		UP	
2059.5664	0.07839999999987413	UpDownStatesTimeIntervals		DOWN	
2059.828	0.11760000000003856	UpDownStatesTimeIntervals		UP	
2060.228	0.23039999999991778	UpDownStatesTimeIntervals		DOWN	
2062.1872	0.2112000000001899	UpDownStatesTimeIntervals		UP	
2062.724	0.24159999999983484	UpDownStatesTimeIntervals		UP	
2063.656	0.12640000000010332	UpDownStatesTimeIntervals		DOWN	
2075.272	0.1392000000000735	UpDownStatesTimeIntervals		UP	
2076.0408	0.1335999999996602	UpDownStatesTimeIntervals		UP	
2076.2072	0.14720000000033906	UpDownStatesTimeIntervals		DOWN	
2077.1136	0.19279999999980646	UpDownStatesTimeIntervals		UP	
2077.8856	0.14159999999992579	UpDownStatesTimeIntervals		UP	
2080.8328	0.12159999999994398	UpDownStatesTimeIntervals		DOWN	
2080.9544	0.16800000000012005	UpDownStatesTimeIntervals		UP	
2082.3792	0.16720000000032087	UpDownStatesTimeIntervals		UP	
2084.68	0.39360000000033324	UpDownStatesTimeIntervals		UP	
2085.3472	0.19439999999985957	UpDownStatesTimeIntervals		DOWN	
2086.2248	0.16960000000017317	UpDownStatesTimeIntervals		UP	
2086.6616	0.3056000000001404	UpDownStatesTimeIntervals		DOWN	
2090.0	10.0	SleepStates			WAKEstate
2101.0	31.0	SleepStates			NREMstate
2104.0232	0.2927999999997155	UpDownStatesTimeIntervals		UP	
2104.632	0.28319999999985157	UpDownStatesTimeIntervals		UP	
2106.1648	0.13599999999996726	UpDownStatesTimeIntervals		UP	
2112.3592	0.08800000000019281	UpDownStatesTimeIntervals		DOWN	
2112.884	0.1631999999999607	UpDownStatesTimeIntervals		UP	
2115.6976	0.23919999999998254	UpDownStatesTimeIntervals		DOWN	
2115.9368	0.18560000000024957	UpDownStatesTimeIntervals		UP	
2117.7464	0.15520000000014988	UpDownStatesTimeIntervals		UP	
2118.1616	0.25680000000011205	UpDownStatesTimeIntervals		UP	
2120.4352	0.17039999999997235	UpDownStatesTimeIntervals		UP	
2123.8384	0.07920000000012806	UpDownStatesTimeIntervals		DOWN	
2123.9176	0.3063999999999396	UpDownStatesTimeIntervals		UP	
2125.3128	0.12799999999970169	UpDownStatesTimeIntervals		UP	
2126.0304	0.11679999999978463	UpDownStatesTimeIntervals		DOWN	
2126.4128	0.13839999999981956	UpDownStatesTimeIntervals		UP	
2130.1336	0.11040000000002692	UpDownStatesTimeIntervals		UP	
2131.4	0.15360000000009677	UpDownStatesTimeIntervals		UP	
2133.0	8.0	SleepStates			WAKEstate
2142.0	31.0	SleepStates			NREMstate
2143.1568	0.13839999999981956	UpDownStatesTimeIntervals		UP	
2144.8656	0.15760000000000218	UpDownStatesTimeIntervals		UP	
2145.7792	0.15279999999984284	UpDownStatesTimeIntervals		UP	
2148.78	0.2687999999998283	UpDownStatesTimeIntervals		UP	
2151.428	0.1631999999999607	UpDownStatesTimeIntervals		UP	
2151.9896	0.15039999999999054	UpDownStatesTimeIntervals		UP	
2153.6128	0.11680000000023938	UpDownStatesTimeIntervals		UP	
2154.2856	0.18640000000004875	UpDownStatesTimeIntervals		UP	
2154.7608	0.05760000000009313	UpDownStatesTimeIntervals		DOWN	
2155.4576	0.1255999999998494	UpDownStatesTimeIntervals		UP	
2161.0552	0.15360000000009677	UpDownStatesTimeIntervals		UP	
2162.0344	0.3240000000000691	UpDownStatesTimeIntervals		UP	
2162.8304	0.19200000000000728	UpDownStatesTimeIntervals		UP	
2169.4496	0.12560000000030414	UpDownStatesTimeIntervals		UP	
2170.0888	0.21680000000014843	UpDownStatesTimeIntervals		DOWN	
2174.0	10.0	SleepStates			WAKEstate
2185.0	7.0	SleepStates			NREMstate
2193.0	43.0	SleepStates			WAKEstate
2237.0	11.0	SleepStates			NREMstate
2238.8296	0.15360000000009677	UpDownStatesTimeIntervals		UP	
2240.2872	0.15919999999960055	UpDownStatesTimeIntervals		UP	
2242.8496	0.1392000000000735	UpDownStatesTimeIntervals		UP	
2243.4008	0.1368000000002212	UpDownStatesTimeIntervals		UP	
2244.02	0.2319999999999709	UpDownStatesTimeIntervals		UP	
2249.0	154.0	SleepStates			WAKEstate
2404.0	10.0	SleepStates			NREMstate
2404.0352	0.15200000000004366	UpDownStatesTimeIntervals		UP	
2404.9544	0.13519999999971333	UpDownStatesTimeIntervals		UP	
2405.5472	0.17200000000002547	UpDownStatesTimeIntervals		UP	
2407.1848	0.1815999999998894	UpDownStatesTimeIntervals		UP	
2415.0	12.0	SleepStates			WAKEstate
2428.0	9.0	SleepStates			NREMstate
2428.1952	0.35439999999971405	UpDownStatesTimeIntervals		UP	
2429.128	0.13919999999961874	UpDownStatesTimeIntervals		UP	
2429.8032	0.1431999999999789	UpDownStatesTimeIntervals		UP	
2430.9744	0.14480000000003201	UpDownStatesTimeIntervals		UP	
2431.4568	0.12800000000015643	UpDownStatesTimeIntervals		UP	
2433.1312	0.16960000000017317	UpDownStatesTimeIntervals		UP	
2435.524	0.10960000000022774	UpDownStatesTimeIntervals		DOWN	
2435.6336	0.14640000000008513	UpDownStatesTimeIntervals		UP	
2438.0	30.0	SleepStates			WAKEstate
2469.0	105.0	SleepStates			NREMstate
2469.2144	0.27040000000033615	UpDownStatesTimeIntervals		UP	
2471.5208	0.24000000000023647	UpDownStatesTimeIntervals		UP	
2475.1704	0.34320000000025175	UpDownStatesTimeIntervals		UP	
2475.9696	0.2359999999998763	UpDownStatesTimeIntervals		UP	
2476.4616	0.15760000000000218	UpDownStatesTimeIntervals		UP	
2477.3296	0.024800000000141154	UpDownStatesTimeIntervals		DOWN	
2480.9096	0.2343999999998232	UpDownStatesTimeIntervals		UP	
2481.2584	0.07199999999966167	UpDownStatesTimeIntervals		DOWN	
2482.3776	0.14400000000023283	UpDownStatesTimeIntervals		UP	
2482.936	0.18079999999963547	UpDownStatesTimeIntervals		UP	
2484.228	0.15999999999985448	UpDownStatesTimeIntervals		UP	
2486.0224	0.14880000000039217	UpDownStatesTimeIntervals		UP	
2489.7216	0.1608000000001084	UpDownStatesTimeIntervals		UP	
2490.8176	0.1608000000001084	UpDownStatesTimeIntervals		UP	
2491.3664	0.08320000000003347	UpDownStatesTimeIntervals		DOWN	
2493.4608	0.5384000000003653	UpDownStatesTimeIntervals		DOWN	
2493.9992	0.2343999999998232	UpDownStatesTimeIntervals		UP	
2495.4256	0.15679999999974825	UpDownStatesTimeIntervals		UP	
2496.0872	0.09520000000020445	UpDownStatesTimeIntervals		UP	
2496.484	0.10559999999986758	UpDownStatesTimeIntervals		DOWN	
2496.5896	0.12880000000041036	UpDownStatesTimeIntervals		UP	
2497.116	0.2703999999998814	UpDownStatesTimeIntervals		UP	
2497.9776	0.13119999999980791	UpDownStatesTimeIntervals		UP	
2498.232	0.1584000000002561	UpDownStatesTimeIntervals		DOWN	
2498.7904	0.29919999999992797	UpDownStatesTimeIntervals		UP	
2500.6576	0.2319999999999709	UpDownStatesTimeIntervals		UP	
2501.3928	0.13200000000006185	UpDownStatesTimeIntervals		UP	
2502.164	0.23279999999977008	UpDownStatesTimeIntervals		DOWN	
2502.3968	0.1631999999999607	UpDownStatesTimeIntervals		UP	
2506.9096	0.15760000000000218	UpDownStatesTimeIntervals		UP	
2509.8696	0.13439999999991414	UpDownStatesTimeIntervals		UP	
2510.084	0.1248000000000502	UpDownStatesTimeIntervals		DOWN	
2510.72	0.1368000000002212	UpDownStatesTimeIntervals		UP	
2514.6064	0.1479999999996835	UpDownStatesTimeIntervals		UP	
2517.1888	0.13520000000016807	UpDownStatesTimeIntervals		UP	
2528.3968	0.156800000000203	UpDownStatesTimeIntervals		UP	
2529.7064	0.16800000000012005	UpDownStatesTimeIntervals		UP	
2532.9616	0.1631999999999607	UpDownStatesTimeIntervals		UP	
2534.9208	0.18960000000015498	UpDownStatesTimeIntervals		UP	
2535.1632	0.21280000000024302	UpDownStatesTimeIntervals		DOWN	
2535.9904	0.12319999999999709	UpDownStatesTimeIntervals		UP	
2536.5752	0.1431999999999789	UpDownStatesTimeIntervals		UP	
2537.1976	0.1271999999999025	UpDownStatesTimeIntervals		DOWN	
2537.544	0.15599999999994907	UpDownStatesTimeIntervals		UP	
2540.3168	0.22879999999986467	UpDownStatesTimeIntervals		UP	
2541.432	0.1752000000001317	UpDownStatesTimeIntervals		UP	
2546.6656	0.29520000000002256	UpDownStatesTimeIntervals		UP	
2548.028	0.11599999999998545	UpDownStatesTimeIntervals		UP	
2548.7088	0.15039999999999054	UpDownStatesTimeIntervals		UP	
2549.9288	0.15679999999974825	UpDownStatesTimeIntervals		UP	
2550.4752	0.257600000000366	UpDownStatesTimeIntervals		UP	
2551.5168	0.14640000000008513	UpDownStatesTimeIntervals		UP	
2552.0152	0.25840000000016516	UpDownStatesTimeIntervals		UP	
2559.296	0.25840000000016516	UpDownStatesTimeIntervals		UP	
2560.72	0.18560000000024957	UpDownStatesTimeIntervals		UP	
2562.2512	0.15359999999964202	UpDownStatesTimeIntervals		UP	
2566.5696	0.11680000000023938	UpDownStatesTimeIntervals		DOWN	
2567.0152	0.16160000000036234	UpDownStatesTimeIntervals		UP	
2568.5816	0.15999999999985448	UpDownStatesTimeIntervals		UP	
2574.2872	0.13839999999981956	UpDownStatesTimeIntervals		UP	
2575.0	9.0	SleepStates			WAKEstate
2585.0	139.0	SleepStates			NREMstate
2586.9776	0.047999999999774445	UpDownStatesTimeIntervals		DOWN	
2587.192	0.12319999999999709	UpDownStatesTimeIntervals		UP	
2588.9032	0.2703999999998814	UpDownStatesTimeIntervals		UP	
2590.0232	0.1975999999999658	UpDownStatesTimeIntervals		UP	
2591.0144	0.20479999999997744	UpDownStatesTimeIntervals		UP	
2592.8872	0.3231999999998152	UpDownStatesTimeIntervals		DOWN	
2593.6008	0.10559999999986758	UpDownStatesTimeIntervals		UP	
2596.932	0.21520000000009532	UpDownStatesTimeIntervals		UP	
2601.7328	0.13759999999956563	UpDownStatesTimeIntervals		UP	
2601.9448	0.09919999999965512	UpDownStatesTimeIntervals		DOWN	
2603.2712	0.14640000000008513	UpDownStatesTimeIntervals		UP	
2605.3728	0.21920000000000073	UpDownStatesTimeIntervals		UP	
2610.7416	0.22400000000016007	UpDownStatesTimeIntervals		UP	
2613.4008	0.13280000000031578	UpDownStatesTimeIntervals		UP	
2631.9912	0.19039999999995416	UpDownStatesTimeIntervals		UP	
2635.9128	0.233600000000024	UpDownStatesTimeIntervals		UP	
2636.5952	0.2511999999996988	UpDownStatesTimeIntervals		UP	
2637.4112	0.2312000000001717	UpDownStatesTimeIntervals		UP	
2637.8744	0.09359999999969659	UpDownStatesTimeIntervals		DOWN	
2638.504	0.2272000000002663	UpDownStatesTimeIntervals		UP	
2641.116	0.14240000000017972	UpDownStatesTimeIntervals		UP	
2642.9736	0.13360000000011496	UpDownStatesTimeIntervals		UP	
2645.8776	0.36320000000023356	UpDownStatesTimeIntervals		UP	
2646.82	0.1295999999997548	UpDownStatesTimeIntervals		DOWN	
2647.3176	0.20640000000003056	UpDownStatesTimeIntervals		UP	
2647.7864	0.14400000000023283	UpDownStatesTimeIntervals		DOWN	
2648.1032	0.18559999999979482	UpDownStatesTimeIntervals		UP	
2648.3336	0.33359999999993306	UpDownStatesTimeIntervals		DOWN	
2648.6672	0.1615999999999076	UpDownStatesTimeIntervals		UP	
2648.9312	0.20640000000003056	UpDownStatesTimeIntervals		DOWN	
2649.3832	0.14879999999993743	UpDownStatesTimeIntervals		UP	
2650.312	0.1608000000001084	UpDownStatesTimeIntervals		UP	
2651.3168	0.17200000000002547	UpDownStatesTimeIntervals		UP	
2652.0376	0.10559999999986758	UpDownStatesTimeIntervals		UP	
2653.2928	0.10959999999977299	UpDownStatesTimeIntervals		UP	
2653.7784	0.2536000000000058	UpDownStatesTimeIntervals		UP	
2660.4568	0.12080000000014479	UpDownStatesTimeIntervals		UP	
2668.1576	0.15599999999994907	UpDownStatesTimeIntervals		UP	
2668.756	0.2296000000001186	UpDownStatesTimeIntervals		UP	
2675.3912	0.1408000000001266	UpDownStatesTimeIntervals		UP	
2676.7928	0.24559999999974025	UpDownStatesTimeIntervals		UP	
2677.2984	0.19920000000001892	UpDownStatesTimeIntervals		UP	
2677.8736	0.2840000000001055	UpDownStatesTimeIntervals		UP	
2678.564	0.22640000000001237	UpDownStatesTimeIntervals		UP	
2680.2016	0.16240000000016153	UpDownStatesTimeIntervals		UP	
2681.0744	0.13279999999986103	UpDownStatesTimeIntervals		UP	
2691.1376	0.3087999999997919	UpDownStatesTimeIntervals		UP	
2692.9864	0.09360000000015134	UpDownStatesTimeIntervals		DOWN	
2693.08	0.3423999999999978	UpDownStatesTimeIntervals		UP	
2693.7728	0.11199999999962529	UpDownStatesTimeIntervals		DOWN	
2696.1704	0.06959999999980937	UpDownStatesTimeIntervals		DOWN	
2696.24	0.233600000000024	UpDownStatesTimeIntervals		UP	
2700.1496	0.14639999999963038	UpDownStatesTimeIntervals		UP	
2701.6872	0.17360000000007858	UpDownStatesTimeIntervals		UP	
2705.1776	0.18640000000004875	UpDownStatesTimeIntervals		UP	
2707.6352	0.19519999999965876	UpDownStatesTimeIntervals		UP	
2708.3872	0.1135999999996784	UpDownStatesTimeIntervals		DOWN	
2708.5008	0.1744000000003325	UpDownStatesTimeIntervals		UP	
2709.312	0.1959999999999127	UpDownStatesTimeIntervals		UP	
2710.2504	0.13520000000016807	UpDownStatesTimeIntervals		UP	
2711.0	0.22319999999990614	UpDownStatesTimeIntervals		UP	
2711.9424	0.13999999999987267	UpDownStatesTimeIntervals		DOWN	
2713.0368	0.22000000000025466	UpDownStatesTimeIntervals		UP	
2713.8272	0.3127999999996973	UpDownStatesTimeIntervals		DOWN	
2714.14	0.1384000000002743	UpDownStatesTimeIntervals		UP	
2714.6504	0.11520000000018626	UpDownStatesTimeIntervals		DOWN	
2715.0512	0.15120000000024447	UpDownStatesTimeIntervals		UP	
2716.4648	0.18079999999963547	UpDownStatesTimeIntervals		UP	
2717.0264	0.23039999999991778	UpDownStatesTimeIntervals		DOWN	
2717.2568	0.31520000000000437	UpDownStatesTimeIntervals		UP	
2718.2648	0.25280000000020664	UpDownStatesTimeIntervals		UP	
2718.692	0.05040000000008149	UpDownStatesTimeIntervals		DOWN	
2719.0088	0.2671999999997752	UpDownStatesTimeIntervals		UP	
2720.7536	0.2319999999999709	UpDownStatesTimeIntervals		UP	
2721.3912	0.24080000000003565	UpDownStatesTimeIntervals		UP	
2725.0	13.0	SleepStates			WAKEstate
2739.0	9.0	SleepStates			NREMstate
2744.756	0.1768000000001848	UpDownStatesTimeIntervals		UP	
2749.0	10.0	SleepStates			WAKEstate
2760.0	21.0	SleepStates			NREMstate
2762.3952	0.25840000000016516	UpDownStatesTimeIntervals		UP	
2766.4544	0.15279999999984284	UpDownStatesTimeIntervals		UP	
2767.4248	0.20800000000008367	UpDownStatesTimeIntervals		UP	
2767.9992	0.24399999999968713	UpDownStatesTimeIntervals		UP	
2769.4656	0.1392000000000735	UpDownStatesTimeIntervals		UP	
2770.5088	0.14399999999977808	UpDownStatesTimeIntervals		UP	
2780.1904	0.2559999999998581	UpDownStatesTimeIntervals		UP	
2782.0	15.0	SleepStates			WAKEstate
2798.0	8.0	SleepStates			NREMstate
2803.8544	0.22719999999981155	UpDownStatesTimeIntervals		UP	
2804.9096	0.2880000000000109	UpDownStatesTimeIntervals		UP	
2807.0	25.0	SleepStates			WAKEstate
2833.0	112.0	SleepStates			NREMstate
2835.512	0.33279999999967913	UpDownStatesTimeIntervals		UP	
2840.8504	0.15760000000000218	UpDownStatesTimeIntervals		UP	
2841.8616	0.1679999999996653	UpDownStatesTimeIntervals		UP	
2847.4544	0.1631999999999607	UpDownStatesTimeIntervals		UP	
2848.7952	0.1455999999998312	UpDownStatesTimeIntervals		UP	
2849.7704	0.25919999999996435	UpDownStatesTimeIntervals		UP	
2851.4032	0.17359999999962383	UpDownStatesTimeIntervals		UP	
2851.8144	0.13040000000000873	UpDownStatesTimeIntervals		DOWN	
2851.9448	0.17839999999978318	UpDownStatesTimeIntervals		UP	
2852.4912	0.30320000000028813	UpDownStatesTimeIntervals		UP	
2858.816	0.2640000000001237	UpDownStatesTimeIntervals		UP	
2861.3952	0.23520000000007713	UpDownStatesTimeIntervals		UP	
2864.6112	0.1368000000002212	UpDownStatesTimeIntervals		UP	
2866.4496	0.14400000000023283	UpDownStatesTimeIntervals		UP	
2877.204	0.1319999999996071	UpDownStatesTimeIntervals		UP	
2878.764	0.13200000000006185	UpDownStatesTimeIntervals		UP	
2879.4336	0.0864000000001397	UpDownStatesTimeIntervals		DOWN	
2879.52	0.30960000000004584	UpDownStatesTimeIntervals		UP	
2880.3448	0.46960000000035507	UpDownStatesTimeIntervals		DOWN	
2880.8144	0.23279999999977008	UpDownStatesTimeIntervals		UP	
2888.1976	0.2096000000001368	UpDownStatesTimeIntervals		UP	
2888.8432	0.12800000000015643	UpDownStatesTimeIntervals		UP	
2895.7224	0.18319999999994252	UpDownStatesTimeIntervals		UP	
2895.9704	0.11679999999978463	UpDownStatesTimeIntervals		DOWN	
2900.24	0.3480000000004111	UpDownStatesTimeIntervals		UP	
2916.2648	0.1392000000000735	UpDownStatesTimeIntervals		UP	
2917.2392	0.24319999999988795	UpDownStatesTimeIntervals		UP	
2926.1576	0.19279999999980646	UpDownStatesTimeIntervals		DOWN	
2926.9472	0.14239999999972497	UpDownStatesTimeIntervals		UP	
2928.5272	0.1455999999998312	UpDownStatesTimeIntervals		UP	
2929.2872	0.19279999999980646	UpDownStatesTimeIntervals		UP	
2930.1704	0.13360000000011496	UpDownStatesTimeIntervals		UP	
2931.0264	0.1823999999996886	UpDownStatesTimeIntervals		UP	
2934.0256	0.1392000000000735	UpDownStatesTimeIntervals		UP	
2935.312	0.2656000000001768	UpDownStatesTimeIntervals		UP	
2935.6432	0.27599999999983993	UpDownStatesTimeIntervals		DOWN	
2935.9192	0.17360000000007858	UpDownStatesTimeIntervals		UP	
2936.496	0.09600000000000364	UpDownStatesTimeIntervals		UP	
2937.3552	0.16719999999986612	UpDownStatesTimeIntervals		UP	
2937.836	0.3768000000000029	UpDownStatesTimeIntervals		DOWN	
2940.428	0.18319999999994252	UpDownStatesTimeIntervals		UP	
2941.2688	0.15039999999999054	UpDownStatesTimeIntervals		UP	
2944.3664	0.21680000000014843	UpDownStatesTimeIntervals		UP	
2946.0	11.0	SleepStates			WAKEstate
2958.0	216.0	SleepStates			NREMstate
2963.7528	0.1479999999996835	UpDownStatesTimeIntervals		UP	
2964.924	0.14879999999993743	UpDownStatesTimeIntervals		UP	
2969.3088	0.25840000000016516	UpDownStatesTimeIntervals		DOWN	
2969.5672	0.2096000000001368	UpDownStatesTimeIntervals		UP	
2970.5968	0.13360000000011496	UpDownStatesTimeIntervals		UP	
2971.8	0.12639999999964857	UpDownStatesTimeIntervals		UP	
2973.3944	0.23520000000007713	UpDownStatesTimeIntervals		UP	
2974.2504	0.1528000000002976	UpDownStatesTimeIntervals		UP	
2977.4168	0.20400000000017826	UpDownStatesTimeIntervals		UP	
2978.9472	0.15839999999980137	UpDownStatesTimeIntervals		UP	
2979.2152	0.0591999999996915	UpDownStatesTimeIntervals		DOWN	
2979.744	0.1455999999998312	UpDownStatesTimeIntervals		DOWN	
2979.8896	0.2703999999998814	UpDownStatesTimeIntervals		UP	
2981.5184	0.2840000000001055	UpDownStatesTimeIntervals		UP	
2982.0432	0.7383999999997286	UpDownStatesTimeIntervals		DOWN	
2982.7816	0.2312000000001717	UpDownStatesTimeIntervals		UP	
2984.4464	0.23040000000037253	UpDownStatesTimeIntervals		UP	
2989.7336	0.15520000000014988	UpDownStatesTimeIntervals		UP	
2990.1272	0.677599999999984	UpDownStatesTimeIntervals		DOWN	
2990.6336	0.17119999999977153	UpDownStatesTimeIntervals		DOWN	
2990.8048	0.5183999999999287	UpDownStatesTimeIntervals		UP	
2992.088	0.30399999999963256	UpDownStatesTimeIntervals		UP	
2994.0672	0.24479999999994106	UpDownStatesTimeIntervals		UP	
2995.7664	0.23520000000007713	UpDownStatesTimeIntervals		DOWN	
2996.0016	0.15119999999978972	UpDownStatesTimeIntervals		UP	
2998.7024	0.1815999999998894	UpDownStatesTimeIntervals		UP	
2999.3624	0.14960000000019136	UpDownStatesTimeIntervals		UP	
2999.5768	0.20160000000032596	UpDownStatesTimeIntervals		DOWN	
2999.7784	0.233600000000024	UpDownStatesTimeIntervals		UP	
3004.7664	0.20080000000007203	UpDownStatesTimeIntervals		UP	
3005.6048	0.18240000000014334	UpDownStatesTimeIntervals		DOWN	
3007.5856	0.21440000000029613	UpDownStatesTimeIntervals		UP	
3011.216	0.14560000000028595	UpDownStatesTimeIntervals		UP	
3013.7232	0.1728000000002794	UpDownStatesTimeIntervals		DOWN	
3013.896	0.2711999999996806	UpDownStatesTimeIntervals		UP	
3018.0424	0.12800000000015643	UpDownStatesTimeIntervals		UP	
3018.5968	0.2832000000003063	UpDownStatesTimeIntervals		DOWN	
3018.88	0.15439999999989595	UpDownStatesTimeIntervals		UP	
3020.2632	0.2816000000002532	UpDownStatesTimeIntervals		UP	
3020.8976	0.30880000000024665	UpDownStatesTimeIntervals		UP	
3021.308	0.35359999999991487	UpDownStatesTimeIntervals		DOWN	
3022.5496	0.1368000000002212	UpDownStatesTimeIntervals		UP	
3023.148	0.17599999999993088	UpDownStatesTimeIntervals		UP	
3024.0112	0.1408000000001266	UpDownStatesTimeIntervals		UP	
3025.6016	0.15520000000014988	UpDownStatesTimeIntervals		UP	
3028.8824	0.0727999999999156	UpDownStatesTimeIntervals		DOWN	
3028.9552	0.2432000000003427	UpDownStatesTimeIntervals		UP	
3030.0976	0.1615999999999076	UpDownStatesTimeIntervals		UP	
3036.7664	0.2903999999998632	UpDownStatesTimeIntervals		DOWN	
3037.5832	0.14399999999977808	UpDownStatesTimeIntervals		UP	
3041.8088	0.12080000000014479	UpDownStatesTimeIntervals		UP	
3043.068	0.2943999999997686	UpDownStatesTimeIntervals		UP	
3045.6688	0.19439999999985957	UpDownStatesTimeIntervals		DOWN	
3045.8632	0.14560000000028595	UpDownStatesTimeIntervals		UP	
3046.1776	0.17360000000007858	UpDownStatesTimeIntervals		DOWN	
3050.0656	0.1792000000000371	UpDownStatesTimeIntervals		UP	
3053.6144	0.13520000000016807	UpDownStatesTimeIntervals		UP	
3054.0528	0.14640000000008513	UpDownStatesTimeIntervals		UP	
3054.796	0.14480000000003201	UpDownStatesTimeIntervals		UP	
3055.1872	0.29919999999992797	UpDownStatesTimeIntervals		DOWN	
3055.4864	0.18400000000019645	UpDownStatesTimeIntervals		UP	
3056.56	0.16960000000017317	UpDownStatesTimeIntervals		UP	
3057.0816	0.15360000000009677	UpDownStatesTimeIntervals		UP	
3057.7224	0.13439999999991414	UpDownStatesTimeIntervals		UP	
3058.2304	0.1792000000000371	UpDownStatesTimeIntervals		UP	
3058.8312	0.15599999999994907	UpDownStatesTimeIntervals		UP	
3059.0528	0.40160000000014406	UpDownStatesTimeIntervals		DOWN	
3059.9432	0.13999999999987267	UpDownStatesTimeIntervals		UP	
3061.212	0.2903999999998632	UpDownStatesTimeIntervals		UP	
3061.8784	0.1639999999997599	UpDownStatesTimeIntervals		DOWN	
3065.9592	0.19680000000016662	UpDownStatesTimeIntervals		UP	
3068.0864	0.17439999999987776	UpDownStatesTimeIntervals		UP	
3068.6216	0.15200000000004366	UpDownStatesTimeIntervals		UP	
3069.1624	0.11279999999987922	UpDownStatesTimeIntervals		DOWN	
3069.2752	0.13439999999991414	UpDownStatesTimeIntervals		UP	
3070.3552	0.15439999999989595	UpDownStatesTimeIntervals		UP	
3070.6016	0.04640000000017608	UpDownStatesTimeIntervals		DOWN	
3073.7592	0.1912000000002081	UpDownStatesTimeIntervals		UP	
3074.0912	0.03680000000031214	UpDownStatesTimeIntervals		DOWN	
3074.8408	0.11520000000018626	UpDownStatesTimeIntervals		UP	
3082.392	0.07520000000022264	UpDownStatesTimeIntervals		DOWN	
3082.8856	0.13439999999991414	UpDownStatesTimeIntervals		UP	
3083.9072	0.15039999999999054	UpDownStatesTimeIntervals		UP	
3084.2832	0.05279999999993379	UpDownStatesTimeIntervals		DOWN	
3085.14	0.156800000000203	UpDownStatesTimeIntervals		DOWN	
3085.5608	0.25759999999991123	UpDownStatesTimeIntervals		UP	
3086.2952	0.15039999999999054	UpDownStatesTimeIntervals		UP	
3089.0208	0.14640000000008513	UpDownStatesTimeIntervals		UP	
3089.8568	0.21199999999998909	UpDownStatesTimeIntervals		UP	
3090.4464	0.1431999999999789	UpDownStatesTimeIntervals		UP	
3091.0424	0.12560000000030414	UpDownStatesTimeIntervals		UP	
3091.5984	0.411200000000008	UpDownStatesTimeIntervals		UP	
3099.3168	0.17039999999997235	UpDownStatesTimeIntervals		UP	
3101.8504	0.224800000000414	UpDownStatesTimeIntervals		UP	
3104.0856	0.11520000000018626	UpDownStatesTimeIntervals		DOWN	
3104.3632	0.21520000000009532	UpDownStatesTimeIntervals		UP	
3106.1496	0.03359999999975116	UpDownStatesTimeIntervals		DOWN	
3106.536	0.1792000000000371	UpDownStatesTimeIntervals		UP	
3107.1592	0.2703999999998814	UpDownStatesTimeIntervals		DOWN	
3107.4296	0.22879999999986467	UpDownStatesTimeIntervals		UP	
3110.9776	0.2567999999996573	UpDownStatesTimeIntervals		UP	
3112.8608	0.31520000000000437	UpDownStatesTimeIntervals		UP	
3118.4808	0.22560000000021319	UpDownStatesTimeIntervals		UP	
3121.7472	0.13280000000031578	UpDownStatesTimeIntervals		UP	
3124.1352	0.20879999999988286	UpDownStatesTimeIntervals		UP	
3124.7128	0.2048000000004322	UpDownStatesTimeIntervals		DOWN	
3124.9176	0.13599999999996726	UpDownStatesTimeIntervals		UP	
3125.4464	0.1368000000002212	UpDownStatesTimeIntervals		UP	
3126.136	0.2656000000001768	UpDownStatesTimeIntervals		UP	
3127.3616	0.11599999999998545	UpDownStatesTimeIntervals		UP	
3127.9632	0.2727999999997337	UpDownStatesTimeIntervals		UP	
3133.1496	0.24799999999959255	UpDownStatesTimeIntervals		UP	
3139.124	0.18479999999999563	UpDownStatesTimeIntervals		UP	
3140.2064	0.06559999999990396	UpDownStatesTimeIntervals		DOWN	
3140.5816	0.29599999999982174	UpDownStatesTimeIntervals		UP	
3141.7448	0.2807999999999993	UpDownStatesTimeIntervals		UP	
3152.604	0.21600000000034925	UpDownStatesTimeIntervals		UP	
3156.4912	0.15279999999984284	UpDownStatesTimeIntervals		UP	
3157.4912	0.15360000000009677	UpDownStatesTimeIntervals		UP	
3161.6688	0.13760000000002037	UpDownStatesTimeIntervals		UP	
3162.8144	0.17359999999962383	UpDownStatesTimeIntervals		UP	
3164.7296	0.13999999999987267	UpDownStatesTimeIntervals		UP	
3165.2968	0.14239999999972497	UpDownStatesTimeIntervals		UP	
3166.8584	0.13040000000000873	UpDownStatesTimeIntervals		UP	
3167.7344	0.16800000000012005	UpDownStatesTimeIntervals		UP	
3168.2928	0.24959999999964566	UpDownStatesTimeIntervals		DOWN	
3168.5424	0.1384000000002743	UpDownStatesTimeIntervals		UP	
3169.0008	0.14720000000033906	UpDownStatesTimeIntervals		UP	
3170.0512	0.24160000000028958	UpDownStatesTimeIntervals		UP	
3175.0	16.0	SleepStates			WAKEstate
3192.0	135.0	SleepStates			NREMstate
3192.6464	0.1631999999999607	UpDownStatesTimeIntervals		UP	
3195.856	0.15519999999969514	UpDownStatesTimeIntervals		UP	
3197.108	0.25759999999991123	UpDownStatesTimeIntervals		UP	
3200.436	0.058399999999892316	UpDownStatesTimeIntervals		DOWN	
3200.7208	0.14239999999972497	UpDownStatesTimeIntervals		UP	
3202.2008	0.15200000000004366	UpDownStatesTimeIntervals		UP	
3202.8624	0.15760000000000218	UpDownStatesTimeIntervals		UP	
3207.6976	0.16240000000016153	UpDownStatesTimeIntervals		UP	
3208.4664	0.23600000000033106	UpDownStatesTimeIntervals		UP	
3209.8248	0.2616000000002714	UpDownStatesTimeIntervals		UP	
3218.884	0.11760000000003856	UpDownStatesTimeIntervals		UP	
3219.4088	0.1431999999999789	UpDownStatesTimeIntervals		UP	
3220.404	0.13839999999981956	UpDownStatesTimeIntervals		UP	
3220.9576	0.16239999999970678	UpDownStatesTimeIntervals		UP	
3221.1576	0.245600000000195	UpDownStatesTimeIntervals		DOWN	
3223.364	0.16800000000012005	UpDownStatesTimeIntervals		UP	
3224.8392	0.14480000000003201	UpDownStatesTimeIntervals		DOWN	
3225.4408	0.1224000000001979	UpDownStatesTimeIntervals		UP	
3226.6472	0.1975999999999658	UpDownStatesTimeIntervals		UP	
3227.1048	0.1615999999999076	UpDownStatesTimeIntervals		UP	
3228.2256	0.13279999999986103	UpDownStatesTimeIntervals		UP	
3228.8488	0.15760000000000218	UpDownStatesTimeIntervals		UP	
3229.7048	0.14159999999992579	UpDownStatesTimeIntervals		UP	
3238.908	0.20159999999987122	UpDownStatesTimeIntervals		UP	
3239.4864	0.08240000000023429	UpDownStatesTimeIntervals		DOWN	
3243.3056	0.1479999999996835	UpDownStatesTimeIntervals		UP	
3244.368	0.0727999999999156	UpDownStatesTimeIntervals		DOWN	
3246.684	0.2711999999996806	UpDownStatesTimeIntervals		UP	
3247.9472	0.13599999999996726	UpDownStatesTimeIntervals		UP	
3249.0024	0.2480000000000473	UpDownStatesTimeIntervals		UP	
3260.2984	0.1471999999998843	UpDownStatesTimeIntervals		UP	
3261.064	0.1408000000001266	UpDownStatesTimeIntervals		UP	
3265.3368	0.16800000000012005	UpDownStatesTimeIntervals		UP	
3265.7032	0.07600000000002183	UpDownStatesTimeIntervals		DOWN	
3271.4448	0.26319999999986976	UpDownStatesTimeIntervals		UP	
3274.1848	0.17279999999982465	UpDownStatesTimeIntervals		UP	
3275.056	0.1431999999999789	UpDownStatesTimeIntervals		UP	
3275.2432	0.05999999999994543	UpDownStatesTimeIntervals		DOWN	
3284.38	0.22559999999975844	UpDownStatesTimeIntervals		UP	
3285.2448	0.017600000000129512	UpDownStatesTimeIntervals		DOWN	
3285.2624	0.18640000000004875	UpDownStatesTimeIntervals		UP	
3285.8592	0.18400000000019645	UpDownStatesTimeIntervals		DOWN	
3290.5512	0.15760000000000218	UpDownStatesTimeIntervals		DOWN	
3290.7088	0.25440000000025975	UpDownStatesTimeIntervals		UP	
3291.6968	0.1271999999999025	UpDownStatesTimeIntervals		UP	
3295.9912	0.16240000000016153	UpDownStatesTimeIntervals		UP	
3301.5544	0.14159999999992579	UpDownStatesTimeIntervals		UP	
3306.4824	0.25680000000011205	UpDownStatesTimeIntervals		UP	
3308.2336	0.13839999999981956	UpDownStatesTimeIntervals		UP	
3310.956	0.287199999999757	UpDownStatesTimeIntervals		UP	
3311.8104	0.09920000000010987	UpDownStatesTimeIntervals		UP	
3312.3064	0.1959999999999127	UpDownStatesTimeIntervals		UP	
3312.7168	0.22080000000005384	UpDownStatesTimeIntervals		DOWN	
3315.904	0.02959999999984575	UpDownStatesTimeIntervals		DOWN	
3316.0416	0.13119999999980791	UpDownStatesTimeIntervals		UP	
3318.0976	0.15679999999974825	UpDownStatesTimeIntervals		UP	
3322.3224	0.1471999999998843	UpDownStatesTimeIntervals		UP	
3322.5912	0.06320000000005166	UpDownStatesTimeIntervals		DOWN	
3322.992	0.12479999999959546	UpDownStatesTimeIntervals		UP	
3328.0	17.0	SleepStates			WAKEstate
3345.7904	0.15200000000004366	UpDownStatesTimeIntervals		UP	
3346.0	94.0	SleepStates			NREMstate
3356.244	0.14480000000003201	UpDownStatesTimeIntervals		UP	
3356.9856	0.16400000000021464	UpDownStatesTimeIntervals		DOWN	
3359.0904	0.19680000000016662	UpDownStatesTimeIntervals		UP	
3360.1296	0.15999999999985448	UpDownStatesTimeIntervals		UP	
3362.5368	0.1584000000002561	UpDownStatesTimeIntervals		UP	
3363.8968	0.34160000000019863	UpDownStatesTimeIntervals		UP	
3365.0832	0.1248000000000502	UpDownStatesTimeIntervals		UP	
3374.4496	0.14879999999993743	UpDownStatesTimeIntervals		UP	
3377.7	0.31280000000015207	UpDownStatesTimeIntervals		UP	
3378.7992	0.14159999999992579	UpDownStatesTimeIntervals		UP	
3379.456	0.24240000000008877	UpDownStatesTimeIntervals		UP	
3385.6688	0.29280000000017026	UpDownStatesTimeIntervals		UP	
3386.9152	0.05360000000018772	UpDownStatesTimeIntervals		DOWN	
3387.8328	0.14879999999993743	UpDownStatesTimeIntervals		UP	
3392.916	0.18879999999990105	UpDownStatesTimeIntervals		UP	
3402.1904	0.14800000000013824	UpDownStatesTimeIntervals		UP	
3404.3416	0.03279999999995198	UpDownStatesTimeIntervals		DOWN	
3404.3744	0.14879999999993743	UpDownStatesTimeIntervals		UP	
3405.1512	0.136000000000422	UpDownStatesTimeIntervals		UP	
3406.144	0.2880000000000109	UpDownStatesTimeIntervals		DOWN	
3406.5936	0.15039999999999054	UpDownStatesTimeIntervals		UP	
3407.3416	0.09359999999969659	UpDownStatesTimeIntervals		DOWN	
3407.5696	0.1528000000002976	UpDownStatesTimeIntervals		UP	
3408.4216	0.31999999999970896	UpDownStatesTimeIntervals		DOWN	
3409.1336	0.29999999999972715	UpDownStatesTimeIntervals		UP	
3409.9072	0.21279999999978827	UpDownStatesTimeIntervals		UP	
3410.5312	0.0840000000002874	UpDownStatesTimeIntervals		DOWN	
3413.2632	0.1392000000000735	UpDownStatesTimeIntervals		UP	
3414.56	0.13120000000026266	UpDownStatesTimeIntervals		UP	
3420.3456	0.31759999999985666	UpDownStatesTimeIntervals		UP	
3426.7696	0.14640000000008513	UpDownStatesTimeIntervals		UP	
3427.972	0.20319999999992433	UpDownStatesTimeIntervals		UP	
3429.288	0.15520000000014988	UpDownStatesTimeIntervals		UP	
3430.1184	0.25840000000016516	UpDownStatesTimeIntervals		UP	
3430.7544	0.1344000000003689	UpDownStatesTimeIntervals		DOWN	
3430.8888	0.24719999999979336	UpDownStatesTimeIntervals		UP	
3431.9968	0.13280000000031578	UpDownStatesTimeIntervals		UP	
3432.8056	0.0567999999998392	UpDownStatesTimeIntervals		DOWN	
3435.0232	0.1631999999999607	UpDownStatesTimeIntervals		UP	
3437.8832	0.1295999999997548	UpDownStatesTimeIntervals		UP	
3439.0792	0.1392000000000735	UpDownStatesTimeIntervals		UP	
3439.6208	0.11279999999987922	UpDownStatesTimeIntervals		UP	
3441.0	7.0	SleepStates			WAKEstate
3449.0	96.0	SleepStates			NREMstate
3453.8696	0.1248000000000502	UpDownStatesTimeIntervals		UP	
3454.4152	0.1408000000001266	UpDownStatesTimeIntervals		UP	
3455.0144	0.233600000000024	UpDownStatesTimeIntervals		UP	
3455.364	0.3528000000001157	UpDownStatesTimeIntervals		DOWN	
3464.1648	0.14640000000008513	UpDownStatesTimeIntervals		UP	
3466.6104	0.1815999999998894	UpDownStatesTimeIntervals		UP	
3468.3712	0.2824000000000524	UpDownStatesTimeIntervals		UP	
3469.3632	0.17840000000023792	UpDownStatesTimeIntervals		UP	
3470.2648	0.15439999999989595	UpDownStatesTimeIntervals		UP	
3475.5416	0.18080000000009022	UpDownStatesTimeIntervals		UP	
3479.8336	0.1936000000000604	UpDownStatesTimeIntervals		UP	
3484.3728	0.13839999999981956	UpDownStatesTimeIntervals		UP	
3485.0488	0.2647999999999229	UpDownStatesTimeIntervals		DOWN	
3485.3136	0.1608000000001084	UpDownStatesTimeIntervals		UP	
3486.5664	0.13760000000002037	UpDownStatesTimeIntervals		UP	
3489.66	0.1431999999999789	UpDownStatesTimeIntervals		UP	
3490.6592	0.14239999999972497	UpDownStatesTimeIntervals		UP	
3496.6392	0.13200000000006185	UpDownStatesTimeIntervals		UP	
3498.6808	0.15839999999980137	UpDownStatesTimeIntervals		UP	
3499.308	0.1111999999998261	UpDownStatesTimeIntervals		UP	
3499.7064	0.1615999999999076	UpDownStatesTimeIntervals		DOWN	
3500.2856	0.23119999999971697	UpDownStatesTimeIntervals		UP	
3501.9656	0.165599999999813	UpDownStatesTimeIntervals		UP	
3509.3344	0.13119999999980791	UpDownStatesTimeIntervals		UP	
3514.8608	0.20400000000017826	UpDownStatesTimeIntervals		UP	
3517.5576	0.3935999999998785	UpDownStatesTimeIntervals		UP	
3519.0672	0.15760000000000218	UpDownStatesTimeIntervals		UP	
3523.1496	0.17279999999982465	UpDownStatesTimeIntervals		UP	
3523.8952	0.1431999999999789	UpDownStatesTimeIntervals		UP	
3525.2552	0.20159999999987122	UpDownStatesTimeIntervals		UP	
3525.928	0.20640000000003056	UpDownStatesTimeIntervals		UP	
3530.6848	0.13599999999996726	UpDownStatesTimeIntervals		UP	
3530.9424	0.1271999999999025	UpDownStatesTimeIntervals		DOWN	
3531.3848	0.18000000000029104	UpDownStatesTimeIntervals		UP	
3533.428	0.1271999999999025	UpDownStatesTimeIntervals		UP	
3534.06	0.1248000000000502	UpDownStatesTimeIntervals		DOWN	
3534.2968	0.15039999999999054	UpDownStatesTimeIntervals		UP	
3535.2352	0.2687999999998283	UpDownStatesTimeIntervals		UP	
3536.8864	0.10960000000022774	UpDownStatesTimeIntervals		UP	
3538.6208	0.36879999999973734	UpDownStatesTimeIntervals		UP	
3539.5488	0.012000000000170985	UpDownStatesTimeIntervals		DOWN	
3539.5608	0.15599999999994907	UpDownStatesTimeIntervals		UP	
3540.396	0.1335999999996602	UpDownStatesTimeIntervals		UP	
3542.0032	0.233600000000024	UpDownStatesTimeIntervals		UP	
3543.1096	0.32080000000041764	UpDownStatesTimeIntervals		UP	
3543.6496	0.19039999999995416	UpDownStatesTimeIntervals		DOWN	
3543.84	0.29359999999996944	UpDownStatesTimeIntervals		UP	
3546.0	34.0	SleepStates			WAKEstate
3581.0	67.0	SleepStates			NREMstate
3581.6248	0.15999999999985448	UpDownStatesTimeIntervals		UP	
3582.5936	0.13200000000006185	UpDownStatesTimeIntervals		UP	
3584.216	0.2880000000000109	UpDownStatesTimeIntervals		UP	
3588.8848	0.1584000000002561	UpDownStatesTimeIntervals		UP	
3590.428	0.12640000000010332	UpDownStatesTimeIntervals		UP	
3591.0704	0.35599999999976717	UpDownStatesTimeIntervals		DOWN	
3591.4264	0.15599999999994907	UpDownStatesTimeIntervals		UP	
3592.604	0.08960000000024593	UpDownStatesTimeIntervals		DOWN	
3592.6936	0.15760000000000218	UpDownStatesTimeIntervals		UP	
3594.6192	0.1631999999999607	UpDownStatesTimeIntervals		UP	
3595.484	0.13279999999986103	UpDownStatesTimeIntervals		DOWN	
3597.8984	0.17039999999997235	UpDownStatesTimeIntervals		UP	
3608.2688	0.156800000000203	UpDownStatesTimeIntervals		UP	
3610.9168	0.29759999999987485	UpDownStatesTimeIntervals		UP	
3611.296	0.16960000000017317	UpDownStatesTimeIntervals		DOWN	
3612.1184	0.156800000000203	UpDownStatesTimeIntervals		UP	
3613.4488	0.22959999999966385	UpDownStatesTimeIntervals		UP	
3620.4104	0.1335999999996602	UpDownStatesTimeIntervals		UP	
3623.5	0.13040000000000873	UpDownStatesTimeIntervals		UP	
3624.216	0.19920000000001892	UpDownStatesTimeIntervals		UP	
3624.8048	0.21280000000024302	UpDownStatesTimeIntervals		UP	
3625.276	0.21440000000029613	UpDownStatesTimeIntervals		UP	
3625.564	0.16240000000016153	UpDownStatesTimeIntervals		DOWN	
3626.0648	0.004799999999704596	UpDownStatesTimeIntervals		DOWN	
3626.0696	0.15760000000000218	UpDownStatesTimeIntervals		UP	
3626.6016	0.23680000000013024	UpDownStatesTimeIntervals		DOWN	
3626.8384	0.17279999999982465	UpDownStatesTimeIntervals		UP	
3627.4576	0.1479999999996835	UpDownStatesTimeIntervals		UP	
3628.4784	0.13360000000011496	UpDownStatesTimeIntervals		UP	
3630.64	0.1544000000003507	UpDownStatesTimeIntervals		UP	
3633.4632	0.15439999999989595	UpDownStatesTimeIntervals		UP	
3640.748	0.1639999999997599	UpDownStatesTimeIntervals		UP	
3641.8248	0.15039999999999054	UpDownStatesTimeIntervals		UP	
3649.0	14.0	SleepStates			WAKEstate
3664.0	18.0	SleepStates			NREMstate
3669.3752	0.1368000000002212	UpDownStatesTimeIntervals		UP	
3672.6808	0.05760000000009313	UpDownStatesTimeIntervals		DOWN	
3672.7384	0.18799999999964712	UpDownStatesTimeIntervals		UP	
3678.512	0.15599999999994907	UpDownStatesTimeIntervals		UP	
3679.1208	0.13040000000000873	UpDownStatesTimeIntervals		UP	
3679.688	0.16239999999970678	UpDownStatesTimeIntervals		UP	
3680.764	0.29839999999967404	UpDownStatesTimeIntervals		UP	
3681.5512	0.3504000000002634	UpDownStatesTimeIntervals		DOWN	
3681.9016	0.1479999999996835	UpDownStatesTimeIntervals		UP	
3683.0	22.0	SleepStates			WAKEstate
3706.0	15.0	SleepStates			NREMstate
3709.404	0.29359999999996944	UpDownStatesTimeIntervals		UP	
3712.6856	0.2232000000003609	UpDownStatesTimeIntervals		UP	
3713.3936	0.19200000000000728	UpDownStatesTimeIntervals		UP	
3715.7176	0.06399999999985084	UpDownStatesTimeIntervals		UP	
3716.94	0.29359999999996944	UpDownStatesTimeIntervals		UP	
3717.736	0.15120000000024447	UpDownStatesTimeIntervals		UP	
3718.2888	0.1408000000001266	UpDownStatesTimeIntervals		UP	
3718.6832	0.20319999999992433	UpDownStatesTimeIntervals		DOWN	
3719.148	0.1431999999999789	UpDownStatesTimeIntervals		UP	
3720.6304	0.11360000000013315	UpDownStatesTimeIntervals		UP	
3722.0	81.0	SleepStates			WAKEstate
3804.0	33.0	SleepStates			NREMstate
3804.2624	0.177599999999984	UpDownStatesTimeIntervals		UP	
3805.2552	0.14159999999992579	UpDownStatesTimeIntervals		UP	
3806.5504	0.2719999999999345	UpDownStatesTimeIntervals		UP	
3808.3416	0.1471999999998843	UpDownStatesTimeIntervals		UP	
3810.036	0.12080000000014479	UpDownStatesTimeIntervals		DOWN	
3810.3784	0.15200000000004366	UpDownStatesTimeIntervals		UP	
3811.1784	0.136000000000422	UpDownStatesTimeIntervals		UP	
3814.1256	0.20000000000027285	UpDownStatesTimeIntervals		UP	
3814.7456	0.12479999999959546	UpDownStatesTimeIntervals		UP	
3815.26	0.12319999999999709	UpDownStatesTimeIntervals		UP	
3816.128	0.20559999999977663	UpDownStatesTimeIntervals		UP	
3816.9592	0.2312000000001717	UpDownStatesTimeIntervals		UP	
3820.2176	0.1584000000002561	UpDownStatesTimeIntervals		UP	
3820.912	0.11200000000008004	UpDownStatesTimeIntervals		UP	
3821.1016	0.068000000000211	UpDownStatesTimeIntervals		DOWN	
3823.0032	0.165599999999813	UpDownStatesTimeIntervals		UP	
3825.9704	0.12639999999964857	UpDownStatesTimeIntervals		UP	
3827.9632	0.13279999999986103	UpDownStatesTimeIntervals		UP	
3828.6256	0.14480000000003201	UpDownStatesTimeIntervals		UP	
3830.1112	0.14560000000028595	UpDownStatesTimeIntervals		UP	
3833.5928	0.1248000000000502	UpDownStatesTimeIntervals		UP	
3838.0	19.0	SleepStates			WAKEstate
3858.0	48.0	SleepStates			NREMstate
3859.908	0.1431999999999789	UpDownStatesTimeIntervals		UP	
3861.0176	0.22479999999995925	UpDownStatesTimeIntervals		UP	
3861.7904	0.3216000000002168	UpDownStatesTimeIntervals		UP	
3864.5616	0.16719999999986612	UpDownStatesTimeIntervals		UP	
3874.02	0.3087999999997919	UpDownStatesTimeIntervals		DOWN	
3874.3288	0.3568000000000211	UpDownStatesTimeIntervals		UP	
3879.1792	0.15360000000009677	UpDownStatesTimeIntervals		UP	
3879.9016	0.14399999999977808	UpDownStatesTimeIntervals		UP	
3883.5328	0.2856000000001586	UpDownStatesTimeIntervals		UP	
3888.2448	0.15120000000024447	UpDownStatesTimeIntervals		UP	
3891.104	0.19600000000036744	UpDownStatesTimeIntervals		UP	
3892.404	0.2847999999999047	UpDownStatesTimeIntervals		UP	
3893.7528	0.14239999999972497	UpDownStatesTimeIntervals		UP	
3898.1232	0.22240000000010696	UpDownStatesTimeIntervals		UP	
3899.4648	0.1455999999998312	UpDownStatesTimeIntervals		UP	
3900.4344	0.24159999999983484	UpDownStatesTimeIntervals		UP	
3901.0776	0.15360000000009677	UpDownStatesTimeIntervals		UP	
3901.988	0.18240000000014334	UpDownStatesTimeIntervals		UP	
3906.0336	0.13999999999987267	UpDownStatesTimeIntervals		UP	
3907.0	10.0	SleepStates			WAKEstate
3917.8464	0.21680000000014843	UpDownStatesTimeIntervals		UP	
3918.0	51.0	SleepStates			NREMstate
3919.0824	0.16880000000037398	UpDownStatesTimeIntervals		UP	
3919.8256	0.12799999999970169	UpDownStatesTimeIntervals		UP	
3925.9696	0.19840000000021973	UpDownStatesTimeIntervals		UP	
3926.48	0.4288000000001375	UpDownStatesTimeIntervals		DOWN	
3928.6976	0.16480000000001382	UpDownStatesTimeIntervals		UP	
3928.9528	0.006399999999757711	UpDownStatesTimeIntervals		DOWN	
3934.5912	0.13280000000031578	UpDownStatesTimeIntervals		UP	
3937.1792	0.15520000000014988	UpDownStatesTimeIntervals		DOWN	
3937.7584	0.24080000000003565	UpDownStatesTimeIntervals		UP	
3940.1288	0.14640000000008513	UpDownStatesTimeIntervals		UP	
3940.8896	0.1631999999999607	UpDownStatesTimeIntervals		UP	
3941.7632	0.13280000000031578	UpDownStatesTimeIntervals		UP	
3942.6848	0.3568000000000211	UpDownStatesTimeIntervals		UP	
3947.4056	0.1255999999998494	UpDownStatesTimeIntervals		UP	
3948.6792	0.1495999999997366	UpDownStatesTimeIntervals		UP	
3952.2208	0.11519999999973152	UpDownStatesTimeIntervals		UP	
3953.6864	0.21199999999998909	UpDownStatesTimeIntervals		UP	
3957.096	0.17119999999977153	UpDownStatesTimeIntervals		UP	
3959.1464	0.16719999999986612	UpDownStatesTimeIntervals		UP	
3964.0824	0.20560000000023138	UpDownStatesTimeIntervals		UP	
3965.5464	0.13839999999981956	UpDownStatesTimeIntervals		UP	
3966.5472	0.12960000000020955	UpDownStatesTimeIntervals		UP	
3967.3352	0.13200000000006185	UpDownStatesTimeIntervals		UP	
3967.836	0.23520000000007713	UpDownStatesTimeIntervals		UP	
3970.0	12.0	SleepStates			WAKEstate
3983.0	36.0	SleepStates			NREMstate
3984.3088	0.23200000000042564	UpDownStatesTimeIntervals		UP	
3988.6272	0.23759999999992942	UpDownStatesTimeIntervals		UP	
3994.844	0.24080000000003565	UpDownStatesTimeIntervals		UP	
3995.512	0.14399999999977808	UpDownStatesTimeIntervals		UP	
3998.9216	0.1295999999997548	UpDownStatesTimeIntervals		UP	
4002.5328	0.1384000000002743	UpDownStatesTimeIntervals		UP	
4005.1064	0.1455999999998312	UpDownStatesTimeIntervals		UP	
4008.0208	0.14880000000039217	UpDownStatesTimeIntervals		UP	
4008.7664	0.1248000000000502	UpDownStatesTimeIntervals		UP	
4009.1952	0.1799999999998363	UpDownStatesTimeIntervals		UP	
4009.98	0.14480000000003201	UpDownStatesTimeIntervals		UP	
4010.876	0.12799999999970169	UpDownStatesTimeIntervals		UP	
4011.6032	0.12640000000010332	UpDownStatesTimeIntervals		UP	
4011.9576	0.21439999999984138	UpDownStatesTimeIntervals		DOWN	
4012.172	0.16640000000006694	UpDownStatesTimeIntervals		UP	
4018.4064	0.2816000000002532	UpDownStatesTimeIntervals		UP	
4018.756	0.3007999999999811	UpDownStatesTimeIntervals		DOWN	
4020.0	354.0	SleepStates			WAKEstate
4274.976	3475.3279666666667	epochs	fCamk2_201013_100053		
7745.0	117.0	SleepStates			WAKEstate
7750.304	2260.8319666666666	epochs	fCamk2_201013_105930		
7863.0	17.0	SleepStates			NREMstate
7872.4416	0.14400000000023283	UpDownStatesTimeIntervals		UP	
7873.3328	0.25759999999991123	UpDownStatesTimeIntervals		UP	
7875.4944	0.16000000000076398	UpDownStatesTimeIntervals		UP	
7876.3336	0.18479999999999563	UpDownStatesTimeIntervals		UP	
7877.4896	0.14800000000013824	UpDownStatesTimeIntervals		UP	
7878.1904	0.27439999999933207	UpDownStatesTimeIntervals		UP	
7878.9144	0.1631999999999607	UpDownStatesTimeIntervals		UP	
7881.0	58.0	SleepStates			WAKEstate
7940.0	7.0	SleepStates			NREMstate
7948.0	121.0	SleepStates			WAKEstate
8070.0	11.0	SleepStates			NREMstate
8070.1104	0.10800000000017462	UpDownStatesTimeIntervals		UP	
8070.6608	0.1408000000001266	UpDownStatesTimeIntervals		UP	
8071.2864	0.10800000000017462	UpDownStatesTimeIntervals		UP	
8072.9888	0.1271999999999025	UpDownStatesTimeIntervals		UP	
8073.344	0.2312000000001717	UpDownStatesTimeIntervals		UP	
8074.1648	0.2864000000008673	UpDownStatesTimeIntervals		UP	
8074.9128	0.19279999999980646	UpDownStatesTimeIntervals		UP	
8075.536	0.13839999999981956	UpDownStatesTimeIntervals		UP	
8076.5104	0.13919999999961874	UpDownStatesTimeIntervals		UP	
8077.02	0.14799999999922875	UpDownStatesTimeIntervals		UP	
8082.0	23.0	SleepStates			WAKEstate
8879.5368	0.11039999999957217	UpDownStatesTimeIntervals		UP	
8880.0	100.0	SleepStates			NREMstate
8880.316	0.14799999999922875	UpDownStatesTimeIntervals		UP	
8880.904	0.13519999999880383	UpDownStatesTimeIntervals		UP	
8882.3936	0.12960000000020955	UpDownStatesTimeIntervals		UP	
8884.0736	0.24799999999959255	UpDownStatesTimeIntervals		UP	
8884.7632	0.10959999999977299	UpDownStatesTimeIntervals		UP	
8885.1528	0.09439999999995052	UpDownStatesTimeIntervals		DOWN	
8885.6672	0.11759999999958382	UpDownStatesTimeIntervals		UP	
8889.4104	0.2600000000002183	UpDownStatesTimeIntervals		UP	
8890.1328	0.05280000000129803	UpDownStatesTimeIntervals		DOWN	
8890.1856	0.18879999999990105	UpDownStatesTimeIntervals		UP	
8890.7744	0.12080000000059954	UpDownStatesTimeIntervals		UP	
8891.4144	0.15359999999964202	UpDownStatesTimeIntervals		UP	
8891.9168	0.11999999999898137	UpDownStatesTimeIntervals		UP	
8892.5104	0.11440000000038708	UpDownStatesTimeIntervals		UP	
8893.18	0.05279999999947904	UpDownStatesTimeIntervals		UP	
8893.6208	0.30639999999948486	UpDownStatesTimeIntervals		UP	
8894.3288	0.06960000000071886	UpDownStatesTimeIntervals		UP	
8894.6704	0.28959999999824504	UpDownStatesTimeIntervals		UP	
8895.5664	0.13119999999980791	UpDownStatesTimeIntervals		UP	
8896.096	0.15760000000045693	UpDownStatesTimeIntervals		UP	
8907.228	0.272000000000844	UpDownStatesTimeIntervals		UP	
8907.8096	0.09759999999914726	UpDownStatesTimeIntervals		UP	
8908.2008	0.2495999999991909	UpDownStatesTimeIntervals		UP	
8916.7352	0.12800000000061118	UpDownStatesTimeIntervals		UP	
8917.352	0.06879999999910069	UpDownStatesTimeIntervals		UP	
8917.9984	0.15359999999964202	UpDownStatesTimeIntervals		UP	
8918.5736	0.09920000000056461	UpDownStatesTimeIntervals		UP	
8919.5112	0.1367999999984022	UpDownStatesTimeIntervals		UP	
8920.148	0.16240000000107102	UpDownStatesTimeIntervals		UP	
8920.348	0.06719999999950232	UpDownStatesTimeIntervals		DOWN	
8920.9608	0.15119999999842548	UpDownStatesTimeIntervals		UP	
8921.6608	0.12560000000121363	UpDownStatesTimeIntervals		UP	
8924.4976	0.14879999999902793	UpDownStatesTimeIntervals		UP	
8925.0976	0.22800000000097498	UpDownStatesTimeIntervals		UP	
8926.2304	0.11039999999957217	UpDownStatesTimeIntervals		UP	
8926.7736	0.1279999999987922	UpDownStatesTimeIntervals		UP	
8928.8432	0.23360000000138825	UpDownStatesTimeIntervals		UP	
8929.3888	0.2503999999989901	UpDownStatesTimeIntervals		UP	
8930.2816	0.12639999999919382	UpDownStatesTimeIntervals		UP	
8931.2528	0.22159999999894353	UpDownStatesTimeIntervals		UP	
8935.5568	0.13359999999920547	UpDownStatesTimeIntervals		UP	
8936.0504	0.32959999999911815	UpDownStatesTimeIntervals		DOWN	
8936.38	0.11840000000120199	UpDownStatesTimeIntervals		UP	
8936.8208	0.2903999999998632	UpDownStatesTimeIntervals		UP	
8940.7552	0.12800000000061118	UpDownStatesTimeIntervals		UP	
8941.4968	0.23919999999998254	UpDownStatesTimeIntervals		UP	
8942.3872	0.13040000000000873	UpDownStatesTimeIntervals		UP	
8943.8808	0.24719999999979336	UpDownStatesTimeIntervals		UP	
8944.4752	0.1639999999988504	UpDownStatesTimeIntervals		UP	
8945.0856	0.16480000000046857	UpDownStatesTimeIntervals		UP	
8946.7208	0.5432000000000698	UpDownStatesTimeIntervals		UP	
8947.4	0.3495999999995547	UpDownStatesTimeIntervals		UP	
8948.5208	0.23519999999916763	UpDownStatesTimeIntervals		UP	
8954.2888	0.33039999999891734	UpDownStatesTimeIntervals		UP	
8955.0808	0.13839999999981956	UpDownStatesTimeIntervals		UP	
8955.928	0.22160000000076252	UpDownStatesTimeIntervals		UP	
8956.5192	0.16719999999986612	UpDownStatesTimeIntervals		UP	
8971.4528	0.14160000000083528	UpDownStatesTimeIntervals		UP	
8972.012	0.09199999999873398	UpDownStatesTimeIntervals		UP	
8972.5824	0.23360000000138825	UpDownStatesTimeIntervals		UP	
8973.1936	0.13359999999920547	UpDownStatesTimeIntervals		UP	
8977.8072	0.1992000000009284	UpDownStatesTimeIntervals		UP	
8978.3568	0.14320000000043365	UpDownStatesTimeIntervals		UP	
8978.7576	0.1823999999996886	UpDownStatesTimeIntervals		DOWN	
8979.0304	0.127200000000812	UpDownStatesTimeIntervals		UP	
8981.0	24.0	SleepStates			WAKEstate
9006.0	15.0	SleepStates			NREMstate
9009.0696	0.18800000000010186	UpDownStatesTimeIntervals		UP	
9009.6128	0.2135999999991327	UpDownStatesTimeIntervals		DOWN	
9009.8264	0.16640000000006694	UpDownStatesTimeIntervals		UP	
9010.4856	0.1679999999996653	UpDownStatesTimeIntervals		UP	
9011.0336	0.32159999999930733	UpDownStatesTimeIntervals		UP	
9668.0	26.0	SleepStates			WAKEstate
9695.0	8.0	SleepStates			NREMstate
9700.9952	0.13839999999981956	UpDownStatesTimeIntervals		UP	
9701.6016	0.21440000000075088	UpDownStatesTimeIntervals		UP	
9704.0	14.0	SleepStates			WAKEstate
9719.0	27.0	SleepStates			NREMstate
9723.736	0.1639999999988504	UpDownStatesTimeIntervals		UP	
9724.3904	0.06559999999990396	UpDownStatesTimeIntervals		UP	
9725.1496	0.11919999999918218	UpDownStatesTimeIntervals		UP	
9726.076	0.11200000000098953	UpDownStatesTimeIntervals		UP	
9726.9952	0.14880000000084692	UpDownStatesTimeIntervals		UP	
9727.54	0.10159999999996217	UpDownStatesTimeIntervals		UP	
9728.2536	0.14480000000003201	UpDownStatesTimeIntervals		UP	
9728.9488	0.2448000000003958	UpDownStatesTimeIntervals		UP	
9730.0	0.2536000000000058	UpDownStatesTimeIntervals		UP	
9730.8592	0.11439999999856809	UpDownStatesTimeIntervals		UP	
9731.6728	0.16319999999905122	UpDownStatesTimeIntervals		UP	
9732.2016	0.11520000000018626	UpDownStatesTimeIntervals		UP	
9733.4912	0.22879999999895517	UpDownStatesTimeIntervals		UP	
9734.364	0.1400000000012369	UpDownStatesTimeIntervals		UP	
9734.812	0.1592000000000553	UpDownStatesTimeIntervals		UP	
9737.0688	0.1136000000005879	UpDownStatesTimeIntervals		UP	
9737.7776	0.11599999999998545	UpDownStatesTimeIntervals		UP	
9738.376	0.1319999999996071	UpDownStatesTimeIntervals		UP	
9739.1992	0.11520000000018626	UpDownStatesTimeIntervals		UP	
9739.9376	0.236800000000585	UpDownStatesTimeIntervals		UP	
9740.7448	0.1368000000002212	UpDownStatesTimeIntervals		UP	
9741.3192	0.11200000000098953	UpDownStatesTimeIntervals		UP	
9741.8568	0.1408000000010361	UpDownStatesTimeIntervals		UP	
9742.6416	0.10959999999977299	UpDownStatesTimeIntervals		UP	
9743.7568	0.17840000000069267	UpDownStatesTimeIntervals		UP	
9744.3648	0.14800000000104774	UpDownStatesTimeIntervals		UP	
9745.1656	0.2672000000002299	UpDownStatesTimeIntervals		UP	
9747.0	10.0	SleepStates			WAKEstate
9758.0	37.0	SleepStates			NREMstate
9760.444	0.08719999999993888	UpDownStatesTimeIntervals		UP	
9761.0816	0.12960000000020955	UpDownStatesTimeIntervals		UP	
9761.7416	0.042400000000270666	UpDownStatesTimeIntervals		UP	
9762.1016	0.2952000000004773	UpDownStatesTimeIntervals		UP	
9789.9736	0.14480000000003201	UpDownStatesTimeIntervals		UP	
9790.6696	0.25760000000082073	UpDownStatesTimeIntervals		UP	
9791.6704	0.13839999999981956	UpDownStatesTimeIntervals		UP	
9792.6024	0.1864000000005035	UpDownStatesTimeIntervals		UP	
9793.9728	0.23840000000018335	UpDownStatesTimeIntervals		UP	
9794.8232	0.19759999999951106	UpDownStatesTimeIntervals		UP	
9796.0	30.0	SleepStates			WAKEstate
9827.0	12.0	SleepStates			NREMstate
9830.8768	0.26959999999962747	UpDownStatesTimeIntervals		UP	
9831.4904	0.1319999999996071	UpDownStatesTimeIntervals		UP	
9832.0424	0.14719999999942956	UpDownStatesTimeIntervals		UP	
9832.7728	0.15279999999984284	UpDownStatesTimeIntervals		UP	
9833.3096	0.1407999999992171	UpDownStatesTimeIntervals		UP	
9836.6848	0.23279999999977008	UpDownStatesTimeIntervals		UP	
9837.3384	0.12639999999919382	UpDownStatesTimeIntervals		UP	
9837.9312	0.11119999999937136	UpDownStatesTimeIntervals		UP	
9840.0	7.0	SleepStates			WAKEstate
9848.0	133.0	SleepStates			NREMstate
9849.7008	0.1415999999990163	UpDownStatesTimeIntervals		UP	
9850.0208	0.0408000000006723	UpDownStatesTimeIntervals		DOWN	
9850.528	0.24879999999939173	UpDownStatesTimeIntervals		UP	
9851.4016	0.24160000000119908	UpDownStatesTimeIntervals		UP	
9852.052	0.14240000000063446	UpDownStatesTimeIntervals		UP	
9854.6936	0.1319999999996071	UpDownStatesTimeIntervals		UP	
9855.4104	0.09999999999854481	UpDownStatesTimeIntervals		UP	
9855.5816	0.0591999999996915	UpDownStatesTimeIntervals		DOWN	
9856.228	0.18960000000151922	UpDownStatesTimeIntervals		UP	
9857.8288	0.12880000000041036	UpDownStatesTimeIntervals		UP	
9858.4768	0.09839999999894644	UpDownStatesTimeIntervals		DOWN	
9858.5752	0.2903999999998632	UpDownStatesTimeIntervals		UP	
9859.2176	0.10720000000037544	UpDownStatesTimeIntervals		UP	
9859.7032	0.20800000000053842	UpDownStatesTimeIntervals		UP	
9860.7688	0.11920000000100117	UpDownStatesTimeIntervals		UP	
9861.3184	0.20240000000012515	UpDownStatesTimeIntervals		UP	
9862.8208	0.11120000000119035	UpDownStatesTimeIntervals		UP	
9863.516	0.15520000000105938	UpDownStatesTimeIntervals		UP	
9864.6992	0.18400000000110595	UpDownStatesTimeIntervals		UP	
9866.8992	0.17599999999947613	UpDownStatesTimeIntervals		UP	
9867.5376	0.1368000000002212	UpDownStatesTimeIntervals		UP	
9868.0152	0.3080000000009022	UpDownStatesTimeIntervals		UP	
9868.9776	0.1720000000004802	UpDownStatesTimeIntervals		UP	
9869.752	0.11679999999978463	UpDownStatesTimeIntervals		UP	
9870.3568	0.14880000000084692	UpDownStatesTimeIntervals		UP	
9870.8688	0.17679999999927531	UpDownStatesTimeIntervals		UP	
9871.7664	0.12639999999919382	UpDownStatesTimeIntervals		UP	
9873.1496	0.13599999999860302	UpDownStatesTimeIntervals		UP	
9873.5616	0.3415999999997439	UpDownStatesTimeIntervals		UP	
9874.2304	0.16079999999965366	UpDownStatesTimeIntervals		UP	
9876.4072	0.2088000000003376	UpDownStatesTimeIntervals		UP	
9876.9464	0.2503999999989901	UpDownStatesTimeIntervals		UP	
9877.5512	0.1368000000002212	UpDownStatesTimeIntervals		UP	
9878.2696	0.18959999999970023	UpDownStatesTimeIntervals		UP	
9878.8632	0.12399999999979627	UpDownStatesTimeIntervals		UP	
9879.4176	0.17839999999887368	UpDownStatesTimeIntervals		UP	
9880.252	0.1407999999992171	UpDownStatesTimeIntervals		UP	
9881.2376	0.27440000000024156	UpDownStatesTimeIntervals		UP	
9881.9512	0.22000000000116415	UpDownStatesTimeIntervals		UP	
9882.516	0.1959999999999127	UpDownStatesTimeIntervals		UP	
9887.6384	0.15359999999964202	UpDownStatesTimeIntervals		UP	
9888.6136	0.2495999999991909	UpDownStatesTimeIntervals		UP	
9888.8632	0.6031999999995605	UpDownStatesTimeIntervals		UP	
9889.776	0.15760000000045693	UpDownStatesTimeIntervals		UP	
9898.5184	0.14399999999841384	UpDownStatesTimeIntervals		UP	
9899.06	0.236800000000585	UpDownStatesTimeIntervals		UP	
9899.5952	0.17439999999987776	UpDownStatesTimeIntervals		UP	
9904.2496	0.816000000000713	UpDownStatesTimeIntervals		UP	
9905.2864	0.17599999999947613	UpDownStatesTimeIntervals		UP	
9905.8032	0.07439999999951397	UpDownStatesTimeIntervals		UP	
9906.2952	0.15599999999903957	UpDownStatesTimeIntervals		UP	
9911.076	0.22560000000157743	UpDownStatesTimeIntervals		UP	
9911.876	0.08560000000034051	UpDownStatesTimeIntervals		UP	
9912.3136	0.15359999999964202	UpDownStatesTimeIntervals		UP	
9924.4936	0.15600000000085856	UpDownStatesTimeIntervals		UP	
9925.0264	0.11679999999978463	UpDownStatesTimeIntervals		UP	
9925.2848	0.051199999999880674	UpDownStatesTimeIntervals		DOWN	
9925.6328	0.1904000000013184	UpDownStatesTimeIntervals		UP	
9926.5776	0.13760000000002037	UpDownStatesTimeIntervals		UP	
9927.0688	0.15520000000105938	UpDownStatesTimeIntervals		UP	
9927.7168	0.15359999999964202	UpDownStatesTimeIntervals		UP	
9928.1616	0.12080000000059954	UpDownStatesTimeIntervals		UP	
9930.6312	0.10800000000017462	UpDownStatesTimeIntervals		UP	
9931.2064	0.04160000000047148	UpDownStatesTimeIntervals		UP	
9931.692	0.364000000001397	UpDownStatesTimeIntervals		UP	
9932.388	0.09439999999995052	UpDownStatesTimeIntervals		UP	
9932.9504	0.16640000000006694	UpDownStatesTimeIntervals		UP	
9933.3472	0.2407999999995809	UpDownStatesTimeIntervals		UP	
9934.0848	0.1863999999986845	UpDownStatesTimeIntervals		UP	
9934.596	0.17840000000069267	UpDownStatesTimeIntervals		UP	
9935.2368	0.2143999999989319	UpDownStatesTimeIntervals		UP	
9935.8048	0.15359999999964202	UpDownStatesTimeIntervals		UP	
9936.3624	0.1224000000001979	UpDownStatesTimeIntervals		UP	
9937.1848	0.14319999999861466	UpDownStatesTimeIntervals		UP	
9937.3776	0.03200000000106229	UpDownStatesTimeIntervals		DOWN	
9938.1144	0.1551999999992404	UpDownStatesTimeIntervals		UP	
9938.9632	0.1407999999992171	UpDownStatesTimeIntervals		UP	
9941.9896	0.12879999999859137	UpDownStatesTimeIntervals		UP	
9942.6576	0.1592000000000553	UpDownStatesTimeIntervals		UP	
9943.1688	0.1408000000010361	UpDownStatesTimeIntervals		UP	
9943.5576	0.2504000000008091	UpDownStatesTimeIntervals		UP	
9944.7592	0.22479999999995925	UpDownStatesTimeIntervals		UP	
9945.5848	0.19679999999971187	UpDownStatesTimeIntervals		UP	
9947.0368	0.1720000000004802	UpDownStatesTimeIntervals		UP	
9947.476	0.20719999999892025	UpDownStatesTimeIntervals		UP	
9948.2	0.36719999999877473	UpDownStatesTimeIntervals		UP	
9948.8832	0.05680000000029395	UpDownStatesTimeIntervals		UP	
9950.1608	0.1400000000012369	UpDownStatesTimeIntervals		UP	
9950.728	0.1087999999999738	UpDownStatesTimeIntervals		UP	
9951.32	0.14400000000023283	UpDownStatesTimeIntervals		UP	
9951.8528	0.10239999999976135	UpDownStatesTimeIntervals		DOWN	
9952.1792	0.23359999999956926	UpDownStatesTimeIntervals		UP	
9957.2144	0.24879999999939173	UpDownStatesTimeIntervals		UP	
9958.1208	0.14639999999963038	UpDownStatesTimeIntervals		UP	
9958.704	0.1087999999999738	UpDownStatesTimeIntervals		UP	
9959.1336	0.1680000000014843	UpDownStatesTimeIntervals		UP	
9959.824	0.118399999999383	UpDownStatesTimeIntervals		UP	
9960.388	0.15279999999984284	UpDownStatesTimeIntervals		UP	
9960.856	0.118399999999383	UpDownStatesTimeIntervals		UP	
9966.4984	0.2816000000002532	UpDownStatesTimeIntervals		UP	
9966.9608	0.20319999999992433	UpDownStatesTimeIntervals		DOWN	
9967.164	0.11359999999876891	UpDownStatesTimeIntervals		UP	
9968.0008	0.13040000000000873	UpDownStatesTimeIntervals		UP	
9968.6544	0.13440000000082364	UpDownStatesTimeIntervals		UP	
9969.2032	0.1224000000001979	UpDownStatesTimeIntervals		UP	
9975.6912	0.1176000000014028	UpDownStatesTimeIntervals		UP	
9976.1096	0.5079999999998108	UpDownStatesTimeIntervals		UP	
9976.7488	0.13920000000143773	UpDownStatesTimeIntervals		UP	
9977.7296	0.1863999999986845	UpDownStatesTimeIntervals		UP	
9978.3656	0.1584000000002561	UpDownStatesTimeIntervals		UP	
9978.8784	0.2592000000004191	UpDownStatesTimeIntervals		UP	
9979.5552	0.22479999999995925	UpDownStatesTimeIntervals		UP	
9980.3944	0.298400000001493	UpDownStatesTimeIntervals		UP	
9980.9336	0.17360000000007858	UpDownStatesTimeIntervals		UP	
9982.0	53.0	SleepStates			WAKEstate
10011.136	2019.2319666666663	epochs	fCamk2_201013_113713		
12030.368	7729.951966666666	epochs	fCamk2_201013_121800		
12031.0	485.0	SleepStates			WAKEstate
12517.0	7.0	SleepStates			NREMstate
12517.116	0.23519999999916763	UpDownStatesTimeIntervals		UP	
12517.8336	0.18480000000090513	UpDownStatesTimeIntervals		UP	
12518.5408	0.1503999999986263	UpDownStatesTimeIntervals		UP	
12520.3856	0.13040000000000873	UpDownStatesTimeIntervals		UP	
12520.8384	0.16159999999945285	UpDownStatesTimeIntervals		UP	
12522.1488	0.1087999999999738	UpDownStatesTimeIntervals		UP	
12525.0	73.0	SleepStates			WAKEstate
12599.0	11.0	SleepStates			NREMstate
12600.3264	0.18879999999990105	UpDownStatesTimeIntervals		UP	
12603.1784	0.26639999999861175	UpDownStatesTimeIntervals		UP	
12604.1152	0.1592000000000553	UpDownStatesTimeIntervals		UP	
12605.64	0.12160000000039872	UpDownStatesTimeIntervals		UP	
12608.0536	0.1640000000006694	UpDownStatesTimeIntervals		UP	
12608.8224	0.20800000000053842	UpDownStatesTimeIntervals		UP	
12609.9704	0.17439999999987776	UpDownStatesTimeIntervals		UP	
12611.0	20.0	SleepStates			WAKEstate
12632.0	40.0	SleepStates			NREMstate
12632.3416	0.12000000000080036	UpDownStatesTimeIntervals		UP	
12632.9552	0.14879999999902793	UpDownStatesTimeIntervals		UP	
12633.96	0.21520000000055006	UpDownStatesTimeIntervals		UP	
12634.6928	0.15999999999985448	UpDownStatesTimeIntervals		UP	
12635.6864	0.1455999999998312	UpDownStatesTimeIntervals		UP	
12637.5784	0.13119999999980791	UpDownStatesTimeIntervals		UP	
12638.072	0.12960000000020955	UpDownStatesTimeIntervals		UP	
12638.7112	0.19759999999951106	UpDownStatesTimeIntervals		UP	
12639.1088	0.15120000000024447	UpDownStatesTimeIntervals		DOWN	
12639.6024	0.16240000000107102	UpDownStatesTimeIntervals		UP	
12640.3672	0.1687999999994645	UpDownStatesTimeIntervals		UP	
12640.952	0.127200000000812	UpDownStatesTimeIntervals		UP	
12641.4952	0.12880000000041036	UpDownStatesTimeIntervals		UP	
12642.28	0.37519999999858555	UpDownStatesTimeIntervals		UP	
12642.9072	0.23040000000037253	UpDownStatesTimeIntervals		UP	
12643.4744	0.27520000000004075	UpDownStatesTimeIntervals		DOWN	
12643.7496	0.1400000000012369	UpDownStatesTimeIntervals		UP	
12644.1872	0.13519999999880383	UpDownStatesTimeIntervals		UP	
12645.072	0.3143999999992957	UpDownStatesTimeIntervals		UP	
12646.492	0.136000000000422	UpDownStatesTimeIntervals		UP	
12648.2296	0.21599999999853026	UpDownStatesTimeIntervals		UP	
12648.7592	0.23840000000018335	UpDownStatesTimeIntervals		UP	
12649.3496	0.1952000000001135	UpDownStatesTimeIntervals		UP	
12650.3712	0.22880000000077416	UpDownStatesTimeIntervals		UP	
12651.1088	0.2088000000003376	UpDownStatesTimeIntervals		UP	
12651.9856	0.14240000000063446	UpDownStatesTimeIntervals		UP	
12652.564	0.09200000000055297	UpDownStatesTimeIntervals		UP	
12653.0432	0.15680000000065775	UpDownStatesTimeIntervals		UP	
12658.2888	0.1543999999994412	UpDownStatesTimeIntervals		UP	
12658.9544	0.1551999999992404	UpDownStatesTimeIntervals		DOWN	
12659.1096	0.13919999999961874	UpDownStatesTimeIntervals		UP	
12660.5616	0.3919999999998254	UpDownStatesTimeIntervals		UP	
12664.4648	0.31040000000029977	UpDownStatesTimeIntervals		UP	
12665.5536	0.12800000000061118	UpDownStatesTimeIntervals		UP	
12666.2928	0.15600000000085856	UpDownStatesTimeIntervals		UP	
12667.8616	0.1775999999990745	UpDownStatesTimeIntervals		UP	
12668.6112	0.14800000000104774	UpDownStatesTimeIntervals		UP	
12669.064	0.29439999999885913	UpDownStatesTimeIntervals		UP	
12670.024	0.06960000000071886	UpDownStatesTimeIntervals		UP	
12670.1528	0.04800000000068394	UpDownStatesTimeIntervals		DOWN	
12670.528	0.15120000000024447	UpDownStatesTimeIntervals		UP	
12671.0952	0.06160000000090804	UpDownStatesTimeIntervals		UP	
12671.6184	0.25120000000060827	UpDownStatesTimeIntervals		UP	
12673.0	8.0	SleepStates			WAKEstate
12681.5408	0.24479999999857682	UpDownStatesTimeIntervals		UP	
12682.0	24.0	SleepStates			NREMstate
12682.6024	0.2232000000003609	UpDownStatesTimeIntervals		UP	
12683.2624	0.14480000000003201	UpDownStatesTimeIntervals		UP	
12685.2016	0.1999999999989086	UpDownStatesTimeIntervals		UP	
12686.8808	0.4056000000000495	UpDownStatesTimeIntervals		UP	
12687.856	0.11440000000038708	UpDownStatesTimeIntervals		DOWN	
12688.0552	0.15759999999863794	UpDownStatesTimeIntervals		UP	
12688.9432	0.12880000000041036	UpDownStatesTimeIntervals		UP	
12689.58	0.1319999999996071	UpDownStatesTimeIntervals		UP	
12690.28	0.23039999999855354	UpDownStatesTimeIntervals		UP	
12692.824	0.1407999999992171	UpDownStatesTimeIntervals		UP	
12697.508	0.16480000000046857	UpDownStatesTimeIntervals		UP	
12697.7592	0.3239999999987049	UpDownStatesTimeIntervals		DOWN	
12698.0832	0.3456000000005588	UpDownStatesTimeIntervals		UP	
12698.6936	0.08799999999973807	UpDownStatesTimeIntervals		DOWN	
12700.4224	0.1815999999998894	UpDownStatesTimeIntervals		UP	
12701.1328	0.12000000000080036	UpDownStatesTimeIntervals		UP	
12701.864	0.15200000000004366	UpDownStatesTimeIntervals		UP	
12703.6256	0.136000000000422	UpDownStatesTimeIntervals		UP	
12704.4888	0.26960000000144646	UpDownStatesTimeIntervals		UP	
12705.1688	0.10720000000037544	UpDownStatesTimeIntervals		DOWN	
12705.4656	0.13040000000000873	UpDownStatesTimeIntervals		UP	
12707.0	37.0	SleepStates			WAKEstate
12745.0	15.0	SleepStates			NREMstate
12746.448	0.3999999999996362	UpDownStatesTimeIntervals		UP	
12747.7264	0.10640000000057626	UpDownStatesTimeIntervals		UP	
12749.4192	0.13919999999961874	UpDownStatesTimeIntervals		UP	
12750.328	0.12000000000080036	UpDownStatesTimeIntervals		UP	
12751.0872	0.05680000000029395	UpDownStatesTimeIntervals		DOWN	
12751.4344	0.12000000000080036	UpDownStatesTimeIntervals		UP	
12752.0576	0.13119999999980791	UpDownStatesTimeIntervals		UP	
12752.416	0.21039999999993597	UpDownStatesTimeIntervals		DOWN	
12752.6264	0.153600000001461	UpDownStatesTimeIntervals		UP	
12759.4432	0.13119999999980791	UpDownStatesTimeIntervals		UP	
12760.0176	0.21440000000075088	UpDownStatesTimeIntervals		UP	
12760.7928	0.25600000000122236	UpDownStatesTimeIntervals		UP	
12761.0	67.0	SleepStates			WAKEstate
12829.0	14.0	SleepStates			NREMstate
12829.4336	0.15359999999964202	UpDownStatesTimeIntervals		UP	
12830.2216	0.31599999999889405	UpDownStatesTimeIntervals		UP	
12832.2776	0.23279999999977008	UpDownStatesTimeIntervals		UP	
12832.9432	0.1728000000002794	UpDownStatesTimeIntervals		UP	
12834.4096	0.20719999999892025	UpDownStatesTimeIntervals		DOWN	
12834.6168	0.2175999999999476	UpDownStatesTimeIntervals		UP	
12835.1	0.2775999999994383	UpDownStatesTimeIntervals		DOWN	
12836.112	0.16560000000026776	UpDownStatesTimeIntervals		DOWN	
12836.4136	0.25599999999940337	UpDownStatesTimeIntervals		UP	
12839.7232	0.16719999999986612	UpDownStatesTimeIntervals		UP	
12841.2728	0.2911999999996624	UpDownStatesTimeIntervals		UP	
12844.0	29.0	SleepStates			WAKEstate
12874.0	268.0	SleepStates			NREMstate
12876.628	0.3191999999999098	UpDownStatesTimeIntervals		DOWN	
12876.9472	0.15999999999985448	UpDownStatesTimeIntervals		UP	
12878.4536	0.07839999999850988	UpDownStatesTimeIntervals		DOWN	
12878.532	0.1408000000010361	UpDownStatesTimeIntervals		UP	
12879.496	0.16480000000046857	UpDownStatesTimeIntervals		UP	
12880.188	0.0408000000006723	UpDownStatesTimeIntervals		DOWN	
12880.2288	0.2599999999983993	UpDownStatesTimeIntervals		UP	
12880.7024	0.24400000000059663	UpDownStatesTimeIntervals		DOWN	
12880.9464	0.2319999999999709	UpDownStatesTimeIntervals		UP	
12883.2664	0.3415999999997439	UpDownStatesTimeIntervals		UP	
12884.0112	0.12639999999919382	UpDownStatesTimeIntervals		UP	
12885.276	0.12000000000080036	UpDownStatesTimeIntervals		UP	
12885.832	0.20319999999992433	UpDownStatesTimeIntervals		UP	
12886.736	0.236799999998766	UpDownStatesTimeIntervals		UP	
12888.3352	0.2088000000003376	UpDownStatesTimeIntervals		UP	
12894.9208	0.12960000000020955	UpDownStatesTimeIntervals		UP	
12895.6208	0.26159999999981665	UpDownStatesTimeIntervals		UP	
12895.9456	0.3040000000000873	UpDownStatesTimeIntervals		DOWN	
12896.2496	0.1504000000004453	UpDownStatesTimeIntervals		UP	
12896.8888	0.12960000000020955	UpDownStatesTimeIntervals		UP	
12901.3952	0.3239999999987049	UpDownStatesTimeIntervals		UP	
12902.6328	0.2319999999999709	UpDownStatesTimeIntervals		UP	
12903.724	0.14639999999963038	UpDownStatesTimeIntervals		UP	
12906.4536	0.24639999999999418	UpDownStatesTimeIntervals		UP	
12907.312	0.07040000000051805	UpDownStatesTimeIntervals		DOWN	
12907.3824	0.14639999999963038	UpDownStatesTimeIntervals		UP	
12909.4848	0.20319999999992433	UpDownStatesTimeIntervals		UP	
12912.7312	0.33439999999973224	UpDownStatesTimeIntervals		UP	
12913.5864	0.2687999999998283	UpDownStatesTimeIntervals		UP	
12914.5064	0.11279999999896972	UpDownStatesTimeIntervals		DOWN	
12914.736	0.16079999999965366	UpDownStatesTimeIntervals		UP	
12915.9216	0.1640000000006694	UpDownStatesTimeIntervals		UP	
12917.2192	0.3184000000001106	UpDownStatesTimeIntervals		UP	
12918.6792	0.13279999999940628	UpDownStatesTimeIntervals		UP	
12920.4464	0.16159999999945285	UpDownStatesTimeIntervals		UP	
12921.0672	0.1992000000009284	UpDownStatesTimeIntervals		UP	
12921.932	0.1727999999984604	UpDownStatesTimeIntervals		UP	
12922.8696	0.16239999999925203	UpDownStatesTimeIntervals		UP	
12923.5312	0.26640000000043074	UpDownStatesTimeIntervals		UP	
12925.0712	0.1504000000004453	UpDownStatesTimeIntervals		UP	
12932.0856	0.24799999999959255	UpDownStatesTimeIntervals		UP	
12935.6216	0.03359999999884167	UpDownStatesTimeIntervals		DOWN	
12936.144	0.1415999999990163	UpDownStatesTimeIntervals		UP	
12938.6792	0.2407999999995809	UpDownStatesTimeIntervals		UP	
12939.5872	0.13440000000082364	UpDownStatesTimeIntervals		UP	
12944.6128	0.2855999999992491	UpDownStatesTimeIntervals		UP	
12947.3072	0.24320000000079744	UpDownStatesTimeIntervals		UP	
12947.7656	0.13040000000000873	UpDownStatesTimeIntervals		UP	
12948.6136	0.15200000000004366	UpDownStatesTimeIntervals		UP	
12949.972	0.15120000000024447	UpDownStatesTimeIntervals		UP	
12950.5488	0.21119999999973516	UpDownStatesTimeIntervals		UP	
12951.1496	0.037599999999656575	UpDownStatesTimeIntervals		DOWN	
12951.1872	0.25679999999920256	UpDownStatesTimeIntervals		UP	
12952.1984	0.16080000000147265	UpDownStatesTimeIntervals		UP	
12953.0952	0.16480000000046857	UpDownStatesTimeIntervals		UP	
12954.3944	0.15120000000024447	UpDownStatesTimeIntervals		UP	
12957.4304	0.1504000000004453	UpDownStatesTimeIntervals		UP	
12958.3072	0.17040000000088185	UpDownStatesTimeIntervals		UP	
12959.584	0.17199999999866122	UpDownStatesTimeIntervals		UP	
12960.0936	0.16959999999926367	UpDownStatesTimeIntervals		UP	
12961.5864	0.2824000000000524	UpDownStatesTimeIntervals		UP	
12962.4376	0.12160000000039872	UpDownStatesTimeIntervals		UP	
12963.3008	0.26959999999962747	UpDownStatesTimeIntervals		UP	
12963.9064	0.12479999999959546	UpDownStatesTimeIntervals		UP	
12964.58	0.17519999999967695	UpDownStatesTimeIntervals		UP	
12969.8208	0.05520000000069558	UpDownStatesTimeIntervals		DOWN	
12969.876	0.17120000000068103	UpDownStatesTimeIntervals		UP	
12970.3184	0.1455999999998312	UpDownStatesTimeIntervals		UP	
12970.8656	0.06160000000090804	UpDownStatesTimeIntervals		DOWN	
12970.9272	0.20080000000052678	UpDownStatesTimeIntervals		UP	
12971.528	0.17599999999947613	UpDownStatesTimeIntervals		UP	
12972.2216	0.17360000000007858	UpDownStatesTimeIntervals		UP	
12973.9528	0.08560000000034051	UpDownStatesTimeIntervals		DOWN	
12974.7496	0.28880000000026484	UpDownStatesTimeIntervals		UP	
12975.7296	0.15759999999863794	UpDownStatesTimeIntervals		UP	
12978.6192	0.1496000000006461	UpDownStatesTimeIntervals		UP	
12980.4928	0.06079999999928987	UpDownStatesTimeIntervals		DOWN	
12980.5536	0.13360000000102445	UpDownStatesTimeIntervals		UP	
12980.9616	0.30719999999928405	UpDownStatesTimeIntervals		UP	
12981.776	0.2911999999996624	UpDownStatesTimeIntervals		UP	
12982.1864	0.34879999999975553	UpDownStatesTimeIntervals		DOWN	
12982.5352	0.1720000000004802	UpDownStatesTimeIntervals		UP	
12983.8576	0.32000000000152795	UpDownStatesTimeIntervals		UP	
12985.228	0.14240000000063446	UpDownStatesTimeIntervals		UP	
12989.9328	0.14319999999861466	UpDownStatesTimeIntervals		UP	
12990.5664	0.11039999999957217	UpDownStatesTimeIntervals		UP	
12992.2152	0.17039999999906286	UpDownStatesTimeIntervals		UP	
12992.4616	0.2911999999996624	UpDownStatesTimeIntervals		DOWN	
12992.7528	0.21199999999953434	UpDownStatesTimeIntervals		UP	
12993.436	0.1584000000002561	UpDownStatesTimeIntervals		UP	
12995.4024	0.07119999999849824	UpDownStatesTimeIntervals		DOWN	
12996.304	0.1592000000000553	UpDownStatesTimeIntervals		UP	
12999.2392	0.15680000000065775	UpDownStatesTimeIntervals		UP	
13000.0768	0.127199999998993	UpDownStatesTimeIntervals		DOWN	
13000.204	0.15200000000004366	UpDownStatesTimeIntervals		UP	
13000.7368	0.16079999999965366	UpDownStatesTimeIntervals		UP	
13000.9832	0.19039999999949941	UpDownStatesTimeIntervals		DOWN	
13001.6376	0.12639999999919382	UpDownStatesTimeIntervals		UP	
13002.2968	0.14240000000063446	UpDownStatesTimeIntervals		UP	
13003.1432	0.08159999999952561	UpDownStatesTimeIntervals		DOWN	
13003.2248	0.13919999999961874	UpDownStatesTimeIntervals		UP	
13003.7744	0.1455999999998312	UpDownStatesTimeIntervals		UP	
13004.3128	0.15600000000085856	UpDownStatesTimeIntervals		UP	
13005.5216	0.17920000000049185	UpDownStatesTimeIntervals		UP	
13006.2256	0.16240000000107102	UpDownStatesTimeIntervals		UP	
13006.704	0.11440000000038708	UpDownStatesTimeIntervals		UP	
13008.7768	0.20160000000032596	UpDownStatesTimeIntervals		UP	
13014.1896	0.15279999999984284	UpDownStatesTimeIntervals		UP	
13014.7544	0.12080000000059954	UpDownStatesTimeIntervals		UP	
13015.5696	0.1543999999994412	UpDownStatesTimeIntervals		UP	
13019.4336	0.13999999999941792	UpDownStatesTimeIntervals		UP	
13020.504	0.18559999999888532	UpDownStatesTimeIntervals		UP	
13021.2304	0.22479999999995925	UpDownStatesTimeIntervals		UP	
13035.964	0.1455999999998312	UpDownStatesTimeIntervals		UP	
13036.872	0.20640000000094005	UpDownStatesTimeIntervals		UP	
13037.736	0.2511999999987893	UpDownStatesTimeIntervals		UP	
13041.6472	0.12480000000141445	UpDownStatesTimeIntervals		UP	
13042.732	0.15999999999985448	UpDownStatesTimeIntervals		UP	
13050.8416	0.26959999999962747	UpDownStatesTimeIntervals		UP	
13051.6392	0.11440000000038708	UpDownStatesTimeIntervals		UP	
13052.3568	0.13360000000102445	UpDownStatesTimeIntervals		UP	
13052.8296	0.26960000000144646	UpDownStatesTimeIntervals		UP	
13053.28	0.26159999999981665	UpDownStatesTimeIntervals		DOWN	
13053.5416	0.18720000000030268	UpDownStatesTimeIntervals		UP	
13054.0096	0.22800000000097498	UpDownStatesTimeIntervals		UP	
13059.4392	0.245600000000195	UpDownStatesTimeIntervals		UP	
13060.5256	0.29759999999987485	UpDownStatesTimeIntervals		UP	
13061.4304	0.1320000000014261	UpDownStatesTimeIntervals		UP	
13062.0696	0.032799999999042484	UpDownStatesTimeIntervals		DOWN	
13062.1024	0.16159999999945285	UpDownStatesTimeIntervals		UP	
13062.732	0.263199999999415	UpDownStatesTimeIntervals		DOWN	
13063.6608	0.29280000000107975	UpDownStatesTimeIntervals		UP	
13066.2976	0.14480000000003201	UpDownStatesTimeIntervals		UP	
13066.6176	0.21119999999973516	UpDownStatesTimeIntervals		DOWN	
13066.8288	0.2536000000000058	UpDownStatesTimeIntervals		UP	
13067.7928	0.23440000000118744	UpDownStatesTimeIntervals		UP	
13069.6136	0.19039999999949941	UpDownStatesTimeIntervals		UP	
13075.9752	0.26239999999961583	UpDownStatesTimeIntervals		UP	
13077.3616	0.25120000000060827	UpDownStatesTimeIntervals		UP	
13077.936	0.2816000000002532	UpDownStatesTimeIntervals		UP	
13078.7032	0.2600000000002183	UpDownStatesTimeIntervals		UP	
13079.2488	0.24639999999999418	UpDownStatesTimeIntervals		UP	
13080.9408	0.26559999999881256	UpDownStatesTimeIntervals		UP	
13081.5144	0.26560000000063155	UpDownStatesTimeIntervals		UP	
13082.24	0.28880000000026484	UpDownStatesTimeIntervals		UP	
13083.1216	0.1368000000002212	UpDownStatesTimeIntervals		UP	
13083.2768	0.04960000000028231	UpDownStatesTimeIntervals		DOWN	
13083.7288	0.1279999999987922	UpDownStatesTimeIntervals		UP	
13083.8808	0.1775999999990745	UpDownStatesTimeIntervals		DOWN	
13084.4752	0.17439999999987776	UpDownStatesTimeIntervals		UP	
13085.2936	0.1503999999986263	UpDownStatesTimeIntervals		UP	
13085.964	0.14480000000003201	UpDownStatesTimeIntervals		UP	
13088.132	0.20160000000032596	UpDownStatesTimeIntervals		UP	
13096.6736	0.2232000000003609	UpDownStatesTimeIntervals		UP	
13099.4776	0.13279999999940628	UpDownStatesTimeIntervals		UP	
13103.1064	0.17199999999866122	UpDownStatesTimeIntervals		UP	
13103.8792	0.1952000000001135	UpDownStatesTimeIntervals		UP	
13104.5344	0.17119999999886204	UpDownStatesTimeIntervals		UP	
13109.504	0.1687999999994645	UpDownStatesTimeIntervals		UP	
13113.9888	0.2728000000006432	UpDownStatesTimeIntervals		UP	
13114.5504	0.27599999999983993	UpDownStatesTimeIntervals		DOWN	
13114.8264	0.16959999999926367	UpDownStatesTimeIntervals		UP	
13115.468	0.24239999999917927	UpDownStatesTimeIntervals		UP	
13117.432	0.2007999999987078	UpDownStatesTimeIntervals		UP	
13117.9096	0.22479999999995925	UpDownStatesTimeIntervals		DOWN	
13118.1344	0.2871999999988475	UpDownStatesTimeIntervals		UP	
13119.504	0.2175999999999476	UpDownStatesTimeIntervals		UP	
13120.0536	0.12560000000121363	UpDownStatesTimeIntervals		UP	
13122.316	0.1863999999986845	UpDownStatesTimeIntervals		UP	
13123.2688	0.05999999999949068	UpDownStatesTimeIntervals		DOWN	
13124.4632	0.13279999999940628	UpDownStatesTimeIntervals		UP	
13124.9488	0.1864000000005035	UpDownStatesTimeIntervals		UP	
13125.5312	0.1592000000000553	UpDownStatesTimeIntervals		UP	
13126.0024	0.1087999999999738	UpDownStatesTimeIntervals		DOWN	
13126.1112	0.15760000000045693	UpDownStatesTimeIntervals		UP	
13126.888	0.1543999999994412	UpDownStatesTimeIntervals		UP	
13130.3536	0.14879999999902793	UpDownStatesTimeIntervals		UP	
13135.4064	0.12080000000059954	UpDownStatesTimeIntervals		UP	
13135.6144	0.4583999999995285	UpDownStatesTimeIntervals		UP	
13136.2608	0.3328000000001339	UpDownStatesTimeIntervals		DOWN	
13136.844	0.1592000000000553	UpDownStatesTimeIntervals		UP	
13143.0	9.0	SleepStates			WAKEstate
13153.0	142.0	SleepStates			NREMstate
13153.3136	0.12880000000041036	UpDownStatesTimeIntervals		UP	
13162.8152	0.17120000000068103	UpDownStatesTimeIntervals		UP	
13164.3072	0.042400000000270666	UpDownStatesTimeIntervals		DOWN	
13164.3496	0.12080000000059954	UpDownStatesTimeIntervals		UP	
13164.9248	0.18800000000010186	UpDownStatesTimeIntervals		UP	
13167.0864	0.1551999999992404	UpDownStatesTimeIntervals		UP	
13171.4496	0.13919999999961874	UpDownStatesTimeIntervals		UP	
13172.0816	0.17120000000068103	UpDownStatesTimeIntervals		UP	
13173.5472	0.263199999999415	UpDownStatesTimeIntervals		UP	
13176.0184	0.14719999999942956	UpDownStatesTimeIntervals		UP	
13177.552	0.14639999999963038	UpDownStatesTimeIntervals		UP	
13178.3008	0.20319999999992433	UpDownStatesTimeIntervals		DOWN	
13178.6104	0.1632000000008702	UpDownStatesTimeIntervals		UP	
13182.228	0.38800000000082946	UpDownStatesTimeIntervals		UP	
13182.768	0.06159999999908905	UpDownStatesTimeIntervals		DOWN	
13183.4712	0.12399999999979627	UpDownStatesTimeIntervals		UP	
13184.0432	0.28319999999985157	UpDownStatesTimeIntervals		UP	
13184.7152	0.2319999999999709	UpDownStatesTimeIntervals		UP	
13185.6248	0.18000000000029104	UpDownStatesTimeIntervals		UP	
13186.328	0.16719999999986612	UpDownStatesTimeIntervals		UP	
13186.8392	0.19279999999889696	UpDownStatesTimeIntervals		UP	
13187.8632	0.15520000000105938	UpDownStatesTimeIntervals		UP	
13188.3064	0.07600000000093132	UpDownStatesTimeIntervals		DOWN	
13188.3824	0.12160000000039872	UpDownStatesTimeIntervals		UP	
13189.176	0.19440000000031432	UpDownStatesTimeIntervals		UP	
13190.7768	0.2496000000010099	UpDownStatesTimeIntervals		UP	
13191.432	0.2919999999994616	UpDownStatesTimeIntervals		UP	
13192.2008	0.08479999999872234	UpDownStatesTimeIntervals		DOWN	
13192.2856	0.23360000000138825	UpDownStatesTimeIntervals		UP	
13193.5328	0.062399999998888234	UpDownStatesTimeIntervals		DOWN	
13194.2728	0.22239999999874271	UpDownStatesTimeIntervals		UP	
13195.148	0.15120000000024447	UpDownStatesTimeIntervals		DOWN	
13195.2992	0.3127999999996973	UpDownStatesTimeIntervals		UP	
13195.9704	0.14799999999922875	UpDownStatesTimeIntervals		UP	
13197.3928	0.14880000000084692	UpDownStatesTimeIntervals		UP	
13198.1664	0.29759999999987485	UpDownStatesTimeIntervals		UP	
13199.7168	0.14400000000023283	UpDownStatesTimeIntervals		UP	
13200.3176	0.20559999999932188	UpDownStatesTimeIntervals		DOWN	
13200.7568	0.3088000000007014	UpDownStatesTimeIntervals		UP	
13204.4808	0.3128000000015163	UpDownStatesTimeIntervals		UP	
13205.1624	0.17360000000007858	UpDownStatesTimeIntervals		DOWN	
13205.336	0.23999999999978172	UpDownStatesTimeIntervals		UP	
13206.0784	0.1000000000003638	UpDownStatesTimeIntervals		UP	
13206.5128	0.16640000000006694	UpDownStatesTimeIntervals		UP	
13210.1272	0.16159999999945285	UpDownStatesTimeIntervals		UP	
13211.0256	0.07359999999971478	UpDownStatesTimeIntervals		DOWN	
13211.564	0.13519999999880383	UpDownStatesTimeIntervals		UP	
13216.5464	0.14880000000084692	UpDownStatesTimeIntervals		UP	
13220.3736	0.2775999999994383	UpDownStatesTimeIntervals		UP	
13220.836	0.136000000000422	UpDownStatesTimeIntervals		UP	
13221.3664	0.16239999999925203	UpDownStatesTimeIntervals		UP	
13222.0856	0.29759999999987485	UpDownStatesTimeIntervals		DOWN	
13222.564	0.17360000000007858	UpDownStatesTimeIntervals		UP	
13222.7624	0.2272000000011758	UpDownStatesTimeIntervals		DOWN	
13223.8896	0.14719999999942956	UpDownStatesTimeIntervals		UP	
13224.488	0.3144000000011147	UpDownStatesTimeIntervals		DOWN	
13224.8024	0.16959999999926367	UpDownStatesTimeIntervals		UP	
13225.1672	0.051199999999880674	UpDownStatesTimeIntervals		DOWN	
13225.4016	0.18240000000150758	UpDownStatesTimeIntervals		UP	
13226.2152	0.13359999999920547	UpDownStatesTimeIntervals		UP	
13226.8024	0.15200000000004366	UpDownStatesTimeIntervals		UP	
13227.196	0.08159999999952561	UpDownStatesTimeIntervals		DOWN	
13227.4528	0.09200000000055297	UpDownStatesTimeIntervals		UP	
13233.3632	0.24799999999959255	UpDownStatesTimeIntervals		UP	
13234.0688	0.2408000000013999	UpDownStatesTimeIntervals		UP	
13236.404	0.21919999999954598	UpDownStatesTimeIntervals		UP	
13236.9832	0.1639999999988504	UpDownStatesTimeIntervals		UP	
13237.2608	0.08319999999912397	UpDownStatesTimeIntervals		DOWN	
13237.6456	0.10959999999977299	UpDownStatesTimeIntervals		UP	
13238.0248	0.2848000000012689	UpDownStatesTimeIntervals		UP	
13239.0808	0.2592000000004191	UpDownStatesTimeIntervals		UP	
13248.3504	0.16960000000108266	UpDownStatesTimeIntervals		UP	
13253.488	0.2680000000000291	UpDownStatesTimeIntervals		UP	
13254.2424	0.26640000000043074	UpDownStatesTimeIntervals		UP	
13254.8064	0.11920000000100117	UpDownStatesTimeIntervals		UP	
13255.496	0.20720000000073924	UpDownStatesTimeIntervals		UP	
13256.0032	0.127200000000812	UpDownStatesTimeIntervals		UP	
13256.6408	0.2904000000016822	UpDownStatesTimeIntervals		DOWN	
13256.9312	0.4007999999994354	UpDownStatesTimeIntervals		UP	
13257.7792	0.31119999999827996	UpDownStatesTimeIntervals		UP	
13258.9568	0.1679999999996653	UpDownStatesTimeIntervals		UP	
13260.1456	0.3415999999997439	UpDownStatesTimeIntervals		UP	
13260.536	0.37440000000060536	UpDownStatesTimeIntervals		DOWN	
13264.0496	0.18879999999990105	UpDownStatesTimeIntervals		UP	
13264.8816	0.3055999999996857	UpDownStatesTimeIntervals		DOWN	
13265.1872	0.390400000000227	UpDownStatesTimeIntervals		UP	
13267.3656	0.15520000000105938	UpDownStatesTimeIntervals		UP	
13267.8992	0.3320000000003347	UpDownStatesTimeIntervals		UP	
13271.7712	0.2128000000011525	UpDownStatesTimeIntervals		UP	
13272.6576	0.28479999999944994	UpDownStatesTimeIntervals		UP	
13273.4488	0.26640000000043074	UpDownStatesTimeIntervals		UP	
13274.9272	0.18879999999990105	UpDownStatesTimeIntervals		UP	
13275.6984	0.17040000000088185	UpDownStatesTimeIntervals		DOWN	
13275.8688	0.1368000000002212	UpDownStatesTimeIntervals		UP	
13276.2824	0.30320000000028813	UpDownStatesTimeIntervals		UP	
13277.344	0.13360000000102445	UpDownStatesTimeIntervals		UP	
13278.1904	0.16880000000128348	UpDownStatesTimeIntervals		UP	
13278.6736	0.13520000000062282	UpDownStatesTimeIntervals		UP	
13279.5424	0.30159999999887077	UpDownStatesTimeIntervals		DOWN	
13280.1	0.25679999999920256	UpDownStatesTimeIntervals		UP	
13280.7584	0.11359999999876891	UpDownStatesTimeIntervals		DOWN	
13281.2136	0.20800000000053842	UpDownStatesTimeIntervals		UP	
13284.1192	0.15520000000105938	UpDownStatesTimeIntervals		UP	
13284.728	0.20640000000094005	UpDownStatesTimeIntervals		DOWN	
13284.9344	0.16319999999905122	UpDownStatesTimeIntervals		UP	
13287.7328	0.27599999999983993	UpDownStatesTimeIntervals		UP	
13288.9656	0.1640000000006694	UpDownStatesTimeIntervals		UP	
13289.58	0.1952000000001135	UpDownStatesTimeIntervals		UP	
13289.9624	0.019199999998818384	UpDownStatesTimeIntervals		DOWN	
13290.232	0.14719999999942956	UpDownStatesTimeIntervals		UP	
13290.7376	0.11359999999876891	UpDownStatesTimeIntervals		UP	
13292.4168	0.337599999998929	UpDownStatesTimeIntervals		UP	
13293.0336	0.13040000000000873	UpDownStatesTimeIntervals		UP	
13293.1984	0.16640000000006694	UpDownStatesTimeIntervals		DOWN	
13293.872	0.15279999999984284	UpDownStatesTimeIntervals		UP	
13296.0	18.0	SleepStates			WAKEstate
13315.0	129.0	SleepStates			NREMstate
13316.1496	0.16959999999926367	UpDownStatesTimeIntervals		UP	
13316.8624	0.16560000000026776	UpDownStatesTimeIntervals		UP	
13317.4768	0.13760000000002037	UpDownStatesTimeIntervals		UP	
13318.992	0.13839999999981956	UpDownStatesTimeIntervals		UP	
13320.1808	0.1815999999998894	UpDownStatesTimeIntervals		UP	
13320.8776	0.22080000000096334	UpDownStatesTimeIntervals		DOWN	
13321.3712	0.13280000000122527	UpDownStatesTimeIntervals		UP	
13321.5576	0.07920000000012806	UpDownStatesTimeIntervals		DOWN	
13322.584	0.13919999999961874	UpDownStatesTimeIntervals		UP	
13322.868	0.21519999999873107	UpDownStatesTimeIntervals		DOWN	
13323.0832	0.22960000000057335	UpDownStatesTimeIntervals		UP	
13323.8448	0.10399999999935972	UpDownStatesTimeIntervals		UP	
13324.2312	0.1584000000002561	UpDownStatesTimeIntervals		DOWN	
13324.3896	0.22400000000016007	UpDownStatesTimeIntervals		UP	
13324.8648	0.13839999999981956	UpDownStatesTimeIntervals		UP	
13325.7552	0.08159999999952561	UpDownStatesTimeIntervals		DOWN	
13325.8368	0.254400000001624	UpDownStatesTimeIntervals		UP	
13326.8888	0.19679999999971187	UpDownStatesTimeIntervals		UP	
13327.1424	0.3047999999998865	UpDownStatesTimeIntervals		DOWN	
13327.9952	0.3008000000008906	UpDownStatesTimeIntervals		UP	
13329.4584	0.14400000000023283	UpDownStatesTimeIntervals		UP	
13331.6968	0.31600000000071304	UpDownStatesTimeIntervals		UP	
13332.612	0.1720000000004802	UpDownStatesTimeIntervals		UP	
13333.3696	0.3263999999999214	UpDownStatesTimeIntervals		UP	
13334.8576	0.2536000000000058	UpDownStatesTimeIntervals		UP	
13335.1736	0.2736000000004424	UpDownStatesTimeIntervals		DOWN	
13335.4472	0.28079999999863503	UpDownStatesTimeIntervals		UP	
13337.9072	0.39279999999962456	UpDownStatesTimeIntervals		UP	
13339.1752	0.24880000000121072	UpDownStatesTimeIntervals		UP	
13341.7648	0.30319999999846914	UpDownStatesTimeIntervals		UP	
13342.4896	0.18479999999908614	UpDownStatesTimeIntervals		UP	
13343.1592	0.3871999999992113	UpDownStatesTimeIntervals		UP	
13343.9728	0.26560000000063155	UpDownStatesTimeIntervals		UP	
13344.344	0.24880000000121072	UpDownStatesTimeIntervals		UP	
13345.108	0.17599999999947613	UpDownStatesTimeIntervals		UP	
13346.1968	0.1632000000008702	UpDownStatesTimeIntervals		UP	
13347.0816	0.32080000000132713	UpDownStatesTimeIntervals		UP	
13347.7944	0.20319999999992433	UpDownStatesTimeIntervals		UP	
13348.2888	0.15279999999984284	UpDownStatesTimeIntervals		UP	
13348.8048	0.3191999999999098	UpDownStatesTimeIntervals		DOWN	
13349.124	0.1911999999992986	UpDownStatesTimeIntervals		UP	
13350.1944	0.18879999999990105	UpDownStatesTimeIntervals		UP	
13351.272	0.15759999999863794	UpDownStatesTimeIntervals		UP	
13352.0896	0.13920000000143773	UpDownStatesTimeIntervals		UP	
13352.2544	0.05680000000029395	UpDownStatesTimeIntervals		DOWN	
13358.8224	0.18240000000150758	UpDownStatesTimeIntervals		UP	
13359.4424	0.14320000000043365	UpDownStatesTimeIntervals		UP	
13362.7416	0.22080000000096334	UpDownStatesTimeIntervals		UP	
13363.6312	0.15120000000024447	UpDownStatesTimeIntervals		UP	
13364.3112	0.04800000000068394	UpDownStatesTimeIntervals		DOWN	
13364.3592	0.24719999999979336	UpDownStatesTimeIntervals		UP	
13365.3704	0.2960000000002765	UpDownStatesTimeIntervals		UP	
13368.8912	0.16239999999925203	UpDownStatesTimeIntervals		UP	
13370.9648	0.1815999999998894	UpDownStatesTimeIntervals		UP	
13372.1936	0.2816000000002532	UpDownStatesTimeIntervals		UP	
13373.276	0.18399999999928696	UpDownStatesTimeIntervals		UP	
13373.5352	0.19839999999931024	UpDownStatesTimeIntervals		DOWN	
13374.392	0.32079999999950815	UpDownStatesTimeIntervals		UP	
13375.0088	0.2584000000006199	UpDownStatesTimeIntervals		UP	
13380.472	0.24320000000079744	UpDownStatesTimeIntervals		UP	
13382.9048	0.05999999999949068	UpDownStatesTimeIntervals		DOWN	
13382.9648	0.1455999999998312	UpDownStatesTimeIntervals		UP	
13383.8712	0.15359999999964202	UpDownStatesTimeIntervals		UP	
13385.704	0.2448000000003958	UpDownStatesTimeIntervals		UP	
13386.1336	0.1040000000011787	UpDownStatesTimeIntervals		DOWN	
13386.5664	0.10239999999976135	UpDownStatesTimeIntervals		UP	
13387.6536	0.11039999999957217	UpDownStatesTimeIntervals		UP	
13388.352	0.18479999999908614	UpDownStatesTimeIntervals		UP	
13389.3912	0.20559999999932188	UpDownStatesTimeIntervals		UP	
13390.0656	0.1319999999996071	UpDownStatesTimeIntervals		UP	
13390.664	0.3135999999994965	UpDownStatesTimeIntervals		UP	
13392.5472	0.24879999999939173	UpDownStatesTimeIntervals		UP	
13393.6232	0.1407999999992171	UpDownStatesTimeIntervals		UP	
13395.8448	0.13919999999961874	UpDownStatesTimeIntervals		UP	
13396.48	0.1136000000005879	UpDownStatesTimeIntervals		UP	
13397.0936	0.1368000000002212	UpDownStatesTimeIntervals		UP	
13398.8584	0.23280000000158907	UpDownStatesTimeIntervals		UP	
13399.6376	0.1856000000007043	UpDownStatesTimeIntervals		UP	
13400.1736	0.21279999999933352	UpDownStatesTimeIntervals		UP	
13400.7624	0.12319999999999709	UpDownStatesTimeIntervals		DOWN	
13400.8856	0.15760000000045693	UpDownStatesTimeIntervals		UP	
13401.6488	0.12159999999857973	UpDownStatesTimeIntervals		UP	
13402.8328	0.3320000000003347	UpDownStatesTimeIntervals		UP	
13403.2264	0.2903999999998632	UpDownStatesTimeIntervals		DOWN	
13404.0544	0.09039999999913562	UpDownStatesTimeIntervals		DOWN	
13404.1448	0.32079999999950815	UpDownStatesTimeIntervals		UP	
13405.2096	0.15999999999985448	UpDownStatesTimeIntervals		UP	
13406.0208	0.363999999999578	UpDownStatesTimeIntervals		DOWN	
13408.9328	0.13279999999940628	UpDownStatesTimeIntervals		UP	
13409.6048	0.16480000000046857	UpDownStatesTimeIntervals		UP	
13411.924	0.15839999999843712	UpDownStatesTimeIntervals		UP	
13413.3048	0.15359999999964202	UpDownStatesTimeIntervals		UP	
13413.784	0.08799999999973807	UpDownStatesTimeIntervals		DOWN	
13414.376	0.16480000000046857	UpDownStatesTimeIntervals		UP	
13414.8904	0.21600000000034925	UpDownStatesTimeIntervals		UP	
13415.9136	0.2415999999993801	UpDownStatesTimeIntervals		UP	
13416.5952	0.13839999999981956	UpDownStatesTimeIntervals		UP	
13417.4584	0.13360000000102445	UpDownStatesTimeIntervals		UP	
13417.6808	0.0864000000001397	UpDownStatesTimeIntervals		DOWN	
13418.2672	0.2232000000003609	UpDownStatesTimeIntervals		UP	
13419.3224	0.1264000000010128	UpDownStatesTimeIntervals		UP	
13420.0552	0.15279999999984284	UpDownStatesTimeIntervals		UP	
13421.3488	0.12479999999959546	UpDownStatesTimeIntervals		UP	
13424.2112	0.14400000000023283	UpDownStatesTimeIntervals		UP	
13424.8752	0.2312000000001717	UpDownStatesTimeIntervals		UP	
13425.3856	0.21039999999993597	UpDownStatesTimeIntervals		UP	
13425.9144	0.1224000000001979	UpDownStatesTimeIntervals		DOWN	
13426.0368	0.1136000000005879	UpDownStatesTimeIntervals		UP	
13426.9064	0.17599999999947613	UpDownStatesTimeIntervals		UP	
13427.6392	0.15760000000045693	UpDownStatesTimeIntervals		UP	
13432.636	0.06959999999889988	UpDownStatesTimeIntervals		DOWN	
13432.7056	0.16640000000006694	UpDownStatesTimeIntervals		UP	
13433.3512	0.23919999999998254	UpDownStatesTimeIntervals		UP	
13438.4048	0.2639999999992142	UpDownStatesTimeIntervals		UP	
13439.5984	0.19359999999869615	UpDownStatesTimeIntervals		UP	
13440.18	0.3191999999999098	UpDownStatesTimeIntervals		UP	
13440.9112	0.26640000000043074	UpDownStatesTimeIntervals		UP	
13441.7888	0.22479999999995925	UpDownStatesTimeIntervals		UP	
13443.4928	0.13040000000000873	UpDownStatesTimeIntervals		UP	
13445.0	59.0	SleepStates			WAKEstate
13505.0	117.0	SleepStates			NREMstate
13507.0648	0.3176000000003114	UpDownStatesTimeIntervals		UP	
13510.7224	0.236799999998766	UpDownStatesTimeIntervals		UP	
13512.4384	0.16960000000108266	UpDownStatesTimeIntervals		UP	
13513.368	0.10639999999875727	UpDownStatesTimeIntervals		UP	
13513.9936	0.13760000000002037	UpDownStatesTimeIntervals		UP	
13514.6712	0.118399999999383	UpDownStatesTimeIntervals		UP	
13514.9232	0.1776000000008935	UpDownStatesTimeIntervals		DOWN	
13515.4224	0.27920000000085565	UpDownStatesTimeIntervals		UP	
13516.568	0.2175999999999476	UpDownStatesTimeIntervals		UP	
13517.8664	0.2743999999984226	UpDownStatesTimeIntervals		UP	
13518.3288	0.21120000000155414	UpDownStatesTimeIntervals		DOWN	
13518.7208	0.3848000000016327	UpDownStatesTimeIntervals		UP	
13519.5744	0.16240000000107102	UpDownStatesTimeIntervals		UP	
13519.9792	0.051199999999880674	UpDownStatesTimeIntervals		DOWN	
13520.5504	0.14320000000043365	UpDownStatesTimeIntervals		UP	
13521.0816	0.15200000000004366	UpDownStatesTimeIntervals		UP	
13521.6856	0.15359999999964202	UpDownStatesTimeIntervals		DOWN	
13521.8392	0.17599999999947613	UpDownStatesTimeIntervals		UP	
13522.3808	0.17839999999887368	UpDownStatesTimeIntervals		UP	
13523.6304	0.13440000000082364	UpDownStatesTimeIntervals		UP	
13524.6112	0.15279999999984284	UpDownStatesTimeIntervals		UP	
13525.592	0.13279999999940628	UpDownStatesTimeIntervals		UP	
13526.276	0.14480000000003201	UpDownStatesTimeIntervals		UP	
13526.7528	0.20319999999992433	UpDownStatesTimeIntervals		UP	
13530.3272	0.26239999999961583	UpDownStatesTimeIntervals		UP	
13531.6088	0.22559999999975844	UpDownStatesTimeIntervals		UP	
13533.112	0.2672000000002299	UpDownStatesTimeIntervals		UP	
13533.6112	0.15279999999984284	UpDownStatesTimeIntervals		UP	
13535.0816	0.11759999999958382	UpDownStatesTimeIntervals		UP	
13535.6	0.12960000000020955	UpDownStatesTimeIntervals		UP	
13536.1552	0.2736000000004424	UpDownStatesTimeIntervals		UP	
13537.4568	0.13440000000082364	UpDownStatesTimeIntervals		UP	
13539.5136	0.1584000000002561	UpDownStatesTimeIntervals		UP	
13540.2552	0.15680000000065775	UpDownStatesTimeIntervals		UP	
13541.0712	0.18000000000029104	UpDownStatesTimeIntervals		UP	
13542.724	0.2600000000002183	UpDownStatesTimeIntervals		UP	
13543.2384	0.21600000000034925	UpDownStatesTimeIntervals		UP	
13544.0992	0.21199999999953434	UpDownStatesTimeIntervals		UP	
13544.7152	0.21519999999873107	UpDownStatesTimeIntervals		UP	
13546.8808	0.3103999999984808	UpDownStatesTimeIntervals		UP	
13547.576	0.16240000000107102	UpDownStatesTimeIntervals		UP	
13548.14	0.20640000000094005	UpDownStatesTimeIntervals		UP	
13549.1808	0.12639999999919382	UpDownStatesTimeIntervals		UP	
13549.688	0.1455999999998312	UpDownStatesTimeIntervals		UP	
13550.068	0.2040000000015425	UpDownStatesTimeIntervals		UP	
13551.9336	0.2583999999988009	UpDownStatesTimeIntervals		UP	
13554.3424	0.2128000000011525	UpDownStatesTimeIntervals		UP	
13555.444	0.12960000000020955	UpDownStatesTimeIntervals		UP	
13556.1792	0.17199999999866122	UpDownStatesTimeIntervals		DOWN	
13556.3512	0.24400000000059663	UpDownStatesTimeIntervals		UP	
13557.1072	0.12960000000020955	UpDownStatesTimeIntervals		UP	
13562.06	0.3096000000005006	UpDownStatesTimeIntervals		DOWN	
13562.856	0.15120000000024447	UpDownStatesTimeIntervals		UP	
13568.3944	0.13280000000122527	UpDownStatesTimeIntervals		UP	
13568.96	0.23520000000098662	UpDownStatesTimeIntervals		UP	
13569.7632	0.24880000000121072	UpDownStatesTimeIntervals		UP	
13570.252	0.14719999999942956	UpDownStatesTimeIntervals		UP	
13570.716	0.28960000000006403	UpDownStatesTimeIntervals		DOWN	
13571.4496	0.2224000000005617	UpDownStatesTimeIntervals		UP	
13572.0032	0.2232000000003609	UpDownStatesTimeIntervals		UP	
13572.7088	0.21999999999934516	UpDownStatesTimeIntervals		UP	
13573.2064	0.24240000000099826	UpDownStatesTimeIntervals		UP	
13574.5632	0.1319999999996071	UpDownStatesTimeIntervals		UP	
13575.5032	0.22560000000157743	UpDownStatesTimeIntervals		UP	
13578.8168	0.3599999999987631	UpDownStatesTimeIntervals		UP	
13579.6752	0.2272000000011758	UpDownStatesTimeIntervals		UP	
13580.2928	0.16719999999986612	UpDownStatesTimeIntervals		UP	
13580.7848	0.1992000000009284	UpDownStatesTimeIntervals		DOWN	
13580.984	0.5	UpDownStatesTimeIntervals		UP	
13583.1144	0.26239999999961583	UpDownStatesTimeIntervals		DOWN	
13583.3768	0.33359999999993306	UpDownStatesTimeIntervals		UP	
13584.6712	0.2407999999995809	UpDownStatesTimeIntervals		UP	
13585.076	0.2776000000012573	UpDownStatesTimeIntervals		DOWN	
13586.7608	0.407999999999447	UpDownStatesTimeIntervals		UP	
13587.8216	0.2224000000005617	UpDownStatesTimeIntervals		UP	
13588.3968	0.16560000000026776	UpDownStatesTimeIntervals		UP	
13589.144	0.2855999999992491	UpDownStatesTimeIntervals		UP	
13589.7008	0.15599999999903957	UpDownStatesTimeIntervals		DOWN	
13590.0024	0.1640000000006694	UpDownStatesTimeIntervals		UP	
13591.3632	0.2319999999999709	UpDownStatesTimeIntervals		UP	
13591.624	0.3143999999992957	UpDownStatesTimeIntervals		DOWN	
13592.3168	0.18879999999990105	UpDownStatesTimeIntervals		UP	
13594.0336	0.42000000000007276	UpDownStatesTimeIntervals		UP	
13594.796	0.10159999999996217	UpDownStatesTimeIntervals		UP	
13595.4936	0.12559999999939464	UpDownStatesTimeIntervals		UP	
13595.916	0.33920000000034634	UpDownStatesTimeIntervals		UP	
13596.6088	0.14240000000063446	UpDownStatesTimeIntervals		UP	
13597.284	0.1952000000001135	UpDownStatesTimeIntervals		UP	
13598.0856	0.18080000000009022	UpDownStatesTimeIntervals		DOWN	
13598.2664	0.21680000000014843	UpDownStatesTimeIntervals		UP	
13598.796	0.118399999999383	UpDownStatesTimeIntervals		UP	
13599.2656	0.21519999999873107	UpDownStatesTimeIntervals		UP	
13600.3592	0.1503999999986263	UpDownStatesTimeIntervals		UP	
13601.7944	0.1687999999994645	UpDownStatesTimeIntervals		UP	
13602.6296	0.127199999998993	UpDownStatesTimeIntervals		UP	
13603.088	0.15680000000065775	UpDownStatesTimeIntervals		UP	
13603.872	0.153600000001461	UpDownStatesTimeIntervals		UP	
13604.812	0.13919999999961874	UpDownStatesTimeIntervals		UP	
13605.8016	0.13599999999860302	UpDownStatesTimeIntervals		UP	
13608.728	0.1592000000000553	UpDownStatesTimeIntervals		UP	
13611.164	0.2551999999996042	UpDownStatesTimeIntervals		UP	
13611.4912	0.3511999999991531	UpDownStatesTimeIntervals		DOWN	
13614.6384	0.26480000000083237	UpDownStatesTimeIntervals		UP	
13616.4632	0.2135999999991327	UpDownStatesTimeIntervals		UP	
13618.6856	0.13919999999961874	UpDownStatesTimeIntervals		UP	
13619.1968	0.2128000000011525	UpDownStatesTimeIntervals		DOWN	
13621.2864	0.11759999999958382	UpDownStatesTimeIntervals		UP	
13623.0	17.0	SleepStates			WAKEstate
13641.0	299.0	SleepStates			NREMstate
13645.848	0.1640000000006694	UpDownStatesTimeIntervals		UP	
13646.7	0.13519999999880383	UpDownStatesTimeIntervals		UP	
13647.208	0.4455999999991036	UpDownStatesTimeIntervals		DOWN	
13647.6536	0.16240000000107102	UpDownStatesTimeIntervals		UP	
13648.4392	0.12639999999919382	UpDownStatesTimeIntervals		UP	
13648.7432	0.2815999999984342	UpDownStatesTimeIntervals		DOWN	
13651.5272	0.046399999999266583	UpDownStatesTimeIntervals		DOWN	
13652.0776	0.13439999999900465	UpDownStatesTimeIntervals		UP	
13653.508	0.17439999999987776	UpDownStatesTimeIntervals		UP	
13654.3992	0.1728000000002794	UpDownStatesTimeIntervals		UP	
13656.312	0.21119999999973516	UpDownStatesTimeIntervals		UP	
13656.9104	0.15759999999863794	UpDownStatesTimeIntervals		UP	
13657.6096	0.15680000000065775	UpDownStatesTimeIntervals		UP	
13658.6848	0.33039999999891734	UpDownStatesTimeIntervals		UP	
13659.5344	0.28960000000006403	UpDownStatesTimeIntervals		UP	
13660.2024	0.2319999999999709	UpDownStatesTimeIntervals		UP	
13660.8936	0.1640000000006694	UpDownStatesTimeIntervals		UP	
13662.2288	0.21919999999954598	UpDownStatesTimeIntervals		UP	
13662.832	0.4679999999989377	UpDownStatesTimeIntervals		DOWN	
13666.1	0.18399999999928696	UpDownStatesTimeIntervals		UP	
13666.5792	0.21440000000075088	UpDownStatesTimeIntervals		UP	
13667.7568	0.3544000000001688	UpDownStatesTimeIntervals		UP	
13668.7592	0.13760000000002037	UpDownStatesTimeIntervals		DOWN	
13668.8968	0.1911999999992986	UpDownStatesTimeIntervals		UP	
13669.2816	0.23840000000018335	UpDownStatesTimeIntervals		DOWN	
13669.52	0.18559999999888532	UpDownStatesTimeIntervals		UP	
13673.1856	0.14399999999841384	UpDownStatesTimeIntervals		UP	
13673.7432	0.227999999999156	UpDownStatesTimeIntervals		UP	
13675.2616	0.14160000000083528	UpDownStatesTimeIntervals		UP	
13675.9728	0.15999999999985448	UpDownStatesTimeIntervals		UP	
13676.1776	0.062399999998888234	UpDownStatesTimeIntervals		DOWN	
13676.48	0.14400000000023283	UpDownStatesTimeIntervals		UP	
13676.9512	0.1815999999998894	UpDownStatesTimeIntervals		UP	
13677.7888	0.1415999999990163	UpDownStatesTimeIntervals		UP	
13684.7992	0.35599999999976717	UpDownStatesTimeIntervals		UP	
13686.74	0.14320000000043365	UpDownStatesTimeIntervals		UP	
13687.6096	0.18720000000030268	UpDownStatesTimeIntervals		UP	
13688.3392	0.399199999999837	UpDownStatesTimeIntervals		UP	
13689.128	0.11359999999876891	UpDownStatesTimeIntervals		UP	
13689.844	0.26080000000001746	UpDownStatesTimeIntervals		UP	
13690.824	0.1728000000002794	UpDownStatesTimeIntervals		UP	
13691.7136	0.19280000000071595	UpDownStatesTimeIntervals		UP	
13691.9512	0.13119999999980791	UpDownStatesTimeIntervals		DOWN	
13692.5576	0.24799999999959255	UpDownStatesTimeIntervals		UP	
13694.8096	0.15599999999903957	UpDownStatesTimeIntervals		DOWN	
13695.2368	0.14799999999922875	UpDownStatesTimeIntervals		UP	
13695.952	0.13839999999981956	UpDownStatesTimeIntervals		UP	
13696.7848	0.14240000000063446	UpDownStatesTimeIntervals		UP	
13697.6784	0.14319999999861466	UpDownStatesTimeIntervals		UP	
13704.0952	0.13360000000102445	UpDownStatesTimeIntervals		UP	
13704.7168	0.1407999999992171	UpDownStatesTimeIntervals		UP	
13706.0216	0.20720000000073924	UpDownStatesTimeIntervals		UP	
13706.9224	0.3680000000003929	UpDownStatesTimeIntervals		UP	
13711.7904	0.13839999999981956	UpDownStatesTimeIntervals		UP	
13713.0008	0.3271999999997206	UpDownStatesTimeIntervals		UP	
13713.852	0.1727999999984604	UpDownStatesTimeIntervals		UP	
13714.8624	0.2319999999999709	UpDownStatesTimeIntervals		UP	
13715.2864	0.27599999999983993	UpDownStatesTimeIntervals		UP	
13716.4648	0.19440000000031432	UpDownStatesTimeIntervals		UP	
13717.0824	0.09840000000076543	UpDownStatesTimeIntervals		DOWN	
13717.1808	0.2592000000004191	UpDownStatesTimeIntervals		UP	
13717.8792	0.1264000000010128	UpDownStatesTimeIntervals		UP	
13721.4232	0.15120000000024447	UpDownStatesTimeIntervals		UP	
13723.38	0.16240000000107102	UpDownStatesTimeIntervals		UP	
13724.1128	0.16479999999864958	UpDownStatesTimeIntervals		UP	
13724.9688	0.16560000000026776	UpDownStatesTimeIntervals		UP	
13726.2368	0.14799999999922875	UpDownStatesTimeIntervals		UP	
13726.7928	0.2048000000013417	UpDownStatesTimeIntervals		UP	
13727.3952	0.1367999999984022	UpDownStatesTimeIntervals		UP	
13729.5424	0.14240000000063446	UpDownStatesTimeIntervals		UP	
13730.1344	0.29359999999905995	UpDownStatesTimeIntervals		UP	
13731.1984	0.1856000000007043	UpDownStatesTimeIntervals		UP	
13732.5008	0.35120000000097207	UpDownStatesTimeIntervals		UP	
13734.168	0.28880000000026484	UpDownStatesTimeIntervals		UP	
13735.7432	0.34719999999833817	UpDownStatesTimeIntervals		UP	
13739.3952	0.16719999999986612	UpDownStatesTimeIntervals		UP	
13745.7256	0.1640000000006694	UpDownStatesTimeIntervals		DOWN	
13746.2688	0.2448000000003958	UpDownStatesTimeIntervals		UP	
13747.4944	0.2992000000012922	UpDownStatesTimeIntervals		UP	
13748.3376	0.1687999999994645	UpDownStatesTimeIntervals		UP	
13749.0824	0.18240000000150758	UpDownStatesTimeIntervals		DOWN	
13749.2648	0.12559999999939464	UpDownStatesTimeIntervals		UP	
13749.8352	0.26560000000063155	UpDownStatesTimeIntervals		UP	
13753.8088	0.20639999999912106	UpDownStatesTimeIntervals		UP	
13754.8304	0.15359999999964202	UpDownStatesTimeIntervals		UP	
13755.4712	0.1319999999996071	UpDownStatesTimeIntervals		UP	
13755.8584	0.22960000000057335	UpDownStatesTimeIntervals		DOWN	
13756.7032	0.1407999999992171	UpDownStatesTimeIntervals		UP	
13761.9968	0.24239999999917927	UpDownStatesTimeIntervals		UP	
13762.5152	0.24320000000079744	UpDownStatesTimeIntervals		UP	
13763.0696	0.3687999999983731	UpDownStatesTimeIntervals		DOWN	
13764.44	0.236799999998766	UpDownStatesTimeIntervals		UP	
13765.6712	0.2007999999987078	UpDownStatesTimeIntervals		DOWN	
13766.0032	0.15280000000166183	UpDownStatesTimeIntervals		UP	
13766.6648	0.22239999999874271	UpDownStatesTimeIntervals		UP	
13767.3	0.13040000000000873	UpDownStatesTimeIntervals		UP	
13768.7464	0.12960000000020955	UpDownStatesTimeIntervals		UP	
13769.8992	0.1687999999994645	UpDownStatesTimeIntervals		UP	
13771.2592	0.1368000000002212	UpDownStatesTimeIntervals		UP	
13774.1544	0.1952000000001135	UpDownStatesTimeIntervals		UP	
13775.4312	0.15279999999984284	UpDownStatesTimeIntervals		UP	
13777.7128	0.12800000000061118	UpDownStatesTimeIntervals		UP	
13780.3008	0.16079999999965366	UpDownStatesTimeIntervals		UP	
13784.8544	0.20080000000052678	UpDownStatesTimeIntervals		UP	
13786.112	0.13520000000062282	UpDownStatesTimeIntervals		UP	
13787.3784	0.1319999999996071	UpDownStatesTimeIntervals		UP	
13787.544	0.19280000000071595	UpDownStatesTimeIntervals		DOWN	
13787.8864	0.19840000000112923	UpDownStatesTimeIntervals		UP	
13790.9424	0.16959999999926367	UpDownStatesTimeIntervals		UP	
13791.9688	0.14799999999922875	UpDownStatesTimeIntervals		UP	
13792.9888	0.16560000000026776	UpDownStatesTimeIntervals		UP	
13793.428	0.40719999999964784	UpDownStatesTimeIntervals		DOWN	
13793.8352	0.24320000000079744	UpDownStatesTimeIntervals		UP	
13795.5832	0.3000000000010914	UpDownStatesTimeIntervals		DOWN	
13796.1728	0.37999999999919964	UpDownStatesTimeIntervals		UP	
13797.7184	0.21520000000055006	UpDownStatesTimeIntervals		DOWN	
13797.9336	0.1639999999988504	UpDownStatesTimeIntervals		UP	
13800.464	0.13520000000062282	UpDownStatesTimeIntervals		UP	
13800.9592	0.1496000000006461	UpDownStatesTimeIntervals		UP	
13802.9968	0.26159999999981665	UpDownStatesTimeIntervals		UP	
13803.9968	0.22479999999995925	UpDownStatesTimeIntervals		UP	
13804.992	0.1455999999998312	UpDownStatesTimeIntervals		UP	
13805.5136	0.1775999999990745	UpDownStatesTimeIntervals		UP	
13805.7552	0.17040000000088185	UpDownStatesTimeIntervals		DOWN	
13806.3984	0.21119999999973516	UpDownStatesTimeIntervals		UP	
13808.8624	0.22479999999995925	UpDownStatesTimeIntervals		UP	
13809.7032	0.26480000000083237	UpDownStatesTimeIntervals		UP	
13816.864	0.2776000000012573	UpDownStatesTimeIntervals		UP	
13817.8032	0.06079999999928987	UpDownStatesTimeIntervals		DOWN	
13818.7616	0.18080000000009022	UpDownStatesTimeIntervals		DOWN	
13818.9424	0.1952000000001135	UpDownStatesTimeIntervals		UP	
13819.6512	0.17039999999906286	UpDownStatesTimeIntervals		UP	
13820.1904	0.236800000000585	UpDownStatesTimeIntervals		UP	
13820.6056	0.2319999999999709	UpDownStatesTimeIntervals		DOWN	
13820.8376	0.23119999999835272	UpDownStatesTimeIntervals		UP	
13821.5664	0.12000000000080036	UpDownStatesTimeIntervals		UP	
13822.232	0.14719999999942956	UpDownStatesTimeIntervals		UP	
13822.8224	0.18000000000029104	UpDownStatesTimeIntervals		UP	
13823.2424	0.16960000000108266	UpDownStatesTimeIntervals		DOWN	
13823.412	0.18559999999888532	UpDownStatesTimeIntervals		UP	
13824.0912	0.1455999999998312	UpDownStatesTimeIntervals		UP	
13826.9104	0.24239999999917927	UpDownStatesTimeIntervals		UP	
13827.6464	0.18319999999948777	UpDownStatesTimeIntervals		UP	
13827.9424	0.27119999999922584	UpDownStatesTimeIntervals		DOWN	
13828.5424	0.28960000000006403	UpDownStatesTimeIntervals		DOWN	
13830.6088	0.15760000000045693	UpDownStatesTimeIntervals		UP	
13833.5384	0.14160000000083528	UpDownStatesTimeIntervals		UP	
13834.3328	0.11919999999918218	UpDownStatesTimeIntervals		UP	
13835.3512	0.21520000000055006	UpDownStatesTimeIntervals		UP	
13836.2464	0.280800000000454	UpDownStatesTimeIntervals		DOWN	
13836.5272	0.20639999999912106	UpDownStatesTimeIntervals		UP	
13837.4272	0.26959999999962747	UpDownStatesTimeIntervals		UP	
13837.9368	0.2903999999998632	UpDownStatesTimeIntervals		DOWN	
13838.2272	0.1815999999998894	UpDownStatesTimeIntervals		UP	
13839.0008	0.13440000000082364	UpDownStatesTimeIntervals		UP	
13840.3984	0.053599999999278225	UpDownStatesTimeIntervals		UP	
13840.8552	0.14880000000084692	UpDownStatesTimeIntervals		UP	
13842.2752	0.280800000000454	UpDownStatesTimeIntervals		UP	
13843.1264	0.22160000000076252	UpDownStatesTimeIntervals		UP	
13843.6544	0.12160000000039872	UpDownStatesTimeIntervals		UP	
13847.8888	0.23919999999998254	UpDownStatesTimeIntervals		UP	
13848.5928	0.1911999999992986	UpDownStatesTimeIntervals		UP	
13849.5152	0.16560000000026776	UpDownStatesTimeIntervals		UP	
13850.2048	0.1319999999996071	UpDownStatesTimeIntervals		UP	
13850.9216	0.10159999999996217	UpDownStatesTimeIntervals		UP	
13851.5576	0.1584000000002561	UpDownStatesTimeIntervals		UP	
13852.2136	0.18000000000029104	UpDownStatesTimeIntervals		UP	
13852.7416	0.16160000000127184	UpDownStatesTimeIntervals		UP	
13853.2904	0.11520000000018626	UpDownStatesTimeIntervals		UP	
13853.808	0.14639999999963038	UpDownStatesTimeIntervals		UP	
13854.2256	0.21039999999993597	UpDownStatesTimeIntervals		UP	
13864.2368	0.1543999999994412	UpDownStatesTimeIntervals		UP	
13865.036	0.13839999999981956	UpDownStatesTimeIntervals		UP	
13865.6088	0.2039999999997235	UpDownStatesTimeIntervals		UP	
13866.6728	0.2672000000002299	UpDownStatesTimeIntervals		UP	
13868.2296	0.2960000000002765	UpDownStatesTimeIntervals		UP	
13870.1048	0.2600000000002183	UpDownStatesTimeIntervals		DOWN	
13870.5352	0.2783999999992375	UpDownStatesTimeIntervals		UP	
13872.9864	0.2864000000008673	UpDownStatesTimeIntervals		UP	
13878.108	0.15120000000024447	UpDownStatesTimeIntervals		UP	
13878.688	0.2175999999999476	UpDownStatesTimeIntervals		UP	
13879.4496	0.13919999999961874	UpDownStatesTimeIntervals		UP	
13880.8552	0.14240000000063446	UpDownStatesTimeIntervals		UP	
13883.2424	0.3320000000003347	UpDownStatesTimeIntervals		UP	
13883.6944	0.23439999999936845	UpDownStatesTimeIntervals		DOWN	
13883.9288	0.1224000000001979	UpDownStatesTimeIntervals		UP	
13884.436	0.15760000000045693	UpDownStatesTimeIntervals		UP	
13885.9656	0.2128000000011525	UpDownStatesTimeIntervals		UP	
13889.9096	0.17119999999886204	UpDownStatesTimeIntervals		UP	
13890.4392	0.14879999999902793	UpDownStatesTimeIntervals		UP	
13890.7104	0.19360000000051514	UpDownStatesTimeIntervals		DOWN	
13890.904	0.2687999999998283	UpDownStatesTimeIntervals		UP	
13891.4016	0.3263999999999214	UpDownStatesTimeIntervals		DOWN	
13892.8528	0.1999999999989086	UpDownStatesTimeIntervals		UP	
13893.9072	0.13919999999961874	UpDownStatesTimeIntervals		UP	
13895.4944	0.2088000000003376	UpDownStatesTimeIntervals		UP	
13897.0712	0.14799999999922875	UpDownStatesTimeIntervals		UP	
13897.6344	0.14399999999841384	UpDownStatesTimeIntervals		UP	
13898.9008	0.19280000000071595	UpDownStatesTimeIntervals		UP	
13900.1096	0.2911999999996624	UpDownStatesTimeIntervals		UP	
13900.8536	0.3623999999999796	UpDownStatesTimeIntervals		DOWN	
13901.216	0.32959999999911815	UpDownStatesTimeIntervals		UP	
13905.0224	0.21919999999954598	UpDownStatesTimeIntervals		UP	
13906.404	0.14480000000003201	UpDownStatesTimeIntervals		UP	
13907.688	0.15120000000024447	UpDownStatesTimeIntervals		UP	
13908.4992	0.1407999999992171	UpDownStatesTimeIntervals		UP	
13909.0144	0.19679999999971187	UpDownStatesTimeIntervals		UP	
13909.2984	0.25760000000082073	UpDownStatesTimeIntervals		DOWN	
13909.556	0.38799999999901047	UpDownStatesTimeIntervals		UP	
13910.8624	0.15120000000024447	UpDownStatesTimeIntervals		UP	
13911.6264	0.22479999999995925	UpDownStatesTimeIntervals		UP	
13914.4808	0.13839999999981956	UpDownStatesTimeIntervals		UP	
13914.9576	0.2448000000003958	UpDownStatesTimeIntervals		DOWN	
13915.2024	0.21999999999934516	UpDownStatesTimeIntervals		UP	
13916.2176	0.2728000000006432	UpDownStatesTimeIntervals		UP	
13916.8176	0.12639999999919382	UpDownStatesTimeIntervals		UP	
13917.0032	0.12319999999999709	UpDownStatesTimeIntervals		DOWN	
13917.764	0.16880000000128348	UpDownStatesTimeIntervals		UP	
13918.384	0.20639999999912106	UpDownStatesTimeIntervals		DOWN	
13918.836	0.2687999999998283	UpDownStatesTimeIntervals		UP	
13919.5136	0.11440000000038708	UpDownStatesTimeIntervals		DOWN	
13919.628	0.3400000000001455	UpDownStatesTimeIntervals		UP	
13920.9984	0.14320000000043365	UpDownStatesTimeIntervals		UP	
13921.6896	0.1815999999998894	UpDownStatesTimeIntervals		UP	
13922.4536	0.21039999999993597	UpDownStatesTimeIntervals		UP	
13922.956	0.19039999999949941	UpDownStatesTimeIntervals		DOWN	
13923.1464	0.1640000000006694	UpDownStatesTimeIntervals		UP	
13923.708	0.4943999999995867	UpDownStatesTimeIntervals		UP	
13928.0168	0.15999999999985448	UpDownStatesTimeIntervals		UP	
13931.3416	0.12319999999999709	UpDownStatesTimeIntervals		UP	
13931.6744	0.2536000000000058	UpDownStatesTimeIntervals		DOWN	
13931.928	0.2639999999992142	UpDownStatesTimeIntervals		UP	
13934.2328	0.25760000000082073	UpDownStatesTimeIntervals		UP	
13935.0688	0.16080000000147265	UpDownStatesTimeIntervals		UP	
13935.5024	0.18400000000110595	UpDownStatesTimeIntervals		DOWN	
13935.6864	0.38479999999981374	UpDownStatesTimeIntervals		UP	
13936.6792	0.07999999999992724	UpDownStatesTimeIntervals		DOWN	
13936.7592	0.1407999999992171	UpDownStatesTimeIntervals		UP	
13937.908	0.23360000000138825	UpDownStatesTimeIntervals		DOWN	
13938.6408	0.33840000000054715	UpDownStatesTimeIntervals		UP	
13939.8064	0.14320000000043365	UpDownStatesTimeIntervals		UP	
13941.0	22.0	SleepStates			WAKEstate
13963.824	0.13760000000002037	UpDownStatesTimeIntervals		UP	
13964.0	264.0	SleepStates			NREMstate
13964.9744	0.16560000000026776	UpDownStatesTimeIntervals		UP	
13971.4656	0.1992000000009284	UpDownStatesTimeIntervals		UP	
13971.6992	0.0768000000007305	UpDownStatesTimeIntervals		DOWN	
13971.9912	0.13040000000000873	UpDownStatesTimeIntervals		UP	
13972.6312	0.1959999999999127	UpDownStatesTimeIntervals		UP	
13973.1824	0.19679999999971187	UpDownStatesTimeIntervals		UP	
13975.488	0.272000000000844	UpDownStatesTimeIntervals		UP	
13976.36	0.10719999999855645	UpDownStatesTimeIntervals		UP	
13976.8368	0.12880000000041036	UpDownStatesTimeIntervals		UP	
13978.272	0.1543999999994412	UpDownStatesTimeIntervals		UP	
13980.476	0.22879999999895517	UpDownStatesTimeIntervals		UP	
13981.4776	0.2175999999999476	UpDownStatesTimeIntervals		UP	
13985.0144	0.14799999999922875	UpDownStatesTimeIntervals		UP	
13985.5208	0.30639999999948486	UpDownStatesTimeIntervals		UP	
13985.9216	0.3584000000009837	UpDownStatesTimeIntervals		DOWN	
13986.28	0.25759999999900174	UpDownStatesTimeIntervals		UP	
13987.2424	0.4056000000000495	UpDownStatesTimeIntervals		UP	
13987.924	0.13119999999980791	UpDownStatesTimeIntervals		DOWN	
13988.4424	0.14320000000043365	UpDownStatesTimeIntervals		UP	
13990.5168	0.13839999999981956	UpDownStatesTimeIntervals		UP	
13991.2	0.28879999999844586	UpDownStatesTimeIntervals		DOWN	
13991.764	0.2360000000007858	UpDownStatesTimeIntervals		UP	
13993.7672	0.23599999999896681	UpDownStatesTimeIntervals		UP	
13994.8976	0.14719999999942956	UpDownStatesTimeIntervals		UP	
13997.1296	0.254399999999805	UpDownStatesTimeIntervals		UP	
14000.3648	0.10320000000137952	UpDownStatesTimeIntervals		DOWN	
14000.6296	0.2600000000002183	UpDownStatesTimeIntervals		UP	
14001.1256	0.14640000000144937	UpDownStatesTimeIntervals		UP	
14002.1048	0.22800000000097498	UpDownStatesTimeIntervals		UP	
14003.828	0.38000000000101863	UpDownStatesTimeIntervals		UP	
14004.2768	0.04399999999986903	UpDownStatesTimeIntervals		DOWN	
14004.6672	0.14400000000023283	UpDownStatesTimeIntervals		UP	
14005.5032	0.15760000000045693	UpDownStatesTimeIntervals		UP	
14009.2912	0.3047999999998865	UpDownStatesTimeIntervals		UP	
14012.6936	0.24479999999857682	UpDownStatesTimeIntervals		UP	
14013.5176	0.13040000000000873	UpDownStatesTimeIntervals		UP	
14014.204	0.13520000000062282	UpDownStatesTimeIntervals		UP	
14015.072	0.13520000000062282	UpDownStatesTimeIntervals		UP	
14019.6936	0.1543999999994412	UpDownStatesTimeIntervals		UP	
14021.348	0.1592000000000553	UpDownStatesTimeIntervals		UP	
14022.1872	0.03919999999925494	UpDownStatesTimeIntervals		DOWN	
14022.2264	0.31520000000091386	UpDownStatesTimeIntervals		UP	
14023.0592	0.14880000000084692	UpDownStatesTimeIntervals		UP	
14023.9528	0.136000000000422	UpDownStatesTimeIntervals		UP	
14024.676	0.24160000000119908	UpDownStatesTimeIntervals		UP	
14025.5464	0.21520000000055006	UpDownStatesTimeIntervals		UP	
14026.2168	0.3768000000000029	UpDownStatesTimeIntervals		UP	
14027.2664	0.2135999999991327	UpDownStatesTimeIntervals		UP	
14028.3824	0.16319999999905122	UpDownStatesTimeIntervals		UP	
14028.8856	0.19200000000091677	UpDownStatesTimeIntervals		DOWN	
14029.0776	0.1279999999987922	UpDownStatesTimeIntervals		UP	
14029.9904	0.18479999999908614	UpDownStatesTimeIntervals		UP	
14030.9992	0.27039999999942665	UpDownStatesTimeIntervals		UP	
14032.0872	0.20160000000032596	UpDownStatesTimeIntervals		UP	
14032.5864	0.17519999999967695	UpDownStatesTimeIntervals		DOWN	
14033.2368	0.1584000000002561	UpDownStatesTimeIntervals		UP	
14033.7256	0.22400000000016007	UpDownStatesTimeIntervals		UP	
14034.5312	0.07840000000032887	UpDownStatesTimeIntervals		DOWN	
14034.6096	0.15120000000024447	UpDownStatesTimeIntervals		UP	
14037.0896	0.13119999999980791	UpDownStatesTimeIntervals		UP	
14037.632	0.16880000000128348	UpDownStatesTimeIntervals		UP	
14039.2424	0.13360000000102445	UpDownStatesTimeIntervals		UP	
14039.768	0.22639999999955762	UpDownStatesTimeIntervals		UP	
14040.5432	0.15999999999985448	UpDownStatesTimeIntervals		UP	
14041.3008	0.16559999999844877	UpDownStatesTimeIntervals		UP	
14041.7352	0.23520000000098662	UpDownStatesTimeIntervals		UP	
14043.1176	0.15999999999985448	UpDownStatesTimeIntervals		UP	
14044.1448	0.15600000000085856	UpDownStatesTimeIntervals		UP	
14045.1376	0.06960000000071886	UpDownStatesTimeIntervals		DOWN	
14045.2072	0.27039999999942665	UpDownStatesTimeIntervals		UP	
14047.9112	0.2736000000004424	UpDownStatesTimeIntervals		UP	
14049.1096	0.17519999999967695	UpDownStatesTimeIntervals		UP	
14049.6048	0.15280000000166183	UpDownStatesTimeIntervals		UP	
14051.8576	0.15200000000004366	UpDownStatesTimeIntervals		UP	
14053.4736	0.2448000000003958	UpDownStatesTimeIntervals		UP	
14054.6168	0.15999999999985448	UpDownStatesTimeIntervals		UP	
14057.8776	0.2903999999998632	UpDownStatesTimeIntervals		UP	
14058.968	0.17599999999947613	UpDownStatesTimeIntervals		UP	
14059.6296	0.1640000000006694	UpDownStatesTimeIntervals		UP	
14061.2256	0.21039999999993597	UpDownStatesTimeIntervals		UP	
14061.544	0.24799999999959255	UpDownStatesTimeIntervals		DOWN	
14061.792	0.2687999999998283	UpDownStatesTimeIntervals		UP	
14062.344	0.1224000000001979	UpDownStatesTimeIntervals		UP	
14062.992	0.17120000000068103	UpDownStatesTimeIntervals		UP	
14063.3784	0.2640000000010332	UpDownStatesTimeIntervals		DOWN	
14063.6424	0.2407999999995809	UpDownStatesTimeIntervals		UP	
14066.3992	0.1632000000008702	UpDownStatesTimeIntervals		UP	
14067.4336	0.19440000000031432	UpDownStatesTimeIntervals		DOWN	
14067.628	0.1728000000002794	UpDownStatesTimeIntervals		UP	
14068.4192	0.16640000000006694	UpDownStatesTimeIntervals		DOWN	
14071.5296	0.30320000000028813	UpDownStatesTimeIntervals		UP	
14072.6752	0.2680000000000291	UpDownStatesTimeIntervals		UP	
14078.5808	0.28319999999985157	UpDownStatesTimeIntervals		UP	
14082.1632	0.20159999999850697	UpDownStatesTimeIntervals		UP	
14083.124	0.08320000000094296	UpDownStatesTimeIntervals		DOWN	
14083.2072	0.2783999999992375	UpDownStatesTimeIntervals		UP	
14084.1768	0.14240000000063446	UpDownStatesTimeIntervals		UP	
14085.0216	0.17519999999967695	UpDownStatesTimeIntervals		UP	
14087.888	0.22639999999955762	UpDownStatesTimeIntervals		UP	
14088.6664	0.1592000000000553	UpDownStatesTimeIntervals		DOWN	
14088.9664	0.24719999999979336	UpDownStatesTimeIntervals		UP	
14091.7384	0.3415999999997439	UpDownStatesTimeIntervals		UP	
14092.4856	0.1000000000003638	UpDownStatesTimeIntervals		UP	
14092.9776	0.2952000000004773	UpDownStatesTimeIntervals		UP	
14093.4912	0.30159999999887077	UpDownStatesTimeIntervals		DOWN	
14093.7928	0.25760000000082073	UpDownStatesTimeIntervals		UP	
14094.656	0.23599999999896681	UpDownStatesTimeIntervals		UP	
14095.2784	0.2584000000006199	UpDownStatesTimeIntervals		DOWN	
14096.0632	0.13519999999880383	UpDownStatesTimeIntervals		UP	
14098.3784	0.31120000000009895	UpDownStatesTimeIntervals		UP	
14099.5632	0.2687999999998283	UpDownStatesTimeIntervals		UP	
14102.0584	0.16480000000046857	UpDownStatesTimeIntervals		UP	
14102.6376	0.15760000000045693	UpDownStatesTimeIntervals		UP	
14103.6616	0.27920000000085565	UpDownStatesTimeIntervals		DOWN	
14103.9408	0.3863999999994121	UpDownStatesTimeIntervals		UP	
14105.492	0.2175999999999476	UpDownStatesTimeIntervals		UP	
14106.5816	0.2183999999997468	UpDownStatesTimeIntervals		UP	
14108.0496	0.1679999999996653	UpDownStatesTimeIntervals		UP	
14108.3	0.15999999999985448	UpDownStatesTimeIntervals		DOWN	
14108.568	0.1720000000004802	UpDownStatesTimeIntervals		UP	
14109.4848	0.1368000000002212	UpDownStatesTimeIntervals		UP	
14109.9464	0.1952000000001135	UpDownStatesTimeIntervals		UP	
14110.2592	0.08399999999892316	UpDownStatesTimeIntervals		DOWN	
14119.1608	0.13839999999981956	UpDownStatesTimeIntervals		UP	
14119.8408	0.12080000000059954	UpDownStatesTimeIntervals		DOWN	
14119.9616	0.14879999999902793	UpDownStatesTimeIntervals		UP	
14122.2576	0.4495999999999185	UpDownStatesTimeIntervals		UP	
14124.0992	0.15999999999985448	UpDownStatesTimeIntervals		UP	
14125.136	0.3040000000000873	UpDownStatesTimeIntervals		UP	
14126.5248	0.14240000000063446	UpDownStatesTimeIntervals		UP	
14127.3728	0.14800000000104774	UpDownStatesTimeIntervals		UP	
14128.688	0.14879999999902793	UpDownStatesTimeIntervals		UP	
14129.3224	0.17120000000068103	UpDownStatesTimeIntervals		UP	
14129.8128	0.1679999999996653	UpDownStatesTimeIntervals		DOWN	
14130.1488	0.1319999999996071	UpDownStatesTimeIntervals		UP	
14130.488	0.2536000000000058	UpDownStatesTimeIntervals		UP	
14131.116	0.3080000000009022	UpDownStatesTimeIntervals		UP	
14131.6664	0.10239999999976135	UpDownStatesTimeIntervals		DOWN	
14131.7688	0.10800000000017462	UpDownStatesTimeIntervals		UP	
14132.2344	0.1544000000012602	UpDownStatesTimeIntervals		UP	
14133.6424	0.18080000000009022	UpDownStatesTimeIntervals		UP	
14135.2616	0.15520000000105938	UpDownStatesTimeIntervals		UP	
14136.5384	0.20800000000053842	UpDownStatesTimeIntervals		UP	
14136.8552	0.12080000000059954	UpDownStatesTimeIntervals		DOWN	
14137.148	0.136000000000422	UpDownStatesTimeIntervals		UP	
14137.5376	0.20640000000094005	UpDownStatesTimeIntervals		DOWN	
14137.744	0.2639999999992142	UpDownStatesTimeIntervals		UP	
14143.0424	0.2047999999995227	UpDownStatesTimeIntervals		UP	
14144.2896	0.14160000000083528	UpDownStatesTimeIntervals		UP	
14146.5704	0.06639999999970314	UpDownStatesTimeIntervals		DOWN	
14146.6368	0.15999999999985448	UpDownStatesTimeIntervals		UP	
14147.1536	0.1224000000001979	UpDownStatesTimeIntervals		DOWN	
14147.276	0.21279999999933352	UpDownStatesTimeIntervals		UP	
14147.9264	0.337599999998929	UpDownStatesTimeIntervals		UP	
14149.7264	0.136000000000422	UpDownStatesTimeIntervals		UP	
14150.5472	0.18799999999828287	UpDownStatesTimeIntervals		UP	
14151.4688	0.11759999999958382	UpDownStatesTimeIntervals		UP	
14152.8888	0.22479999999995925	UpDownStatesTimeIntervals		UP	
14154.9672	0.153600000001461	UpDownStatesTimeIntervals		UP	
14158.1656	0.32560000000012224	UpDownStatesTimeIntervals		UP	
14162.1096	0.24799999999959255	UpDownStatesTimeIntervals		UP	
14164.7312	0.14799999999922875	UpDownStatesTimeIntervals		UP	
14166.7272	0.19440000000031432	UpDownStatesTimeIntervals		UP	
14166.9896	0.45679999999993015	UpDownStatesTimeIntervals		DOWN	
14167.4464	0.24639999999999418	UpDownStatesTimeIntervals		UP	
14168.4112	0.1415999999990163	UpDownStatesTimeIntervals		UP	
14169.2912	0.1823999999996886	UpDownStatesTimeIntervals		UP	
14169.8248	0.16239999999925203	UpDownStatesTimeIntervals		UP	
14170.216	0.13119999999980791	UpDownStatesTimeIntervals		DOWN	
14170.3472	0.15120000000024447	UpDownStatesTimeIntervals		UP	
14171.1904	0.13839999999981956	UpDownStatesTimeIntervals		UP	
14172.956	0.17360000000007858	UpDownStatesTimeIntervals		UP	
14174.9296	0.1776000000008935	UpDownStatesTimeIntervals		UP	
14176.4992	0.14480000000003201	UpDownStatesTimeIntervals		UP	
14178.4872	0.3136000000013155	UpDownStatesTimeIntervals		UP	
14179.264	0.14800000000104774	UpDownStatesTimeIntervals		UP	
14180.2064	0.21600000000034925	UpDownStatesTimeIntervals		UP	
14183.6056	0.3263999999999214	UpDownStatesTimeIntervals		UP	
14187.2304	0.15599999999903957	UpDownStatesTimeIntervals		DOWN	
14187.3864	0.43840000000091095	UpDownStatesTimeIntervals		UP	
14188.1064	0.2407999999995809	UpDownStatesTimeIntervals		DOWN	
14188.3472	0.372799999999188	UpDownStatesTimeIntervals		UP	
14189.92	0.13760000000002037	UpDownStatesTimeIntervals		UP	
14190.744	0.09360000000015134	UpDownStatesTimeIntervals		DOWN	
14190.8376	0.22639999999955762	UpDownStatesTimeIntervals		UP	
14191.6448	0.22160000000076252	UpDownStatesTimeIntervals		UP	
14192.4776	0.22479999999995925	UpDownStatesTimeIntervals		DOWN	
14193.7848	0.21680000000014843	UpDownStatesTimeIntervals		UP	
14194.8688	0.16560000000026776	UpDownStatesTimeIntervals		UP	
14195.3872	0.5416000000004715	UpDownStatesTimeIntervals		DOWN	
14196.2392	0.21999999999934516	UpDownStatesTimeIntervals		UP	
14196.8584	0.5184000000008382	UpDownStatesTimeIntervals		DOWN	
14197.9416	0.3320000000003347	UpDownStatesTimeIntervals		UP	
14201.0112	0.3871999999992113	UpDownStatesTimeIntervals		UP	
14201.7256	0.10399999999935972	UpDownStatesTimeIntervals		DOWN	
14202.0056	0.1551999999992404	UpDownStatesTimeIntervals		UP	
14203.1168	0.18720000000030268	UpDownStatesTimeIntervals		UP	
14203.7712	0.25200000000040745	UpDownStatesTimeIntervals		UP	
14205.8816	0.1911999999992986	UpDownStatesTimeIntervals		UP	
14206.4976	0.12960000000020955	UpDownStatesTimeIntervals		UP	
14207.7168	0.12319999999999709	UpDownStatesTimeIntervals		UP	
14208.3352	0.1504000000004453	UpDownStatesTimeIntervals		UP	
14208.8888	0.12319999999999709	UpDownStatesTimeIntervals		DOWN	
14209.012	0.1775999999990745	UpDownStatesTimeIntervals		UP	
14210.148	0.15760000000045693	UpDownStatesTimeIntervals		UP	
14211.1008	0.3600000000005821	UpDownStatesTimeIntervals		UP	
14216.1976	0.13119999999980791	UpDownStatesTimeIntervals		UP	
14217.7128	0.22960000000057335	UpDownStatesTimeIntervals		UP	
14221.6432	0.1455999999998312	UpDownStatesTimeIntervals		UP	
14224.32	0.16480000000046857	UpDownStatesTimeIntervals		UP	
14224.5664	0.12800000000061118	UpDownStatesTimeIntervals		DOWN	
14225.0704	0.14639999999963038	UpDownStatesTimeIntervals		DOWN	
14225.2168	0.22159999999894353	UpDownStatesTimeIntervals		UP	
14229.0	23.0	SleepStates			WAKEstate
14253.0	27.0	SleepStates			NREMstate
14263.2344	0.23999999999978172	UpDownStatesTimeIntervals		UP	
14264.58	0.17840000000069267	UpDownStatesTimeIntervals		UP	
14266.6448	0.21600000000034925	UpDownStatesTimeIntervals		UP	
14271.5768	0.12639999999919382	UpDownStatesTimeIntervals		UP	
14273.5576	0.1952000000001135	UpDownStatesTimeIntervals		UP	
14274.0152	0.3688000000001921	UpDownStatesTimeIntervals		DOWN	
14274.384	0.13839999999981956	UpDownStatesTimeIntervals		UP	
14274.5696	0.16319999999905122	UpDownStatesTimeIntervals		DOWN	
14275.4144	0.28960000000006403	UpDownStatesTimeIntervals		UP	
14276.3224	0.1400000000012369	UpDownStatesTimeIntervals		UP	
14276.8936	0.1640000000006694	UpDownStatesTimeIntervals		UP	
14281.0	65.0	SleepStates			WAKEstate
14347.0	9.0	SleepStates			NREMstate
14353.1688	0.13040000000000873	UpDownStatesTimeIntervals		UP	
14353.6584	0.1224000000001979	UpDownStatesTimeIntervals		UP	
14354.1144	0.19919999999910942	UpDownStatesTimeIntervals		UP	
14355.012	0.13919999999961874	UpDownStatesTimeIntervals		UP	
14355.5488	0.4272000000000844	UpDownStatesTimeIntervals		UP	
14357.0	51.0	SleepStates			WAKEstate
14408.9872	0.1408000000010361	UpDownStatesTimeIntervals		UP	
14409.0	8.0	SleepStates			NREMstate
14410.0512	0.1136000000005879	UpDownStatesTimeIntervals		UP	
14411.1856	0.13760000000002037	UpDownStatesTimeIntervals		UP	
14412.4952	0.33840000000054715	UpDownStatesTimeIntervals		UP	
14415.368	0.13439999999900465	UpDownStatesTimeIntervals		UP	
14415.8992	0.24240000000099826	UpDownStatesTimeIntervals		UP	
14416.7408	0.17040000000088185	UpDownStatesTimeIntervals		UP	
14417.2584	0.12319999999999709	UpDownStatesTimeIntervals		UP	
14417.7856	0.14880000000084692	UpDownStatesTimeIntervals		UP	
14418.0	27.0	SleepStates			WAKEstate
14445.8056	0.12960000000020955	UpDownStatesTimeIntervals		UP	
14446.0	13.0	SleepStates			NREMstate
14447.9344	0.17679999999927531	UpDownStatesTimeIntervals		DOWN	
14448.4664	0.1176000000014028	UpDownStatesTimeIntervals		UP	
14452.9648	0.20560000000114087	UpDownStatesTimeIntervals		UP	
14455.3776	0.21999999999934516	UpDownStatesTimeIntervals		UP	
14457.7896	0.11199999999917054	UpDownStatesTimeIntervals		UP	
14458.6624	0.13760000000002037	UpDownStatesTimeIntervals		UP	
14460.0	50.0	SleepStates			WAKEstate
14511.0	9.0	SleepStates			NREMstate
14511.6376	0.1407999999992171	UpDownStatesTimeIntervals		UP	
14512.6472	0.372800000001007	UpDownStatesTimeIntervals		UP	
14513.4808	0.09360000000015134	UpDownStatesTimeIntervals		UP	
14513.908	0.18320000000130676	UpDownStatesTimeIntervals		UP	
14514.6256	0.127200000000812	UpDownStatesTimeIntervals		UP	
14515.1552	0.20720000000073924	UpDownStatesTimeIntervals		UP	
14515.4024	0.09599999999954889	UpDownStatesTimeIntervals		DOWN	
14515.86	0.13119999999980791	UpDownStatesTimeIntervals		UP	
14516.5352	0.09920000000056461	UpDownStatesTimeIntervals		UP	
14517.4368	0.127200000000812	UpDownStatesTimeIntervals		UP	
14517.82	0.2496000000010099	UpDownStatesTimeIntervals		UP	
14519.0728	0.2495999999991909	UpDownStatesTimeIntervals		UP	
14521.0	64.0	SleepStates			WAKEstate
14586.0	7.0	SleepStates			NREMstate
14592.0224	0.19280000000071595	UpDownStatesTimeIntervals		UP	
14592.5576	0.09439999999995052	UpDownStatesTimeIntervals		UP	
14592.924	0.08319999999912397	UpDownStatesTimeIntervals		DOWN	
14593.0072	0.3168000000005122	UpDownStatesTimeIntervals		UP	
14593.66	0.08560000000034051	UpDownStatesTimeIntervals		UP	
14594.0	598.0	SleepStates			WAKEstate
15193.0	7.0	SleepStates			NREMstate
15194.2992	0.18800000000010186	UpDownStatesTimeIntervals		UP	
15197.092	0.3768000000000029	UpDownStatesTimeIntervals		UP	
15198.1952	0.09759999999914726	UpDownStatesTimeIntervals		UP	
15198.5656	0.2767999999996391	UpDownStatesTimeIntervals		UP	
15201.0	68.0	SleepStates			WAKEstate
15270.0	8.0	SleepStates			NREMstate
15270.5392	0.12319999999999709	UpDownStatesTimeIntervals		UP	
15271.312	0.2000000000007276	UpDownStatesTimeIntervals		UP	
15273.0624	0.24399999999877764	UpDownStatesTimeIntervals		UP	
15274.084	0.15200000000004366	UpDownStatesTimeIntervals		UP	
15275.6544	0.2504000000008091	UpDownStatesTimeIntervals		UP	
15276.6648	0.34799999999995634	UpDownStatesTimeIntervals		UP	
15279.0	130.0	SleepStates			WAKEstate
15410.0	22.0	SleepStates			NREMstate
15412.8056	0.22479999999995925	UpDownStatesTimeIntervals		UP	
15413.2352	0.2872000000006665	UpDownStatesTimeIntervals		UP	
15414.1968	0.21199999999953434	UpDownStatesTimeIntervals		UP	
15417.5984	0.22959999999875436	UpDownStatesTimeIntervals		UP	
15418.1544	0.14160000000083528	UpDownStatesTimeIntervals		UP	
15419.0592	0.14160000000083528	UpDownStatesTimeIntervals		UP	
15420.336	0.16080000000147265	UpDownStatesTimeIntervals		UP	
15422.764	0.15600000000085856	UpDownStatesTimeIntervals		UP	
15423.348	0.12960000000020955	UpDownStatesTimeIntervals		UP	
15424.1112	0.153600000001461	UpDownStatesTimeIntervals		UP	
15425.06	0.136000000000422	UpDownStatesTimeIntervals		UP	
15425.9152	0.10239999999976135	UpDownStatesTimeIntervals		UP	
15430.692	0.14480000000003201	UpDownStatesTimeIntervals		UP	
15431.4488	0.07599999999911233	UpDownStatesTimeIntervals		DOWN	
15431.9944	0.1455999999998312	UpDownStatesTimeIntervals		UP	
15433.0	112.0	SleepStates			WAKEstate
15546.0	53.0	SleepStates			NREMstate
15549.6128	0.14879999999902793	UpDownStatesTimeIntervals		UP	
15550.212	0.20720000000073924	UpDownStatesTimeIntervals		UP	
15553.1016	0.13999999999941792	UpDownStatesTimeIntervals		UP	
15553.8472	0.118399999999383	UpDownStatesTimeIntervals		UP	
15554.472	0.2039999999997235	UpDownStatesTimeIntervals		UP	
15556.4624	0.1368000000002212	UpDownStatesTimeIntervals		UP	
15557.2216	0.0591999999996915	UpDownStatesTimeIntervals		DOWN	
15557.2808	0.3503999999993539	UpDownStatesTimeIntervals		UP	
15558.0232	0.13440000000082364	UpDownStatesTimeIntervals		UP	
15559.5456	0.14639999999963038	UpDownStatesTimeIntervals		UP	
15560.2312	0.09679999999934807	UpDownStatesTimeIntervals		UP	
15562.3912	0.2919999999994616	UpDownStatesTimeIntervals		UP	
15562.8904	0.06480000000010477	UpDownStatesTimeIntervals		UP	
15563.792	0.12399999999979627	UpDownStatesTimeIntervals		UP	
15564.3656	0.08880000000135624	UpDownStatesTimeIntervals		UP	
15564.8696	0.3631999999997788	UpDownStatesTimeIntervals		UP	
15565.6912	0.12480000000141445	UpDownStatesTimeIntervals		UP	
15566.5632	0.2735999999986234	UpDownStatesTimeIntervals		UP	
15567.7352	0.17440000000169675	UpDownStatesTimeIntervals		UP	
15568.3728	0.1000000000003638	UpDownStatesTimeIntervals		UP	
15568.7552	0.4511999999995169	UpDownStatesTimeIntervals		UP	
15569.6112	0.13520000000062282	UpDownStatesTimeIntervals		UP	
15570.2752	0.0864000000001397	UpDownStatesTimeIntervals		UP	
15571.7552	0.13040000000000873	UpDownStatesTimeIntervals		UP	
15572.24	0.10720000000037544	UpDownStatesTimeIntervals		UP	
15573.0984	0.11999999999898137	UpDownStatesTimeIntervals		UP	
15573.2984	0.04640000000108557	UpDownStatesTimeIntervals		DOWN	
15573.7088	0.23359999999956926	UpDownStatesTimeIntervals		UP	
15576.9872	0.27599999999983993	UpDownStatesTimeIntervals		UP	
15577.5728	0.12399999999979627	UpDownStatesTimeIntervals		UP	
15577.9472	0.4103999999988446	UpDownStatesTimeIntervals		DOWN	
15578.3576	0.24160000000119908	UpDownStatesTimeIntervals		UP	
15579.1312	0.14480000000003201	UpDownStatesTimeIntervals		UP	
15579.7264	0.09599999999954889	UpDownStatesTimeIntervals		UP	
15580.22	0.1408000000010361	UpDownStatesTimeIntervals		UP	
15581.1528	0.14160000000083528	UpDownStatesTimeIntervals		UP	
15581.6184	0.1856000000007043	UpDownStatesTimeIntervals		DOWN	
15581.9808	0.23040000000037253	UpDownStatesTimeIntervals		UP	
15587.112	0.1640000000006694	UpDownStatesTimeIntervals		UP	
15587.652	0.236800000000585	UpDownStatesTimeIntervals		UP	
15588.2592	0.127199999998993	UpDownStatesTimeIntervals		UP	
15588.6504	0.21119999999973516	UpDownStatesTimeIntervals		UP	
15589.312	0.14719999999942956	UpDownStatesTimeIntervals		UP	
15594.0	0.13999999999941792	UpDownStatesTimeIntervals		UP	
15594.6184	0.1224000000001979	UpDownStatesTimeIntervals		UP	
15595.0424	0.03359999999884167	UpDownStatesTimeIntervals		DOWN	
15595.5688	0.2776000000012573	UpDownStatesTimeIntervals		UP	
15596.408	0.14320000000043365	UpDownStatesTimeIntervals		UP	
15597.0344	0.10959999999977299	UpDownStatesTimeIntervals		UP	
15600.0	31.0	SleepStates			WAKEstate
15632.0	18.0	SleepStates			NREMstate
15634.4464	0.14239999999881547	UpDownStatesTimeIntervals		UP	
15635.076	0.22800000000097498	UpDownStatesTimeIntervals		UP	
15635.3864	0.10080000000016298	UpDownStatesTimeIntervals		DOWN	
15635.8672	0.15279999999984284	UpDownStatesTimeIntervals		UP	
15636.5336	0.1087999999999738	UpDownStatesTimeIntervals		UP	
15637.2576	0.21519999999873107	UpDownStatesTimeIntervals		UP	
15640.6984	0.14800000000104774	UpDownStatesTimeIntervals		UP	
15641.576	0.16160000000127184	UpDownStatesTimeIntervals		UP	
15645.8224	0.12400000000161526	UpDownStatesTimeIntervals		UP	
15646.5296	0.18879999999990105	UpDownStatesTimeIntervals		UP	
15647.2448	0.0911999999989348	UpDownStatesTimeIntervals		UP	
15651.0	19.0	SleepStates			WAKEstate
15671.0	10.0	SleepStates			NREMstate
15672.4992	0.29839999999967404	UpDownStatesTimeIntervals		UP	
15673.104	0.13520000000062282	UpDownStatesTimeIntervals		UP	
15673.8904	0.23279999999977008	UpDownStatesTimeIntervals		UP	
15674.6144	0.4328000000004977	UpDownStatesTimeIntervals		UP	
15675.4368	0.12800000000061118	UpDownStatesTimeIntervals		UP	
15676.1216	0.24799999999959255	UpDownStatesTimeIntervals		UP	
15676.8304	0.20799999999871943	UpDownStatesTimeIntervals		UP	
15677.6416	0.13599999999860302	UpDownStatesTimeIntervals		UP	
15678.2912	0.08719999999993888	UpDownStatesTimeIntervals		UP	
15678.8928	0.21199999999953434	UpDownStatesTimeIntervals		UP	
15682.0	29.0	SleepStates			WAKEstate
15712.0	11.0	SleepStates			NREMstate
15713.2464	0.2824000000000524	UpDownStatesTimeIntervals		UP	
15714.372	0.10560000000077707	UpDownStatesTimeIntervals		UP	
15714.9536	0.1415999999990163	UpDownStatesTimeIntervals		UP	
15716.8552	0.11119999999937136	UpDownStatesTimeIntervals		UP	
15717.4088	0.11200000000098953	UpDownStatesTimeIntervals		UP	
15718.0328	0.1679999999996653	UpDownStatesTimeIntervals		UP	
15720.6016	0.16239999999925203	UpDownStatesTimeIntervals		UP	
15721.2832	0.16640000000006694	UpDownStatesTimeIntervals		UP	
15724.0	30.0	SleepStates			WAKEstate
15754.4816	0.12800000000061118	UpDownStatesTimeIntervals		UP	
15755.0	33.0	SleepStates			NREMstate
15755.2696	0.2448000000003958	UpDownStatesTimeIntervals		UP	
15755.9984	0.18000000000029104	UpDownStatesTimeIntervals		UP	
15756.6232	0.14719999999942956	UpDownStatesTimeIntervals		UP	
15757.8504	0.16719999999986612	UpDownStatesTimeIntervals		UP	
15758.4	0.11679999999978463	UpDownStatesTimeIntervals		UP	
15758.9392	0.2911999999996624	UpDownStatesTimeIntervals		UP	
15759.7232	0.18399999999928696	UpDownStatesTimeIntervals		UP	
15760.236	0.06879999999910069	UpDownStatesTimeIntervals		DOWN	
15760.3048	0.1224000000001979	UpDownStatesTimeIntervals		UP	
15761.2776	0.12399999999979627	UpDownStatesTimeIntervals		UP	
15772.6264	0.25120000000060827	UpDownStatesTimeIntervals		UP	
15772.9704	0.4416000000001077	UpDownStatesTimeIntervals		DOWN	
15773.412	0.17439999999987776	UpDownStatesTimeIntervals		UP	
15775.2112	0.19679999999971187	UpDownStatesTimeIntervals		UP	
15775.8296	0.1368000000002212	UpDownStatesTimeIntervals		UP	
15776.5416	0.08399999999892316	UpDownStatesTimeIntervals		UP	
15776.94	0.22879999999895517	UpDownStatesTimeIntervals		UP	
15779.2392	0.32480000000032305	UpDownStatesTimeIntervals		UP	
15780.2048	0.3536000000003696	UpDownStatesTimeIntervals		UP	
15780.7976	0.14240000000063446	UpDownStatesTimeIntervals		UP	
15781.3376	0.06079999999928987	UpDownStatesTimeIntervals		UP	
15781.884	0.07840000000032887	UpDownStatesTimeIntervals		UP	
15782.268	0.29279999999926076	UpDownStatesTimeIntervals		UP	
15782.7352	0.10480000000097789	UpDownStatesTimeIntervals		DOWN	
15783.3104	0.10239999999976135	UpDownStatesTimeIntervals		UP	
15784.0968	0.1959999999999127	UpDownStatesTimeIntervals		UP	
15784.5624	0.09839999999894644	UpDownStatesTimeIntervals		DOWN	
15784.9328	0.1911999999992986	UpDownStatesTimeIntervals		UP	
15789.0	51.0	SleepStates			WAKEstate
15840.8816	0.2231999999985419	UpDownStatesTimeIntervals		UP	
15841.0	20.0	SleepStates			NREMstate
15842.104	0.25200000000040745	UpDownStatesTimeIntervals		UP	
15842.4248	0.14639999999963038	UpDownStatesTimeIntervals		DOWN	
15844.0904	0.12960000000020955	UpDownStatesTimeIntervals		UP	
15844.9064	0.10159999999996217	UpDownStatesTimeIntervals		UP	
15845.516	0.1136000000005879	UpDownStatesTimeIntervals		UP	
15855.7816	0.15279999999984284	UpDownStatesTimeIntervals		UP	
15856.824	0.1823999999996886	UpDownStatesTimeIntervals		UP	
15857.8752	0.16079999999965366	UpDownStatesTimeIntervals		UP	
15858.4072	0.26159999999981665	UpDownStatesTimeIntervals		UP	
15859.0296	0.3415999999997439	UpDownStatesTimeIntervals		UP	
15859.756	0.13119999999980791	UpDownStatesTimeIntervals		UP	
15860.4224	0.13360000000102445	UpDownStatesTimeIntervals		UP	
15860.9768	0.13519999999880383	UpDownStatesTimeIntervals		UP	
15862.0	40.0	SleepStates			WAKEstate
15903.0	10.0	SleepStates			NREMstate
15911.0176	0.07520000000113214	UpDownStatesTimeIntervals		UP	
15911.4792	0.15120000000024447	UpDownStatesTimeIntervals		UP	
15914.0	35.0	SleepStates			WAKEstate
15950.0	17.0	SleepStates			NREMstate
15950.7872	0.18879999999990105	UpDownStatesTimeIntervals		UP	
15951.5056	0.18720000000030268	UpDownStatesTimeIntervals		UP	
15955.7112	0.3544000000001688	UpDownStatesTimeIntervals		UP	
15957.168	0.24320000000079744	UpDownStatesTimeIntervals		UP	
15960.3224	0.14240000000063446	UpDownStatesTimeIntervals		UP	
15960.9256	0.2135999999991327	UpDownStatesTimeIntervals		UP	
15965.9488	0.14480000000003201	UpDownStatesTimeIntervals		DOWN	
15966.256	0.10959999999977299	UpDownStatesTimeIntervals		UP	
15966.8688	0.1224000000001979	UpDownStatesTimeIntervals		UP	
15968.0	23.0	SleepStates			WAKEstate
15992.0	150.0	SleepStates			NREMstate
15997.0168	0.11040000000139116	UpDownStatesTimeIntervals		UP	
15997.5528	0.2448000000003958	UpDownStatesTimeIntervals		UP	
15999.74	0.20240000000012515	UpDownStatesTimeIntervals		UP	
16005.872	0.13360000000102445	UpDownStatesTimeIntervals		UP	
16006.4784	0.04800000000068394	UpDownStatesTimeIntervals		DOWN	
16006.5264	0.24479999999857682	UpDownStatesTimeIntervals		UP	
16007.4256	0.14799999999922875	UpDownStatesTimeIntervals		UP	
16008.0984	0.22159999999894353	UpDownStatesTimeIntervals		UP	
16009.1552	0.11040000000139116	UpDownStatesTimeIntervals		DOWN	
16011.9656	0.06880000000091968	UpDownStatesTimeIntervals		DOWN	
16012.26	0.15599999999903957	UpDownStatesTimeIntervals		UP	
16017.264	0.15760000000045693	UpDownStatesTimeIntervals		UP	
16018.1128	0.2503999999989901	UpDownStatesTimeIntervals		UP	
16018.5944	0.0272000000004482	UpDownStatesTimeIntervals		DOWN	
16020.9624	0.13439999999900465	UpDownStatesTimeIntervals		UP	
16026.1696	0.19280000000071595	UpDownStatesTimeIntervals		UP	
16027.7	0.2536000000000058	UpDownStatesTimeIntervals		UP	
16029.7712	0.22800000000097498	UpDownStatesTimeIntervals		UP	
16034.8776	0.13760000000002037	UpDownStatesTimeIntervals		UP	
16035.552	0.15760000000045693	UpDownStatesTimeIntervals		UP	
16037.8104	0.2600000000002183	UpDownStatesTimeIntervals		UP	
16040.2488	0.1176000000014028	UpDownStatesTimeIntervals		UP	
16041.1672	0.20080000000052678	UpDownStatesTimeIntervals		UP	
16052.7824	0.14480000000003201	UpDownStatesTimeIntervals		UP	
16053.5088	0.1815999999998894	UpDownStatesTimeIntervals		UP	
16055.604	0.1455999999998312	UpDownStatesTimeIntervals		UP	
16056.1896	0.1224000000001979	UpDownStatesTimeIntervals		UP	
16056.5384	0.18480000000090513	UpDownStatesTimeIntervals		DOWN	
16056.7232	0.14719999999942956	UpDownStatesTimeIntervals		UP	
16064.2704	0.14480000000003201	UpDownStatesTimeIntervals		UP	
16064.9568	0.3312000000005355	UpDownStatesTimeIntervals		DOWN	
16066.1216	0.14959999999882712	UpDownStatesTimeIntervals		UP	
16067.1336	0.1264000000010128	UpDownStatesTimeIntervals		UP	
16067.6608	0.29839999999967404	UpDownStatesTimeIntervals		UP	
16070.9648	0.1992000000009284	UpDownStatesTimeIntervals		UP	
16071.8024	0.2183999999997468	UpDownStatesTimeIntervals		UP	
16073.2848	0.25120000000060827	UpDownStatesTimeIntervals		UP	
16082.5992	0.25759999999900174	UpDownStatesTimeIntervals		UP	
16083.1592	0.12000000000080036	UpDownStatesTimeIntervals		UP	
16083.6928	0.337599999998929	UpDownStatesTimeIntervals		UP	
16085.4616	0.23359999999956926	UpDownStatesTimeIntervals		DOWN	
16085.6952	0.2360000000007858	UpDownStatesTimeIntervals		UP	
16087.4608	0.14719999999942956	UpDownStatesTimeIntervals		UP	
16088.552	0.12479999999959546	UpDownStatesTimeIntervals		UP	
16089.212	0.12000000000080036	UpDownStatesTimeIntervals		UP	
16093.6672	0.30160000000068976	UpDownStatesTimeIntervals		UP	
16094.6904	0.1720000000004802	UpDownStatesTimeIntervals		UP	
16096.2184	0.2600000000002183	UpDownStatesTimeIntervals		UP	
16096.804	0.2639999999992142	UpDownStatesTimeIntervals		DOWN	
16105.5776	0.3007999999990716	UpDownStatesTimeIntervals		UP	
16107.5424	0.24879999999939173	UpDownStatesTimeIntervals		UP	
16108.272	0.15599999999903957	UpDownStatesTimeIntervals		UP	
16108.9744	0.1320000000014261	UpDownStatesTimeIntervals		UP	
16113.5104	0.15120000000024447	UpDownStatesTimeIntervals		UP	
16114.0784	0.13359999999920547	UpDownStatesTimeIntervals		UP	
16114.8544	0.13439999999900465	UpDownStatesTimeIntervals		UP	
16115.7184	0.17439999999987776	UpDownStatesTimeIntervals		DOWN	
16117.1912	0.14800000000104774	UpDownStatesTimeIntervals		UP	
16117.8704	0.3400000000001455	UpDownStatesTimeIntervals		UP	
16121.0392	0.1720000000004802	UpDownStatesTimeIntervals		UP	
16121.6752	0.14240000000063446	UpDownStatesTimeIntervals		UP	
16122.4904	0.27440000000024156	UpDownStatesTimeIntervals		UP	
16124.1824	0.1264000000010128	UpDownStatesTimeIntervals		UP	
16124.9296	0.15600000000085856	UpDownStatesTimeIntervals		UP	
16125.1456	0.1455999999998312	UpDownStatesTimeIntervals		DOWN	
16125.5992	0.3191999999999098	UpDownStatesTimeIntervals		UP	
16126.1496	0.11919999999918218	UpDownStatesTimeIntervals		DOWN	
16126.2688	0.34319999999934225	UpDownStatesTimeIntervals		UP	
16126.9544	0.13760000000002037	UpDownStatesTimeIntervals		UP	
16128.68	0.1728000000002794	UpDownStatesTimeIntervals		DOWN	
16128.8528	0.22559999999975844	UpDownStatesTimeIntervals		UP	
16132.24	0.11440000000038708	UpDownStatesTimeIntervals		UP	
16132.6672	0.2728000000006432	UpDownStatesTimeIntervals		UP	
16133.4336	0.18879999999990105	UpDownStatesTimeIntervals		DOWN	
16133.6224	0.1823999999996886	UpDownStatesTimeIntervals		UP	
16143.0	9.0	SleepStates			WAKEstate
16153.0	273.0	SleepStates			NREMstate
16161.3208	0.13760000000002037	UpDownStatesTimeIntervals		UP	
16162.6992	0.20160000000032596	UpDownStatesTimeIntervals		DOWN	
16163.5256	0.24479999999857682	UpDownStatesTimeIntervals		UP	
16172.4784	0.2672000000002299	UpDownStatesTimeIntervals		UP	
16173.3888	0.38079999999899883	UpDownStatesTimeIntervals		UP	
16175.5568	0.0455999999994674	UpDownStatesTimeIntervals		DOWN	
16175.6024	0.29280000000107975	UpDownStatesTimeIntervals		UP	
16178.5888	0.1679999999996653	UpDownStatesTimeIntervals		UP	
16181.92	0.06159999999908905	UpDownStatesTimeIntervals		DOWN	
16181.9816	0.14400000000023283	UpDownStatesTimeIntervals		UP	
16182.7648	0.1999999999989086	UpDownStatesTimeIntervals		UP	
16185.4648	0.118399999999383	UpDownStatesTimeIntervals		UP	
16189.1168	0.2312000000001717	UpDownStatesTimeIntervals		UP	
16189.6848	0.15839999999843712	UpDownStatesTimeIntervals		UP	
16190.22	0.2584000000006199	UpDownStatesTimeIntervals		UP	
16191.88	0.14240000000063446	UpDownStatesTimeIntervals		UP	
16192.8064	0.16640000000006694	UpDownStatesTimeIntervals		UP	
16195.6408	0.14640000000144937	UpDownStatesTimeIntervals		UP	
16196.1952	0.254399999999805	UpDownStatesTimeIntervals		UP	
16203.0184	0.13359999999920547	UpDownStatesTimeIntervals		UP	
16203.7584	0.1959999999999127	UpDownStatesTimeIntervals		UP	
16204.5304	0.12560000000121363	UpDownStatesTimeIntervals		UP	
16205.0752	0.15520000000105938	UpDownStatesTimeIntervals		UP	
16207.1072	0.08399999999892316	UpDownStatesTimeIntervals		DOWN	
16207.584	0.12639999999919382	UpDownStatesTimeIntervals		UP	
16209.7536	0.4375999999992928	UpDownStatesTimeIntervals		UP	
16210.4616	0.12159999999857973	UpDownStatesTimeIntervals		UP	
16210.7616	0.0272000000004482	UpDownStatesTimeIntervals		DOWN	
16211.0448	0.2000000000007276	UpDownStatesTimeIntervals		UP	
16211.2848	0.1768000000010943	UpDownStatesTimeIntervals		DOWN	
16211.628	0.1368000000002212	UpDownStatesTimeIntervals		UP	
16212.028	0.2816000000002532	UpDownStatesTimeIntervals		DOWN	
16212.5104	0.2824000000000524	UpDownStatesTimeIntervals		UP	
16220.228	0.2000000000007276	UpDownStatesTimeIntervals		UP	
16221.672	0.13439999999900465	UpDownStatesTimeIntervals		UP	
16222.5424	0.30799999999908323	UpDownStatesTimeIntervals		UP	
16224.3336	0.15600000000085856	UpDownStatesTimeIntervals		UP	
16224.8424	0.14720000000124855	UpDownStatesTimeIntervals		UP	
16225.8792	0.19200000000091677	UpDownStatesTimeIntervals		UP	
16227.7904	0.1551999999992404	UpDownStatesTimeIntervals		UP	
16229.1336	0.14480000000003201	UpDownStatesTimeIntervals		UP	
16232.0648	0.1640000000006694	UpDownStatesTimeIntervals		UP	
16232.5936	0.1496000000006461	UpDownStatesTimeIntervals		UP	
16234.1968	0.1455999999998312	UpDownStatesTimeIntervals		DOWN	
16234.5216	0.1952000000001135	UpDownStatesTimeIntervals		UP	
16238.6336	0.21440000000075088	UpDownStatesTimeIntervals		UP	
16239.292	0.18320000000130676	UpDownStatesTimeIntervals		UP	
16240.2808	0.23439999999936845	UpDownStatesTimeIntervals		UP	
16241.3664	0.13439999999900465	UpDownStatesTimeIntervals		UP	
16242.0448	0.14240000000063446	UpDownStatesTimeIntervals		UP	
16244.068	0.17120000000068103	UpDownStatesTimeIntervals		UP	
16244.764	0.25680000000102154	UpDownStatesTimeIntervals		UP	
16247.5072	0.19679999999971187	UpDownStatesTimeIntervals		UP	
16249.5344	0.1279999999987922	UpDownStatesTimeIntervals		DOWN	
16249.6624	0.24720000000161235	UpDownStatesTimeIntervals		UP	
16256.5048	0.2775999999994383	UpDownStatesTimeIntervals		UP	
16257.98	0.11280000000078871	UpDownStatesTimeIntervals		UP	
16258.5584	0.1455999999998312	UpDownStatesTimeIntervals		UP	
16259.372	0.1640000000006694	UpDownStatesTimeIntervals		UP	
16260.3408	0.40159999999923457	UpDownStatesTimeIntervals		UP	
16261.028	0.14320000000043365	UpDownStatesTimeIntervals		UP	
16261.376	0.3367999999991298	UpDownStatesTimeIntervals		DOWN	
16261.7128	0.16240000000107102	UpDownStatesTimeIntervals		UP	
16263.2312	0.21600000000034925	UpDownStatesTimeIntervals		UP	
16264.5776	0.27999999999883585	UpDownStatesTimeIntervals		UP	
16265.2376	0.19360000000051514	UpDownStatesTimeIntervals		UP	
16265.8392	0.1815999999998894	UpDownStatesTimeIntervals		UP	
16266.2872	0.23999999999978172	UpDownStatesTimeIntervals		DOWN	
16266.5896	0.1815999999998894	UpDownStatesTimeIntervals		UP	
16268.5528	0.27920000000085565	UpDownStatesTimeIntervals		DOWN	
16268.832	0.23439999999936845	UpDownStatesTimeIntervals		UP	
16275.3264	0.13999999999941792	UpDownStatesTimeIntervals		UP	
16276.864	0.1544000000012602	UpDownStatesTimeIntervals		UP	
16279.4208	0.25599999999940337	UpDownStatesTimeIntervals		UP	
16281.8064	0.14639999999963038	UpDownStatesTimeIntervals		UP	
16282.38	0.14400000000023283	UpDownStatesTimeIntervals		UP	
16282.9832	0.13839999999981956	UpDownStatesTimeIntervals		UP	
16283.4496	0.2864000000008673	UpDownStatesTimeIntervals		UP	
16283.7944	0.11359999999876891	UpDownStatesTimeIntervals		DOWN	
16284.7288	0.2680000000000291	UpDownStatesTimeIntervals		UP	
16284.8632	0.13360000000102445	UpDownStatesTimeIntervals		DOWN	
16287.2136	0.1320000000014261	UpDownStatesTimeIntervals		UP	
16289.2272	0.1992000000009284	UpDownStatesTimeIntervals		DOWN	
16290.0592	0.26959999999962747	UpDownStatesTimeIntervals		UP	
16295.4824	0.14639999999963038	UpDownStatesTimeIntervals		UP	
16297.3384	0.43039999999928114	UpDownStatesTimeIntervals		UP	
16298.8224	0.21600000000034925	UpDownStatesTimeIntervals		UP	
16299.98	0.19760000000133005	UpDownStatesTimeIntervals		UP	
16300.5472	0.3415999999997439	UpDownStatesTimeIntervals		UP	
16302.6312	0.12479999999959546	UpDownStatesTimeIntervals		UP	
16303.0632	0.19759999999951106	UpDownStatesTimeIntervals		UP	
16306.6672	0.15999999999985448	UpDownStatesTimeIntervals		UP	
16307.2128	0.24400000000059663	UpDownStatesTimeIntervals		UP	
16308.4248	0.14959999999882712	UpDownStatesTimeIntervals		UP	
16309.6928	0.16159999999945285	UpDownStatesTimeIntervals		UP	
16310.8744	0.21599999999853026	UpDownStatesTimeIntervals		UP	
16311.5984	0.2727999999988242	UpDownStatesTimeIntervals		UP	
16312.3312	0.23999999999978172	UpDownStatesTimeIntervals		UP	
16314.1624	0.26960000000144646	UpDownStatesTimeIntervals		UP	
16314.8264	0.16079999999965366	UpDownStatesTimeIntervals		UP	
16315.7456	0.30160000000068976	UpDownStatesTimeIntervals		UP	
16316.6288	0.21999999999934516	UpDownStatesTimeIntervals		UP	
16318.368	0.3320000000003347	UpDownStatesTimeIntervals		UP	
16318.7584	0.43839999999909196	UpDownStatesTimeIntervals		DOWN	
16319.1968	0.21919999999954598	UpDownStatesTimeIntervals		UP	
16324.124	0.14240000000063446	UpDownStatesTimeIntervals		UP	
16325.1904	0.15200000000004366	UpDownStatesTimeIntervals		UP	
16328.7376	0.16239999999925203	UpDownStatesTimeIntervals		UP	
16330.2704	0.14240000000063446	UpDownStatesTimeIntervals		UP	
16331.0912	0.28399999999965075	UpDownStatesTimeIntervals		UP	
16331.8456	0.2503999999989901	UpDownStatesTimeIntervals		UP	
16332.612	0.16160000000127184	UpDownStatesTimeIntervals		UP	
16333.4224	0.16240000000107102	UpDownStatesTimeIntervals		UP	
16334.3056	0.4304000000011001	UpDownStatesTimeIntervals		UP	
16338.472	0.1823999999996886	UpDownStatesTimeIntervals		UP	
16339.3704	0.19360000000051514	UpDownStatesTimeIntervals		UP	
16340.0936	0.06639999999970314	UpDownStatesTimeIntervals		DOWN	
16351.064	0.14320000000043365	UpDownStatesTimeIntervals		UP	
16352.2432	0.28799999999864667	UpDownStatesTimeIntervals		UP	
16353.6912	0.11920000000100117	UpDownStatesTimeIntervals		UP	
16354.1296	0.227999999999156	UpDownStatesTimeIntervals		UP	
16357.5456	0.32880000000113796	UpDownStatesTimeIntervals		UP	
16358.6232	0.14799999999922875	UpDownStatesTimeIntervals		UP	
16359.7112	0.1496000000006461	UpDownStatesTimeIntervals		UP	
16360.532	0.153600000001461	UpDownStatesTimeIntervals		UP	
16361.4192	0.2960000000002765	UpDownStatesTimeIntervals		UP	
16362.4584	0.12880000000041036	UpDownStatesTimeIntervals		DOWN	
16362.5872	0.17920000000049185	UpDownStatesTimeIntervals		UP	
16363.772	0.263199999999415	UpDownStatesTimeIntervals		UP	
16364.096	0.0591999999996915	UpDownStatesTimeIntervals		DOWN	
16364.5072	0.16959999999926367	UpDownStatesTimeIntervals		UP	
16365.724	0.2824000000000524	UpDownStatesTimeIntervals		UP	
16369.824	0.22400000000016007	UpDownStatesTimeIntervals		UP	
16370.532	0.17920000000049185	UpDownStatesTimeIntervals		UP	
16371.108	0.13439999999900465	UpDownStatesTimeIntervals		DOWN	
16373.8504	0.2096000000001368	UpDownStatesTimeIntervals		UP	
16374.5864	0.1551999999992404	UpDownStatesTimeIntervals		UP	
16376.272	0.03919999999925494	UpDownStatesTimeIntervals		DOWN	
16377.112	0.11520000000018626	UpDownStatesTimeIntervals		UP	
16379.476	0.1368000000002212	UpDownStatesTimeIntervals		UP	
16380.0624	0.1415999999990163	UpDownStatesTimeIntervals		UP	
16382.7008	0.14480000000003201	UpDownStatesTimeIntervals		UP	
16383.2368	0.13599999999860302	UpDownStatesTimeIntervals		UP	
16383.8984	0.22480000000177824	UpDownStatesTimeIntervals		UP	
16384.4544	0.023199999999633292	UpDownStatesTimeIntervals		DOWN	
16384.7736	0.2007999999987078	UpDownStatesTimeIntervals		UP	
16385.1056	0.07359999999971478	UpDownStatesTimeIntervals		DOWN	
16385.7496	0.23040000000037253	UpDownStatesTimeIntervals		UP	
16386.5192	0.21360000000277068	UpDownStatesTimeIntervals		DOWN	
16386.7328	0.1551999999974214	UpDownStatesTimeIntervals		UP	
16387.4344	0.16080000000147265	UpDownStatesTimeIntervals		UP	
16388.416	0.1551999999974214	UpDownStatesTimeIntervals		UP	
16388.6552	0.0632000000005064	UpDownStatesTimeIntervals		DOWN	
16389.0928	0.26640000000043074	UpDownStatesTimeIntervals		UP	
16389.788	0.17439999999987776	UpDownStatesTimeIntervals		UP	
16390.5848	0.15759999999863794	UpDownStatesTimeIntervals		UP	
16398.6968	0.23359999999956926	UpDownStatesTimeIntervals		UP	
16400.7288	0.2232000000003609	UpDownStatesTimeIntervals		UP	
16401.1272	0.2224000000023807	UpDownStatesTimeIntervals		UP	
16409.3576	0.1408000000010361	UpDownStatesTimeIntervals		UP	
16410.232	0.15279999999984284	UpDownStatesTimeIntervals		UP	
16411.2488	0.28960000000006403	UpDownStatesTimeIntervals		UP	
16412.0472	0.15359999999782303	UpDownStatesTimeIntervals		UP	
16412.4424	0.21199999999953434	UpDownStatesTimeIntervals		DOWN	
16412.6544	0.21919999999954598	UpDownStatesTimeIntervals		UP	
16413.04	0.10239999999976135	UpDownStatesTimeIntervals		DOWN	
16413.5928	0.254400000001624	UpDownStatesTimeIntervals		UP	
16414.1408	0.14319999999861466	UpDownStatesTimeIntervals		UP	
16414.6128	0.1584000000002561	UpDownStatesTimeIntervals		DOWN	
16414.7712	0.34720000000015716	UpDownStatesTimeIntervals		UP	
16415.204	0.2824000000000524	UpDownStatesTimeIntervals		DOWN	
16415.4864	0.2055999999975029	UpDownStatesTimeIntervals		UP	
16416.1368	0.5735999999997148	UpDownStatesTimeIntervals		DOWN	
16416.7104	0.16479999999864958	UpDownStatesTimeIntervals		UP	
16421.6296	0.1543999999994412	UpDownStatesTimeIntervals		UP	
16422.4712	0.15200000000186265	UpDownStatesTimeIntervals		UP	
16423.1696	0.08559999999852153	UpDownStatesTimeIntervals		UP	
16423.3064	0.11119999999937136	UpDownStatesTimeIntervals		DOWN	
16427.0	7.0	SleepStates			WAKEstate
16435.0	168.0	SleepStates			NREMstate
16443.6008	0.34799999999813735	UpDownStatesTimeIntervals		UP	
16445.7192	0.15200000000186265	UpDownStatesTimeIntervals		UP	
16446.3384	0.19679999999789288	UpDownStatesTimeIntervals		UP	
16447.3056	0.29680000000007567	UpDownStatesTimeIntervals		UP	
16448.4408	0.16639999999824795	UpDownStatesTimeIntervals		UP	
16452.8888	0.1496000000006461	UpDownStatesTimeIntervals		UP	
16453.616	0.16159999999945285	UpDownStatesTimeIntervals		UP	
16454.3952	0.23040000000037253	UpDownStatesTimeIntervals		UP	
16455.076	0.14879999999902793	UpDownStatesTimeIntervals		UP	
16455.6984	0.16639999999824795	UpDownStatesTimeIntervals		UP	
16456.1952	0.14160000000265427	UpDownStatesTimeIntervals		UP	
16456.924	0.2688000000016473	UpDownStatesTimeIntervals		UP	
16457.432	0.15680000000065775	UpDownStatesTimeIntervals		UP	
16461.5224	0.24879999999757274	UpDownStatesTimeIntervals		UP	
16461.9536	0.2815999999984342	UpDownStatesTimeIntervals		DOWN	
16462.2352	0.227999999999156	UpDownStatesTimeIntervals		UP	
16462.7048	0.25760000000082073	UpDownStatesTimeIntervals		UP	
16463.7848	0.17199999999866122	UpDownStatesTimeIntervals		UP	
16466.3784	0.20719999999710126	UpDownStatesTimeIntervals		UP	
16469.5712	0.38479999999981374	UpDownStatesTimeIntervals		UP	
16470.1048	0.17199999999866122	UpDownStatesTimeIntervals		UP	
16470.7392	0.2407999999995809	UpDownStatesTimeIntervals		UP	
16472.1768	0.13119999999980791	UpDownStatesTimeIntervals		UP	
16472.8488	0.15680000000065775	UpDownStatesTimeIntervals		UP	
16474.2312	0.17040000000270084	UpDownStatesTimeIntervals		UP	
16475.1448	0.18640000000232249	UpDownStatesTimeIntervals		UP	
16475.7448	0.15199999999822467	UpDownStatesTimeIntervals		UP	
16481.5688	0.1496000000006461	UpDownStatesTimeIntervals		UP	
16481.8712	0.29839999999967404	UpDownStatesTimeIntervals		DOWN	
16482.776	0.19039999999949941	UpDownStatesTimeIntervals		UP	
16488.1072	0.14640000000144937	UpDownStatesTimeIntervals		UP	
16490.0296	0.16079999999783468	UpDownStatesTimeIntervals		UP	
16490.788	0.044799999999668216	UpDownStatesTimeIntervals		DOWN	
16491.2808	0.12159999999857973	UpDownStatesTimeIntervals		UP	
16493.4736	0.1687999999994645	UpDownStatesTimeIntervals		UP	
16493.848	0.059999999997671694	UpDownStatesTimeIntervals		DOWN	
16497.3232	0.16480000000228756	UpDownStatesTimeIntervals		UP	
16497.9872	0.12880000000222935	UpDownStatesTimeIntervals		UP	
16499.5304	0.20560000000114087	UpDownStatesTimeIntervals		UP	
16504.4904	0.2944000000024971	UpDownStatesTimeIntervals		UP	
16505.8656	0.059999999997671694	UpDownStatesTimeIntervals		DOWN	
16506.444	0.2855999999992491	UpDownStatesTimeIntervals		UP	
16506.7816	0.280800000000454	UpDownStatesTimeIntervals		DOWN	
16507.0624	0.12480000000141445	UpDownStatesTimeIntervals		UP	
16507.6224	0.1775999999990745	UpDownStatesTimeIntervals		UP	
16508.0696	0.34319999999934225	UpDownStatesTimeIntervals		UP	
16509.9808	0.1591999999982363	UpDownStatesTimeIntervals		UP	
16510.9224	0.1264000000010128	UpDownStatesTimeIntervals		UP	
16512.3336	0.2551999999996042	UpDownStatesTimeIntervals		UP	
16513.2992	0.26159999999799766	UpDownStatesTimeIntervals		UP	
16513.8792	0.10720000000219443	UpDownStatesTimeIntervals		UP	
16514.2912	0.2816000000020722	UpDownStatesTimeIntervals		UP	
16515.3384	0.15359999999782303	UpDownStatesTimeIntervals		UP	
16515.5816	0.17439999999987776	UpDownStatesTimeIntervals		DOWN	
16516.4288	0.2831999999980326	UpDownStatesTimeIntervals		UP	
16517.2072	0.14479999999821302	UpDownStatesTimeIntervals		UP	
16517.4312	0.28720000000248547	UpDownStatesTimeIntervals		DOWN	
16517.8352	0.263199999997596	UpDownStatesTimeIntervals		UP	
16518.6408	0.1551999999974214	UpDownStatesTimeIntervals		UP	
16519.2696	0.2407999999995809	UpDownStatesTimeIntervals		UP	
16519.7048	0.2232000000003609	UpDownStatesTimeIntervals		DOWN	
16520.2016	0.14319999999861466	UpDownStatesTimeIntervals		UP	
16521.2432	0.3679999999985739	UpDownStatesTimeIntervals		UP	
16521.6736	0.2000000000007276	UpDownStatesTimeIntervals		DOWN	
16521.8736	0.17360000000189757	UpDownStatesTimeIntervals		UP	
16522.76	0.153600000001461	UpDownStatesTimeIntervals		UP	
16523.2664	0.1768000000010943	UpDownStatesTimeIntervals		DOWN	
16523.4432	0.2871999999988475	UpDownStatesTimeIntervals		UP	
16525.7032	0.12960000000020955	UpDownStatesTimeIntervals		UP	
16526.2856	0.11200000000098953	UpDownStatesTimeIntervals		UP	
16527.6496	0.20799999999871943	UpDownStatesTimeIntervals		UP	
16531.6816	0.08799999999973807	UpDownStatesTimeIntervals		DOWN	
16532.088	0.24799999999959255	UpDownStatesTimeIntervals		UP	
16535.1928	0.12800000000061118	UpDownStatesTimeIntervals		UP	
16537.192	0.10959999999977299	UpDownStatesTimeIntervals		DOWN	
16537.3016	0.14160000000265427	UpDownStatesTimeIntervals		UP	
16538.5112	0.2055999999975029	UpDownStatesTimeIntervals		UP	
16540.5248	0.13999999999941792	UpDownStatesTimeIntervals		UP	
16545.4664	0.16639999999824795	UpDownStatesTimeIntervals		UP	
16545.9352	0.1368000000002212	UpDownStatesTimeIntervals		DOWN	
16546.072	0.27119999999922584	UpDownStatesTimeIntervals		UP	
16546.5768	0.08480000000054133	UpDownStatesTimeIntervals		DOWN	
16546.6616	0.24639999999999418	UpDownStatesTimeIntervals		UP	
16547.1936	0.2312000000019907	UpDownStatesTimeIntervals		UP	
16547.9344	0.25520000000324217	UpDownStatesTimeIntervals		UP	
16548.7904	0.27520000000004075	UpDownStatesTimeIntervals		UP	
16549.5272	0.1912000000011176	UpDownStatesTimeIntervals		UP	
16551.58	0.15199999999822467	UpDownStatesTimeIntervals		UP	
16555.0096	0.1551999999974214	UpDownStatesTimeIntervals		UP	
16555.5168	0.15599999999903957	UpDownStatesTimeIntervals		UP	
16557.528	0.1584000000002561	UpDownStatesTimeIntervals		UP	
16558.4136	0.2407999999995809	UpDownStatesTimeIntervals		UP	
16562.116	0.363999999997759	UpDownStatesTimeIntervals		UP	
16562.8976	0.1368000000002212	UpDownStatesTimeIntervals		UP	
16567.9904	0.14640000000144937	UpDownStatesTimeIntervals		UP	
16570.9432	0.14319999999861466	UpDownStatesTimeIntervals		UP	
16571.1144	0.2688000000016473	UpDownStatesTimeIntervals		DOWN	
16571.5048	0.12399999999979627	UpDownStatesTimeIntervals		UP	
16572.7848	0.19359999999869615	UpDownStatesTimeIntervals		UP	
16573.556	0.45759999999791034	UpDownStatesTimeIntervals		UP	
16574.2568	0.24880000000121072	UpDownStatesTimeIntervals		UP	
16575.0272	0.14719999999942956	UpDownStatesTimeIntervals		UP	
16575.6472	0.2319999999999709	UpDownStatesTimeIntervals		UP	
16576.5448	0.18319999999948777	UpDownStatesTimeIntervals		UP	
16577.48	0.3120000000017171	UpDownStatesTimeIntervals		UP	
16578.492	0.02960000000166474	UpDownStatesTimeIntervals		DOWN	
16578.5216	0.14719999999942956	UpDownStatesTimeIntervals		UP	
16579.8864	0.23519999999916763	UpDownStatesTimeIntervals		UP	
16582.0424	0.2264000000031956	UpDownStatesTimeIntervals		UP	
16582.9728	0.16240000000107102	UpDownStatesTimeIntervals		UP	
16588.9376	0.14240000000063446	UpDownStatesTimeIntervals		UP	
16589.8688	0.14240000000063446	UpDownStatesTimeIntervals		UP	
16590.3272	0.21680000000196742	UpDownStatesTimeIntervals		DOWN	
16590.7848	0.15279999999984284	UpDownStatesTimeIntervals		UP	
16591.6952	0.23040000000037253	UpDownStatesTimeIntervals		UP	
16592.5128	0.13039999999818974	UpDownStatesTimeIntervals		UP	
16593.0776	0.15120000000024447	UpDownStatesTimeIntervals		UP	
16593.6648	0.15200000000186265	UpDownStatesTimeIntervals		UP	
16594.4552	0.21039999999993597	UpDownStatesTimeIntervals		UP	
16595.812	0.3471999999965192	UpDownStatesTimeIntervals		UP	
16596.7952	0.1503999999986263	UpDownStatesTimeIntervals		UP	
16597.5256	0.17039999999906286	UpDownStatesTimeIntervals		UP	
16604.0	30.0	SleepStates			WAKEstate
16635.0	445.0	SleepStates			NREMstate
16636.8208	0.1415999999990163	UpDownStatesTimeIntervals		UP	
16637.512	0.15680000000065775	UpDownStatesTimeIntervals		UP	
16639.4312	0.12800000000061118	UpDownStatesTimeIntervals		UP	
16642.9504	0.12960000000020955	UpDownStatesTimeIntervals		UP	
16643.4984	0.15279999999984284	UpDownStatesTimeIntervals		UP	
16644.2168	0.13840000000345754	UpDownStatesTimeIntervals		UP	
16644.8216	0.144800000001851	UpDownStatesTimeIntervals		UP	
16647.3376	0.1264000000010128	UpDownStatesTimeIntervals		UP	
16647.712	0.20160000000032596	UpDownStatesTimeIntervals		UP	
16648.4616	0.3080000000009022	UpDownStatesTimeIntervals		UP	
16648.8384	0.31999999999970896	UpDownStatesTimeIntervals		DOWN	
16649.2928	0.2536000000000058	UpDownStatesTimeIntervals		UP	
16650.056	0.3319999999985157	UpDownStatesTimeIntervals		UP	
16651.008	0.16239999999743304	UpDownStatesTimeIntervals		UP	
16651.7736	0.1503999999986263	UpDownStatesTimeIntervals		UP	
16652.368	0.47040000000197324	UpDownStatesTimeIntervals		UP	
16653.6472	0.4176000000006752	UpDownStatesTimeIntervals		UP	
16656.6736	0.15680000000065775	UpDownStatesTimeIntervals		UP	
16657.3168	0.1823999999978696	UpDownStatesTimeIntervals		UP	
16659.316	0.3048000000017055	UpDownStatesTimeIntervals		UP	
16660.4848	0.022400000001653098	UpDownStatesTimeIntervals		DOWN	
16660.5072	0.13759999999820138	UpDownStatesTimeIntervals		UP	
16661.1856	0.12960000000020955	UpDownStatesTimeIntervals		DOWN	
16661.3152	0.16479999999864958	UpDownStatesTimeIntervals		UP	
16662.2512	0.15120000000024447	UpDownStatesTimeIntervals		UP	
16663.9016	0.14719999999942956	UpDownStatesTimeIntervals		UP	
16664.7064	0.15200000000186265	UpDownStatesTimeIntervals		UP	
16665.3576	0.1415999999990163	UpDownStatesTimeIntervals		UP	
16665.5232	0.06720000000132131	UpDownStatesTimeIntervals		DOWN	
16666.2744	0.26080000000001746	UpDownStatesTimeIntervals		UP	
16670.4472	0.16160000000309083	UpDownStatesTimeIntervals		UP	
16670.9568	0.1224000000001979	UpDownStatesTimeIntervals		UP	
16672.3072	0.1680000000014843	UpDownStatesTimeIntervals		UP	
16673.42	0.21120000000155414	UpDownStatesTimeIntervals		UP	
16673.9592	0.11039999999775318	UpDownStatesTimeIntervals		UP	
16674.4952	0.13039999999818974	UpDownStatesTimeIntervals		UP	
16675.1584	0.13920000000143773	UpDownStatesTimeIntervals		UP	
16675.672	0.1408000000010361	UpDownStatesTimeIntervals		UP	
16677.1712	0.14240000000063446	UpDownStatesTimeIntervals		UP	
16677.6928	0.2551999999996042	UpDownStatesTimeIntervals		UP	
16682.2168	0.18000000000029104	UpDownStatesTimeIntervals		UP	
16683.1952	0.15120000000024447	UpDownStatesTimeIntervals		UP	
16683.8392	0.1088000000017928	UpDownStatesTimeIntervals		UP	
16684.7816	0.1992000000027474	UpDownStatesTimeIntervals		UP	
16686.068	0.16480000000228756	UpDownStatesTimeIntervals		UP	
16686.7304	0.24160000000119908	UpDownStatesTimeIntervals		UP	
16690.2232	0.13360000000102445	UpDownStatesTimeIntervals		UP	
16690.5832	0.19759999999951106	UpDownStatesTimeIntervals		DOWN	
16690.7808	0.36239999999816064	UpDownStatesTimeIntervals		UP	
16693.5736	0.1640000000006694	UpDownStatesTimeIntervals		UP	
16694.248	0.09600000000136788	UpDownStatesTimeIntervals		UP	
16694.712	0.15200000000186265	UpDownStatesTimeIntervals		UP	
16695.2976	0.09839999999894644	UpDownStatesTimeIntervals		DOWN	
16695.396	0.2319999999999709	UpDownStatesTimeIntervals		UP	
16696.128	0.13520000000062282	UpDownStatesTimeIntervals		UP	
16696.484	0.10719999999855645	UpDownStatesTimeIntervals		DOWN	
16696.5912	0.1455999999998312	UpDownStatesTimeIntervals		UP	
16697.4656	0.3096000000005006	UpDownStatesTimeIntervals		UP	
16701.9576	0.2183999999979278	UpDownStatesTimeIntervals		UP	
16702.5352	0.22160000000076252	UpDownStatesTimeIntervals		DOWN	
16703.1336	0.18959999999788124	UpDownStatesTimeIntervals		UP	
16704.136	0.18640000000232249	UpDownStatesTimeIntervals		UP	
16705.0048	0.1496000000006461	UpDownStatesTimeIntervals		UP	
16705.5696	0.15520000000105938	UpDownStatesTimeIntervals		DOWN	
16705.7248	0.15279999999984284	UpDownStatesTimeIntervals		UP	
16706.4728	0.30240000000048894	UpDownStatesTimeIntervals		UP	
16707.5568	0.16640000000188593	UpDownStatesTimeIntervals		UP	
16709.5672	0.1503999999986263	UpDownStatesTimeIntervals		UP	
16710.0672	0.19440000000031432	UpDownStatesTimeIntervals		DOWN	
16710.2616	0.2319999999999709	UpDownStatesTimeIntervals		UP	
16711.3408	0.13519999999698484	UpDownStatesTimeIntervals		UP	
16716.5256	0.22719999999753782	UpDownStatesTimeIntervals		UP	
16717.3552	0.24319999999715947	UpDownStatesTimeIntervals		DOWN	
16717.6824	0.1735999999982596	UpDownStatesTimeIntervals		UP	
16720.5784	0.1320000000014261	UpDownStatesTimeIntervals		UP	
16728.4536	0.13520000000062282	UpDownStatesTimeIntervals		UP	
16730.9352	0.24639999999999418	UpDownStatesTimeIntervals		UP	
16731.824	0.1735999999982596	UpDownStatesTimeIntervals		UP	
16732.2544	0.32959999999729916	UpDownStatesTimeIntervals		UP	
16732.744	0.21360000000277068	UpDownStatesTimeIntervals		DOWN	
16733.0704	0.12399999999979627	UpDownStatesTimeIntervals		UP	
16733.3344	0.1680000000014843	UpDownStatesTimeIntervals		DOWN	
16734.0664	0.3719999999993888	UpDownStatesTimeIntervals		UP	
16734.8568	0.2592000000004191	UpDownStatesTimeIntervals		UP	
16737.308	0.25279999999838765	UpDownStatesTimeIntervals		UP	
16738.112	0.3103999999984808	UpDownStatesTimeIntervals		DOWN	
16738.4224	0.26480000000083237	UpDownStatesTimeIntervals		UP	
16740.6432	0.10560000000259606	UpDownStatesTimeIntervals		DOWN	
16740.7488	0.27199999999720603	UpDownStatesTimeIntervals		UP	
16745.4072	0.3271999999997206	UpDownStatesTimeIntervals		UP	
16746.4528	0.25760000000082073	UpDownStatesTimeIntervals		UP	
16747.212	0.24799999999959255	UpDownStatesTimeIntervals		UP	
16748.3072	0.1584000000002561	UpDownStatesTimeIntervals		UP	
16750.0312	0.16319999999905122	UpDownStatesTimeIntervals		UP	
16750.4496	0.056000000000494765	UpDownStatesTimeIntervals		DOWN	
16751.0336	0.13440000000264263	UpDownStatesTimeIntervals		UP	
16753.3232	0.16240000000107102	UpDownStatesTimeIntervals		UP	
16753.9008	0.3447999999989406	UpDownStatesTimeIntervals		DOWN	
16754.3672	0.1463999999978114	UpDownStatesTimeIntervals		UP	
16757.6592	0.19360000000233413	UpDownStatesTimeIntervals		UP	
16758.3144	0.15680000000065775	UpDownStatesTimeIntervals		UP	
16759.396	0.18479999999908614	UpDownStatesTimeIntervals		UP	
16766.7176	0.26080000000001746	UpDownStatesTimeIntervals		UP	
16770.6712	0.1543999999994412	UpDownStatesTimeIntervals		UP	
16770.944	0.35759999999936554	UpDownStatesTimeIntervals		DOWN	
16771.8832	0.25600000000122236	UpDownStatesTimeIntervals		UP	
16772.4368	0.16640000000188593	UpDownStatesTimeIntervals		DOWN	
16773.26	0.12480000000141445	UpDownStatesTimeIntervals		UP	
16773.7056	0.31199999999807915	UpDownStatesTimeIntervals		DOWN	
16774.0176	0.20560000000114087	UpDownStatesTimeIntervals		UP	
16774.5424	0.06480000000010477	UpDownStatesTimeIntervals		DOWN	
16774.6072	0.1992000000027474	UpDownStatesTimeIntervals		UP	
16779.6416	0.14800000000104774	UpDownStatesTimeIntervals		UP	
16781.2912	0.10160000000178115	UpDownStatesTimeIntervals		UP	
16781.8648	0.1455999999998312	UpDownStatesTimeIntervals		UP	
16784.0064	0.15120000000024447	UpDownStatesTimeIntervals		UP	
16785.1488	0.13440000000264263	UpDownStatesTimeIntervals		UP	
16786.1856	0.2407999999995809	UpDownStatesTimeIntervals		UP	
16786.9984	0.14319999999861466	UpDownStatesTimeIntervals		UP	
16789.0648	0.1728000000002794	UpDownStatesTimeIntervals		UP	
16790.312	0.19199999999909778	UpDownStatesTimeIntervals		UP	
16793.2216	0.15680000000065775	UpDownStatesTimeIntervals		UP	
16793.848	0.10799999999653664	UpDownStatesTimeIntervals		UP	
16794.4928	0.1368000000002212	UpDownStatesTimeIntervals		UP	
16795.4744	0.26640000000043074	UpDownStatesTimeIntervals		UP	
16795.8328	0.15279999999984284	UpDownStatesTimeIntervals		DOWN	
16796.788	0.15199999999822467	UpDownStatesTimeIntervals		UP	
16797.244	0.4048000000002503	UpDownStatesTimeIntervals		DOWN	
16797.84	0.17039999999906286	UpDownStatesTimeIntervals		UP	
16798.7952	0.17439999999987776	UpDownStatesTimeIntervals		UP	
16799.8016	0.1488000000026659	UpDownStatesTimeIntervals		UP	
16802.0592	0.13520000000062282	UpDownStatesTimeIntervals		UP	
16805.332	0.27840000000287546	UpDownStatesTimeIntervals		UP	
16805.8552	0.19519999999829452	UpDownStatesTimeIntervals		DOWN	
16806.3104	0.2312000000019907	UpDownStatesTimeIntervals		UP	
16806.7304	0.15680000000065775	UpDownStatesTimeIntervals		DOWN	
16808.904	0.2680000000000291	UpDownStatesTimeIntervals		UP	
16811.6768	0.21039999999993597	UpDownStatesTimeIntervals		UP	
16812.712	0.16159999999945285	UpDownStatesTimeIntervals		UP	
16814.5808	0.15999999999985448	UpDownStatesTimeIntervals		UP	
16815.6136	0.22559999999793945	UpDownStatesTimeIntervals		UP	
16816.228	0.38880000000062864	UpDownStatesTimeIntervals		UP	
16820.0544	0.17919999999867287	UpDownStatesTimeIntervals		UP	
16820.7816	0.1720000000022992	UpDownStatesTimeIntervals		UP	
16821.728	0.39680000000225846	UpDownStatesTimeIntervals		UP	
16822.8936	0.17520000000149594	UpDownStatesTimeIntervals		DOWN	
16823.4456	0.2904000000016822	UpDownStatesTimeIntervals		UP	
16824.2424	0.22079999999914435	UpDownStatesTimeIntervals		UP	
16824.8616	0.2680000000000291	UpDownStatesTimeIntervals		UP	
16825.5352	0.21520000000236905	UpDownStatesTimeIntervals		UP	
16826.0632	0.09360000000015134	UpDownStatesTimeIntervals		UP	
16826.6144	0.10239999999976135	UpDownStatesTimeIntervals		UP	
16826.8224	0.28800000000046566	UpDownStatesTimeIntervals		DOWN	
16827.3432	0.2911999999996624	UpDownStatesTimeIntervals		UP	
16830.2392	0.127199999998993	UpDownStatesTimeIntervals		DOWN	
16831.1088	0.15839999999661813	UpDownStatesTimeIntervals		UP	
16832.1096	0.16240000000107102	UpDownStatesTimeIntervals		UP	
16832.6608	0.11919999999736319	UpDownStatesTimeIntervals		DOWN	
16832.78	0.22560000000157743	UpDownStatesTimeIntervals		UP	
16833.3232	0.2496000000028289	UpDownStatesTimeIntervals		UP	
16835.1248	0.17519999999785796	UpDownStatesTimeIntervals		UP	
16835.7504	0.16479999999864958	UpDownStatesTimeIntervals		UP	
16835.9936	0.23919999999998254	UpDownStatesTimeIntervals		DOWN	
16836.6184	0.25120000000242726	UpDownStatesTimeIntervals		UP	
16837.268	0.12080000000059954	UpDownStatesTimeIntervals		DOWN	
16837.3888	0.23839999999836436	UpDownStatesTimeIntervals		UP	
16839.0208	0.15200000000186265	UpDownStatesTimeIntervals		UP	
16846.1424	0.15199999999822467	UpDownStatesTimeIntervals		UP	
16849.7008	0.13920000000143773	UpDownStatesTimeIntervals		UP	
16850.8384	0.1863999999986845	UpDownStatesTimeIntervals		UP	
16851.7632	0.18399999999746797	UpDownStatesTimeIntervals		UP	
16852.4864	0.15199999999822467	UpDownStatesTimeIntervals		UP	
16853.2008	0.18240000000150758	UpDownStatesTimeIntervals		DOWN	
16853.5728	0.16639999999824795	UpDownStatesTimeIntervals		UP	
16855.2584	0.17760000000271248	UpDownStatesTimeIntervals		UP	
16855.8352	0.1368000000002212	UpDownStatesTimeIntervals		UP	
16857.1936	0.14320000000225264	UpDownStatesTimeIntervals		UP	
16859.8216	0.19199999999909778	UpDownStatesTimeIntervals		DOWN	
16860.0136	0.3304000000025553	UpDownStatesTimeIntervals		UP	
16860.4152	0.4216000000014901	UpDownStatesTimeIntervals		DOWN	
16863.0416	0.15999999999985448	UpDownStatesTimeIntervals		UP	
16869.3856	0.14319999999861466	UpDownStatesTimeIntervals		DOWN	
16870.1384	0.16640000000188593	UpDownStatesTimeIntervals		UP	
16871.2368	0.1408000000010361	UpDownStatesTimeIntervals		UP	
16871.884	0.24560000000201399	UpDownStatesTimeIntervals		UP	
16872.5056	0.17439999999987776	UpDownStatesTimeIntervals		UP	
16873.292	0.14479999999821302	UpDownStatesTimeIntervals		UP	
16873.8264	0.13519999999698484	UpDownStatesTimeIntervals		UP	
16874.7832	0.16559999999662978	UpDownStatesTimeIntervals		DOWN	
16874.9488	0.2864000000008673	UpDownStatesTimeIntervals		UP	
16876.5696	0.1176000000014028	UpDownStatesTimeIntervals		UP	
16877.3864	0.1720000000022992	UpDownStatesTimeIntervals		DOWN	
16877.8488	0.21440000000075088	UpDownStatesTimeIntervals		UP	
16878.6048	0.2952000000004773	UpDownStatesTimeIntervals		UP	
16879.0872	0.1871999999966647	UpDownStatesTimeIntervals		DOWN	
16879.2744	0.14400000000023283	UpDownStatesTimeIntervals		UP	
16880.4464	0.18079999999827123	UpDownStatesTimeIntervals		UP	
16882.0048	0.1176000000014028	UpDownStatesTimeIntervals		UP	
16885.1672	0.13360000000102445	UpDownStatesTimeIntervals		UP	
16885.5384	0.3055999999996857	UpDownStatesTimeIntervals		UP	
16888.6328	0.21120000000155414	UpDownStatesTimeIntervals		UP	
16890.6816	0.16719999999986612	UpDownStatesTimeIntervals		UP	
16891.7288	0.24799999999959255	UpDownStatesTimeIntervals		UP	
16892.3336	0.10719999999855645	UpDownStatesTimeIntervals		DOWN	
16892.4408	0.18959999999788124	UpDownStatesTimeIntervals		UP	
16893.7256	0.1543999999994412	UpDownStatesTimeIntervals		UP	
16894.036	0.23119999999835272	UpDownStatesTimeIntervals		DOWN	
16894.2672	0.26000000000203727	UpDownStatesTimeIntervals		UP	
16895.3256	0.2407999999995809	UpDownStatesTimeIntervals		UP	
16896.248	0.31520000000091386	UpDownStatesTimeIntervals		DOWN	
16896.5632	0.16719999999986612	UpDownStatesTimeIntervals		UP	
16897.8144	0.2504000000008091	UpDownStatesTimeIntervals		UP	
16898.4184	0.1592000000018743	UpDownStatesTimeIntervals		UP	
16899.0328	0.34319999999934225	UpDownStatesTimeIntervals		DOWN	
16899.732	0.040000000000873115	UpDownStatesTimeIntervals		DOWN	
16899.772	0.1319999999977881	UpDownStatesTimeIntervals		UP	
16900.3992	0.16319999999905122	UpDownStatesTimeIntervals		UP	
16902.0616	0.18959999999788124	UpDownStatesTimeIntervals		UP	
16902.7768	0.16319999999905122	UpDownStatesTimeIntervals		UP	
16905.1456	0.1455999999998312	UpDownStatesTimeIntervals		UP	
16905.6344	0.3408000000017637	UpDownStatesTimeIntervals		UP	
16907.172	0.31520000000091386	UpDownStatesTimeIntervals		UP	
16908.512	0.2680000000000291	UpDownStatesTimeIntervals		DOWN	
16908.8776	0.15759999999863794	UpDownStatesTimeIntervals		UP	
16909.5824	0.1136000000005879	UpDownStatesTimeIntervals		UP	
16910.352	0.15040000000226428	UpDownStatesTimeIntervals		UP	
16910.6912	0.3055999999996857	UpDownStatesTimeIntervals		DOWN	
16910.9968	0.337599999998929	UpDownStatesTimeIntervals		UP	
16912.364	0.13119999999980791	UpDownStatesTimeIntervals		UP	
16912.9472	0.13040000000182772	UpDownStatesTimeIntervals		UP	
16913.6144	0.21920000000318396	UpDownStatesTimeIntervals		UP	
16914.6368	0.13279999999940628	UpDownStatesTimeIntervals		UP	
16917.8816	0.1687999999994645	UpDownStatesTimeIntervals		UP	
16919.2032	0.2400000000016007	UpDownStatesTimeIntervals		UP	
16919.7976	0.16559999999662978	UpDownStatesTimeIntervals		UP	
16920.3696	0.12159999999857973	UpDownStatesTimeIntervals		UP	
16921.852	0.136000000002241	UpDownStatesTimeIntervals		UP	
16922.3744	0.24880000000121072	UpDownStatesTimeIntervals		UP	
16922.804	0.22880000000077416	UpDownStatesTimeIntervals		DOWN	
16923.0328	0.2536000000000058	UpDownStatesTimeIntervals		UP	
16924.0888	0.355199999998149	UpDownStatesTimeIntervals		UP	
16924.6056	0.05280000000129803	UpDownStatesTimeIntervals		DOWN	
16925.396	0.10319999999774154	UpDownStatesTimeIntervals		DOWN	
16925.8376	0.280800000000454	UpDownStatesTimeIntervals		UP	
16926.2256	0.33919999999852735	UpDownStatesTimeIntervals		DOWN	
16926.5648	0.15520000000105938	UpDownStatesTimeIntervals		UP	
16929.1336	0.15999999999985448	UpDownStatesTimeIntervals		UP	
16930.4712	0.3136000000013155	UpDownStatesTimeIntervals		UP	
16930.9016	0.20399999999790452	UpDownStatesTimeIntervals		DOWN	
16931.1056	0.17599999999947613	UpDownStatesTimeIntervals		UP	
16934.7432	0.236799999998766	UpDownStatesTimeIntervals		UP	
16935.8408	0.11439999999856809	UpDownStatesTimeIntervals		UP	
16937.7912	0.26000000000203727	UpDownStatesTimeIntervals		UP	
16941.3312	0.18479999999908614	UpDownStatesTimeIntervals		UP	
16944.4088	0.38559999999779393	UpDownStatesTimeIntervals		UP	
16945.3384	0.15520000000105938	UpDownStatesTimeIntervals		UP	
16946.416	0.14479999999821302	UpDownStatesTimeIntervals		UP	
16947.2544	0.14239999999699648	UpDownStatesTimeIntervals		UP	
16947.9328	0.2000000000007276	UpDownStatesTimeIntervals		UP	
16953.4048	0.11200000000098953	UpDownStatesTimeIntervals		UP	
16953.9352	0.12960000000020955	UpDownStatesTimeIntervals		UP	
16954.5016	0.13119999999980791	UpDownStatesTimeIntervals		UP	
16954.6512	0.11279999999896972	UpDownStatesTimeIntervals		DOWN	
16957.3424	0.20399999999790452	UpDownStatesTimeIntervals		UP	
16957.9544	0.07520000000295113	UpDownStatesTimeIntervals		DOWN	
16958.0296	0.26639999999679276	UpDownStatesTimeIntervals		UP	
16958.7864	0.25200000000040745	UpDownStatesTimeIntervals		UP	
16961.3976	0.13439999999900465	UpDownStatesTimeIntervals		UP	
16962.0024	0.2911999999996624	UpDownStatesTimeIntervals		UP	
16962.668	0.20319999999992433	UpDownStatesTimeIntervals		UP	
16969.1352	0.2448000000003958	UpDownStatesTimeIntervals		UP	
16970.284	0.1959999999999127	UpDownStatesTimeIntervals		UP	
16974.0392	0.2224000000023807	UpDownStatesTimeIntervals		UP	
16974.6696	0.15759999999863794	UpDownStatesTimeIntervals		DOWN	
16974.9672	0.16240000000107102	UpDownStatesTimeIntervals		UP	
16976.1064	0.16319999999905122	UpDownStatesTimeIntervals		UP	
16977.1272	0.15120000000024447	UpDownStatesTimeIntervals		UP	
16978.6656	0.14400000000023283	UpDownStatesTimeIntervals		DOWN	
16979.3568	0.1455999999998312	UpDownStatesTimeIntervals		UP	
16987.2672	0.1408000000010361	UpDownStatesTimeIntervals		UP	
16987.8344	0.22560000000157743	UpDownStatesTimeIntervals		UP	
16988.7944	0.17760000000271248	UpDownStatesTimeIntervals		UP	
16989.1872	0.18879999999990105	UpDownStatesTimeIntervals		DOWN	
16990.424	0.24239999999917927	UpDownStatesTimeIntervals		DOWN	
16990.6664	0.1488000000026659	UpDownStatesTimeIntervals		UP	
16991.6048	0.26959999999962747	UpDownStatesTimeIntervals		UP	
16992.7096	0.19840000000112923	UpDownStatesTimeIntervals		UP	
16993.4304	0.245599999998376	UpDownStatesTimeIntervals		UP	
16994.1896	0.17119999999704305	UpDownStatesTimeIntervals		UP	
16994.392	0.3688000000001921	UpDownStatesTimeIntervals		DOWN	
16995.8744	0.4095999999990454	UpDownStatesTimeIntervals		UP	
16998.5136	0.18640000000232249	UpDownStatesTimeIntervals		UP	
16998.8808	0.37039999999979045	UpDownStatesTimeIntervals		DOWN	
16999.2512	0.1496000000006461	UpDownStatesTimeIntervals		UP	
16999.9264	0.15279999999984284	UpDownStatesTimeIntervals		UP	
17002.34	0.12879999999859137	UpDownStatesTimeIntervals		UP	
17003.6528	0.11279999999896972	UpDownStatesTimeIntervals		UP	
17004.8192	0.13839999999981956	UpDownStatesTimeIntervals		UP	
17006.3872	0.16959999999744468	UpDownStatesTimeIntervals		UP	
17018.7272	0.19839999999749125	UpDownStatesTimeIntervals		UP	
17019.5992	0.1415999999990163	UpDownStatesTimeIntervals		UP	
17020.1088	0.1511999999966065	UpDownStatesTimeIntervals		UP	
17020.7624	0.16080000000147265	UpDownStatesTimeIntervals		UP	
17021.4944	0.1224000000001979	UpDownStatesTimeIntervals		UP	
17021.6824	0.2743999999984226	UpDownStatesTimeIntervals		DOWN	
17021.9568	0.36960000000181026	UpDownStatesTimeIntervals		UP	
17022.5616	0.13759999999820138	UpDownStatesTimeIntervals		UP	
17024.0552	0.24320000000079744	UpDownStatesTimeIntervals		UP	
17024.3752	0.12480000000141445	UpDownStatesTimeIntervals		DOWN	
17025.1024	0.16560000000026776	UpDownStatesTimeIntervals		UP	
17025.6168	0.15120000000024447	UpDownStatesTimeIntervals		UP	
17026.36	0.2272000000011758	UpDownStatesTimeIntervals		DOWN	
17026.5872	0.16159999999945285	UpDownStatesTimeIntervals		UP	
17027.7152	0.18640000000232249	UpDownStatesTimeIntervals		UP	
17028.8264	0.23359999999956926	UpDownStatesTimeIntervals		UP	
17029.676	0.28960000000006403	UpDownStatesTimeIntervals		UP	
17030.8144	0.16560000000026776	UpDownStatesTimeIntervals		UP	
17031.0536	0.37039999999979045	UpDownStatesTimeIntervals		DOWN	
17031.7352	0.144800000001851	UpDownStatesTimeIntervals		UP	
17032.0272	0.3352000000013504	UpDownStatesTimeIntervals		DOWN	
17032.6536	0.20319999999992433	UpDownStatesTimeIntervals		UP	
17033.876	0.19440000000031432	UpDownStatesTimeIntervals		UP	
17034.9664	0.16319999999905122	UpDownStatesTimeIntervals		UP	
17035.9688	0.2272000000011758	UpDownStatesTimeIntervals		UP	
17036.3528	0.0639999999984866	UpDownStatesTimeIntervals		DOWN	
17036.9104	0.11039999999775318	UpDownStatesTimeIntervals		UP	
17037.7064	0.15279999999984284	UpDownStatesTimeIntervals		UP	
17038.5208	0.33760000000256696	UpDownStatesTimeIntervals		UP	
17042.0536	0.23760000000038417	UpDownStatesTimeIntervals		UP	
17043.8936	0.14320000000225264	UpDownStatesTimeIntervals		UP	
17044.12	0.31040000000211876	UpDownStatesTimeIntervals		DOWN	
17044.4304	0.1584000000002561	UpDownStatesTimeIntervals		UP	
17045.7416	0.2999999999992724	UpDownStatesTimeIntervals		UP	
17046.9824	0.37919999999940046	UpDownStatesTimeIntervals		UP	
17048.4232	0.2319999999999709	UpDownStatesTimeIntervals		UP	
17049.0832	0.12800000000061118	UpDownStatesTimeIntervals		UP	
17050.1512	0.2599999999983993	UpDownStatesTimeIntervals		UP	
17051.0736	0.33039999999891734	UpDownStatesTimeIntervals		UP	
17051.7816	0.14160000000265427	UpDownStatesTimeIntervals		UP	
17052.1984	0.15680000000065775	UpDownStatesTimeIntervals		UP	
17052.8408	0.1319999999977881	UpDownStatesTimeIntervals		UP	
17053.3344	0.6088000000017928	UpDownStatesTimeIntervals		DOWN	
17053.9432	0.29439999999885913	UpDownStatesTimeIntervals		UP	
17055.2024	0.16640000000188593	UpDownStatesTimeIntervals		DOWN	
17056.1016	0.15359999999782303	UpDownStatesTimeIntervals		UP	
17058.4744	0.15520000000105938	UpDownStatesTimeIntervals		UP	
17061.6816	0.2040000000015425	UpDownStatesTimeIntervals		UP	
17062.3168	0.10559999999895808	UpDownStatesTimeIntervals		UP	
17063.0296	0.14719999999942956	UpDownStatesTimeIntervals		UP	
17063.6464	0.2175999999999476	UpDownStatesTimeIntervals		UP	
17064.4696	0.10879999999815482	UpDownStatesTimeIntervals		DOWN	
17065.8784	0.12399999999979627	UpDownStatesTimeIntervals		UP	
17068.7008	0.153600000001461	UpDownStatesTimeIntervals		UP	
17069.2264	0.15599999999903957	UpDownStatesTimeIntervals		DOWN	
17069.3824	0.20080000000234577	UpDownStatesTimeIntervals		UP	
17081.0	16.0	SleepStates			REMstate
17098.0	11.0	SleepStates			WAKEstate
17110.0	12.0	SleepStates			REMstate
17123.0	14.0	SleepStates			WAKEstate
17138.0	12.0	SleepStates			REMstate
17151.0	31.0	SleepStates			WAKEstate
17183.0	456.0	SleepStates			NREMstate
17183.78	0.18000000000029104	UpDownStatesTimeIntervals		UP	
17184.5648	0.06880000000091968	UpDownStatesTimeIntervals		UP	
17185.1152	0.1368000000002212	UpDownStatesTimeIntervals		UP	
17185.7544	0.13599999999860302	UpDownStatesTimeIntervals		UP	
17186.9184	0.14160000000265427	UpDownStatesTimeIntervals		UP	
17187.6304	0.2264000000031956	UpDownStatesTimeIntervals		UP	
17192.7248	0.24239999999917927	UpDownStatesTimeIntervals		UP	
17193.308	0.22079999999914435	UpDownStatesTimeIntervals		UP	
17193.7832	0.15839999999661813	UpDownStatesTimeIntervals		UP	
17196.5024	0.3735999999989872	UpDownStatesTimeIntervals		UP	
17197.8904	0.15680000000065775	UpDownStatesTimeIntervals		UP	
17199.6	0.1912000000011176	UpDownStatesTimeIntervals		UP	
17200.4384	0.16080000000147265	UpDownStatesTimeIntervals		UP	
17200.7504	0.2135999999991327	UpDownStatesTimeIntervals		DOWN	
17200.964	0.25760000000082073	UpDownStatesTimeIntervals		UP	
17202.5584	0.14799999999740976	UpDownStatesTimeIntervals		UP	
17202.8864	0.07840000000214786	UpDownStatesTimeIntervals		DOWN	
17203.4488	0.19840000000112923	UpDownStatesTimeIntervals		UP	
17209.0088	0.23440000000118744	UpDownStatesTimeIntervals		UP	
17209.7208	0.31600000000253203	UpDownStatesTimeIntervals		UP	
17210.48	0.12880000000222935	UpDownStatesTimeIntervals		UP	
17211.7432	0.24879999999757274	UpDownStatesTimeIntervals		UP	
17217.8272	0.3184000000001106	UpDownStatesTimeIntervals		UP	
17218.4832	0.1088000000017928	UpDownStatesTimeIntervals		UP	
17219.0536	0.15279999999984284	UpDownStatesTimeIntervals		UP	
17219.6752	0.24399999999877764	UpDownStatesTimeIntervals		DOWN	
17219.9192	0.16960000000108266	UpDownStatesTimeIntervals		UP	
17220.7832	0.1639999999970314	UpDownStatesTimeIntervals		UP	
17221.7432	0.22079999999914435	UpDownStatesTimeIntervals		UP	
17223.7984	0.28800000000046566	UpDownStatesTimeIntervals		UP	
17224.8272	0.1815999999998894	UpDownStatesTimeIntervals		UP	
17225.6	0.1680000000014843	UpDownStatesTimeIntervals		UP	
17226.3016	0.1992000000027474	UpDownStatesTimeIntervals		UP	
17226.8104	0.1040000000029977	UpDownStatesTimeIntervals		DOWN	
17226.9144	0.24319999999715947	UpDownStatesTimeIntervals		UP	
17228.156	0.13839999999981956	UpDownStatesTimeIntervals		UP	
17228.7248	0.1224000000001979	UpDownStatesTimeIntervals		UP	
17231.9488	0.3768000000018219	UpDownStatesTimeIntervals		UP	
17232.6048	0.2767999999996391	UpDownStatesTimeIntervals		UP	
17233.3816	0.06799999999930151	UpDownStatesTimeIntervals		UP	
17233.9016	0.1319999999977881	UpDownStatesTimeIntervals		UP	
17234.976	0.14800000000104774	UpDownStatesTimeIntervals		UP	
17235.6616	0.11040000000139116	UpDownStatesTimeIntervals		UP	
17236.3224	0.31120000000009895	UpDownStatesTimeIntervals		UP	
17239.144	0.15199999999822467	UpDownStatesTimeIntervals		UP	
17239.668	0.3103999999984808	UpDownStatesTimeIntervals		UP	
17240.9808	0.13599999999860302	UpDownStatesTimeIntervals		UP	
17246.7664	0.10480000000097789	UpDownStatesTimeIntervals		DOWN	
17247.032	0.1455999999998312	UpDownStatesTimeIntervals		UP	
17247.9992	0.15040000000226428	UpDownStatesTimeIntervals		UP	
17249.5592	0.25200000000040745	UpDownStatesTimeIntervals		UP	
17254.0752	0.1775999999990745	UpDownStatesTimeIntervals		UP	
17255.0608	0.22160000000076252	UpDownStatesTimeIntervals		UP	
17256.1968	0.16560000000026776	UpDownStatesTimeIntervals		UP	
17256.7696	0.16319999999905122	UpDownStatesTimeIntervals		UP	
17257.4912	0.1503999999986263	UpDownStatesTimeIntervals		UP	
17257.9344	0.1592000000018743	UpDownStatesTimeIntervals		UP	
17258.656	0.1408000000010361	UpDownStatesTimeIntervals		UP	
17259.508	0.2047999999995227	UpDownStatesTimeIntervals		UP	
17259.7608	0.346399999998539	UpDownStatesTimeIntervals		DOWN	
17260.1072	0.17760000000271248	UpDownStatesTimeIntervals		UP	
17263.1416	0.15999999999985448	UpDownStatesTimeIntervals		UP	
17264.204	0.17119999999704305	UpDownStatesTimeIntervals		UP	
17265.8776	0.2319999999999709	UpDownStatesTimeIntervals		UP	
17266.3712	0.2591999999967811	UpDownStatesTimeIntervals		DOWN	
17267.7328	0.13519999999698484	UpDownStatesTimeIntervals		UP	
17268.4632	0.13920000000143773	UpDownStatesTimeIntervals		UP	
17269.2848	0.04799999999886495	UpDownStatesTimeIntervals		DOWN	
17269.3328	0.15279999999984284	UpDownStatesTimeIntervals		UP	
17271.392	0.1543999999994412	UpDownStatesTimeIntervals		UP	
17272.7688	0.14399999999659485	UpDownStatesTimeIntervals		UP	
17273.488	0.15279999999984284	UpDownStatesTimeIntervals		UP	
17274.5848	0.12559999999939464	UpDownStatesTimeIntervals		UP	
17275.184	0.1543999999994412	UpDownStatesTimeIntervals		UP	
17275.9888	0.14400000000023283	UpDownStatesTimeIntervals		UP	
17276.6392	0.12879999999859137	UpDownStatesTimeIntervals		UP	
17277.5128	0.12960000000020955	UpDownStatesTimeIntervals		UP	
17278.2024	0.127200000002631	UpDownStatesTimeIntervals		UP	
17278.8184	0.14400000000023283	UpDownStatesTimeIntervals		UP	
17279.5864	0.32560000000012224	UpDownStatesTimeIntervals		UP	
17289.3288	0.17599999999947613	UpDownStatesTimeIntervals		UP	
17289.8848	0.06560000000172295	UpDownStatesTimeIntervals		DOWN	
17291.6096	0.2528000000020256	UpDownStatesTimeIntervals		UP	
17292.3968	0.15279999999984284	UpDownStatesTimeIntervals		UP	
17296.7096	0.16000000000349246	UpDownStatesTimeIntervals		UP	
17297.2696	0.14800000000104774	UpDownStatesTimeIntervals		UP	
17297.7192	0.1728000000002794	UpDownStatesTimeIntervals		DOWN	
17297.892	0.16640000000188593	UpDownStatesTimeIntervals		UP	
17299.8856	0.29359999999724096	UpDownStatesTimeIntervals		UP	
17305.8048	0.15359999999782303	UpDownStatesTimeIntervals		UP	
17306.7256	0.2007999999987078	UpDownStatesTimeIntervals		DOWN	
17306.9264	0.11599999999816646	UpDownStatesTimeIntervals		UP	
17307.8216	0.136000000002241	UpDownStatesTimeIntervals		UP	
17308.4664	0.07119999999849824	UpDownStatesTimeIntervals		DOWN	
17308.872	0.14240000000063446	UpDownStatesTimeIntervals		UP	
17309.6472	0.17039999999906286	UpDownStatesTimeIntervals		UP	
17310.1016	0.1871999999966647	UpDownStatesTimeIntervals		DOWN	
17310.2888	0.2272000000011758	UpDownStatesTimeIntervals		UP	
17311.036	0.1368000000002212	UpDownStatesTimeIntervals		UP	
17312.9	0.10639999999693828	UpDownStatesTimeIntervals		UP	
17313.3816	0.25679999999920256	UpDownStatesTimeIntervals		DOWN	
17313.8712	0.2959999999984575	UpDownStatesTimeIntervals		UP	
17314.588	0.23919999999998254	UpDownStatesTimeIntervals		UP	
17315.3672	0.08159999999770662	UpDownStatesTimeIntervals		DOWN	
17315.4488	0.14160000000265427	UpDownStatesTimeIntervals		UP	
17319.7016	0.1455999999998312	UpDownStatesTimeIntervals		UP	
17321.0952	0.13599999999860302	UpDownStatesTimeIntervals		UP	
17326.32	0.13839999999981956	UpDownStatesTimeIntervals		UP	
17327.688	0.26640000000043074	UpDownStatesTimeIntervals		UP	
17328.5568	0.17520000000149594	UpDownStatesTimeIntervals		UP	
17331.6048	0.15599999999903957	UpDownStatesTimeIntervals		UP	
17332.3032	0.14800000000104774	UpDownStatesTimeIntervals		UP	
17332.9952	0.12960000000020955	UpDownStatesTimeIntervals		UP	
17333.8128	0.12879999999859137	UpDownStatesTimeIntervals		UP	
17334.5696	0.12080000000059954	UpDownStatesTimeIntervals		UP	
17335.0744	0.23919999999998254	UpDownStatesTimeIntervals		UP	
17336.1576	0.16480000000228756	UpDownStatesTimeIntervals		DOWN	
17339.0848	0.23919999999998254	UpDownStatesTimeIntervals		UP	
17341.32	0.27119999999922584	UpDownStatesTimeIntervals		UP	
17345.1072	0.29760000000169384	UpDownStatesTimeIntervals		UP	
17345.7408	0.16640000000188593	UpDownStatesTimeIntervals		UP	
17346.1704	0.2040000000015425	UpDownStatesTimeIntervals		DOWN	
17346.3744	0.2128000000011525	UpDownStatesTimeIntervals		UP	
17347.172	0.4192000000002736	UpDownStatesTimeIntervals		DOWN	
17347.5912	0.39359999999942374	UpDownStatesTimeIntervals		UP	
17348.4024	0.10800000000017462	UpDownStatesTimeIntervals		UP	
17349.5064	0.21680000000196742	UpDownStatesTimeIntervals		DOWN	
17349.7232	0.16639999999824795	UpDownStatesTimeIntervals		UP	
17350.1152	0.20319999999992433	UpDownStatesTimeIntervals		DOWN	
17350.3184	0.2095999999983178	UpDownStatesTimeIntervals		UP	
17350.9304	0.21119999999791617	UpDownStatesTimeIntervals		UP	
17352.004	0.17519999999785796	UpDownStatesTimeIntervals		UP	
17355.9448	0.33519999999771244	UpDownStatesTimeIntervals		UP	
17357.0984	0.2400000000016007	UpDownStatesTimeIntervals		UP	
17359.2592	0.32400000000052387	UpDownStatesTimeIntervals		UP	
17361.8088	0.28800000000046566	UpDownStatesTimeIntervals		UP	
17362.3072	0.2312000000019907	UpDownStatesTimeIntervals		DOWN	
17362.748	0.1775999999990745	UpDownStatesTimeIntervals		UP	
17364.0216	0.037599999999656575	UpDownStatesTimeIntervals		DOWN	
17364.0592	0.15599999999903957	UpDownStatesTimeIntervals		UP	
17365.2448	0.2727999999988242	UpDownStatesTimeIntervals		UP	
17366.0112	0.17840000000069267	UpDownStatesTimeIntervals		UP	
17367.044	0.22079999999914435	UpDownStatesTimeIntervals		UP	
17367.692	0.3055999999996857	UpDownStatesTimeIntervals		UP	
17368.6	0.18320000000312575	UpDownStatesTimeIntervals		UP	
17374.6824	0.13119999999980791	UpDownStatesTimeIntervals		UP	
17378.7952	0.15120000000024447	UpDownStatesTimeIntervals		UP	
17379.268	0.16319999999905122	UpDownStatesTimeIntervals		UP	
17379.5424	0.3952000000026601	UpDownStatesTimeIntervals		DOWN	
17385.9104	0.17840000000069267	UpDownStatesTimeIntervals		UP	
17386.9896	0.18399999999746797	UpDownStatesTimeIntervals		UP	
17387.592	0.15599999999903957	UpDownStatesTimeIntervals		UP	
17388.0136	0.09360000000015134	UpDownStatesTimeIntervals		DOWN	
17388.1072	0.12160000000221771	UpDownStatesTimeIntervals		UP	
17388.6072	0.3368000000009488	UpDownStatesTimeIntervals		UP	
17389.3744	0.12159999999857973	UpDownStatesTimeIntervals		UP	
17391.5528	0.14799999999740976	UpDownStatesTimeIntervals		UP	
17392.4528	0.16480000000228756	UpDownStatesTimeIntervals		UP	
17395.0568	0.17840000000069267	UpDownStatesTimeIntervals		UP	
17396.4992	0.15120000000024447	UpDownStatesTimeIntervals		UP	
17399.1912	0.127199999998993	UpDownStatesTimeIntervals		UP	
17400.3752	0.2232000000003609	UpDownStatesTimeIntervals		UP	
17400.9448	0.17199999999866122	UpDownStatesTimeIntervals		UP	
17401.8624	0.15679999999701977	UpDownStatesTimeIntervals		UP	
17402.5848	0.1543999999994412	UpDownStatesTimeIntervals		UP	
17404.2504	0.17439999999987776	UpDownStatesTimeIntervals		UP	
17405.096	0.20399999999790452	UpDownStatesTimeIntervals		UP	
17407.2368	0.24720000000161235	UpDownStatesTimeIntervals		DOWN	
17407.636	0.20960000000195578	UpDownStatesTimeIntervals		UP	
17409.264	0.16640000000188593	UpDownStatesTimeIntervals		UP	
17413.8624	0.17679999999745633	UpDownStatesTimeIntervals		UP	
17419.7016	0.1584000000002561	UpDownStatesTimeIntervals		UP	
17420.4832	0.3184000000001106	UpDownStatesTimeIntervals		DOWN	
17420.9864	0.14239999999699648	UpDownStatesTimeIntervals		UP	
17422.6584	0.13039999999818974	UpDownStatesTimeIntervals		UP	
17423.284	0.16640000000188593	UpDownStatesTimeIntervals		UP	
17423.5048	0.051200000001699664	UpDownStatesTimeIntervals		DOWN	
17424.2632	0.21999999999752617	UpDownStatesTimeIntervals		UP	
17424.5888	0.09039999999731663	UpDownStatesTimeIntervals		DOWN	
17425.0688	0.17840000000069267	UpDownStatesTimeIntervals		UP	
17429.3528	0.25760000000082073	UpDownStatesTimeIntervals		UP	
17432.3344	0.15200000000186265	UpDownStatesTimeIntervals		UP	
17433.1552	0.3096000000005006	UpDownStatesTimeIntervals		UP	
17434.1296	0.34319999999934225	UpDownStatesTimeIntervals		DOWN	
17434.4728	0.28960000000006403	UpDownStatesTimeIntervals		UP	
17435.348	0.14399999999659485	UpDownStatesTimeIntervals		UP	
17435.9304	0.17840000000069267	UpDownStatesTimeIntervals		UP	
17436.6544	0.20639999999912106	UpDownStatesTimeIntervals		DOWN	
17437.0344	0.24160000000119908	UpDownStatesTimeIntervals		UP	
17441.064	0.19200000000273576	UpDownStatesTimeIntervals		UP	
17442.5248	0.16560000000026776	UpDownStatesTimeIntervals		UP	
17445.6168	0.25679999999920256	UpDownStatesTimeIntervals		UP	
17446.4144	0.1735999999982596	UpDownStatesTimeIntervals		UP	
17450.6736	0.26640000000043074	UpDownStatesTimeIntervals		UP	
17451.3136	0.11599999999816646	UpDownStatesTimeIntervals		UP	
17455.8648	0.08320000000094296	UpDownStatesTimeIntervals		DOWN	
17455.948	0.23119999999835272	UpDownStatesTimeIntervals		UP	
17456.8616	0.2551999999996042	UpDownStatesTimeIntervals		UP	
17457.6856	0.2511999999987893	UpDownStatesTimeIntervals		UP	
17458.4128	0.24720000000161235	UpDownStatesTimeIntervals		UP	
17460.3096	0.24719999999797437	UpDownStatesTimeIntervals		DOWN	
17460.5568	0.1992000000027474	UpDownStatesTimeIntervals		UP	
17461.4744	0.13360000000102445	UpDownStatesTimeIntervals		UP	
17461.9928	0.18400000000110595	UpDownStatesTimeIntervals		UP	
17462.9792	0.19919999999910942	UpDownStatesTimeIntervals		UP	
17469.0208	0.24160000000119908	UpDownStatesTimeIntervals		UP	
17469.7752	0.272000000000844	UpDownStatesTimeIntervals		UP	
17470.1416	0.2551999999996042	UpDownStatesTimeIntervals		DOWN	
17472.3744	0.1408000000010361	UpDownStatesTimeIntervals		UP	
17474.5984	0.4232000000010885	UpDownStatesTimeIntervals		DOWN	
17475.0216	0.2583999999988009	UpDownStatesTimeIntervals		UP	
17477.8576	0.15120000000024447	UpDownStatesTimeIntervals		UP	
17478.9328	0.3232000000025437	UpDownStatesTimeIntervals		UP	
17479.9632	0.23680000000240398	UpDownStatesTimeIntervals		UP	
17483.4552	0.16960000000108266	UpDownStatesTimeIntervals		UP	
17486.6136	0.1455999999998312	UpDownStatesTimeIntervals		UP	
17488.0904	0.127199999998993	UpDownStatesTimeIntervals		DOWN	
17488.2176	0.20160000000032596	UpDownStatesTimeIntervals		UP	
17491.8744	0.4048000000002503	UpDownStatesTimeIntervals		UP	
17492.8856	0.11199999999735155	UpDownStatesTimeIntervals		UP	
17493.5232	0.12480000000141445	UpDownStatesTimeIntervals		UP	
17494.1192	0.1863999999986845	UpDownStatesTimeIntervals		UP	
17494.8016	0.12960000000020955	UpDownStatesTimeIntervals		UP	
17495.7768	0.3719999999993888	UpDownStatesTimeIntervals		UP	
17496.652	0.13920000000143773	UpDownStatesTimeIntervals		UP	
17497.3352	0.12639999999737483	UpDownStatesTimeIntervals		UP	
17503.0664	0.14319999999861466	UpDownStatesTimeIntervals		UP	
17504.1016	0.1687999999994645	UpDownStatesTimeIntervals		UP	
17510.768	0.34319999999934225	UpDownStatesTimeIntervals		UP	
17511.3632	0.16240000000107102	UpDownStatesTimeIntervals		UP	
17512.9032	0.15279999999984284	UpDownStatesTimeIntervals		UP	
17513.4152	0.1687999999994645	UpDownStatesTimeIntervals		UP	
17513.6536	0.2767999999996391	UpDownStatesTimeIntervals		DOWN	
17514.1392	0.24639999999999418	UpDownStatesTimeIntervals		UP	
17515.4592	0.13359999999738648	UpDownStatesTimeIntervals		UP	
17515.7312	0.1760000000031141	UpDownStatesTimeIntervals		DOWN	
17516.1152	0.2727999999988242	UpDownStatesTimeIntervals		UP	
17517.1952	0.2496000000028289	UpDownStatesTimeIntervals		UP	
17518.1784	0.38880000000062864	UpDownStatesTimeIntervals		UP	
17519.0152	0.363999999997759	UpDownStatesTimeIntervals		DOWN	
17519.3792	0.31120000000009895	UpDownStatesTimeIntervals		UP	
17519.9456	0.17360000000189757	UpDownStatesTimeIntervals		UP	
17520.7032	0.16479999999864958	UpDownStatesTimeIntervals		DOWN	
17520.868	0.3328000000001339	UpDownStatesTimeIntervals		UP	
17522.4232	0.20719999999710126	UpDownStatesTimeIntervals		UP	
17523.1496	0.29680000000007567	UpDownStatesTimeIntervals		UP	
17523.536	0.15520000000105938	UpDownStatesTimeIntervals		DOWN	
17527.3912	0.16480000000228756	UpDownStatesTimeIntervals		UP	
17527.6504	0.14800000000104774	UpDownStatesTimeIntervals		DOWN	
17528.4832	0.22880000000077416	UpDownStatesTimeIntervals		UP	
17529.32	0.17919999999867287	UpDownStatesTimeIntervals		UP	
17530.3672	0.20160000000032596	UpDownStatesTimeIntervals		UP	
17535.6168	0.13999999999941792	UpDownStatesTimeIntervals		UP	
17535.8096	0.06559999999808497	UpDownStatesTimeIntervals		DOWN	
17536.5312	0.1783999999970547	UpDownStatesTimeIntervals		UP	
17543.8736	0.15279999999984284	UpDownStatesTimeIntervals		UP	
17546.664	0.21919999999954598	UpDownStatesTimeIntervals		UP	
17547.3048	0.44719999999870197	UpDownStatesTimeIntervals		DOWN	
17547.752	0.1368000000002212	UpDownStatesTimeIntervals		UP	
17549.6032	0.0367999999980384	UpDownStatesTimeIntervals		DOWN	
17549.9368	0.24560000000201399	UpDownStatesTimeIntervals		UP	
17551.5912	0.28399999999965075	UpDownStatesTimeIntervals		UP	
17552.2776	0.18799999999828287	UpDownStatesTimeIntervals		UP	
17552.9888	0.25600000000122236	UpDownStatesTimeIntervals		UP	
17557.2776	0.13439999999900465	UpDownStatesTimeIntervals		UP	
17558.1032	0.10399999999935972	UpDownStatesTimeIntervals		DOWN	
17558.2072	0.254399999997986	UpDownStatesTimeIntervals		UP	
17558.7416	0.38559999999779393	UpDownStatesTimeIntervals		UP	
17560.2032	0.18079999999827123	UpDownStatesTimeIntervals		UP	
17560.5944	0.18799999999828287	UpDownStatesTimeIntervals		DOWN	
17561.584	0.127200000002631	UpDownStatesTimeIntervals		UP	
17562.26	0.272000000000844	UpDownStatesTimeIntervals		UP	
17562.8952	0.13040000000182772	UpDownStatesTimeIntervals		DOWN	
17563.5472	0.14079999999739812	UpDownStatesTimeIntervals		UP	
17567.4056	0.1584000000002561	UpDownStatesTimeIntervals		UP	
17567.9488	0.2848000000012689	UpDownStatesTimeIntervals		UP	
17568.4096	0.23280000000158907	UpDownStatesTimeIntervals		DOWN	
17568.6424	0.2095999999983178	UpDownStatesTimeIntervals		UP	
17569.5904	0.2551999999996042	UpDownStatesTimeIntervals		UP	
17570.1632	0.2767999999996391	UpDownStatesTimeIntervals		DOWN	
17570.44	0.24160000000119908	UpDownStatesTimeIntervals		UP	
17570.8488	0.17919999999867287	UpDownStatesTimeIntervals		DOWN	
17575.0656	0.19759999999951106	UpDownStatesTimeIntervals		UP	
17577.3816	0.24399999999877764	UpDownStatesTimeIntervals		UP	
17578.0888	0.2767999999996391	UpDownStatesTimeIntervals		UP	
17578.6808	0.2504000000008091	UpDownStatesTimeIntervals		UP	
17580.0448	0.2688000000016473	UpDownStatesTimeIntervals		UP	
17585.7248	0.18799999999828287	UpDownStatesTimeIntervals		UP	
17586.8464	0.2496000000028289	UpDownStatesTimeIntervals		DOWN	
17587.096	0.18559999999706633	UpDownStatesTimeIntervals		UP	
17588.192	0.1408000000010361	UpDownStatesTimeIntervals		UP	
17588.5912	0.1128000000026077	UpDownStatesTimeIntervals		DOWN	
17588.704	0.14719999999942956	UpDownStatesTimeIntervals		UP	
17589.6632	0.15200000000186265	UpDownStatesTimeIntervals		UP	
17592.0416	0.16240000000107102	UpDownStatesTimeIntervals		UP	
17592.3128	0.4232000000010885	UpDownStatesTimeIntervals		DOWN	
17592.736	0.24320000000079744	UpDownStatesTimeIntervals		UP	
17593.488	0.14400000000023283	UpDownStatesTimeIntervals		UP	
17594.4368	0.30159999999887077	UpDownStatesTimeIntervals		DOWN	
17599.2456	0.2319999999999709	UpDownStatesTimeIntervals		UP	
17601.6128	0.07440000000133296	UpDownStatesTimeIntervals		DOWN	
17601.6872	0.15279999999984284	UpDownStatesTimeIntervals		UP	
17602.528	0.2992000000012922	UpDownStatesTimeIntervals		UP	
17605.7312	0.16719999999986612	UpDownStatesTimeIntervals		UP	
17608.0208	0.13520000000062282	UpDownStatesTimeIntervals		DOWN	
17608.4888	0.10399999999935972	UpDownStatesTimeIntervals		UP	
17610.0336	0.12880000000222935	UpDownStatesTimeIntervals		UP	
17610.62	0.17040000000270084	UpDownStatesTimeIntervals		UP	
17611.3504	0.144800000001851	UpDownStatesTimeIntervals		UP	
17611.888	0.15520000000105938	UpDownStatesTimeIntervals		UP	
17613.3304	0.17040000000270084	UpDownStatesTimeIntervals		UP	
17616.504	0.12479999999777647	UpDownStatesTimeIntervals		UP	
17618.1384	0.2848000000012689	UpDownStatesTimeIntervals		UP	
17620.6504	0.23680000000240398	UpDownStatesTimeIntervals		UP	
17621.5904	0.1591999999982363	UpDownStatesTimeIntervals		UP	
17622.68	0.1584000000002561	UpDownStatesTimeIntervals		UP	
17624.6552	0.1368000000002212	UpDownStatesTimeIntervals		UP	
17625.8024	0.1775999999990745	UpDownStatesTimeIntervals		UP	
17629.404	0.28720000000248547	UpDownStatesTimeIntervals		UP	
17629.8904	0.12559999999939464	UpDownStatesTimeIntervals		UP	
17630.0936	0.18479999999908614	UpDownStatesTimeIntervals		DOWN	
17630.6072	0.19760000000314903	UpDownStatesTimeIntervals		DOWN	
17631.2408	0.2592000000004191	UpDownStatesTimeIntervals		UP	
17634.3176	0.14400000000023283	UpDownStatesTimeIntervals		UP	
17638.6432	0.14400000000023283	UpDownStatesTimeIntervals		UP	
17640.0	15.0	SleepStates			WAKEstate
17656.0	61.0	SleepStates			NREMstate
17659.6984	0.10080000000016298	UpDownStatesTimeIntervals		DOWN	
17660.4704	0.1408000000010361	UpDownStatesTimeIntervals		UP	
17664.9216	0.15359999999782303	UpDownStatesTimeIntervals		UP	
17668.2608	0.13839999999981956	UpDownStatesTimeIntervals		UP	
17669.9368	0.1368000000002212	UpDownStatesTimeIntervals		UP	
17670.4904	0.15680000000065775	UpDownStatesTimeIntervals		UP	
17675.244	0.14320000000225264	UpDownStatesTimeIntervals		UP	
17675.4672	0.6464000000014494	UpDownStatesTimeIntervals		DOWN	
17677.3808	0.24400000000241562	UpDownStatesTimeIntervals		UP	
17678.6768	0.14079999999739812	UpDownStatesTimeIntervals		UP	
17679.5768	0.25680000000284053	UpDownStatesTimeIntervals		DOWN	
17679.8336	0.14479999999821302	UpDownStatesTimeIntervals		UP	
17680.404	0.153600000001461	UpDownStatesTimeIntervals		UP	
17681.4496	0.1368000000002212	UpDownStatesTimeIntervals		UP	
17682.164	0.23760000000038417	UpDownStatesTimeIntervals		UP	
17683.08	0.2743999999984226	UpDownStatesTimeIntervals		UP	
17684.5248	0.15200000000186265	UpDownStatesTimeIntervals		UP	
17692.1344	0.16240000000107102	UpDownStatesTimeIntervals		UP	
17692.6672	0.15279999999984284	UpDownStatesTimeIntervals		UP	
17696.084	0.16640000000188593	UpDownStatesTimeIntervals		UP	
17697.0456	0.14319999999861466	UpDownStatesTimeIntervals		DOWN	
17697.7576	0.34879999999975553	UpDownStatesTimeIntervals		UP	
17698.4016	0.16239999999743304	UpDownStatesTimeIntervals		UP	
17699.172	0.16480000000228756	UpDownStatesTimeIntervals		UP	
17703.828	0.1503999999986263	UpDownStatesTimeIntervals		UP	
17704.9432	0.2095999999983178	UpDownStatesTimeIntervals		UP	
17707.2928	0.24639999999999418	UpDownStatesTimeIntervals		UP	
17707.6008	0.3440000000009604	UpDownStatesTimeIntervals		DOWN	
17708.2776	0.1455999999998312	UpDownStatesTimeIntervals		UP	
17709.532	0.27520000000004075	UpDownStatesTimeIntervals		UP	
17710.2744	0.25520000000324217	UpDownStatesTimeIntervals		UP	
17710.5824	0.34640000000217697	UpDownStatesTimeIntervals		DOWN	
17710.9288	0.2911999999996624	UpDownStatesTimeIntervals		UP	
17718.0	9.0	SleepStates			WAKEstate
17728.0	153.0	SleepStates			NREMstate
17730.1064	0.10800000000017462	UpDownStatesTimeIntervals		UP	
17730.628	0.21440000000075088	UpDownStatesTimeIntervals		UP	
17731.1336	0.1496000000006461	UpDownStatesTimeIntervals		DOWN	
17733.6432	0.23840000000200234	UpDownStatesTimeIntervals		UP	
17735.8728	0.1640000000006694	UpDownStatesTimeIntervals		UP	
17737.1888	0.1775999999990745	UpDownStatesTimeIntervals		UP	
17738.2016	0.13360000000102445	UpDownStatesTimeIntervals		UP	
17739.1088	0.14079999999739812	UpDownStatesTimeIntervals		UP	
17740.0808	0.23359999999956926	UpDownStatesTimeIntervals		UP	
17742.592	0.236799999998766	UpDownStatesTimeIntervals		UP	
17743.6048	0.14079999999739812	UpDownStatesTimeIntervals		UP	
17748.7016	0.1591999999982363	UpDownStatesTimeIntervals		UP	
17749.248	0.053599999999278225	UpDownStatesTimeIntervals		DOWN	
17749.3016	0.15760000000227592	UpDownStatesTimeIntervals		UP	
17750.08	0.15279999999984284	UpDownStatesTimeIntervals		UP	
17750.7192	0.1496000000006461	UpDownStatesTimeIntervals		DOWN	
17750.8688	0.1368000000002212	UpDownStatesTimeIntervals		UP	
17751.7216	0.27520000000004075	UpDownStatesTimeIntervals		UP	
17752.1376	0.2952000000004773	UpDownStatesTimeIntervals		DOWN	
17753.0448	0.1496000000006461	UpDownStatesTimeIntervals		UP	
17756.4424	0.08320000000094296	UpDownStatesTimeIntervals		DOWN	
17756.5256	0.2504000000008091	UpDownStatesTimeIntervals		UP	
17768.6656	0.14640000000144937	UpDownStatesTimeIntervals		UP	
17770.1248	0.1415999999990163	UpDownStatesTimeIntervals		UP	
17770.9144	0.0591999999996915	UpDownStatesTimeIntervals		DOWN	
17771.108	0.24239999999917927	UpDownStatesTimeIntervals		UP	
17771.8808	0.12399999999979627	UpDownStatesTimeIntervals		UP	
17772.436	0.18319999999948777	UpDownStatesTimeIntervals		UP	
17772.8744	0.27920000000085565	UpDownStatesTimeIntervals		DOWN	
17773.1536	0.245599999998376	UpDownStatesTimeIntervals		UP	
17774.0048	0.13520000000062282	UpDownStatesTimeIntervals		UP	
17774.8896	0.21360000000277068	UpDownStatesTimeIntervals		UP	
17780.7776	0.26719999999841093	UpDownStatesTimeIntervals		UP	
17786.3952	0.22800000000279397	UpDownStatesTimeIntervals		UP	
17787.5736	0.15759999999863794	UpDownStatesTimeIntervals		UP	
17787.8264	0.33919999999852735	UpDownStatesTimeIntervals		DOWN	
17788.1656	0.36560000000099535	UpDownStatesTimeIntervals		UP	
17789.7232	0.14479999999821302	UpDownStatesTimeIntervals		UP	
17790.2752	0.22479999999995925	UpDownStatesTimeIntervals		UP	
17794.8072	0.18400000000110595	UpDownStatesTimeIntervals		UP	
17796.5648	0.26719999999841093	UpDownStatesTimeIntervals		DOWN	
17796.832	0.28720000000248547	UpDownStatesTimeIntervals		UP	
17798.9136	0.14800000000104774	UpDownStatesTimeIntervals		UP	
17799.492	0.2264000000031956	UpDownStatesTimeIntervals		UP	
17800.1824	0.14959999999700813	UpDownStatesTimeIntervals		UP	
17802.9552	0.1815999999998894	UpDownStatesTimeIntervals		UP	
17809.0632	0.13919999999779975	UpDownStatesTimeIntervals		UP	
17810.5264	0.19840000000112923	UpDownStatesTimeIntervals		UP	
17812.0048	0.12160000000221771	UpDownStatesTimeIntervals		UP	
17813.5824	0.17599999999947613	UpDownStatesTimeIntervals		UP	
17817.4856	0.24320000000079744	UpDownStatesTimeIntervals		UP	
17818.1992	0.32400000000052387	UpDownStatesTimeIntervals		DOWN	
17818.5232	0.2952000000004773	UpDownStatesTimeIntervals		UP	
17819.1624	0.22719999999753782	UpDownStatesTimeIntervals		DOWN	
17819.3896	0.16719999999986612	UpDownStatesTimeIntervals		UP	
17821.0256	0.22639999999955762	UpDownStatesTimeIntervals		UP	
17823.7312	0.22400000000197906	UpDownStatesTimeIntervals		UP	
17825.4864	0.13839999999981956	UpDownStatesTimeIntervals		UP	
17826.0112	0.26239999999961583	UpDownStatesTimeIntervals		UP	
17828.6816	0.14719999999942956	UpDownStatesTimeIntervals		UP	
17829.708	0.1687999999994645	UpDownStatesTimeIntervals		UP	
17830.984	0.15359999999782303	UpDownStatesTimeIntervals		UP	
17834.3944	0.29439999999885913	UpDownStatesTimeIntervals		UP	
17834.9288	0.0911999999989348	UpDownStatesTimeIntervals		DOWN	
17835.6624	0.17840000000069267	UpDownStatesTimeIntervals		UP	
17836.8024	0.25279999999838765	UpDownStatesTimeIntervals		UP	
17838.7904	0.1591999999982363	UpDownStatesTimeIntervals		UP	
17839.5216	0.2088000000003376	UpDownStatesTimeIntervals		UP	
17840.1096	0.08799999999973807	UpDownStatesTimeIntervals		DOWN	
17840.2792	0.17120000000068103	UpDownStatesTimeIntervals		UP	
17840.9136	0.127199999998993	UpDownStatesTimeIntervals		UP	
17841.4616	0.23760000000038417	UpDownStatesTimeIntervals		UP	
17842.04	0.2727999999988242	UpDownStatesTimeIntervals		DOWN	
17842.5896	0.26640000000043074	UpDownStatesTimeIntervals		UP	
17843.4008	0.16560000000026776	UpDownStatesTimeIntervals		UP	
17844.4808	0.14959999999700813	UpDownStatesTimeIntervals		UP	
17845.012	0.058400000001711305	UpDownStatesTimeIntervals		DOWN	
17845.8752	0.20720000000073924	UpDownStatesTimeIntervals		UP	
17846.2352	0.24239999999917927	UpDownStatesTimeIntervals		DOWN	
17846.4776	0.17760000000271248	UpDownStatesTimeIntervals		UP	
17846.8752	0.10720000000219443	UpDownStatesTimeIntervals		DOWN	
17846.9824	0.17120000000068103	UpDownStatesTimeIntervals		UP	
17847.812	0.1503999999986263	UpDownStatesTimeIntervals		UP	
17848.496	0.26000000000203727	UpDownStatesTimeIntervals		DOWN	
17848.756	0.15359999999782303	UpDownStatesTimeIntervals		UP	
17855.9192	0.17120000000068103	UpDownStatesTimeIntervals		UP	
17856.852	0.127200000002631	UpDownStatesTimeIntervals		UP	
17858.4928	0.21679999999832944	UpDownStatesTimeIntervals		UP	
17860.4544	0.15040000000226428	UpDownStatesTimeIntervals		UP	
17860.7336	0.3096000000005006	UpDownStatesTimeIntervals		DOWN	
17861.132	0.14799999999740976	UpDownStatesTimeIntervals		UP	
17869.1312	0.1176000000014028	UpDownStatesTimeIntervals		DOWN	
17869.5232	0.17039999999906286	UpDownStatesTimeIntervals		UP	
17869.764	0.27520000000004075	UpDownStatesTimeIntervals		DOWN	
17870.0392	0.34640000000217697	UpDownStatesTimeIntervals		UP	
17871.9088	0.24399999999877764	UpDownStatesTimeIntervals		UP	
17872.9168	0.23840000000200234	UpDownStatesTimeIntervals		UP	
17873.7776	0.08799999999973807	UpDownStatesTimeIntervals		DOWN	
17873.8656	0.26959999999962747	UpDownStatesTimeIntervals		UP	
17878.34	0.1320000000014261	UpDownStatesTimeIntervals		UP	
17881.3024	0.14719999999942956	UpDownStatesTimeIntervals		UP	
17882.0	12.0	SleepStates			WAKEstate
17895.0	11.0	SleepStates			NREMstate
17895.0856	0.2232000000003609	UpDownStatesTimeIntervals		UP	
17895.704	0.14799999999740976	UpDownStatesTimeIntervals		UP	
17896.5	0.2360000000007858	UpDownStatesTimeIntervals		UP	
17896.9624	0.21119999999791617	UpDownStatesTimeIntervals		DOWN	
17897.1736	0.15200000000186265	UpDownStatesTimeIntervals		UP	
17897.776	0.32879999999931897	UpDownStatesTimeIntervals		DOWN	
17898.3624	0.13439999999900465	UpDownStatesTimeIntervals		UP	
17900.9896	0.19759999999951106	UpDownStatesTimeIntervals		UP	
17901.728	0.20639999999912106	UpDownStatesTimeIntervals		UP	
17902.0	0.32400000000052387	UpDownStatesTimeIntervals		DOWN	
17902.324	0.1224000000001979	UpDownStatesTimeIntervals		UP	
17903.396	0.10480000000097789	UpDownStatesTimeIntervals		UP	
17904.1824	0.2775999999976193	UpDownStatesTimeIntervals		UP	
17904.9784	0.14400000000023283	UpDownStatesTimeIntervals		UP	
17905.3664	0.23919999999998254	UpDownStatesTimeIntervals		UP	
17907.0	67.0	SleepStates			WAKEstate
17975.0	304.0	SleepStates			NREMstate
17976.8856	0.14799999999740976	UpDownStatesTimeIntervals		UP	
17977.9032	0.26080000000001746	UpDownStatesTimeIntervals		UP	
17978.3424	0.051199999998061685	UpDownStatesTimeIntervals		DOWN	
17984.0	0.22479999999995925	UpDownStatesTimeIntervals		UP	
17985.6432	0.15040000000226428	UpDownStatesTimeIntervals		UP	
17986.5968	0.24720000000161235	UpDownStatesTimeIntervals		DOWN	
17987.1248	0.007999999997991836	UpDownStatesTimeIntervals		DOWN	
17987.76	0.1728000000002794	UpDownStatesTimeIntervals		UP	
17988.292	0.14879999999902793	UpDownStatesTimeIntervals		UP	
17988.9616	0.15040000000226428	UpDownStatesTimeIntervals		UP	
17992.728	0.13520000000062282	UpDownStatesTimeIntervals		UP	
17995.584	0.2319999999999709	UpDownStatesTimeIntervals		UP	
17998.2264	0.18479999999908614	UpDownStatesTimeIntervals		UP	
17999.1984	0.3783999999977823	UpDownStatesTimeIntervals		UP	
18000.012	0.272000000000844	UpDownStatesTimeIntervals		UP	
18000.62	0.11520000000018626	UpDownStatesTimeIntervals		UP	
18001.2552	0.1592000000018743	UpDownStatesTimeIntervals		UP	
18002.0808	0.17120000000068103	UpDownStatesTimeIntervals		UP	
18009.6208	0.1863999999986845	UpDownStatesTimeIntervals		UP	
18010.2936	0.19440000000031432	UpDownStatesTimeIntervals		UP	
18010.8376	0.09440000000176951	UpDownStatesTimeIntervals		UP	
18011.5304	0.2040000000015425	UpDownStatesTimeIntervals		UP	
18012.3736	0.15279999999984284	UpDownStatesTimeIntervals		UP	
18013.0776	0.20239999999830616	UpDownStatesTimeIntervals		UP	
18013.6168	0.1368000000002212	UpDownStatesTimeIntervals		UP	
18018.5784	0.3600000000005821	UpDownStatesTimeIntervals		UP	
18023.344	0.3495999999977357	UpDownStatesTimeIntervals		UP	
18023.956	0.22560000000157743	UpDownStatesTimeIntervals		UP	
18024.4576	0.05679999999847496	UpDownStatesTimeIntervals		DOWN	
18024.7176	0.26239999999961583	UpDownStatesTimeIntervals		UP	
18025.5944	0.1863999999986845	UpDownStatesTimeIntervals		UP	
18026.6224	0.16240000000107102	UpDownStatesTimeIntervals		UP	
18026.84	0.1768000000010943	UpDownStatesTimeIntervals		DOWN	
18027.2264	0.18720000000030268	UpDownStatesTimeIntervals		UP	
18031.54	0.12559999999939464	UpDownStatesTimeIntervals		UP	
18032.2224	0.14720000000306754	UpDownStatesTimeIntervals		UP	
18032.7088	0.20239999999830616	UpDownStatesTimeIntervals		UP	
18033.2608	0.2272000000011758	UpDownStatesTimeIntervals		DOWN	
18033.488	0.40239999999903375	UpDownStatesTimeIntervals		UP	
18034.5568	0.1455999999998312	UpDownStatesTimeIntervals		UP	
18035.4712	0.153600000001461	UpDownStatesTimeIntervals		UP	
18036.4384	0.15520000000105938	UpDownStatesTimeIntervals		UP	
18037.1664	0.17920000000231084	UpDownStatesTimeIntervals		UP	
18038.5672	0.04719999999724678	UpDownStatesTimeIntervals		DOWN	
18038.6144	0.14640000000144937	UpDownStatesTimeIntervals		UP	
18039.2312	0.10320000000137952	UpDownStatesTimeIntervals		DOWN	
18041.8144	0.16319999999905122	UpDownStatesTimeIntervals		UP	
18042.7424	0.25760000000082073	UpDownStatesTimeIntervals		UP	
18046.2784	0.45600000000194996	UpDownStatesTimeIntervals		UP	
18048.6328	0.2536000000000058	UpDownStatesTimeIntervals		UP	
18049.3696	0.15679999999701977	UpDownStatesTimeIntervals		UP	
18050.1912	0.19440000000031432	UpDownStatesTimeIntervals		UP	
18052.5264	0.13119999999980791	UpDownStatesTimeIntervals		UP	
18053.0008	0.1415999999990163	UpDownStatesTimeIntervals		UP	
18053.2688	0.1959999999999127	UpDownStatesTimeIntervals		DOWN	
18053.4648	0.22239999999874271	UpDownStatesTimeIntervals		UP	
18054.6384	0.17840000000069267	UpDownStatesTimeIntervals		UP	
18057.556	0.14719999999942956	UpDownStatesTimeIntervals		UP	
18058.2024	0.1488000000026659	UpDownStatesTimeIntervals		DOWN	
18059.2968	0.1728000000002794	UpDownStatesTimeIntervals		UP	
18060.1248	0.15679999999701977	UpDownStatesTimeIntervals		UP	
18061.352	0.06000000000130967	UpDownStatesTimeIntervals		DOWN	
18061.9888	0.1680000000014843	UpDownStatesTimeIntervals		UP	
18063.2232	0.2639999999992142	UpDownStatesTimeIntervals		UP	
18064.7448	0.16639999999824795	UpDownStatesTimeIntervals		UP	
18066.7776	0.17199999999866122	UpDownStatesTimeIntervals		UP	
18067.3832	0.14879999999902793	UpDownStatesTimeIntervals		UP	
18067.7568	0.18000000000029104	UpDownStatesTimeIntervals		DOWN	
18071.7944	0.14320000000225264	UpDownStatesTimeIntervals		UP	
18072.6128	0.144800000001851	UpDownStatesTimeIntervals		UP	
18075.108	0.056000000000494765	UpDownStatesTimeIntervals		DOWN	
18075.7232	0.13360000000102445	UpDownStatesTimeIntervals		UP	
18076.48	0.1415999999990163	UpDownStatesTimeIntervals		UP	
18077.4272	0.21039999999993597	UpDownStatesTimeIntervals		UP	
18081.884	0.1592000000018743	UpDownStatesTimeIntervals		UP	
18083.0168	0.23359999999956926	UpDownStatesTimeIntervals		UP	
18083.98	0.3760000000002037	UpDownStatesTimeIntervals		UP	
18086.3928	0.15679999999701977	UpDownStatesTimeIntervals		UP	
18087.224	0.13280000000304426	UpDownStatesTimeIntervals		UP	
18088.7936	0.2183999999979278	UpDownStatesTimeIntervals		UP	
18089.7888	0.13760000000183936	UpDownStatesTimeIntervals		UP	
18090.0752	0.14320000000225264	UpDownStatesTimeIntervals		DOWN	
18090.3312	0.10640000000057626	UpDownStatesTimeIntervals		UP	
18091.0464	0.23440000000118744	UpDownStatesTimeIntervals		UP	
18092.5784	0.1455999999998312	UpDownStatesTimeIntervals		UP	
18093.1792	0.13760000000183936	UpDownStatesTimeIntervals		UP	
18094.9768	0.14879999999902793	UpDownStatesTimeIntervals		UP	
18096.148	0.1231999999981781	UpDownStatesTimeIntervals		UP	
18097.9328	0.11920000000100117	UpDownStatesTimeIntervals		UP	
18099.1984	0.24399999999877764	UpDownStatesTimeIntervals		UP	
18101.2288	0.2511999999987893	UpDownStatesTimeIntervals		UP	
18103.752	0.1496000000006461	UpDownStatesTimeIntervals		UP	
18106.4232	0.16479999999864958	UpDownStatesTimeIntervals		UP	
18106.9352	0.14719999999942956	UpDownStatesTimeIntervals		UP	
18107.6504	0.14800000000104774	UpDownStatesTimeIntervals		UP	
18108.3344	0.19039999999949941	UpDownStatesTimeIntervals		UP	
18108.7064	0.2312000000019907	UpDownStatesTimeIntervals		DOWN	
18109.7048	0.13999999999941792	UpDownStatesTimeIntervals		UP	
18109.932	0.19359999999869615	UpDownStatesTimeIntervals		DOWN	
18112.9144	0.14319999999861466	UpDownStatesTimeIntervals		UP	
18114.6488	0.263200000001234	UpDownStatesTimeIntervals		UP	
18118.2136	0.14719999999942956	UpDownStatesTimeIntervals		UP	
18121.9464	0.13039999999818974	UpDownStatesTimeIntervals		UP	
18124.9784	0.15120000000024447	UpDownStatesTimeIntervals		UP	
18128.3472	0.2407999999995809	UpDownStatesTimeIntervals		UP	
18129.4216	0.32079999999768916	UpDownStatesTimeIntervals		UP	
18129.94	0.05199999999967986	UpDownStatesTimeIntervals		DOWN	
18130.7008	0.18000000000029104	UpDownStatesTimeIntervals		UP	
18131.264	0.10720000000219443	UpDownStatesTimeIntervals		UP	
18131.692	0.24239999999917927	UpDownStatesTimeIntervals		UP	
18132.2416	0.4879999999975553	UpDownStatesTimeIntervals		UP	
18133.1048	0.13359999999738648	UpDownStatesTimeIntervals		UP	
18133.9312	0.1543999999994412	UpDownStatesTimeIntervals		UP	
18134.528	0.19680000000153086	UpDownStatesTimeIntervals		UP	
18135.436	0.25279999999838765	UpDownStatesTimeIntervals		DOWN	
18135.6888	0.24720000000161235	UpDownStatesTimeIntervals		UP	
18136.9	0.32639999999810243	UpDownStatesTimeIntervals		UP	
18137.3288	0.17439999999987776	UpDownStatesTimeIntervals		DOWN	
18137.896	0.17199999999866122	UpDownStatesTimeIntervals		UP	
18138.4496	0.19280000000071595	UpDownStatesTimeIntervals		UP	
18143.7064	0.19280000000071595	UpDownStatesTimeIntervals		UP	
18145.2512	0.29360000000087894	UpDownStatesTimeIntervals		UP	
18146.076	0.2743999999984226	UpDownStatesTimeIntervals		DOWN	
18146.3504	0.26080000000001746	UpDownStatesTimeIntervals		UP	
18147.4808	0.15759999999863794	UpDownStatesTimeIntervals		UP	
18149.3688	0.09279999999853317	UpDownStatesTimeIntervals		UP	
18149.8736	0.1496000000006461	UpDownStatesTimeIntervals		UP	
18153.8936	0.25600000000122236	UpDownStatesTimeIntervals		UP	
18156.7232	0.16639999999824795	UpDownStatesTimeIntervals		UP	
18157.2552	0.35199999999895226	UpDownStatesTimeIntervals		DOWN	
18159.7952	0.15120000000024447	UpDownStatesTimeIntervals		UP	
18160.2432	0.2864000000008673	UpDownStatesTimeIntervals		UP	
18161.6952	0.2864000000008673	UpDownStatesTimeIntervals		UP	
18162.728	0.06079999999928987	UpDownStatesTimeIntervals		DOWN	
18163.352	0.35280000000057044	UpDownStatesTimeIntervals		UP	
18164.7648	0.26239999999961583	UpDownStatesTimeIntervals		UP	
18165.7728	0.22000000000116415	UpDownStatesTimeIntervals		UP	
18166.3416	0.21199999999953434	UpDownStatesTimeIntervals		UP	
18166.9272	0.2080000000023574	UpDownStatesTimeIntervals		UP	
18167.576	0.24320000000079744	UpDownStatesTimeIntervals		UP	
18170.4776	0.4279999999998836	UpDownStatesTimeIntervals		UP	
18171.3744	0.32079999999768916	UpDownStatesTimeIntervals		UP	
18172.768	0.22479999999995925	UpDownStatesTimeIntervals		UP	
18173.6192	0.35359999999855063	UpDownStatesTimeIntervals		UP	
18175.2456	0.2768000000032771	UpDownStatesTimeIntervals		UP	
18175.992	0.2528000000020256	UpDownStatesTimeIntervals		UP	
18177.2176	0.058400000001711305	UpDownStatesTimeIntervals		DOWN	
18177.276	0.22559999999793945	UpDownStatesTimeIntervals		UP	
18177.8288	0.2040000000015425	UpDownStatesTimeIntervals		UP	
18178.4504	0.118399999999383	UpDownStatesTimeIntervals		UP	
18179.0128	0.2551999999996042	UpDownStatesTimeIntervals		UP	
18179.8472	0.236799999998766	UpDownStatesTimeIntervals		DOWN	
18180.084	0.2736000000004424	UpDownStatesTimeIntervals		UP	
18180.9312	0.1680000000014843	UpDownStatesTimeIntervals		UP	
18181.4136	0.25760000000082073	UpDownStatesTimeIntervals		UP	
18182.528	0.13280000000304426	UpDownStatesTimeIntervals		UP	
18184.1	0.19360000000233413	UpDownStatesTimeIntervals		UP	
18185.0536	0.1584000000002561	UpDownStatesTimeIntervals		UP	
18186.7496	0.16560000000026776	UpDownStatesTimeIntervals		UP	
18187.2416	0.15999999999985448	UpDownStatesTimeIntervals		UP	
18188.2512	0.14160000000265427	UpDownStatesTimeIntervals		UP	
18192.7704	0.010399999999208376	UpDownStatesTimeIntervals		DOWN	
18192.7808	0.17439999999987776	UpDownStatesTimeIntervals		UP	
18196.7144	0.05279999999766005	UpDownStatesTimeIntervals		DOWN	
18197.2208	0.14800000000104774	UpDownStatesTimeIntervals		DOWN	
18197.3688	0.27999999999883585	UpDownStatesTimeIntervals		UP	
18199.1944	0.17120000000068103	UpDownStatesTimeIntervals		UP	
18199.9704	0.2528000000020256	UpDownStatesTimeIntervals		UP	
18200.6736	0.1592000000018743	UpDownStatesTimeIntervals		UP	
18201.292	0.24319999999715947	UpDownStatesTimeIntervals		UP	
18201.6688	0.3176000000021304	UpDownStatesTimeIntervals		DOWN	
18202.1536	0.1775999999990745	UpDownStatesTimeIntervals		UP	
18202.9904	0.153600000001461	UpDownStatesTimeIntervals		UP	
18203.736	0.11279999999896972	UpDownStatesTimeIntervals		DOWN	
18204.2536	0.22160000000076252	UpDownStatesTimeIntervals		UP	
18205.4088	0.12800000000061118	UpDownStatesTimeIntervals		UP	
18206.1456	0.24880000000121072	UpDownStatesTimeIntervals		UP	
18206.8784	0.1415999999990163	UpDownStatesTimeIntervals		UP	
18207.3664	0.08959999999933643	UpDownStatesTimeIntervals		DOWN	
18207.456	0.24400000000241562	UpDownStatesTimeIntervals		UP	
18208.236	0.1455999999998312	UpDownStatesTimeIntervals		UP	
18209.0976	0.23839999999836436	UpDownStatesTimeIntervals		UP	
18209.8368	0.13520000000062282	UpDownStatesTimeIntervals		UP	
18210.296	0.39280000000144355	UpDownStatesTimeIntervals		UP	
18211.232	0.14319999999861466	UpDownStatesTimeIntervals		UP	
18214.0368	0.2591999999967811	UpDownStatesTimeIntervals		UP	
18214.3912	0.25120000000242726	UpDownStatesTimeIntervals		DOWN	
18224.1832	0.14640000000144937	UpDownStatesTimeIntervals		UP	
18224.7896	0.14719999999942956	UpDownStatesTimeIntervals		UP	
18225.1208	0.047200000000884756	UpDownStatesTimeIntervals		DOWN	
18226.1248	0.16719999999986612	UpDownStatesTimeIntervals		UP	
18226.832	0.08079999999972642	UpDownStatesTimeIntervals		DOWN	
18227.5944	0.3231999999989057	UpDownStatesTimeIntervals		UP	
18231.5568	0.17360000000189757	UpDownStatesTimeIntervals		UP	
18233.204	0.13279999999940628	UpDownStatesTimeIntervals		UP	
18234.1288	0.2551999999996042	UpDownStatesTimeIntervals		UP	
18234.9656	0.14640000000144937	UpDownStatesTimeIntervals		UP	
18236.8672	0.1463999999978114	UpDownStatesTimeIntervals		UP	
18237.0312	0.3184000000001106	UpDownStatesTimeIntervals		DOWN	
18237.4616	0.13520000000062282	UpDownStatesTimeIntervals		UP	
18237.8952	0.24639999999999418	UpDownStatesTimeIntervals		UP	
18243.0376	0.2592000000004191	UpDownStatesTimeIntervals		UP	
18245.7376	0.044799999999668216	UpDownStatesTimeIntervals		DOWN	
18246.1552	0.34799999999813735	UpDownStatesTimeIntervals		UP	
18247.3	0.15120000000024447	UpDownStatesTimeIntervals		UP	
18250.4848	0.15040000000226428	UpDownStatesTimeIntervals		UP	
18251.0336	0.12160000000221771	UpDownStatesTimeIntervals		UP	
18253.2184	0.1543999999994412	UpDownStatesTimeIntervals		UP	
18254.0832	0.2183999999979278	UpDownStatesTimeIntervals		UP	
18254.7808	0.13599999999860302	UpDownStatesTimeIntervals		UP	
18257.7088	0.13279999999940628	UpDownStatesTimeIntervals		UP	
18266.96	0.25760000000082073	UpDownStatesTimeIntervals		UP	
18268.548	0.22880000000077416	UpDownStatesTimeIntervals		UP	
18269.1304	0.15280000000348082	UpDownStatesTimeIntervals		UP	
18269.6736	0.22560000000157743	UpDownStatesTimeIntervals		UP	
18270.6568	0.11279999999896972	UpDownStatesTimeIntervals		UP	
18271.384	0.14640000000144937	UpDownStatesTimeIntervals		UP	
18275.1456	0.1176000000014028	UpDownStatesTimeIntervals		DOWN	
18275.76	0.14400000000023283	UpDownStatesTimeIntervals		UP	
18277.1024	0.12399999999979627	UpDownStatesTimeIntervals		UP	
18277.2456	0.2400000000016007	UpDownStatesTimeIntervals		DOWN	
18280.0	116.0	SleepStates			WAKEstate
18396.0216	0.18400000000110595	UpDownStatesTimeIntervals		UP	
18397.0	24.0	SleepStates			NREMstate
18398.1672	0.15680000000065775	UpDownStatesTimeIntervals		UP	
18399.0416	0.1687999999994645	UpDownStatesTimeIntervals		UP	
18400.372	0.153600000001461	UpDownStatesTimeIntervals		UP	
18401.024	0.14239999999699648	UpDownStatesTimeIntervals		DOWN	
18404.336	0.14320000000225264	UpDownStatesTimeIntervals		UP	
18407.544	0.23919999999998254	UpDownStatesTimeIntervals		UP	
18408.3352	0.30719999999928405	UpDownStatesTimeIntervals		UP	
18409.4904	0.3576000000030035	UpDownStatesTimeIntervals		UP	
18411.0584	0.11119999999937136	UpDownStatesTimeIntervals		UP	
18411.5504	0.32879999999931897	UpDownStatesTimeIntervals		UP	
18412.2048	0.13920000000143773	UpDownStatesTimeIntervals		UP	
18415.832	0.16560000000026776	UpDownStatesTimeIntervals		UP	
18416.4136	0.09920000000056461	UpDownStatesTimeIntervals		UP	
18416.7136	0.6208000000005995	UpDownStatesTimeIntervals		UP	
18416.7872	0.5472000000008848	UpDownStatesTimeIntervals		DOWN	
18417.4648	0.1551999999974214	UpDownStatesTimeIntervals		UP	
18418.0384	0.12479999999777647	UpDownStatesTimeIntervals		UP	
18418.2232	0.26480000000083237	UpDownStatesTimeIntervals		DOWN	
18418.6808	0.3048000000017055	UpDownStatesTimeIntervals		UP	
18419.3928	0.2319999999999709	UpDownStatesTimeIntervals		UP	
18419.9016	0.2319999999999709	UpDownStatesTimeIntervals		UP	
18422.0	570.0	SleepStates			WAKEstate
18993.0	11.0	SleepStates			NREMstate
18993.624	0.13760000000183936	UpDownStatesTimeIntervals		UP	
18995.5472	0.2551999999996042	UpDownStatesTimeIntervals		UP	
18998.8272	0.17919999999867287	UpDownStatesTimeIntervals		UP	
18999.4152	0.14320000000225264	UpDownStatesTimeIntervals		UP	
19002.9176	0.3127999999996973	UpDownStatesTimeIntervals		UP	
19005.0	8.0	SleepStates			WAKEstate
19014.0	10.0	SleepStates			NREMstate
19014.9544	0.144800000001851	UpDownStatesTimeIntervals		UP	
19016.4216	0.15999999999985448	UpDownStatesTimeIntervals		UP	
19018.1216	0.1959999999999127	UpDownStatesTimeIntervals		UP	
19020.7128	0.1455999999998312	UpDownStatesTimeIntervals		UP	
19021.5512	0.1231999999981781	UpDownStatesTimeIntervals		UP	
19025.0	18.0	SleepStates			WAKEstate
19044.0	8.0	SleepStates			NREMstate
19044.5048	0.15279999999984284	UpDownStatesTimeIntervals		UP	
19045.3016	0.16480000000228756	UpDownStatesTimeIntervals		UP	
19046.0192	0.22080000000278233	UpDownStatesTimeIntervals		UP	
19046.7968	0.12159999999857973	UpDownStatesTimeIntervals		UP	
19047.312	0.15679999999701977	UpDownStatesTimeIntervals		UP	
19047.5744	0.20319999999992433	UpDownStatesTimeIntervals		DOWN	
19048.9904	0.20080000000234577	UpDownStatesTimeIntervals		UP	
19053.0	143.0	SleepStates			WAKEstate
19197.0	9.0	SleepStates			NREMstate
19201.1824	0.12079999999696156	UpDownStatesTimeIntervals		UP	
19204.0576	0.1320000000014261	UpDownStatesTimeIntervals		UP	
19205.0736	0.14640000000144937	UpDownStatesTimeIntervals		UP	
19207.0	10.0	SleepStates			WAKEstate
19218.0	43.0	SleepStates			NREMstate
19222.2864	0.13839999999981956	UpDownStatesTimeIntervals		UP	
19229.5296	0.14239999999699648	UpDownStatesTimeIntervals		UP	
19230.1488	0.16960000000108266	UpDownStatesTimeIntervals		UP	
19233.5792	0.1224000000001979	UpDownStatesTimeIntervals		UP	
19234.2096	0.028800000000046566	UpDownStatesTimeIntervals		DOWN	
19234.3176	0.1728000000002794	UpDownStatesTimeIntervals		UP	
19239.5232	0.07679999999891152	UpDownStatesTimeIntervals		DOWN	
19239.7752	0.14800000000104774	UpDownStatesTimeIntervals		UP	
19249.5168	0.17119999999704305	UpDownStatesTimeIntervals		UP	
19252.2104	0.1543999999994412	UpDownStatesTimeIntervals		UP	
19254.2912	0.13920000000143773	UpDownStatesTimeIntervals		UP	
19254.9888	0.17840000000069267	UpDownStatesTimeIntervals		UP	
19255.22	0.20799999999871943	UpDownStatesTimeIntervals		DOWN	
19259.9496	0.25679999999920256	UpDownStatesTimeIntervals		UP	
19261.6952	0.13040000000182772	UpDownStatesTimeIntervals		UP	
19262.0	15.0	SleepStates			WAKEstate
19278.0	11.0	SleepStates			NREMstate
19280.9752	0.14400000000023283	UpDownStatesTimeIntervals		UP	
19282.4352	0.153600000001461	UpDownStatesTimeIntervals		UP	
19283.28	0.127200000002631	UpDownStatesTimeIntervals		UP	
19285.956	0.2800000000024738	UpDownStatesTimeIntervals		UP	
19290.0	10.0	SleepStates			WAKEstate
19301.0	16.0	SleepStates			NREMstate
19301.676	0.13760000000183936	UpDownStatesTimeIntervals		UP	
19302.2064	0.118399999999383	UpDownStatesTimeIntervals		UP	
19303.772	0.13359999999738648	UpDownStatesTimeIntervals		UP	
19304.5264	0.25760000000082073	UpDownStatesTimeIntervals		DOWN	
19304.784	0.26160000000163564	UpDownStatesTimeIntervals		UP	
19305.5008	0.14479999999821302	UpDownStatesTimeIntervals		UP	
19307.6056	0.2496000000028289	UpDownStatesTimeIntervals		UP	
19308.1016	0.33919999999852735	UpDownStatesTimeIntervals		DOWN	
19308.4408	0.15279999999984284	UpDownStatesTimeIntervals		UP	
19309.1592	0.17840000000069267	UpDownStatesTimeIntervals		DOWN	
19310.4144	0.13839999999981956	UpDownStatesTimeIntervals		UP	
19311.284	0.30719999999928405	UpDownStatesTimeIntervals		UP	
19314.0952	0.12399999999979627	UpDownStatesTimeIntervals		UP	
19314.9088	0.062399999998888234	UpDownStatesTimeIntervals		DOWN	
19316.2768	0.11600000000180444	UpDownStatesTimeIntervals		UP	
19316.852	0.11119999999937136	UpDownStatesTimeIntervals		UP	
19318.0	121.0	SleepStates			WAKEstate
19440.0	7.0	SleepStates			NREMstate
19440.5528	0.1368000000002212	UpDownStatesTimeIntervals		UP	
19441.0816	0.118399999999383	UpDownStatesTimeIntervals		UP	
19441.524	0.22879999999713618	UpDownStatesTimeIntervals		UP	
19442.468	0.2551999999996042	UpDownStatesTimeIntervals		UP	
19443.4504	0.08319999999730499	UpDownStatesTimeIntervals		DOWN	
19444.1696	0.3783999999977823	UpDownStatesTimeIntervals		UP	
19446.5368	0.12959999999657157	UpDownStatesTimeIntervals		UP	
19448.0	202.0	SleepStates			WAKEstate
19650.88	0.10399999999935972	UpDownStatesTimeIntervals		UP	
19651.0	21.0	SleepStates			NREMstate
19651.4296	0.27440000000206055	UpDownStatesTimeIntervals		UP	
19652.4112	0.1128000000026077	UpDownStatesTimeIntervals		UP	
19653.2248	0.14240000000063446	UpDownStatesTimeIntervals		UP	
19654.2016	0.2855999999992491	UpDownStatesTimeIntervals		UP	
19655.6448	0.144800000001851	UpDownStatesTimeIntervals		UP	
19656.8992	0.13599999999860302	UpDownStatesTimeIntervals		UP	
19657.7048	0.17520000000149594	UpDownStatesTimeIntervals		UP	
19659.604	0.1640000000006694	UpDownStatesTimeIntervals		UP	
19660.644	0.14879999999902793	UpDownStatesTimeIntervals		UP	
19661.2936	0.17599999999947613	UpDownStatesTimeIntervals		UP	
19661.9432	0.13759999999820138	UpDownStatesTimeIntervals		UP	
19665.2416	0.09439999999813153	UpDownStatesTimeIntervals		DOWN	
19665.5552	0.2407999999995809	UpDownStatesTimeIntervals		UP	
19667.6584	0.14400000000023283	UpDownStatesTimeIntervals		UP	
19668.2352	0.15760000000227592	UpDownStatesTimeIntervals		UP	
19669.4648	0.06159999999727006	UpDownStatesTimeIntervals		DOWN	
19670.2776	0.1455999999998312	UpDownStatesTimeIntervals		UP	
19673.0	19.0	SleepStates			WAKEstate
19693.0	7.0	SleepStates			NREMstate
19694.972	0.1783999999970547	UpDownStatesTimeIntervals		UP	
19695.4312	0.20080000000234577	UpDownStatesTimeIntervals		UP	
19696.3288	0.153600000001461	UpDownStatesTimeIntervals		UP	
19696.936	0.2407999999995809	UpDownStatesTimeIntervals		UP	
19697.4608	0.06719999999768334	UpDownStatesTimeIntervals		UP	
19699.6752	0.14079999999739812	UpDownStatesTimeIntervals		UP	
19700.58	0.10479999999733991	UpDownStatesTimeIntervals		UP	
19701.0	8.0	SleepStates			WAKEstate
