onset	duration	nwb_table	epoch_name	peak_time	center_time	state	label
0.0	3559.0741	epochs	fCamk5_210406_084230				
1.0	158.0	SleepStates					NREMstate
13.1752	0.13679999999999914	UpDownStatesTimeIntervals				UP	
20.428	0.23519999999999897	UpDownStatesTimeIntervals				UP	
20.976	0.2759999999999998	UpDownStatesTimeIntervals				UP	
22.4696	0.19200000000000017	UpDownStatesTimeIntervals				DOWN	
22.8368	0.24480000000000146	UpDownStatesTimeIntervals				UP	
30.0504	0.15919999999999845	UpDownStatesTimeIntervals				UP	
31.323	0.09399999999999764	HSETimeIntervals		31.38	31.37		
32.3312	0.14239999999999498	UpDownStatesTimeIntervals				UP	
32.7488	0.1495999999999995	UpDownStatesTimeIntervals				DOWN	
33.6576	0.2623999999999995	UpDownStatesTimeIntervals				UP	
34.3568	0.20960000000000178	UpDownStatesTimeIntervals				DOWN	
36.097	0.1390000000000029	HSETimeIntervals		36.204	36.1665		
37.1872	0.20000000000000284	UpDownStatesTimeIntervals				UP	
38.1296	0.20079999999999387	UpDownStatesTimeIntervals				DOWN	
39.3544	0.28719999999999857	UpDownStatesTimeIntervals				UP	
40.2304	0.05279999999999774	UpDownStatesTimeIntervals				DOWN	
50.105000000000004	0.15800000000000125	HSETimeIntervals		50.153000000000006	50.184000000000005		
50.4	0.2816000000000045	UpDownStatesTimeIntervals				UP	
51.021	0.1600000000000037	HSETimeIntervals		51.094	51.101		
51.4096	0.20480000000000587	UpDownStatesTimeIntervals				UP	
52.5208	0.16959999999999553	UpDownStatesTimeIntervals				UP	
53.304	0.15520000000000067	UpDownStatesTimeIntervals				UP	
53.7608	0.17999999999999972	UpDownStatesTimeIntervals				DOWN	
54.2584	0.14560000000000173	UpDownStatesTimeIntervals				UP	
55.6912	0.11599999999999966	UpDownStatesTimeIntervals				UP	
58.4128	0.2992000000000061	UpDownStatesTimeIntervals				UP	
61.7512	0.2272000000000034	UpDownStatesTimeIntervals				UP	
62.217000000000006	0.07099999999999795	HSETimeIntervals		62.254000000000005	62.252500000000005		
64.633	0.12199999999999989	HSETimeIntervals		64.682	64.694		
76.224	0.20199999999999818	HSETimeIntervals		76.285	76.325		
78.471	0.18299999999999272	HSETimeIntervals		78.52799999999999	78.5625		
92.753	0.060000000000002274	HSETimeIntervals		92.785	92.783		
107.18599999999999	0.1039999999999992	HSETimeIntervals		107.26299999999999	107.238		
113.084	0.11199999999999477	HSETimeIntervals		113.15599999999999	113.14		
133.345	0.09399999999999409	HSETimeIntervals		133.399	133.392		
136.995	0.08599999999998431	HSETimeIntervals		137.03	137.038		
160.0	20.0	SleepStates					WAKEstate
178.04	0.08100000000001728	HSETimeIntervals		178.072	178.0805		
181.0	568.0	SleepStates					NREMstate
184.652	0.20000000000001705	HSETimeIntervals		184.696	184.75199999999998		
185.6384	0.40560000000002105	UpDownStatesTimeIntervals				UP	
186.488	0.08559999999999945	UpDownStatesTimeIntervals				DOWN	
189.4824	0.24799999999999045	UpDownStatesTimeIntervals				UP	
190.2912	0.05359999999998877	UpDownStatesTimeIntervals				DOWN	
195.593	0.11800000000002342	HSETimeIntervals		195.648	195.652		
205.634	0.10600000000002296	HSETimeIntervals		205.67	205.68699999999998		
241.596	0.1664000000000101	UpDownStatesTimeIntervals				DOWN	
242.4112	0.1799999999999784	UpDownStatesTimeIntervals				UP	
247.4456	0.19359999999997513	UpDownStatesTimeIntervals				UP	
250.7416	0.2855999999999881	UpDownStatesTimeIntervals				UP	
251.805	0.10800000000000409	HSETimeIntervals		251.873	251.859		
253.6576	0.10720000000000596	UpDownStatesTimeIntervals				UP	
254.08	0.2407999999999788	UpDownStatesTimeIntervals				DOWN	
254.3208	0.13519999999999754	UpDownStatesTimeIntervals				UP	
254.8792	0.2856000000000165	UpDownStatesTimeIntervals				DOWN	
255.569	0.08400000000000318	HSETimeIntervals		255.625	255.611		
260.0776	0.11439999999998918	UpDownStatesTimeIntervals				UP	
263.2552	0.20240000000001146	UpDownStatesTimeIntervals				UP	
263.692	0.19920000000001892	RippleTimeIntervals		263.8464			
263.9624	0.30160000000000764	UpDownStatesTimeIntervals				UP	
264.524	0.11040000000002692	UpDownStatesTimeIntervals				UP	
264.58200000000005	0.19199999999995043	HSETimeIntervals		264.63100000000003	264.67800000000005		
264.83500000000004	0.07699999999999818	HSETimeIntervals		264.874	264.87350000000004		
266.0824	0.16800000000000637	UpDownStatesTimeIntervals				UP	
266.8232	0.05920000000003256	UpDownStatesTimeIntervals				DOWN	
267.7136	0.1711999999999989	UpDownStatesTimeIntervals				UP	
269.3712	0.147199999999998	UpDownStatesTimeIntervals				UP	
270.3224	0.11919999999997799	UpDownStatesTimeIntervals				UP	
271.916	0.23520000000002028	UpDownStatesTimeIntervals				UP	
275.9392	0.44959999999997535	UpDownStatesTimeIntervals				UP	
276.32700000000006	0.2419999999999618	HSETimeIntervals		276.50000000000006	276.44800000000004		
277.2272	0.14480000000003201	UpDownStatesTimeIntervals				UP	
278.2856	0.2880000000000109	UpDownStatesTimeIntervals				UP	
279.0208	0.4047999999999661	UpDownStatesTimeIntervals				UP	
279.788	0.21600000000000819	UpDownStatesTimeIntervals				UP	
279.9368	0.06479999999999109	RippleTimeIntervals		279.9904			
282.584	0.3730000000000473	HSETimeIntervals		282.79	282.7705		
283.1728	0.08640000000002601	RippleTimeIntervals		283.248			
283.4824	0.07040000000000646	UpDownStatesTimeIntervals				DOWN	
283.8336	0.162399999999991	UpDownStatesTimeIntervals				UP	
284.3376	0.2559999999999718	UpDownStatesTimeIntervals				UP	
284.8312	0.039199999999993906	UpDownStatesTimeIntervals				DOWN	
284.8704	0.383199999999988	UpDownStatesTimeIntervals				UP	
287.9928	0.14080000000001291	UpDownStatesTimeIntervals				UP	
288.572	0.10960000000000036	UpDownStatesTimeIntervals				UP	
289.044	0.2096000000000231	UpDownStatesTimeIntervals				UP	
290.7408	0.1127999999999929	UpDownStatesTimeIntervals				UP	
291.3216	0.21280000000001564	UpDownStatesTimeIntervals				UP	
291.6512	0.039199999999993906	UpDownStatesTimeIntervals				DOWN	
292.1176	0.11119999999999663	UpDownStatesTimeIntervals				UP	
293.4256	0.15760000000000218	UpDownStatesTimeIntervals				UP	
298.1704	0.2528000000000361	UpDownStatesTimeIntervals				UP	
299.2296	0.162399999999991	UpDownStatesTimeIntervals				UP	
300.6032	0.20479999999997744	UpDownStatesTimeIntervals				UP	
300.9816	0.19360000000000355	UpDownStatesTimeIntervals				DOWN	
342.8016	0.1560000000000059	UpDownStatesTimeIntervals				UP	
343.47200000000004	0.09699999999997999	HSETimeIntervals		343.54100000000005	343.5205		
345.888	0.14560000000000173	UpDownStatesTimeIntervals				UP	
346.3872	0.14159999999998263	UpDownStatesTimeIntervals				UP	
347.39900000000006	0.08299999999996999	HSETimeIntervals		347.434	347.44050000000004		
348.1056	0.18080000000003338	UpDownStatesTimeIntervals				UP	
349.45500000000004	0.10500000000001819	HSETimeIntervals		349.48800000000006	349.50750000000005		
358.4304	0.14079999999995607	UpDownStatesTimeIntervals				UP	
360.8096	0.055999999999983174	UpDownStatesTimeIntervals				DOWN	
360.8656	0.15360000000003993	UpDownStatesTimeIntervals				UP	
361.4584	0.10960000000000036	UpDownStatesTimeIntervals				DOWN	
362.068	0.15440000000000964	UpDownStatesTimeIntervals				UP	
364.148	0.14479999999997517	UpDownStatesTimeIntervals				UP	
365.7432	0.18799999999998818	UpDownStatesTimeIntervals				DOWN	
365.9312	0.16800000000000637	UpDownStatesTimeIntervals				UP	
366.5424	0.10560000000003811	RippleTimeIntervals		366.5624			
366.6184	0.04959999999999809	UpDownStatesTimeIntervals				DOWN	
366.668	0.20479999999997744	UpDownStatesTimeIntervals				UP	
368.0568	0.34159999999997126	UpDownStatesTimeIntervals				UP	
368.656	0.21839999999997417	UpDownStatesTimeIntervals				UP	
368.75600000000003	0.12999999999999545	HSETimeIntervals		368.81500000000005	368.821		
369.0376	0.08319999999997663	UpDownStatesTimeIntervals				DOWN	
369.1208	0.21440000000001191	UpDownStatesTimeIntervals				UP	
371.6136	0.1583999999999719	UpDownStatesTimeIntervals				UP	
373.1432	0.365600000000029	UpDownStatesTimeIntervals				UP	
375.044	0.11840000000000828	UpDownStatesTimeIntervals				UP	
375.6024	0.36480000000000246	UpDownStatesTimeIntervals				UP	
377.8504	0.23600000000004684	UpDownStatesTimeIntervals				UP	
378.2704	0.17279999999999518	UpDownStatesTimeIntervals				DOWN	
378.4432	0.4071999999999889	UpDownStatesTimeIntervals				UP	
379.9472	0.10960000000000036	UpDownStatesTimeIntervals				UP	
380.6432	0.11840000000000828	UpDownStatesTimeIntervals				UP	
380.9648	0.24879999999996016	UpDownStatesTimeIntervals				DOWN	
381.4864	0.12160000000000082	UpDownStatesTimeIntervals				UP	
382.0136	0.2015999999999849	UpDownStatesTimeIntervals				UP	
382.7656	0.1279999999999859	UpDownStatesTimeIntervals				UP	
383.0064	0.06479999999999109	UpDownStatesTimeIntervals				DOWN	
383.4064	0.14959999999996398	UpDownStatesTimeIntervals				UP	
383.9336	0.1975999999999658	UpDownStatesTimeIntervals				DOWN	
384.3824	0.15679999999997563	UpDownStatesTimeIntervals				UP	
389.0376	0.29599999999999227	UpDownStatesTimeIntervals				UP	
389.5704	0.31040000000001555	UpDownStatesTimeIntervals				UP	
391.4192	0.1312000000000353	RippleTimeIntervals		391.44			
391.6784	0.14159999999998263	RippleTimeIntervals		391.6984			
393.77500000000003	0.3709999999999809	HSETimeIntervals		393.95300000000003	393.9605		
396.6808	0.13680000000005066	UpDownStatesTimeIntervals				UP	
397.5856	0.12160000000000082	UpDownStatesTimeIntervals				UP	
397.9208	0.2656000000000063	UpDownStatesTimeIntervals				UP	
399.15900000000005	0.12299999999999045	HSETimeIntervals		399.211	399.2205000000001		
399.768	0.322400000000016	UpDownStatesTimeIntervals				UP	
400.2384	0.14240000000000919	UpDownStatesTimeIntervals				DOWN	
400.984	0.14560000000000173	UpDownStatesTimeIntervals				UP	
401.7288	0.08960000000001855	UpDownStatesTimeIntervals				DOWN	
401.8184	0.3423999999999978	UpDownStatesTimeIntervals				UP	
402.2888	0.10320000000001528	UpDownStatesTimeIntervals				DOWN	
402.392	0.13119999999997844	UpDownStatesTimeIntervals				UP	
403.08	0.18000000000000682	UpDownStatesTimeIntervals				UP	
403.3888	0.061599999999998545	UpDownStatesTimeIntervals				DOWN	
404.0176	0.13279999999997472	UpDownStatesTimeIntervals				UP	
404.6168	0.21920000000000073	UpDownStatesTimeIntervals				UP	
405.78	0.14720000000005484	UpDownStatesTimeIntervals				UP	
406.296	0.13440000000002783	UpDownStatesTimeIntervals				UP	
406.619	0.09699999999997999	HSETimeIntervals		406.687	406.6675		
407.27900000000005	0.16999999999995907	HSETimeIntervals		407.38700000000006	407.36400000000003		
408.7336	0.28719999999998436	UpDownStatesTimeIntervals				UP	
409.7064	0.13440000000002783	UpDownStatesTimeIntervals				UP	
410.4488	0.13920000000001664	UpDownStatesTimeIntervals				UP	
411.4736	0.11440000000004602	UpDownStatesTimeIntervals				DOWN	
411.588	0.24879999999996016	UpDownStatesTimeIntervals				UP	
412.4112	0.0543999999999869	UpDownStatesTimeIntervals				UP	
413.6552	0.22239999999999327	UpDownStatesTimeIntervals				UP	
414.208	0.103999999999985	UpDownStatesTimeIntervals				UP	
414.6224	0.07279999999997244	UpDownStatesTimeIntervals				DOWN	
419.836	0.13679999999999382	UpDownStatesTimeIntervals				UP	
424.523	0.1290000000000191	HSETimeIntervals		424.557	424.58750000000003		
426.052	0.20479999999997744	UpDownStatesTimeIntervals				UP	
427.23400000000004	0.08100000000001728	HSETimeIntervals		427.283	427.27450000000005		
437.3376	0.1519999999999868	UpDownStatesTimeIntervals				UP	
437.567	0.10800000000000409	HSETimeIntervals		437.62	437.621		
438.5568	0.11439999999998918	RippleTimeIntervals		438.6184			
439.4632	0.14960000000002083	UpDownStatesTimeIntervals				UP	
440.2232	0.13759999999996353	UpDownStatesTimeIntervals				UP	
441.4704	0.24320000000000164	UpDownStatesTimeIntervals				UP	
441.8832	0.08080000000001064	UpDownStatesTimeIntervals				DOWN	
442.093	0.22800000000000864	HSETimeIntervals		442.23900000000003	442.207		
442.485	0.132000000000005	HSETimeIntervals		442.581	442.551		
442.6184	0.132000000000005	UpDownStatesTimeIntervals				UP	
444.284	0.08080000000001064	UpDownStatesTimeIntervals				DOWN	
444.3648	0.44319999999999027	UpDownStatesTimeIntervals				UP	
445.468	0.12000000000000455	HSETimeIntervals		445.52700000000004	445.528		
451.09000000000003	0.11000000000001364	HSETimeIntervals		451.16400000000004	451.14500000000004		
454.1344	0.14879999999999427	UpDownStatesTimeIntervals				UP	
457.1264	0.20320000000003802	UpDownStatesTimeIntervals				UP	
457.6408	0.07599999999996498	UpDownStatesTimeIntervals				DOWN	
458.2328	0.08559999999999945	UpDownStatesTimeIntervals				DOWN	
458.3184	0.23759999999998627	UpDownStatesTimeIntervals				UP	
459.3232	0.15919999999999845	UpDownStatesTimeIntervals				UP	
460.6912	0.160000000000025	UpDownStatesTimeIntervals				UP	
460.716	0.1127999999999929	RippleTimeIntervals		460.7784			
461.4576	0.2367999999999597	UpDownStatesTimeIntervals				DOWN	
461.6944	0.28000000000002956	UpDownStatesTimeIntervals				UP	
463.612	0.15039999999999054	UpDownStatesTimeIntervals				UP	
464.032	0.2872000000000412	UpDownStatesTimeIntervals				DOWN	
464.4664	0.11839999999995143	UpDownStatesTimeIntervals				UP	
464.78	0.020800000000008367	UpDownStatesTimeIntervals				DOWN	
466.0632	0.1383999999999901	UpDownStatesTimeIntervals				UP	
467.48800000000006	0.17499999999995453	HSETimeIntervals		467.591	467.57550000000003		
468.41	0.12000000000000455	HSETimeIntervals		468.449	468.47		
470.9408	0.25039999999995644	UpDownStatesTimeIntervals				UP	
472.4128	0.2767999999999802	UpDownStatesTimeIntervals				DOWN	
472.6896	0.15039999999999054	UpDownStatesTimeIntervals				UP	
473.3592	0.10880000000003065	RippleTimeIntervals		473.4216			
473.3696	0.20879999999999654	UpDownStatesTimeIntervals				UP	
474.026	0.15200000000004366	HSETimeIntervals		474.14300000000003	474.10200000000003		
474.0568	0.14479999999997517	UpDownStatesTimeIntervals				UP	
474.19700000000006	0.34799999999995634	HSETimeIntervals		474.47900000000004	474.37100000000004		
476.4608	0.147199999999998	UpDownStatesTimeIntervals				UP	
479.9424	0.1479999999999677	RippleTimeIntervals		479.9752			
481.31800000000004	0.07999999999998408	HSETimeIntervals		481.365	481.35800000000006		
486.5288	0.17680000000001428	UpDownStatesTimeIntervals				UP	
487.1592	0.27199999999999136	UpDownStatesTimeIntervals				UP	
487.492	0.1279999999999859	UpDownStatesTimeIntervals				DOWN	
487.828	0.1856000000000222	UpDownStatesTimeIntervals				UP	
494.0128	0.15279999999995653	UpDownStatesTimeIntervals				UP	
494.9688	0.1272000000000162	RippleTimeIntervals		494.976			
495.0776	0.132000000000005	UpDownStatesTimeIntervals				UP	
497.1	0.10960000000000036	UpDownStatesTimeIntervals				UP	
497.6368	0.12880000000001246	UpDownStatesTimeIntervals				DOWN	
497.7656	0.29359999999996944	UpDownStatesTimeIntervals				UP	
498.672	0.19839999999999236	UpDownStatesTimeIntervals				UP	
499.4528	0.1711999999999989	UpDownStatesTimeIntervals				UP	
500.4608	0.11919999999997799	UpDownStatesTimeIntervals				UP	
500.9112	0.17680000000001428	UpDownStatesTimeIntervals				UP	
501.5568	0.14240000000000919	UpDownStatesTimeIntervals				UP	
504.521	0.14400000000000546	HSETimeIntervals		504.603	504.593		
509.696	0.103999999999985	HSETimeIntervals		509.737	509.74800000000005		
511.2696	0.5143999999999664	UpDownStatesTimeIntervals				UP	
512.7130000000001	0.09199999999998454	HSETimeIntervals		512.753	512.7590000000001		
513.7464	0.04800000000000182	UpDownStatesTimeIntervals				DOWN	
514.4144	0.13360000000000127	UpDownStatesTimeIntervals				UP	
516.182	0.18600000000003547	HSETimeIntervals		516.269	516.275		
516.6700000000001	0.2969999999999118	HSETimeIntervals		516.7810000000001	516.8185000000001		
517.587	0.1470000000000482	HSETimeIntervals		517.7030000000001	517.6605		
518.1192	0.10559999999998126	UpDownStatesTimeIntervals				DOWN	
518.409	0.07800000000008822	HSETimeIntervals		518.451	518.448		
518.7288	0.23599999999999	UpDownStatesTimeIntervals				UP	
521.5512	0.28880000000003747	UpDownStatesTimeIntervals				UP	
522.2744	0.11119999999993979	UpDownStatesTimeIntervals				DOWN	
522.3856	0.14160000000003947	UpDownStatesTimeIntervals				UP	
522.765	0.1230000000000473	HSETimeIntervals		522.807	522.8265		
524.1512	0.1856000000000222	UpDownStatesTimeIntervals				UP	
524.9136	0.0543999999999869	UpDownStatesTimeIntervals				DOWN	
524.968	0.09440000000006421	UpDownStatesTimeIntervals				UP	
525.4432	0.12639999999998963	UpDownStatesTimeIntervals				UP	
527.18	0.1048000000000684	RippleTimeIntervals		527.2336			
528.24	0.14080000000001291	UpDownStatesTimeIntervals				UP	
529.156	0.15600000000006276	UpDownStatesTimeIntervals				UP	
529.568	0.294399999999996	UpDownStatesTimeIntervals				UP	
532.1808	0.23840000000006967	UpDownStatesTimeIntervals				UP	
533.0792	0.05520000000001346	UpDownStatesTimeIntervals				DOWN	
533.714	0.19200000000000728	HSETimeIntervals		533.754	533.8100000000001		
538.595	0.07299999999997908	HSETimeIntervals		538.628	538.6315000000001		
539.4512	0.2416000000000622	UpDownStatesTimeIntervals				UP	
539.9656	0.09199999999998454	UpDownStatesTimeIntervals				DOWN	
540.0576	0.22800000000006548	UpDownStatesTimeIntervals				UP	
541.601	0.1190000000000282	HSETimeIntervals		541.666	541.6605		
542.0600000000001	0.07200000000000273	HSETimeIntervals		542.099	542.096		
543.2776	0.31759999999997035	UpDownStatesTimeIntervals				UP	
543.9336	0.052800000000047476	UpDownStatesTimeIntervals				DOWN	
544.604	0.12079999999991742	UpDownStatesTimeIntervals				UP	
545.1528	0.08320000000003347	UpDownStatesTimeIntervals				DOWN	
545.4336	0.34400000000005093	UpDownStatesTimeIntervals				UP	
552.294	0.08100000000001728	HSETimeIntervals		552.3430000000001	552.3344999999999		
557.6208	0.07839999999998781	UpDownStatesTimeIntervals				DOWN	
557.9648	0.1352000000000544	UpDownStatesTimeIntervals				UP	
566.62	0.1552000000000362	UpDownStatesTimeIntervals				UP	
567.628	0.08199999999999363	HSETimeIntervals		567.663	567.6690000000001		
568.5976	0.41679999999996653	UpDownStatesTimeIntervals				UP	
569.608	0.12560000000007676	UpDownStatesTimeIntervals				UP	
570.276	0.1512000000000171	UpDownStatesTimeIntervals				UP	
571.244	0.15199999999992997	UpDownStatesTimeIntervals				UP	
571.7864	0.17439999999999145	UpDownStatesTimeIntervals				UP	
574.0688	0.15039999999999054	UpDownStatesTimeIntervals				UP	
574.3504	0.07439999999996871	UpDownStatesTimeIntervals				DOWN	
574.8512	0.14640000000008513	UpDownStatesTimeIntervals				UP	
576.908	0.12159999999994398	UpDownStatesTimeIntervals				UP	
581.967	0.09500000000002728	HSETimeIntervals		582.0110000000001	582.0145		
582.988	0.2839999999999918	UpDownStatesTimeIntervals				UP	
583.4688	0.10720000000003438	UpDownStatesTimeIntervals				DOWN	
583.576	0.2599999999999909	UpDownStatesTimeIntervals				UP	
584.1016	0.08320000000003347	UpDownStatesTimeIntervals				DOWN	
591.3784	0.038399999999910506	UpDownStatesTimeIntervals				DOWN	
591.645	0.06800000000009732	HSETimeIntervals		591.681	591.679		
591.7008	0.14560000000005857	UpDownStatesTimeIntervals				UP	
593.4704	0.2439999999999145	UpDownStatesTimeIntervals				UP	
594.7296	0.22640000000001237	UpDownStatesTimeIntervals				UP	
596.5592	0.1999999999999318	UpDownStatesTimeIntervals				UP	
597.164	0.1127999999999929	UpDownStatesTimeIntervals				DOWN	
598.3336	0.14239999999995234	UpDownStatesTimeIntervals				UP	
601.12	0.2767999999999802	UpDownStatesTimeIntervals				UP	
607.4032	0.07760000000007494	UpDownStatesTimeIntervals				DOWN	
608.0088	0.1512000000000171	UpDownStatesTimeIntervals				UP	
608.743	0.07600000000002183	HSETimeIntervals		608.777	608.7810000000001		
612.732	0.023199999999974352	UpDownStatesTimeIntervals				DOWN	
613.5072	0.17279999999993834	UpDownStatesTimeIntervals				UP	
614.676	0.22639999999989868	UpDownStatesTimeIntervals				DOWN	
615.3968	0.12559999999996307	UpDownStatesTimeIntervals				UP	
617.1808	0.4944000000000415	UpDownStatesTimeIntervals				DOWN	
617.6752	0.28319999999996526	UpDownStatesTimeIntervals				UP	
623.89	0.14400000000000546	HSETimeIntervals		623.937	623.962		
626.097	0.10400000000004184	HSETimeIntervals		626.135	626.149		
632.9792	0.13040000000000873	UpDownStatesTimeIntervals				UP	
634.5888	0.11760000000003856	UpDownStatesTimeIntervals				UP	
639.9256	0.18239999999991596	UpDownStatesTimeIntervals				DOWN	
640.108	0.17680000000007112	UpDownStatesTimeIntervals				UP	
640.2620000000001	0.09799999999995634	HSETimeIntervals		640.3290000000001	640.311		
647.6792	0.07920000000001437	UpDownStatesTimeIntervals				DOWN	
647.7584	0.14959999999996398	UpDownStatesTimeIntervals				UP	
649.707	0.1190000000000282	HSETimeIntervals		649.793	649.7665		
654.4128	0.06400000000007822	UpDownStatesTimeIntervals				DOWN	
654.4768	0.13999999999998636	UpDownStatesTimeIntervals				UP	
654.984	0.1975999999999658	UpDownStatesTimeIntervals				UP	
657.9300000000001	0.16599999999993997	HSETimeIntervals		657.97	658.013		
660.7272	0.15760000000000218	UpDownStatesTimeIntervals				UP	
660.9592	0.16480000000001382	UpDownStatesTimeIntervals				DOWN	
662.998	0.10099999999999909	HSETimeIntervals		663.0600000000001	663.0485000000001		
668.9192	0.3367999999999256	UpDownStatesTimeIntervals				UP	
670.18	0.15040000000010423	UpDownStatesTimeIntervals				UP	
670.8024	0.07759999999996126	UpDownStatesTimeIntervals				DOWN	
670.88	0.13279999999997472	UpDownStatesTimeIntervals				UP	
671.36	0.32799999999997453	UpDownStatesTimeIntervals				UP	
671.4390000000001	0.09699999999997999	HSETimeIntervals		671.486	671.4875000000001		
678.2460000000001	0.06199999999989814	HSETimeIntervals		678.2800000000001	678.277		
680.6496	0.15600000000006276	UpDownStatesTimeIntervals				UP	
681.5792	0.15999999999996817	UpDownStatesTimeIntervals				UP	
682.7184	0.11599999999998545	UpDownStatesTimeIntervals				UP	
683.4616	0.2799999999999727	UpDownStatesTimeIntervals				UP	
683.798	0.19200000000000728	HSETimeIntervals		683.864	683.894		
687.325	0.08399999999994634	HSETimeIntervals		687.3710000000001	687.3670000000001		
689.084	0.30160000000000764	UpDownStatesTimeIntervals				UP	
690.324	0.2016000000000986	UpDownStatesTimeIntervals				UP	
691.012	0.16240000000004784	UpDownStatesTimeIntervals				UP	
691.0376	0.10320000000001528	RippleTimeIntervals		691.1112			
691.7208	0.027999999999906322	UpDownStatesTimeIntervals				DOWN	
691.7488	0.13760000000002037	UpDownStatesTimeIntervals				UP	
695.812	0.07039999999994961	UpDownStatesTimeIntervals				UP	
696.3312	0.12959999999998217	UpDownStatesTimeIntervals				UP	
696.6608	0.16560000000004038	UpDownStatesTimeIntervals				DOWN	
697.144	0.12239999999997053	UpDownStatesTimeIntervals				UP	
697.6904	0.1208000000000311	UpDownStatesTimeIntervals				UP	
701.0208	0.12959999999998217	UpDownStatesTimeIntervals				UP	
701.516	0.1208000000000311	UpDownStatesTimeIntervals				UP	
702.4328	0.13999999999998636	UpDownStatesTimeIntervals				UP	
703.5952	0.29200000000003	UpDownStatesTimeIntervals				UP	
706.1488	0.25359999999989213	UpDownStatesTimeIntervals				UP	
707.1990000000001	0.2999999999999545	HSETimeIntervals		707.3430000000001	707.349		
707.7192	0.13999999999998636	UpDownStatesTimeIntervals				UP	
708.2168	0.17919999999992342	UpDownStatesTimeIntervals				UP	
708.5104	0.13360000000000127	UpDownStatesTimeIntervals				DOWN	
708.9048	0.1351999999999407	UpDownStatesTimeIntervals				UP	
709.143	0.08699999999998909	HSETimeIntervals		709.172	709.1865		
709.4488	0.08240000000000691	UpDownStatesTimeIntervals				UP	
713.1952	0.09919999999999618	RippleTimeIntervals		713.268			
713.348	0.13600000000008095	UpDownStatesTimeIntervals				UP	
713.7656	0.05119999999999436	RippleTimeIntervals		713.8016			
714.7192	0.20879999999999654	UpDownStatesTimeIntervals				UP	
714.8048	0.1352000000000544	RippleTimeIntervals		714.8592			
719.244	0.1127999999999929	UpDownStatesTimeIntervals				DOWN	
720.0296	0.18479999999999563	UpDownStatesTimeIntervals				UP	
720.4224	0.22239999999999327	UpDownStatesTimeIntervals				UP	
721.3984	0.25919999999996435	UpDownStatesTimeIntervals				UP	
723.2610000000001	0.28499999999996817	HSETimeIntervals		723.383	723.4035000000001		
726.918	0.16000000000008185	HSETimeIntervals		727.023	726.998		
727.7750000000001	0.3039999999999736	HSETimeIntervals		727.9340000000001	727.9270000000001		
728.3580000000001	0.08699999999998909	HSETimeIntervals		728.413	728.4015		
729.7384	0.10560000000009495	UpDownStatesTimeIntervals				DOWN	
729.844	0.23439999999993688	UpDownStatesTimeIntervals				UP	
730.1120000000001	0.07399999999995543	HSETimeIntervals		730.158	730.1490000000001		
730.2664	0.08159999999998035	UpDownStatesTimeIntervals				DOWN	
735.6024	0.15760000000000218	RippleTimeIntervals		735.6816			
735.9904	0.22239999999999327	UpDownStatesTimeIntervals				UP	
736.7592	0.34000000000003183	UpDownStatesTimeIntervals				UP	
737.8224	0.17200000000002547	UpDownStatesTimeIntervals				UP	
739.629	0.06399999999996453	HSETimeIntervals		739.662	739.6610000000001		
747.9784	0.16079999999999472	UpDownStatesTimeIntervals				UP	
750.0	13.0	SleepStates					WAKEstate
764.0	14.0	SleepStates					NREMstate
768.7648	0.24639999999999418	UpDownStatesTimeIntervals				UP	
768.976	0.09900000000004638	HSETimeIntervals		769.0250000000001	769.0255		
773.037	0.08699999999998909	HSETimeIntervals		773.077	773.0805		
779.0	22.0	SleepStates					WAKEstate
801.6952	0.29280000000005657	UpDownStatesTimeIntervals				UP	
802.0	14.0	SleepStates					NREMstate
811.7104	0.31119999999998527	UpDownStatesTimeIntervals				UP	
817.0	22.0	SleepStates					WAKEstate
837.5590000000001	0.11000000000001364	HSETimeIntervals		837.625	837.614		
838.791	0.27499999999997726	HSETimeIntervals		839.019	838.9285000000001		
840.0	235.0	SleepStates					NREMstate
842.8704	0.22000000000002728	UpDownStatesTimeIntervals				UP	
845.568	0.20000000000004547	UpDownStatesTimeIntervals				UP	
846.7224	0.12800000000004275	UpDownStatesTimeIntervals				UP	
850.8272	0.17200000000002547	RippleTimeIntervals		850.8728			
854.316	0.175200000000018	UpDownStatesTimeIntervals				UP	
859.1224	0.13840000000004693	UpDownStatesTimeIntervals				UP	
864.4300000000001	0.06999999999993634	HSETimeIntervals		864.466	864.465		
865.0930000000001	0.08299999999996999	HSETimeIntervals		865.144	865.1345000000001		
874.6	0.22320000000001983	UpDownStatesTimeIntervals				UP	
875.6096	0.1312000000000353	UpDownStatesTimeIntervals				UP	
875.964	0.09519999999997708	UpDownStatesTimeIntervals				DOWN	
876.268	0.1409999999999627	HSETimeIntervals		876.363	876.3385000000001		
882.7592	0.07280000000002929	UpDownStatesTimeIntervals				DOWN	
883.2	0.25679999999999836	UpDownStatesTimeIntervals				UP	
884.4870000000001	0.12999999999999545	HSETimeIntervals		884.5310000000001	884.5520000000001		
890.515	0.11400000000003274	HSETimeIntervals		890.5930000000001	890.572		
891.1048	0.16000000000008185	UpDownStatesTimeIntervals				UP	
892.2864	0.14560000000005857	UpDownStatesTimeIntervals				UP	
897.3768	0.21600000000000819	UpDownStatesTimeIntervals				UP	
898.5450000000001	0.42200000000002547	HSETimeIntervals		898.666	898.7560000000001		
900.4688	0.261600000000044	UpDownStatesTimeIntervals				UP	
901.3216	0.05200000000002092	UpDownStatesTimeIntervals				DOWN	
901.3736	0.177599999999984	UpDownStatesTimeIntervals				UP	
903.4472	0.25520000000005894	UpDownStatesTimeIntervals				UP	
904.6632	0.14480000000003201	UpDownStatesTimeIntervals				UP	
906.8736	0.14400000000000546	UpDownStatesTimeIntervals				UP	
908.6768	0.14800000000002456	UpDownStatesTimeIntervals				UP	
909.6176	0.12319999999999709	UpDownStatesTimeIntervals				UP	
910.6832	0.23839999999995598	UpDownStatesTimeIntervals				DOWN	
910.6832	0.23839999999995598	UpDownStatesTimeIntervals				UP	
912.056	0.2400000000000091	HSETimeIntervals		912.2280000000001	912.176		
912.2488	0.3304000000000542	UpDownStatesTimeIntervals				UP	
914.668	0.2536000000000058	UpDownStatesTimeIntervals				UP	
920.365	0.2380000000000564	HSETimeIntervals		920.508	920.484		
921.4530000000001	0.16899999999998272	HSETimeIntervals		921.585	921.5375000000001		
926.494	0.10000000000002274	HSETimeIntervals		926.534	926.544		
927.705	0.07799999999997453	HSETimeIntervals		927.7410000000001	927.744		
931.1	0.23599999999999	UpDownStatesTimeIntervals				DOWN	
931.5336	0.16800000000000637	UpDownStatesTimeIntervals				UP	
934.5032	0.1552000000000362	UpDownStatesTimeIntervals				UP	
935.4152	0.14639999999997144	UpDownStatesTimeIntervals				UP	
936.636	0.1936000000000604	UpDownStatesTimeIntervals				UP	
937.8088	0.15359999999998308	UpDownStatesTimeIntervals				UP	
938.4808	0.11439999999993233	UpDownStatesTimeIntervals				UP	
939.4296	0.21920000000000073	UpDownStatesTimeIntervals				UP	
941.1930000000001	0.34399999999993724	HSETimeIntervals		941.3910000000001	941.3650000000001		
945.7184	0.20320000000003802	UpDownStatesTimeIntervals				UP	
952.85	0.09199999999998454	HSETimeIntervals		952.897	952.8960000000001		
957.7336	0.14400000000000546	UpDownStatesTimeIntervals				UP	
960.9728	0.26559999999994943	UpDownStatesTimeIntervals				UP	
966.2952	0.380800000000022	UpDownStatesTimeIntervals				UP	
967.1768	0.07120000000008986	UpDownStatesTimeIntervals				DOWN	
970.1296	0.11919999999997799	UpDownStatesTimeIntervals				UP	
971.0832	0.2479999999999336	UpDownStatesTimeIntervals				DOWN	
971.6464	0.13360000000000127	UpDownStatesTimeIntervals				UP	
972.047	0.18299999999999272	HSETimeIntervals		972.128	972.1385		
975.936	0.12800000000004275	HSETimeIntervals		975.981	976.0		
979.7744	0.08799999999996544	UpDownStatesTimeIntervals				DOWN	
980.0904	0.16639999999995325	UpDownStatesTimeIntervals				UP	
980.86	0.1410000000000764	HSETimeIntervals		980.907	980.9305		
982.0112	0.11599999999998545	RippleTimeIntervals		982.1224			
990.8128	0.13679999999999382	UpDownStatesTimeIntervals				UP	
991.1008	0.07599999999990814	RippleTimeIntervals		991.1656			
991.268	0.06079999999997199	RippleTimeIntervals		991.3216			
991.62	0.07439999999996871	RippleTimeIntervals		991.6256			
992.972	0.14160000000003947	UpDownStatesTimeIntervals				UP	
994.6990000000001	0.08399999999994634	HSETimeIntervals		994.739	994.7410000000001		
994.9112	0.13999999999998636	UpDownStatesTimeIntervals				UP	
995.996	0.2296000000000049	UpDownStatesTimeIntervals				UP	
998.2464	0.1127999999999929	UpDownStatesTimeIntervals				UP	
1001.433	0.2860000000000582	HSETimeIntervals		1001.5210000000001	1001.576		
1025.032	0.14240000000017972	UpDownStatesTimeIntervals				UP	
1025.52	0.10719999999992069	UpDownStatesTimeIntervals				UP	
1026.0512	0.18879999999990105	UpDownStatesTimeIntervals				UP	
1026.4976	0.2112000000001899	UpDownStatesTimeIntervals				DOWN	
1026.8536	0.27520000000004075	UpDownStatesTimeIntervals				UP	
1028.5048	0.15360000000009677	UpDownStatesTimeIntervals				UP	
1028.9552	0.04719999999997526	UpDownStatesTimeIntervals				DOWN	
1029.9216	0.2296000000001186	UpDownStatesTimeIntervals				UP	
1030.3152	0.05520000000001346	UpDownStatesTimeIntervals				DOWN	
1030.8176	0.018399999999928696	UpDownStatesTimeIntervals				DOWN	
1031.3992	0.12079999999991742	UpDownStatesTimeIntervals				UP	
1032.5856	0.4071999999998752	UpDownStatesTimeIntervals				UP	
1033.7616	0.1271999999999025	UpDownStatesTimeIntervals				UP	
1034.4968	0.028800000000046566	UpDownStatesTimeIntervals				DOWN	
1035.0	0.02479999999991378	UpDownStatesTimeIntervals				DOWN	
1035.0248	0.116800000000012	UpDownStatesTimeIntervals				UP	
1036.2648	0.13440000000014152	UpDownStatesTimeIntervals				UP	
1036.7336	0.03600000000005821	UpDownStatesTimeIntervals				DOWN	
1037.86	0.21280000000001564	UpDownStatesTimeIntervals				UP	
1042.452	0.1351999999999407	UpDownStatesTimeIntervals				UP	
1042.988	0.2255999999999858	UpDownStatesTimeIntervals				UP	
1046.9912	0.1752000000001317	UpDownStatesTimeIntervals				UP	
1047.4504	0.033599999999978536	UpDownStatesTimeIntervals				DOWN	
1048.693	0.1390000000001237	HSETimeIntervals		1048.749	1048.7625		
1049.5776	0.14639999999985776	UpDownStatesTimeIntervals				UP	
1050.3376	0.05039999999985412	UpDownStatesTimeIntervals				DOWN	
1050.388	0.12000000000011823	UpDownStatesTimeIntervals				UP	
1051.842	0.2300000000000182	HSETimeIntervals		1051.8990000000001	1051.957		
1052.1888	0.3056000000001404	UpDownStatesTimeIntervals				UP	
1052.8728	0.07999999999992724	UpDownStatesTimeIntervals				DOWN	
1053.3464	0.11599999999998545	UpDownStatesTimeIntervals				UP	
1053.688	0.11799999999993815	HSETimeIntervals		1053.756	1053.747		
1054.5808	0.22479999999995925	UpDownStatesTimeIntervals				UP	
1056.692	0.15200000000004366	UpDownStatesTimeIntervals				UP	
1060.7632	0.705600000000004	UpDownStatesTimeIntervals				DOWN	
1061.4688	0.15999999999985448	UpDownStatesTimeIntervals				UP	
1063.5816	0.14959999999996398	UpDownStatesTimeIntervals				UP	
1063.968	0.11040000000002692	UpDownStatesTimeIntervals				DOWN	
1064.0784	0.14639999999985776	UpDownStatesTimeIntervals				UP	
1064.5792	0.14400000000000546	UpDownStatesTimeIntervals				UP	
1065.08	0.14640000000008513	UpDownStatesTimeIntervals				UP	
1065.5456	0.20400000000017826	UpDownStatesTimeIntervals				DOWN	
1065.944	0.14879999999993743	UpDownStatesTimeIntervals				UP	
1067.6672	0.29599999999982174	UpDownStatesTimeIntervals				UP	
1068.552	0.16480000000001382	UpDownStatesTimeIntervals				UP	
1070.0608	0.22800000000006548	UpDownStatesTimeIntervals				UP	
1070.4850000000001	0.2239999999999327	HSETimeIntervals		1070.516	1070.5970000000002		
1070.7056	0.16480000000001382	UpDownStatesTimeIntervals				DOWN	
1071.092	0.310399999999845	UpDownStatesTimeIntervals				UP	
1071.4264	0.32159999999998945	UpDownStatesTimeIntervals				DOWN	
1072.76	0.061599999999998545	UpDownStatesTimeIntervals				DOWN	
1072.9376	0.14959999999996398	UpDownStatesTimeIntervals				UP	
1074.004	0.08480000000008658	UpDownStatesTimeIntervals				DOWN	
1074.2264	0.15599999999994907	UpDownStatesTimeIntervals				UP	
1074.5776	0.4535999999998239	UpDownStatesTimeIntervals				DOWN	
1076.0	80.0	SleepStates					WAKEstate
1084.364	0.10799999999994725	HSETimeIntervals		1084.431	1084.4180000000001		
1099.8110000000001	0.07099999999991269	HSETimeIntervals		1099.851	1099.8465		
1103.258	0.05700000000001637	HSETimeIntervals		1103.289	1103.2865		
1113.66	0.07199999999988904	HSETimeIntervals		1113.695	1113.6960000000001		
1125.391	0.06099999999992178	HSETimeIntervals		1125.423	1125.4215000000002		
1128.029	0.10300000000006548	HSETimeIntervals		1128.0710000000001	1128.0805		
1132.353	0.1269999999999527	HSETimeIntervals		1132.4070000000002	1132.4165		
1157.0	145.0	SleepStates					NREMstate
1192.491	0.12800000000015643	HSETimeIntervals		1192.569	1192.555		
1194.312	0.19839999999999236	UpDownStatesTimeIntervals				UP	
1194.672	0.05520000000001346	UpDownStatesTimeIntervals				DOWN	
1195.3216	0.22720000000003893	UpDownStatesTimeIntervals				UP	
1195.7672	0.20880000000011023	UpDownStatesTimeIntervals				DOWN	
1196.3528	0.11520000000018626	UpDownStatesTimeIntervals				DOWN	
1196.468	0.22720000000003893	UpDownStatesTimeIntervals				UP	
1197.3792	0.1512000000000171	UpDownStatesTimeIntervals				UP	
1199.8016	0.08240000000000691	UpDownStatesTimeIntervals				DOWN	
1199.884	0.18080000000009022	UpDownStatesTimeIntervals				UP	
1203.184	0.07900000000017826	HSETimeIntervals		1203.227	1203.2235		
1208.756	0.1351999999999407	RippleTimeIntervals		1208.8176			
1211.5528	0.13679999999999382	UpDownStatesTimeIntervals				UP	
1211.7944	0.03760000000011132	UpDownStatesTimeIntervals				DOWN	
1223.1552	0.17600000000015825	UpDownStatesTimeIntervals				UP	
1223.636	0.06400000000007822	UpDownStatesTimeIntervals				DOWN	
1223.7	0.1535999999998694	UpDownStatesTimeIntervals				UP	
1224.5456	0.03600000000005821	UpDownStatesTimeIntervals				DOWN	
1224.5816	0.17840000000001055	UpDownStatesTimeIntervals				UP	
1227.5696	0.3815999999999349	UpDownStatesTimeIntervals				UP	
1231.2656	0.22400000000016007	UpDownStatesTimeIntervals				UP	
1231.816	0.2239999999999327	UpDownStatesTimeIntervals				UP	
1234.2448	0.21520000000009532	UpDownStatesTimeIntervals				UP	
1236.7344	0.12799999999992906	UpDownStatesTimeIntervals				UP	
1237.36	0.28160000000002583	UpDownStatesTimeIntervals				UP	
1240.3952	0.12959999999998217	UpDownStatesTimeIntervals				DOWN	
1241.0024	0.43439999999986867	UpDownStatesTimeIntervals				UP	
1241.583	0.09999999999990905	HSETimeIntervals		1241.633	1241.633		
1248.444	0.08240000000000691	UpDownStatesTimeIntervals				DOWN	
1248.8536	0.14560000000005857	UpDownStatesTimeIntervals				UP	
1249.496	0.02719999999999345	UpDownStatesTimeIntervals				DOWN	
1250.1256	0.41919999999981883	UpDownStatesTimeIntervals				UP	
1251.2576	0.18479999999999563	UpDownStatesTimeIntervals				UP	
1251.5968	0.08479999999985921	UpDownStatesTimeIntervals				DOWN	
1252.828	0.18640000000004875	UpDownStatesTimeIntervals				UP	
1255.9384	0.2255999999999858	UpDownStatesTimeIntervals				UP	
1256.456	0.20480000000020482	UpDownStatesTimeIntervals				DOWN	
1256.6608	0.2687999999998283	UpDownStatesTimeIntervals				UP	
1257.436	0.23840000000018335	UpDownStatesTimeIntervals				UP	
1257.9848	0.5376000000001113	UpDownStatesTimeIntervals				UP	
1259.338	0.1310000000000855	HSETimeIntervals		1259.405	1259.4035		
1265.1380000000001	0.07999999999992724	HSETimeIntervals		1265.184	1265.178		
1265.309	0.07699999999999818	HSETimeIntervals		1265.3500000000001	1265.3475		
1267.5504	0.13760000000002037	UpDownStatesTimeIntervals				UP	
1268.0376	0.13679999999999382	UpDownStatesTimeIntervals				UP	
1268.984	0.033599999999978536	UpDownStatesTimeIntervals				DOWN	
1269.5728	0.1711999999999989	UpDownStatesTimeIntervals				UP	
1270.8392	0.18080000000009022	UpDownStatesTimeIntervals				UP	
1271.16	0.43840000000000146	UpDownStatesTimeIntervals				DOWN	
1271.5984	0.14400000000000546	UpDownStatesTimeIntervals				UP	
1275.9488	0.15600000000017644	UpDownStatesTimeIntervals				UP	
1282.4808	0.14560000000005857	UpDownStatesTimeIntervals				DOWN	
1282.764	0.14160000000015316	UpDownStatesTimeIntervals				UP	
1283.3	0.21440000000006876	UpDownStatesTimeIntervals				UP	
1290.7344	0.16799999999989268	UpDownStatesTimeIntervals				UP	
1291.4696	0.12560000000007676	UpDownStatesTimeIntervals				UP	
1296.1224	0.12879999999995562	UpDownStatesTimeIntervals				UP	
1297.7432	0.28160000000002583	UpDownStatesTimeIntervals				UP	
1299.843	0.07400000000006912	HSETimeIntervals		1299.887	1299.88		
1303.0	16.0	SleepStates					WAKEstate
1303.462	0.11000000000012733	HSETimeIntervals		1303.5140000000001	1303.517		
1314.8970000000002	0.0669999999997799	HSETimeIntervals		1314.934	1314.9305000000002		
1315.076	0.09699999999997999	HSETimeIntervals		1315.1390000000001	1315.1245000000001		
1315.723	0.10300000000006548	HSETimeIntervals		1315.765	1315.7745		
1320.0	15.0	SleepStates					NREMstate
1328.256	0.13599999999996726	UpDownStatesTimeIntervals				DOWN	
1328.6608	0.3327999999999065	UpDownStatesTimeIntervals				UP	
1329.172	0.05999999999994543	UpDownStatesTimeIntervals				DOWN	
1329.5792	0.217600000000175	UpDownStatesTimeIntervals				UP	
1329.9832	0.056800000000066575	UpDownStatesTimeIntervals				DOWN	
1330.04	0.18160000000011678	UpDownStatesTimeIntervals				UP	
1330.7096	0.2232000000001335	UpDownStatesTimeIntervals				UP	
1331.748	0.0991999999998825	UpDownStatesTimeIntervals				DOWN	
1331.8472	0.36800000000016553	UpDownStatesTimeIntervals				UP	
1332.432	0.1672000000000935	UpDownStatesTimeIntervals				DOWN	
1336.0	19.0	SleepStates					WAKEstate
1340.998	0.1230000000000473	HSETimeIntervals		1341.036	1341.0595		
1343.8120000000001	0.0909999999998945	HSETimeIntervals		1343.864	1343.8575		
1353.787	0.09699999999997999	HSETimeIntervals		1353.8490000000002	1353.8355000000001		
1356.0	8.0	SleepStates					NREMstate
1356.9170000000001	0.17599999999993088	HSETimeIntervals		1356.999	1357.005		
1357.4648	0.14640000000008513	UpDownStatesTimeIntervals				UP	
1357.8216	0.20880000000011023	UpDownStatesTimeIntervals				DOWN	
1358.432	0.09600000000000364	UpDownStatesTimeIntervals				UP	
1359.5424	0.20879999999988286	UpDownStatesTimeIntervals				UP	
1360.6168	0.03600000000005821	UpDownStatesTimeIntervals				DOWN	
1365.0	74.0	SleepStates					WAKEstate
1370.6480000000001	0.30700000000001637	HSETimeIntervals		1370.923	1370.8015		
1395.098	0.10100000000011278	HSETimeIntervals		1395.152	1395.1485		
1406.877	0.08100000000013097	HSETimeIntervals		1406.924	1406.9175		
1411.951	0.23099999999999454	HSETimeIntervals		1412.1200000000001	1412.0665000000001		
1412.486	0.07899999999995089	HSETimeIntervals		1412.519	1412.5255000000002		
1432.3700000000001	0.07899999999995089	HSETimeIntervals		1432.4070000000002	1432.4095000000002		
1432.933	0.06400000000007822	HSETimeIntervals		1432.963	1432.965		
1436.325	0.07500000000004547	HSETimeIntervals		1436.3680000000002	1436.3625		
1436.5220000000002	0.48499999999989996	HSETimeIntervals		1436.853	1436.7645000000002		
1437.536	0.1230000000000473	HSETimeIntervals		1437.606	1437.5975		
1440.0	34.0	SleepStates					NREMstate
1440.762	0.43100000000004	HSETimeIntervals		1440.9740000000002	1440.9775		
1441.1768	0.39360000000010587	UpDownStatesTimeIntervals				UP	
1442.112	0.13199999999983447	UpDownStatesTimeIntervals				UP	
1449.603	0.12200000000007094	HSETimeIntervals		1449.684	1449.664		
1449.896	0.1590000000001055	HSETimeIntervals		1450.0240000000001	1449.9755		
1452.7088	0.3247999999998683	UpDownStatesTimeIntervals				DOWN	
1453.6344	0.266399999999976	UpDownStatesTimeIntervals				UP	
1454.2936	0.4311999999999898	UpDownStatesTimeIntervals				UP	
1458.58	0.15840000000002874	UpDownStatesTimeIntervals				UP	
1459.616	0.4944000000000415	UpDownStatesTimeIntervals				UP	
1460.1696	0.1975999999999658	RippleTimeIntervals		1460.244			
1461.2608	0.22959999999989122	UpDownStatesTimeIntervals				UP	
1462.1096	0.2639999999998963	UpDownStatesTimeIntervals				UP	
1462.4776	0.3248000000000957	UpDownStatesTimeIntervals				DOWN	
1462.8024	0.1711999999999989	UpDownStatesTimeIntervals				UP	
1463.568	0.1528000000000702	UpDownStatesTimeIntervals				UP	
1464.0416	0.23440000000005057	UpDownStatesTimeIntervals				DOWN	
1464.276	0.30960000000004584	UpDownStatesTimeIntervals				UP	
1464.8936	0.1191999999998643	UpDownStatesTimeIntervals				UP	
1467.6580000000001	0.25499999999988177	HSETimeIntervals		1467.704	1467.7855000000002		
1469.348	0.3024000000000342	UpDownStatesTimeIntervals				UP	
1475.0	162.0	SleepStates					WAKEstate
1483.96	0.07799999999997453	HSETimeIntervals		1483.997	1483.999		
1484.0430000000001	0.15399999999999636	HSETimeIntervals		1484.153	1484.1200000000001		
1485.775	0.06999999999993634	HSETimeIntervals		1485.81	1485.8100000000002		
1489.009	0.1449999999999818	HSETimeIntervals		1489.117	1489.0815		
1502.762	0.10200000000008913	HSETimeIntervals		1502.818	1502.8129999999999		
1510.314	0.12599999999997635	HSETimeIntervals		1510.392	1510.3770000000002		
1515.654	0.11300000000005639	HSETimeIntervals		1515.704	1515.7105		
1515.886	0.16300000000001091	HSETimeIntervals		1516.0	1515.9675		
1521.105	0.08100000000013097	HSETimeIntervals		1521.153	1521.1455		
1521.44	0.0909999999998945	HSETimeIntervals		1521.491	1521.4855		
1524.387	0.22100000000000364	HSETimeIntervals		1524.442	1524.4975		
1532.963	0.09200000000009823	HSETimeIntervals		1533.01	1533.009		
1536.968	0.1150000000000091	HSETimeIntervals		1537.056	1537.0255		
1539.7640000000001	0.3589999999999236	HSETimeIntervals		1540.083	1539.9435		
1545.348	0.08699999999998909	HSETimeIntervals		1545.385	1545.3915		
1549.9360000000001	0.11199999999985266	HSETimeIntervals		1550.021	1549.9920000000002		
1551.038	0.15499999999997272	HSETimeIntervals		1551.144	1551.1155		
1551.248	0.10500000000001819	HSETimeIntervals		1551.308	1551.3005		
1552.971	0.3400000000001455	HSETimeIntervals		1553.151	1553.141		
1553.7060000000001	0.2819999999999254	HSETimeIntervals		1553.7910000000002	1553.8470000000002		
1554.116	0.30700000000001637	HSETimeIntervals		1554.3400000000001	1554.2694999999999		
1560.097	0.2400000000000091	HSETimeIntervals		1560.307	1560.2169999999999		
1570.404	0.1470000000001619	HSETimeIntervals		1570.4450000000002	1570.4775		
1574.91	0.1330000000000382	HSETimeIntervals		1575.006	1574.9765		
1578.492	0.3410000000001219	HSETimeIntervals		1578.805	1578.6625		
1579.806	0.08600000000001273	HSETimeIntervals		1579.846	1579.849		
1581.693	0.09200000000009823	HSETimeIntervals		1581.728	1581.739		
1594.627	0.10000000000013642	HSETimeIntervals		1594.699	1594.677		
1596.553	0.06199999999989814	HSETimeIntervals		1596.585	1596.584		
1604.509	0.25	HSETimeIntervals		1604.6180000000002	1604.634		
1608.808	0.375	HSETimeIntervals		1608.973	1608.9955		
1610.8220000000001	0.07399999999984175	HSETimeIntervals		1610.8590000000002	1610.8590000000002		
1619.804	0.22000000000002728	HSETimeIntervals		1619.915	1619.914		
1631.419	0.2749999999998636	HSETimeIntervals		1631.662	1631.5565000000001		
1633.584	0.12200000000007094	HSETimeIntervals		1633.6760000000002	1633.645		
1634.209	0.08699999999998909	HSETimeIntervals		1634.25	1634.2525		
1634.391	0.2799999999999727	HSETimeIntervals		1634.549	1634.5310000000002		
1635.75	0.15399999999999636	HSETimeIntervals		1635.832	1635.827		
1637.8144	0.28880000000003747	UpDownStatesTimeIntervals				UP	
1638.0	9.0	SleepStates					NREMstate
1638.7392	0.17039999999997235	UpDownStatesTimeIntervals				DOWN	
1640.7832	0.1431999999999789	UpDownStatesTimeIntervals				UP	
1641.5136	0.13599999999996726	UpDownStatesTimeIntervals				UP	
1641.748	0.10479999999984102	UpDownStatesTimeIntervals				DOWN	
1641.8528	0.2807999999999993	UpDownStatesTimeIntervals				UP	
1643.8184	0.1335999999998876	UpDownStatesTimeIntervals				UP	
1644.1848	0.22319999999990614	UpDownStatesTimeIntervals				DOWN	
1648.0	411.0	SleepStates					WAKEstate
1668.592	0.08799999999996544	HSETimeIntervals		1668.63	1668.6360000000002		
1670.534	0.09600000000000364	HSETimeIntervals		1670.587	1670.582		
1670.9940000000001	0.10199999999986176	HSETimeIntervals		1671.06	1671.045		
1685.289	0.34400000000005093	HSETimeIntervals		1685.394	1685.461		
1695.972	0.08000000000015461	HSETimeIntervals		1696.009	1696.012		
1696.083	0.06899999999995998	HSETimeIntervals		1696.1180000000002	1696.1175		
1701.835	0.07999999999992724	HSETimeIntervals		1701.881	1701.875		
1702.729	0.08699999999998909	HSETimeIntervals		1702.778	1702.7725		
1704.0120000000002	0.19899999999984175	HSETimeIntervals		1704.1200000000001	1704.1115000000002		
1706.413	0.16200000000003456	HSETimeIntervals		1706.545	1706.494		
1707.781	0.12600000000020373	HSETimeIntervals		1707.8410000000001	1707.844		
1708.047	0.4069999999999254	HSETimeIntervals		1708.134	1708.2505		
1715.24	0.08500000000003638	HSETimeIntervals		1715.285	1715.2825		
1720.171	0.12000000000011823	HSETimeIntervals		1720.257	1720.231		
1723.692	0.24900000000002365	HSETimeIntervals		1723.805	1723.8165		
1724.502	0.08500000000003638	HSETimeIntervals		1724.553	1724.5445		
1725.303	0.052999999999883585	HSETimeIntervals		1725.3300000000002	1725.3295		
1731.385	0.10100000000011278	HSETimeIntervals		1731.4170000000001	1731.4355		
1736.018	0.07799999999997453	HSETimeIntervals		1736.058	1736.057		
1738.747	0.14599999999995816	HSETimeIntervals		1738.843	1738.8200000000002		
1753.584	0.0909999999998945	HSETimeIntervals		1753.641	1753.6295		
1784.741	0.21800000000007458	HSETimeIntervals		1784.925	1784.85		
1789.9370000000001	0.15599999999994907	HSETimeIntervals		1790.03	1790.015		
1805.582	0.09699999999997999	HSETimeIntervals		1805.643	1805.6305000000002		
1806.498	0.08300000000008367	HSETimeIntervals		1806.546	1806.5395		
1806.617	0.07100000000014006	HSETimeIntervals		1806.651	1806.6525		
1809.5	0.10400000000004184	HSETimeIntervals		1809.547	1809.552		
1810.8580000000002	0.0909999999998945	HSETimeIntervals		1810.901	1810.9035000000001		
1812.265	0.18299999999999272	HSETimeIntervals		1812.304	1812.3565		
1818.54	0.10900000000015098	HSETimeIntervals		1818.607	1818.5945		
1829.954	0.06400000000007822	HSETimeIntervals		1829.988	1829.9859999999999		
1832.19	0.14599999999995816	HSETimeIntervals		1832.266	1832.2630000000001		
1843.556	0.06600000000003092	HSETimeIntervals		1843.5900000000001	1843.589		
1849.828	0.06200000000012551	HSETimeIntervals		1849.857	1849.859		
1851.761	0.060000000000172804	HSETimeIntervals		1851.79	1851.791		
1852.7540000000001	0.30399999999985994	HSETimeIntervals		1853.03	1852.9060000000002		
1856.318	0.09500000000002728	HSETimeIntervals		1856.376	1856.3654999999999		
1857.0410000000002	0.08199999999987995	HSETimeIntervals		1857.083	1857.082		
1857.789	0.13700000000017099	HSETimeIntervals		1857.834	1857.8575		
1883.21	0.10000000000013642	HSETimeIntervals		1883.276	1883.26		
1886.113	0.07899999999995089	HSETimeIntervals		1886.153	1886.1525000000001		
1890.7720000000002	0.07799999999997453	HSETimeIntervals		1890.8100000000002	1890.8110000000001		
1892.163	0.2699999999999818	HSETimeIntervals		1892.3310000000001	1892.298		
1897.8580000000002	0.12299999999981992	HSETimeIntervals		1897.892	1897.9195000000002		
1902.739	0.1369999999999436	HSETimeIntervals		1902.796	1902.8075000000001		
1921.819	0.19700000000011642	HSETimeIntervals		1921.961	1921.9175		
1949.691	0.12100000000009459	HSETimeIntervals		1949.7350000000001	1949.7515		
1956.616	0.09800000000018372	HSETimeIntervals		1956.654	1956.665		
1975.759	0.08500000000003638	HSETimeIntervals		1975.8	1975.8015		
1986.601	0.19699999999988904	HSETimeIntervals		1986.749	1986.6995000000002		
1988.77	0.08100000000013097	HSETimeIntervals		1988.8200000000002	1988.8105		
2000.583	0.06799999999998363	HSETimeIntervals		2000.621	2000.6170000000002		
2002.727	0.06700000000000728	HSETimeIntervals		2002.756	2002.7605		
2010.4350000000002	0.10599999999999454	HSETimeIntervals		2010.511	2010.4880000000003		
2031.803	0.1510000000000673	HSETimeIntervals		2031.914	2031.8785		
2032.938	0.08500000000003638	HSETimeIntervals		2032.978	2032.9805000000001		
2033.652	0.1959999999999127	HSETimeIntervals		2033.69	2033.75		
2035.047	0.09699999999997999	HSETimeIntervals		2035.111	2035.0955000000001		
2037.873	0.12599999999997635	HSETimeIntervals		2037.953	2037.9360000000001		
2042.9080000000001	0.11999999999989086	HSETimeIntervals		2042.996	2042.968		
2046.161	0.125	HSETimeIntervals		2046.208	2046.2235		
2049.622	0.31300000000010186	HSETimeIntervals		2049.892	2049.7785		
2054.067	0.3769999999999527	HSETimeIntervals		2054.308	2054.2555		
2055.56	0.0749999999998181	HSETimeIntervals		2055.5989999999997	2055.5975		
2060.0	9.0	SleepStates					NREMstate
2061.47	0.068000000000211	HSETimeIntervals		2061.5049999999997	2061.504		
2062.32	0.26080000000001746	UpDownStatesTimeIntervals				UP	
2062.8928	0.14879999999993743	UpDownStatesTimeIntervals				UP	
2063.328	0.055200000000240834	UpDownStatesTimeIntervals				DOWN	
2064.2736	0.2096000000001368	UpDownStatesTimeIntervals				UP	
2070.0	657.0	SleepStates					WAKEstate
2077.239	0.21899999999959618	HSETimeIntervals		2077.344	2077.3485		
2101.634	0.1999999999998181	HSETimeIntervals		2101.794	2101.734		
2105.131	0.1999999999998181	HSETimeIntervals		2105.203	2105.2309999999998		
2106.149	0.1269999999999527	HSETimeIntervals		2106.2329999999997	2106.2125		
2108.696	0.07899999999972351	HSETimeIntervals		2108.738	2108.7355		
2110.4809999999998	0.13999999999987267	HSETimeIntervals		2110.5139999999997	2110.551		
2133.3109999999997	0.11200000000008004	HSETimeIntervals		2133.393	2133.3669999999997		
2141.382	0.17899999999963256	HSETimeIntervals		2141.5209999999997	2141.4715		
2155.33	0.1979999999998654	HSETimeIntervals		2155.3999999999996	2155.429		
2163.96	0.3109999999996944	HSETimeIntervals		2164.0769999999998	2164.1155		
2167.042	0.06199999999989814	HSETimeIntervals		2167.073	2167.073		
2181.201	0.06099999999969441	HSETimeIntervals		2181.236	2181.2315		
2181.3889999999997	0.15599999999994907	HSETimeIntervals		2181.5099999999998	2181.4669999999996		
2181.736	0.07799999999997453	HSETimeIntervals		2181.778	2181.775		
2182.187	0.25900000000001455	HSETimeIntervals		2182.341	2182.3165		
2182.462	0.16899999999986903	HSETimeIntervals		2182.5989999999997	2182.5465		
2183.883	0.13599999999996726	HSETimeIntervals		2183.9559999999997	2183.951		
2188.886	0.09400000000005093	HSETimeIntervals		2188.9359999999997	2188.933		
2189.457	0.08100000000013097	HSETimeIntervals		2189.507	2189.4975		
2193.448	0.12600000000020373	HSETimeIntervals		2193.4829999999997	2193.511		
2193.8849999999998	0.15399999999999636	HSETimeIntervals		2193.949	2193.962		
2203.584	0.07099999999991269	HSETimeIntervals		2203.6189999999997	2203.6195		
2216.3019999999997	0.07900000000017826	HSETimeIntervals		2216.341	2216.3414999999995		
2217.969	0.0909999999998945	HSETimeIntervals		2218.0049999999997	2218.0145		
2222.8269999999998	0.052000000000134605	HSETimeIntervals		2222.855	2222.8529999999996		
2225.815	0.2729999999996835	HSETimeIntervals		2225.8759999999997	2225.9515		
2235.4559999999997	0.16000000000030923	HSETimeIntervals		2235.5809999999997	2235.5359999999996		
2238.027	0.13699999999971624	HSETimeIntervals		2238.116	2238.0955		
2238.997	0.17299999999977445	HSETimeIntervals		2239.1189999999997	2239.0834999999997		
2245.73	0.16899999999986903	HSETimeIntervals		2245.812	2245.8145		
2248.2929999999997	0.08699999999998909	HSETimeIntervals		2248.3289999999997	2248.3365		
2267.374	0.11200000000008004	HSETimeIntervals		2267.437	2267.43		
2276.1299999999997	0.2600000000002183	HSETimeIntervals		2276.348	2276.2599999999998		
2277.772	0.09200000000009823	HSETimeIntervals		2277.81	2277.8179999999998		
2277.922	0.08899999999994179	HSETimeIntervals		2277.969	2277.9665		
2287.7819999999997	0.15000000000009095	HSETimeIntervals		2287.859	2287.8569999999995		
2299.219	0.10399999999981446	HSETimeIntervals		2299.263	2299.271		
2299.761	0.1069999999999709	HSETimeIntervals		2299.8019999999997	2299.8145		
2299.9289999999996	0.18200000000024374	HSETimeIntervals		2300.0769999999998	2300.0199999999995		
2303.388	0.3609999999998763	HSETimeIntervals		2303.459	2303.5685		
2305.086	0.06399999999985084	HSETimeIntervals		2305.1189999999997	2305.118		
2309.2259999999997	0.125	HSETimeIntervals		2309.259	2309.2884999999997		
2312.7349999999997	0.19700000000011642	HSETimeIntervals		2312.863	2312.8334999999997		
2313.1929999999998	0.1069999999999709	HSETimeIntervals		2313.2349999999997	2313.2464999999997		
2323.3199999999997	0.12600000000020373	HSETimeIntervals		2323.3579999999997	2323.383		
2328.794	0.09799999999995634	HSETimeIntervals		2328.853	2328.843		
2330.221	0.15699999999969805	HSETimeIntervals		2330.321	2330.2995		
2333.957	0.16800000000012005	HSETimeIntervals		2334.098	2334.0409999999997		
2336.0769999999998	0.07700000000022555	HSETimeIntervals		2336.114	2336.1155		
2336.4649999999997	0.125	HSETimeIntervals		2336.499	2336.5274999999997		
2337.348	0.06599999999980355	HSETimeIntervals		2337.383	2337.381		
2337.464	0.08399999999983265	HSETimeIntervals		2337.5049999999997	2337.506		
2338.5249999999996	0.08300000000008367	HSETimeIntervals		2338.564	2338.5664999999995		
2351.228	0.07999999999992724	HSETimeIntervals		2351.272	2351.268		
2354.0389999999998	0.07999999999992724	HSETimeIntervals		2354.0829999999996	2354.0789999999997		
2355.49	0.06399999999985084	HSETimeIntervals		2355.5229999999997	2355.522		
2356.629	0.09600000000000364	HSETimeIntervals		2356.6679999999997	2356.6769999999997		
2360.1279999999997	0.06300000000010186	HSETimeIntervals		2360.1659999999997	2360.1594999999998		
2376.8419999999996	0.1020000000003165	HSETimeIntervals		2376.8799999999997	2376.8929999999996		
2378.0209999999997	0.17800000000033833	HSETimeIntervals		2378.067	2378.1099999999997		
2379.1839999999997	0.16699999999991633	HSETimeIntervals		2379.323	2379.2675		
2382.877	0.1069999999999709	HSETimeIntervals		2382.9269999999997	2382.9305		
2383.026	0.068000000000211	HSETimeIntervals		2383.0539999999996	2383.06		
2383.569	0.07999999999992724	HSETimeIntervals		2383.616	2383.609		
2384.942	0.08399999999983265	HSETimeIntervals		2384.9869999999996	2384.984		
2385.036	0.3209999999999127	HSETimeIntervals		2385.1639999999998	2385.1965		
2393.841	0.1230000000000473	HSETimeIntervals		2393.919	2393.9024999999997		
2394.16	0.11200000000008004	HSETimeIntervals		2394.234	2394.216		
2395.3889999999997	0.07200000000011642	HSETimeIntervals		2395.428	2395.4249999999997		
2396.036	0.13400000000001455	HSETimeIntervals		2396.1189999999997	2396.103		
2401.812	0.1069999999999709	HSETimeIntervals		2401.854	2401.8655		
2418.837	0.13899999999966894	HSETimeIntervals		2418.9379999999996	2418.9065		
2419.8669999999997	0.06700000000000728	HSETimeIntervals		2419.8999999999996	2419.9004999999997		
2429.2439999999997	0.32300000000032014	HSETimeIntervals		2429.4539999999997	2429.4055		
2429.589	0.05999999999994543	HSETimeIntervals		2429.622	2429.619		
2436.292	0.06799999999975626	HSETimeIntervals		2436.326	2436.326		
2447.0589999999997	0.07999999999992724	HSETimeIntervals		2447.111	2447.0989999999997		
2468.5339999999997	0.07700000000022555	HSETimeIntervals		2468.576	2468.5724999999998		
2468.687	0.07000000000016371	HSETimeIntervals		2468.72	2468.7219999999998		
2468.999	0.1950000000001637	HSETimeIntervals		2469.136	2469.0964999999997		
2470.0539999999996	0.07100000000036744	HSETimeIntervals		2470.087	2470.0894999999996		
2470.1639999999998	0.10500000000001819	HSETimeIntervals		2470.2349999999997	2470.2164999999995		
2470.513	0.0909999999998945	HSETimeIntervals		2470.56	2470.5585		
2473.442	0.07799999999997453	HSETimeIntervals		2473.4739999999997	2473.481		
2473.615	0.11000000000012733	HSETimeIntervals		2473.685	2473.6699999999996		
2478.969	0.09399999999959618	HSETimeIntervals		2479.024	2479.016		
2487.923	0.09799999999995634	HSETimeIntervals		2487.9579999999996	2487.9719999999998		
2488.468	0.21500000000014552	HSETimeIntervals		2488.595	2488.5755		
2493.526	0.07600000000002183	HSETimeIntervals		2493.5679999999998	2493.564		
2497.6169999999997	0.2159999999998945	HSETimeIntervals		2497.795	2497.725		
2502.406	0.1479999999996835	HSETimeIntervals		2502.4429999999998	2502.48		
2513.687	0.10800000000017462	HSETimeIntervals		2513.748	2513.741		
2515.142	0.15200000000004366	HSETimeIntervals		2515.173	2515.218		
2515.403	0.28900000000021464	HSETimeIntervals		2515.661	2515.5474999999997		
2525.528	0.05499999999983629	HSETimeIntervals		2525.555	2525.5555		
2532.797	0.06799999999975626	HSETimeIntervals		2532.836	2532.831		
2533.716	0.10199999999986176	HSETimeIntervals		2533.757	2533.767		
2536.575	0.09700000000020736	HSETimeIntervals		2536.614	2536.6234999999997		
2540.5049999999997	0.20100000000002183	HSETimeIntervals		2540.6459999999997	2540.6054999999997		
2541.243	0.11599999999998545	HSETimeIntervals		2541.326	2541.301		
2552.892	0.19399999999995998	HSETimeIntervals		2552.964	2552.989		
2553.182	0.0860000000002401	HSETimeIntervals		2553.2149999999997	2553.225		
2554.1499999999996	0.11900000000014188	HSETimeIntervals		2554.221	2554.2094999999995		
2559.641	0.11699999999973443	HSETimeIntervals		2559.728	2559.6995		
2559.786	0.0929999999998472	HSETimeIntervals		2559.8419999999996	2559.8325		
2561.1	0.18299999999999272	HSETimeIntervals		2561.143	2561.1915		
2568.147	0.1770000000001346	HSETimeIntervals		2568.2929999999997	2568.2355		
2582.768	0.18799999999964712	HSETimeIntervals		2582.828	2582.862		
2583.598	0.07699999999977081	HSETimeIntervals		2583.643	2583.6365		
2584.449	0.1339999999995598	HSETimeIntervals		2584.488	2584.516		
2596.647	0.10500000000001819	HSETimeIntervals		2596.68	2596.6994999999997		
2598.479	0.1449999999999818	HSETimeIntervals		2598.56	2598.5515		
2605.709	0.0729999999998654	HSETimeIntervals		2605.75	2605.7455		
2606.162	0.15099999999983993	HSETimeIntervals		2606.238	2606.2374999999997		
2608.459	0.08100000000013097	HSETimeIntervals		2608.498	2608.4995		
2608.591	0.2019999999997708	HSETimeIntervals		2608.673	2608.692		
2608.817	0.13400000000001455	HSETimeIntervals		2608.919	2608.884		
2610.395	0.2300000000000182	HSETimeIntervals		2610.5719999999997	2610.5099999999998		
2620.6389999999997	0.10500000000001819	HSETimeIntervals		2620.7	2620.6914999999995		
2621.239	0.06700000000000728	HSETimeIntervals		2621.2729999999997	2621.2725		
2621.709	0.0909999999998945	HSETimeIntervals		2621.763	2621.7545		
2622.6299999999997	0.07200000000011642	HSETimeIntervals		2622.67	2622.6659999999997		
2633.295	0.2569999999996071	HSETimeIntervals		2633.368	2633.4235		
2638.8199999999997	0.15300000000024738	HSETimeIntervals		2638.8979999999997	2638.8965		
2639.355	0.181999999999789	HSETimeIntervals		2639.3889999999997	2639.446		
2646.394	0.13099999999985812	HSETimeIntervals		2646.459	2646.4595		
2652.574	0.3489999999997053	HSETimeIntervals		2652.6789999999996	2652.7485		
2655.636	0.06799999999975626	HSETimeIntervals		2655.673	2655.67		
2669.96	0.06399999999985084	HSETimeIntervals		2669.993	2669.992		
2673.932	0.0909999999998945	HSETimeIntervals		2673.98	2673.9775		
2675.239	0.15499999999974534	HSETimeIntervals		2675.305	2675.3165		
2675.7909999999997	0.12100000000009459	HSETimeIntervals		2675.879	2675.8514999999998		
2682.1679999999997	0.1390000000001237	HSETimeIntervals		2682.199	2682.2374999999997		
2687.383	0.16699999999991633	HSETimeIntervals		2687.491	2687.4665		
2697.527	0.23799999999982901	HSETimeIntervals		2697.725	2697.646		
2705.855	0.16899999999986903	HSETimeIntervals		2705.891	2705.9395		
2713.817	0.0909999999998945	HSETimeIntervals		2713.8759999999997	2713.8625		
2716.1749999999997	0.1390000000001237	HSETimeIntervals		2716.286	2716.2445		
2720.7419999999997	0.1430000000000291	HSETimeIntervals		2720.8039999999996	2720.8134999999997		
2721.919	0.13799999999991996	HSETimeIntervals		2722.0119999999997	2721.988		
2722.185	0.16300000000001091	HSETimeIntervals		2722.3129999999996	2722.2664999999997		
2728.0	44.0	SleepStates					REMstate
2736.595	0.18400000000019645	HSETimeIntervals		2736.7439999999997	2736.687		
2764.209	0.11900000000014188	HSETimeIntervals		2764.2909999999997	2764.2684999999997		
2764.3599999999997	0.19800000000032014	HSETimeIntervals		2764.515	2764.459		
2764.891	0.488999999999578	HSETimeIntervals		2765.152	2765.1355		
2773.0	22.0	SleepStates					WAKEstate
2782.5769999999998	0.09500000000025466	HSETimeIntervals		2782.6279999999997	2782.6245		
2784.923	0.13099999999985812	HSETimeIntervals		2785.0229999999997	2784.9885		
2785.603	0.18699999999989814	HSETimeIntervals		2785.738	2785.6965		
2796.0	7.0	SleepStates					NREMstate
2798.129	0.1999999999998181	HSETimeIntervals		2798.2039999999997	2798.229		
2798.884	0.16719999999986612	UpDownStatesTimeIntervals				UP	
2799.3024	0.19119999999975335	UpDownStatesTimeIntervals				DOWN	
2804.0	720.0	SleepStates					WAKEstate
2820.585	0.20699999999987995	HSETimeIntervals		2820.62	2820.6885		
2822.719	0.23099999999976717	HSETimeIntervals		2822.763	2822.8345		
2824.357	0.09499999999979991	HSETimeIntervals		2824.421	2824.4045		
2826.701	0.057999999999992724	HSETimeIntervals		2826.7329999999997	2826.73		
2829.368	0.2519999999999527	HSETimeIntervals		2829.46	2829.494		
2835.3999999999996	0.24000000000023647	HSETimeIntervals		2835.6079999999997	2835.5199999999995		
2836.7	0.057999999999992724	HSETimeIntervals		2836.7309999999998	2836.729		
2850.5009999999997	0.12800000000015643	HSETimeIntervals		2850.6009999999997	2850.5649999999996		
2851.725	0.08300000000008367	HSETimeIntervals		2851.777	2851.7664999999997		
2853.069	0.19099999999980355	HSETimeIntervals		2853.203	2853.1645		
2853.3089999999997	0.3170000000000073	HSETimeIntervals		2853.593	2853.4674999999997		
2856.881	0.13599999999996726	HSETimeIntervals		2856.9559999999997	2856.949		
2862.623	0.38899999999966894	HSETimeIntervals		2862.9669999999996	2862.8175		
2867.884	0.07899999999972351	HSETimeIntervals		2867.93	2867.9235		
2879.269	0.13000000000010914	HSETimeIntervals		2879.353	2879.334		
2889.083	0.08899999999994179	HSETimeIntervals		2889.118	2889.1275		
2890.4159999999997	0.32999999999992724	HSETimeIntervals		2890.519	2890.5809999999997		
2892.6679999999997	0.30900000000019645	HSETimeIntervals		2892.862	2892.8224999999998		
2907.174	0.08199999999987995	HSETimeIntervals		2907.209	2907.215		
2909.901	0.17599999999993088	HSETimeIntervals		2910.046	2909.989		
2911.9649999999997	0.07300000000032014	HSETimeIntervals		2911.9959999999996	2912.0015		
2914.3489999999997	0.1430000000000291	HSETimeIntervals		2914.4339999999997	2914.4204999999997		
2917.044	0.11999999999989086	HSETimeIntervals		2917.102	2917.104		
2917.854	0.17000000000007276	HSETimeIntervals		2917.9959999999996	2917.939		
2922.567	0.07699999999977081	HSETimeIntervals		2922.614	2922.6055		
2928.223	0.14399999999977808	HSETimeIntervals		2928.263	2928.295		
2928.439	0.1570000000001528	HSETimeIntervals		2928.509	2928.5175		
2928.6299999999997	0.3140000000003056	HSETimeIntervals		2928.661	2928.787		
2935.6839999999997	0.41600000000016735	HSETimeIntervals		2935.7529999999997	2935.892		
2941.294	0.20400000000017826	HSETimeIntervals		2941.455	2941.3959999999997		
2948.897	0.07099999999991269	HSETimeIntervals		2948.9359999999997	2948.9325		
2960.911	0.13899999999966894	HSETimeIntervals		2961.02	2960.9805		
2970.045	0.07599999999956708	HSETimeIntervals		2970.082	2970.083		
2971.663	0.09199999999964348	HSETimeIntervals		2971.714	2971.709		
2972.357	0.22899999999981446	HSETimeIntervals		2972.391	2972.4715		
2975.9539999999997	0.2319999999999709	HSETimeIntervals		2976.103	2976.0699999999997		
2981.352	0.2880000000000109	HSETimeIntervals		2981.437	2981.4959999999996		
2982.25	0.23999999999978172	HSETimeIntervals		2982.2999999999997	2982.37		
2983.377	0.07099999999991269	HSETimeIntervals		2983.417	2983.4125		
2983.594	0.3930000000000291	HSETimeIntervals		2983.676	2983.7905		
2985.964	0.4149999999999636	HSETimeIntervals		2986.066	2986.1715		
2986.9429999999998	0.1069999999999709	HSETimeIntervals		2987.0	2986.9964999999997		
2988.6099999999997	0.23100000000022192	HSETimeIntervals		2988.6929999999998	2988.7254999999996		
2997.77	0.15000000000009095	HSETimeIntervals		2997.877	2997.845		
3000.3869999999997	0.19900000000006912	HSETimeIntervals		3000.516	3000.4864999999995		
3002.435	0.12100000000009459	HSETimeIntervals		3002.52	3002.4955		
3009.5299999999997	0.05099999999993088	HSETimeIntervals		3009.556	3009.5555		
3018.2219999999998	0.1610000000000582	HSETimeIntervals		3018.335	3018.3025		
3021.734	0.13200000000006185	HSETimeIntervals		3021.8089999999997	3021.7999999999997		
3021.886	0.2159999999998945	HSETimeIntervals		3021.9269999999997	3021.994		
3022.3039999999996	0.1380000000003747	HSETimeIntervals		3022.365	3022.3729999999996		
3022.535	0.19099999999980355	HSETimeIntervals		3022.6569999999997	3022.6304999999998		
3040.4379999999996	0.09000000000014552	HSETimeIntervals		3040.479	3040.4829999999997		
3048.676	0.10199999999986176	HSETimeIntervals		3048.7239999999997	3048.727		
3048.8039999999996	0.11200000000008004	HSETimeIntervals		3048.8579999999997	3048.8599999999997		
3051.537	0.1390000000001237	HSETimeIntervals		3051.625	3051.6065		
3052.699	0.238999999999578	HSETimeIntervals		3052.884	3052.8185		
3059.187	0.36799999999993815	HSETimeIntervals		3059.307	3059.371		
3068.471	0.11999999999989086	HSETimeIntervals		3068.513	3068.531		
3068.7059999999997	0.07700000000022555	HSETimeIntervals		3068.749	3068.7445		
3072.903	0.11000000000012733	HSETimeIntervals		3072.982	3072.9579999999996		
3076.8689999999997	0.2250000000003638	HSETimeIntervals		3077.055	3076.9815		
3079.554	0.06199999999989814	HSETimeIntervals		3079.584	3079.585		
3082.031	0.08799999999973807	HSETimeIntervals		3082.082	3082.075		
3082.1499999999996	0.21400000000039654	HSETimeIntervals		3082.296	3082.2569999999996		
3092.294	0.15799999999990177	HSETimeIntervals		3092.364	3092.373		
3092.881	0.0909999999998945	HSETimeIntervals		3092.932	3092.9265		
3093.959	0.09000000000014552	HSETimeIntervals		3094.019	3094.004		
3094.7909999999997	0.14900000000034197	HSETimeIntervals		3094.862	3094.8655		
3095.053	0.23999999999978172	HSETimeIntervals		3095.1479999999997	3095.173		
3099.9809999999998	0.23900000000003274	HSETimeIntervals		3100.0209999999997	3100.1004999999996		
3102.392	0.22000000000025466	HSETimeIntervals		3102.478	3102.502		
3111.5409999999997	0.05999999999994543	HSETimeIntervals		3111.571	3111.571		
3121.747	0.13700000000017099	HSETimeIntervals		3121.8509999999997	3121.8154999999997		
3121.9269999999997	0.08800000000019281	HSETimeIntervals		3121.962	3121.9709999999995		
3123.518	0.1839999999997417	HSETimeIntervals		3123.6549999999997	3123.61		
3133.187	0.09200000000009823	HSETimeIntervals		3133.2419999999997	3133.2329999999997		
3137.616	0.11400000000003274	HSETimeIntervals		3137.692	3137.673		
3138.6189999999997	0.15100000000029468	HSETimeIntervals		3138.7259999999997	3138.6944999999996		
3139.011	0.15000000000009095	HSETimeIntervals		3139.047	3139.086		
3143.566	0.193000000000211	HSETimeIntervals		3143.7149999999997	3143.6625		
3146.5249999999996	0.09900000000016007	HSETimeIntervals		3146.5699999999997	3146.5744999999997		
3159.544	0.18400000000019645	HSETimeIntervals		3159.6769999999997	3159.636		
3160.627	0.20800000000008367	HSETimeIntervals		3160.669	3160.7309999999998		
3161.5769999999998	0.4610000000002401	HSETimeIntervals		3161.9559999999997	3161.8075		
3162.051	0.3249999999998181	HSETimeIntervals		3162.276	3162.2135		
3163.689	0.13000000000010914	HSETimeIntervals		3163.741	3163.754		
3175.787	0.0929999999998472	HSETimeIntervals		3175.8379999999997	3175.8334999999997		
3176.212	0.07199999999966167	HSETimeIntervals		3176.256	3176.248		
3179.2549999999997	0.2270000000003165	HSETimeIntervals		3179.381	3179.3684999999996		
3179.5319999999997	0.09100000000034925	HSETimeIntervals		3179.571	3179.5775		
3194.2999999999997	0.20000000000027285	HSETimeIntervals		3194.43	3194.3999999999996		
3200.1369999999997	0.12600000000020373	HSETimeIntervals		3200.187	3200.2		
3213.978	0.26399999999966894	HSETimeIntervals		3214.058	3214.11		
3220.0	0.0929999999998472	HSETimeIntervals		3220.053	3220.0465		
3226.319	0.06999999999970896	HSETimeIntervals		3226.361	3226.354		
3229.98	0.10500000000001819	HSETimeIntervals		3230.036	3230.0325		
3230.682	0.14200000000028012	HSETimeIntervals		3230.785	3230.7529999999997		
3235.614	0.20299999999997453	HSETimeIntervals		3235.759	3235.7155000000002		
3236.3689999999997	0.36100000000033106	HSETimeIntervals		3236.656	3236.5494999999996		
3239.9829999999997	0.19800000000032014	HSETimeIntervals		3240.038	3240.082		
3241.716	0.10800000000017462	HSETimeIntervals		3241.7599999999998	3241.77		
3242.1209999999996	0.136000000000422	HSETimeIntervals		3242.216	3242.189		
3257.127	0.22299999999995634	HSETimeIntervals		3257.27	3257.2385		
3257.834	0.08500000000003638	HSETimeIntervals		3257.881	3257.8765		
3261.638	0.08899999999994179	HSETimeIntervals		3261.6769999999997	3261.6825		
3263.757	0.1069999999999709	HSETimeIntervals		3263.836	3263.8105		
3263.951	0.23099999999976717	HSETimeIntervals		3263.99	3264.0665		
3266.683	0.09999999999990905	HSETimeIntervals		3266.754	3266.733		
3268.865	0.4940000000001419	HSETimeIntervals		3268.924	3269.1119999999996		
3269.555	0.14400000000023283	HSETimeIntervals		3269.6	3269.627		
3272.4339999999997	0.09900000000016007	HSETimeIntervals		3272.493	3272.4835		
3287.97	0.21700000000009823	HSETimeIntervals		3288.147	3288.0784999999996		
3289.1299999999997	0.07600000000002183	HSETimeIntervals		3289.178	3289.1679999999997		
3295.537	0.07600000000002183	HSETimeIntervals		3295.571	3295.575		
3305.5319999999997	0.13500000000021828	HSETimeIntervals		3305.624	3305.5995		
3305.689	0.09000000000014552	HSETimeIntervals		3305.73	3305.734		
3308.517	0.09799999999995634	HSETimeIntervals		3308.571	3308.566		
3308.653	0.20400000000017826	HSETimeIntervals		3308.826	3308.7549999999997		
3312.7019999999998	0.21700000000009823	HSETimeIntervals		3312.861	3312.8104999999996		
3313.365	0.14800000000013824	HSETimeIntervals		3313.469	3313.439		
3319.6659999999997	0.21900000000005093	HSETimeIntervals		3319.7999999999997	3319.7754999999997		
3328.0009999999997	0.1730000000002292	HSETimeIntervals		3328.069	3328.0874999999996		
3330.89	0.07900000000017826	HSETimeIntervals		3330.93	3330.9294999999997		
3334.8289999999997	0.09700000000020736	HSETimeIntervals		3334.8849999999998	3334.8774999999996		
3341.161	0.2139999999999418	HSETimeIntervals		3341.29	3341.268		
3342.752	0.2159999999998945	HSETimeIntervals		3342.89	3342.86		
3342.9919999999997	0.37800000000015643	HSETimeIntervals		3343.31	3343.1809999999996		
3343.7349999999997	0.09100000000034925	HSETimeIntervals		3343.767	3343.7805		
3344.0	0.22800000000006548	HSETimeIntervals		3344.136	3344.114		
3345.4379999999996	0.262000000000171	HSETimeIntervals		3345.665	3345.5689999999995		
3354.174	0.09999999999990905	HSETimeIntervals		3354.238	3354.224		
3362.828	0.08799999999973807	HSETimeIntervals		3362.8709999999996	3362.872		
3370.075	0.0909999999998945	HSETimeIntervals		3370.131	3370.1205		
3370.689	0.09600000000000364	HSETimeIntervals		3370.7529999999997	3370.7369999999996		
3371.699	0.2559999999998581	HSETimeIntervals		3371.803	3371.827		
3371.993	0.2660000000000764	HSETimeIntervals		3372.154	3372.1259999999997		
3372.283	0.15099999999983993	HSETimeIntervals		3372.315	3372.3585		
3373.732	0.19900000000006912	HSETimeIntervals		3373.833	3373.8315		
3375.667	0.1410000000000764	HSETimeIntervals		3375.7329999999997	3375.7374999999997		
3375.8599999999997	0.07200000000011642	HSETimeIntervals		3375.9	3375.8959999999997		
3378.377	0.09799999999995634	HSETimeIntervals		3378.441	3378.426		
3381.834	0.1619999999998072	HSETimeIntervals		3381.8669999999997	3381.915		
3385.962	0.10300000000006548	HSETimeIntervals		3386.004	3386.0135		
3389.883	0.0729999999998654	HSETimeIntervals		3389.922	3389.9195		
3391.623	0.19499999999970896	HSETimeIntervals		3391.672	3391.7205		
3393.2909999999997	0.08500000000003638	HSETimeIntervals		3393.3419999999996	3393.3334999999997		
3411.526	0.11500000000023647	HSETimeIntervals		3411.609	3411.5834999999997		
3411.854	0.14899999999988722	HSETimeIntervals		3411.97	3411.9285		
3417.749	0.2179999999998472	HSETimeIntervals		3417.8219999999997	3417.8579999999997		
3419.893	0.2669999999998254	HSETimeIntervals		3419.933	3420.0265		
3420.163	0.22699999999986176	HSETimeIntervals		3420.341	3420.2765		
3420.404	0.1459999999997308	HSETimeIntervals		3420.4739999999997	3420.477		
3420.593	0.12399999999979627	HSETimeIntervals		3420.6299999999997	3420.6549999999997		
3433.2639999999997	0.07900000000017826	HSETimeIntervals		3433.295	3433.3034999999995		
3433.391	0.1679999999996653	HSETimeIntervals		3433.475	3433.475		
3444.373	0.10799999999971988	HSETimeIntervals		3444.444	3444.427		
3444.935	0.1289999999999054	HSETimeIntervals		3444.97	3444.9995		
3445.877	0.1269999999999527	HSETimeIntervals		3445.9139999999998	3445.9405		
3446.87	0.12100000000009459	HSETimeIntervals		3446.929	3446.9305		
3447.345	0.14400000000023283	HSETimeIntervals		3447.4179999999997	3447.417		
3447.5809999999997	0.4090000000001055	HSETimeIntervals		3447.958	3447.7854999999995		
3448.395	0.06099999999969441	HSETimeIntervals		3448.4249999999997	3448.4255		
3448.528	0.12200000000029831	HSETimeIntervals		3448.565	3448.589		
3449.66	0.10399999999981446	HSETimeIntervals		3449.716	3449.712		
3449.7729999999997	0.09200000000009823	HSETimeIntervals		3449.826	3449.8189999999995		
3452.4809999999998	0.20100000000002183	HSETimeIntervals		3452.571	3452.5815		
3453.719	0.1799999999998363	HSETimeIntervals		3453.825	3453.809		
3455.6299999999997	0.1590000000001055	HSETimeIntervals		3455.761	3455.7094999999995		
3464.263	0.17399999999997817	HSETimeIntervals		3464.402	3464.35		
3465.8979999999997	0.07000000000016371	HSETimeIntervals		3465.937	3465.9329999999995		
3470.8109999999997	0.07300000000032014	HSETimeIntervals		3470.843	3470.8475		
3471.275	0.12799999999970169	HSETimeIntervals		3471.325	3471.339		
3471.908	0.12100000000009459	HSETimeIntervals		3471.98	3471.9685		
3477.548	0.09200000000009823	HSETimeIntervals		3477.607	3477.5939999999996		
3482.578	0.06899999999995998	HSETimeIntervals		3482.6169999999997	3482.6125		
3484.9179999999997	0.0820000000003347	HSETimeIntervals		3484.9559999999997	3484.959		
3486.39	0.06700000000000728	HSETimeIntervals		3486.426	3486.4235		
3486.5009999999997	0.07000000000016371	HSETimeIntervals		3486.535	3486.5359999999996		
3495.426	0.17399999999997817	HSETimeIntervals		3495.468	3495.513		
3498.5609999999997	0.12100000000009459	HSETimeIntervals		3498.622	3498.6214999999997		
3506.787	0.08699999999998909	HSETimeIntervals		3506.839	3506.8305		
3512.45	0.14800000000013824	HSETimeIntervals		3512.493	3512.524		
3516.575	0.10100000000011278	HSETimeIntervals		3516.644	3516.6254999999996		
3525.0	23.0	SleepStates					REMstate
3528.989	0.3350000000000364	HSETimeIntervals		3529.189	3529.1565		
3529.352	0.23799999999982901	HSETimeIntervals		3529.404	3529.471		
3535.4759999999997	0.11900000000014188	HSETimeIntervals		3535.5499999999997	3535.5354999999995		
3537.007	0.14199999999982538	HSETimeIntervals		3537.054	3537.078		
3538.518	0.1299999999996544	HSETimeIntervals		3538.609	3538.583		
3540.2929999999997	0.4410000000002583	HSETimeIntervals		3540.683	3540.5134999999996		
3547.44	0.10099999999965803	HSETimeIntervals		3547.5049999999997	3547.4905		
3549.0	22.0	SleepStates					WAKEstate
3553.832	0.21900000000005093	HSETimeIntervals		3554.0099999999998	3553.9415		
3559.0741333333335	5451.647966666667	epochs	fCamk5_210406_094620				
3562.0629999999996	0.2860000000000582	HSETimeIntervals		3562.153	3562.2059999999997		
3563.3219999999997	0.26900000000023283	HSETimeIntervals		3563.498	3563.4565		
3568.4719999999998	0.09600000000000364	HSETimeIntervals		3568.504	3568.5199999999995		
3570.428	0.10500000000001819	HSETimeIntervals		3570.4759999999997	3570.4804999999997		
3572.0	16.0	SleepStates					NREMstate
3572.7909999999997	0.19600000000036744	HSETimeIntervals		3572.83	3572.8889999999997		
3574.8096	0.13599999999996726	UpDownStatesTimeIntervals				UP	
3575.189	0.23100000000022192	HSETimeIntervals		3575.335	3575.3044999999997		
3575.576	0.26499999999987267	HSETimeIntervals		3575.656	3575.7085		
3575.6288	0.27359999999998763	UpDownStatesTimeIntervals				UP	
3576.073	0.13700000000017099	HSETimeIntervals		3576.136	3576.1414999999997		
3576.277	0.08199999999987995	HSETimeIntervals		3576.3129999999996	3576.318		
3576.4304	0.3287999999997737	UpDownStatesTimeIntervals				UP	
3577.272	0.14879999999993743	UpDownStatesTimeIntervals				UP	
3577.808	0.1392000000000735	UpDownStatesTimeIntervals				UP	
3579.352	0.2312000000001717	UpDownStatesTimeIntervals				UP	
3580.8712	0.12879999999995562	UpDownStatesTimeIntervals				UP	
3581.0928	0.14640000000008513	UpDownStatesTimeIntervals				DOWN	
3581.2392	0.2359999999998763	UpDownStatesTimeIntervals				UP	
3582.9952	0.1384000000002743	UpDownStatesTimeIntervals				UP	
3584.0944	0.3791999999998552	UpDownStatesTimeIntervals				UP	
3585.4768	0.20400000000017826	UpDownStatesTimeIntervals				UP	
3589.0	87.0	SleepStates					WAKEstate
3589.9179999999997	0.07100000000036744	HSETimeIntervals		3589.961	3589.9534999999996		
3590.246	0.23099999999976717	HSETimeIntervals		3590.312	3590.3615		
3591.353	0.11299999999982901	HSETimeIntervals		3591.426	3591.4095		
3602.377	0.06899999999995998	HSETimeIntervals		3602.408	3602.4115		
3607.583	0.08699999999998909	HSETimeIntervals		3607.6389999999997	3607.6265000000003		
3610.277	0.056999999999789	HSETimeIntervals		3610.308	3610.3055		
3611.942	0.0749999999998181	HSETimeIntervals		3611.9849999999997	3611.9795		
3613.651	0.07900000000017826	HSETimeIntervals		3613.701	3613.6904999999997		
3631.2129999999997	0.09900000000016007	HSETimeIntervals		3631.2509999999997	3631.2625		
3633.1569999999997	0.13599999999996726	HSETimeIntervals		3633.228	3633.225		
3633.977	0.11299999999982901	HSETimeIntervals		3634.058	3634.0335		
3636.473	0.1390000000001237	HSETimeIntervals		3636.5409999999997	3636.5425		
3637.592	0.1519999999995889	HSETimeIntervals		3637.698	3637.668		
3638.556	0.31799999999975626	HSETimeIntervals		3638.705	3638.715		
3640.9719999999998	0.11100000000033106	HSETimeIntervals		3641.053	3641.0274999999997		
3648.8219999999997	0.42200000000002547	HSETimeIntervals		3648.9559999999997	3649.0329999999994		
3649.288	0.11099999999987631	HSETimeIntervals		3649.326	3649.3435		
3652.124	0.18299999999999272	HSETimeIntervals		3652.1679999999997	3652.2155		
3653.9649999999997	0.09400000000005093	HSETimeIntervals		3654.028	3654.0119999999997		
3654.162	0.068000000000211	HSETimeIntervals		3654.199	3654.196		
3657.877	0.08699999999998909	HSETimeIntervals		3657.928	3657.9205		
3658.759	0.06199999999989814	HSETimeIntervals		3658.794	3658.79		
3663.051	0.06199999999989814	HSETimeIntervals		3663.084	3663.082		
3668.4379999999996	0.09000000000014552	HSETimeIntervals		3668.484	3668.4829999999997		
3677.1259999999997	0.068000000000211	HSETimeIntervals		3677.165	3677.16		
3678.0209999999997	0.09500000000025466	HSETimeIntervals		3678.086	3678.0685		
3681.545	0.06299999999964712	HSETimeIntervals		3681.578	3681.5765		
3687.516	0.1089999999999236	HSETimeIntervals		3687.594	3687.5705000000003		
3691.19	0.09999999999990905	HSETimeIntervals		3691.252	3691.2400000000002		
3696.219	0.08899999999994179	HSETimeIntervals		3696.266	3696.2635		
3713.566	0.05500000000029104	HSETimeIntervals		3713.594	3713.5935		
3716.58	0.19000000000005457	HSETimeIntervals		3716.631	3716.6749999999997		
3719.603	0.07699999999977081	HSETimeIntervals		3719.641	3719.6415		
3720.269	0.1730000000002292	HSETimeIntervals		3720.402	3720.3554999999997		
3721.325	0.07700000000022555	HSETimeIntervals		3721.359	3721.3635		
3721.951	0.10500000000001819	HSETimeIntervals		3722.018	3722.0035		
3726.868	0.09400000000005093	HSETimeIntervals		3726.9179999999997	3726.915		
3728.6949999999997	0.09500000000025466	HSETimeIntervals		3728.749	3728.7425		
3732.612	0.08599999999978536	HSETimeIntervals		3732.672	3732.655		
3746.72	0.11500000000023647	HSETimeIntervals		3746.7999999999997	3746.7774999999997		
3749.673	0.11200000000008004	HSETimeIntervals		3749.745	3749.729		
3750.305	0.4610000000002401	HSETimeIntervals		3750.6839999999997	3750.5355		
3753.229	0.44399999999996	HSETimeIntervals		3753.281	3753.451		
3756.8129999999996	0.11200000000008004	HSETimeIntervals		3756.864	3756.8689999999997		
3758.082	0.07400000000006912	HSETimeIntervals		3758.111	3758.1189999999997		
3763.129	0.16300000000001091	HSETimeIntervals		3763.2419999999997	3763.2104999999997		
3764.439	0.36200000000008004	HSETimeIntervals		3764.7599999999998	3764.62		
3767.712	0.12399999999979627	HSETimeIntervals		3767.743	3767.774		
3769.256	0.29300000000012005	HSETimeIntervals		3769.342	3769.4024999999997		
3775.234	0.09000000000014552	HSETimeIntervals		3775.2729999999997	3775.279		
3800.054	0.20499999999992724	HSETimeIntervals		3800.122	3800.1565		
3808.278	0.10800000000017462	HSETimeIntervals		3808.325	3808.332		
3810.162	0.29100000000016735	HSETimeIntervals		3810.353	3810.3075		
3816.663	0.09499999999979991	HSETimeIntervals		3816.7039999999997	3816.7105		
3818.549	0.1449999999999818	HSETimeIntervals		3818.612	3818.6215		
3823.3179999999998	0.12200000000029831	HSETimeIntervals		3823.3669999999997	3823.379		
3823.444	0.4119999999998072	HSETimeIntervals		3823.6589999999997	3823.65		
3824.031	0.35199999999986176	HSETimeIntervals		3824.074	3824.207		
3825.249	0.07999999999992724	HSETimeIntervals		3825.294	3825.2889999999998		
3826.1009999999997	0.11700000000018917	HSETimeIntervals		3826.142	3826.1594999999998		
3827.5816	0.17599999999993088	RippleTimeIntervals		3827.672			
3833.748	0.34400000000005093	HSETimeIntervals		3834.036	3833.92		
3834.111	0.10399999999981446	HSETimeIntervals		3834.144	3834.163		
3836.652	0.10599999999976717	HSETimeIntervals		3836.7329999999997	3836.705		
3837.874	0.18699999999989814	HSETimeIntervals		3838.031	3837.9674999999997		
3841.211	0.14600000000018554	HSETimeIntervals		3841.243	3841.2839999999997		
3844.3379999999997	0.08899999999994179	HSETimeIntervals		3844.3799999999997	3844.3824999999997		
3850.545	0.2359999999998763	HSETimeIntervals		3850.6169999999997	3850.663		
3853.748	0.07199999999966167	HSETimeIntervals		3853.787	3853.784		
3857.6079999999997	0.07200000000011642	HSETimeIntervals		3857.644	3857.644		
3867.91	0.09700000000020736	HSETimeIntervals		3867.958	3867.9584999999997		
3869.426	0.08699999999998909	HSETimeIntervals		3869.4759999999997	3869.4695		
3871.3309999999997	0.44600000000036744	HSETimeIntervals		3871.7219999999998	3871.5539999999996		
3871.8109999999997	0.10500000000001819	HSETimeIntervals		3871.852	3871.8634999999995		
3876.401	0.11000000000012733	HSETimeIntervals		3876.437	3876.4559999999997		
3879.3849999999998	0.08300000000008367	HSETimeIntervals		3879.428	3879.4264999999996		
3901.56	0.1790000000000873	HSETimeIntervals		3901.708	3901.6495		
3901.881	0.11099999999987631	HSETimeIntervals		3901.937	3901.9365		
3903.125	0.1430000000000291	HSETimeIntervals		3903.23	3903.1965		
3903.747	0.193000000000211	HSETimeIntervals		3903.817	3903.8435		
3908.5429999999997	0.387000000000171	HSETimeIntervals		3908.778	3908.7364999999995		
3911.4739999999997	0.09400000000005093	HSETimeIntervals		3911.509	3911.5209999999997		
3915.332	0.0729999999998654	HSETimeIntervals		3915.371	3915.3685		
3915.787	0.15999999999985448	HSETimeIntervals		3915.897	3915.8669999999997		
3920.7639999999997	0.09000000000014552	HSETimeIntervals		3920.814	3920.8089999999997		
3920.95	0.09400000000005093	HSETimeIntervals		3920.997	3920.997		
3922.42	0.08299999999962893	HSETimeIntervals		3922.459	3922.4615		
3922.808	0.0909999999998945	HSETimeIntervals		3922.8599999999997	3922.8535		
3928.685	0.08899999999994179	HSETimeIntervals		3928.727	3928.7295		
3933.5016	0.1295999999997548	RippleTimeIntervals		3933.6152			
3935.31	0.22699999999986176	HSETimeIntervals		3935.3489999999997	3935.4235		
3941.386	0.3409999999998945	HSETimeIntervals		3941.595	3941.5565		
3944.354	0.16499999999996362	HSETimeIntervals		3944.406	3944.4365		
3945.299	0.4299999999998363	HSETimeIntervals		3945.6949999999997	3945.514		
3950.632	0.10299999999961074	HSETimeIntervals		3950.6949999999997	3950.6835		
3955.913	0.36599999999998545	HSETimeIntervals		3956.071	3956.096		
3962.804	0.22100000000000364	HSETimeIntervals		3962.8509999999997	3962.9145		
3966.124	0.4130000000000109	HSETimeIntervals		3966.469	3966.3304999999996		
3966.67	0.2569999999996071	HSETimeIntervals		3966.836	3966.7985		
3967.095	0.24299999999993815	HSETimeIntervals		3967.228	3967.2165		
3993.9249999999997	0.3969999999999345	HSETimeIntervals		3993.984	3994.1234999999997		
4001.75	0.09899999999970532	HSETimeIntervals		4001.819	4001.7995		
4002.096	0.2179999999998472	HSETimeIntervals		4002.205	4002.205		
4002.344	0.250999999999749	HSETimeIntervals		4002.4649999999997	4002.4695		
4002.895	0.1230000000000473	HSETimeIntervals		4002.941	4002.9565		
4003.102	0.3930000000000291	HSETimeIntervals		4003.431	4003.2985		
4003.548	0.23500000000012733	HSETimeIntervals		4003.6	4003.6654999999996		
4005.6679999999997	0.4420000000000073	HSETimeIntervals		4005.919	4005.8889999999997		
4011.932	0.20499999999992724	HSETimeIntervals		4012.085	4012.0344999999998		
4013.428	0.10300000000006548	HSETimeIntervals		4013.477	4013.4795		
4014.011	0.1269999999999527	HSETimeIntervals		4014.057	4014.0745		
4021.298	0.4790000000002692	HSETimeIntervals		4021.5899999999997	4021.5375		
4021.79	0.2529999999997017	HSETimeIntervals		4021.83	4021.9165		
4022.397	0.10599999999976717	HSETimeIntervals		4022.429	4022.45		
4023.1659999999997	0.10500000000001819	HSETimeIntervals		4023.218	4023.2184999999995		
4029.444	0.04800000000022919	RippleTimeIntervals		4029.476			
4029.576	0.1248000000000502	RippleTimeIntervals		4029.6728			
4031.557	0.12600000000020373	HSETimeIntervals		4031.6009999999997	4031.62		
4039.173	0.13400000000001455	HSETimeIntervals		4039.249	4039.24		
4060.158	0.2179999999998472	HSETimeIntervals		4060.266	4060.267		
4060.752	0.17299999999977445	HSETimeIntervals		4060.807	4060.8385		
4061.825	0.0860000000002401	HSETimeIntervals		4061.864	4061.868		
4063.3219999999997	0.07900000000017826	HSETimeIntervals		4063.365	4063.3614999999995		
4065.3689999999997	0.1430000000000291	HSETimeIntervals		4065.448	4065.4404999999997		
4077.275	0.14099999999962165	HSETimeIntervals		4077.3599999999997	4077.3455		
4096.717	0.20899999999983265	HSETimeIntervals		4096.807	4096.8215		
4097.814	0.12199999999938882	HSETimeIntervals		4097.9	4097.875		
4098.187	0.11200000000008004	HSETimeIntervals		4098.267	4098.2429999999995		
4108.013	0.11200000000008004	HSETimeIntervals		4108.084	4108.0689999999995		
4109.447	0.2719999999999345	HSETimeIntervals		4109.657999999999	4109.5830000000005		
4111.339	0.23300000000017462	HSETimeIntervals		4111.398999999999	4111.4555		
4112.32	0.07899999999972351	HSETimeIntervals		4112.36	4112.3595		
4118.961	0.09400000000005093	HSETimeIntervals		4119.023	4119.008		
4122.514	0.07799999999951979	HSETimeIntervals		4122.554	4122.553		
4124.86	0.08800000000064756	HSETimeIntervals		4124.897	4124.9039999999995		
4127.251	0.08100000000013097	HSETimeIntervals		4127.297	4127.2915		
4127.544	0.1679999999996653	HSETimeIntervals		4127.603	4127.628		
4136.211	0.2669999999998254	HSETimeIntervals		4136.346	4136.3445		
4140.446	0.2709999999997308	HSETimeIntervals		4140.536	4140.5815		
4145.949	0.07999999999992724	HSETimeIntervals		4145.992	4145.989		
4147.992	0.11099999999987631	HSETimeIntervals		4148.0689999999995	4148.047500000001		
4158.601	0.13000000000010914	HSETimeIntervals		4158.682	4158.665999999999		
4161.788	0.09799999999995634	HSETimeIntervals		4161.848	4161.8369999999995		
4165.013	0.08399999999983265	HSETimeIntervals		4165.0599999999995	4165.055		
4170.762	0.26299999999991996	HSETimeIntervals		4170.894	4170.8935		
4173.276	0.15999999999985448	HSETimeIntervals		4173.321	4173.356		
4175.084	0.07300000000032014	HSETimeIntervals		4175.12	4175.1205		
4186.732	0.2209999999995489	HSETimeIntervals		4186.782	4186.8425		
4194.379	0.22800000000006548	HSETimeIntervals		4194.418	4194.4929999999995		
4203.684	0.08399999999983265	HSETimeIntervals		4203.726	4203.726000000001		
4213.556	0.2359999999998763	HSETimeIntervals		4213.625	4213.674		
4213.979	0.13400000000001455	HSETimeIntervals		4214.0289999999995	4214.046		
4219.9169999999995	0.09800000000086584	HSETimeIntervals		4219.9839999999995	4219.965999999999		
4230.964	0.16600000000016735	HSETimeIntervals		4231.004	4231.047		
4237.8369999999995	0.12400000000070577	HSETimeIntervals		4237.93	4237.898999999999		
4248.593	0.08799999999973807	HSETimeIntervals		4248.644	4248.637		
4251.321	0.07799999999951979	HSETimeIntervals		4251.363	4251.36		
4265.0264	0.09280000000035216	RippleTimeIntervals		4265.1024			
4269.124	0.10300000000006548	HSETimeIntervals		4269.171	4269.175499999999		
4277.452	0.181999999999789	HSETimeIntervals		4277.602	4277.543000000001		
4289.382	0.10300000000006548	HSETimeIntervals		4289.424	4289.433499999999		
4293.919	0.06599999999980355	HSETimeIntervals		4293.955	4293.952		
4300.188	0.07899999999972351	HSETimeIntervals		4300.232	4300.2275		
4301.293	0.11700000000018917	HSETimeIntervals		4301.3279999999995	4301.3515		
4305.03	0.06999999999970896	HSETimeIntervals		4305.062	4305.065		
4306.684	0.09099999999943975	HSETimeIntervals		4306.744	4306.7295		
4307.9839999999995	0.09100000000034925	HSETimeIntervals		4308.046	4308.0295		
4314.547	0.12600000000020373	HSETimeIntervals		4314.633	4314.61		
4323.299	0.10400000000026921	HSETimeIntervals		4323.346	4323.351		
4330.626	0.09400000000005093	HSETimeIntervals		4330.671	4330.673		
4344.856	0.09600000000045839	HSETimeIntervals		4344.91	4344.9039999999995		
4423.0544	0.13439999999991414	RippleTimeIntervals		4423.056			
4423.6576	0.09040000000004511	RippleTimeIntervals		4423.7352			
4438.295	0.10099999999965803	HSETimeIntervals		4438.361	4438.3455		
4438.848	0.2110000000002401	HSETimeIntervals		4438.883	4438.9535		
4443.222	0.15200000000004366	HSETimeIntervals		4443.284	4443.298		
4453.054	0.1750000000001819	HSETimeIntervals		4453.192	4453.1415		
4453.281	0.10199999999986176	HSETimeIntervals		4453.349999999999	4453.332		
4477.207	0.11899999999968713	HSETimeIntervals		4477.2919999999995	4477.266500000001		
4482.782	0.15399999999954161	HSETimeIntervals		4482.872	4482.859		
4484.833	0.061000000000603904	HSETimeIntervals		4484.869	4484.8634999999995		
4488.545	0.1790000000000873	HSETimeIntervals		4488.693	4488.6345		
4509.064	0.11099999999987631	HSETimeIntervals		4509.135	4509.119500000001		
4543.249	0.08300000000053842	HSETimeIntervals		4543.295	4543.2905		
4544.171	0.13400000000001455	HSETimeIntervals		4544.21	4544.238		
4553.108	0.07200000000011642	HSETimeIntervals		4553.14	4553.144		
4570.629	0.14000000000032742	HSETimeIntervals		4570.713	4570.699		
4609.724	0.0749999999998181	HSETimeIntervals		4609.753	4609.7615000000005		
4615.468	0.10300000000006548	HSETimeIntervals		4615.508	4615.519499999999		
4616.419	0.09400000000005093	HSETimeIntervals		4616.458	4616.465999999999		
4661.663	0.06700000000000728	HSETimeIntervals		4661.698	4661.696499999999		
4662.351	0.08899999999994179	HSETimeIntervals		4662.383	4662.3955		
4696.998	0.28700000000026193	HSETimeIntervals		4697.085	4697.1415		
4703.681	0.28000000000065484	HSETimeIntervals		4703.753	4703.821		
4711.65	0.2139999999999418	HSETimeIntervals		4711.69	4711.757		
4728.153	0.07099999999991269	HSETimeIntervals		4728.1939999999995	4728.1885		
4728.396	0.11000000000058208	HSETimeIntervals		4728.472	4728.451		
4739.536	0.10800000000017462	HSETimeIntervals		4739.585	4739.59		
4750.44	0.057999999999992724	HSETimeIntervals		4750.472	4750.469		
4762.216	0.08079999999972642	RippleTimeIntervals		4762.2848			
4791.735	0.07099999999991269	HSETimeIntervals		4791.771	4791.7705		
4800.603	0.19499999999970896	HSETimeIntervals		4800.754	4800.7005		
4802.918	0.21900000000005093	HSETimeIntervals		4803.09	4803.027499999999		
4811.775	0.14400000000023283	HSETimeIntervals		4811.881	4811.847		
4853.242	0.1289999999999054	HSETimeIntervals		4853.286	4853.306500000001		
4858.429	0.23700000000008004	HSETimeIntervals		4858.546	4858.5475		
4861.316	0.38699999999971624	HSETimeIntervals		4861.461	4861.5095		
4862.04	0.1570000000001528	HSETimeIntervals		4862.15	4862.1185		
4879.9839999999995	0.07300000000032014	HSETimeIntervals		4880.024	4880.0205		
4884.214	0.09699999999975262	HSETimeIntervals		4884.253	4884.2625		
4908.42	0.24200000000018917	HSETimeIntervals		4908.455	4908.541		
4913.943	0.1610000000000582	HSETimeIntervals		4914.0019999999995	4914.0235		
4920.059	0.17599999999947613	HSETimeIntervals		4920.106	4920.147		
4922.259	0.09900000000016007	HSETimeIntervals		4922.3279999999995	4922.3085		
4930.814	0.09899999999925058	HSETimeIntervals		4930.876	4930.8635		
4937.864	0.12100000000009459	HSETimeIntervals		4937.923	4937.924499999999		
4961.786	0.0860000000002401	HSETimeIntervals		4961.817	4961.829		
5013.217	0.09000000000014552	HSETimeIntervals		5013.276	5013.262		
5063.488	0.07899999999972351	HSETimeIntervals		5063.538	5063.5275		
5078.629	0.068000000000211	HSETimeIntervals		5078.666	5078.663		
5086.6179999999995	0.17700000000058935	HSETimeIntervals		5086.687	5086.706499999999		
5115.073	0.47699999999986176	HSETimeIntervals		5115.347	5115.311500000001		
5130.548	0.1000000000003638	HSETimeIntervals		5130.62	5130.598		
5143.784	0.1180000000003929	HSETimeIntervals		5143.849	5143.843		
5171.286	0.1679999999996653	HSETimeIntervals		5171.383	5171.37		
5178.059	0.06999999999970896	HSETimeIntervals		5178.092	5178.094		
5183.808	0.12100000000009459	HSETimeIntervals		5183.884	5183.8685		
5194.701	0.10099999999965803	HSETimeIntervals		5194.739	5194.7515		
5201.473	0.11200000000008004	HSETimeIntervals		5201.5199999999995	5201.5289999999995		
5204.97	0.09199999999964348	HSETimeIntervals		5205.031	5205.0160000000005		
5208.662	0.13499999999930878	HSETimeIntervals		5208.758	5208.7295		
5262.93	0.10099999999965803	HSETimeIntervals		5262.977	5262.980500000001		
5264.1359999999995	0.3320000000003347	HSETimeIntervals		5264.237	5264.302		
5276.365	0.14000000000032742	HSETimeIntervals		5276.455	5276.4349999999995		
5276.515	0.2139999999999418	HSETimeIntervals		5276.5779999999995	5276.622		
5280.147	0.13100000000031287	HSETimeIntervals		5280.228	5280.2125		
5297.544	0.07300000000032014	HSETimeIntervals		5297.576	5297.5805		
5310.536	0.12399999999979627	HSETimeIntervals		5310.631	5310.598		
5312.562	0.14199999999982538	HSETimeIntervals		5312.664	5312.633		
5318.922	0.07000000000061846	HSETimeIntervals		5318.959	5318.956999999999		
5329.352	0.08100000000013097	HSETimeIntervals		5329.4039999999995	5329.3925		
5426.199	0.12400000000070577	HSETimeIntervals		5426.2609999999995	5426.2609999999995		
5435.282	0.0929999999998472	HSETimeIntervals		5435.329	5435.3285000000005		
5448.791	0.08100000000013097	HSETimeIntervals		5448.839	5448.8315		
5457.364	0.11700000000018917	HSETimeIntervals		5457.4439999999995	5457.4225		
5457.508	0.08399999999983265	HSETimeIntervals		5457.541	5457.55		
5458.193	0.30499999999938154	HSETimeIntervals		5458.313	5458.3455		
5468.262	0.06500000000050932	HSETimeIntervals		5468.2919999999995	5468.2945		
5471.546	0.11299999999937427	HSETimeIntervals		5471.612	5471.6025		
5473.26	0.13000000000010914	HSETimeIntervals		5473.351	5473.325		
5480.372	0.1289999999999054	HSETimeIntervals		5480.455	5480.436500000001		
5488.226	0.10500000000047294	HSETimeIntervals		5488.297	5488.278499999999		
5488.753	0.11000000000058208	HSETimeIntervals		5488.795	5488.808		
5489.108	0.15499999999974534	HSETimeIntervals		5489.141	5489.1855000000005		
5504.829	0.2849999999998545	HSETimeIntervals		5504.959	5504.9715		
5512.664	0.07700000000022555	HSETimeIntervals		5512.701	5512.702499999999		
5513.135	0.11899999999968713	HSETimeIntervals		5513.1759999999995	5513.1945000000005		
5544.7119999999995	0.12600000000020373	HSETimeIntervals		5544.748	5544.775		
5550.363	0.08399999999983265	HSETimeIntervals		5550.41	5550.405000000001		
5562.425	0.1679999999996653	HSETimeIntervals		5562.467	5562.509		
5592.768	0.1639999999997599	HSETimeIntervals		5592.847	5592.85		
5593.316	0.06700000000000728	HSETimeIntervals		5593.354	5593.349499999999		
5613.968	0.06400000000030559	HSETimeIntervals		5613.998	5614.0		
5637.239	0.10800000000017462	HSETimeIntervals		5637.316	5637.293		
5640.739	0.11300000000028376	HSETimeIntervals		5640.806	5640.795499999999		
5646.576	0.2319999999999709	HSETimeIntervals		5646.622	5646.692		
5650.291	0.1499999999996362	HSETimeIntervals		5650.339	5650.366		
5652.5509999999995	0.21300000000064756	HSETimeIntervals		5652.614	5652.657499999999		
5658.121	0.12100000000009459	HSETimeIntervals		5658.181	5658.1815		
5664.499	0.12700000000040745	HSETimeIntervals		5664.5869999999995	5664.5625		
5671.888	0.08299999999962893	HSETimeIntervals		5671.932	5671.9295		
5694.45	0.09500000000025466	HSETimeIntervals		5694.5019999999995	5694.4974999999995		
5698.699	0.11999999999989086	HSETimeIntervals		5698.781	5698.759		
5699.348	0.1180000000003929	HSETimeIntervals		5699.429	5699.407		
5699.573	0.08099999999922147	HSETimeIntervals		5699.613	5699.6135		
5704.0019999999995	0.07600000000002183	HSETimeIntervals		5704.036	5704.039999999999		
5717.0109999999995	0.2530000000006112	HSETimeIntervals		5717.147	5717.1375		
5727.356	0.4329999999999927	HSETimeIntervals		5727.449	5727.5725		
5730.852	0.07700000000022555	HSETimeIntervals		5730.893	5730.8904999999995		
5735.42	0.07399999999961437	HSETimeIntervals		5735.4619999999995	5735.457		
5735.7	0.18299999999999272	HSETimeIntervals		5735.78	5735.7915		
5737.357	0.3459999999995489	HSETimeIntervals		5737.466	5737.53		
5739.7609999999995	0.1430000000000291	HSETimeIntervals		5739.829	5739.8324999999995		
5760.287	0.2359999999998763	HSETimeIntervals		5760.418	5760.405000000001		
5762.708	0.09000000000014552	HSETimeIntervals		5762.767	5762.753		
5764.131	0.3789999999999054	HSETimeIntervals		5764.394	5764.320500000001		
5764.521	0.12800000000061118	HSETimeIntervals		5764.61	5764.585		
5783.271	0.08799999999973807	HSETimeIntervals		5783.32	5783.315		
5786.412	0.1929999999993015	HSETimeIntervals		5786.539	5786.5085		
5803.641	0.05400000000008731	HSETimeIntervals		5803.668	5803.668		
5814.4039999999995	0.2460000000000946	HSETimeIntervals		5814.523	5814.526999999999		
5814.896	0.1540000000004511	HSETimeIntervals		5814.999	5814.973		
5815.21	0.15499999999974534	HSETimeIntervals		5815.298	5815.2875		
5823.744	0.09700000000066211	HSETimeIntervals		5823.772	5823.7925		
5838.22	0.1430000000000291	HSETimeIntervals		5838.326	5838.2915		
5845.931	0.30900000000019645	HSETimeIntervals		5846.106	5846.085499999999		
5850.103	0.17599999999947613	HSETimeIntervals		5850.224	5850.191		
5854.079	0.06199999999989814	HSETimeIntervals		5854.11	5854.11		
5859.588	0.23000000000047294	HSETimeIntervals		5859.682	5859.7029999999995		
5864.427	0.2780000000002474	HSETimeIntervals		5864.612	5864.566		
5867.524	0.09599999999954889	HSETimeIntervals		5867.575	5867.572		
5878.617	0.05599999999958527	HSETimeIntervals		5878.646	5878.645		
5884.972	0.21200000000044383	HSETimeIntervals		5885.071	5885.0779999999995		
5885.219	0.2820000000001528	HSETimeIntervals		5885.436	5885.36		
5886.684	0.10300000000006548	HSETimeIntervals		5886.754	5886.7355		
5899.104	0.10599999999976717	HSETimeIntervals		5899.143	5899.157		
5900.884	0.2820000000001528	HSETimeIntervals		5901.091	5901.025		
5903.125	0.1069999999999709	HSETimeIntervals		5903.199	5903.1785		
5919.657	0.1499999999996362	HSETimeIntervals		5919.739	5919.732		
5942.726	0.06500000000050932	HSETimeIntervals		5942.755	5942.7585		
5953.403	0.10799999999926513	HSETimeIntervals		5953.445	5953.457		
5963.3	0.07299999999941065	HSETimeIntervals		5963.34	5963.3365		
5980.684	0.14199999999982538	HSETimeIntervals		5980.79	5980.755		
5980.88	0.05999999999949068	HSETimeIntervals		5980.91	5980.91		
5989.482	0.08399999999983265	HSETimeIntervals		5989.535	5989.524		
5995.284	0.07800000000042928	HSETimeIntervals		5995.321	5995.322999999999		
6003.921	0.1359999999995125	HSETimeIntervals		6004.016	6003.9890000000005		
6007.414	0.06500000000050932	HSETimeIntervals		6007.449	6007.4465		
6014.402	0.09000000000014552	HSETimeIntervals		6014.45	6014.447		
6016.075	0.27999999999974534	HSETimeIntervals		6016.232	6016.215		
6036.286	0.26199999999971624	HSETimeIntervals		6036.509	6036.417		
6046.48	0.38100000000031287	HSETimeIntervals		6046.811	6046.670499999999		
6051.169	0.11999999999989086	HSETimeIntervals		6051.241	6051.229		
6060.88	0.07200000000011642	HSETimeIntervals		6060.922	6060.916		
6061.181	0.08300000000053842	HSETimeIntervals		6061.23	6061.2225		
6065.978	0.1790000000000873	HSETimeIntervals		6066.119	6066.0675		
6074.374	0.09699999999975262	HSETimeIntervals		6074.428	6074.4225		
6089.671	0.13799999999991996	HSETimeIntervals		6089.708	6089.740000000001		
6094.718	0.23800000000028376	HSETimeIntervals		6094.915	6094.8369999999995		
6095.805	0.3109999999996944	HSETimeIntervals		6095.931	6095.9605		
6096.125	0.14099999999962165	HSETimeIntervals		6096.167	6096.1955		
6097.057	0.23700000000008004	HSETimeIntervals		6097.223	6097.175499999999		
6100.633	0.068000000000211	HSETimeIntervals		6100.672	6100.6669999999995		
6100.978	0.16499999999996362	HSETimeIntervals		6101.067	6101.0605000000005		
6119.34	0.11599999999998545	HSETimeIntervals		6119.367	6119.398		
6134.382	0.05700000000069849	HSETimeIntervals		6134.413	6134.4105		
6143.938	0.24200000000018917	HSETimeIntervals		6144.045	6144.059		
6148.84	0.17999999999938154	HSETimeIntervals		6148.987	6148.93		
6155.443	0.06599999999980355	HSETimeIntervals		6155.476	6155.476000000001		
6161.405	0.1750000000001819	HSETimeIntervals		6161.482	6161.492499999999		
6164.736	0.2830000000003565	HSETimeIntervals		6164.804	6164.8775		
6174.513	0.1000000000003638	HSETimeIntervals		6174.58	6174.563		
6180.476	0.09799999999995634	HSETimeIntervals		6180.515	6180.525		
6180.9529999999995	0.15200000000004366	HSETimeIntervals		6181.052	6181.0289999999995		
6181.1179999999995	0.18000000000029104	HSETimeIntervals		6181.269	6181.208		
6185.044	0.06900000000041473	HSETimeIntervals		6185.073	6185.0785		
6185.179	0.24499999999989086	HSETimeIntervals		6185.268	6185.3015000000005		
6189.682	0.27700000000004366	HSETimeIntervals		6189.832	6189.8205		
6194.964	0.11899999999968713	HSETimeIntervals		6195.047	6195.0235		
6199.619	0.08399999999983265	HSETimeIntervals		6199.656	6199.661		
6203.567	0.09799999999995634	HSETimeIntervals		6203.594	6203.616		
6206.746	0.0749999999998181	HSETimeIntervals		6206.78	6206.7835000000005		
6208.397	0.0749999999998181	HSETimeIntervals		6208.429	6208.4345		
6208.78	0.14199999999982538	HSETimeIntervals		6208.82	6208.851		
6208.961	0.08399999999983265	HSETimeIntervals		6209.0	6209.003000000001		
6214.109	0.1999999999998181	HSETimeIntervals		6214.239	6214.209000000001		
6231.054	0.07099999999991269	HSETimeIntervals		6231.094	6231.0895		
6249.133	0.11200000000008004	HSETimeIntervals		6249.191	6249.188999999999		
6251.26	0.1430000000000291	HSETimeIntervals		6251.353	6251.3315		
6254.178	0.08500000000003638	HSETimeIntervals		6254.229	6254.220499999999		
6257.814	0.054999999999381544	HSETimeIntervals		6257.842	6257.8415		
6268.832	0.07899999999972351	HSETimeIntervals		6268.872	6268.8715		
6276.622	0.09599999999954889	HSETimeIntervals		6276.687	6276.67		
6278.214	0.2319999999999709	HSETimeIntervals		6278.323	6278.33		
6278.456	0.068000000000211	HSETimeIntervals		6278.491	6278.49		
6306.9529999999995	0.09400000000005093	HSETimeIntervals		6307.01	6306.999999999999		
6307.283	0.08299999999962893	HSETimeIntervals		6307.322	6307.324500000001		
6314.481	0.12600000000020373	HSETimeIntervals		6314.514	6314.544		
6317.371	0.13799999999991996	HSETimeIntervals		6317.406	6317.4400000000005		
6318.336	0.20799999999962893	HSETimeIntervals		6318.501	6318.4400000000005		
6325.175	0.10800000000017462	HSETimeIntervals		6325.246	6325.229		
6335.623	0.4760000000005675	HSETimeIntervals		6335.716	6335.861		
6336.934	0.2579999999998108	HSETimeIntervals		6337.072	6337.063		
6345.532	0.19899999999961437	HSETimeIntervals		6345.622	6345.6315		
6345.776	0.13799999999991996	HSETimeIntervals		6345.832	6345.845		
6355.378	0.12100000000009459	HSETimeIntervals		6355.434	6355.438499999999		
6355.8189999999995	0.17300000000068394	HSETimeIntervals		6355.958	6355.9055		
6361.911	0.4899999999997817	HSETimeIntervals		6362.15	6362.156		
6395.132	0.15599999999994907	HSETimeIntervals		6395.258	6395.21		
6409.324	0.061000000000603904	HSETimeIntervals		6409.355	6409.3544999999995		
6426.65	0.3150000000005093	HSETimeIntervals		6426.799	6426.8075		
6428.454	0.07600000000002183	HSETimeIntervals		6428.498	6428.491999999999		
6461.093	0.0749999999998181	HSETimeIntervals		6461.133	6461.1305		
6462.08	0.07300000000032014	HSETimeIntervals		6462.12	6462.1165		
6463.321	0.2669999999998254	HSETimeIntervals		6463.359	6463.4545		
6465.162	0.3530000000000655	HSETimeIntervals		6465.335	6465.3385		
6469.896	0.11200000000008004	HSETimeIntervals		6469.965	6469.951999999999		
6479.647	0.1859999999996944	HSETimeIntervals		6479.793	6479.74		
6483.36	0.13799999999991996	HSETimeIntervals		6483.391	6483.429		
6512.922	0.07900000000063301	HSETimeIntervals		6512.966	6512.961499999999		
6537.146	0.1790000000000873	HSETimeIntervals		6537.285	6537.2355		
6547.902	0.2139999999999418	HSETimeIntervals		6548.024	6548.009		
6550.014	0.1859999999996944	HSETimeIntervals		6550.099	6550.107		
6550.528	0.24499999999989086	HSETimeIntervals		6550.584	6550.650500000001		
6557.586	0.09499999999934516	HSETimeIntervals		6557.623	6557.6335		
6557.714	0.07399999999961437	HSETimeIntervals		6557.755	6557.751		
6597.992	0.0929999999998472	HSETimeIntervals		6598.05	6598.038500000001		
6620.849	0.08699999999953434	HSETimeIntervals		6620.898	6620.8925		
6671.305	0.06299999999919237	HSETimeIntervals		6671.3369999999995	6671.3365		
6675.938	0.14800000000013824	HSETimeIntervals		6675.975	6676.012		
6678.433	0.08699999999953434	HSETimeIntervals		6678.485	6678.4765		
6680.7029999999995	0.07300000000032014	HSETimeIntervals		6680.735	6680.7395		
6682.642	0.05900000000019645	HSETimeIntervals		6682.672	6682.6714999999995		
6694.451	0.1610000000000582	HSETimeIntervals		6694.524	6694.5315		
6706.89	0.07299999999941065	HSETimeIntervals		6706.929	6706.9265000000005		
6713.69	0.08400000000074215	HSETimeIntervals		6713.744	6713.732		
6720.735	0.08700000000044383	HSETimeIntervals		6720.783	6720.778499999999		
6724.388	0.08899999999994179	HSETimeIntervals		6724.426	6724.4325		
6725.619	0.13400000000001455	HSETimeIntervals		6725.662	6725.686		
6726.711	0.10599999999976717	HSETimeIntervals		6726.749	6726.764		
6730.0199999999995	0.136000000000422	HSETimeIntervals		6730.113	6730.088		
6761.176	0.09399999999914144	HSETimeIntervals		6761.236	6761.223		
6784.1179999999995	0.17700000000058935	HSETimeIntervals		6784.148	6784.206499999999		
6786.899	0.0999999999994543	HSETimeIntervals		6786.965	6786.9490000000005		
6824.276	0.32300000000032014	HSETimeIntervals		6824.417	6824.4375		
6831.262	0.08899999999994179	HSETimeIntervals		6831.303	6831.3065		
6840.708	0.06400000000030559	HSETimeIntervals		6840.745	6840.74		
6887.105	0.09000000000014552	HSETimeIntervals		6887.153	6887.15		
6896.602	0.1639999999997599	HSETimeIntervals		6896.655	6896.684		
6907.307	0.19499999999970896	HSETimeIntervals		6907.457	6907.4045		
6916.357	0.11099999999987631	HSETimeIntervals		6916.436	6916.4125		
6933.882	0.09799999999995634	HSETimeIntervals		6933.9349999999995	6933.931		
6935.107	0.1069999999999709	HSETimeIntervals		6935.18	6935.1605		
6953.056	0.07900000000063301	HSETimeIntervals		6953.1	6953.095499999999		
6958.76	0.07799999999951979	HSETimeIntervals		6958.799	6958.799		
6968.928	0.31900000000041473	HSETimeIntervals		6969.202	6969.0875		
6969.723	0.27400000000034197	HSETimeIntervals		6969.778	6969.86		
7015.586	0.08500000000003638	HSETimeIntervals		7015.643	7015.6285		
7033.467	0.09400000000005093	HSETimeIntervals		7033.522	7033.513999999999		
7033.875	0.07600000000002183	HSETimeIntervals		7033.914	7033.913		
7046.788	0.14400000000023283	HSETimeIntervals		7046.887	7046.86		
7048.745	0.09000000000014552	HSETimeIntervals		7048.803	7048.79		
7048.858	0.08100000000013097	HSETimeIntervals		7048.891	7048.8985		
7048.965	0.08799999999973807	HSETimeIntervals		7049.023	7049.009		
7065.047	0.18500000000040018	HSETimeIntervals		7065.199	7065.139499999999		
7073.2789999999995	0.068000000000211	HSETimeIntervals		7073.318	7073.312999999999		
7105.015	0.10799999999926513	HSETimeIntervals		7105.0869999999995	7105.069		
7106.208	0.4170000000003711	HSETimeIntervals		7106.421	7106.416499999999		
7115.225	0.18799999999919237	HSETimeIntervals		7115.304	7115.319		
7123.448	0.18699999999989814	HSETimeIntervals		7123.553	7123.5415		
7138.3189999999995	0.10200000000077125	HSETimeIntervals		7138.384	7138.37		
7148.939	0.13699999999971624	HSETimeIntervals		7149.028	7149.007500000001		
7162.802	0.29500000000007276	HSETimeIntervals		7163.062	7162.9495		
7172.075	0.08399999999983265	HSETimeIntervals		7172.118	7172.117		
7173.625	0.18699999999989814	HSETimeIntervals		7173.768	7173.7185		
7182.084	0.342000000000553	HSETimeIntervals		7182.227	7182.255		
7220.565	0.07000000000061846	HSETimeIntervals		7220.604	7220.599999999999		
7241.2519999999995	0.10800000000017462	HSETimeIntervals		7241.323	7241.306		
7242.656	0.08700000000044383	HSETimeIntervals		7242.693	7242.6995		
7248.139	0.09400000000005093	HSETimeIntervals		7248.192	7248.186		
7279.008	0.1859999999996944	HSETimeIntervals		7279.119	7279.101		
7291.299	0.23700000000008004	HSETimeIntervals		7291.4	7291.4175		
7291.558	0.1289999999999054	HSETimeIntervals		7291.606	7291.6225		
7304.111	0.08100000000013097	HSETimeIntervals		7304.147	7304.1515		
7306.471	0.10500000000047294	HSETimeIntervals		7306.541	7306.523499999999		
7308.18	0.13000000000010914	HSETimeIntervals		7308.269	7308.245		
7310.445	0.17799999999988358	HSETimeIntervals		7310.547	7310.534		
7334.482	0.12100000000009459	HSETimeIntervals		7334.565	7334.5425		
7341.963	0.11499999999978172	HSETimeIntervals		7342.006	7342.0205		
7343.169	0.1459999999997308	HSETimeIntervals		7343.282	7343.242		
7344.3369999999995	0.24800000000050204	HSETimeIntervals		7344.452	7344.460999999999		
7360.04	0.09000000000014552	HSETimeIntervals		7360.08	7360.085		
7380.859	0.38799999999991996	HSETimeIntervals		7380.901	7381.053000000001		
7391.1	0.07600000000002183	HSETimeIntervals		7391.14	7391.138		
7396.229	0.06799999999930151	HSETimeIntervals		7396.262	7396.263		
7400.447	0.1859999999996944	HSETimeIntervals		7400.521	7400.54		
7412.269	0.08500000000003638	HSETimeIntervals		7412.323	7412.3115		
7419.938	0.07700000000022555	HSETimeIntervals		7419.987	7419.9765		
7423.495	0.23800000000028376	HSETimeIntervals		7423.613	7423.614		
7426.683	0.16299999999955617	HSETimeIntervals		7426.794	7426.7645		
7445.601	0.05200000000058935	HSETimeIntervals		7445.628	7445.6269999999995		
7447.084	0.08300000000053842	HSETimeIntervals		7447.125	7447.1255		
7447.447	0.1790000000000873	HSETimeIntervals		7447.482	7447.5365		
7455.74	0.09000000000014552	HSETimeIntervals		7455.79	7455.785		
7458.189	0.1069999999999709	HSETimeIntervals		7458.228	7458.2425		
7458.359	0.0639999999993961	HSETimeIntervals		7458.39	7458.3910000000005		
7459.669	0.22400000000016007	HSETimeIntervals		7459.847	7459.781		
7480.025	0.10400000000026921	HSETimeIntervals		7480.082	7480.076999999999		
7485.398	0.1069999999999709	HSETimeIntervals		7485.464	7485.4515		
7485.674	0.10999999999967258	HSETimeIntervals		7485.736	7485.729		
7492.228	0.2739999999994325	HSETimeIntervals		7492.461	7492.365		
7492.744	0.2600000000002183	HSETimeIntervals		7492.952	7492.874		
7493.256	0.2849999999998545	HSETimeIntervals		7493.482	7493.3985		
7495.083	0.3500000000003638	HSETimeIntervals		7495.232	7495.258		
7495.473	0.2820000000001528	HSETimeIntervals		7495.713	7495.614		
7503.37	0.0749999999998181	HSETimeIntervals		7503.417	7503.4075		
7506.778	0.17000000000007276	HSETimeIntervals		7506.809	7506.863		
7514.599	0.0639999999993961	HSETimeIntervals		7514.631	7514.631		
7518.935	0.1389999999992142	HSETimeIntervals		7519.01	7519.0045		
7520.241	0.09199999999964348	HSETimeIntervals		7520.295	7520.287		
7522.709	0.05500000000029104	HSETimeIntervals		7522.736	7522.7365		
7528.795	0.3930000000000291	HSETimeIntervals		7529.149	7528.9915		
7549.558	0.4719999999997526	HSETimeIntervals		7549.951	7549.794		
7553.484	0.14799999999922875	HSETimeIntervals		7553.585	7553.558		
7554.543	0.11700000000018917	HSETimeIntervals		7554.627	7554.6015		
7554.857	0.07999999999992724	HSETimeIntervals		7554.903	7554.897		
7560.04	0.15800000000035652	HSETimeIntervals		7560.157	7560.119		
7564.9039999999995	0.43700000000080763	HSETimeIntervals		7565.254	7565.1224999999995		
7570.663	0.1320000000005166	HSETimeIntervals		7570.749	7570.728999999999		
7576.132	0.06700000000000728	HSETimeIntervals		7576.167	7576.165499999999		
7579.745	0.09900000000016007	HSETimeIntervals		7579.782	7579.7945		
7589.805	0.0639999999993961	HSETimeIntervals		7589.838	7589.837		
7654.602	0.12799999999970169	HSETimeIntervals		7654.663	7654.666		
7654.788	0.43800000000010186	HSETimeIntervals		7655.07	7655.007		
7655.345	0.07799999999951979	HSETimeIntervals		7655.379	7655.384		
7662.965	0.14800000000013824	HSETimeIntervals		7663.077	7663.039		
7690.8859999999995	0.11000000000058208	HSETimeIntervals		7690.945	7690.941		
7691.038	0.06500000000050932	HSETimeIntervals		7691.071	7691.0705		
7691.372	0.07999999999992724	HSETimeIntervals		7691.412	7691.412		
7698.063	0.31300000000010186	HSETimeIntervals		7698.343	7698.2195		
7698.393	0.4290000000000873	HSETimeIntervals		7698.6449999999995	7698.6075		
7700.346	0.08500000000003638	HSETimeIntervals		7700.388	7700.388499999999		
7705.152	0.06700000000000728	HSETimeIntervals		7705.187	7705.1855		
7708.711	0.10300000000006548	HSETimeIntervals		7708.777	7708.7625		
7719.46	0.10300000000006548	HSETimeIntervals		7719.526	7719.5115		
7725.786	0.08399999999983265	HSETimeIntervals		7725.831	7725.828		
7726.123	0.09400000000005093	HSETimeIntervals		7726.178	7726.169999999999		
7731.177	0.20600000000013097	HSETimeIntervals		7731.23	7731.28		
7732.254	0.2290000000002692	HSETimeIntervals		7732.296	7732.3685		
7732.8369999999995	0.07900000000063301	HSETimeIntervals		7732.875	7732.876499999999		
7733.05	0.09599999999954889	HSETimeIntervals		7733.098	7733.098		
7738.116	0.14800000000013824	HSETimeIntervals		7738.178	7738.19		
7741.957	0.09199999999964348	HSETimeIntervals		7742.022	7742.003000000001		
7750.38	0.0819999999994252	HSETimeIntervals		7750.417	7750.421		
7755.42	0.0929999999998472	HSETimeIntervals		7755.475	7755.4665		
7769.385	0.15599999999994907	HSETimeIntervals		7769.427	7769.463000000001		
7773.674	0.29799999999977445	HSETimeIntervals		7773.749	7773.823		
7783.883	0.08100000000013097	HSETimeIntervals		7783.919	7783.9235		
7792.24	0.1710000000002765	HSETimeIntervals		7792.284	7792.3255		
7805.232	0.42000000000007276	HSETimeIntervals		7805.473	7805.442		
7805.707	0.14699999999993452	HSETimeIntervals		7805.8	7805.780500000001		
7806.937	0.08100000000013097	HSETimeIntervals		7806.967	7806.9775		
7821.234	0.10099999999965803	HSETimeIntervals		7821.298	7821.284500000001		
7828.5689999999995	0.17400000000088767	HSETimeIntervals		7828.701	7828.656		
7845.85	0.19499999999970896	HSETimeIntervals		7846.0109999999995	7845.9475		
7853.932	0.20800000000053842	HSETimeIntervals		7854.107	7854.036		
7855.683	0.2039999999997235	HSETimeIntervals		7855.838	7855.785		
7856.392	0.08300000000053842	HSETimeIntervals		7856.422	7856.4335		
7866.705	0.09400000000005093	HSETimeIntervals		7866.755	7866.7519999999995		
7896.209	0.14000000000032742	HSETimeIntervals		7896.246	7896.2789999999995		
7901.926	0.11999999999989086	HSETimeIntervals		7902.002	7901.986000000001		
7921.134	0.0820000000003347	HSETimeIntervals		7921.186	7921.175		
7924.267	0.08399999999983265	HSETimeIntervals		7924.302	7924.309		
7961.673	0.12300000000050204	HSETimeIntervals		7961.747	7961.7345		
7981.425	0.2109999999993306	HSETimeIntervals		7981.537	7981.5305		
7981.808	0.05900000000019645	HSETimeIntervals		7981.838	7981.8375		
7987.384	0.2780000000002474	HSETimeIntervals		7987.613	7987.523		
7993.092	0.06700000000000728	HSETimeIntervals		7993.126	7993.125499999999		
7993.812	0.07999999999992724	HSETimeIntervals		7993.852	7993.852		
7995.976	0.1320000000005166	HSETimeIntervals		7996.041	7996.0419999999995		
7997.613	0.08799999999973807	HSETimeIntervals		7997.65	7997.657		
8013.307	0.06599999999980355	HSETimeIntervals		8013.34	8013.34		
8034.382	0.08100000000013097	HSETimeIntervals		8034.427	8034.4225		
8043.46	0.22999999999956344	HSETimeIntervals		8043.584	8043.575		
8046.96	0.13699999999971624	HSETimeIntervals		8047.043	8047.0285		
8063.865	0.07099999999991269	HSETimeIntervals		8063.901	8063.9005		
8100.406	0.1459999999997308	HSETimeIntervals		8100.475	8100.479		
8113.635	0.21000000000003638	HSETimeIntervals		8113.718	8113.74		
8114.063	0.24399999999968713	HSETimeIntervals		8114.229	8114.185		
8115.509	0.11899999999968713	HSETimeIntervals		8115.542	8115.5685		
8125.051	0.11799999999948341	HSETimeIntervals		8125.104	8125.110000000001		
8131.398	0.08799999999973807	HSETimeIntervals		8131.446	8131.442		
8136.419	0.1069999999999709	HSETimeIntervals		8136.46	8136.4725		
8137.994	0.10600000000067666	HSETimeIntervals		8138.033	8138.047		
8140.187	0.08799999999973807	HSETimeIntervals		8140.233	8140.231		
8141.926	0.125	HSETimeIntervals		8141.96	8141.9885		
8144.015	0.12599999999929423	HSETimeIntervals		8144.107	8144.078		
8154.193	0.11499999999978172	HSETimeIntervals		8154.237	8154.2505		
8161.926	0.12799999999970169	HSETimeIntervals		8162.012	8161.990000000001		
8162.594	0.29500000000007276	HSETimeIntervals		8162.78	8162.7415		
8168.256	0.05999999999949068	HSETimeIntervals		8168.286	8168.286		
8175.048	0.11000000000058208	HSETimeIntervals		8175.128	8175.103		
8181.442	0.4489999999996144	HSETimeIntervals		8181.675	8181.6665		
8183.432	0.07000000000061846	HSETimeIntervals		8183.469	8183.467		
8185.807	0.1860000000006039	HSETimeIntervals		8185.901	8185.9		
8187.992	0.07999999999992724	HSETimeIntervals		8188.03	8188.032		
8189.801	0.20499999999992724	HSETimeIntervals		8189.849	8189.9035		
8213.221	0.3610000000007858	HSETimeIntervals		8213.385	8213.4015		
8213.637	0.14899999999943248	HSETimeIntervals		8213.737	8213.711500000001		
8216.932999999999	0.08100000000013097	HSETimeIntervals		8216.966	8216.973499999998		
8218.47	0.48099999999976717	HSETimeIntervals		8218.838	8218.7105		
8223.229	0.09000000000014552	HSETimeIntervals		8223.281	8223.274		
8232.598	0.08400000000074215	HSETimeIntervals		8232.631	8232.64		
8238.173	0.10199999999895226	HSETimeIntervals		8238.223	8238.224		
8238.894	0.06799999999930151	HSETimeIntervals		8238.929	8238.928		
8239.863	0.3460000000013679	HSETimeIntervals		8240.006	8240.036		
8264.427	0.06899999999950523	HSETimeIntervals		8264.466	8264.4615		
8272.255	0.32400000000052387	HSETimeIntervals		8272.536	8272.417		
8278.473	0.27599999999983993	HSETimeIntervals		8278.612	8278.611		
8287.291	0.18100000000049477	HSETimeIntervals		8287.332	8287.3815		
8291.836	0.059000000001105946	HSETimeIntervals		8291.867	8291.8655		
8311.619	0.42599999999947613	HSETimeIntervals		8311.906	8311.832		
8314.06	0.11700000000018917	HSETimeIntervals		8314.108	8314.118499999999		
8326.024	0.21700000000055297	HSETimeIntervals		8326.082	8326.1325		
8342.062	0.17599999999947613	HSETimeIntervals		8342.102	8342.15		
8342.802	0.09799999999995634	HSETimeIntervals		8342.836	8342.851		
8343.342	0.2669999999998254	HSETimeIntervals		8343.409	8343.4755		
8349.772	0.1749999999992724	HSETimeIntervals		8349.887	8349.8595		
8351.562	0.07899999999972351	HSETimeIntervals		8351.6	8351.6015		
8352.034	0.11000000000058208	HSETimeIntervals		8352.068	8352.089		
8368.836	0.3250000000007276	HSETimeIntervals		8369.128	8368.9985		
8375.492	0.07099999999991269	HSETimeIntervals		8375.522	8375.5275		
8376.184	0.20100000000093132	HSETimeIntervals		8376.313	8376.2845		
8377.775	0.15999999999985448	HSETimeIntervals		8377.887	8377.855		
8385.39	0.0930000000007567	HSETimeIntervals		8385.421	8385.4365		
8405.359	0.14799999999922875	HSETimeIntervals		8405.443	8405.433		
8412.621	0.10600000000158616	HSETimeIntervals		8412.692	8412.673999999999		
8412.795	0.07300000000032014	HSETimeIntervals		8412.838	8412.8315		
8414.843	0.12599999999838474	HSETimeIntervals		8414.906	8414.906		
8415.15	0.16200000000026193	HSETimeIntervals		8415.254	8415.231		
8416.698	0.08799999999973807	HSETimeIntervals		8416.74	8416.742		
8421.188	0.1319999999996071	HSETimeIntervals		8421.271	8421.254		
8432.82	0.113999999999578	HSETimeIntervals		8432.901	8432.877		
8436.122	0.11599999999998545	HSETimeIntervals		8436.193	8436.18		
8453.849	0.13299999999981083	HSETimeIntervals		8453.946	8453.915500000001		
8471.341	0.15099999999983993	HSETimeIntervals		8471.38	8471.416500000001		
8480.654	0.06499999999869033	HSETimeIntervals		8480.685	8480.6865		
8489.407	0.19700000000011642	HSETimeIntervals		8489.458	8489.5055		
8505.038	0.058999999999286956	HSETimeIntervals		8505.07	8505.067500000001		
8507.537	0.10599999999976717	HSETimeIntervals		8507.589	8507.59		
8508.291	0.09799999999995634	HSETimeIntervals		8508.333	8508.34		
8514.651	0.10200000000077125	HSETimeIntervals		8514.704	8514.702		
8522.673999999999	0.32000000000152795	HSETimeIntervals		8522.778	8522.833999999999		
8533.088	0.08799999999973807	HSETimeIntervals		8533.139	8533.132		
8533.802	0.0750000000007276	HSETimeIntervals		8533.845	8533.8395		
8534.769	0.11999999999898137	HSETimeIntervals		8534.81	8534.829		
8540.907	0.07800000000133878	HSETimeIntervals		8540.946	8540.946		
8541.315	0.12999999999919964	HSETimeIntervals		8541.409	8541.380000000001		
8541.726	0.07599999999911233	HSETimeIntervals		8541.762	8541.764000000001		
8546.517	0.21999999999934516	HSETimeIntervals		8546.61	8546.627		
8548.09	0.2809999999990396	HSETimeIntervals		8548.321	8548.2305		
8550.198	0.125	HSETimeIntervals		8550.243	8550.2605		
8550.486	0.15200000000004366	HSETimeIntervals		8550.559	8550.562		
8552.75	0.15300000000024738	HSETimeIntervals		8552.862	8552.8265		
8554.789	0.0749999999989086	HSETimeIntervals		8554.834	8554.826500000001		
8555.117	0.2809999999990396	HSETimeIntervals		8555.288	8555.2575		
8555.729	0.1180000000003929	HSETimeIntervals		8555.807	8555.787999999999		
8563.286	0.3099999999994907	HSETimeIntervals		8563.421	8563.441		
8563.602	0.19499999999970896	HSETimeIntervals		8563.766	8563.6995		
8572.614	0.25500000000101863	HSETimeIntervals		8572.807	8572.7415		
8575.037	0.10199999999895226	HSETimeIntervals		8575.077	8575.088		
8577.818	0.32000000000152795	HSETimeIntervals		8578.086	8577.978		
8578.161	0.07099999999991269	HSETimeIntervals		8578.196	8578.1965		
8585.576	0.11900000000059663	HSETimeIntervals		8585.611	8585.635499999999		
8590.645	0.06099999999969441	HSETimeIntervals		8590.677	8590.675500000001		
8598.003	0.11299999999937427	HSETimeIntervals		8598.086	8598.059500000001		
8599.998	0.19000000000050932	HSETimeIntervals		8600.051	8600.092999999999		
8606.666	0.17400000000088767	HSETimeIntervals		8606.72	8606.752999999999		
8609.166	0.24400000000059663	HSETimeIntervals		8609.279	8609.287999999999		
8615.796	0.07300000000032014	HSETimeIntervals		8615.838	8615.8325		
8615.946	0.2039999999997235	HSETimeIntervals		8616.026	8616.048		
8616.157	0.08800000000155705	HSETimeIntervals		8616.197	8616.201		
8632.082	0.07099999999991269	HSETimeIntervals		8632.117	8632.1175		
8634.881	0.10500000000138243	HSETimeIntervals		8634.947	8634.9335		
8636.594	0.08899999999994179	HSETimeIntervals		8636.646	8636.6385		
8638.048	0.1709999999984575	HSETimeIntervals		8638.128	8638.1335		
8639.22	0.3820000000014261	HSETimeIntervals		8639.419	8639.411		
8646.601	0.14099999999962165	HSETimeIntervals		8646.667	8646.6715		
8656.408	0.08700000000135333	HSETimeIntervals		8656.459	8656.4515		
8662.923999999999	0.10500000000138243	HSETimeIntervals		8662.988	8662.976499999999		
8686.944	0.11700000000018917	HSETimeIntervals		8686.978	8687.002499999999		
8710.038	0.10399999999935972	HSETimeIntervals		8710.096	8710.09		
8714.815	0.09499999999934516	HSETimeIntervals		8714.856	8714.862500000001		
8719.14	0.18100000000049477	HSETimeIntervals		8719.27	8719.2305		
8722.607	0.08799999999973807	HSETimeIntervals		8722.656	8722.651		
8725.177	0.20800000000053842	HSETimeIntervals		8725.302	8725.280999999999		
8733.892	0.10900000000037835	HSETimeIntervals		8733.94	8733.9465		
8735.138	0.2209999999995489	HSETimeIntervals		8735.241	8735.248500000002		
8741.711	0.10200000000077125	HSETimeIntervals		8741.779	8741.761999999999		
8750.014	0.1540000000004511	HSETimeIntervals		8750.133	8750.090999999999		
8750.514	0.3510000000005675	HSETimeIntervals		8750.81	8750.689499999999		
8762.362	0.11000000000058208	HSETimeIntervals		8762.438	8762.417		
8769.025	0.07099999999991269	HSETimeIntervals		8769.057	8769.0605		
8769.694	0.09900000000016007	HSETimeIntervals		8769.758	8769.743499999999		
8771.093	0.08499999999912689	HSETimeIntervals		8771.13	8771.1355		
8772.603	0.08400000000074215	HSETimeIntervals		8772.649	8772.644999999999		
8784.615	0.07099999999991269	HSETimeIntervals		8784.647	8784.6505		
8794.377	0.18299999999908323	HSETimeIntervals		8794.451	8794.4685		
8795.079	0.25200000000040745	HSETimeIntervals		8795.27	8795.205		
8803.072	0.07200000000011642	HSETimeIntervals		8803.108	8803.108		
8812.576	0.08800000000155705	HSETimeIntervals		8812.632	8812.619999999999		
8812.871	0.07400000000052387	HSETimeIntervals		8812.914	8812.908		
8818.302	0.26300000000082946	HSETimeIntervals		8818.446	8818.4335		
8825.854	0.12100000000100408	HSETimeIntervals		8825.934	8825.914499999999		
8840.5	0.08499999999912689	HSETimeIntervals		8840.556	8840.5425		
8849.894	0.0820000000003347	HSETimeIntervals		8849.927	8849.935		
8855.3	0.28700000000026193	HSETimeIntervals		8855.506	8855.4435		
8874.165	0.14099999999962165	HSETimeIntervals		8874.261	8874.2355		
8879.482	0.06500000000050932	HSETimeIntervals		8879.518	8879.5145		
8885.235	0.08899999999994179	HSETimeIntervals		8885.291	8885.2795		
8890.064	0.07899999999972351	HSETimeIntervals		8890.11	8890.103500000001		
8895.828	0.09699999999975262	HSETimeIntervals		8895.877	8895.8765		
8896.233	0.2430000000003929	HSETimeIntervals		8896.398	8896.3545		
8934.717	0.06199999999989814	HSETimeIntervals		8934.748	8934.748000000001		
8948.034	0.16600000000107684	HSETimeIntervals		8948.107	8948.117		
8952.951	0.16500000000087311	HSETimeIntervals		8953.071	8953.0335		
8959.085	0.12200000000120781	HSETimeIntervals		8959.166	8959.145999999999		
8964.085	0.05800000000090222	HSETimeIntervals		8964.116	8964.114		
8964.213	0.06600000000071304	HSETimeIntervals		8964.246	8964.246		
8964.411	0.23999999999978172	HSETimeIntervals		8964.525	8964.531		
8972.693	0.07400000000052387	HSETimeIntervals		8972.738	8972.73		
8976.655	0.07699999999931606	HSETimeIntervals		8976.695	8976.693500000001		
9010.722133333333	3252.927966666668	epochs	fCamk5_210406_111910				
9018.419	0.06600000000071304	HSETimeIntervals		9018.449	9018.452		
9025.096	0.05100000000129512	HSETimeIntervals		9025.122	9025.1215		
9029.249	0.28800000000046566	HSETimeIntervals		9029.298	9029.393		
9035.296	0.06799999999930151	HSETimeIntervals		9035.334	9035.33		
9042.016	0.08899999999994179	HSETimeIntervals		9042.07	9042.0605		
9055.709	0.0749999999989086	HSETimeIntervals		9055.749	9055.746500000001		
9060.0	39.0	SleepStates					WAKEstate
9061.186	0.06199999999989814	HSETimeIntervals		9061.219	9061.217		
9068.406	0.21499999999832653	HSETimeIntervals		9068.579	9068.513500000001		
9091.603	0.16200000000026193	HSETimeIntervals		9091.708	9091.684		
9091.783	0.10800000000017462	HSETimeIntervals		9091.852	9091.837		
9095.441	0.10199999999895226	HSETimeIntervals		9095.511	9095.492		
9099.402	0.39799999999922875	HSETimeIntervals		9099.457	9099.601		
9100.0	8.0	SleepStates					NREMstate
9100.288	0.2209999999995489	HSETimeIntervals		9100.328	9100.398500000001		
9101.512	0.33100000000013097	HSETimeIntervals		9101.807	9101.6775		
9101.9176	0.5823999999993248	UpDownStatesTimeIntervals				UP	
9102.6048	0.6576000000004569	UpDownStatesTimeIntervals				UP	
9103.0248	0.23760000000038417	UpDownStatesTimeIntervals				DOWN	
9104.2456	0.3007999999990716	UpDownStatesTimeIntervals				UP	
9105.0408	0.4007999999994354	UpDownStatesTimeIntervals				UP	
9106.211	0.4430000000011205	HSETimeIntervals		9106.372	9106.432499999999		
9106.4856	0.13279999999940628	UpDownStatesTimeIntervals				UP	
9107.004	0.2911999999996624	UpDownStatesTimeIntervals				UP	
9107.945	0.3099999999994907	HSETimeIntervals		9107.998	9108.1		
9108.6664	0.22079999999914435	UpDownStatesTimeIntervals				UP	
9109.0	360.0	SleepStates					WAKEstate
9109.396	0.07999999999992724	HSETimeIntervals		9109.426	9109.436000000002		
9110.356	0.13299999999981083	HSETimeIntervals		9110.437	9110.4225		
9114.795	0.3680000000003929	HSETimeIntervals		9114.941	9114.979		
9115.637	0.12099999999918509	HSETimeIntervals		9115.691	9115.6975		
9149.107	0.3140000000003056	HSETimeIntervals		9149.282	9149.264		
9152.385	0.22199999999975262	HSETimeIntervals		9152.555	9152.496000000001		
9163.612	0.12400000000161526	HSETimeIntervals		9163.695	9163.673999999999		
9174.508	0.11200000000098953	HSETimeIntervals		9174.561	9174.564		
9174.897	0.22699999999895226	HSETimeIntervals		9174.953	9175.0105		
9175.295	0.13500000000021828	HSETimeIntervals		9175.356	9175.3625		
9193.357	0.1499999999996362	HSETimeIntervals		9193.409	9193.432		
9205.114	0.0750000000007276	HSETimeIntervals		9205.156	9205.1515		
9208.474	0.36900000000059663	HSETimeIntervals		9208.602	9208.6585		
9208.906	0.06999999999970896	HSETimeIntervals		9208.945	9208.941		
9211.485	0.13699999999880674	HSETimeIntervals		9211.54	9211.5535		
9214.082	0.4959999999991851	HSETimeIntervals		9214.243	9214.33		
9215.412	0.09100000000034925	HSETimeIntervals		9215.462	9215.4575		
9215.858	0.45899999999892316	HSETimeIntervals		9216.163	9216.0875		
9216.349	0.09699999999975262	HSETimeIntervals		9216.4	9216.397500000001		
9224.399	0.08300000000053842	HSETimeIntervals		9224.438	9224.440499999999		
9224.517	0.45499999999992724	HSETimeIntervals		9224.661	9224.7445		
9236.285	0.37000000000080036	HSETimeIntervals		9236.583	9236.47		
9244.932999999999	0.08300000000053842	HSETimeIntervals		9244.971	9244.974499999998		
9253.869	0.19899999999870488	HSETimeIntervals		9253.914	9253.9685		
9270.784	0.4250000000010914	HSETimeIntervals		9270.825	9270.9965		
9273.707	0.11899999999877764	HSETimeIntervals		9273.792	9273.7665		
9278.42	0.10100000000056752	HSETimeIntervals		9278.466	9278.4705		
9291.406	0.0569999999988795	HSETimeIntervals		9291.437	9291.434500000001		
9298.604	0.06300000000010186	HSETimeIntervals		9298.633	9298.635499999999		
9299.081	0.058999999999286956	HSETimeIntervals		9299.11	9299.1105		
9316.503	0.09099999999853026	HSETimeIntervals		9316.546	9316.5485		
9319.407	0.1930000000011205	HSETimeIntervals		9319.567	9319.503499999999		
9324.938	0.2510000000002037	HSETimeIntervals		9325.111	9325.0635		
9340.311	0.2530000000006112	HSETimeIntervals		9340.349	9340.4375		
9341.432999999999	0.3650000000016007	HSETimeIntervals		9341.477	9341.6155		
9353.264	0.3650000000016007	HSETimeIntervals		9353.406	9353.4465		
9378.852	0.20999999999912689	HSETimeIntervals		9378.892	9378.957		
9380.088	0.09000000000014552	HSETimeIntervals		9380.135	9380.133		
9383.497	0.08400000000074215	HSETimeIntervals		9383.535	9383.538999999999		
9386.989	0.40899999999965075	HSETimeIntervals		9387.316	9387.1935		
9389.525	0.12299999999959255	HSETimeIntervals		9389.587	9389.5865		
9391.074	0.09499999999934516	HSETimeIntervals		9391.13	9391.121500000001		
9391.218	0.09299999999893771	HSETimeIntervals		9391.265	9391.264500000001		
9402.408	0.1290000000008149	HSETimeIntervals		9402.447	9402.4725		
9405.043	0.1040000000011787	HSETimeIntervals		9405.114	9405.095		
9407.416	0.07099999999991269	HSETimeIntervals		9407.452	9407.4515		
9408.25	0.2739999999994325	HSETimeIntervals		9408.432	9408.387		
9410.328	0.15099999999983993	HSETimeIntervals		9410.442	9410.4035		
9411.774	0.0680000000011205	HSETimeIntervals		9411.812	9411.807999999999		
9414.247	0.07800000000133878	HSETimeIntervals		9414.294	9414.286		
9415.179	0.15500000000065484	HSETimeIntervals		9415.275	9415.2565		
9415.571	0.22600000000056752	HSETimeIntervals		9415.761	9415.684		
9419.816	0.09900000000016007	HSETimeIntervals		9419.855	9419.8655		
9426.44	0.11599999999998545	HSETimeIntervals		9426.529	9426.498000000001		
9430.39	0.11400000000139698	HSETimeIntervals		9430.43	9430.447		
9433.969	0.06400000000030559	HSETimeIntervals		9434.0	9434.000999999998		
9434.762	0.10800000000017462	HSETimeIntervals		9434.831	9434.816		
9439.193	0.07999999999992724	HSETimeIntervals		9439.246	9439.233		
9442.565	0.29500000000007276	HSETimeIntervals		9442.629	9442.7125		
9444.403	0.08499999999912689	HSETimeIntervals		9444.449	9444.4455		
9445.37	0.11799999999857391	HSETimeIntervals		9445.434	9445.429		
9445.629	0.23999999999978172	HSETimeIntervals		9445.755	9445.749000000002		
9446.266	0.09200000000055297	HSETimeIntervals		9446.318	9446.312		
9447.547	0.47299999999995634	HSETimeIntervals		9447.749	9447.783500000001		
9449.425	0.10300000000097498	HSETimeIntervals		9449.485	9449.476499999999		
9449.68	0.34900000000016007	HSETimeIntervals		9449.981	9449.8545		
9450.048	0.1959999999999127	HSETimeIntervals		9450.136	9450.146		
9452.866	0.40500000000065484	HSETimeIntervals		9452.961	9453.0685		
9453.511	0.25499999999919964	HSETimeIntervals		9453.555	9453.638500000001		
9453.99	0.06700000000091677	HSETimeIntervals		9454.024	9454.0235		
9460.31	0.13800000000082946	HSETimeIntervals		9460.361	9460.378999999999		
9460.944	0.20200000000113505	HSETimeIntervals		9461.108	9461.045		
9468.764	0.28400000000146974	HSETimeIntervals		9468.801	9468.905999999999		
9471.579	0.07600000000093132	HSETimeIntervals		9471.615	9471.617		
9494.549	0.10199999999895226	HSETimeIntervals		9494.591	9494.6		
9494.675	0.23100000000158616	HSETimeIntervals		9494.754	9494.7905		
9498.93	0.18299999999908323	HSETimeIntervals		9499.005	9499.0215		
9503.783	0.11000000000058208	HSETimeIntervals		9503.817	9503.838		
9518.197	0.18000000000029104	HSETimeIntervals		9518.303	9518.287		
9521.278	0.10800000000017462	HSETimeIntervals		9521.344	9521.332		
9523.583	0.09199999999873398	HSETimeIntervals		9523.638	9523.629		
9524.799	0.09699999999975262	HSETimeIntervals		9524.866	9524.847500000002		
9544.807	0.29500000000007276	HSETimeIntervals		9544.974	9544.9545		
9564.375	0.09499999999934516	HSETimeIntervals		9564.409	9564.4225		
9565.0	0.21899999999914144	HSETimeIntervals		9565.158	9565.1095		
9566.379	0.16199999999844295	HSETimeIntervals		9566.456	9566.460000000001		
9571.74	0.0930000000007567	HSETimeIntervals		9571.782	9571.7865		
9576.413	0.12099999999918509	HSETimeIntervals		9576.447	9576.4735		
9588.547	0.227999999999156	HSETimeIntervals		9588.582	9588.661		
9590.331	0.09699999999975262	HSETimeIntervals		9590.362	9590.379500000001		
9591.539	0.17399999999906868	HSETimeIntervals		9591.584	9591.626		
9603.424	0.14099999999962165	HSETimeIntervals		9603.498	9603.4945		
9612.824	0.07999999999992724	HSETimeIntervals		9612.855	9612.864000000001		
9622.581	0.09900000000016007	HSETimeIntervals		9622.619	9622.6305		
9624.444	0.1430000000000291	HSETimeIntervals		9624.512	9624.5155		
9628.306	0.08699999999953434	HSETimeIntervals		9628.345	9628.3495		
9630.771	0.1790000000000873	HSETimeIntervals		9630.825	9630.8605		
9633.094	0.09000000000014552	HSETimeIntervals		9633.152	9633.139		
9640.339	0.21500000000014552	HSETimeIntervals		9640.381	9640.4465		
9645.515	0.1720000000004802	HSETimeIntervals		9645.633	9645.600999999999		
9651.03	0.07699999999931606	HSETimeIntervals		9651.074	9651.068500000001		
9659.668	0.07200000000011642	HSETimeIntervals		9659.703	9659.704		
9666.328	0.06900000000132422	HSETimeIntervals		9666.362	9666.3625		
9666.543	0.07099999999991269	HSETimeIntervals		9666.577	9666.5785		
9666.628	0.0819999999985157	HSETimeIntervals		9666.673	9666.669		
9666.847	0.0680000000011205	HSETimeIntervals		9666.886	9666.881		
9669.718	0.07599999999911233	HSETimeIntervals		9669.756	9669.756000000001		
9682.231	0.1069999999999709	HSETimeIntervals		9682.3	9682.2845		
9688.008	0.07699999999931606	HSETimeIntervals		9688.049	9688.0465		
9688.318	0.4350000000013097	HSETimeIntervals		9688.554	9688.5355		
9699.378	0.06499999999869033	HSETimeIntervals		9699.411	9699.4105		
9700.978	0.09000000000014552	HSETimeIntervals		9701.023	9701.023		
9704.24	0.10200000000077125	HSETimeIntervals		9704.282	9704.291		
9704.644	0.17699999999967986	HSETimeIntervals		9704.704	9704.7325		
9710.458	0.07699999999931606	HSETimeIntervals		9710.496	9710.496500000001		
9715.362	0.12700000000040745	HSETimeIntervals		9715.408	9715.4255		
9715.864	0.08100000000013097	HSETimeIntervals		9715.908	9715.904499999999		
9717.722	0.1679999999996653	HSETimeIntervals		9717.77	9717.806		
9717.972	0.10499999999956344	HSETimeIntervals		9718.02	9718.0245		
9721.842	0.13500000000021828	HSETimeIntervals		9721.899	9721.9095		
9724.161	0.30899999999928696	HSETimeIntervals		9724.218	9724.3155		
9731.374	0.18499999999949068	HSETimeIntervals		9731.52	9731.4665		
9735.78	0.15099999999983993	HSETimeIntervals		9735.857	9735.855500000001		
9738.048	0.1790000000000873	HSETimeIntervals		9738.167	9738.1375		
9747.387	0.46899999999914144	HSETimeIntervals		9747.643	9747.621500000001		
9748.06	0.28000000000065484	HSETimeIntervals		9748.112	9748.199999999999		
9749.876	0.34499999999934516	HSETimeIntervals		9749.914	9750.0485		
9761.42	0.07699999999931606	HSETimeIntervals		9761.45	9761.4585		
9762.212	0.16500000000087311	HSETimeIntervals		9762.293	9762.2945		
9771.92	0.1499999999996362	HSETimeIntervals		9772.001	9771.995		
9782.592	0.47299999999995634	HSETimeIntervals		9782.941	9782.828500000001		
9791.653	0.10199999999895226	HSETimeIntervals		9791.693	9791.704		
9804.85	0.1180000000003929	HSETimeIntervals		9804.935	9804.909		
9809.424	0.10399999999935972	HSETimeIntervals		9809.473	9809.476		
9814.036	0.07899999999972351	HSETimeIntervals		9814.073	9814.0755		
9818.031	0.13599999999860302	HSETimeIntervals		9818.125	9818.099		
9818.2	0.23099999999976717	HSETimeIntervals		9818.279	9818.3155		
9818.759	0.10200000000077125	HSETimeIntervals		9818.821	9818.81		
9841.784	0.15099999999983993	HSETimeIntervals		9841.851	9841.8595		
9857.154	0.09699999999975262	HSETimeIntervals		9857.202	9857.202500000001		
9858.2	0.19499999999970896	HSETimeIntervals		9858.293	9858.2975		
9861.094	0.17700000000149885	HSETimeIntervals		9861.208	9861.182499999999		
9865.625	0.08799999999973807	HSETimeIntervals		9865.669	9865.669		
9870.77	0.1389999999992142	HSETimeIntervals		9870.803	9870.8395		
9872.405	0.15599999999903957	HSETimeIntervals		9872.52	9872.483		
9879.956	0.20900000000074215	HSETimeIntervals		9880.107	9880.0605		
9880.21	0.08900000000176078	HSETimeIntervals		9880.254	9880.2545		
9882.468	0.09999999999854481	HSETimeIntervals		9882.501	9882.518		
9882.801	0.08700000000135333	HSETimeIntervals		9882.831	9882.8445		
9883.747	0.12700000000040745	HSETimeIntervals		9883.841	9883.8105		
9887.28	0.2029999999995198	HSETimeIntervals		9887.405	9887.381500000001		
9890.489	0.08799999999973807	HSETimeIntervals		9890.547	9890.533		
9898.855	0.2139999999999418	HSETimeIntervals		9898.932	9898.962		
9899.5	0.18800000000010186	HSETimeIntervals		9899.536	9899.594		
9907.683	0.08499999999912689	HSETimeIntervals		9907.73	9907.7255		
9917.241	0.125	HSETimeIntervals		9917.34	9917.3035		
9918.437	0.113999999999578	HSETimeIntervals		9918.472	9918.494		
9919.309	0.09100000000034925	HSETimeIntervals		9919.367	9919.3545		
9920.263	0.17999999999847205	HSETimeIntervals		9920.305	9920.353000000001		
9921.543	0.08300000000053842	HSETimeIntervals		9921.593	9921.584499999999		
9922.464	0.06799999999930151	HSETimeIntervals		9922.498	9922.498		
9923.38	0.09400000000096043	HSETimeIntervals		9923.446	9923.427		
9924.57	0.12199999999938882	HSETimeIntervals		9924.639	9924.631		
9925.202	0.1069999999999709	HSETimeIntervals		9925.243	9925.2555		
9926.045	0.07599999999911233	HSETimeIntervals		9926.086	9926.083		
9928.136	0.2209999999995489	HSETimeIntervals		9928.328	9928.246500000001		
9928.597	0.10900000000037835	HSETimeIntervals		9928.655	9928.6515		
9931.954	0.12800000000061118	HSETimeIntervals		9931.996	9932.018		
9933.703	0.13500000000021828	HSETimeIntervals		9933.797	9933.770499999999		
9939.103	0.0750000000007276	HSETimeIntervals		9939.139	9939.1405		
9939.351	0.11599999999998545	HSETimeIntervals		9939.401	9939.409000000001		
9939.659	0.2430000000003929	HSETimeIntervals		9939.742	9939.780499999999		
9943.824	0.1000000000003638	HSETimeIntervals		9943.873	9943.874		
9946.425	0.06900000000132422	HSETimeIntervals		9946.46	9946.459499999999		
9967.783	0.09900000000016007	HSETimeIntervals		9967.836	9967.832499999999		
9975.39	0.0820000000003347	HSETimeIntervals		9975.435	9975.430999999999		
9980.916	0.1000000000003638	HSETimeIntervals		9980.965	9980.965999999999		
9986.856	0.18000000000029104	HSETimeIntervals		9986.94	9986.946		
9993.196	0.06400000000030559	HSETimeIntervals		9993.228	9993.228		
9996.959	0.10799999999835563	HSETimeIntervals		9996.995	9997.013		
10017.843	0.09399999999914144	HSETimeIntervals		10017.889	10017.890000000001		
10028.011	0.21299999999973807	HSETimeIntervals		10028.047	10028.1175		
10034.171	0.24499999999898137	HSETimeIntervals		10034.357	10034.2935		
10036.214	0.1000000000003638	HSETimeIntervals		10036.247	10036.264		
10038.727	0.10399999999935972	HSETimeIntervals		10038.769	10038.779		
10038.863	0.0680000000011205	HSETimeIntervals		10038.898	10038.896999999999		
10039.103	0.0680000000011205	HSETimeIntervals		10039.137	10039.136999999999		
10040.1	0.15999999999985448	HSETimeIntervals		10040.227	10040.18		
10040.468	0.4419999999990978	HSETimeIntervals		10040.568	10040.689		
10041.007	0.08500000000094587	HSETimeIntervals		10041.046	10041.0495		
10043.307	0.08799999999973807	HSETimeIntervals		10043.35	10043.351		
10046.064	0.19800000000032014	HSETimeIntervals		10046.187	10046.163		
10046.626	0.09900000000016007	HSETimeIntervals		10046.657	10046.6755		
10051.837	0.13400000000001455	HSETimeIntervals		10051.875	10051.903999999999		
10055.105	0.07600000000093132	HSETimeIntervals		10055.143	10055.143		
10061.944	0.1890000000003056	HSETimeIntervals		10062.025	10062.038499999999		
10062.285	0.125	HSETimeIntervals		10062.314	10062.3475		
10064.399	0.11200000000098953	HSETimeIntervals		10064.464	10064.455		
10076.002	0.1180000000003929	HSETimeIntervals		10076.078	10076.061		
10076.411	0.09399999999914144	HSETimeIntervals		10076.473	10076.458		
10078.056	0.10099999999874854	HSETimeIntervals		10078.124	10078.1065		
10089.18	0.08100000000013097	HSETimeIntervals		10089.224	10089.2205		
10090.435	0.14199999999982538	HSETimeIntervals		10090.516	10090.506		
10093.452	0.1720000000004802	HSETimeIntervals		10093.541	10093.537999999999		
10093.98	0.24600000000100408	HSETimeIntervals		10094.134	10094.103		
10094.352	0.09899999999834108	HSETimeIntervals		10094.406	10094.4015		
10097.358	0.07099999999991269	HSETimeIntervals		10097.394	10097.3935		
10111.76	0.06599999999889405	HSETimeIntervals		10111.796	10111.793		
10111.851	0.29399999999986903	HSETimeIntervals		10111.932	10111.998000000001		
10113.471	0.09900000000016007	HSETimeIntervals		10113.534	10113.520499999999		
10116.127	0.11299999999937427	HSETimeIntervals		10116.204	10116.183500000001		
10138.377	0.07599999999911233	HSETimeIntervals		10138.41	10138.415		
10138.534	0.20200000000113505	HSETimeIntervals		10138.681	10138.635		
10152.019	0.282999999999447	HSETimeIntervals		10152.078	10152.1605		
10164.647	0.15799999999944703	HSETimeIntervals		10164.769	10164.726		
10167.842	0.22599999999874854	HSETimeIntervals		10167.878	10167.955		
10177.966	0.07099999999991269	HSETimeIntervals		10178.005	10178.0015		
10180.737	0.12000000000080036	HSETimeIntervals		10180.815	10180.796999999999		
10185.383	0.08699999999953434	HSETimeIntervals		10185.431	10185.4265		
10188.18	0.1819999999988795	HSETimeIntervals		10188.304	10188.271		
10192.893	0.11700000000018917	HSETimeIntervals		10192.934	10192.9515		
10193.798	0.22199999999975262	HSETimeIntervals		10193.847	10193.909000000001		
10196.87	0.07799999999951979	HSETimeIntervals		10196.912	10196.909000000001		
10202.428	0.12199999999938882	HSETimeIntervals		10202.478	10202.489		
10202.658	0.11499999999978172	HSETimeIntervals		10202.702	10202.7155		
10202.831	0.11999999999898137	HSETimeIntervals		10202.907	10202.891		
10206.749	0.09699999999975262	HSETimeIntervals		10206.791	10206.7975		
10219.323	0.20800000000053842	HSETimeIntervals		10219.374	10219.427		
10220.643	0.2530000000006112	HSETimeIntervals		10220.839	10220.7695		
10225.821	0.25	HSETimeIntervals		10225.969	10225.946		
10226.477	0.37699999999858846	HSETimeIntervals		10226.822	10226.665500000001		
10231.643	0.11599999999998545	HSETimeIntervals		10231.726	10231.701000000001		
10232.039	0.10299999999915599	HSETimeIntervals		10232.114	10232.0905		
10237.674	0.09399999999914144	HSETimeIntervals		10237.723	10237.721000000001		
10246.712	0.21200000000135333	HSETimeIntervals		10246.833	10246.818		
10249.166	0.09200000000055297	HSETimeIntervals		10249.199	10249.212		
10250.813	0.1180000000003929	HSETimeIntervals		10250.892	10250.872		
10254.309	0.10500000000138243	HSETimeIntervals		10254.366	10254.361499999999		
10256.842	0.06199999999989814	HSETimeIntervals		10256.874	10256.873000000001		
10258.957	0.09200000000055297	HSETimeIntervals		10259.006	10259.003		
10260.445	0.15300000000024738	HSETimeIntervals		10260.509	10260.521499999999		
10261.123	0.1069999999999709	HSETimeIntervals		10261.186	10261.1765		
10262.873	0.09200000000055297	HSETimeIntervals		10262.909	10262.919		
10264.301	0.14199999999982538	HSETimeIntervals		10264.354	10264.372		
10271.783	0.12100000000100408	HSETimeIntervals		10271.87	10271.843499999999		
10272.685	0.11400000000139698	HSETimeIntervals		10272.723	10272.742		
10275.691	0.08100000000013097	HSETimeIntervals		10275.739	10275.7315		
10275.797	0.09900000000016007	HSETimeIntervals		10275.827	10275.8465		
10279.337	0.1679999999996653	HSETimeIntervals		10279.471	10279.421		
10286.644	0.06099999999969441	HSETimeIntervals		10286.677	10286.674500000001		
10290.544	0.10599999999976717	HSETimeIntervals		10290.584	10290.597		
10292.11	0.1319999999996071	HSETimeIntervals		10292.161	10292.176000000001		
10293.396	0.12999999999919964	HSETimeIntervals		10293.46	10293.461000000001		
10294.744	0.11899999999877764	HSETimeIntervals		10294.787	10294.8035		
10295.575	0.09499999999934516	HSETimeIntervals		10295.623	10295.622500000001		
10296.54	0.21199999999953434	HSETimeIntervals		10296.71	10296.646		
10298.643	0.06899999999950523	HSETimeIntervals		10298.675	10298.6775		
10303.659	0.07600000000093132	HSETimeIntervals		10303.691	10303.697		
10313.372	0.11499999999978172	HSETimeIntervals		10313.454	10313.4295		
10322.944	0.09000000000014552	HSETimeIntervals		10322.98	10322.989		
10326.179	0.2890000000006694	HSETimeIntervals		10326.255	10326.3235		
10327.172	0.34399999999914144	HSETimeIntervals		10327.442000000001	10327.344000000001		
10328.305	0.34499999999934516	HSETimeIntervals		10328.38	10328.4775		
10328.676	0.1750000000010914	HSETimeIntervals		10328.813	10328.7635		
10329.615	0.4359999999996944	HSETimeIntervals		10329.983	10329.833		
10333.137	0.3779999999987922	HSETimeIntervals		10333.373	10333.326000000001		
10337.881	0.07700000000113505	HSETimeIntervals		10337.924	10337.9195		
10342.069	0.09699999999975262	HSETimeIntervals		10342.133	10342.1175		
10343.571	0.1610000000000582	HSETimeIntervals		10343.627	10343.6515		
10343.898	0.1680000000014843	HSETimeIntervals		10344.019	10343.982		
10344.089	0.12399999999979627	HSETimeIntervals		10344.133	10344.151		
10348.447	0.10299999999915599	HSETimeIntervals		10348.485	10348.4985		
10361.257	0.29100000000107684	HSETimeIntervals		10361.405	10361.4025		
10365.692000000001	0.13099999999940337	HSETimeIntervals		10365.76	10365.757500000002		
10365.864	0.08100000000013097	HSETimeIntervals		10365.907	10365.904499999999		
10366.76	0.09499999999934516	HSETimeIntervals		10366.805	10366.8075		
10375.5	0.12099999999918509	HSETimeIntervals		10375.539	10375.5605		
10375.661	0.32400000000052387	HSETimeIntervals		10375.942000000001	10375.823		
10379.198	0.10399999999935972	HSETimeIntervals		10379.25	10379.25		
10383.135	0.11000000000058208	HSETimeIntervals		10383.184	10383.19		
10383.272	0.32699999999931606	HSETimeIntervals		10383.42	10383.435500000001		
10392.007	0.1820000000006985	HSETimeIntervals		10392.126	10392.098		
10392.508	0.10300000000097498	HSETimeIntervals		10392.548	10392.5595		
10392.93	0.3500000000003638	HSETimeIntervals		10393.223	10393.105		
10393.602	0.07599999999911233	HSETimeIntervals		10393.642	10393.640000000001		
10394.189	0.10599999999976717	HSETimeIntervals		10394.249	10394.242		
10410.53	0.10899999999855936	HSETimeIntervals		10410.592	10410.5845		
10411.92	0.08599999999933061	HSETimeIntervals		10411.95	10411.963		
10417.309	0.05800000000090222	HSETimeIntervals		10417.338	10417.338		
10417.983	0.07599999999911233	HSETimeIntervals		10418.02	10418.021		
10420.911	0.10599999999976717	HSETimeIntervals		10420.99	10420.964		
10423.156	0.07999999999992724	HSETimeIntervals		10423.197	10423.196000000002		
10434.988	0.0930000000007567	HSETimeIntervals		10435.043	10435.0345		
10447.688	0.06699999999909778	HSETimeIntervals		10447.719	10447.7215		
10451.326	0.06400000000030559	HSETimeIntervals		10451.359	10451.357999999998		
10452.656	0.2459999999991851	HSETimeIntervals		10452.801	10452.779		
10454.001	0.10900000000037835	HSETimeIntervals		10454.047	10454.0555		
10457.066	0.08100000000013097	HSETimeIntervals		10457.115	10457.1065		
10460.702	0.20300000000133878	HSETimeIntervals		10460.74	10460.8035		
10477.327	0.11500000000160071	HSETimeIntervals		10477.377	10477.3845		
10487.635	0.06599999999889405	HSETimeIntervals		10487.672	10487.668		
10490.854	0.07600000000093132	HSETimeIntervals		10490.894	10490.892		
10499.267	0.07099999999991269	HSETimeIntervals		10499.309	10499.3025		
10499.829	0.08899999999994179	HSETimeIntervals		10499.886	10499.8735		
10500.884	0.11700000000018917	HSETimeIntervals		10500.969	10500.9425		
10506.966	0.16200000000026193	HSETimeIntervals		10507.1	10507.047		
10507.291	0.08400000000074215	HSETimeIntervals		10507.347	10507.332999999999		
10508.258	0.09200000000055297	HSETimeIntervals		10508.319	10508.304		
10510.5	0.06700000000091677	HSETimeIntervals		10510.532	10510.5335		
10514.775	0.08400000000074215	HSETimeIntervals		10514.82	10514.817		
10517.146	0.09000000000014552	HSETimeIntervals		10517.21	10517.191		
10518.012	0.15200000000004366	HSETimeIntervals		10518.131	10518.088		
10518.907	0.2220000000015716	HSETimeIntervals		10519.095	10519.018		
10519.898	0.0680000000011205	HSETimeIntervals		10519.933	10519.931999999999		
10520.468	0.06699999999909778	HSETimeIntervals		10520.504	10520.5015		
10521.226	0.09999999999854481	HSETimeIntervals		10521.282	10521.276		
10521.812	0.07999999999992724	HSETimeIntervals		10521.847	10521.852		
10527.678	0.06899999999950523	HSETimeIntervals		10527.711	10527.7125		
10533.612	0.13900000000103319	HSETimeIntervals		10533.649	10533.681499999999		
10539.637	0.13999999999941792	HSETimeIntervals		10539.694	10539.707		
10547.785	0.22700000000077125	HSETimeIntervals		10547.977	10547.8985		
10550.142	0.09900000000016007	HSETimeIntervals		10550.198	10550.191499999999		
10551.386	0.07300000000032014	HSETimeIntervals		10551.42	10551.4225		
10560.119	0.09399999999914144	HSETimeIntervals		10560.173	10560.166000000001		
10566.627	0.09299999999893771	HSETimeIntervals		10566.666	10566.6735		
10574.304	0.15300000000024738	HSETimeIntervals		10574.36	10574.3805		
10575.098	0.11499999999978172	HSETimeIntervals		10575.154	10575.1555		
10580.964	0.25900000000001455	HSETimeIntervals		10581.007	10581.093499999999		
10584.91	0.07200000000011642	HSETimeIntervals		10584.945	10584.946		
10586.183	0.13699999999880674	HSETimeIntervals		10586.235	10586.2515		
10589.572	0.12299999999959255	HSETimeIntervals		10589.63	10589.6335		
10592.524	0.1110000000007858	HSETimeIntervals		10592.587	10592.5795		
10598.937	0.12700000000040745	HSETimeIntervals		10599.014	10599.0005		
10614.742	0.07300000000032014	HSETimeIntervals		10614.778	10614.7785		
10640.409	0.09799999999995634	HSETimeIntervals		10640.448	10640.458		
10657.242	0.13400000000001455	HSETimeIntervals		10657.34	10657.309		
10659.567000000001	0.3669999999983702	HSETimeIntervals		10659.81	10659.7505		
10660.032	0.2000000000007276	HSETimeIntervals		10660.149	10660.132		
10661.069	0.08300000000053842	HSETimeIntervals		10661.11	10661.110499999999		
10666.758	0.07699999999931606	HSETimeIntervals		10666.797	10666.7965		
10671.493	0.07899999999972351	HSETimeIntervals		10671.535	10671.532500000001		
10673.102	0.1389999999992142	HSETimeIntervals		10673.166	10673.1715		
10673.4	0.09699999999975262	HSETimeIntervals		10673.427	10673.4485		
10673.531	0.07699999999931606	HSETimeIntervals		10673.574	10673.569500000001		
10680.656	0.17799999999988358	HSETimeIntervals		10680.795	10680.745		
10680.868	0.09499999999934516	HSETimeIntervals		10680.912	10680.915500000001		
10682.694	0.2669999999998254	HSETimeIntervals		10682.921	10682.8275		
10684.642	0.10800000000017462	HSETimeIntervals		10684.712	10684.696		
10690.094	0.0680000000011205	HSETimeIntervals		10690.128	10690.127999999999		
10691.84	0.09200000000055297	HSETimeIntervals		10691.901	10691.886		
10708.724	0.14199999999982538	HSETimeIntervals		10708.783	10708.795		
10711.33	0.06500000000050932	HSETimeIntervals		10711.366	10711.3625		
10717.118	0.07200000000011642	HSETimeIntervals		10717.154	10717.154		
10725.419	0.09000000000014552	HSETimeIntervals		10725.465	10725.464		
10726.601	0.20199999999931606	HSETimeIntervals		10726.673	10726.702000000001		
10727.165	0.2249999999985448	HSETimeIntervals		10727.198	10727.2775		
10736.049	0.16099999999823922	HSETimeIntervals		10736.175	10736.129500000001		
10750.837	0.1930000000011205	HSETimeIntervals		10750.974	10750.9335		
10779.273	0.20300000000133878	HSETimeIntervals		10779.332	10779.3745		
10780.351	0.08699999999953434	HSETimeIntervals		10780.399	10780.3945		
10780.852	0.1279999999987922	HSETimeIntervals		10780.912	10780.916000000001		
10782.925	0.09400000000096043	HSETimeIntervals		10782.987	10782.972		
10783.969	0.08400000000074215	HSETimeIntervals		10784.014	10784.010999999999		
10798.706	0.08699999999953434	HSETimeIntervals		10798.759	10798.7495		
10810.499	0.12700000000040745	HSETimeIntervals		10810.54	10810.5625		
10815.368	0.09399999999914144	HSETimeIntervals		10815.42	10815.415		
10835.947	0.09699999999975262	HSETimeIntervals		10835.985	10835.9955		
10853.379	0.12399999999979627	HSETimeIntervals		10853.455	10853.441		
10856.796	0.1389999999992142	HSETimeIntervals		10856.898	10856.8655		
10863.13	0.09500000000116415	HSETimeIntervals		10863.18	10863.1775		
10863.312	0.20499999999992724	HSETimeIntervals		10863.347	10863.4145		
10886.563	0.1110000000007858	HSETimeIntervals		10886.638	10886.6185		
10889.391	0.09000000000014552	HSETimeIntervals		10889.424	10889.436		
10893.963	0.07799999999951979	HSETimeIntervals		10894.008	10894.002		
10898.468	0.23300000000017462	HSETimeIntervals		10898.636	10898.5845		
10906.52	0.1610000000000582	HSETimeIntervals		10906.643	10906.6005		
10921.274	0.09500000000116415	HSETimeIntervals		10921.314	10921.3215		
10923.369	0.10399999999935972	HSETimeIntervals		10923.424	10923.421		
10927.044	0.1180000000003929	HSETimeIntervals		10927.081	10927.103		
10929.709	0.11499999999978172	HSETimeIntervals		10929.742	10929.766500000002		
10932.032	0.0860000000011496	HSETimeIntervals		10932.079	10932.074999999999		
10939.685	0.07800000000133878	HSETimeIntervals		10939.727	10939.724		
10946.029	0.10499999999956344	HSETimeIntervals		10946.063	10946.0815		
10947.168	0.18499999999949068	HSETimeIntervals		10947.249	10947.2605		
10947.784	0.08799999999973807	HSETimeIntervals		10947.819	10947.828		
10948.545	0.3780000000006112	HSETimeIntervals		10948.641	10948.734		
10949.273	0.17400000000088767	HSETimeIntervals		10949.346	10949.359999999999		
10952.496	0.1000000000003638	HSETimeIntervals		10952.562	10952.545999999998		
10954.305	0.09100000000034925	HSETimeIntervals		10954.36	10954.3505		
10956.307	0.21999999999934516	HSETimeIntervals		10956.349	10956.417000000001		
10957.138	0.32699999999931606	HSETimeIntervals		10957.196	10957.301500000001		
10957.5	0.08300000000053842	HSETimeIntervals		10957.546	10957.5415		
10973.692000000001	0.09599999999954889	HSETimeIntervals		10973.745	10973.740000000002		
10993.975	0.227999999999156	HSETimeIntervals		10994.026	10994.089		
11005.533	0.06700000000091677	HSETimeIntervals		11005.564	11005.566499999999		
11034.506	0.09200000000055297	HSETimeIntervals		11034.561	11034.552		
11034.616	0.2600000000002183	HSETimeIntervals		11034.652	11034.746		
11035.286	0.08300000000053842	HSETimeIntervals		11035.324	11035.3275		
11035.413	0.0820000000003347	HSETimeIntervals		11035.455	11035.454		
11036.429	0.2919999999994616	HSETimeIntervals		11036.586	11036.575		
11052.218	0.08100000000013097	HSETimeIntervals		11052.262	11052.2585		
11061.852	0.07899999999972351	HSETimeIntervals		11061.898	11061.891500000002		
11061.976	0.1859999999996944	HSETimeIntervals		11062.126	11062.069000000001		
11071.494	0.06400000000030559	HSETimeIntervals		11071.527	11071.526		
11072.836	0.06600000000071304	HSETimeIntervals		11072.874	11072.868999999999		
11074.921	0.1569999999992433	HSETimeIntervals		11075.016	11074.9995		
11077.92	0.0820000000003347	HSETimeIntervals		11077.966	11077.961		
11078.631	0.08300000000053842	HSETimeIntervals		11078.674	11078.672499999999		
11084.594	0.09600000000136788	HSETimeIntervals		11084.637	11084.642		
11094.313	0.17599999999947613	HSETimeIntervals		11094.456	11094.401		
11094.804	0.08100000000013097	HSETimeIntervals		11094.85	11094.8445		
11107.845	0.10800000000017462	HSETimeIntervals		11107.877	11107.899		
11117.654	0.43000000000029104	HSETimeIntervals		11117.754	11117.869		
11118.188	0.15999999999985448	HSETimeIntervals		11118.26	11118.268		
11119.166	0.0790000000015425	HSETimeIntervals		11119.2	11119.2055		
11134.145	0.2849999999998545	HSETimeIntervals		11134.267	11134.2875		
11135.917	0.15600000000085856	HSETimeIntervals		11135.95	11135.994999999999		
11136.241	0.09599999999954889	HSETimeIntervals		11136.282	11136.289		
11137.22	0.07200000000011642	HSETimeIntervals		11137.252	11137.256		
11150.545	0.09900000000016007	HSETimeIntervals		11150.585	11150.5945		
11157.079	0.10499999999956344	HSETimeIntervals		11157.113	11157.1315		
11159.047	0.46899999999914144	HSETimeIntervals		11159.26	11159.281500000001		
11161.859	0.10800000000017462	HSETimeIntervals		11161.93	11161.913		
11162.257	0.10599999999976717	HSETimeIntervals		11162.334	11162.31		
11182.041	0.2680000000000291	HSETimeIntervals		11182.12	11182.175		
11183.609	0.06699999999909778	HSETimeIntervals		11183.645	11183.6425		
11188.235	0.2649999999994179	HSETimeIntervals		11188.302	11188.3675		
11190.272	0.21199999999953434	HSETimeIntervals		11190.312	11190.378		
11193.116	0.09100000000034925	HSETimeIntervals		11193.15	11193.1615		
11193.513	0.10299999999915599	HSETimeIntervals		11193.571	11193.5645		
11199.26	0.09100000000034925	HSETimeIntervals		11199.313	11199.3055		
11236.827	0.32700000000113505	HSETimeIntervals		11236.889	11236.9905		
11239.219	0.3500000000003638	HSETimeIntervals		11239.379	11239.393999999998		
11241.0	144.0	SleepStates					WAKEstate
11241.066	0.4359999999996944	HSETimeIntervals		11241.377	11241.284000000001		
11249.118	0.10299999999915599	HSETimeIntervals		11249.166	11249.1695		
11260.814	0.2849999999998545	HSETimeIntervals		11261.047	11260.9565		
11261.24	0.2070000000003347	HSETimeIntervals		11261.283	11261.343499999999		
11263.984	0.06300000000010186	HSETimeIntervals		11264.017	11264.0155		
11264.104	0.1570000000010623	HSETimeIntervals		11264.224	11264.182499999999		
11266.944	0.1640000000006694	HSETimeIntervals		11267.061	11267.026		
11278.448	0.3359999999993306	HSETimeIntervals		11278.528	11278.616		
11279.606	0.06600000000071304	HSETimeIntervals		11279.641	11279.639		
11286.952	0.2510000000002037	HSETimeIntervals		11287.141	11287.0775		
11288.555	0.35499999999956344	HSETimeIntervals		11288.875	11288.7325		
11293.245	0.06599999999889405	HSETimeIntervals		11293.281	11293.278		
11294.619	0.13500000000021828	HSETimeIntervals		11294.689	11294.6865		
11300.619	0.227999999999156	HSETimeIntervals		11300.762	11300.733		
11302.193	0.28700000000026193	HSETimeIntervals		11302.304	11302.3365		
11323.719	0.36599999999998545	HSETimeIntervals		11324.021	11323.902		
11330.873	0.0930000000007567	HSETimeIntervals		11330.925	11330.9195		
11333.061	0.17599999999947613	HSETimeIntervals		11333.162	11333.149		
11333.521	0.09399999999914144	HSETimeIntervals		11333.583	11333.568000000001		
11345.973	0.467000000000553	HSETimeIntervals		11346.341	11346.2065		
11346.676	0.13500000000021828	HSETimeIntervals		11346.74	11346.743499999999		
11348.495	0.2319999999999709	HSETimeIntervals		11348.679	11348.611		
11353.798	0.34499999999934516	HSETimeIntervals		11353.832	11353.970500000001		
11366.934	0.0820000000003347	HSETimeIntervals		11366.975	11366.974999999999		
11381.695	0.06899999999950523	HSETimeIntervals		11381.73	11381.7295		
11382.744	0.15200000000004366	HSETimeIntervals		11382.809	11382.82		
11383.282	0.15300000000024738	HSETimeIntervals		11383.379	11383.358499999998		
11390.052	0.2180000000007567	HSETimeIntervals		11390.207	11390.161		
11412.826000000001	0.09099999999853026	HSETimeIntervals		11412.867	11412.871500000001		
11415.777	0.19399999999950523	HSETimeIntervals		11415.914	11415.874		
11440.93	0.06300000000010186	HSETimeIntervals		11440.965	11440.9615		
11452.53	0.26900000000023283	HSETimeIntervals		11452.696	11452.6645		
11455.804	0.3649999999997817	HSETimeIntervals		11456.101	11455.9865		
11464.857	0.17699999999967986	HSETimeIntervals		11464.954	11464.9455		
11471.529	0.09399999999914144	HSETimeIntervals		11471.58	11471.576000000001		
11471.751	0.07099999999991269	HSETimeIntervals		11471.786	11471.7865		
11497.843	0.21599999999853026	HSETimeIntervals		11498.014	11497.951000000001		
11509.586	0.24800000000141154	HSETimeIntervals		11509.793	11509.71		
11529.761	0.125	HSETimeIntervals		11529.794	11529.8235		
11533.454	0.46299999999973807	HSETimeIntervals		11533.543	11533.6855		
11533.922	0.375	HSETimeIntervals		11533.964	11534.1095		
11535.083	0.1000000000003638	HSETimeIntervals		11535.15	11535.133		
11549.232	0.06899999999950523	HSETimeIntervals		11549.269	11549.2665		
11554.378	0.07799999999951979	HSETimeIntervals		11554.418	11554.417000000001		
11557.453	0.08500000000094587	HSETimeIntervals		11557.487	11557.495499999999		
11564.823	0.10100000000056752	HSETimeIntervals		11564.88	11564.8735		
11570.106	0.238999999999578	HSETimeIntervals		11570.182	11570.2255		
11570.776	0.09699999999975262	HSETimeIntervals		11570.821	11570.8245		
11572.202	0.3100000000013097	HSETimeIntervals		11572.392	11572.357		
11594.958	0.08399999999892316	HSETimeIntervals		11594.998	11595.0		
11595.698	0.1720000000004802	HSETimeIntervals		11595.761	11595.784		
11596.236	0.09799999999995634	HSETimeIntervals		11596.274	11596.285000000002		
11603.771	0.2249999999985448	HSETimeIntervals		11603.949	11603.8835		
11609.295	0.2929999999996653	HSETimeIntervals		11609.334	11609.4415		
11612.255	0.09900000000016007	HSETimeIntervals		11612.29	11612.304499999998		
11635.37	0.09299999999893771	HSETimeIntervals		11635.407	11635.416500000001		
11636.44	0.08499999999912689	HSETimeIntervals		11636.478	11636.4825		
11636.644	0.09200000000055297	HSETimeIntervals		11636.691	11636.69		
11648.174	0.22199999999975262	HSETimeIntervals		11648.348	11648.285000000002		
11658.962	0.08899999999994179	HSETimeIntervals		11659.009	11659.0065		
11668.094	0.27700000000004366	HSETimeIntervals		11668.133	11668.232499999998		
11671.44	0.18699999999989814	HSETimeIntervals		11671.578	11671.533500000001		
11677.535	0.1640000000006694	HSETimeIntervals		11677.656	11677.617		
11677.736	0.11599999999998545	HSETimeIntervals		11677.765	11677.794000000002		
11679.841	0.1069999999999709	HSETimeIntervals		11679.898	11679.8945		
11680.486	0.113999999999578	HSETimeIntervals		11680.517	11680.543000000001		
11681.442000000001	0.10399999999935972	HSETimeIntervals		11681.498	11681.494		
11684.323	0.113999999999578	HSETimeIntervals		11684.376	11684.380000000001		
11710.206	0.13500000000021828	HSETimeIntervals		11710.31	11710.2735		
11713.263	0.08499999999912689	HSETimeIntervals		11713.302	11713.3055		
11713.732	0.2749999999996362	HSETimeIntervals		11713.799	11713.8695		
11742.355	0.1110000000007858	HSETimeIntervals		11742.406	11742.4105		
11743.924	0.0749999999989086	HSETimeIntervals		11743.963	11743.961500000001		
11754.863	0.10800000000017462	HSETimeIntervals		11754.901	11754.917		
11770.372	0.3100000000013097	HSETimeIntervals		11770.442000000001	11770.527		
11773.743	0.2749999999996362	HSETimeIntervals		11773.901	11773.880500000001		
11790.305	0.07899999999972351	HSETimeIntervals		11790.343	11790.344500000001		
11798.737	0.0860000000011496	HSETimeIntervals		11798.773	11798.779999999999		
11808.027	0.05500000000029104	HSETimeIntervals		11808.055	11808.0545		
11816.351	0.09599999999954889	HSETimeIntervals		11816.398	11816.399000000001		
11834.485	0.21500000000014552	HSETimeIntervals		11834.659	11834.5925		
11847.67	0.30500000000029104	HSETimeIntervals		11847.83	11847.8225		
11850.53	0.21699999999873398	HSETimeIntervals		11850.677	11850.638500000001		
11896.849	0.06799999999930151	HSETimeIntervals		11896.884	11896.883		
11914.213	0.15300000000024738	HSETimeIntervals		11914.286	11914.289499999999		
11915.966	0.09399999999914144	HSETimeIntervals		11916.008	11916.013		
11919.075	0.08799999999973807	HSETimeIntervals		11919.11	11919.119		
11931.157	0.11400000000139698	HSETimeIntervals		11931.211	11931.214		
11939.784	0.07200000000011642	HSETimeIntervals		11939.825	11939.82		
11941.674	0.1749999999992724	HSETimeIntervals		11941.748	11941.7615		
11949.62	0.08599999999933061	HSETimeIntervals		11949.651	11949.663		
11954.386	0.24099999999998545	HSETimeIntervals		11954.427	11954.506500000001		
11975.014	0.1540000000004511	HSETimeIntervals		11975.08	11975.090999999999		
11979.153	0.08799999999973807	HSETimeIntervals		11979.185	11979.197		
11981.496	0.13800000000082946	HSETimeIntervals		11981.565	11981.564999999999		
11985.333	0.06699999999909778	HSETimeIntervals		11985.373	11985.3665		
11991.021	0.21699999999873398	HSETimeIntervals		11991.052	11991.129500000001		
12002.372	0.29399999999986903	HSETimeIntervals		12002.478	12002.519		
12006.226	0.2139999999999418	HSETimeIntervals		12006.284	12006.333		
12014.973	0.14099999999962165	HSETimeIntervals		12015.026	12015.0435		
12016.049	0.07599999999911233	HSETimeIntervals		12016.089	12016.087000000001		
12029.235	0.0820000000003347	HSETimeIntervals		12029.27	12029.276		
12029.906	0.08799999999973807	HSETimeIntervals		12029.966	12029.95		
12033.536	0.1290000000008149	HSETimeIntervals		12033.575	12033.6005		
12042.58	0.25900000000001455	HSETimeIntervals		12042.633	12042.709499999999		
12045.967	0.05999999999949068	HSETimeIntervals		12045.999	12045.997000000001		
12047.802	0.30099999999947613	HSETimeIntervals		12048.022	12047.9525		
12066.723	0.08599999999933061	HSETimeIntervals		12066.76	12066.766		
12069.0	186.0	SleepStates					WAKEstate
12075.884	0.09599999999954889	HSETimeIntervals		12075.927	12075.932		
12082.861	0.08899999999994179	HSETimeIntervals		12082.91	12082.9055		
12084.056	0.17199999999866122	HSETimeIntervals		12084.104	12084.142		
12087.756	0.09400000000096043	HSETimeIntervals		12087.797	12087.803		
12096.212	0.2929999999996653	HSETimeIntervals		12096.451000000001	12096.3585		
12096.53	0.09099999999853026	HSETimeIntervals		12096.585000000001	12096.5755		
12104.108	0.10100000000056752	HSETimeIntervals		12104.171	12104.1585		
12106.817000000001	0.24799999999959255	HSETimeIntervals		12106.993	12106.941		
12112.622	0.13800000000082946	HSETimeIntervals		12112.68	12112.690999999999		
12115.882	0.0680000000011205	HSETimeIntervals		12115.922	12115.916		
12117.767	0.33100000000013097	HSETimeIntervals		12117.871	12117.932499999999		
12118.689	0.09000000000014552	HSETimeIntervals		12118.726	12118.734		
12119.766	0.147000000000844	HSETimeIntervals		12119.805	12119.8395		
12119.919	0.07899999999972351	HSETimeIntervals		12119.960000000001	12119.9585		
12120.275	0.08799999999973807	HSETimeIntervals		12120.313	12120.319		
12122.139	0.08500000000094587	HSETimeIntervals		12122.184	12122.181499999999		
12136.359	0.06300000000010186	HSETimeIntervals		12136.392	12136.3905		
12143.127	0.20199999999931606	HSETimeIntervals		12143.186	12143.228000000001		
12145.421	0.08599999999933061	HSETimeIntervals		12145.461	12145.464		
12145.797	0.1999999999989086	HSETimeIntervals		12145.84	12145.897		
12146.037	0.16899999999986903	HSETimeIntervals		12146.114	12146.121500000001		
12176.324	0.2139999999999418	HSETimeIntervals		12176.503	12176.431		
12176.867	0.46299999999973807	HSETimeIntervals		12177.272	12177.0985		
12183.065	0.37700000000040745	HSETimeIntervals		12183.2	12183.2535		
12186.025	0.09500000000116415	HSETimeIntervals		12186.067000000001	12186.0725		
12189.952	0.09900000000016007	HSETimeIntervals		12190.007	12190.001499999998		
12192.055	0.2819999999992433	HSETimeIntervals		12192.135	12192.196		
12192.774	0.24800000000141154	HSETimeIntervals		12192.822	12192.898		
12197.563	0.06799999999930151	HSETimeIntervals		12197.596	12197.597		
12202.986	0.2860000000000582	HSETimeIntervals		12203.03	12203.129		
12215.384	0.07200000000011642	HSETimeIntervals		12215.418	12215.42		
12215.487	0.22100000000136788	HSETimeIntervals		12215.545	12215.5975		
12219.376	0.06099999999969441	HSETimeIntervals		12219.406	12219.406500000001		
12222.682	0.13799999999901047	HSETimeIntervals		12222.727	12222.751		
12237.658	0.12399999999979627	HSETimeIntervals		12237.744	12237.72		
12243.439	0.43299999999908323	HSETimeIntervals		12243.74	12243.6555		
12250.966	0.08899999999994179	HSETimeIntervals		12251.005	12251.0105		
12251.761	0.10199999999895226	HSETimeIntervals		12251.807	12251.812		
12262.879	0.10399999999935972	HSETimeIntervals		12262.931	12262.931		
12263.650133333333	2746.207966666667	epochs	fCamk5_210406_121452				
12263.871	0.08400000000074215	HSETimeIntervals		12263.909	12263.912999999999		
12297.0736	0.12880000000041036	RippleTimeIntervals		12297.1048			
12309.365	0.13400000000001455	HSETimeIntervals		12309.447	12309.431999999999		
12309.868	0.09799999999995634	HSETimeIntervals		12309.932	12309.917000000001		
12313.861	0.07200000000011642	HSETimeIntervals		12313.898	12313.897		
12335.417	0.15900000000146974	HSETimeIntervals		12335.458	12335.4965		
12335.637	0.14400000000023283	HSETimeIntervals		12335.728	12335.709		
12338.898	0.11400000000139698	HSETimeIntervals		12338.974	12338.955		
12339.526	0.1750000000010914	HSETimeIntervals		12339.644	12339.6135		
12340.365	0.20499999999992724	HSETimeIntervals		12340.4	12340.4675		
12351.13	0.06600000000071304	HSETimeIntervals		12351.167	12351.162999999999		
12353.217	0.06400000000030559	HSETimeIntervals		12353.252	12353.249		
12363.295	0.07599999999911233	HSETimeIntervals		12363.332	12363.333		
12377.29	0.06299999999828287	HSETimeIntervals		12377.323	12377.3215		
12399.125	0.15200000000004366	HSETimeIntervals		12399.241	12399.201		
12403.319	0.11400000000139698	HSETimeIntervals		12403.396	12403.376		
12406.09	0.09399999999914144	HSETimeIntervals		12406.134	12406.137		
12406.222	0.1290000000008149	HSETimeIntervals		12406.306	12406.2865		
12420.89	0.136000000000422	HSETimeIntervals		12420.985	12420.957999999999		
12432.484	0.1710000000002765	HSETimeIntervals		12432.604	12432.5695		
12440.912	0.08899999999994179	HSETimeIntervals		12440.966	12440.9565		
12461.015	0.06400000000030559	HSETimeIntervals		12461.047	12461.046999999999		
12485.482	0.1389999999992142	HSETimeIntervals		12485.574	12485.5515		
12490.069	0.29399999999986903	HSETimeIntervals		12490.188	12490.216		
12491.4128	0.11199999999917054	RippleTimeIntervals		12491.4376			
12498.947	0.07699999999931606	HSETimeIntervals		12498.983	12498.9855		
12509.983	0.07400000000052387	HSETimeIntervals		12510.028	12510.02		
12524.937	0.07200000000011642	HSETimeIntervals		12524.973	12524.973		
12526.575	0.1069999999999709	HSETimeIntervals		12526.654	12526.6285		
12545.6008	0.11999999999898137	RippleTimeIntervals		12545.716			
12555.055	0.06500000000050932	HSETimeIntervals		12555.092	12555.0875		
12573.5544	0.09039999999913562	RippleTimeIntervals		12573.5792			
12584.099	0.08400000000074215	HSETimeIntervals		12584.13	12584.141		
12584.459	0.42599999999947613	HSETimeIntervals		12584.495	12584.672		
12585.177	0.38800000000082946	HSETimeIntervals		12585.485	12585.371		
12585.5008	0.13520000000062282	RippleTimeIntervals		12585.6128			
12589.524	0.07999999999992724	HSETimeIntervals		12589.562	12589.564		
12591.496	0.14800000000104774	RippleTimeIntervals		12591.5096			
12597.0744	0.060800000001108856	RippleTimeIntervals		12597.0832			
12598.535	0.07799999999951979	HSETimeIntervals		12598.57	12598.574		
12600.02	0.13839999999981956	RippleTimeIntervals		12600.1512			
12602.5432	0.10640000000057626	RippleTimeIntervals		12602.58			
12605.53	0.08299999999871943	HSETimeIntervals		12605.581	12605.5715		
12616.262	0.12399999999979627	HSETimeIntervals		12616.357	12616.324		
12616.748	0.14500000000043656	HSETimeIntervals		12616.804	12616.8205		
12622.319	0.17000000000007276	HSETimeIntervals		12622.453	12622.403999999999		
12625.943	0.07200000000011642	HSETimeIntervals		12625.984	12625.979		
12629.333	0.13400000000001455	HSETimeIntervals		12629.407	12629.4		
12631.329	0.08899999999994179	HSETimeIntervals		12631.384	12631.3735		
12636.839	0.16699999999946158	HSETimeIntervals		12636.912	12636.9225		
12655.229	0.1930000000011205	HSETimeIntervals		12655.39	12655.325499999999		
12665.068	0.0750000000007276	HSETimeIntervals		12665.114	12665.1055		
12693.395	0.06999999999970896	HSETimeIntervals		12693.438	12693.43		
12696.309	0.13400000000001455	HSETimeIntervals		12696.408	12696.375999999998		
12696.919	0.10499999999956344	HSETimeIntervals		12696.99	12696.9715		
12697.067000000001	0.17799999999988358	HSETimeIntervals		12697.144	12697.156		
12697.333	0.12399999999979627	HSETimeIntervals		12697.429	12697.395		
12702.211	0.1110000000007858	HSETimeIntervals		12702.279	12702.2665		
12708.777	0.06700000000091677	HSETimeIntervals		12708.816	12708.8105		
12723.086	0.05400000000008731	HSETimeIntervals		12723.114	12723.113		
12741.464	0.12000000000080036	HSETimeIntervals		12741.557	12741.524		
12744.876	0.07599999999911233	HSETimeIntervals		12744.921	12744.914		
12755.960000000001	0.14299999999821011	HSETimeIntervals		12756.051	12756.031500000001		
12774.939	0.23799999999937427	HSETimeIntervals		12774.974	12775.058		
12783.752	0.10199999999895226	HSETimeIntervals		12783.803	12783.803		
12788.396	0.07899999999972351	HSETimeIntervals		12788.445	12788.435500000001		
12799.867	0.1610000000000582	HSETimeIntervals		12799.952	12799.9475		
12813.198	0.07099999999991269	HSETimeIntervals		12813.241	12813.2335		
12818.144	0.15500000000065484	HSETimeIntervals		12818.25	12818.2215		
12819.223	0.1640000000006694	HSETimeIntervals		12819.264	12819.305		
12837.237	0.4460000000017317	HSETimeIntervals		12837.405	12837.46		
12839.166	0.09500000000116415	HSETimeIntervals		12839.23	12839.2135		
12846.759	0.17699999999967986	HSETimeIntervals		12846.803	12846.8475		
12853.496	0.08100000000013097	HSETimeIntervals		12853.538	12853.536499999998		
12853.839	0.10599999999976717	HSETimeIntervals		12853.902	12853.892		
12858.431	0.1569999999992433	HSETimeIntervals		12858.5	12858.5095		
12869.772	0.08499999999912689	HSETimeIntervals		12869.822	12869.8145		
12870.3336	0.12559999999939464	RippleTimeIntervals		12870.3424			
12871.9864	0.13040000000000873	RippleTimeIntervals		12872.0104			
12878.7792	0.11999999999898137	RippleTimeIntervals		12878.8872			
12898.273	0.13100000000122236	HSETimeIntervals		12898.352	12898.3385		
12908.144	0.1679999999996653	HSETimeIntervals		12908.219000000001	12908.228000000001		
12909.958	0.1180000000003929	HSETimeIntervals		12910.043	12910.017		
12912.778	0.19499999999970896	HSETimeIntervals		12912.908	12912.8755		
12921.606	0.15899999999965075	HSETimeIntervals		12921.705	12921.6855		
12922.237	0.10600000000158616	HSETimeIntervals		12922.28	12922.289999999999		
12945.995	0.08100000000013097	HSETimeIntervals		12946.046	12946.0355		
12949.428	0.15799999999944703	HSETimeIntervals		12949.477	12949.507		
12955.386	0.19900000000052387	HSETimeIntervals		12955.421	12955.4855		
12956.106	0.0820000000003347	HSETimeIntervals		12956.151	12956.146999999999		
12956.225	0.1790000000000873	HSETimeIntervals		12956.272	12956.3145		
12970.464	0.15500000000065484	HSETimeIntervals		12970.555	12970.5415		
12970.738	0.38400000000001455	HSETimeIntervals		12970.955	12970.929999999998		
12972.178	0.11900000000059663	HSETimeIntervals		12972.263	12972.2375		
12981.3368	0.11840000000120199	RippleTimeIntervals		12981.4408			
12982.644	0.28399999999965075	HSETimeIntervals		12982.8	12982.786		
12984.744	0.15999999999985448	HSETimeIntervals		12984.869	12984.824		
12988.112	0.24400000000059663	HSETimeIntervals		12988.271	12988.233999999999		
12996.251	0.4580000000005384	HSETimeIntervals		12996.454	12996.48		
12996.873	0.42400000000088767	HSETimeIntervals		12997.171	12997.085		
12999.128	0.10899999999855936	HSETimeIntervals		12999.191	12999.1825		
13000.169	0.32300000000032014	HSETimeIntervals		13000.212	13000.3305		
13000.511	0.2790000000004511	HSETimeIntervals		13000.685	13000.6505		
13002.26	0.2809999999990396	HSETimeIntervals		13002.441	13002.4005		
13004.555	0.10900000000037835	HSETimeIntervals		13004.62	13004.6095		
13007.524	0.14800000000104774	HSETimeIntervals		13007.614	13007.598		
13014.25	0.0930000000007567	HSETimeIntervals		13014.295	13014.2965		
13023.1744	0.10959999999977299	RippleTimeIntervals		13023.2608			
13038.9296	0.1176000000014028	RippleTimeIntervals		13039.0256			
13040.106	0.34799999999995634	HSETimeIntervals		13040.144	13040.28		
13056.497	0.08100000000013097	HSETimeIntervals		13056.539	13056.537499999999		
13064.781	0.09299999999893771	HSETimeIntervals		13064.838	13064.827500000001		
13069.176	0.1504000000004453	RippleTimeIntervals		13069.2776			
13081.2304	0.0727999999999156	RippleTimeIntervals		13081.2408			
13084.112	0.08500000000094587	HSETimeIntervals		13084.151	13084.154499999999		
13086.1584	0.09759999999914726	RippleTimeIntervals		13086.1672			
13090.133	0.09599999999954889	HSETimeIntervals		13090.166	13090.181		
13094.593	0.2779999999984284	HSETimeIntervals		13094.727	13094.732		
13099.812	0.1000000000003638	HSETimeIntervals		13099.871	13099.862		
13100.628	0.2250000000003638	HSETimeIntervals		13100.801	13100.7405		
13100.99	0.24799999999959255	HSETimeIntervals		13101.039	13101.114		
13102.451000000001	0.27599999999983993	HSETimeIntervals		13102.627	13102.589000000002		
13103.011	0.12299999999959255	HSETimeIntervals		13103.061	13103.0725		
13105.17	0.1929999999993015	HSETimeIntervals		13105.319	13105.2665		
13126.625	0.1790000000000873	HSETimeIntervals		13126.657	13126.7145		
13127.533	0.09600000000136788	HSETimeIntervals		13127.581	13127.581		
13130.301	0.35500000000138243	HSETimeIntervals		13130.375	13130.4785		
13130.828	0.11840000000120199	RippleTimeIntervals		13130.9424			
13136.625	0.16899999999986903	HSETimeIntervals		13136.698	13136.7095		
13139.063	0.12800000000061118	HSETimeIntervals		13139.132	13139.127		
13141.616	0.3440000000009604	HSETimeIntervals		13141.782	13141.788		
13144.689	0.09200000000055297	HSETimeIntervals		13144.72	13144.735		
13148.119	0.13999999999941792	HSETimeIntervals		13148.228000000001	13148.189		
13153.7944	0.13599999999860302	RippleTimeIntervals		13153.8144			
13155.6688	0.10560000000077707	RippleTimeIntervals		13155.712			
13163.109	0.12899999999899592	HSETimeIntervals		13163.159	13163.1735		
13164.478000000001	0.48099999999976717	HSETimeIntervals		13164.552	13164.7185		
13167.59	0.08799999999973807	HSETimeIntervals		13167.628	13167.634		
13176.681	0.12099999999918509	HSETimeIntervals		13176.732	13176.7415		
13179.014	0.08400000000074215	HSETimeIntervals		13179.063	13179.055999999999		
13197.271	0.13599999999860302	HSETimeIntervals		13197.33	13197.339		
13198.0	0.22899999999935972	HSETimeIntervals		13198.066	13198.1145		
13220.296	0.11000000000058208	HSETimeIntervals		13220.359	13220.351		
13223.23	0.1180000000003929	HSETimeIntervals		13223.285	13223.288999999999		
13224.688	0.30199999999967986	HSETimeIntervals		13224.845	13224.839		
13227.067000000001	0.20999999999912689	HSETimeIntervals		13227.223	13227.172		
13238.401	0.1750000000010914	HSETimeIntervals		13238.455	13238.4885		
13253.8856	0.1000000000003638	RippleTimeIntervals		13253.9472			
13254.893	0.07899999999972351	HSETimeIntervals		13254.943	13254.9325		
13255.1088	0.13760000000002037	RippleTimeIntervals		13255.1528			
13256.301	0.19800000000032014	HSETimeIntervals		13256.353000000001	13256.4		
13263.931	0.0820000000003347	HSETimeIntervals		13263.979	13263.972		
13266.914	0.47699999999895226	HSETimeIntervals		13267.210000000001	13267.1525		
13267.818	0.13400000000001455	HSETimeIntervals		13267.858	13267.884999999998		
13272.604	0.11599999999998545	RippleTimeIntervals		13272.7048			
13277.236	0.1459999999988213	HSETimeIntervals		13277.347	13277.309000000001		
13282.285	0.16699999999946158	HSETimeIntervals		13282.365	13282.3685		
13284.537	0.0749999999989086	HSETimeIntervals		13284.577	13284.5745		
13289.163	0.09499999999934516	HSETimeIntervals		13289.204	13289.210500000001		
13295.436	0.12800000000061118	HSETimeIntervals		13295.469000000001	13295.5		
13296.415	0.12199999999938882	HSETimeIntervals		13296.508	13296.476		
13299.161	0.2929999999996653	HSETimeIntervals		13299.246	13299.3075		
13299.984	0.2529999999987922	HSETimeIntervals		13300.065	13300.1105		
13305.029	0.20199999999931606	HSETimeIntervals		13305.087	13305.130000000001		
13308.714	0.11900000000059663	HSETimeIntervals		13308.795	13308.7735		
13313.927	0.2250000000003638	HSETimeIntervals		13314.068	13314.039499999999		
13320.571	0.07699999999931606	HSETimeIntervals		13320.613	13320.6095		
13324.701000000001	0.07799999999951979	HSETimeIntervals		13324.743	13324.740000000002		
13340.327	0.06900000000132422	HSETimeIntervals		13340.366	13340.361499999999		
13342.652	0.09799999999995634	HSETimeIntervals		13342.712	13342.701000000001		
13349.476	0.09299999999893771	HSETimeIntervals		13349.535	13349.522500000001		
13350.275	0.1040000000011787	HSETimeIntervals		13350.348	13350.327		
13368.1	0.11700000000018917	HSETimeIntervals		13368.152	13368.1585		
13369.698	0.07699999999931606	HSETimeIntervals		13369.745	13369.7365		
13375.565	0.18299999999908323	HSETimeIntervals		13375.68	13375.656500000001		
13378.204	0.08100000000013097	HSETimeIntervals		13378.239	13378.244499999999		
13378.694	0.08899999999994179	HSETimeIntervals		13378.749	13378.7385		
13382.710000000001	0.3999999999996362	HSETimeIntervals		13383.049	13382.910000000002		
13384.489	0.2470000000012078	HSETimeIntervals		13384.608	13384.6125		
13386.708	0.2349999999987631	HSETimeIntervals		13386.826000000001	13386.8255		
13390.861	0.08100000000013097	HSETimeIntervals		13390.904	13390.9015		
13391.12	0.24199999999837019	HSETimeIntervals		13391.301	13391.241		
13393.665	0.2319999999999709	HSETimeIntervals		13393.785	13393.781		
13404.989	0.09900000000016007	HSETimeIntervals		13405.056	13405.038499999999		
13412.599	0.3389999999999418	HSETimeIntervals		13412.824	13412.7685		
13414.188	0.2649999999994179	HSETimeIntervals		13414.4	13414.3205		
13414.647	0.09299999999893771	HSETimeIntervals		13414.694	13414.693500000001		
13417.934	0.17300000000068394	HSETimeIntervals		13417.984	13418.020499999999		
13424.544	0.06799999999930151	HSETimeIntervals		13424.583	13424.578		
13447.397	0.1349999999983993	HSETimeIntervals		13447.431	13447.4645		
13450.155	0.1790000000000873	HSETimeIntervals		13450.199	13450.2445		
13450.712	0.12700000000040745	HSETimeIntervals		13450.798	13450.7755		
13455.852	0.08899999999994179	HSETimeIntervals		13455.911	13455.8965		
13457.068	0.12100000000100408	HSETimeIntervals		13457.153	13457.128499999999		
13461.338	0.13400000000001455	HSETimeIntervals		13461.4	13461.404999999999		
13470.116	0.09799999999995634	HSETimeIntervals		13470.173	13470.165		
13476.425	0.06700000000091677	HSETimeIntervals		13476.462	13476.458499999999		
13483.291	0.24800000000141154	HSETimeIntervals		13483.332	13483.414999999999		
13495.246	0.08500000000094587	HSETimeIntervals		13495.29	13495.288499999999		
13499.166	0.14800000000104774	HSETimeIntervals		13499.282	13499.24		
13499.507	0.21299999999973807	HSETimeIntervals		13499.544	13499.6135		
13502.289	0.09699999999975262	HSETimeIntervals		13502.331	13502.337500000001		
13505.914	0.3850000000002183	HSETimeIntervals		13506.171	13506.1065		
13514.88	0.10100000000056752	HSETimeIntervals		13514.924	13514.930499999999		
13515.178	0.42699999999967986	HSETimeIntervals		13515.489	13515.3915		
13517.738	0.0820000000003347	HSETimeIntervals		13517.779	13517.778999999999		
13524.409	0.48099999999976717	HSETimeIntervals		13524.66	13524.6495		
13532.368	0.08479999999872234	RippleTimeIntervals		13532.4448			
13532.696	0.21999999999934516	HSETimeIntervals		13532.849	13532.806		
13533.063	0.2180000000007567	HSETimeIntervals		13533.234	13533.172		
13533.488	0.1750000000010914	HSETimeIntervals		13533.556	13533.575499999999		
13534.328	0.14400000000023283	HSETimeIntervals		13534.42	13534.4		
13538.095	0.39500000000043656	HSETimeIntervals		13538.151	13538.2925		
13546.604	0.0930000000007567	HSETimeIntervals		13546.66	13546.6505		
13559.201000000001	0.19399999999950523	HSETimeIntervals		13559.241	13559.298		
13562.443	0.27400000000125146	HSETimeIntervals		13562.544	13562.58		
13563.178	0.07600000000093132	HSETimeIntervals		13563.215	13563.216		
13568.512	0.1389999999992142	HSETimeIntervals		13568.619	13568.5815		
13570.063	0.08799999999973807	HSETimeIntervals		13570.112	13570.107		
13576.096	0.07200000000011642	HSETimeIntervals		13576.131	13576.132		
13576.389	0.07600000000093132	HSETimeIntervals		13576.433	13576.427		
13579.95	0.10599999999976717	HSETimeIntervals		13579.99	13580.003		
13581.54	0.09099999999853026	HSETimeIntervals		13581.597	13581.585500000001		
13594.973	0.10300000000097498	HSETimeIntervals		13595.04	13595.0245		
13602.254	0.21500000000014552	HSETimeIntervals		13602.435	13602.3615		
13610.52	0.09799999999995634	HSETimeIntervals		13610.58	13610.569000000001		
13631.13	0.0860000000011496	HSETimeIntervals		13631.161	13631.172999999999		
13638.513	0.09900000000016007	HSETimeIntervals		13638.577	13638.5625		
13647.368	0.22999999999956344	HSETimeIntervals		13647.433	13647.483		
13657.18	0.09000000000014552	HSETimeIntervals		13657.23	13657.225		
13676.623	0.05400000000008731	HSETimeIntervals		13676.651	13676.65		
13680.904	0.39500000000043656	HSETimeIntervals		13681.253	13681.1015		
13684.864	0.147000000000844	HSETimeIntervals		13684.962	13684.9375		
13685.988	0.34900000000016007	HSETimeIntervals		13686.286	13686.162499999999		
13686.914	0.23999999999978172	HSETimeIntervals		13687.035	13687.034000000001		
13689.409	0.08500000000094587	HSETimeIntervals		13689.442000000001	13689.4515		
13696.574	0.113999999999578	HSETimeIntervals		13696.61	13696.631000000001		
13704.6	0.06300000000010186	HSETimeIntervals		13704.63	13704.6315		
13708.505	0.13500000000021828	HSETimeIntervals		13708.61	13708.572499999998		
13717.325	0.09999999999854481	HSETimeIntervals		13717.386	13717.375		
13733.701000000001	0.1430000000000291	HSETimeIntervals		13733.802	13733.772500000001		
13734.003	0.1069999999999709	HSETimeIntervals		13734.043	13734.0565		
13735.739	0.1319999999996071	HSETimeIntervals		13735.837	13735.805		
13736.651	0.10399999999935972	HSETimeIntervals		13736.683	13736.703		
13742.509	0.09000000000014552	HSETimeIntervals		13742.559	13742.554		
13753.323	0.46299999999973807	HSETimeIntervals		13753.358	13753.5545		
13759.085000000001	0.09999999999854481	HSETimeIntervals		13759.129	13759.135		
13778.92	0.11299999999937427	HSETimeIntervals		13778.974	13778.9765		
13786.728000000001	0.2249999999985448	HSETimeIntervals		13786.845	13786.8405		
13786.987000000001	0.13599999999860302	HSETimeIntervals		13787.056	13787.055		
13795.262	0.26199999999880674	HSETimeIntervals		13795.441	13795.393		
13799.076000000001	0.33999999999832653	HSETimeIntervals		13799.179	13799.246000000001		
13799.769	0.13500000000021828	HSETimeIntervals		13799.818	13799.8365		
13807.559	0.1320000000014261	HSETimeIntervals		13807.659	13807.625		
13809.526	0.1069999999999709	HSETimeIntervals		13809.559	13809.5795		
13812.538	0.06300000000010186	HSETimeIntervals		13812.572	13812.5695		
13815.982	0.11700000000018917	HSETimeIntervals		13816.037	13816.0405		
13817.263	0.21199999999953434	HSETimeIntervals		13817.384	13817.369		
13819.383	0.0750000000007276	HSETimeIntervals		13819.427	13819.4205		
13819.681	0.10099999999874854	HSETimeIntervals		13819.753	13819.7315		
13830.066	0.09399999999914144	HSETimeIntervals		13830.129	13830.113000000001		
13831.373	0.07300000000032014	HSETimeIntervals		13831.415	13831.4095		
13832.57	0.07300000000032014	HSETimeIntervals		13832.61	13832.6065		
13832.807	0.3719999999993888	HSETimeIntervals		13833.148	13832.993		
13833.268	0.1000000000003638	HSETimeIntervals		13833.297	13833.318		
13835.213	0.375	HSETimeIntervals		13835.292	13835.4005		
13837.276	0.13700000000062573	HSETimeIntervals		13837.333	13837.3445		
13839.14	0.06000000000130967	HSETimeIntervals		13839.172	13839.17		
13843.933	0.05999999999949068	HSETimeIntervals		13843.963	13843.963000000002		
13857.465	0.49400000000059663	HSETimeIntervals		13857.689	13857.712		
13860.626	0.3760000000002037	HSETimeIntervals		13860.924	13860.814		
13864.439	0.0749999999989086	HSETimeIntervals		13864.479	13864.4765		
13870.475	0.44399999999950523	HSETimeIntervals		13870.781	13870.697		
13872.995	0.23699999999917054	HSETimeIntervals		13873.125	13873.113500000001		
13889.751	0.10100000000056752	HSETimeIntervals		13889.801	13889.8015		
13895.439	0.08399999999892316	HSETimeIntervals		13895.487000000001	13895.481		
13896.239	0.11900000000059663	HSETimeIntervals		13896.321	13896.298499999999		
13898.601	0.26199999999880674	HSETimeIntervals		13898.83	13898.732		
13901.112000000001	0.09999999999854481	HSETimeIntervals		13901.182	13901.162		
13902.013	0.1819999999988795	HSETimeIntervals		13902.051	13902.104000000001		
13902.542	0.14100000000144064	HSETimeIntervals		13902.652	13902.6125		
13905.866	0.1069999999999709	HSETimeIntervals		13905.938	13905.9195		
13909.27	0.06999999999970896	HSETimeIntervals		13909.308	13909.305		
13910.243	0.1389999999992142	HSETimeIntervals		13910.323	13910.3125		
13912.397	0.2649999999994179	HSETimeIntervals		13912.441	13912.5295		
13916.587	0.09600000000136788	HSETimeIntervals		13916.632	13916.635		
13916.853000000001	0.07199999999829743	HSETimeIntervals		13916.897	13916.889000000001		
13923.366	0.4639999999999418	HSETimeIntervals		13923.543	13923.598		
13924.713	0.12700000000040745	HSETimeIntervals		13924.789	13924.7765		
13925.325	0.08499999999912689	HSETimeIntervals		13925.377	13925.3675		
13925.811	0.1430000000000291	HSETimeIntervals		13925.849	13925.8825		
13926.247	0.4570000000003347	HSETimeIntervals		13926.303	13926.475499999999		
13931.299	0.14099999999962165	HSETimeIntervals		13931.398	13931.3695		
13931.561	0.23099999999976717	HSETimeIntervals		13931.622	13931.6765		
13937.671	0.21700000000055297	HSETimeIntervals		13937.712	13937.7795		
13940.532	0.272000000000844	HSETimeIntervals		13940.625	13940.668		
13941.957	0.2430000000003929	HSETimeIntervals		13942.124	13942.0785		
13945.282	0.06000000000130967	HSETimeIntervals		13945.312	13945.312		
13949.268	0.31700000000091677	HSETimeIntervals		13949.356	13949.4265		
13950.617	0.15999999999985448	HSETimeIntervals		13950.671	13950.697		
13957.597	0.0680000000011205	HSETimeIntervals		13957.636	13957.631		
13960.074	0.18099999999867578	HSETimeIntervals		13960.119	13960.1645		
13961.596	0.19100000000071304	HSETimeIntervals		13961.647	13961.691499999999		
13963.035	0.18499999999949068	HSETimeIntervals		13963.114	13963.1275		
13966.619	0.16699999999946158	HSETimeIntervals		13966.652	13966.702500000001		
13971.822	0.08699999999953434	HSETimeIntervals		13971.878	13971.8655		
13974.786	0.12000000000080036	HSETimeIntervals		13974.822	13974.846		
13975.801	0.20900000000074215	HSETimeIntervals		13975.841	13975.905499999999		
13983.24	0.09000000000014552	HSETimeIntervals		13983.301	13983.285		
13990.457	0.12099999999918509	HSETimeIntervals		13990.536	13990.5175		
13995.808	0.2139999999999418	HSETimeIntervals		13995.983	13995.915		
14006.243	0.08499999999912689	HSETimeIntervals		14006.3	14006.2855		
14007.631	0.45900000000074215	HSETimeIntervals		14007.828	14007.860499999999		
14009.391	0.08100000000013097	HSETimeIntervals		14009.44	14009.431499999999		
14013.286	0.11700000000018917	HSETimeIntervals		14013.318	14013.3445		
14014.302	0.125	HSETimeIntervals		14014.399	14014.3645		
14015.948	0.11099999999896681	HSETimeIntervals		14015.99	14016.0035		
14022.256	0.12200000000120781	HSETimeIntervals		14022.315	14022.317		
14025.726	0.17299999999886495	HSETimeIntervals		14025.793	14025.8125		
14032.19	0.1720000000004802	HSETimeIntervals		14032.33	14032.276		
14033.437	0.08400000000074215	HSETimeIntervals		14033.494	14033.479		
14034.445	0.13000000000101863	HSETimeIntervals		14034.538	14034.51		
14034.631	0.17700000000149885	HSETimeIntervals		14034.744	14034.7195		
14037.679	0.147000000000844	HSETimeIntervals		14037.793	14037.7525		
14039.085000000001	0.2669999999998254	HSETimeIntervals		14039.233	14039.2185		
14041.111	0.07099999999991269	HSETimeIntervals		14041.154	14041.1465		
14044.828	0.11499999999978172	HSETimeIntervals		14044.904	14044.8855		
14048.67	0.09699999999975262	HSETimeIntervals		14048.737000000001	14048.7185		
14049.973	0.06899999999950523	HSETimeIntervals		14050.013	14050.0075		
14050.407	0.41700000000128057	HSETimeIntervals		14050.748	14050.6155		
14059.514	0.07100000000173168	HSETimeIntervals		14059.547	14059.5495		
14059.895	0.09200000000055297	HSETimeIntervals		14059.941	14059.941		
14061.389	0.062000000001717126	HSETimeIntervals		14061.418	14061.42		
14062.394	0.14699999999902502	HSETimeIntervals		14062.425	14062.4675		
14066.668	0.07600000000093132	HSETimeIntervals		14066.702	14066.706		
14070.617	0.0820000000003347	HSETimeIntervals		14070.665	14070.658		
14081.327	0.27000000000043656	HSETimeIntervals		14081.502	14081.462		
14087.24	0.14199999999982538	HSETimeIntervals		14087.343	14087.311		
14093.247	0.0750000000007276	HSETimeIntervals		14093.289	14093.2845		
14102.722	0.08799999999973807	HSETimeIntervals		14102.775	14102.766		
14103.467	0.07399999999870488	HSETimeIntervals		14103.507	14103.504		
14105.523	0.1320000000014261	HSETimeIntervals		14105.561	14105.589		
14105.706	0.08300000000053842	HSETimeIntervals		14105.755	14105.7475		
14105.855	0.21600000000034925	HSETimeIntervals		14105.898	14105.963		
14106.559	0.09600000000136788	HSETimeIntervals		14106.607	14106.607		
14116.126	0.15300000000024738	HSETimeIntervals		14116.246	14116.2025		
14116.915	0.09399999999914144	HSETimeIntervals		14116.955	14116.962000000001		
14127.776	0.10599999999976717	HSETimeIntervals		14127.845	14127.829		
14133.62	0.19499999999970896	HSETimeIntervals		14133.696	14133.7175		
14133.95	0.14699999999902502	HSETimeIntervals		14134.043	14134.023500000001		
14134.712	0.1959999999999127	HSETimeIntervals		14134.759	14134.81		
14154.459	0.17599999999947613	HSETimeIntervals		14154.587	14154.547		
14155.306	0.17799999999988358	HSETimeIntervals		14155.444	14155.395		
14162.74	0.0750000000007276	HSETimeIntervals		14162.775	14162.7775		
14172.028	0.10900000000037835	HSETimeIntervals		14172.077	14172.0825		
14174.163	0.07699999999931606	HSETimeIntervals		14174.196	14174.201500000001		
14178.75	0.08300000000053842	HSETimeIntervals		14178.795	14178.7915		
14180.269	0.08499999999912689	HSETimeIntervals		14180.324	14180.3115		
14183.87	0.07200000000011642	HSETimeIntervals		14183.909	14183.906		
14186.918	0.16300000000046566	HSETimeIntervals		14186.962	14186.9995		
14187.981	0.19100000000071304	HSETimeIntervals		14188.135	14188.0765		
14188.586	0.16200000000026193	HSETimeIntervals		14188.710000000001	14188.667		
14191.412	0.1000000000003638	HSETimeIntervals		14191.444	14191.462		
14201.726	0.25200000000040745	HSETimeIntervals		14201.766	14201.852		
14202.333	0.13299999999981083	HSETimeIntervals		14202.432	14202.399500000001		
14211.102	0.113999999999578	HSETimeIntervals		14211.147	14211.159000000001		
14211.431	0.11099999999896681	HSETimeIntervals		14211.504	14211.4865		
14212.923	0.17299999999886495	HSETimeIntervals		14213.063	14213.0095		
14213.302	0.06300000000010186	HSETimeIntervals		14213.333	14213.333499999999		
14216.511	0.07400000000052387	HSETimeIntervals		14216.548	14216.548		
14225.567000000001	0.08299999999871943	HSETimeIntervals		14225.615	14225.6085		
14227.875	0.08799999999973807	HSETimeIntervals		14227.929	14227.919		
14230.383	0.14899999999943248	HSETimeIntervals		14230.465	14230.4575		
14236.763	0.1279999999987922	HSETimeIntervals		14236.826000000001	14236.827000000001		
14238.376	0.15500000000065484	HSETimeIntervals		14238.502	14238.4535		
14245.109	0.15200000000004366	HSETimeIntervals		14245.15	14245.185		
14247.804	0.3099999999994907	HSETimeIntervals		14247.918	14247.959		
14255.433	0.07899999999972351	HSETimeIntervals		14255.472	14255.472500000002		
14257.674	0.07999999999992724	HSETimeIntervals		14257.717	14257.714000000002		
14259.874	0.17599999999947613	HSETimeIntervals		14259.933	14259.962		
14260.493	0.12299999999959255	HSETimeIntervals		14260.581	14260.5545		
14265.227	0.10199999999895226	HSETimeIntervals		14265.265	14265.278		
14269.319	0.4510000000009313	HSETimeIntervals		14269.714	14269.5445		
14272.29	0.06499999999869033	HSETimeIntervals		14272.327	14272.3225		
14277.556	0.12999999999919964	HSETimeIntervals		14277.654	14277.621000000001		
14279.892	0.1000000000003638	HSETimeIntervals		14279.948	14279.942		
14282.301	0.12700000000040745	HSETimeIntervals		14282.345	14282.3645		
14283.739	0.12300000000141154	HSETimeIntervals		14283.835000000001	14283.8005		
14284.014	0.06000000000130967	HSETimeIntervals		14284.046	14284.044		
14286.021	0.24699999999938882	HSETimeIntervals		14286.162	14286.1445		
14287.632	0.1570000000010623	HSETimeIntervals		14287.665	14287.7105		
14291.882	0.14199999999982538	HSETimeIntervals		14291.94	14291.953		
14299.279	0.20999999999912689	HSETimeIntervals		14299.422	14299.384		
14302.843	0.11299999999937427	HSETimeIntervals		14302.914	14302.899500000001		
14303.703	0.11700000000018917	HSETimeIntervals		14303.747	14303.761499999999		
14313.16	0.1679999999996653	HSETimeIntervals		14313.235	14313.244		
14315.15	0.1290000000008149	HSETimeIntervals		14315.251	14315.2145		
14323.972	0.2569999999996071	HSETimeIntervals		14324.185	14324.1005		
14325.011	0.20899999999892316	HSETimeIntervals		14325.137	14325.1155		
14326.345	0.3290000000015425	HSETimeIntervals		14326.528	14326.5095		
14332.688	0.11299999999937427	HSETimeIntervals		14332.768	14332.7445		
14337.704	0.059000000001105946	HSETimeIntervals		14337.732	14337.7335		
14340.376	0.1180000000003929	HSETimeIntervals		14340.432	14340.435		
14351.565	0.09799999999995634	HSETimeIntervals		14351.618	14351.614000000001		
14352.684	0.0970000000015716	HSETimeIntervals		14352.745	14352.7325		
14353.928	0.2319999999999709	HSETimeIntervals		14354.12	14354.044		
14367.809	0.07600000000093132	HSETimeIntervals		14367.851	14367.847		
14369.531	0.07899999999972351	HSETimeIntervals		14369.574	14369.570500000002		
14370.355	0.13900000000103319	HSETimeIntervals		14370.402	14370.4245		
14375.63	0.11500000000160071	HSETimeIntervals		14375.675	14375.6875		
14375.848	0.10800000000017462	HSETimeIntervals		14375.912	14375.902		
14376.937	0.08300000000053842	HSETimeIntervals		14376.972	14376.9785		
14378.701000000001	0.08499999999912689	HSETimeIntervals		14378.753	14378.7435		
14379.394	0.08100000000013097	HSETimeIntervals		14379.439	14379.4345		
14380.23	0.10599999999976717	HSETimeIntervals		14380.269	14380.283		
14387.685	0.10100000000056752	HSETimeIntervals		14387.752	14387.735499999999		
14392.185	0.07999999999992724	HSETimeIntervals		14392.231	14392.225		
14397.63	0.08000000000174623	HSETimeIntervals		14397.677	14397.67		
14397.748	0.0820000000003347	HSETimeIntervals		14397.784	14397.788999999999		
14399.11	0.136000000000422	HSETimeIntervals		14399.209	14399.178		
14400.35	0.06300000000010186	HSETimeIntervals		14400.386	14400.3815		
14409.478000000001	0.2680000000000291	HSETimeIntervals		14409.548	14409.612000000001		
14410.468	0.08299999999871943	HSETimeIntervals		14410.514	14410.5095		
14410.858	0.18100000000049477	HSETimeIntervals		14410.913	14410.9485		
14422.752	0.06300000000010186	HSETimeIntervals		14422.785	14422.7835		
14426.364	0.07899999999972351	HSETimeIntervals		14426.411	14426.4035		
14427.919	0.18300000000090222	HSETimeIntervals		14428.065	14428.0105		
14429.762	0.07899999999972351	HSETimeIntervals		14429.802	14429.801500000001		
14432.539	0.2669999999998254	HSETimeIntervals		14432.757	14432.6725		
14439.65	0.2530000000006112	HSETimeIntervals		14439.78	14439.7765		
14447.766	0.0680000000011205	HSETimeIntervals		14447.803	14447.8		
14448.75	0.16500000000087311	HSETimeIntervals		14448.881	14448.8325		
14453.559	0.07300000000032014	HSETimeIntervals		14453.603000000001	14453.5955		
14454.088	0.08400000000074215	HSETimeIntervals		14454.141	14454.13		
14454.231	0.11700000000018917	HSETimeIntervals		14454.261	14454.289499999999		
14455.825	0.13599999999860302	HSETimeIntervals		14455.89	14455.893		
14459.984	0.18800000000010186	HSETimeIntervals		14460.136	14460.078		
14464.674	0.12199999999938882	HSETimeIntervals		14464.718	14464.735		
14467.017	0.2579999999998108	HSETimeIntervals		14467.17	14467.146		
14471.216	0.1929999999993015	HSETimeIntervals		14471.26	14471.3125		
14478.417	0.14100000000144064	HSETimeIntervals		14478.524	14478.4875		
14485.979	0.0790000000015425	HSETimeIntervals		14486.028	14486.0185		
14490.552	0.07600000000093132	HSETimeIntervals		14490.592	14490.59		
14490.932	0.08799999999973807	HSETimeIntervals		14490.988	14490.976		
14493.73	0.20900000000074215	HSETimeIntervals		14493.891	14493.834499999999		
14496.938	0.07999999999992724	HSETimeIntervals		14496.978000000001	14496.978000000001		
14497.179	0.238999999999578	HSETimeIntervals		14497.233	14497.2985		
14498.469000000001	0.16099999999823922	HSETimeIntervals		14498.572	14498.549500000001		
14503.606	0.07600000000093132	HSETimeIntervals		14503.642	14503.644		
14508.405	0.11299999999937427	HSETimeIntervals		14508.485	14508.461500000001		
14510.923	0.18099999999867578	HSETimeIntervals		14510.993	14511.013500000001		
14516.282	0.3030000000017026	HSETimeIntervals		14516.482	14516.4335		
14516.595	0.41899999999986903	HSETimeIntervals		14516.682	14516.8045		
14531.377	0.09900000000016007	HSETimeIntervals		14531.429	14531.4265		
14531.553	0.08799999999973807	HSETimeIntervals		14531.597	14531.597		
14542.932	0.17699999999967986	HSETimeIntervals		14543.074	14543.0205		
14557.409	0.08100000000013097	HSETimeIntervals		14557.442000000001	14557.449499999999		
14566.014	0.07000000000152795	HSETimeIntervals		14566.054	14566.048999999999		
14567.05	0.12800000000061118	HSETimeIntervals		14567.107	14567.114		
14567.493	0.2209999999995489	HSETimeIntervals		14567.583	14567.603500000001		
14577.98	0.3999999999996362	HSETimeIntervals		14578.061	14578.18		
14599.036	0.11599999999998545	HSETimeIntervals		14599.118	14599.094000000001		
14610.464	0.3960000000006403	HSETimeIntervals		14610.589	14610.662		
14613.565	0.1430000000000291	HSETimeIntervals		14613.612000000001	14613.6365		
14626.086	0.32999999999992724	HSETimeIntervals		14626.359	14626.251		
14627.575	0.06899999999950523	HSETimeIntervals		14627.614	14627.6095		
14642.232	0.10399999999935972	HSETimeIntervals		14642.291	14642.284		
14645.5	0.13500000000021828	HSETimeIntervals		14645.596	14645.5675		
14652.959	0.09999999999854481	HSETimeIntervals		14653.007	14653.009		
14658.639	0.09500000000116415	HSETimeIntervals		14658.702	14658.6865		
14660.604	0.059000000001105946	HSETimeIntervals		14660.634	14660.6335		
14669.562	0.12299999999959255	HSETimeIntervals		14669.591	14669.6235		
14678.336	0.09900000000016007	HSETimeIntervals		14678.407	14678.385499999999		
14682.3	0.1180000000003929	HSETimeIntervals		14682.373	14682.358999999999		
14695.993	0.23099999999976717	HSETimeIntervals		14696.037	14696.1085		
14696.882	0.3070000000006985	HSETimeIntervals		14696.929	14697.0355		
14697.224	0.17699999999967986	HSETimeIntervals		14697.283	14697.3125		
14700.906	0.15399999999863212	HSETimeIntervals		14700.992	14700.983		
14701.103000000001	0.11699999999837019	HSETimeIntervals		14701.16	14701.1615		
14725.487000000001	0.1569999999992433	HSETimeIntervals		14725.536	14725.5655		
14733.53	0.10099999999874854	HSETimeIntervals		14733.602	14733.5805		
14741.0	0.08300000000053842	HSETimeIntervals		14741.043	14741.0415		
14751.035	0.08100000000013097	HSETimeIntervals		14751.085000000001	14751.075499999999		
14752.319	0.06300000000010186	HSETimeIntervals		14752.349	14752.350499999999		
14758.195	0.07999999999992724	HSETimeIntervals		14758.243	14758.235		
14765.266	0.07700000000113505	HSETimeIntervals		14765.308	14765.3045		
14766.683	0.09999999999854481	HSETimeIntervals		14766.72	14766.733		
14768.102	0.06499999999869033	HSETimeIntervals		14768.136	14768.1345		
14768.264	0.06000000000130967	HSETimeIntervals		14768.296	14768.294		
14786.164	0.2680000000000291	HSETimeIntervals		14786.266	14786.298		
14813.197	0.06899999999950523	HSETimeIntervals		14813.234	14813.2315		
14814.786	0.07300000000032014	HSETimeIntervals		14814.82	14814.8225		
14820.91	0.15999999999985448	HSETimeIntervals		14821.036	14820.99		
14821.759	0.11200000000098953	HSETimeIntervals		14821.829	14821.815		
14830.486	0.10399999999935972	HSETimeIntervals		14830.558	14830.538		
14835.251	0.05999999999949068	HSETimeIntervals		14835.28	14835.281		
14838.131	0.09600000000136788	HSETimeIntervals		14838.186	14838.179		
14841.697	0.13800000000082946	HSETimeIntervals		14841.789	14841.766		
14844.396	0.08699999999953434	HSETimeIntervals		14844.448	14844.4395		
14848.297	0.25900000000001455	HSETimeIntervals		14848.414	14848.4265		
14848.831	0.15099999999983993	HSETimeIntervals		14848.943	14848.906500000001		
14861.157	0.06700000000091677	HSETimeIntervals		14861.189	14861.190499999999		
14878.132	0.09699999999975262	HSETimeIntervals		14878.183	14878.1805		
14886.996000000001	0.21299999999973807	HSETimeIntervals		14887.169	14887.1025		
14902.678	0.147000000000844	HSETimeIntervals		14902.711	14902.7515		
14907.41	0.0820000000003347	HSETimeIntervals		14907.449	14907.451		
14921.088	0.113999999999578	HSETimeIntervals		14921.126	14921.145		
14929.393	0.1820000000006985	HSETimeIntervals		14929.542	14929.484		
14929.868	0.14699999999902502	HSETimeIntervals		14929.985	14929.9415		
14931.257	0.4279999999998836	HSETimeIntervals		14931.506	14931.471		
14932.019	0.10200000000077125	HSETimeIntervals		14932.054	14932.07		
14934.119	0.11599999999998545	HSETimeIntervals		14934.203	14934.177000000001		
14936.383	0.07700000000113505	HSETimeIntervals		14936.416	14936.4215		
14938.494	0.07599999999911233	HSETimeIntervals		14938.527	14938.532000000001		
14938.958	0.16699999999946158	HSETimeIntervals		14939.083	14939.041500000001		
14940.58	0.05199999999967986	HSETimeIntervals		14940.607	14940.606		
14940.798	0.08399999999892316	HSETimeIntervals		14940.83	14940.84		
14942.632	0.23500000000058208	HSETimeIntervals		14942.728000000001	14942.7495		
14944.647	0.14499999999861757	HSETimeIntervals		14944.72	14944.719500000001		
14946.416	0.10300000000097498	HSETimeIntervals		14946.483	14946.467499999999		
14954.854	0.059000000001105946	HSETimeIntervals		14954.887	14954.8835		
14957.019	0.07200000000011642	HSETimeIntervals		14957.053	14957.055		
14963.616	0.3029999999998836	HSETimeIntervals		14963.752	14963.7675		
14965.844000000001	0.06699999999909778	HSETimeIntervals		14965.875	14965.8775		
14966.213	0.1000000000003638	HSETimeIntervals		14966.281	14966.262999999999		
14970.462	0.11599999999998545	HSETimeIntervals		14970.54	14970.52		
14977.302	0.13100000000122236	HSETimeIntervals		14977.4	14977.3675		
14981.824	0.1180000000003929	HSETimeIntervals		14981.901	14981.883		
14982.115	0.13500000000021828	HSETimeIntervals		14982.146	14982.182499999999		
14982.789	0.13599999999860302	HSETimeIntervals		14982.818	14982.857		
14984.1	0.15599999999903957	HSETimeIntervals		14984.2	14984.178		
14988.168	0.3280000000013388	HSETimeIntervals		14988.206	14988.332		
15000.9	0.0930000000007567	HSETimeIntervals		15000.955	15000.9465		
15009.268	0.07999999999992724	HSETimeIntervals		15009.308	15009.308		
15009.858133333333	2971.3322333333326	epochs	fCamk5_210406_130329				
15010.0	71.0	SleepStates					NREMstate
15010.445	0.26900000000023283	HSETimeIntervals		15010.483	15010.5795		
15012.3592	0.2511999999987893	UpDownStatesTimeIntervals				UP	
15012.803	0.19000000000050932	HSETimeIntervals		15012.901	15012.898		
15013.1744	0.12479999999959546	UpDownStatesTimeIntervals				UP	
15013.9656	0.21039999999993597	UpDownStatesTimeIntervals				DOWN	
15015.976	0.11099999999896681	HSETimeIntervals		15016.053	15016.031500000001		
15016.721	0.11400000000139698	HSETimeIntervals		15016.766	15016.778		
15017.673	0.09799999999995634	HSETimeIntervals		15017.717	15017.722000000002		
15021.662	0.1540000000004511	HSETimeIntervals		15021.726	15021.739		
15025.788	0.12099999999918509	HSETimeIntervals		15025.856	15025.8485		
15026.062	0.07300000000032014	HSETimeIntervals		15026.095	15026.0985		
15029.596	0.07700000000113505	HSETimeIntervals		15029.638	15029.6345		
15032.5608	0.42000000000007276	UpDownStatesTimeIntervals				UP	
15035.6376	0.4632000000001426	UpDownStatesTimeIntervals				DOWN	
15036.5328	0.20159999999850697	UpDownStatesTimeIntervals				UP	
15037.567000000001	0.08499999999912689	HSETimeIntervals		15037.599	15037.6095		
15038.324	0.15759999999863794	UpDownStatesTimeIntervals				UP	
15039.5208	0.14799999999922875	UpDownStatesTimeIntervals				UP	
15052.727	0.10399999999935972	HSETimeIntervals		15052.787	15052.779		
15055.933	0.058999999999286956	HSETimeIntervals		15055.963	15055.962500000001		
15056.3016	0.15759999999863794	UpDownStatesTimeIntervals				UP	
15057.2192	0.08480000000054133	UpDownStatesTimeIntervals				DOWN	
15061.317000000001	0.09499999999934516	HSETimeIntervals		15061.363	15061.364500000001		
15073.199	0.08799999999973807	HSETimeIntervals		15073.242	15073.243		
15080.075	0.10899999999855936	HSETimeIntervals		15080.118	15080.129500000001		
15082.0	11.0	SleepStates					WAKEstate
15082.589	0.06600000000071304	HSETimeIntervals		15082.625	15082.622		
15091.77	0.06500000000050932	HSETimeIntervals		15091.803	15091.8025		
15094.0	34.0	SleepStates					NREMstate
15107.84	0.09399999999914144	HSETimeIntervals		15107.888	15107.887		
15113.837	0.06700000000091677	HSETimeIntervals		15113.872	15113.870499999999		
15122.043	0.07999999999992724	HSETimeIntervals		15122.094000000001	15122.083		
15122.722	0.15300000000024738	HSETimeIntervals		15122.786	15122.798499999999		
15129.0	14.0	SleepStates					WAKEstate
15134.481	0.10900000000037835	HSETimeIntervals		15134.549	15134.5355		
15144.0	570.0	SleepStates					NREMstate
15145.0888	0.19440000000031432	UpDownStatesTimeIntervals				UP	
15145.906	0.36199999999917054	HSETimeIntervals		15146.225	15146.087000000001		
15146.426	0.43100000000049477	HSETimeIntervals		15146.814	15146.6415		
15147.2592	0.1319999999996071	UpDownStatesTimeIntervals				DOWN	
15147.5376	0.18319999999948777	UpDownStatesTimeIntervals				UP	
15148.168	0.05279999999947904	UpDownStatesTimeIntervals				DOWN	
15151.2368	0.2551999999996042	UpDownStatesTimeIntervals				UP	
15152.0232	0.13520000000062282	UpDownStatesTimeIntervals				UP	
15153.4576	0.16719999999986612	UpDownStatesTimeIntervals				UP	
15153.8984	0.13760000000002037	UpDownStatesTimeIntervals				DOWN	
15154.036	0.11440000000038708	UpDownStatesTimeIntervals				UP	
15154.644	0.10640000000057626	UpDownStatesTimeIntervals				DOWN	
15154.7152	0.09919999999874562	RippleTimeIntervals		15154.744			
15154.8616	0.27440000000024156	UpDownStatesTimeIntervals				UP	
15157.3736	0.13999999999941792	UpDownStatesTimeIntervals				UP	
15158.0432	0.27039999999942665	UpDownStatesTimeIntervals				UP	
15158.7792	0.15759999999863794	UpDownStatesTimeIntervals				UP	
15159.4056	0.3040000000000873	UpDownStatesTimeIntervals				UP	
15159.627	0.09599999999954889	HSETimeIntervals		15159.691	15159.675000000001		
15160.5184	0.21679999999832944	UpDownStatesTimeIntervals				DOWN	
15161.3776	0.15200000000004366	UpDownStatesTimeIntervals				UP	
15162.904	0.25280000000020664	UpDownStatesTimeIntervals				UP	
15163.36	0.15599999999903957	UpDownStatesTimeIntervals				DOWN	
15163.516	0.3680000000003929	UpDownStatesTimeIntervals				UP	
15164.568	0.27920000000085565	UpDownStatesTimeIntervals				UP	
15165.6096	0.24639999999999418	UpDownStatesTimeIntervals				UP	
15168.0264	0.13839999999981956	UpDownStatesTimeIntervals				UP	
15168.2088	0.0591999999996915	UpDownStatesTimeIntervals				DOWN	
15168.704	0.11520000000018626	UpDownStatesTimeIntervals				UP	
15174.341	0.15200000000004366	HSETimeIntervals		15174.388	15174.417		
15174.803	0.10300000000097498	HSETimeIntervals		15174.863	15174.8545		
15175.745	0.10399999999935972	HSETimeIntervals		15175.803	15175.797		
15177.25	0.24600000000100408	HSETimeIntervals		15177.335000000001	15177.373		
15179.396	0.1823999999996886	UpDownStatesTimeIntervals				UP	
15180.292	0.15120000000024447	UpDownStatesTimeIntervals				UP	
15180.9832	0.13519999999880383	UpDownStatesTimeIntervals				UP	
15181.4912	0.2271999999993568	UpDownStatesTimeIntervals				UP	
15182.3648	0.19840000000112923	UpDownStatesTimeIntervals				UP	
15184.1872	0.1319999999996071	UpDownStatesTimeIntervals				UP	
15184.408	0.3569999999999709	HSETimeIntervals		15184.644	15184.5865		
15184.688	0.24879999999939173	UpDownStatesTimeIntervals				UP	
15185.022	0.10499999999956344	HSETimeIntervals		15185.098	15185.0745		
15185.5368	0.07999999999992724	UpDownStatesTimeIntervals				DOWN	
15187.2832	0.16480000000046857	UpDownStatesTimeIntervals				UP	
15191.296	0.09699999999975262	HSETimeIntervals		15191.33	15191.344500000001		
15191.7144	0.15279999999984284	UpDownStatesTimeIntervals				UP	
15193.7744	0.25599999999940337	UpDownStatesTimeIntervals				UP	
15194.023	0.16600000000107684	HSETimeIntervals		15194.097	15194.106		
15195.054	0.2070000000003347	HSETimeIntervals		15195.1	15195.1575		
15196.1968	0.2360000000007858	UpDownStatesTimeIntervals				UP	
15196.366	0.09900000000016007	HSETimeIntervals		15196.409	15196.4155		
15196.472	0.2000000000007276	HSETimeIntervals		15196.519	15196.572		
15196.689	0.05999999999949068	HSETimeIntervals		15196.721	15196.719000000001		
15197.457	0.07599999999911233	HSETimeIntervals		15197.495	15197.495		
15199.898	0.14500000000043656	HSETimeIntervals		15200.004	15199.9705		
15203.215	0.09599999999954889	HSETimeIntervals		15203.258	15203.263		
15203.9168	0.2591999999986001	UpDownStatesTimeIntervals				UP	
15204.216	0.16560000000026776	UpDownStatesTimeIntervals				DOWN	
15207.211	0.1750000000010914	HSETimeIntervals		15207.346	15207.298499999999		
15207.799	0.07299999999850115	HSETimeIntervals		15207.831	15207.835500000001		
15217.401	0.11599999999998545	HSETimeIntervals		15217.485	15217.459		
15217.591	0.26200000000062573	HSETimeIntervals		15217.818	15217.722		
15219.389	0.07000000000152795	HSETimeIntervals		15219.427	15219.423999999999		
15220.951000000001	0.10499999999956344	HSETimeIntervals		15221.014	15221.0035		
15228.4304	0.28000000000065484	UpDownStatesTimeIntervals				UP	
15229.284	0.45499999999992724	HSETimeIntervals		15229.675	15229.5115		
15229.4088	0.16640000000006694	UpDownStatesTimeIntervals				UP	
15238.197	0.10299999999915599	HSETimeIntervals		15238.234	15238.2485		
15239.095	0.09000000000014552	HSETimeIntervals		15239.145	15239.14		
15240.42	0.21440000000075088	UpDownStatesTimeIntervals				UP	
15241.0184	0.16079999999965366	UpDownStatesTimeIntervals				UP	
15241.453	0.18000000000029104	HSETimeIntervals		15241.494	15241.543		
15242.796	0.3047999999998865	UpDownStatesTimeIntervals				UP	
15243.218	0.09399999999914144	HSETimeIntervals		15243.264	15243.265000000001		
15243.537	0.25	HSETimeIntervals		15243.665	15243.662		
15246.3936	0.13839999999981956	UpDownStatesTimeIntervals				UP	
15247.7128	0.21039999999993597	UpDownStatesTimeIntervals				UP	
15248.2568	0.0904000000009546	UpDownStatesTimeIntervals				DOWN	
15249.768	0.09000000000014552	HSETimeIntervals		15249.812	15249.813		
15250.022	0.12999999999919964	HSETimeIntervals		15250.094000000001	15250.087000000001		
15251.659	0.21299999999973807	HSETimeIntervals		15251.743	15251.7655		
15252.7472	0.2271999999993568	UpDownStatesTimeIntervals				UP	
15253.2712	0.10240000000158034	UpDownStatesTimeIntervals				UP	
15253.735	0.11700000000018917	HSETimeIntervals		15253.809	15253.7935		
15254.0216	0.1775999999990745	UpDownStatesTimeIntervals				UP	
15256.2744	0.2647999999990134	UpDownStatesTimeIntervals				DOWN	
15256.5392	0.2816000000002532	UpDownStatesTimeIntervals				UP	
15257.645	0.113999999999578	HSETimeIntervals		15257.715	15257.702000000001		
15258.1504	0.17199999999866122	UpDownStatesTimeIntervals				UP	
15258.184	0.11680000000160362	RippleTimeIntervals		15258.2288			
15258.7896	0.14879999999902793	UpDownStatesTimeIntervals				UP	
15259.4864	0.14880000000084692	UpDownStatesTimeIntervals				UP	
15261.206	0.12999999999919964	HSETimeIntervals		15261.305	15261.271		
15262.4432	0.4192000000002736	UpDownStatesTimeIntervals				UP	
15263.236	0.13519999999880383	UpDownStatesTimeIntervals				UP	
15263.8536	0.058399999999892316	UpDownStatesTimeIntervals				DOWN	
15264.0816	0.40719999999964784	UpDownStatesTimeIntervals				UP	
15264.729	0.1750000000010914	HSETimeIntervals		15264.847	15264.816499999999		
15268.3936	0.2672000000002299	UpDownStatesTimeIntervals				UP	
15271.8312	0.3455999999987398	UpDownStatesTimeIntervals				UP	
15272.98	0.39500000000043656	HSETimeIntervals		15273.207	15273.1775		
15274.2872	0.2551999999996042	UpDownStatesTimeIntervals				UP	
15275.5104	0.12400000000161526	UpDownStatesTimeIntervals				UP	
15276.1088	0.13359999999920547	UpDownStatesTimeIntervals				UP	
15278.5216	0.25679999999920256	UpDownStatesTimeIntervals				UP	
15281.361	0.09699999999975262	HSETimeIntervals		15281.424	15281.409500000002		
15283.7608	0.18959999999970023	UpDownStatesTimeIntervals				UP	
15284.1904	0.23040000000037253	UpDownStatesTimeIntervals				UP	
15285.1952	0.21199999999953434	UpDownStatesTimeIntervals				UP	
15285.8064	0.12080000000059954	UpDownStatesTimeIntervals				UP	
15286.8088	0.18879999999990105	UpDownStatesTimeIntervals				UP	
15287.5264	0.2175999999999476	UpDownStatesTimeIntervals				UP	
15289.491	0.16500000000087311	HSETimeIntervals		15289.555	15289.5735		
15290.1432	0.2312000000001717	UpDownStatesTimeIntervals				UP	
15291.786	0.27599999999983993	HSETimeIntervals		15291.897	15291.924		
15295.6776	0.08319999999912397	UpDownStatesTimeIntervals				DOWN	
15296.036	0.28960000000006403	UpDownStatesTimeIntervals				UP	
15296.8032	0.1728000000002794	UpDownStatesTimeIntervals				UP	
15297.004	0.07299999999850115	HSETimeIntervals		15297.044	15297.040500000001		
15297.117	0.09100000000034925	HSETimeIntervals		15297.176	15297.1625		
15297.243	0.09000000000014552	HSETimeIntervals		15297.298	15297.288		
15297.495	0.24200000000018917	HSETimeIntervals		15297.555	15297.616		
15297.744	0.1389999999992142	HSETimeIntervals		15297.789	15297.8135		
15298.569	0.10200000000077125	HSETimeIntervals		15298.638	15298.619999999999		
15301.5072	0.1455999999998312	UpDownStatesTimeIntervals				UP	
15301.81	0.1110000000007858	HSETimeIntervals		15301.884	15301.8655		
15302.3376	0.14719999999942956	UpDownStatesTimeIntervals				DOWN	
15305.166	0.11300000000119326	HSETimeIntervals		15305.215	15305.2225		
15306.843	0.19099999999889405	HSETimeIntervals		15306.874	15306.9385		
15310.532	0.1000000000003638	HSETimeIntervals		15310.6	15310.581999999999		
15315.7296	0.13519999999880383	UpDownStatesTimeIntervals				DOWN	
15315.8648	0.29759999999987485	UpDownStatesTimeIntervals				UP	
15316.9096	0.11999999999898137	UpDownStatesTimeIntervals				UP	
15322.882	0.0680000000011205	HSETimeIntervals		15322.913	15322.916		
15328.238	0.17600000000129512	HSETimeIntervals		15328.381	15328.326		
15332.2688	0.17920000000049185	UpDownStatesTimeIntervals				UP	
15337.5904	0.39680000000043947	UpDownStatesTimeIntervals				UP	
15338.6816	0.051199999999880674	UpDownStatesTimeIntervals				DOWN	
15339.028	0.2890000000006694	HSETimeIntervals		15339.079	15339.1725		
15340.1848	0.25599999999940337	UpDownStatesTimeIntervals				UP	
15340.5448	0.05999999999949068	UpDownStatesTimeIntervals				DOWN	
15342.22	0.20600000000013097	HSETimeIntervals		15342.396	15342.322999999999		
15342.4888	0.2624000000014348	UpDownStatesTimeIntervals				UP	
15358.5	0.09699999999975262	HSETimeIntervals		15358.547	15358.5485		
15362.5256	0.2503999999989901	UpDownStatesTimeIntervals				UP	
15366.201000000001	0.20999999999912689	HSETimeIntervals		15366.253	15366.306		
15369.3176	0.15120000000024447	UpDownStatesTimeIntervals				UP	
15369.788	0.15999999999985448	UpDownStatesTimeIntervals				UP	
15371.2896	0.25760000000082073	UpDownStatesTimeIntervals				UP	
15372.2464	0.2536000000000058	UpDownStatesTimeIntervals				UP	
15375.032	0.15120000000024447	UpDownStatesTimeIntervals				UP	
15376.4216	0.23840000000018335	UpDownStatesTimeIntervals				UP	
15376.808	0.058999999999286956	HSETimeIntervals		15376.836	15376.837500000001		
15378.8632	0.1319999999996071	UpDownStatesTimeIntervals				UP	
15379.9592	0.23440000000118744	UpDownStatesTimeIntervals				UP	
15381.6624	0.12560000000121363	UpDownStatesTimeIntervals				UP	
15383.3992	0.22960000000057335	UpDownStatesTimeIntervals				UP	
15383.848	0.19679999999971187	UpDownStatesTimeIntervals				UP	
15389.584	0.26159999999981665	UpDownStatesTimeIntervals				UP	
15390.1336	0.14880000000084692	UpDownStatesTimeIntervals				UP	
15394.078	0.19100000000071304	HSETimeIntervals		15394.187	15394.173499999999		
15397.019	0.1640000000006694	HSETimeIntervals		15397.143	15397.101		
15400.993	0.1859999999996944	HSETimeIntervals		15401.058	15401.086000000001		
15401.774	0.478000000000975	HSETimeIntervals		15402.134	15402.012999999999		
15402.2768	0.12160000000039872	UpDownStatesTimeIntervals				UP	
15403.4248	0.14639999999963038	UpDownStatesTimeIntervals				UP	
15406.2376	0.13919999999961874	UpDownStatesTimeIntervals				UP	
15408.0344	0.4087999999992462	UpDownStatesTimeIntervals				UP	
15408.8064	0.24719999999979336	UpDownStatesTimeIntervals				UP	
15410.3624	0.23439999999936845	UpDownStatesTimeIntervals				UP	
15410.6576	0.25759999999900174	UpDownStatesTimeIntervals				DOWN	
15411.4856	0.12800000000061118	UpDownStatesTimeIntervals				UP	
15413.627	0.3919999999998254	HSETimeIntervals		15413.960000000001	15413.823		
15413.948	0.14320000000043365	UpDownStatesTimeIntervals				UP	
15414.7664	0.11520000000018626	UpDownStatesTimeIntervals				UP	
15414.9352	0.09360000000015134	UpDownStatesTimeIntervals				DOWN	
15415.2848	0.15200000000004366	UpDownStatesTimeIntervals				UP	
15421.8272	0.2952000000004773	UpDownStatesTimeIntervals				UP	
15422.6768	0.1176000000014028	UpDownStatesTimeIntervals				UP	
15423.5312	0.15999999999985448	UpDownStatesTimeIntervals				UP	
15425.388	0.21599999999853026	HSETimeIntervals		15425.486	15425.496000000001		
15425.588	0.2183999999997468	UpDownStatesTimeIntervals				DOWN	
15425.8064	0.3952000000008411	UpDownStatesTimeIntervals				UP	
15427.962	0.1859999999996944	HSETimeIntervals		15428.008	15428.055		
15431.605	0.06400000000030559	HSETimeIntervals		15431.642	15431.636999999999		
15438.586	0.10300000000097498	HSETimeIntervals		15438.648	15438.637499999999		
15440.0296	0.04399999999986903	UpDownStatesTimeIntervals				DOWN	
15440.2544	0.3448000000007596	UpDownStatesTimeIntervals				UP	
15441.0456	0.15520000000105938	UpDownStatesTimeIntervals				UP	
15443.107	0.10800000000017462	HSETimeIntervals		15443.181	15443.161		
15443.5152	0.32879999999931897	UpDownStatesTimeIntervals				DOWN	
15443.844	0.15760000000045693	UpDownStatesTimeIntervals				UP	
15444.17	0.08599999999933061	HSETimeIntervals		15444.205	15444.213		
15444.881	0.33700000000135333	HSETimeIntervals		15444.946	15445.0495		
15445.3528	0.22959999999875436	UpDownStatesTimeIntervals				UP	
15447.8704	0.13440000000082364	UpDownStatesTimeIntervals				UP	
15448.6024	0.1408000000010361	UpDownStatesTimeIntervals				UP	
15448.988	0.0820000000003347	HSETimeIntervals		15449.03	15449.028999999999		
15449.336	0.11440000000038708	UpDownStatesTimeIntervals				DOWN	
15449.6304	0.1952000000001135	UpDownStatesTimeIntervals				UP	
15452.8648	0.33359999999993306	UpDownStatesTimeIntervals				UP	
15453.4888	0.10560000000077707	UpDownStatesTimeIntervals				DOWN	
15456.725	0.08399999999892316	HSETimeIntervals		15456.778	15456.767		
15457.5088	0.3672000000005937	UpDownStatesTimeIntervals				UP	
15458.248	0.25280000000020664	UpDownStatesTimeIntervals				DOWN	
15458.5008	0.2856000000010681	UpDownStatesTimeIntervals				UP	
15461.472	0.15520000000105938	UpDownStatesTimeIntervals				UP	
15462.0768	0.31199999999989814	UpDownStatesTimeIntervals				UP	
15463.596	0.0272000000004482	UpDownStatesTimeIntervals				DOWN	
15463.6232	0.13279999999940628	UpDownStatesTimeIntervals				UP	
15465.2352	0.1720000000004802	UpDownStatesTimeIntervals				DOWN	
15465.4072	0.3760000000002037	UpDownStatesTimeIntervals				UP	
15466.416	0.10600000000158616	HSETimeIntervals		15466.49	15466.469		
15475.3912	0.11440000000038708	UpDownStatesTimeIntervals				UP	
15476.7104	0.37119999999958964	UpDownStatesTimeIntervals				UP	
15481.2912	0.3631999999997788	UpDownStatesTimeIntervals				UP	
15481.8664	0.04079999999885331	UpDownStatesTimeIntervals				DOWN	
15481.9072	0.15680000000065775	UpDownStatesTimeIntervals				UP	
15482.6944	0.16239999999925203	UpDownStatesTimeIntervals				UP	
15483.6952	0.36959999999999127	UpDownStatesTimeIntervals				DOWN	
15484.3248	0.13519999999880383	UpDownStatesTimeIntervals				UP	
15485.1896	0.12960000000020955	UpDownStatesTimeIntervals				UP	
15485.9464	0.1047999999991589	UpDownStatesTimeIntervals				DOWN	
15486.984	0.24239999999917927	UpDownStatesTimeIntervals				DOWN	
15487.7272	0.2408000000013999	UpDownStatesTimeIntervals				UP	
15488.7384	0.07840000000032887	UpDownStatesTimeIntervals				DOWN	
15489.5128	0.1407999999992171	UpDownStatesTimeIntervals				UP	
15490.4936	0.2952000000004773	UpDownStatesTimeIntervals				UP	
15491.4368	0.40240000000085274	UpDownStatesTimeIntervals				UP	
15492.1672	0.2232000000003609	UpDownStatesTimeIntervals				DOWN	
15496.1624	0.10320000000137952	UpDownStatesTimeIntervals				UP	
15496.7328	0.272000000000844	UpDownStatesTimeIntervals				UP	
15497.144	0.10319999999956053	UpDownStatesTimeIntervals				DOWN	
15501.553	0.08799999999973807	HSETimeIntervals		15501.599	15501.597		
15510.3952	0.3319999999985157	UpDownStatesTimeIntervals				UP	
15512.6504	0.025599999999030842	UpDownStatesTimeIntervals				DOWN	
15512.676	0.272000000000844	UpDownStatesTimeIntervals				UP	
15514.248	0.2496000000010099	UpDownStatesTimeIntervals				UP	
15515.433	0.238999999999578	HSETimeIntervals		15515.64	15515.552500000002		
15515.8992	0.13919999999961874	UpDownStatesTimeIntervals				UP	
15516.816	0.07439999999951397	UpDownStatesTimeIntervals				DOWN	
15517.4712	0.32079999999950815	UpDownStatesTimeIntervals				UP	
15517.821	0.1069999999999709	HSETimeIntervals		15517.888	15517.8745		
15519.4816	0.09200000000055297	UpDownStatesTimeIntervals				DOWN	
15519.5736	0.2415999999993801	UpDownStatesTimeIntervals				UP	
15520.1712	0.0639999999984866	UpDownStatesTimeIntervals				DOWN	
15522.632	0.3320000000003347	UpDownStatesTimeIntervals				UP	
15523.692	0.3128000000015163	UpDownStatesTimeIntervals				DOWN	
15524.2592	0.13999999999941792	UpDownStatesTimeIntervals				UP	
15526.3952	0.14239999999881547	UpDownStatesTimeIntervals				UP	
15526.7936	0.30159999999887077	UpDownStatesTimeIntervals				DOWN	
15526.925	0.0930000000007567	HSETimeIntervals		15526.984	15526.9715		
15537.889	0.0790000000015425	HSETimeIntervals		15537.933	15537.9285		
15543.504	0.10899999999855936	HSETimeIntervals		15543.585000000001	15543.558500000001		
15549.136	0.09000000000014552	HSETimeIntervals		15549.194	15549.181		
15552.387	0.07899999999972351	HSETimeIntervals		15552.436	15552.426500000001		
15554.625	0.13299999999981083	HSETimeIntervals		15554.727	15554.6915		
15555.102	0.10899999999855936	HSETimeIntervals		15555.173	15555.156500000001		
15562.351	0.09100000000034925	HSETimeIntervals		15562.402	15562.3965		
15563.169	0.15600000000085856	HSETimeIntervals		15563.294	15563.247		
15568.8008	0.12879999999859137	UpDownStatesTimeIntervals				DOWN	
15568.9296	0.27520000000004075	UpDownStatesTimeIntervals				UP	
15570.296	0.3680000000003929	UpDownStatesTimeIntervals				UP	
15570.8248	0.1687999999994645	UpDownStatesTimeIntervals				DOWN	
15570.9936	0.1856000000007043	UpDownStatesTimeIntervals				UP	
15571.4688	0.06799999999930151	UpDownStatesTimeIntervals				DOWN	
15571.5368	0.19360000000051514	UpDownStatesTimeIntervals				UP	
15572.312	0.17120000000068103	UpDownStatesTimeIntervals				UP	
15572.6928	0.09199999999873398	RippleTimeIntervals		15572.74			
15572.828	0.13119999999980791	UpDownStatesTimeIntervals				UP	
15580.0608	0.2400000000016007	UpDownStatesTimeIntervals				UP	
15583.116	0.21119999999973516	UpDownStatesTimeIntervals				UP	
15583.8976	0.20240000000012515	UpDownStatesTimeIntervals				DOWN	
15584.1	0.5463999999992666	UpDownStatesTimeIntervals				UP	
15589.9904	0.05999999999949068	UpDownStatesTimeIntervals				DOWN	
15590.8288	0.0904000000009546	UpDownStatesTimeIntervals				UP	
15591.2616	0.245600000000195	UpDownStatesTimeIntervals				UP	
15594.7784	0.3232000000007247	UpDownStatesTimeIntervals				UP	
15595.2088	0.4408000000003085	UpDownStatesTimeIntervals				DOWN	
15597.6376	0.1224000000001979	UpDownStatesTimeIntervals				DOWN	
15598.086	0.11300000000119326	HSETimeIntervals		15598.142	15598.1425		
15598.4696	0.19679999999971187	UpDownStatesTimeIntervals				UP	
15598.7344	0.0864000000001397	RippleTimeIntervals		15598.8			
15600.719000000001	0.10199999999895226	HSETimeIntervals		15600.779	15600.77		
15603.636	0.12899999999899592	HSETimeIntervals		15603.689	15603.7005		
15604.28	0.10499999999956344	HSETimeIntervals		15604.327	15604.3325		
15606.419	0.09000000000014552	HSETimeIntervals		15606.469000000001	15606.464		
15608.751	0.2180000000007567	HSETimeIntervals		15608.933	15608.86		
15611.938	0.08300000000053842	HSETimeIntervals		15611.987000000001	15611.9795		
15612.45	0.22899999999935972	HSETimeIntervals		15612.514	15612.5645		
15613.4128	0.11919999999918218	UpDownStatesTimeIntervals				UP	
15614.1648	0.12639999999919382	UpDownStatesTimeIntervals				UP	
15614.976	0.15359999999964202	UpDownStatesTimeIntervals				UP	
15615.7704	0.26560000000063155	UpDownStatesTimeIntervals				UP	
15617.158	0.10200000000077125	HSETimeIntervals		15617.207	15617.208999999999		
15620.7824	0.15680000000065775	UpDownStatesTimeIntervals				DOWN	
15621.0448	0.14719999999942956	UpDownStatesTimeIntervals				UP	
15622.210000000001	0.20799999999871943	HSETimeIntervals		15622.380000000001	15622.314		
15625.639	0.38100000000122236	HSETimeIntervals		15625.751	15625.8295		
15628.64	0.14800000000104774	UpDownStatesTimeIntervals				UP	
15629.328	0.13839999999981956	UpDownStatesTimeIntervals				UP	
15630.4392	0.18080000000009022	UpDownStatesTimeIntervals				UP	
15631.1632	0.02959999999984575	UpDownStatesTimeIntervals				DOWN	
15638.092	0.10599999999976717	HSETimeIntervals		15638.143	15638.145		
15639.313	0.32300000000032014	HSETimeIntervals		15639.533	15639.4745		
15641.348	0.07400000000052387	HSETimeIntervals		15641.393	15641.385		
15641.72	0.13400000000001455	HSETimeIntervals		15641.795	15641.786999999998		
15642.989	0.09100000000034925	HSETimeIntervals		15643.021	15643.0345		
15644.974	0.07799999999951979	HSETimeIntervals		15645.015	15645.013		
15645.799	0.33699999999953434	HSETimeIntervals		15646.092	15645.9675		
15650.038	0.1000000000003638	HSETimeIntervals		15650.075	15650.088		
15652.148	0.0970000000015716	HSETimeIntervals		15652.188	15652.1965		
15657.317000000001	0.19499999999970896	HSETimeIntervals		15657.447	15657.4145		
15658.488	0.07999999999992724	HSETimeIntervals		15658.527	15658.528		
15660.182	0.12199999999938882	HSETimeIntervals		15660.244	15660.243		
15662.535	0.10300000000097498	HSETimeIntervals		15662.603000000001	15662.5865		
15662.776	0.06899999999950523	HSETimeIntervals		15662.811	15662.8105		
15665.179	0.10200000000077125	HSETimeIntervals		15665.224	15665.23		
15668.885	0.058999999999286956	HSETimeIntervals		15668.915	15668.9145		
15669.031	0.24699999999938882	HSETimeIntervals		15669.094000000001	15669.1545		
15670.666	0.26900000000023283	HSETimeIntervals		15670.8	15670.8005		
15674.571	0.11299999999937427	HSETimeIntervals		15674.624	15674.6275		
15675.54	0.29799999999886495	HSETimeIntervals		15675.573	15675.689		
15677.997	0.09500000000116415	HSETimeIntervals		15678.054	15678.0445		
15679.833	0.18099999999867578	HSETimeIntervals		15679.958	15679.9235		
15682.186	0.07999999999992724	HSETimeIntervals		15682.236	15682.226		
15684.539	0.10999999999876309	HSETimeIntervals		15684.581	15684.594000000001		
15686.303	0.07899999999972351	HSETimeIntervals		15686.345	15686.3425		
15686.789	0.09699999999975262	HSETimeIntervals		15686.851	15686.837500000001		
15693.773	0.40600000000085856	HSETimeIntervals		15693.91	15693.975999999999		
15693.7944	0.14319999999861466	UpDownStatesTimeIntervals				UP	
15695.615	0.17599999999947613	HSETimeIntervals		15695.733	15695.703		
15695.8424	0.3720000000012078	UpDownStatesTimeIntervals				UP	
15696.8024	0.25759999999900174	UpDownStatesTimeIntervals				UP	
15697.5104	0.3000000000010914	UpDownStatesTimeIntervals				UP	
15698.361	0.19799999999850115	HSETimeIntervals		15698.397	15698.460000000001		
15699.237000000001	0.08099999999831198	HSETimeIntervals		15699.275	15699.2775		
15699.288	0.14639999999963038	UpDownStatesTimeIntervals				UP	
15699.8728	0.1040000000011787	UpDownStatesTimeIntervals				UP	
15700.5248	0.12160000000039872	UpDownStatesTimeIntervals				UP	
15703.7616	0.07999999999992724	UpDownStatesTimeIntervals				UP	
15704.9744	0.20800000000053842	UpDownStatesTimeIntervals				DOWN	
15705.708	0.11520000000018626	UpDownStatesTimeIntervals				UP	
15706.4896	0.17839999999887368	UpDownStatesTimeIntervals				DOWN	
15707.66	0.1930000000011205	HSETimeIntervals		15707.821	15707.7565		
15715.0	1301.0	SleepStates					WAKEstate
15720.710000000001	0.07599999999911233	HSETimeIntervals		15720.74	15720.748000000001		
15727.636	0.09599999999954889	HSETimeIntervals		15727.691	15727.684000000001		
15731.143	0.1790000000000873	HSETimeIntervals		15731.274	15731.2325		
15731.552	0.0820000000003347	HSETimeIntervals		15731.592	15731.592999999999		
15733.709	0.07200000000011642	HSETimeIntervals		15733.744	15733.745		
15745.463	0.13400000000001455	HSETimeIntervals		15745.561	15745.529999999999		
15764.683	0.18099999999867578	HSETimeIntervals		15764.727	15764.773500000001		
15767.857	0.12000000000080036	HSETimeIntervals		15767.93	15767.917		
15769.309	0.08000000000174623	HSETimeIntervals		15769.354	15769.349		
15775.153	0.058999999999286956	HSETimeIntervals		15775.181	15775.1825		
15776.171	0.1710000000002765	HSETimeIntervals		15776.314	15776.2565		
15782.386	0.07999999999992724	HSETimeIntervals		15782.432	15782.426000000001		
15787.679	0.147000000000844	HSETimeIntervals		15787.797	15787.7525		
15788.935	0.1720000000004802	HSETimeIntervals		15788.964	15789.020999999999		
15789.141	0.10900000000037835	HSETimeIntervals		15789.216	15789.1955		
15791.456	0.06199999999989814	HSETimeIntervals		15791.488	15791.487000000001		
15793.688	0.06500000000050932	HSETimeIntervals		15793.724	15793.7205		
15794.553	0.0820000000003347	HSETimeIntervals		15794.602	15794.594		
15795.773	0.06700000000091677	HSETimeIntervals		15795.806	15795.806499999999		
15797.178	0.10599999999976717	HSETimeIntervals		15797.242	15797.231		
15802.749	0.06700000000091677	HSETimeIntervals		15802.78	15802.7825		
15804.118	0.1499999999996362	HSETimeIntervals		15804.218	15804.193000000001		
15806.697	0.09399999999914144	HSETimeIntervals		15806.735	15806.744		
15812.006	0.06500000000050932	HSETimeIntervals		15812.044	15812.038499999999		
15812.807	0.09299999999893771	HSETimeIntervals		15812.87	15812.853500000001		
15814.575	0.06999999999970896	HSETimeIntervals		15814.61	15814.61		
15817.797	0.1389999999992142	HSETimeIntervals		15817.901	15817.8665		
15820.604	0.0610000000015134	HSETimeIntervals		15820.635	15820.6345		
15824.716	0.06099999999969441	HSETimeIntervals		15824.744	15824.746500000001		
15833.736	0.07200000000011642	HSETimeIntervals		15833.774	15833.772		
15834.419	0.07400000000052387	HSETimeIntervals		15834.459	15834.456		
15842.509	0.09100000000034925	HSETimeIntervals		15842.544	15842.5545		
15844.239	0.09000000000014552	HSETimeIntervals		15844.288	15844.284		
15844.877	0.0749999999989086	HSETimeIntervals		15844.919	15844.9145		
15847.101	0.24699999999938882	HSETimeIntervals		15847.153	15847.2245		
15847.578	0.08300000000053842	HSETimeIntervals		15847.632	15847.619499999999		
15848.349	0.2000000000007276	HSETimeIntervals		15848.427	15848.449		
15854.554	0.06700000000091677	HSETimeIntervals		15854.582	15854.5875		
15854.946	0.12199999999938882	HSETimeIntervals		15855.036	15855.007		
15855.189	0.2209999999995489	HSETimeIntervals		15855.225	15855.299500000001		
15856.294	0.12700000000040745	HSETimeIntervals		15856.379	15856.3575		
15857.927	0.06600000000071304	HSETimeIntervals		15857.957	15857.96		
15858.032	0.08800000000155705	HSETimeIntervals		15858.08	15858.076		
15858.558	0.36299999999937427	HSETimeIntervals		15858.686	15858.739500000001		
15862.27	0.08300000000053842	HSETimeIntervals		15862.308	15862.3115		
15863.574	0.09599999999954889	HSETimeIntervals		15863.638	15863.622000000001		
15864.125	0.09400000000096043	HSETimeIntervals		15864.184	15864.172		
15864.633	0.13500000000021828	HSETimeIntervals		15864.727	15864.700499999999		
15867.398	0.0680000000011205	HSETimeIntervals		15867.437	15867.431999999999		
15867.782	0.12700000000040745	HSETimeIntervals		15867.817000000001	15867.8455		
15876.399	0.13700000000062573	HSETimeIntervals		15876.495	15876.467499999999		
15883.36	0.3469999999997526	HSETimeIntervals		15883.569	15883.533500000001		
15884.07	0.30600000000049477	HSETimeIntervals		15884.329	15884.223		
15889.91	0.2510000000002037	HSETimeIntervals		15890.126	15890.0355		
15890.66	0.21000000000094587	HSETimeIntervals		15890.769	15890.765		
15896.239	0.08500000000094587	HSETimeIntervals		15896.294	15896.2815		
15896.583	0.11899999999877764	HSETimeIntervals		15896.672	15896.6425		
15897.454	0.06199999999989814	HSETimeIntervals		15897.485	15897.485		
15899.297	0.1279999999987922	HSETimeIntervals		15899.391	15899.361		
15899.639000000001	0.08099999999831198	HSETimeIntervals		15899.687	15899.6795		
15902.069	0.3029999999998836	HSETimeIntervals		15902.324	15902.2205		
15910.39	0.07200000000011642	HSETimeIntervals		15910.431	15910.426		
15910.675	0.14800000000104774	HSETimeIntervals		15910.785	15910.749		
15913.05	0.11000000000058208	HSETimeIntervals		15913.124	15913.105		
15917.887	0.10499999999956344	HSETimeIntervals		15917.93	15917.9395		
15923.009	0.1180000000003929	HSETimeIntervals		15923.094000000001	15923.068		
15930.92	0.19499999999970896	HSETimeIntervals		15931.065	15931.0175		
15931.133	0.19499999999970896	HSETimeIntervals		15931.292	15931.2305		
15931.847	0.12000000000080036	HSETimeIntervals		15931.899	15931.907		
15932.547	0.19900000000052387	HSETimeIntervals		15932.698	15932.6465		
15933.186	0.09200000000055297	HSETimeIntervals		15933.247	15933.232		
15939.347	0.11499999999978172	HSETimeIntervals		15939.426	15939.4045		
15940.309	0.09100000000034925	HSETimeIntervals		15940.368	15940.3545		
15946.508	0.09500000000116415	HSETimeIntervals		15946.57	15946.5555		
15950.442000000001	0.23799999999937427	HSETimeIntervals		15950.484	15950.561000000002		
15954.344000000001	0.09499999999934516	HSETimeIntervals		15954.409	15954.391500000002		
15965.609	0.22600000000056752	HSETimeIntervals		15965.647	15965.722		
15966.591	0.09000000000014552	HSETimeIntervals		15966.637	15966.636		
15968.435	0.283000000001266	HSETimeIntervals		15968.632	15968.5765		
15970.754	0.12999999999919964	HSETimeIntervals		15970.788	15970.819000000001		
15971.811	0.27300000000104774	HSETimeIntervals		15971.848	15971.9475		
15976.656	0.09199999999873398	HSETimeIntervals		15976.699	15976.702000000001		
15979.353000000001	0.13799999999901047	HSETimeIntervals		15979.39	15979.422		
15980.394	0.1069999999999709	HSETimeIntervals		15980.449	15980.4475		
15983.630000000001	0.1349999999983993	HSETimeIntervals		15983.713	15983.6975		
15989.807	0.20099999999911233	HSETimeIntervals		15989.91	15989.907500000001		
15990.169	0.09000000000014552	HSETimeIntervals		15990.223	15990.214		
15991.482	0.12199999999938882	HSETimeIntervals		15991.55	15991.543		
15992.236	0.13500000000021828	HSETimeIntervals		15992.342	15992.3035		
15992.416	0.36599999999998545	HSETimeIntervals		15992.507	15992.599		
15995.381	0.09900000000016007	HSETimeIntervals		15995.415	15995.430499999999		
15995.507	0.08799999999973807	HSETimeIntervals		15995.544	15995.551		
15999.668	0.08500000000094587	HSETimeIntervals		15999.707	15999.7105		
16004.36	0.05500000000029104	HSETimeIntervals		16004.388	16004.3875		
16004.619	0.26599999999962165	HSETimeIntervals		16004.796	16004.752		
16008.832	0.06999999999970896	HSETimeIntervals		16008.866	16008.867		
16011.325	0.07099999999991269	HSETimeIntervals		16011.361	16011.3605		
16021.817000000001	0.08899999999994179	HSETimeIntervals		16021.868	16021.8615		
16024.294	0.11700000000018917	HSETimeIntervals		16024.369	16024.352499999999		
16026.721	0.10500000000138243	HSETimeIntervals		16026.786	16026.7735		
16031.166	0.272000000000844	HSETimeIntervals		16031.229	16031.302		
16031.469000000001	0.1319999999996071	HSETimeIntervals		16031.506	16031.535000000002		
16033.572	0.1820000000006985	HSETimeIntervals		16033.721	16033.663		
16037.411	0.07699999999931606	HSETimeIntervals		16037.447	16037.4495		
16052.405	0.12099999999918509	HSETimeIntervals		16052.489	16052.4655		
16058.906	0.08499999999912689	HSETimeIntervals		16058.945	16058.9485		
16064.36	0.1610000000000582	HSETimeIntervals		16064.475	16064.4405		
16065.487000000001	0.25499999999919964	HSETimeIntervals		16065.53	16065.614500000001		
16068.046	0.06999999999970896	HSETimeIntervals		16068.081	16068.081		
16072.873	0.11599999999998545	HSETimeIntervals		16072.909	16072.931		
16078.241	0.11299999999937427	HSETimeIntervals		16078.308	16078.2975		
16080.49	0.10499999999956344	HSETimeIntervals		16080.544	16080.5425		
16081.715	0.10900000000037835	HSETimeIntervals		16081.77	16081.7695		
16086.69	0.08799999999973807	HSETimeIntervals		16086.723	16086.734		
16088.866	0.09900000000016007	HSETimeIntervals		16088.927	16088.9155		
16089.425	0.07200000000011642	HSETimeIntervals		16089.457	16089.461		
16092.053	0.05999999999949068	HSETimeIntervals		16092.085000000001	16092.083		
16096.14	0.13500000000021828	HSETimeIntervals		16096.211	16096.207499999999		
16098.779	0.0749999999989086	HSETimeIntervals		16098.814	16098.8165		
16100.778	0.41300000000046566	HSETimeIntervals		16101.044	16100.9845		
16104.813	0.09499999999934516	HSETimeIntervals		16104.87	16104.8605		
16114.383	0.11700000000018917	HSETimeIntervals		16114.445	16114.441499999999		
16116.611	0.07899999999972351	HSETimeIntervals		16116.645	16116.650500000002		
16117.814	0.06500000000050932	HSETimeIntervals		16117.849	16117.8465		
16119.678	0.22600000000056752	HSETimeIntervals		16119.861	16119.791		
16120.152	0.08300000000053842	HSETimeIntervals		16120.198	16120.1935		
16120.362000000001	0.10999999999876309	HSETimeIntervals		16120.426	16120.417000000001		
16121.285	0.06500000000050932	HSETimeIntervals		16121.317000000001	16121.3175		
16133.846	0.15600000000085856	HSETimeIntervals		16133.884	16133.923999999999		
16140.076000000001	0.14199999999982538	HSETimeIntervals		16140.174	16140.147		
16144.887	0.07899999999972351	HSETimeIntervals		16144.926	16144.926500000001		
16145.475	0.16300000000046566	HSETimeIntervals		16145.533	16145.5565		
16146.814	0.09900000000016007	HSETimeIntervals		16146.859	16146.8635		
16149.446	0.2749999999996362	HSETimeIntervals		16149.652	16149.5835		
16151.446	0.15200000000004366	HSETimeIntervals		16151.557	16151.521999999999		
16152.812	0.09200000000055297	HSETimeIntervals		16152.874	16152.858		
16157.169	0.21299999999973807	HSETimeIntervals		16157.34	16157.2755		
16160.759	0.16500000000087311	HSETimeIntervals		16160.833	16160.8415		
16163.357	0.08799999999973807	HSETimeIntervals		16163.411	16163.401		
16166.079	0.10100000000056752	HSETimeIntervals		16166.130000000001	16166.1295		
16166.43	0.06300000000010186	HSETimeIntervals		16166.463	16166.4615		
16169.248	0.09900000000016007	HSETimeIntervals		16169.284	16169.297499999999		
16178.342	0.06999999999970896	HSETimeIntervals		16178.378	16178.377		
16179.767	0.07700000000113505	HSETimeIntervals		16179.807	16179.8055		
16181.771	0.10099999999874854	HSETimeIntervals		16181.827	16181.8215		
16182.651	0.0860000000011496	HSETimeIntervals		16182.701000000001	16182.694		
16190.7	0.08799999999973807	HSETimeIntervals		16190.758	16190.744		
16193.446	0.08300000000053842	HSETimeIntervals		16193.482	16193.4875		
16194.216	0.4169999999994616	HSETimeIntervals		16194.265	16194.424500000001		
16198.079	0.17300000000068394	HSETimeIntervals		16198.219000000001	16198.1655		
16214.177	0.1720000000004802	HSETimeIntervals		16214.304	16214.262999999999		
16220.33	0.22199999999975262	HSETimeIntervals		16220.508	16220.441		
16220.754	0.12199999999938882	HSETimeIntervals		16220.793	16220.815		
16222.106	0.1720000000004802	HSETimeIntervals		16222.231	16222.192		
16229.225	0.16499999999905413	HSETimeIntervals		16229.359	16229.3075		
16230.817000000001	0.08699999999953434	HSETimeIntervals		16230.866	16230.8605		
16231.833	0.06699999999909778	HSETimeIntervals		16231.867	16231.8665		
16233.321	0.0930000000007567	HSETimeIntervals		16233.356	16233.3675		
16233.968	0.06999999999970896	HSETimeIntervals		16234.008	16234.003		
16234.911	0.06899999999950523	HSETimeIntervals		16234.951000000001	16234.9455		
16235.627	0.11099999999896681	HSETimeIntervals		16235.704	16235.6825		
16241.099	0.10299999999915599	HSETimeIntervals		16241.174	16241.1505		
16242.298	0.3760000000002037	HSETimeIntervals		16242.635	16242.486		
16244.26	0.2459999999991851	HSETimeIntervals		16244.464	16244.383		
16244.626	0.12800000000061118	HSETimeIntervals		16244.713	16244.69		
16251.574	0.18000000000029104	HSETimeIntervals		16251.695	16251.664		
16255.289	0.08699999999953434	HSETimeIntervals		16255.339	16255.3325		
16256.210000000001	0.26199999999880674	HSETimeIntervals		16256.43	16256.341		
16260.532	0.29100000000107684	HSETimeIntervals		16260.589	16260.6775		
16271.422	0.10999999999876309	HSETimeIntervals		16271.466	16271.477		
16271.858	0.17399999999906868	HSETimeIntervals		16271.95	16271.945		
16284.236	0.11799999999857391	HSETimeIntervals		16284.279	16284.295		
16289.65	0.1180000000003929	HSETimeIntervals		16289.736	16289.708999999999		
16297.736	0.21599999999853026	HSETimeIntervals		16297.893	16297.844000000001		
16297.965	0.2999999999992724	HSETimeIntervals		16298.232	16298.115		
16306.131	0.09799999999995634	HSETimeIntervals		16306.192000000001	16306.18		
16311.886	0.12199999999938882	HSETimeIntervals		16311.94	16311.947		
16313.759	0.28000000000065484	HSETimeIntervals		16313.944	16313.899		
16325.212	0.07300000000032014	HSETimeIntervals		16325.246000000001	16325.2485		
16325.328	0.16899999999986903	HSETimeIntervals		16325.462	16325.4125		
16325.573	0.07799999999951979	HSETimeIntervals		16325.602	16325.612000000001		
16325.766	0.07899999999972351	HSETimeIntervals		16325.803	16325.8055		
16326.179	0.1430000000000291	HSETimeIntervals		16326.277	16326.2505		
16329.0	0.11299999999937427	HSETimeIntervals		16329.067000000001	16329.0565		
16330.716	0.3780000000006112	HSETimeIntervals		16330.99	16330.905		
16335.153	0.11700000000018917	HSETimeIntervals		16335.206	16335.2115		
16342.971	0.14800000000104774	HSETimeIntervals		16343.01	16343.045		
16358.448	0.0749999999989086	HSETimeIntervals		16358.49	16358.4855		
16359.847	0.17400000000088767	HSETimeIntervals		16359.949	16359.934		
16360.448	0.11999999999898137	HSETimeIntervals		16360.535	16360.508		
16361.316	0.36999999999898137	HSETimeIntervals		16361.646	16361.501		
16362.003	0.08100000000013097	HSETimeIntervals		16362.044	16362.0435		
16365.985	0.07899999999972351	HSETimeIntervals		16366.029	16366.024500000001		
16366.087	0.08300000000053842	HSETimeIntervals		16366.135	16366.128499999999		
16366.732	0.12600000000020373	HSETimeIntervals		16366.801	16366.795		
16367.605	0.11700000000018917	HSETimeIntervals		16367.655	16367.663499999999		
16368.994	0.2780000000002474	HSETimeIntervals		16369.129	16369.133		
16374.78	0.06999999999970896	HSETimeIntervals		16374.815	16374.815		
16382.016	0.12600000000020373	HSETimeIntervals		16382.061	16382.079		
16382.581	0.2680000000000291	HSETimeIntervals		16382.614	16382.715		
16383.328	0.12600000000020373	HSETimeIntervals		16383.381	16383.391		
16383.622	0.09500000000116415	HSETimeIntervals		16383.663	16383.6695		
16384.343	0.24699999999938882	HSETimeIntervals		16384.487	16384.466500000002		
16384.639	0.09100000000034925	HSETimeIntervals		16384.69	16384.6845		
16385.409	0.05800000000090222	HSETimeIntervals		16385.438000000002	16385.438		
16385.834	0.12000000000261934	HSETimeIntervals		16385.909	16385.894		
16388.076	0.08599999999933061	HSETimeIntervals		16388.125	16388.119000000002		
16388.417	0.16799999999784632	HSETimeIntervals		16388.551	16388.501		
16396.89	0.22899999999935972	HSETimeIntervals		16397.071	16397.0045		
16397.472	0.4279999999998836	HSETimeIntervals		16397.802	16397.686		
16404.195	0.20600000000194996	HSETimeIntervals		16404.366	16404.298		
16404.757	0.06699999999909778	HSETimeIntervals		16404.791	16404.790500000003		
16405.686	0.2529999999969732	HSETimeIntervals		16405.88	16405.8125		
16406.245	0.26300000000264845	HSETimeIntervals		16406.47	16406.3765		
16406.521	0.13299999999799184	HSETimeIntervals		16406.61	16406.5875		
16406.878	0.20399999999790452	HSETimeIntervals		16407.045000000002	16406.98		
16409.854	0.22600000000238651	HSETimeIntervals		16409.988	16409.967		
16415.663	0.22000000000116415	HSETimeIntervals		16415.826	16415.773		
16423.376	0.062000000001717126	HSETimeIntervals		16423.409	16423.407		
16427.792	0.11499999999796273	HSETimeIntervals		16427.869	16427.8495		
16428.339	0.11400000000139698	HSETimeIntervals		16428.423	16428.396		
16434.420000000002	0.08799999999973807	HSETimeIntervals		16434.457	16434.464000000004		
16434.997	0.08200000000215368	HSETimeIntervals		16435.04	16435.038		
16435.343	0.0930000000007567	HSETimeIntervals		16435.4	16435.3895		
16438.951	0.26900000000023283	HSETimeIntervals		16438.986	16439.0855		
16440.95	0.09699999999793363	HSETimeIntervals		16441.011	16440.9985		
16442.484	0.13399999999819556	HSETimeIntervals		16442.578	16442.551		
16442.642	0.11899999999877764	HSETimeIntervals		16442.678	16442.7015		
16445.545000000002	0.2749999999978172	HSETimeIntervals		16445.59	16445.682500000003		
16449.381	0.27699999999822467	HSETimeIntervals		16449.512	16449.519500000002		
16450.09	0.2570000000014261	HSETimeIntervals		16450.293	16450.2185		
16454.184	0.09999999999854481	HSETimeIntervals		16454.226	16454.234		
16456.524	0.09399999999732245	HSETimeIntervals		16456.58	16456.571		
16458.687	0.1389999999992142	HSETimeIntervals		16458.74	16458.756500000003		
16460.691	0.11500000000160071	HSETimeIntervals		16460.765	16460.748499999998		
16461.541	0.18999999999869033	HSETimeIntervals		16461.703	16461.636000000002		
16468.911	0.2069999999985157	HSETimeIntervals		16469.076	16469.0145		
16471.447	0.08099999999831198	HSETimeIntervals		16471.499	16471.4875		
16487.084	0.19399999999950523	HSETimeIntervals		16487.216	16487.181		
16496.534	0.15799999999944703	HSETimeIntervals		16496.607	16496.613		
16502.764	0.1500000000014552	HSETimeIntervals		16502.865	16502.839		
16513.959	0.07200000000011642	HSETimeIntervals		16513.993	16513.995		
16514.888	0.15999999999985448	HSETimeIntervals		16514.973	16514.968		
16518.591	0.17199999999866122	HSETimeIntervals		16518.695	16518.677		
16521.744	0.14099999999962165	HSETimeIntervals		16521.796	16521.8145		
16524.761	0.07000000000334694	HSETimeIntervals		16524.793	16524.796		
16528.11	0.17599999999947613	HSETimeIntervals		16528.248	16528.198		
16530.261	0.07099999999991269	HSETimeIntervals		16530.298	16530.2965		
16532.035	0.27400000000125146	HSETimeIntervals		16532.268	16532.172		
16535.945	0.0610000000015134	HSETimeIntervals		16535.98	16535.9755		
16541.364	0.21500000000014552	HSETimeIntervals		16541.544	16541.4715		
16541.858	0.46299999999973807	HSETimeIntervals		16542.13	16542.089500000002		
16546.051	0.07800000000133878	HSETimeIntervals		16546.083	16546.09		
16546.248	0.09500000000116415	HSETimeIntervals		16546.283	16546.2955		
16552.763	0.08300000000235741	HSETimeIntervals		16552.814	16552.8045		
16571.162	0.10499999999956344	HSETimeIntervals		16571.22	16571.214500000002		
16571.312	0.2779999999984284	HSETimeIntervals		16571.463	16571.451		
16574.165	0.16500000000087311	HSETimeIntervals		16574.296	16574.2475		
16578.09	0.352999999999156	HSETimeIntervals		16578.259000000002	16578.2665		
16578.575	0.23500000000058208	HSETimeIntervals		16578.768	16578.6925		
16579.155	0.14199999999982538	HSETimeIntervals		16579.198	16579.226		
16580.395	0.13399999999819556	HSETimeIntervals		16580.436	16580.462		
16580.585	0.16600000000107684	HSETimeIntervals		16580.649	16580.667999999998		
16584.642	0.11600000000180444	HSETimeIntervals		16584.68	16584.7		
16589.395	0.10299999999915599	HSETimeIntervals		16589.462	16589.446500000002		
16591.283	0.19399999999950523	HSETimeIntervals		16591.387	16591.38		
16591.907	0.15200000000186265	HSETimeIntervals		16591.941	16591.983		
16592.088	0.09900000000197906	HSETimeIntervals		16592.125	16592.1375		
16595.674	0.23900000000139698	HSETimeIntervals		16595.778	16595.7935		
16598.614	0.4389999999984866	HSETimeIntervals		16599.002	16598.8335		
16603.738	0.44800000000032014	HSETimeIntervals		16603.842	16603.962		
16614.039	0.11200000000098953	HSETimeIntervals		16614.119	16614.095		
16618.576	0.07300000000032014	HSETimeIntervals		16618.608	16618.6125		
16643.034	0.08100000000194996	HSETimeIntervals		16643.08	16643.0745		
16684.643	0.12399999999979627	HSETimeIntervals		16684.698	16684.705		
16692.442	0.2849999999998545	HSETimeIntervals		16692.542	16692.5845		
16693.785	0.11200000000098953	HSETimeIntervals		16693.858	16693.841		
16694.891	0.12299999999959255	HSETimeIntervals		16694.969	16694.9525		
16695.915	0.06799999999930151	HSETimeIntervals		16695.946	16695.949		
16700.224	0.08100000000194996	HSETimeIntervals		16700.27	16700.264499999997		
16703.198	0.24699999999938882	HSETimeIntervals		16703.239	16703.321500000002		
16708.061	0.07399999999688589	HSETimeIntervals		16708.096	16708.098		
16708.378	0.12199999999938882	HSETimeIntervals		16708.43	16708.439000000002		
16708.625	0.09899999999834108	HSETimeIntervals		16708.688000000002	16708.6745		
16711.43	0.08899999999994179	HSETimeIntervals		16711.461	16711.4745		
16712.349	0.08300000000235741	HSETimeIntervals		16712.403	16712.390499999998		
16712.904	0.06800000000293949	HSETimeIntervals		16712.937	16712.938		
16720.165	0.21299999999973807	HSETimeIntervals		16720.259000000002	16720.271500000003		
16722.737	0.08399999999892316	HSETimeIntervals		16722.776	16722.779000000002		
16724.649	0.22599999999874854	HSETimeIntervals		16724.841	16724.762000000002		
16727.943	0.15799999999944703	HSETimeIntervals		16727.989	16728.022		
16738.666	0.08299999999871943	HSETimeIntervals		16738.71	16738.7075		
16740.537	0.42699999999967986	HSETimeIntervals		16740.57	16740.750500000002		
16743.199	0.2929999999978463	HSETimeIntervals		16743.244	16743.3455		
16745.585	0.09800000000177533	HSETimeIntervals		16745.642	16745.634		
16746.447	0.33299999999871943	HSETimeIntervals		16746.511	16746.6135		
16747.332	0.16700000000128057	HSETimeIntervals		16747.465	16747.4155		
16756.409	0.0610000000015134	HSETimeIntervals		16756.441	16756.4395		
16759.823	0.0750000000007276	HSETimeIntervals		16759.87	16759.8605		
16761.382	0.36499999999796273	HSETimeIntervals		16761.461	16761.5645		
16762.72	0.09999999999854481	HSETimeIntervals		16762.785	16762.77		
16763.129	0.09899999999834108	HSETimeIntervals		16763.175	16763.1785		
16764.751	0.14500000000043656	HSETimeIntervals		16764.831000000002	16764.8235		
16768.289	0.13100000000122236	HSETimeIntervals		16768.387	16768.3545		
16769.148	0.08399999999892316	HSETimeIntervals		16769.199	16769.190000000002		
16771.420000000002	0.07599999999729334	HSETimeIntervals		16771.455	16771.458000000002		
16772.321	0.06699999999909778	HSETimeIntervals		16772.352	16772.3545		
16772.4	0.1989999999968859	HSETimeIntervals		16772.443	16772.4995		
16775.857	0.06599999999889405	HSETimeIntervals		16775.886	16775.89		
16775.93	0.11799999999857391	HSETimeIntervals		16775.98	16775.989		
16778.471	0.07899999999790452	HSETimeIntervals		16778.505	16778.5105		
16779.058	0.1290000000008149	HSETimeIntervals		16779.135	16779.1225		
16784.003	0.11000000000058208	HSETimeIntervals		16784.085	16784.058		
16784.198	0.20899999999892316	HSETimeIntervals		16784.235	16784.3025		
16785.653	0.08400000000256114	HSETimeIntervals		16785.695	16785.695		
16790.628	0.11899999999877764	HSETimeIntervals		16790.681	16790.6875		
16792.49	0.14199999999982538	HSETimeIntervals		16792.591	16792.561		
16793.342	0.147000000000844	HSETimeIntervals		16793.392	16793.4155		
16795.397	0.06499999999869033	HSETimeIntervals		16795.432	16795.429500000002		
16798.005	0.4320000000006985	HSETimeIntervals		16798.405	16798.221		
16808.867	0.0970000000015716	HSETimeIntervals		16808.93	16808.9155		
16809.54	0.24699999999938882	HSETimeIntervals		16809.632	16809.663500000002		
16812.334	0.2540000000008149	HSETimeIntervals		16812.441	16812.461		
16822.147	0.08599999999933061	HSETimeIntervals		16822.186	16822.190000000002		
16823.705	0.07999999999810825	HSETimeIntervals		16823.74	16823.745000000003		
16824.79	0.23099999999976717	HSETimeIntervals		16824.98	16824.9055		
16825.303	0.12099999999918509	HSETimeIntervals		16825.386	16825.3635		
16826.205	0.091999999996915	HSETimeIntervals		16826.253	16826.251		
16827.216	0.09000000000014552	HSETimeIntervals		16827.262	16827.261		
16827.384000000002	0.09399999999732245	HSETimeIntervals		16827.436	16827.431		
16832.756	0.20499999999810825	HSETimeIntervals		16832.91	16832.858500000002		
16832.974	0.11400000000139698	HSETimeIntervals		16833.054	16833.031		
16843.851	0.13100000000122236	HSETimeIntervals		16843.884000000002	16843.9165		
16847.736	0.08699999999953434	HSETimeIntervals		16847.779	16847.7795		
16849.197	0.21600000000034925	HSETimeIntervals		16849.354	16849.305		
16851.876	0.08399999999892316	HSETimeIntervals		16851.911	16851.918		
16860.8	0.1640000000006694	HSETimeIntervals		16860.875	16860.881999999998		
16861.056	0.08599999999933061	HSETimeIntervals		16861.107	16861.099000000002		
16867.224	0.16000000000349246	HSETimeIntervals		16867.329	16867.304		
16868.408	0.3650000000016007	HSETimeIntervals		16868.617	16868.5905		
16870.247	0.07700000000113505	HSETimeIntervals		16870.294	16870.285499999998		
16879.917	0.08099999999831198	HSETimeIntervals		16879.963	16879.9575		
16886.635	0.0610000000015134	HSETimeIntervals		16886.664	16886.6655		
16891.762	0.15500000000247383	HSETimeIntervals		16891.874	16891.8395		
16895.543	0.23699999999735155	HSETimeIntervals		16895.582	16895.661500000002		
16896.244	0.07099999999991269	HSETimeIntervals		16896.281	16896.2795		
16896.356	0.19499999999970896	HSETimeIntervals		16896.513	16896.4535		
16903.354	0.11000000000058208	HSETimeIntervals		16903.396	16903.409		
16910.95	0.1640000000006694	HSETimeIntervals		16911.062	16911.032		
16913.381	0.20499999999810825	HSETimeIntervals		16913.481	16913.483500000002		
16926.938000000002	0.16299999999682768	HSETimeIntervals		16926.997	16927.019500000002		
16931.712	0.16900000000168802	HSETimeIntervals		16931.761	16931.7965		
16955.281	0.24799999999959255	HSETimeIntervals		16955.407	16955.405		
16958.306	0.15099999999802094	HSETimeIntervals		16958.403	16958.3815		
16961.924	0.09400000000096043	HSETimeIntervals		16961.982	16961.970999999998		
16966.391	0.11400000000139698	HSETimeIntervals		16966.47	16966.448		
16970.713	0.06899999999950523	HSETimeIntervals		16970.75	16970.7475		
16973.273	0.1069999999999709	HSETimeIntervals		16973.352	16973.326500000003		
16985.277000000002	0.11699999999837019	HSETimeIntervals		16985.353	16985.3355		
16999.077	0.13299999999799184	HSETimeIntervals		16999.165	16999.143500000002		
17010.483	0.062000000001717126	HSETimeIntervals		17010.519	17010.514		
17016.212	0.1500000000014552	HSETimeIntervals		17016.295000000002	17016.287		
17017.0	88.0	SleepStates					NREMstate
17017.7288	0.14879999999902793	UpDownStatesTimeIntervals				UP	
17018.1352	0.3679999999985739	UpDownStatesTimeIntervals				UP	
17018.7296	0.07200000000011642	UpDownStatesTimeIntervals				DOWN	
17018.8016	0.24160000000119908	UpDownStatesTimeIntervals				UP	
17028.502	0.09799999999813735	HSETimeIntervals		17028.559	17028.551		
17032.5184	0.2536000000000058	UpDownStatesTimeIntervals				UP	
17034.724	0.09100000000034925	HSETimeIntervals		17034.778	17034.7695		
17037.446	0.07099999999991269	HSETimeIntervals		17037.486	17037.4815		
17040.5848	0.1543999999994412	UpDownStatesTimeIntervals				UP	
17052.5112	0.06559999999808497	UpDownStatesTimeIntervals				DOWN	
17052.9152	0.2992000000012922	UpDownStatesTimeIntervals				UP	
17056.3592	0.21840000000156579	UpDownStatesTimeIntervals				UP	
17057.04	0.32879999999931897	UpDownStatesTimeIntervals				UP	
17057.467	0.17399999999906868	HSETimeIntervals		17057.527000000002	17057.554		
17058.4904	0.3712000000014086	UpDownStatesTimeIntervals				UP	
17059.2248	0.2767999999996391	UpDownStatesTimeIntervals				UP	
17059.616	0.05199999999967986	RippleTimeIntervals		17059.6256			
17062.365	0.21999999999752617	HSETimeIntervals		17062.425	17062.475000000002		
17097.641	0.17000000000189175	HSETimeIntervals		17097.697	17097.726		
17106.0	11.0	SleepStates					WAKEstate
17118.0	17.0	SleepStates					NREMstate
17132.45	0.08299999999871943	HSETimeIntervals		17132.503	17132.4915		
17136.0	10.0	SleepStates					WAKEstate
17138.751	0.08099999999831198	HSETimeIntervals		17138.792	17138.7915		
17139.217	0.13399999999819556	HSETimeIntervals		17139.315	17139.284		
17147.0	81.0	SleepStates					NREMstate
17148.868	0.07600000000093132	HSETimeIntervals		17148.91	17148.906		
17151.445	0.08599999999933061	HSETimeIntervals		17151.486	17151.488		
17161.281	0.10300000000279397	HSETimeIntervals		17161.333	17161.3325		
17161.472	0.11799999999857391	HSETimeIntervals		17161.515	17161.531000000003		
17162.22	0.37700000000040745	HSETimeIntervals		17162.443	17162.4085		
17163.231	0.23800000000119326	HSETimeIntervals		17163.44	17163.35		
17175.851	0.07300000000032014	HSETimeIntervals		17175.887	17175.887499999997		
17178.316	0.07600000000093132	HSETimeIntervals		17178.357	17178.354		
17188.205	0.08299999999871943	HSETimeIntervals		17188.24	17188.2465		
17189.663	0.11000000000058208	HSETimeIntervals		17189.741	17189.718		
17197.323	0.13999999999941792	HSETimeIntervals		17197.374	17197.393		
17198.888	0.2430000000022119	HSETimeIntervals		17198.968	17199.0095		
17208.743	0.07800000000133878	HSETimeIntervals		17208.788	17208.782		
17217.536	0.11500000000160071	HSETimeIntervals		17217.588	17217.5935		
17221.695	0.125	HSETimeIntervals		17221.764	17221.7575		
17223.229	0.10900000000037835	HSETimeIntervals		17223.262	17223.283499999998		
17227.2408	0.1959999999999127	UpDownStatesTimeIntervals				DOWN	
17227.4368	0.13839999999981956	UpDownStatesTimeIntervals				UP	
17229.0	26.0	SleepStates					WAKEstate
17236.352	0.18900000000212458	HSETimeIntervals		17236.438000000002	17236.4465		
17246.826	0.08699999999953434	HSETimeIntervals		17246.88	17246.8695		
17248.818	0.21199999999953434	HSETimeIntervals		17248.985	17248.924		
17250.75	0.06899999999950523	HSETimeIntervals		17250.785	17250.7845		
17256.0	239.0	SleepStates					NREMstate
17257.955	0.08699999999953434	HSETimeIntervals		17258.002	17257.9985		
17259.696	0.08299999999871943	HSETimeIntervals		17259.74	17259.7375		
17264.451	0.06899999999950523	HSETimeIntervals		17264.489	17264.485500000003		
17266.453	0.14400000000023283	HSETimeIntervals		17266.498	17266.525		
17268.063000000002	0.07699999999749707	HSETimeIntervals		17268.1	17268.1015		
17270.226	0.10599999999976717	HSETimeIntervals		17270.292	17270.279		
17276.823	0.10199999999895226	HSETimeIntervals		17276.877	17276.874		
17282.518	0.08499999999912689	HSETimeIntervals		17282.558	17282.5605		
17290.6808	0.22080000000278233	UpDownStatesTimeIntervals				UP	
17291.3736	0.1592000000018743	UpDownStatesTimeIntervals				UP	
17291.6088	0.41119999999864376	UpDownStatesTimeIntervals				DOWN	
17292.1152	0.03280000000086147	UpDownStatesTimeIntervals				DOWN	
17296.8872	0.25759999999718275	UpDownStatesTimeIntervals				UP	
17297.7968	0.11439999999856809	UpDownStatesTimeIntervals				DOWN	
17297.9112	0.15040000000226428	UpDownStatesTimeIntervals				UP	
17297.979	0.1320000000014261	HSETimeIntervals		17298.024	17298.045		
17297.9896	0.13039999999818974	RippleTimeIntervals		17298.0656			
17298.476	0.1687999999994645	UpDownStatesTimeIntervals				UP	
17303.525	0.1319999999977881	HSETimeIntervals		17303.564	17303.591		
17310.624	0.16080000000147265	UpDownStatesTimeIntervals				UP	
17315.6928	0.2999999999992724	UpDownStatesTimeIntervals				UP	
17318.639	0.07400000000052387	HSETimeIntervals		17318.679	17318.676		
17325.482	0.2040000000015425	HSETimeIntervals		17325.531	17325.584		
17331.896	0.2639999999992142	UpDownStatesTimeIntervals				UP	
17340.124	0.3319999999985157	UpDownStatesTimeIntervals				UP	
17340.936	0.2824000000000524	UpDownStatesTimeIntervals				UP	
17341.338	0.12700000000040745	HSETimeIntervals		17341.385	17341.4015		
17341.9168	0.24639999999999418	UpDownStatesTimeIntervals				UP	
17342.77	0.13699999999880674	HSETimeIntervals		17342.875	17342.8385		
17343.3712	0.12960000000020955	UpDownStatesTimeIntervals				UP	
17343.565	0.3960000000006403	HSETimeIntervals		17343.715	17343.763		
17344.0208	0.09360000000015134	UpDownStatesTimeIntervals				UP	
17344.3816	0.37519999999858555	UpDownStatesTimeIntervals				UP	
17345.0856	0.09680000000298605	UpDownStatesTimeIntervals				DOWN	
17345.3352	0.19359999999869615	UpDownStatesTimeIntervals				UP	
17346.6592	0.13760000000183936	UpDownStatesTimeIntervals				UP	
17347.088	0.16479999999864958	UpDownStatesTimeIntervals				DOWN	
17347.2528	0.20080000000234577	UpDownStatesTimeIntervals				UP	
17348.9816	0.1543999999994412	UpDownStatesTimeIntervals				UP	
17350.0072	0.17520000000149594	UpDownStatesTimeIntervals				UP	
17350.142	0.09200000000055297	HSETimeIntervals		17350.182	17350.188		
17350.4496	0.236799999998766	UpDownStatesTimeIntervals				UP	
17351.174	0.25	HSETimeIntervals		17351.247	17351.299		
17356.2128	0.3143999999992957	UpDownStatesTimeIntervals				UP	
17357.3392	0.14240000000063446	UpDownStatesTimeIntervals				UP	
17359.6552	0.13999999999941792	UpDownStatesTimeIntervals				DOWN	
17360.18	0.15680000000065775	UpDownStatesTimeIntervals				UP	
17360.2264	0.10160000000178115	RippleTimeIntervals		17360.2688			
17364.1888	0.2680000000000291	UpDownStatesTimeIntervals				UP	
17364.8736	0.02960000000166474	UpDownStatesTimeIntervals				DOWN	
17365.942	0.08200000000215368	HSETimeIntervals		17365.974	17365.983		
17366.825	0.08299999999871943	HSETimeIntervals		17366.871	17366.8665		
17374.7752	0.2904000000016822	UpDownStatesTimeIntervals				UP	
17375.8936	0.3624000000017986	UpDownStatesTimeIntervals				UP	
17376.283	0.06699999999909778	HSETimeIntervals		17376.32	17376.3165		
17376.9856	0.29439999999885913	UpDownStatesTimeIntervals				UP	
17377.8	0.12480000000141445	UpDownStatesTimeIntervals				UP	
17378.2216	0.18399999999746797	UpDownStatesTimeIntervals				UP	
17379.8736	0.2783999999992375	UpDownStatesTimeIntervals				UP	
17381.9496	0.2272000000011758	UpDownStatesTimeIntervals				UP	
17383.2656	0.1488000000026659	UpDownStatesTimeIntervals				UP	
17384.6256	0.14719999999942956	UpDownStatesTimeIntervals				UP	
17386.2096	0.07280000000173459	UpDownStatesTimeIntervals				DOWN	
17386.337	0.11000000000058208	HSETimeIntervals		17386.385	17386.392		
17386.6232	0.14239999999699648	UpDownStatesTimeIntervals				UP	
17386.9008	0.04560000000128639	UpDownStatesTimeIntervals				DOWN	
17387.753	0.1610000000000582	HSETimeIntervals		17387.88	17387.8335		
17393.981	0.09200000000055297	HSETimeIntervals		17394.015	17394.027		
17395.99	0.06499999999869033	HSETimeIntervals		17396.023	17396.022500000003		
17397.888	0.09200000000055297	HSETimeIntervals		17397.932	17397.933999999997		
17401.069	0.13999999999941792	HSETimeIntervals		17401.169	17401.139		
17406.8016	0.1224000000001979	RippleTimeIntervals		17406.8704			
17407.535	0.12700000000040745	HSETimeIntervals		17407.623	17407.5985		
17408.119	0.09500000000116415	HSETimeIntervals		17408.18	17408.1665		
17410.0872	0.21919999999954598	UpDownStatesTimeIntervals				UP	
17410.348	0.05519999999887659	UpDownStatesTimeIntervals				DOWN	
17411.472	0.2055999999975029	UpDownStatesTimeIntervals				UP	
17412.1736	0.13920000000143773	UpDownStatesTimeIntervals				UP	
17413.3016	0.1368000000002212	UpDownStatesTimeIntervals				UP	
17420.372	0.11000000000058208	HSETimeIntervals		17420.443	17420.427		
17426.333	0.07800000000133878	HSETimeIntervals		17426.371	17426.372		
17437.6392	0.037599999999656575	UpDownStatesTimeIntervals				DOWN	
17438.156	0.23280000000158907	UpDownStatesTimeIntervals				UP	
17438.52	0.040000000000873115	UpDownStatesTimeIntervals				DOWN	
17438.8624	0.21119999999791617	UpDownStatesTimeIntervals				UP	
17441.0304	0.2088000000003376	UpDownStatesTimeIntervals				UP	
17441.683	0.1319999999977881	HSETimeIntervals		17441.785	17441.749		
17441.9872	0.1455999999998312	UpDownStatesTimeIntervals				UP	
17442.7208	0.12160000000221771	UpDownStatesTimeIntervals				UP	
17443.1512	0.38479999999981374	UpDownStatesTimeIntervals				UP	
17447.464	0.1569999999992433	HSETimeIntervals		17447.503	17447.5425		
17454.8304	0.12160000000221771	UpDownStatesTimeIntervals				UP	
17462.837	0.1860000000015134	HSETimeIntervals		17462.965	17462.93		
17464.94	0.06300000000192085	HSETimeIntervals		17464.971	17464.9715		
17465.426	0.14099999999962165	HSETimeIntervals		17465.54	17465.4965		
17476.6576	0.23760000000038417	UpDownStatesTimeIntervals				UP	
17477.2856	0.10399999999935972	UpDownStatesTimeIntervals				UP	
17479.032	0.2400000000016007	UpDownStatesTimeIntervals				UP	
17481.1152	0.15759999999863794	UpDownStatesTimeIntervals				UP	
17484.4048	0.10959999999977299	UpDownStatesTimeIntervals				UP	
17484.6016	0.41599999999743886	UpDownStatesTimeIntervals				UP	
17485.9696	0.1503999999986263	UpDownStatesTimeIntervals				UP	
17487.0976	0.046399999999266583	UpDownStatesTimeIntervals				DOWN	
17487.7936	0.3695999999981723	UpDownStatesTimeIntervals				UP	
17488.632	0.22959999999875436	UpDownStatesTimeIntervals				UP	
17489.832	0.127200000002631	UpDownStatesTimeIntervals				UP	
17491.428	0.1808000000019092	UpDownStatesTimeIntervals				UP	
17492.108	0.18319999999948777	UpDownStatesTimeIntervals				DOWN	
17496.0	29.0	SleepStates					WAKEstate
17497.22	0.23099999999976717	HSETimeIntervals		17497.378	17497.3355		
17499.313000000002	0.06699999999909778	HSETimeIntervals		17499.345	17499.346500000003		
17503.774	0.06899999999950523	HSETimeIntervals		17503.811	17503.808500000003		
17512.826	0.08499999999912689	HSETimeIntervals		17512.879	17512.8685		
17518.992	0.07100000000355067	HSETimeIntervals		17519.028	17519.0275		
17520.625	0.09100000000034925	HSETimeIntervals		17520.684	17520.6705		
17524.885	0.0750000000007276	HSETimeIntervals		17524.924	17524.922499999997		
17526.0	9.0	SleepStates					NREMstate
17528.663	0.2139999999999418	HSETimeIntervals		17528.838	17528.77		
17529.91	0.21900000000096043	HSETimeIntervals		17530.042	17530.0195		
17536.0	11.0	SleepStates					WAKEstate
17536.586	0.07600000000093132	HSETimeIntervals		17536.63	17536.624		
17547.507	0.05799999999726424	HSETimeIntervals		17547.537	17547.536		
17548.0	107.0	SleepStates					NREMstate
17549.1896	0.28960000000006403	UpDownStatesTimeIntervals				UP	
17550.0184	0.11599999999816646	UpDownStatesTimeIntervals				DOWN	
17551.2744	0.14800000000104774	RippleTimeIntervals		17551.296			
17551.987	0.07600000000093132	HSETimeIntervals		17552.015	17552.025		
17553.8088	0.280800000000454	UpDownStatesTimeIntervals				DOWN	
17554.0896	0.15599999999903957	UpDownStatesTimeIntervals				UP	
17555.0664	0.11439999999856809	RippleTimeIntervals		17555.1208			
17559.6008	0.14479999999821302	UpDownStatesTimeIntervals				UP	
17560.4616	0.15200000000186265	UpDownStatesTimeIntervals				UP	
17561.7032	0.22160000000076252	UpDownStatesTimeIntervals				UP	
17562.163	0.07800000000133878	HSETimeIntervals		17562.21	17562.202		
17562.3824	0.22960000000239233	UpDownStatesTimeIntervals				UP	
17564.2048	0.23359999999956926	UpDownStatesTimeIntervals				UP	
17565.317	0.19499999999970896	HSETimeIntervals		17565.4	17565.4145		
17566.008	0.12639999999737483	UpDownStatesTimeIntervals				UP	
17569.1448	0.12400000000343425	UpDownStatesTimeIntervals				UP	
17571.534	0.07800000000133878	HSETimeIntervals		17571.578	17571.573		
17573.399	0.1319999999977881	HSETimeIntervals		17573.459	17573.465		
17575.395	0.18799999999828287	HSETimeIntervals		17575.43	17575.489		
17575.835	0.21299999999973807	HSETimeIntervals		17575.883	17575.9415		
17577.044	0.11899999999877764	HSETimeIntervals		17577.097	17577.1035		
17577.68	0.3584000000009837	UpDownStatesTimeIntervals				UP	
17578.5392	0.3096000000005006	UpDownStatesTimeIntervals				UP	
17578.8832	0.19519999999829452	UpDownStatesTimeIntervals				DOWN	
17583.356	0.13999999999941792	UpDownStatesTimeIntervals				UP	
17584.014	0.21500000000014552	HSETimeIntervals		17584.167	17584.121499999997		
17584.3168	0.12080000000059954	UpDownStatesTimeIntervals				UP	
17587.683	0.10299999999915599	HSETimeIntervals		17587.726	17587.734500000002		
17589.685	0.20599999999831198	HSETimeIntervals		17589.842	17589.788		
17590.6048	0.3775999999998021	UpDownStatesTimeIntervals				UP	
17591.3216	0.254400000001624	UpDownStatesTimeIntervals				UP	
17593.711	0.09400000000096043	HSETimeIntervals		17593.758	17593.757999999998		
17595.813000000002	0.2109999999993306	HSETimeIntervals		17595.858	17595.918500000003		
17598.2	0.10900000000037835	HSETimeIntervals		17598.27	17598.2545		
17601.3688	0.11679999999978463	UpDownStatesTimeIntervals				UP	
17602.2304	0.2959999999984575	UpDownStatesTimeIntervals				DOWN	
17602.5264	0.3000000000029104	UpDownStatesTimeIntervals				UP	
17610.393	0.2510000000002037	HSETimeIntervals		17610.565	17610.5185		
17610.78	0.2040000000015425	HSETimeIntervals		17610.822	17610.881999999998		
17610.8208	0.2647999999971944	UpDownStatesTimeIntervals				UP	
17611.6168	0.11999999999898137	UpDownStatesTimeIntervals				UP	
17612.2552	0.254400000001624	UpDownStatesTimeIntervals				UP	
17612.5656	0.06559999999808497	RippleTimeIntervals		17612.5928			
17612.8424	0.13999999999941792	UpDownStatesTimeIntervals				DOWN	
17613.2856	0.4408000000003085	UpDownStatesTimeIntervals				UP	
17614.0336	0.06639999999970314	RippleTimeIntervals		17614.0928			
17615.5792	0.14800000000104774	UpDownStatesTimeIntervals				UP	
17620.1696	0.1463999999978114	UpDownStatesTimeIntervals				UP	
17621.908	0.15520000000105938	UpDownStatesTimeIntervals				UP	
17621.9496	0.06560000000172295	RippleTimeIntervals		17621.9712			
17622.7856	0.09360000000015134	UpDownStatesTimeIntervals				DOWN	
17622.8792	0.19680000000153086	UpDownStatesTimeIntervals				UP	
17623.5416	0.13119999999980791	UpDownStatesTimeIntervals				UP	
17624.4144	0.18959999999788124	UpDownStatesTimeIntervals				UP	
17626.1624	0.22959999999875436	UpDownStatesTimeIntervals				UP	
17627.0808	0.2128000000011525	UpDownStatesTimeIntervals				DOWN	
17627.2936	0.2864000000008673	UpDownStatesTimeIntervals				UP	
17627.9184	0.033600000002479646	UpDownStatesTimeIntervals				DOWN	
17627.952	0.3231999999989057	UpDownStatesTimeIntervals				UP	
17629.9312	0.09440000000176951	RippleTimeIntervals		17629.976			
17630.868	0.127200000002631	UpDownStatesTimeIntervals				UP	
17631.0984	0.05040000000008149	UpDownStatesTimeIntervals				DOWN	
17631.3304	0.3952000000026601	UpDownStatesTimeIntervals				UP	
17632.3792	0.21680000000196742	UpDownStatesTimeIntervals				DOWN	
17632.596	0.1455999999998312	UpDownStatesTimeIntervals				UP	
17633.08	0.09279999999853317	UpDownStatesTimeIntervals				DOWN	
17634.032	0.12700000000040745	HSETimeIntervals		17634.077	17634.0955		
17637.4392	0.22239999999874271	UpDownStatesTimeIntervals				UP	
17639.785	0.11500000000160071	HSETimeIntervals		17639.831000000002	17639.8425		
17640.408	0.08599999999933061	HSETimeIntervals		17640.46	17640.451		
17641.864	0.13439999999900465	UpDownStatesTimeIntervals				UP	
17644.295000000002	0.14399999999659485	HSETimeIntervals		17644.387	17644.367000000002		
17644.828	0.16300000000046566	HSETimeIntervals		17644.95	17644.9095		
17653.451	0.21500000000014552	HSETimeIntervals		17653.603	17653.5585		
17654.273	0.06899999999950523	HSETimeIntervals		17654.305	17654.307500000003		
17656.0	19.0	SleepStates					WAKEstate
17657.938000000002	0.07899999999790452	HSETimeIntervals		17657.983	17657.9775		
17664.574	0.09999999999854481	HSETimeIntervals		17664.635	17664.624		
17668.647	0.06699999999909778	HSETimeIntervals		17668.684	17668.680500000002		
17676.0	10.0	SleepStates					NREMstate
17679.4744	0.15999999999985448	UpDownStatesTimeIntervals				DOWN	
17679.595	0.06599999999889405	HSETimeIntervals		17679.632	17679.628		
17679.6344	0.12559999999939464	UpDownStatesTimeIntervals				UP	
17682.5144	0.11599999999816646	UpDownStatesTimeIntervals				UP	
17687.0	25.0	SleepStates					WAKEstate
17689.467	0.3040000000000873	HSETimeIntervals		17689.605	17689.619		
17690.707	0.07600000000093132	HSETimeIntervals		17690.752	17690.745		
17693.001	0.1709999999984575	HSETimeIntervals		17693.139	17693.0865		
17693.957	0.2620000000024447	HSETimeIntervals		17694.175	17694.088		
17700.452	0.0750000000007276	HSETimeIntervals		17700.492	17700.4895		
17702.469	0.14099999999962165	HSETimeIntervals		17702.515	17702.539500000003		
17705.805	0.06799999999930151	HSETimeIntervals		17705.838	17705.839		
17706.475	0.06700000000273576	HSETimeIntervals		17706.508	17706.5085		
17706.965	0.13000000000101863	HSETimeIntervals		17707.064	17707.03		
17713.0	24.0	SleepStates					NREMstate
17713.949	0.13699999999880674	HSETimeIntervals		17714.056	17714.0175		
17724.3864	0.06560000000172295	RippleTimeIntervals		17724.388			
17725.3592	0.06799999999930151	RippleTimeIntervals		17725.3816			
17738.0	30.0	SleepStates					WAKEstate
17739.632	0.0819999999985157	HSETimeIntervals		17739.679	17739.673000000003		
17741.94	0.07300000000032014	HSETimeIntervals		17741.983	17741.976499999997		
17744.420000000002	0.07399999999688589	HSETimeIntervals		17744.46	17744.457000000002		
17746.603	0.08000000000174623	HSETimeIntervals		17746.637	17746.643		
17756.796	0.08400000000256114	HSETimeIntervals		17756.836	17756.838		
17757.978	0.125	HSETimeIntervals		17758.045000000002	17758.0405		
17760.188000000002	0.25799999999799184	HSETimeIntervals		17760.323	17760.317000000003		
17765.03	0.14199999999982538	HSETimeIntervals		17765.108	17765.101		
17769.0	211.0	SleepStates					NREMstate
17769.9208	0.037599999999656575	UpDownStatesTimeIntervals				DOWN	
17769.9584	0.15520000000105938	UpDownStatesTimeIntervals				UP	
17772.5784	0.12160000000221771	UpDownStatesTimeIntervals				UP	
17773.0736	0.0864000000001397	UpDownStatesTimeIntervals				UP	
17773.6096	0.2319999999999709	UpDownStatesTimeIntervals				UP	
17774.2976	0.1591999999982363	UpDownStatesTimeIntervals				UP	
17774.9384	0.2175999999999476	UpDownStatesTimeIntervals				UP	
17776.34	0.1529999999984284	HSETimeIntervals		17776.373	17776.4165		
17776.4656	0.372800000001007	UpDownStatesTimeIntervals				UP	
17778.9664	0.17919999999867287	UpDownStatesTimeIntervals				UP	
17779.4768	0.13999999999941792	UpDownStatesTimeIntervals				UP	
17779.6712	0.13759999999820138	UpDownStatesTimeIntervals				DOWN	
17780.0608	0.12880000000222935	UpDownStatesTimeIntervals				UP	
17780.2704	0.15359999999782303	UpDownStatesTimeIntervals				DOWN	
17780.844	0.1136000000005879	UpDownStatesTimeIntervals				UP	
17781.095	0.2710000000006403	HSETimeIntervals		17781.32	17781.2305		
17783.955	0.091999999996915	HSETimeIntervals		17784.003	17784.001		
17784.072	0.26719999999841093	UpDownStatesTimeIntervals				UP	
17785.4856	0.13439999999900465	UpDownStatesTimeIntervals				UP	
17785.928	0.14879999999902793	UpDownStatesTimeIntervals				UP	
17786.5848	0.2272000000011758	UpDownStatesTimeIntervals				UP	
17787.4352	0.23839999999836436	UpDownStatesTimeIntervals				UP	
17788.1392	0.04399999999805004	UpDownStatesTimeIntervals				DOWN	
17788.1832	0.2592000000004191	UpDownStatesTimeIntervals				UP	
17789.276	0.06559999999808497	UpDownStatesTimeIntervals				DOWN	
17789.3416	0.1680000000014843	UpDownStatesTimeIntervals				UP	
17790.0744	0.0959999999977299	UpDownStatesTimeIntervals				UP	
17790.5632	0.21440000000075088	UpDownStatesTimeIntervals				UP	
17791.3112	0.19519999999829452	UpDownStatesTimeIntervals				UP	
17792.0744	0.1911999999974796	UpDownStatesTimeIntervals				UP	
17792.325	0.12700000000040745	HSETimeIntervals		17792.362	17792.3885		
17792.5144	0.06000000000130967	UpDownStatesTimeIntervals				DOWN	
17792.5744	0.16959999999744468	UpDownStatesTimeIntervals				UP	
17793.4048	0.18319999999948777	UpDownStatesTimeIntervals				UP	
17794.1264	0.1319999999977881	UpDownStatesTimeIntervals				UP	
17794.9264	0.22399999999834108	UpDownStatesTimeIntervals				UP	
17795.6808	0.21039999999993597	UpDownStatesTimeIntervals				UP	
17796.6992	0.1815999999998894	UpDownStatesTimeIntervals				UP	
17800.7544	0.27119999999922584	UpDownStatesTimeIntervals				UP	
17801.5968	0.22000000000116415	UpDownStatesTimeIntervals				UP	
17801.612	0.0750000000007276	HSETimeIntervals		17801.645	17801.6495		
17802.5616	0.19039999999949941	UpDownStatesTimeIntervals				UP	
17802.836	0.24720000000161235	UpDownStatesTimeIntervals				DOWN	
17803.0832	0.32639999999810243	UpDownStatesTimeIntervals				UP	
17803.756	0.10080000000016298	UpDownStatesTimeIntervals				UP	
17804.4168	0.2080000000023574	UpDownStatesTimeIntervals				UP	
17805.1696	0.2007999999987078	UpDownStatesTimeIntervals				UP	
17805.9712	0.24880000000121072	UpDownStatesTimeIntervals				UP	
17809.9008	0.13279999999940628	RippleTimeIntervals		17810.0328			
17811.9464	0.12080000000059954	UpDownStatesTimeIntervals				UP	
17812.544	0.14959999999700813	UpDownStatesTimeIntervals				UP	
17813.6224	0.2088000000003376	UpDownStatesTimeIntervals				UP	
17813.8936	0.08320000000094296	RippleTimeIntervals		17813.9496			
17814.6296	0.27520000000004075	UpDownStatesTimeIntervals				UP	
17815.9	0.07679999999891152	UpDownStatesTimeIntervals				DOWN	
17815.9768	0.2871999999988475	UpDownStatesTimeIntervals				UP	
17816.4072	0.051199999998061685	UpDownStatesTimeIntervals				DOWN	
17818.2544	0.22399999999834108	UpDownStatesTimeIntervals				UP	
17818.452	0.125	HSETimeIntervals		17818.539	17818.5145		
17818.5648	0.07359999999971478	RippleTimeIntervals		17818.5872			
17818.6952	0.056000000000494765	UpDownStatesTimeIntervals				DOWN	
17823.5104	0.14879999999902793	UpDownStatesTimeIntervals				UP	
17823.5448	0.07920000000012806	RippleTimeIntervals		17823.5656			
17824.0824	0.4464000000007218	UpDownStatesTimeIntervals				UP	
17827.1976	0.1320000000014261	UpDownStatesTimeIntervals				UP	
17830.046	0.0750000000007276	HSETimeIntervals		17830.096	17830.083499999997		
17832.3224	0.19919999999910942	UpDownStatesTimeIntervals				UP	
17832.604	0.07700000000113505	HSETimeIntervals		17832.649	17832.642499999998		
17832.904	0.11520000000018626	UpDownStatesTimeIntervals				UP	
17833.3992	0.09600000000136788	UpDownStatesTimeIntervals				UP	
17833.8952	0.09679999999934807	UpDownStatesTimeIntervals				DOWN	
17834.06	0.40239999999903375	UpDownStatesTimeIntervals				UP	
17834.628	0.15680000000065775	UpDownStatesTimeIntervals				DOWN	
17834.7848	0.1319999999977881	UpDownStatesTimeIntervals				UP	
17835.7376	0.22959999999875436	UpDownStatesTimeIntervals				UP	
17837.5912	0.09760000000096625	RippleTimeIntervals		17837.6584			
17838.1096	0.2992000000012922	UpDownStatesTimeIntervals				UP	
17838.776	0.06799999999930151	RippleTimeIntervals		17838.7928			
17838.8312	0.24880000000121072	UpDownStatesTimeIntervals				UP	
17839.416	0.20799999999871943	UpDownStatesTimeIntervals				UP	
17840.2672	0.11600000000180444	UpDownStatesTimeIntervals				UP	
17841.0432	0.1320000000014261	UpDownStatesTimeIntervals				UP	
17842.7696	0.38479999999981374	UpDownStatesTimeIntervals				UP	
17843.392	0.13760000000183936	UpDownStatesTimeIntervals				UP	
17845.3296	0.3359999999993306	UpDownStatesTimeIntervals				UP	
17846.2232	0.14640000000144937	UpDownStatesTimeIntervals				DOWN	
17848.4744	0.4576000000015483	UpDownStatesTimeIntervals				UP	
17849.6752	0.15759999999863794	UpDownStatesTimeIntervals				UP	
17851.856	0.06000000000130967	HSETimeIntervals		17851.885	17851.886		
17852.9824	0.29919999999765423	UpDownStatesTimeIntervals				DOWN	
17853.6736	0.16880000000310247	UpDownStatesTimeIntervals				UP	
17856.0048	0.1455999999998312	RippleTimeIntervals		17856.1072			
17856.014	0.12199999999938882	HSETimeIntervals		17856.066	17856.075		
17858.867	0.07800000000133878	HSETimeIntervals		17858.91	17858.906		
17860.4024	0.08799999999973807	RippleTimeIntervals		17860.404			
17862.313000000002	0.10199999999895226	HSETimeIntervals		17862.383	17862.364		
17866.294	0.13699999999880674	HSETimeIntervals		17866.402000000002	17866.362500000003		
17867.2024	0.11120000000300934	RippleTimeIntervals		17867.2256			
17868.6344	0.33439999999973224	UpDownStatesTimeIntervals				DOWN	
17868.821	0.2570000000014261	HSETimeIntervals		17868.918	17868.9495		
17868.9688	0.26080000000001746	UpDownStatesTimeIntervals				UP	
17869.5864	0.05760000000009313	UpDownStatesTimeIntervals				DOWN	
17871.62	0.08899999999994179	HSETimeIntervals		17871.670000000002	17871.6645		
17873.58	0.4539999999979045	HSETimeIntervals		17873.788	17873.807		
17874.621	0.14400000000023283	HSETimeIntervals		17874.736	17874.693		
17875.616	0.1529999999984284	HSETimeIntervals		17875.717	17875.6925		
17884.0608	0.24720000000161235	UpDownStatesTimeIntervals				DOWN	
17884.308	0.2767999999996391	UpDownStatesTimeIntervals				UP	
17884.8168	0.10559999999895808	UpDownStatesTimeIntervals				UP	
17885.6056	0.22479999999995925	UpDownStatesTimeIntervals				UP	
17886.2416	0.1775999999990745	UpDownStatesTimeIntervals				UP	
17887.0736	0.13839999999981956	UpDownStatesTimeIntervals				UP	
17887.496	0.1224000000001979	UpDownStatesTimeIntervals				DOWN	
17887.6184	0.2776000000012573	UpDownStatesTimeIntervals				UP	
17887.683	0.2069999999985157	HSETimeIntervals		17887.736	17887.786500000002		
17887.91	0.12199999999938882	HSETimeIntervals		17887.992	17887.971		
17890.5216	0.03919999999925494	UpDownStatesTimeIntervals				DOWN	
17890.5608	0.1415999999990163	UpDownStatesTimeIntervals				UP	
17890.796	0.2110000000029686	HSETimeIntervals		17890.846	17890.9015		
17891.267	0.19700000000011642	HSETimeIntervals		17891.420000000002	17891.3655		
17891.646	0.24399999999877764	HSETimeIntervals		17891.68	17891.768		
17892.406	0.2510000000002037	HSETimeIntervals		17892.45	17892.531499999997		
17906.565	0.14199999999982538	HSETimeIntervals		17906.645	17906.636		
17910.362	0.10099999999874854	HSETimeIntervals		17910.406	17910.412500000002		
17913.9632	0.1408000000010361	UpDownStatesTimeIntervals				UP	
17914.456	0.1320000000014261	UpDownStatesTimeIntervals				UP	
17914.5824	0.06799999999930151	RippleTimeIntervals		17914.5984			
17915.1176	0.007999999997991836	UpDownStatesTimeIntervals				DOWN	
17915.1256	0.1408000000010361	UpDownStatesTimeIntervals				UP	
17915.6488	0.22639999999955762	UpDownStatesTimeIntervals				UP	
17917.4496	0.1224000000001979	UpDownStatesTimeIntervals				UP	
17917.631	0.20499999999810825	HSETimeIntervals		17917.709	17917.733500000002		
17917.849000000002	0.1669999999976426	HSETimeIntervals		17917.947	17917.932500000003		
17919.312	0.26080000000001746	UpDownStatesTimeIntervals				UP	
17919.554	0.3489999999983411	HSETimeIntervals		17919.723	17919.7285		
17919.7752	0.20319999999992433	UpDownStatesTimeIntervals				UP	
17921.2528	0.13119999999980791	UpDownStatesTimeIntervals				UP	
17924.7032	0.1224000000001979	UpDownStatesTimeIntervals				DOWN	
17924.8256	0.13920000000143773	UpDownStatesTimeIntervals				UP	
17925.2528	0.24320000000079744	UpDownStatesTimeIntervals				UP	
17925.339	0.23300000000017462	HSETimeIntervals		17925.538	17925.4555		
17926.1528	0.11920000000100117	UpDownStatesTimeIntervals				UP	
17927.3336	0.16959999999744468	UpDownStatesTimeIntervals				UP	
17927.892	0.09400000000096043	HSETimeIntervals		17927.947	17927.939		
17929.355	0.22100000000136788	HSETimeIntervals		17929.533	17929.4655		
17936.945	0.12700000000040745	HSETimeIntervals		17936.986	17937.0085		
17938.3616	0.22479999999995925	UpDownStatesTimeIntervals				UP	
17938.9808	0.15679999999701977	UpDownStatesTimeIntervals				UP	
17941.736	0.11520000000018626	UpDownStatesTimeIntervals				UP	
17942.2672	0.12880000000222935	UpDownStatesTimeIntervals				UP	
17942.7152	0.1592000000018743	UpDownStatesTimeIntervals				UP	
17943.8664	0.20080000000234577	UpDownStatesTimeIntervals				UP	
17945.4424	0.16719999999986612	UpDownStatesTimeIntervals				UP	
17945.9688	0.11600000000180444	RippleTimeIntervals		17946.0744			
17945.9928	0.1415999999990163	UpDownStatesTimeIntervals				UP	
17949.156	0.32960000000093714	UpDownStatesTimeIntervals				UP	
17953.9992	0.06880000000091968	RippleTimeIntervals		17954.0144			
17955.6856	0.16719999999986612	UpDownStatesTimeIntervals				UP	
17956.4152	0.040000000000873115	UpDownStatesTimeIntervals				DOWN	
17956.4552	0.20720000000073924	UpDownStatesTimeIntervals				UP	
17957.3528	0.18959999999788124	UpDownStatesTimeIntervals				UP	
17958.188	0.15280000000348082	UpDownStatesTimeIntervals				UP	
17958.6856	0.2088000000003376	UpDownStatesTimeIntervals				UP	
17958.9192	0.2511999999987893	UpDownStatesTimeIntervals				DOWN	
17959.5048	0.1496000000006461	UpDownStatesTimeIntervals				UP	
17961.409	0.06899999999950523	HSETimeIntervals		17961.444	17961.4435		
17962.344	0.236799999998766	UpDownStatesTimeIntervals				UP	
17962.4632	0.16560000000026776	RippleTimeIntervals		17962.4952			
17965.4896	0.5112000000008265	UpDownStatesTimeIntervals				DOWN	
17966.0008	0.363999999997759	UpDownStatesTimeIntervals				UP	
17969.0432	0.15680000000065775	UpDownStatesTimeIntervals				UP	
17970.6632	0.14400000000023283	UpDownStatesTimeIntervals				UP	
17971.1656	0.1680000000014843	UpDownStatesTimeIntervals				UP	
17971.664	0.08719999999811989	UpDownStatesTimeIntervals				DOWN	
17971.8944	0.2959999999984575	UpDownStatesTimeIntervals				UP	
17978.504	0.08699999999953434	HSETimeIntervals		17978.559	17978.5475		
17979.115	0.09999999999854481	HSETimeIntervals		17979.18	17979.165		
17981.0	78.0	SleepStates					WAKEstate
17981.1904	3005.5679666666656	epochs	fCamk5_210406_135939				
17986.991	0.06599999999889405	HSETimeIntervals		17987.025	17987.024		
17991.458	0.10500000000320142	HSETimeIntervals		17991.512	17991.5105		
17991.603	0.09900000000197906	HSETimeIntervals		17991.667	17991.6525		
17991.879	0.11599999999816646	HSETimeIntervals		17991.934	17991.937		
17995.644	0.2220000000015716	HSETimeIntervals		17995.75	17995.755		
17997.534	0.364000000001397	HSETimeIntervals		17997.666	17997.716		
17999.625	0.1680000000014843	HSETimeIntervals		17999.756	17999.709		
18008.145	0.10800000000017462	HSETimeIntervals		18008.214	18008.199		
18009.458	0.12300000000323053	HSETimeIntervals		18009.555	18009.5195		
18012.966	0.08099999999831198	HSETimeIntervals		18013.0	18013.0065		
18015.373	0.09600000000136788	HSETimeIntervals		18015.422	18015.421		
18018.395	0.07099999999991269	HSETimeIntervals		18018.434	18018.430500000002		
18018.879	0.10900000000037835	HSETimeIntervals		18018.926	18018.9335		
18020.216	0.08899999999994179	HSETimeIntervals		18020.26	18020.2605		
18022.116	0.08799999999973807	HSETimeIntervals		18022.159	18022.160000000003		
18027.975	0.1400000000030559	HSETimeIntervals		18028.08	18028.045		
18030.824	0.1389999999992142	HSETimeIntervals		18030.934	18030.893500000002		
18032.772	0.059999999997671694	HSETimeIntervals		18032.804	18032.802		
18032.918	0.07899999999790452	HSETimeIntervals		18032.964	18032.9575		
18033.365	0.12099999999918509	HSETimeIntervals		18033.441	18033.4255		
18038.216	0.14500000000043656	HSETimeIntervals		18038.314	18038.2885		
18039.762	0.09100000000034925	HSETimeIntervals		18039.804	18039.8075		
18040.607	0.13799999999901047	HSETimeIntervals		18040.695	18040.676		
18043.654	0.19200000000273576	HSETimeIntervals		18043.776	18043.75		
18057.759000000002	0.15899999999965075	HSETimeIntervals		18057.801	18057.8385		
18060.0	306.0	SleepStates					NREMstate
18061.2904	0.04079999999885331	UpDownStatesTimeIntervals				DOWN	
18061.437	0.08299999999871943	HSETimeIntervals		18061.475	18061.4785		
18062.0192	0.34800000000177533	UpDownStatesTimeIntervals				UP	
18067.352	0.3830000000016298	HSETimeIntervals		18067.534	18067.5435		
18073.79	0.09899999999834108	HSETimeIntervals		18073.831000000002	18073.839500000002		
18074.389	0.1290000000008149	HSETimeIntervals		18074.464	18074.4535		
18074.724	0.1408000000010361	UpDownStatesTimeIntervals				UP	
18075.303	0.3209999999999127	HSETimeIntervals		18075.442	18075.4635		
18076.182	0.24799999999959255	HSETimeIntervals		18076.236	18076.306		
18077.55	0.45600000000194996	HSETimeIntervals		18077.949	18077.778		
18078.0432	0.1136000000005879	RippleTimeIntervals		18078.1328			
18078.5904	0.15199999999822467	UpDownStatesTimeIntervals				UP	
18079.2904	0.07200000000011642	UpDownStatesTimeIntervals				DOWN	
18079.3624	0.227999999999156	UpDownStatesTimeIntervals				UP	
18080.3744	0.13759999999820138	UpDownStatesTimeIntervals				UP	
18080.8864	0.15040000000226428	UpDownStatesTimeIntervals				UP	
18081.6392	0.16079999999783468	UpDownStatesTimeIntervals				UP	
18081.957	0.1900000000023283	HSETimeIntervals		18082.003	18082.052		
18082.856	0.10299999999915599	HSETimeIntervals		18082.895	18082.9075		
18084.816	0.12800000000061118	HSETimeIntervals		18084.906	18084.879999999997		
18085.622	0.08499999999912689	HSETimeIntervals		18085.653	18085.6645		
18087.008	0.11919999999736319	UpDownStatesTimeIntervals				UP	
18087.9976	0.15600000000267755	UpDownStatesTimeIntervals				UP	
18088.9416	0.25200000000040745	UpDownStatesTimeIntervals				UP	
18089.13	0.2109999999993306	HSETimeIntervals		18089.169	18089.235500000003		
18089.7744	0.1496000000006461	UpDownStatesTimeIntervals				UP	
18091.2856	0.22639999999955762	UpDownStatesTimeIntervals				UP	
18093.0728	0.236799999998766	UpDownStatesTimeIntervals				UP	
18093.734	0.08099999999831198	HSETimeIntervals		18093.769	18093.7745		
18093.9568	0.1503999999986263	UpDownStatesTimeIntervals				UP	
18093.987	0.48999999999796273	HSETimeIntervals		18094.264	18094.232		
18094.7016	0.13999999999941792	UpDownStatesTimeIntervals				UP	
18098.032	0.44900000000052387	HSETimeIntervals		18098.334	18098.2565		
18098.4648	0.22239999999874271	UpDownStatesTimeIntervals				UP	
18098.503	0.2639999999992142	HSETimeIntervals		18098.732	18098.635000000002		
18099.252	0.13999999999941792	UpDownStatesTimeIntervals				UP	
18099.9976	0.2175999999999476	UpDownStatesTimeIntervals				UP	
18104.6008	0.13279999999940628	UpDownStatesTimeIntervals				UP	
18104.7864	0.24879999999757274	UpDownStatesTimeIntervals				DOWN	
18105.0352	0.23360000000320724	UpDownStatesTimeIntervals				UP	
18105.5792	0.2776000000012573	UpDownStatesTimeIntervals				UP	
18107.485	0.08799999999973807	HSETimeIntervals		18107.533	18107.529000000002		
18110.54	0.10299999999915599	HSETimeIntervals		18110.586	18110.591500000002		
18115.1112	0.1584000000002561	UpDownStatesTimeIntervals				UP	
18116.0392	0.1584000000002561	UpDownStatesTimeIntervals				UP	
18116.7888	0.1680000000014843	UpDownStatesTimeIntervals				DOWN	
18116.9568	0.13119999999980791	UpDownStatesTimeIntervals				UP	
18117.5088	0.1408000000010361	UpDownStatesTimeIntervals				UP	
18118.22	0.11999999999898137	UpDownStatesTimeIntervals				DOWN	
18119.2192	0.3544000000001688	UpDownStatesTimeIntervals				UP	
18122.506	0.10399999999935972	HSETimeIntervals		18122.553	18122.558		
18135.5152	0.14479999999821302	UpDownStatesTimeIntervals				UP	
18137.0	0.15199999999822467	UpDownStatesTimeIntervals				UP	
18140.3584	0.17120000000068103	UpDownStatesTimeIntervals				UP	
18152.288	0.21440000000075088	UpDownStatesTimeIntervals				UP	
18155.533	0.11700000000200816	HSETimeIntervals		18155.619	18155.5915		
18170.4248	0.16479999999864958	UpDownStatesTimeIntervals				UP	
18173.65	0.21500000000014552	HSETimeIntervals		18173.826	18173.7575		
18174.247	0.07099999999991269	HSETimeIntervals		18174.287	18174.2825		
18176.859	0.09500000000116415	HSETimeIntervals		18176.886	18176.9065		
18177.794	0.19499999999970896	HSETimeIntervals		18177.846	18177.8915		
18192.625	0.13300000000162981	HSETimeIntervals		18192.73	18192.6915		
18200.1776	0.16159999999945285	UpDownStatesTimeIntervals				UP	
18200.6672	0.03680000000167638	UpDownStatesTimeIntervals				DOWN	
18202.007	0.11099999999714782	HSETimeIntervals		18202.088	18202.0625		
18204.431	0.06899999999950523	HSETimeIntervals		18204.47	18204.465500000002		
18210.267	0.10299999999915599	HSETimeIntervals		18210.318	18210.3185		
18212.407	0.0610000000015134	HSETimeIntervals		18212.44	18212.4375		
18215.085	0.17699999999967986	HSETimeIntervals		18215.224000000002	18215.1735		
18223.2896	0.32879999999931897	UpDownStatesTimeIntervals				UP	
18233.947	0.1529999999984284	HSETimeIntervals		18234.055	18234.0235		
18238.989	0.09299999999711872	HSETimeIntervals		18239.048	18239.0355		
18240.9296	0.0591999999996915	UpDownStatesTimeIntervals				DOWN	
18241.2584	0.16240000000107102	UpDownStatesTimeIntervals				UP	
18247.22	0.09000000000014552	HSETimeIntervals		18247.279	18247.265		
18247.411	0.11999999999898137	HSETimeIntervals		18247.495	18247.471		
18247.5632	0.43760000000111177	UpDownStatesTimeIntervals				UP	
18248.4864	0.34799999999813735	UpDownStatesTimeIntervals				UP	
18260.954	0.15399999999863212	HSETimeIntervals		18261.06	18261.031000000003		
18273.917	0.059999999997671694	HSETimeIntervals		18273.95	18273.947		
18281.056	0.16560000000026776	UpDownStatesTimeIntervals				UP	
18282.779	0.13100000000122236	HSETimeIntervals		18282.884000000002	18282.8445		
18293.146	0.10499999999956344	HSETimeIntervals		18293.203	18293.198500000002		
18294.747	0.12399999999979627	HSETimeIntervals		18294.781	18294.809		
18307.024	0.0639999999984866	HSETimeIntervals		18307.057	18307.056		
18316.264	0.09500000000116415	HSETimeIntervals		18316.326	18316.3115		
18316.3808	0.1632000000026892	UpDownStatesTimeIntervals				UP	
18320.5024	0.1584000000002561	UpDownStatesTimeIntervals				UP	
18320.9896	0.0319999999992433	UpDownStatesTimeIntervals				DOWN	
18321.1784	0.32879999999931897	UpDownStatesTimeIntervals				UP	
18321.27	0.3169999999990978	HSETimeIntervals		18321.443	18321.4285		
18321.6048	0.3279999999977008	UpDownStatesTimeIntervals				UP	
18322.7704	0.44800000000032014	UpDownStatesTimeIntervals				DOWN	
18323.3912	0.3352000000013504	UpDownStatesTimeIntervals				UP	
18323.7944	0.21840000000156579	UpDownStatesTimeIntervals				UP	
18324.3904	0.11040000000139116	UpDownStatesTimeIntervals				UP	
18327.1976	0.1224000000001979	RippleTimeIntervals		18327.2128			
18327.2896	0.13759999999820138	UpDownStatesTimeIntervals				UP	
18327.7824	0.07359999999971478	RippleTimeIntervals		18327.8096			
18327.8432	0.040000000000873115	UpDownStatesTimeIntervals				DOWN	
18327.8832	0.10800000000017462	UpDownStatesTimeIntervals				UP	
18328.7504	0.15279999999984284	UpDownStatesTimeIntervals				UP	
18329.7024	0.1368000000002212	UpDownStatesTimeIntervals				UP	
18330.0632	0.07119999999849824	UpDownStatesTimeIntervals				DOWN	
18330.2736	0.09679999999934807	UpDownStatesTimeIntervals				UP	
18330.892	0.26080000000001746	UpDownStatesTimeIntervals				UP	
18333.2936	0.13039999999818974	UpDownStatesTimeIntervals				UP	
18333.5504	0.04079999999885331	UpDownStatesTimeIntervals				DOWN	
18334.028	0.36080000000220025	UpDownStatesTimeIntervals				UP	
18336.238	0.08699999999953434	HSETimeIntervals		18336.29	18336.2815		
18336.871	0.08500000000276486	HSETimeIntervals		18336.918	18336.9135		
18337.412	0.17439999999987776	UpDownStatesTimeIntervals				UP	
18338.4328	0.1496000000006461	UpDownStatesTimeIntervals				DOWN	
18338.7192	0.17919999999867287	UpDownStatesTimeIntervals				UP	
18339.5672	0.47599999999874854	UpDownStatesTimeIntervals				UP	
18340.4328	0.07040000000051805	RippleTimeIntervals		18340.4616			
18340.7896	0.12399999999979627	UpDownStatesTimeIntervals				UP	
18341.4432	0.2231999999967229	UpDownStatesTimeIntervals				UP	
18341.953	0.11499999999796273	HSETimeIntervals		18342.015	18342.0105		
18343.1208	0.05519999999887659	UpDownStatesTimeIntervals				DOWN	
18343.26	0.14320000000225264	UpDownStatesTimeIntervals				UP	
18344.7512	0.1959999999999127	UpDownStatesTimeIntervals				UP	
18345.6552	0.13359999999738648	UpDownStatesTimeIntervals				UP	
18345.9832	0.3536000000021886	UpDownStatesTimeIntervals				UP	
18346.824	0.11599999999816646	UpDownStatesTimeIntervals				DOWN	
18347.1792	0.144800000001851	UpDownStatesTimeIntervals				UP	
18347.7816	0.11440000000220607	UpDownStatesTimeIntervals				UP	
18348.337	0.17599999999947613	HSETimeIntervals		18348.384000000002	18348.425		
18348.4792	0.12879999999859137	UpDownStatesTimeIntervals				UP	
18348.7816	0.2264000000031956	UpDownStatesTimeIntervals				DOWN	
18348.946	0.27300000000104774	HSETimeIntervals		18349.012	18349.0825		
18349.1448	0.153600000001461	UpDownStatesTimeIntervals				UP	
18351.049	0.07700000000113505	HSETimeIntervals		18351.086	18351.087499999998		
18351.262	0.06700000000273576	HSETimeIntervals		18351.296	18351.2955		
18352.138	0.2570000000014261	HSETimeIntervals		18352.201	18352.266499999998		
18352.518	0.18000000000029104	HSETimeIntervals		18352.565	18352.608		
18352.711	0.2900000000008731	HSETimeIntervals		18352.749	18352.856		
18353.627	0.29200000000128057	HSETimeIntervals		18353.672	18353.773		
18353.864	0.4503999999978987	UpDownStatesTimeIntervals				UP	
18354.472	0.10099999999874854	HSETimeIntervals		18354.526	18354.522500000003		
18354.617	0.2540000000008149	HSETimeIntervals		18354.741	18354.744		
18356.1392	0.13999999999941792	UpDownStatesTimeIntervals				UP	
18356.856	0.11040000000139116	UpDownStatesTimeIntervals				UP	
18357.4848	0.22000000000116415	UpDownStatesTimeIntervals				UP	
18358.493	0.3389999999999418	HSETimeIntervals		18358.687	18358.6625		
18359.8736	0.1176000000014028	RippleTimeIntervals		18359.8968			
18362.132	0.16079999999783468	UpDownStatesTimeIntervals				UP	
18362.709	0.1820000000006985	HSETimeIntervals		18362.753	18362.8		
18363.758	0.08099999999831198	HSETimeIntervals		18363.793	18363.7985		
18364.626	0.0750000000007276	HSETimeIntervals		18364.668	18364.6635		
18367.0	69.0	SleepStates					WAKEstate
18368.524	0.08299999999871943	HSETimeIntervals		18368.572	18368.5655		
18373.782	0.352999999999156	HSETimeIntervals		18373.962	18373.9585		
18400.566	0.06800000000293949	HSETimeIntervals		18400.601	18400.6		
18406.068	0.09500000000116415	HSETimeIntervals		18406.102	18406.1155		
18420.074	0.1929999999993015	HSETimeIntervals		18420.113	18420.1705		
18425.731	0.07800000000133878	HSETimeIntervals		18425.763	18425.77		
18428.793	0.1790000000000873	HSETimeIntervals		18428.833	18428.8825		
18431.158	0.33399999999892316	HSETimeIntervals		18431.251	18431.325		
18437.0	277.0	SleepStates					NREMstate
18444.4296	0.24320000000079744	UpDownStatesTimeIntervals				UP	
18444.7608	0.14319999999861466	UpDownStatesTimeIntervals				DOWN	
18445.5536	0.11920000000100117	UpDownStatesTimeIntervals				UP	
18447.192	0.26959999999962747	UpDownStatesTimeIntervals				UP	
18448.2288	0.22880000000077416	UpDownStatesTimeIntervals				UP	
18451.547	0.07099999999991269	HSETimeIntervals		18451.586	18451.5825		
18462.459	0.10599999999976717	HSETimeIntervals		18462.536	18462.512		
18466.507	0.1889999999984866	HSETimeIntervals		18466.548	18466.6015		
18466.78	0.1856000000007043	UpDownStatesTimeIntervals				UP	
18467.817	0.11500000000160071	HSETimeIntervals		18467.905	18467.874499999998		
18469.661	0.09899999999834108	HSETimeIntervals		18469.731	18469.7105		
18494.5544	0.19759999999951106	UpDownStatesTimeIntervals				UP	
18494.629	0.22000000000116415	HSETimeIntervals		18494.682	18494.739		
18495.6896	0.16560000000026776	UpDownStatesTimeIntervals				UP	
18498.061	0.06799999999930151	HSETimeIntervals		18498.095	18498.095		
18499.58	0.07499999999708962	HSETimeIntervals		18499.621	18499.6175		
18505.0232	0.17039999999906286	UpDownStatesTimeIntervals				UP	
18508.3296	0.12479999999777647	UpDownStatesTimeIntervals				UP	
18508.444	0.11200000000098953	HSETimeIntervals		18508.522	18508.5		
18518.5544	0.46080000000074506	UpDownStatesTimeIntervals				DOWN	
18519.2536	0.16960000000108266	UpDownStatesTimeIntervals				UP	
18520.476	0.17500000000291038	HSETimeIntervals		18520.52	18520.5635		
18527.974000000002	0.10599999999976717	HSETimeIntervals		18528.047	18528.027000000002		
18529.676	0.19199999999909778	HSETimeIntervals		18529.759000000002	18529.772		
18531.272	0.1110000000007858	HSETimeIntervals		18531.332	18531.3275		
18534.8304	0.13999999999941792	UpDownStatesTimeIntervals				UP	
18539.928	0.09500000000116415	HSETimeIntervals		18539.99	18539.9755		
18550.9016	0.1496000000006461	UpDownStatesTimeIntervals				UP	
18553.489	0.12299999999959255	HSETimeIntervals		18553.552	18553.5505		
18557.731	0.1430000000000291	HSETimeIntervals		18557.774	18557.802499999998		
18558.0136	0.4728000000031898	UpDownStatesTimeIntervals				UP	
18558.5928	0.2760000000016589	UpDownStatesTimeIntervals				DOWN	
18572.537	0.08499999999912689	HSETimeIntervals		18572.579	18572.5795		
18581.6448	0.1768000000010943	UpDownStatesTimeIntervals				UP	
18595.924	0.0930000000007567	HSETimeIntervals		18595.982	18595.9705		
18599.8184	0.2952000000004773	UpDownStatesTimeIntervals				UP	
18603.802	0.22300000000177533	HSETimeIntervals		18603.87	18603.9135		
18605.032	0.35680000000138534	UpDownStatesTimeIntervals				UP	
18605.349000000002	0.22999999999956344	HSETimeIntervals		18605.398	18605.464000000004		
18606.409	0.23400000000037835	HSETimeIntervals		18606.516	18606.525999999998		
18606.7016	0.0632000000005064	UpDownStatesTimeIntervals				DOWN	
18607.4	0.23119999999835272	UpDownStatesTimeIntervals				UP	
18608.4296	0.1728000000002794	UpDownStatesTimeIntervals				UP	
18608.7608	0.07359999999971478	UpDownStatesTimeIntervals				DOWN	
18608.8344	0.37919999999940046	UpDownStatesTimeIntervals				UP	
18609.4584	0.15120000000024447	UpDownStatesTimeIntervals				UP	
18609.9552	0.13279999999940628	UpDownStatesTimeIntervals				UP	
18610.5808	0.26160000000163564	UpDownStatesTimeIntervals				UP	
18611.0056	0.29279999999926076	UpDownStatesTimeIntervals				DOWN	
18611.484	0.1415999999990163	UpDownStatesTimeIntervals				UP	
18611.734	0.0750000000007276	HSETimeIntervals		18611.775	18611.7715		
18611.87	0.07400000000052387	HSETimeIntervals		18611.903	18611.907		
18612.0104	0.14879999999902793	UpDownStatesTimeIntervals				UP	
18612.2552	0.1368000000002212	UpDownStatesTimeIntervals				DOWN	
18612.43	0.11200000000098953	HSETimeIntervals		18612.509000000002	18612.486		
18612.8	0.0930000000007567	HSETimeIntervals		18612.836	18612.8465		
18612.9136	0.280800000000454	UpDownStatesTimeIntervals				UP	
18613.139	0.21000000000276486	HSETimeIntervals		18613.199	18613.244		
18614.157	0.25200000000040745	HSETimeIntervals		18614.302	18614.283		
18616.6304	0.14560000000346918	UpDownStatesTimeIntervals				UP	
18617.349000000002	0.09499999999752617	HSETimeIntervals		18617.404	18617.396500000003		
18617.8136	0.12559999999939464	UpDownStatesTimeIntervals				UP	
18617.9864	0.13039999999818974	UpDownStatesTimeIntervals				DOWN	
18618.972	0.26719999999841093	UpDownStatesTimeIntervals				UP	
18619.4664	0.07359999999971478	UpDownStatesTimeIntervals				DOWN	
18620.096	0.17679999999745633	UpDownStatesTimeIntervals				UP	
18620.234	0.16899999999805004	HSETimeIntervals		18620.356	18620.3185		
18620.724	0.09200000000055297	UpDownStatesTimeIntervals				UP	
18620.782	0.2570000000014261	HSETimeIntervals		18620.9	18620.910499999998		
18621.148	0.2639999999992142	UpDownStatesTimeIntervals				UP	
18621.7904	0.1503999999986263	UpDownStatesTimeIntervals				UP	
18622.3888	0.19840000000112923	UpDownStatesTimeIntervals				UP	
18622.79	0.4850000000005821	HSETimeIntervals		18623.082	18623.0325		
18622.8888	0.10080000000016298	UpDownStatesTimeIntervals				UP	
18623.3968	0.23359999999956926	UpDownStatesTimeIntervals				UP	
18623.9064	0.21680000000196742	UpDownStatesTimeIntervals				UP	
18625.824	0.2952000000004773	UpDownStatesTimeIntervals				UP	
18626.4368	0.10399999999935972	UpDownStatesTimeIntervals				UP	
18627.528	0.10560000000259606	UpDownStatesTimeIntervals				UP	
18627.925	0.27400000000125146	HSETimeIntervals		18627.987	18628.061999999998		
18628.0528	0.1591999999982363	UpDownStatesTimeIntervals				UP	
18628.51	0.24100000000180444	HSETimeIntervals		18628.633	18628.6305		
18629.511	0.1860000000015134	HSETimeIntervals		18629.649	18629.604		
18630.092	0.12080000000059954	UpDownStatesTimeIntervals				UP	
18631.174	0.06799999999930151	HSETimeIntervals		18631.21	18631.208		
18631.377	0.0790000000015425	HSETimeIntervals		18631.418	18631.4165		
18631.499	0.20899999999892316	HSETimeIntervals		18631.668	18631.6035		
18632.393	0.19199999999909778	HSETimeIntervals		18632.549	18632.489		
18632.606	0.23400000000037835	HSETimeIntervals		18632.667	18632.722999999998		
18633.135	0.26900000000023283	HSETimeIntervals		18633.281	18633.2695		
18634.891	0.07700000000113505	HSETimeIntervals		18634.933	18634.9295		
18636.682	0.08599999999933061	HSETimeIntervals		18636.724000000002	18636.725000000002		
18639.656	0.1264000000010128	UpDownStatesTimeIntervals				UP	
18640.4904	0.18000000000029104	UpDownStatesTimeIntervals				UP	
18641.376	0.26559999999881256	UpDownStatesTimeIntervals				UP	
18642.4016	0.1319999999977881	UpDownStatesTimeIntervals				UP	
18642.964	0.16080000000147265	UpDownStatesTimeIntervals				UP	
18644.4072	0.2903999999980442	UpDownStatesTimeIntervals				UP	
18645.0864	0.2864000000008673	UpDownStatesTimeIntervals				UP	
18646.2664	0.2767999999996391	UpDownStatesTimeIntervals				UP	
18647.1232	0.06719999999768334	UpDownStatesTimeIntervals				DOWN	
18647.4112	0.09920000000056461	UpDownStatesTimeIntervals				UP	
18647.86	0.32079999999768916	UpDownStatesTimeIntervals				UP	
18648.49	0.11099999999714782	HSETimeIntervals		18648.527000000002	18648.5455		
18648.676	0.22560000000157743	UpDownStatesTimeIntervals				UP	
18648.786	0.17699999999967986	HSETimeIntervals		18648.914	18648.8745		
18649.214	0.17399999999906868	HSETimeIntervals		18649.256	18649.301		
18649.6544	0.1543999999994412	UpDownStatesTimeIntervals				UP	
18650.2864	0.118399999999383	UpDownStatesTimeIntervals				DOWN	
18650.4776	0.3944000000010419	UpDownStatesTimeIntervals				UP	
18651.4808	0.21999999999752617	UpDownStatesTimeIntervals				UP	
18652.3416	0.11679999999978463	UpDownStatesTimeIntervals				UP	
18653.182	0.09799999999813735	HSETimeIntervals		18653.25	18653.231		
18654.04	0.17299999999886495	HSETimeIntervals		18654.084	18654.126500000002		
18654.486	0.27699999999822467	HSETimeIntervals		18654.612	18654.6245		
18655.179	0.0750000000007276	HSETimeIntervals		18655.22	18655.2165		
18655.297	0.1040000000029977	HSETimeIntervals		18655.364	18655.349		
18656.4048	0.11999999999898137	UpDownStatesTimeIntervals				UP	
18656.764	0.10959999999977299	UpDownStatesTimeIntervals				DOWN	
18656.8736	0.136000000002241	UpDownStatesTimeIntervals				UP	
18657.5944	0.27039999999760767	UpDownStatesTimeIntervals				UP	
18658.5888	0.11199999999735155	RippleTimeIntervals		18658.6848			
18659.2296	0.030399999999644933	RippleTimeIntervals		18659.232			
18659.516	0.30240000000048894	UpDownStatesTimeIntervals				UP	
18659.7064	0.08959999999933643	RippleTimeIntervals		18659.7904			
18661.173	0.06999999999970896	HSETimeIntervals		18661.21	18661.208		
18661.461	0.12099999999918509	HSETimeIntervals		18661.508	18661.5215		
18663.439	0.3070000000006985	HSETimeIntervals		18663.602	18663.5925		
18665.232	0.1500000000014552	HSETimeIntervals		18665.314	18665.307		
18665.5912	0.4032000000006519	UpDownStatesTimeIntervals				UP	
18666.3192	0.14879999999902793	UpDownStatesTimeIntervals				UP	
18667.2552	0.19840000000112923	UpDownStatesTimeIntervals				UP	
18668.2632	0.21679999999832944	UpDownStatesTimeIntervals				DOWN	
18668.5704	0.25279999999838765	RippleTimeIntervals		18668.7056			
18668.6304	0.14400000000023283	UpDownStatesTimeIntervals				UP	
18669.684	0.06899999999950523	HSETimeIntervals		18669.718	18669.718500000003		
18669.977	0.07200000000011642	HSETimeIntervals		18670.018	18670.013		
18671.1864	0.23440000000118744	UpDownStatesTimeIntervals				UP	
18672.084	0.28720000000248547	UpDownStatesTimeIntervals				UP	
18672.5408	0.12559999999939464	UpDownStatesTimeIntervals				UP	
18673.2016	0.08959999999933643	UpDownStatesTimeIntervals				UP	
18673.694	0.20500000000174623	HSETimeIntervals		18673.853	18673.7965		
18674.553	0.0790000000015425	HSETimeIntervals		18674.599000000002	18674.5925		
18675.692	0.1069999999999709	HSETimeIntervals		18675.744	18675.7455		
18677.347	0.30899999999746797	HSETimeIntervals		18677.594	18677.501500000002		
18677.3648	0.15040000000226428	UpDownStatesTimeIntervals				UP	
18677.868	0.144800000001851	UpDownStatesTimeIntervals				UP	
18678.6368	0.06000000000130967	UpDownStatesTimeIntervals				DOWN	
18678.903	0.19200000000273576	HSETimeIntervals		18678.966	18678.999		
18679.004	0.19280000000071595	UpDownStatesTimeIntervals				UP	
18686.588	0.2139999999999418	HSETimeIntervals		18686.771	18686.695		
18689.8352	0.127199999998993	UpDownStatesTimeIntervals				UP	
18690.2704	0.07839999999850988	UpDownStatesTimeIntervals				DOWN	
18690.437	0.3539999999993597	HSETimeIntervals		18690.509000000002	18690.614		
18691.119	0.4570000000021537	HSETimeIntervals		18691.171	18691.3475		
18692.2552	0.21039999999993597	UpDownStatesTimeIntervals				UP	
18693.24	0.05040000000008149	UpDownStatesTimeIntervals				DOWN	
18693.2904	0.10479999999733991	UpDownStatesTimeIntervals				UP	
18694.1176	0.16079999999783468	UpDownStatesTimeIntervals				UP	
18694.6576	0.19680000000153086	UpDownStatesTimeIntervals				UP	
18695.6672	0.2815999999984342	UpDownStatesTimeIntervals				UP	
18696.556	0.26559999999881256	UpDownStatesTimeIntervals				UP	
18699.3376	0.3544000000001688	UpDownStatesTimeIntervals				UP	
18700.789	0.17199999999866122	HSETimeIntervals		18700.920000000002	18700.875		
18701.5296	0.1415999999990163	UpDownStatesTimeIntervals				UP	
18705.3032	0.14320000000225264	UpDownStatesTimeIntervals				UP	
18706.1528	0.32159999999930733	UpDownStatesTimeIntervals				UP	
18706.892	0.1584000000002561	UpDownStatesTimeIntervals				DOWN	
18707.0504	0.3496000000013737	UpDownStatesTimeIntervals				UP	
18710.3504	0.3919999999998254	UpDownStatesTimeIntervals				UP	
18710.689	0.1069999999999709	HSETimeIntervals		18710.737	18710.7425		
18711.0416	0.1463999999978114	UpDownStatesTimeIntervals				UP	
18711.6176	0.1224000000001979	UpDownStatesTimeIntervals				UP	
18714.299	0.125	HSETimeIntervals		18714.34	18714.3615		
18714.448	0.43000000000029104	HSETimeIntervals		18714.837	18714.663		
18715.0	17.0	SleepStates					WAKEstate
18718.776	0.11699999999837019	HSETimeIntervals		18718.821	18718.8345		
18733.0	34.0	SleepStates					NREMstate
18733.274	0.33699999999953434	HSETimeIntervals		18733.569	18733.4425		
18734.452	0.24399999999877764	HSETimeIntervals		18734.517	18734.574		
18734.528	0.07920000000012806	UpDownStatesTimeIntervals				UP	
18735.024	0.1543999999994412	UpDownStatesTimeIntervals				UP	
18735.5832	0.10080000000016298	UpDownStatesTimeIntervals				UP	
18736.731	0.20500000000174623	HSETimeIntervals		18736.854	18736.8335		
18737.5064	0.20960000000195578	UpDownStatesTimeIntervals				UP	
18738.536	0.3280000000013388	HSETimeIntervals		18738.567	18738.7		
18738.894	0.08699999999953434	HSETimeIntervals		18738.923	18738.9375		
18739.595	0.41300000000046566	HSETimeIntervals		18739.920000000002	18739.8015		
18740.8624	0.24639999999999418	UpDownStatesTimeIntervals				UP	
18740.931	0.22199999999793363	HSETimeIntervals		18740.974000000002	18741.042		
18741.353	0.31300000000192085	HSETimeIntervals		18741.61	18741.5095		
18741.5376	0.1224000000001979	UpDownStatesTimeIntervals				UP	
18742.269	0.18100000000049477	HSETimeIntervals		18742.395	18742.3595		
18742.4056	0.22000000000116415	UpDownStatesTimeIntervals				UP	
18743.3032	0.39760000000023865	UpDownStatesTimeIntervals				UP	
18744.2912	0.18800000000192085	UpDownStatesTimeIntervals				UP	
18744.8952	0.09920000000056461	UpDownStatesTimeIntervals				UP	
18745.681	0.1569999999992433	HSETimeIntervals		18745.756	18745.7595		
18747.6216	0.11200000000098953	UpDownStatesTimeIntervals				UP	
18748.0192	0.2712000000028638	UpDownStatesTimeIntervals				UP	
18748.5944	0.025599999997211853	UpDownStatesTimeIntervals				DOWN	
18748.62	0.127200000002631	UpDownStatesTimeIntervals				UP	
18749.2696	0.14879999999902793	UpDownStatesTimeIntervals				UP	
18749.717	0.18500000000130967	HSETimeIntervals		18749.853	18749.8095		
18750.217	0.23500000000058208	HSETimeIntervals		18750.294	18750.3345		
18750.2256	0.14319999999861466	UpDownStatesTimeIntervals				UP	
18751.506	0.1709999999984575	HSETimeIntervals		18751.54	18751.591500000002		
18752.55	0.09800000000177533	HSETimeIntervals		18752.609	18752.599		
18752.7672	0.18240000000150758	UpDownStatesTimeIntervals				UP	
18753.5976	0.29839999999967404	UpDownStatesTimeIntervals				UP	
18755.6568	0.3735999999989872	UpDownStatesTimeIntervals				UP	
18756.2616	0.18479999999908614	UpDownStatesTimeIntervals				UP	
18757.7048	0.14879999999902793	UpDownStatesTimeIntervals				UP	
18759.9072	0.16079999999783468	UpDownStatesTimeIntervals				UP	
18760.112	0.36160000000018044	UpDownStatesTimeIntervals				DOWN	
18762.6112	0.10559999999895808	UpDownStatesTimeIntervals				UP	
18762.84	0.09500000000116415	HSETimeIntervals		18762.883	18762.8875		
18763.1232	0.1639999999970314	UpDownStatesTimeIntervals				UP	
18765.929	0.29500000000189175	HSETimeIntervals		18765.971	18766.0765		
18766.3544	0.4000000000014552	UpDownStatesTimeIntervals				UP	
18768.0	44.0	SleepStates					WAKEstate
18771.094	0.12099999999918509	HSETimeIntervals		18771.134000000002	18771.1545		
18771.599000000002	0.3919999999998254	HSETimeIntervals		18771.89	18771.795000000002		
18772.992	0.2760000000016589	HSETimeIntervals		18773.231	18773.129999999997		
18775.328	0.07300000000032014	HSETimeIntervals		18775.366	18775.3645		
18777.035	0.16700000000128057	HSETimeIntervals		18777.069	18777.1185		
18777.235	0.3109999999978754	HSETimeIntervals		18777.505	18777.3905		
18780.64	0.06899999999950523	HSETimeIntervals		18780.676	18780.6745		
18782.966	0.13699999999880674	HSETimeIntervals		18783.036	18783.0345		
18787.597	0.1709999999984575	HSETimeIntervals		18787.734	18787.682500000003		
18787.936	0.4489999999968859	HSETimeIntervals		18788.037	18788.1605		
18789.156	0.37100000000282307	HSETimeIntervals		18789.482	18789.3415		
18790.203	0.09999999999854481	HSETimeIntervals		18790.257	18790.253		
18791.121	0.27300000000104774	HSETimeIntervals		18791.356	18791.2575		
18792.179	0.32700000000113505	HSETimeIntervals		18792.255	18792.3425		
18794.569	0.11000000000058208	HSETimeIntervals		18794.603	18794.624		
18799.536	0.16500000000087311	HSETimeIntervals		18799.655	18799.6185		
18800.55	0.29800000000250293	HSETimeIntervals		18800.633	18800.699		
18803.591	0.2779999999984284	HSETimeIntervals		18803.835	18803.73		
18804.375	0.07800000000133878	HSETimeIntervals		18804.417	18804.414		
18810.453	0.1790000000000873	HSETimeIntervals		18810.519	18810.5425		
18812.445	0.2900000000008731	HSETimeIntervals		18812.65	18812.59		
18813.0	29.0	SleepStates					NREMstate
18814.6344	0.1455999999998312	UpDownStatesTimeIntervals				UP	
18814.8112	0.042399999998451676	UpDownStatesTimeIntervals				DOWN	
18815.001	0.16500000000087311	HSETimeIntervals		18815.036	18815.0835		
18815.216	0.2360000000007858	HSETimeIntervals		18815.382	18815.334		
18815.49	0.10800000000017462	HSETimeIntervals		18815.564	18815.544		
18815.608	0.3280000000013388	HSETimeIntervals		18815.718	18815.772		
18816.261	0.22700000000259024	HSETimeIntervals		18816.381	18816.374499999998		
18817.379	0.1669999999976426	HSETimeIntervals		18817.415	18817.4625		
18817.586	0.1320000000014261	HSETimeIntervals		18817.665	18817.652		
18817.944	0.17599999999947613	UpDownStatesTimeIntervals				UP	
18819.391	0.1929999999993015	HSETimeIntervals		18819.549	18819.4875		
18820.153	0.3900000000030559	HSETimeIntervals		18820.191	18820.347999999998		
18822.682	0.2849999999998545	HSETimeIntervals		18822.75	18822.824500000002		
18823.7	0.16899999999805004	HSETimeIntervals		18823.829	18823.7845		
18823.986	0.2180000000007567	HSETimeIntervals		18824.03	18824.095		
18825.0672	0.2599999999983993	UpDownStatesTimeIntervals				UP	
18826.627	0.14400000000023283	HSETimeIntervals		18826.719	18826.699		
18827.665	0.10099999999874854	HSETimeIntervals		18827.706000000002	18827.715500000002		
18828.170000000002	0.23299999999653664	HSETimeIntervals		18828.277000000002	18828.286500000002		
18828.1808	0.0632000000005064	UpDownStatesTimeIntervals				DOWN	
18828.4392	0.1687999999994645	UpDownStatesTimeIntervals				UP	
18828.79	0.23400000000037835	HSETimeIntervals		18828.926	18828.907		
18830.468	0.13279999999940628	UpDownStatesTimeIntervals				UP	
18831.293	0.3029999999998836	HSETimeIntervals		18831.518	18831.4445		
18832.104	0.10399999999935972	HSETimeIntervals		18832.141	18832.156		
18833.746	0.11900000000241562	HSETimeIntervals		18833.829	18833.8055		
18834.9248	0.1463999999978114	UpDownStatesTimeIntervals				UP	
18835.4736	0.2855999999992491	UpDownStatesTimeIntervals				UP	
18836.4088	0.11999999999898137	UpDownStatesTimeIntervals				UP	
18837.2064	0.20319999999992433	UpDownStatesTimeIntervals				UP	
18843.0	11.0	SleepStates					WAKEstate
18843.344	0.26900000000023283	HSETimeIntervals		18843.57	18843.4785		
18845.428	0.19499999999970896	HSETimeIntervals		18845.568	18845.5255		
18846.739	0.13399999999819556	HSETimeIntervals		18846.795000000002	18846.806		
18850.058	0.2180000000007567	HSETimeIntervals		18850.234	18850.167		
18851.412	0.17299999999886495	HSETimeIntervals		18851.526	18851.4985		
18853.217	0.1610000000000582	HSETimeIntervals		18853.255	18853.2975		
18854.435	0.1790000000000873	HSETimeIntervals		18854.502	18854.5245		
18854.5984	0.22080000000278233	UpDownStatesTimeIntervals				UP	
18855.0	107.0	SleepStates					NREMstate
18855.3432	0.15599999999903957	UpDownStatesTimeIntervals				UP	
18855.9744	0.25760000000082073	UpDownStatesTimeIntervals				UP	
18857.563000000002	0.15499999999883585	HSETimeIntervals		18857.6	18857.6405		
18858.0488	0.03359999999884167	UpDownStatesTimeIntervals				DOWN	
18858.0824	0.21680000000196742	UpDownStatesTimeIntervals				UP	
18858.7176	0.1224000000001979	UpDownStatesTimeIntervals				UP	
18863.2656	0.2319999999999709	UpDownStatesTimeIntervals				UP	
18863.8256	0.12399999999979627	UpDownStatesTimeIntervals				UP	
18864.083	0.24600000000282307	HSETimeIntervals		18864.247	18864.206		
18867.3376	0.20319999999992433	UpDownStatesTimeIntervals				UP	
18868.284	0.22880000000077416	UpDownStatesTimeIntervals				UP	
18868.6352	0.33519999999771244	UpDownStatesTimeIntervals				UP	
18869.4384	0.08239999999932479	UpDownStatesTimeIntervals				DOWN	
18869.73	0.08599999999933061	HSETimeIntervals		18869.775	18869.773		
18869.8056	0.1503999999986263	UpDownStatesTimeIntervals				UP	
18871.843	0.21500000000014552	HSETimeIntervals		18871.892	18871.9505		
18872.625	0.07800000000133878	HSETimeIntervals		18872.667	18872.664		
18873.5472	0.13839999999981956	UpDownStatesTimeIntervals				UP	
18873.63	0.1610000000000582	HSETimeIntervals		18873.675	18873.7105		
18874.836	0.12800000000061118	UpDownStatesTimeIntervals				UP	
18875.3192	0.09039999999731663	RippleTimeIntervals		18875.3888			
18876.0232	0.1768000000010943	UpDownStatesTimeIntervals				UP	
18876.171	0.12300000000323053	HSETimeIntervals		18876.213	18876.2325		
18879.8224	0.19440000000031432	UpDownStatesTimeIntervals				UP	
18881.0256	0.12960000000020955	UpDownStatesTimeIntervals				UP	
18882.29	0.13000000000101863	HSETimeIntervals		18882.348	18882.355		
18884.98	0.2989999999990687	HSETimeIntervals		18885.113	18885.1295		
18885.4096	0.22639999999955762	UpDownStatesTimeIntervals				UP	
18886.077	0.0750000000007276	HSETimeIntervals		18886.111	18886.1145		
18886.0848	0.13119999999980791	UpDownStatesTimeIntervals				UP	
18887.2136	0.17120000000068103	UpDownStatesTimeIntervals				UP	
18890.875	0.07700000000113505	HSETimeIntervals		18890.916	18890.9135		
18896.863	0.2209999999977299	HSETimeIntervals		18896.972	18896.9735		
18897.332	0.30160000000250875	UpDownStatesTimeIntervals				UP	
18899.727	0.1640000000006694	HSETimeIntervals		18899.862	18899.808999999997		
18900.691	0.06999999999970896	HSETimeIntervals		18900.728	18900.726		
18905.5712	0.36480000000301516	UpDownStatesTimeIntervals				UP	
18905.957	0.08899999999994179	HSETimeIntervals		18906.007	18906.0015		
18912.799	0.20700000000215368	HSETimeIntervals		18912.954	18912.9025		
18913.512	0.22160000000076252	UpDownStatesTimeIntervals				UP	
18914.0544	0.21039999999993597	UpDownStatesTimeIntervals				UP	
18914.074	0.2959999999984575	HSETimeIntervals		18914.241	18914.222		
18915.036	0.1389999999992142	HSETimeIntervals		18915.078	18915.1055		
18915.916	0.4679999999971187	UpDownStatesTimeIntervals				UP	
18916.6848	0.17360000000189757	UpDownStatesTimeIntervals				DOWN	
18916.8584	0.3063999999976659	UpDownStatesTimeIntervals				UP	
18918.2096	0.09280000000217115	RippleTimeIntervals		18918.2688			
18918.673	0.06400000000212458	HSETimeIntervals		18918.705	18918.704999999998		
18921.1464	0.17199999999866122	UpDownStatesTimeIntervals				UP	
18921.8888	0.06719999999768334	UpDownStatesTimeIntervals				DOWN	
18921.956	0.127200000002631	UpDownStatesTimeIntervals				UP	
18922.6712	0.1823999999978696	UpDownStatesTimeIntervals				UP	
18922.98	0.48800000000119326	HSETimeIntervals		18923.149	18923.224		
18923.503	0.10800000000017462	HSETimeIntervals		18923.55	18923.557		
18927.32	0.11999999999898137	RippleTimeIntervals		18927.3536			
18927.548	0.1543999999994412	UpDownStatesTimeIntervals				UP	
18928.04	0.127199999998993	UpDownStatesTimeIntervals				UP	
18928.6328	0.1176000000014028	UpDownStatesTimeIntervals				UP	
18929.14	0.254400000001624	UpDownStatesTimeIntervals				DOWN	
18929.3944	0.3096000000005006	UpDownStatesTimeIntervals				UP	
18929.9424	0.22079999999914435	UpDownStatesTimeIntervals				UP	
18931.827	0.2429999999985739	HSETimeIntervals		18931.977	18931.948500000002		
18933.147	0.08299999999871943	HSETimeIntervals		18933.194	18933.1885		
18933.7	0.14099999999962165	HSETimeIntervals		18933.739	18933.770500000002		
18934.6584	0.37919999999940046	UpDownStatesTimeIntervals				UP	
18935.0928	0.36080000000220025	UpDownStatesTimeIntervals				DOWN	
18937.2744	0.1224000000001979	UpDownStatesTimeIntervals				UP	
18937.7504	0.4599999999991269	UpDownStatesTimeIntervals				DOWN	
18938.4968	0.3647999999993772	UpDownStatesTimeIntervals				UP	
18939.3768	0.43760000000111177	UpDownStatesTimeIntervals				UP	
18939.8656	0.17120000000068103	UpDownStatesTimeIntervals				DOWN	
18940.2112	0.10959999999977299	UpDownStatesTimeIntervals				UP	
18944.8968	0.22880000000077416	UpDownStatesTimeIntervals				UP	
18945.529	0.30500000000029104	HSETimeIntervals		18945.649	18945.6815		
18945.7704	0.13919999999779975	UpDownStatesTimeIntervals				UP	
18945.972	0.4499999999970896	HSETimeIntervals		18946.064	18946.197		
18946.844	0.25799999999799184	HSETimeIntervals		18946.888	18946.973		
18947.1224	0.2319999999999709	UpDownStatesTimeIntervals				UP	
18947.171	0.0970000000015716	HSETimeIntervals		18947.219	18947.2195		
18947.7072	0.1368000000002212	UpDownStatesTimeIntervals				UP	
18949.443	0.2849999999998545	HSETimeIntervals		18949.686	18949.5855		
18951.3216	0.13040000000182772	UpDownStatesTimeIntervals				UP	
18953.8272	0.38320000000021537	UpDownStatesTimeIntervals				UP	
18955.348	0.20639999999912106	UpDownStatesTimeIntervals				UP	
18956.0872	0.03919999999925494	UpDownStatesTimeIntervals				DOWN	
18956.1264	0.21039999999993597	UpDownStatesTimeIntervals				UP	
18956.253	0.1929999999993015	HSETimeIntervals		18956.379	18956.3495		
18956.47	0.11000000000058208	HSETimeIntervals		18956.534	18956.525		
18956.901	0.21799999999711872	HSETimeIntervals		18956.954	18957.010000000002		
18957.0072	0.14319999999861466	UpDownStatesTimeIntervals				UP	
18957.61	0.13599999999860302	HSETimeIntervals		18957.653	18957.678		
18957.896	0.2779999999984284	HSETimeIntervals		18957.961	18958.035		
18958.8696	0.08319999999730499	UpDownStatesTimeIntervals				DOWN	
18958.9528	0.12399999999979627	UpDownStatesTimeIntervals				UP	
18959.9	0.23099999999976717	HSETimeIntervals		18960.078	18960.0155		
18962.9	0.0779999999977008	HSETimeIntervals		18962.943	18962.939000000002		
18963.0	421.0	SleepStates					WAKEstate
18969.466	0.09200000000055297	HSETimeIntervals		18969.525	18969.512		
18974.59	0.07300000000032014	HSETimeIntervals		18974.631	18974.6265		
18979.229	0.21199999999953434	HSETimeIntervals		18979.398	18979.335		
18985.018	0.10599999999976717	HSETimeIntervals		18985.069	18985.071		
18990.353	0.14199999999982538	HSETimeIntervals		18990.458	18990.424		
18994.141	0.09900000000197906	HSETimeIntervals		18994.18	18994.1905		
18999.956000000002	0.07099999999991269	HSETimeIntervals		18999.995	18999.991500000004		
19002.373	0.1640000000006694	HSETimeIntervals		19002.454	19002.454999999998		
19007.977	0.09800000000177533	HSETimeIntervals		19008.047	19008.025999999998		
19010.291	0.11899999999877764	HSETimeIntervals		19010.375	19010.3505		
19013.397	0.13099999999758438	HSETimeIntervals		19013.443	19013.4625		
19013.662	0.06899999999950523	HSETimeIntervals		19013.696	19013.696500000002		
19017.759000000002	0.19099999999889405	HSETimeIntervals		19017.914	19017.8545		
19021.864	0.07400000000052387	HSETimeIntervals		19021.909	19021.901		
19023.543	0.14500000000043656	HSETimeIntervals		19023.657	19023.6155		
19027.948	0.07700000000113505	HSETimeIntervals		19027.99	19027.9865		
19029.975	0.08400000000256114	HSETimeIntervals		19030.024	19030.017		
19036.366	0.09000000000014552	HSETimeIntervals		19036.408	19036.411		
19037.929	0.13999999999941792	HSETimeIntervals		19037.998	19037.999		
19040.559	0.07300000000032014	HSETimeIntervals		19040.594	19040.5955		
19041.976	0.10900000000037835	HSETimeIntervals		19042.026	19042.030499999997		
19049.348	0.14499999999679858	HSETimeIntervals		19049.453	19049.4205		
19051.374	0.06999999999970896	HSETimeIntervals		19051.41	19051.409		
19057.22	0.08299999999871943	HSETimeIntervals		19057.259000000002	19057.2615		
19058.678	0.11400000000139698	HSETimeIntervals		19058.733	19058.735		
19059.57	0.09100000000034925	HSETimeIntervals		19059.628	19059.6155		
19063.588	0.08499999999912689	HSETimeIntervals		19063.644	19063.6305		
19066.755	0.07300000000032014	HSETimeIntervals		19066.792	19066.7915		
19067.71	0.07600000000093132	HSETimeIntervals		19067.754	19067.748		
19068.595	0.19700000000011642	HSETimeIntervals		19068.674	19068.6935		
19070.001	0.10800000000017462	HSETimeIntervals		19070.073	19070.055		
19071.303	0.14099999999962165	HSETimeIntervals		19071.408	19071.3735		
19071.992000000002	0.06699999999909778	HSETimeIntervals		19072.024	19072.025500000003		
19074.868	0.17300000000250293	HSETimeIntervals		19074.997	19074.9545		
19078.63	0.09999999999854481	HSETimeIntervals		19078.677	19078.68		
19078.838	0.12800000000061118	HSETimeIntervals		19078.914	19078.902		
19087.381	0.15899999999965075	HSETimeIntervals		19087.512	19087.4605		
19089.855	0.08899999999994179	HSETimeIntervals		19089.912	19089.8995		
19090.437	0.13599999999860302	HSETimeIntervals		19090.541	19090.505		
19093.831000000002	0.20199999999749707	HSETimeIntervals		19093.884000000002	19093.932		
19101.226	0.09600000000136788	HSETimeIntervals		19101.293	19101.273999999998		
19101.641	0.11000000000058208	HSETimeIntervals		19101.694	19101.696		
19103.674	0.13100000000122236	HSETimeIntervals		19103.712	19103.7395		
19106.049	0.24400000000241562	HSETimeIntervals		19106.244	19106.171		
19109.35	0.06800000000293949	HSETimeIntervals		19109.39	19109.384		
19112.739	0.06199999999807915	HSETimeIntervals		19112.769	19112.77		
19115.65	0.15999999999985448	HSETimeIntervals		19115.698	19115.730000000003		
19118.587	0.1640000000006694	HSETimeIntervals		19118.716	19118.668999999998		
19119.955	0.07200000000011642	HSETimeIntervals		19119.996	19119.991		
19120.153	0.11800000000221189	HSETimeIntervals		19120.231	19120.212		
19121.91	0.21199999999953434	HSETimeIntervals		19122.088	19122.016		
19122.166	0.13699999999880674	HSETimeIntervals		19122.251	19122.234500000002		
19123.757	0.07400000000052387	HSETimeIntervals		19123.789	19123.794		
19125.62	0.3470000000015716	HSETimeIntervals		19125.826	19125.7935		
19136.691	0.07200000000011642	HSETimeIntervals		19136.724000000002	19136.727		
19146.46	0.07700000000113505	HSETimeIntervals		19146.498	19146.498499999998		
19149.171	0.056000000000494765	HSETimeIntervals		19149.199	19149.198999999997		
19160.522	0.08799999999973807	HSETimeIntervals		19160.583	19160.566000000003		
19164.91	0.09000000000014552	HSETimeIntervals		19164.961	19164.954999999998		
19168.764	0.06899999999950523	HSETimeIntervals		19168.8	19168.7985		
19169.54	0.09499999999752617	HSETimeIntervals		19169.589	19169.5875		
19180.357	0.12199999999938882	HSETimeIntervals		19180.406	19180.418		
19185.187	0.06599999999889405	HSETimeIntervals		19185.223	19185.22		
19190.182	0.22899999999935972	HSETimeIntervals		19190.384000000002	19190.2965		
19202.669	0.14099999999962165	HSETimeIntervals		19202.772	19202.739500000003		
19203.592	0.12199999999938882	HSETimeIntervals		19203.663	19203.653000000002		
19215.748	0.0750000000007276	HSETimeIntervals		19215.79	19215.785499999998		
19215.952	0.09899999999834108	HSETimeIntervals		19216.011	19216.001500000002		
19218.889	0.11200000000098953	HSETimeIntervals		19218.969	19218.945		
19224.98	0.06999999999970896	HSETimeIntervals		19225.014	19225.015		
19226.293	0.09399999999732245	HSETimeIntervals		19226.349000000002	19226.34		
19233.963	0.08499999999912689	HSETimeIntervals		19234.01	19234.0055		
19236.923	0.09100000000034925	HSETimeIntervals		19236.986	19236.9685		
19240.825	0.125	HSETimeIntervals		19240.909	19240.8875		
19244.641	0.1749999999992724	HSETimeIntervals		19244.677	19244.7285		
19244.886	0.05800000000090222	HSETimeIntervals		19244.917	19244.914999999997		
19245.312	0.21299999999973807	HSETimeIntervals		19245.418	19245.418500000003		
19246.74	0.14699999999720603	HSETimeIntervals		19246.83	19246.8135		
19248.841	0.06199999999807915	HSETimeIntervals		19248.869	19248.872		
19249.633	0.06999999999970896	HSETimeIntervals		19249.670000000002	19249.668		
19250.392	0.08799999999973807	HSETimeIntervals		19250.444	19250.436		
19250.583	0.08400000000256114	HSETimeIntervals		19250.625	19250.625		
19255.374	0.09500000000116415	HSETimeIntervals		19255.406	19255.4215		
19255.662	0.1610000000000582	HSETimeIntervals		19255.725	19255.7425		
19257.099000000002	0.23099999999976717	HSETimeIntervals		19257.296	19257.214500000002		
19271.919	0.06299999999828287	HSETimeIntervals		19271.948	19271.950500000003		
19274.708	0.06700000000273576	HSETimeIntervals		19274.742000000002	19274.7415		
19282.081000000002	0.12599999999656575	HSETimeIntervals		19282.127	19282.144		
19283.688000000002	0.08099999999831198	HSETimeIntervals		19283.729	19283.7285		
19284.236	0.16200000000026193	HSETimeIntervals		19284.285	19284.317		
19286.439	0.08800000000337604	HSETimeIntervals		19286.484	19286.483		
19291.41	0.19099999999889405	HSETimeIntervals		19291.447	19291.5055		
19294.158	0.4239999999990687	HSETimeIntervals		19294.543	19294.37		
19297.898	0.2559999999975844	HSETimeIntervals		19298.031	19298.026		
19302.963	0.22699999999895226	HSETimeIntervals		19303.073	19303.0765		
19313.787	0.1610000000000582	HSETimeIntervals		19313.892	19313.8675		
19317.738	0.0819999999985157	HSETimeIntervals		19317.786	19317.779000000002		
19318.747	0.15200000000186265	HSETimeIntervals		19318.862	19318.823		
19321.012	0.1220000000030268	HSETimeIntervals		19321.062	19321.073		
19331.167	0.07099999999991269	HSETimeIntervals		19331.199	19331.202500000003		
19333.501	0.34100000000034925	HSETimeIntervals		19333.642	19333.6715		
19342.439	0.06300000000192085	HSETimeIntervals		19342.477	19342.4705		
19342.753	0.06299999999828287	HSETimeIntervals		19342.783	19342.7845		
19350.979	0.14199999999982538	HSETimeIntervals		19351.02	19351.05		
19351.171	0.07700000000113505	HSETimeIntervals		19351.212	19351.209499999997		
19354.74	0.08499999999912689	HSETimeIntervals		19354.794	19354.7825		
19361.681	0.13599999999860302	HSETimeIntervals		19361.779	19361.749		
19362.196	0.11200000000098953	HSETimeIntervals		19362.23	19362.252		
19363.654	0.1040000000029977	HSETimeIntervals		19363.699	19363.706		
19363.771	0.18999999999869033	HSETimeIntervals		19363.849000000002	19363.866		
19364.895	0.07999999999810825	HSETimeIntervals		19364.93	19364.935		
19367.976	0.12000000000261934	HSETimeIntervals		19368.067	19368.036		
19375.018	0.12600000000020373	HSETimeIntervals		19375.06	19375.081		
19377.721	0.07099999999991269	HSETimeIntervals		19377.757	19377.756500000003		
19377.927	0.2040000000015425	HSETimeIntervals		19377.97	19378.029		
19385.0	8.0	SleepStates					NREMstate
19385.354	0.1069999999999709	HSETimeIntervals		19385.388	19385.4075		
19387.124	0.15999999999985448	UpDownStatesTimeIntervals				UP	
19388.7104	0.18400000000110595	UpDownStatesTimeIntervals				UP	
19389.536	0.09679999999934807	UpDownStatesTimeIntervals				DOWN	
19392.435	0.09799999999813735	HSETimeIntervals		19392.502	19392.484		
19394.0	1502.0	SleepStates					WAKEstate
19417.113	0.06899999999950523	HSETimeIntervals		19417.145	19417.147500000003		
19441.413	0.2540000000008149	HSETimeIntervals		19441.461	19441.54		
19448.855	0.09600000000136788	HSETimeIntervals		19448.907	19448.903		
19450.947	0.08399999999892316	HSETimeIntervals		19450.993	19450.989		
19452.318	0.17300000000250293	HSETimeIntervals		19452.457	19452.4045		
19458.492000000002	0.06599999999889405	HSETimeIntervals		19458.53	19458.525		
19462.719	0.13399999999819556	HSETimeIntervals		19462.807	19462.786		
19463.416	0.09699999999793363	HSETimeIntervals		19463.47	19463.464500000002		
19465.199	0.1349999999983993	HSETimeIntervals		19465.256	19465.2665		
19477.376	0.11000000000058208	HSETimeIntervals		19477.448	19477.431		
19479.099000000002	0.2709999999970023	HSETimeIntervals		19479.251	19479.234500000002		
19479.652000000002	0.33699999999953434	HSETimeIntervals		19479.904	19479.8205		
19483.289	0.06699999999909778	HSETimeIntervals		19483.325	19483.322500000002		
19485.497	0.09500000000116415	HSETimeIntervals		19485.554	19485.5445		
19488.124	0.1389999999992142	HSETimeIntervals		19488.184	19488.1935		
19499.659	0.0750000000007276	HSETimeIntervals		19499.699	19499.6965		
19516.328	0.10599999999976717	HSETimeIntervals		19516.37	19516.381		
19526.06	0.13099999999758438	HSETimeIntervals		19526.118	19526.125500000002		
19540.676	0.08300000000235741	HSETimeIntervals		19540.725	19540.7175		
19549.052	0.12800000000061118	HSETimeIntervals		19549.144	19549.115999999998		
19556.59	0.11500000000160071	HSETimeIntervals		19556.667	19556.6475		
19561.392	0.06599999999889405	HSETimeIntervals		19561.425	19561.425		
19563.586	0.13100000000122236	HSETimeIntervals		19563.669	19563.6515		
19566.064	0.06300000000192085	HSETimeIntervals		19566.097	19566.0955		
19569.104	0.07600000000093132	HSETimeIntervals		19569.141	19569.142		
19570.762	0.21000000000276486	HSETimeIntervals		19570.814	19570.867		
19572.337	0.08599999999933061	HSETimeIntervals		19572.383	19572.38		
19586.649	0.15999999999985448	HSETimeIntervals		19586.743	19586.729000000003		
19608.417	0.07200000000011642	HSETimeIntervals		19608.461	19608.453		
19620.801	0.09800000000177533	HSETimeIntervals		19620.842	19620.85		
19629.14	0.10200000000259024	HSETimeIntervals		19629.201	19629.191		
19630.759000000002	0.08599999999933061	HSETimeIntervals		19630.808	19630.802000000003		
19650.672	0.09200000000055297	HSETimeIntervals		19650.727	19650.717999999997		
19652.551	0.09100000000034925	HSETimeIntervals		19652.597	19652.5965		
19653.837	0.0790000000015425	HSETimeIntervals		19653.873	19653.8765		
19662.663	0.15999999999985448	HSETimeIntervals		19662.697	19662.743000000002		
19665.074	0.07400000000052387	HSETimeIntervals		19665.117000000002	19665.111		
19668.265	0.125	HSETimeIntervals		19668.356	19668.3275		
19675.005	0.07899999999790452	HSETimeIntervals		19675.051	19675.0445		
19681.709	0.09600000000136788	HSETimeIntervals		19681.764	19681.756999999998		
19687.829	0.10199999999895226	HSETimeIntervals		19687.886	19687.88		
19691.757	0.3220000000001164	HSETimeIntervals		19691.923	19691.918		
19711.148	0.11199999999735155	HSETimeIntervals		19711.217	19711.204		
19720.301	0.11200000000098953	HSETimeIntervals		19720.339	19720.357		
19725.1	0.044799999999668216	RippleTimeIntervals		19725.1104			
19726.622	0.11800000000221189	HSETimeIntervals		19726.709	19726.681		
19732.449	0.14800000000104774	HSETimeIntervals		19732.557	19732.523		
19738.353	0.13300000000162981	HSETimeIntervals		19738.39	19738.4195		
19742.91	0.20799999999871943	HSETimeIntervals		19743.016	19743.014		
19750.604	0.07200000000011642	HSETimeIntervals		19750.646	19750.64		
19751.526	0.1749999999992724	HSETimeIntervals		19751.668	19751.613500000003		
19760.447	0.1290000000008149	HSETimeIntervals		19760.483	19760.5115		
19763.991	0.16999999999825377	HSETimeIntervals		19764.104	19764.076		
19768.624	0.27400000000125146	HSETimeIntervals		19768.682	19768.761		
19784.859	0.0750000000007276	HSETimeIntervals		19784.905	19784.8965		
19809.328	0.18799999999828287	HSETimeIntervals		19809.413	19809.422000000002		
19811.429	0.10099999999874854	HSETimeIntervals		19811.484	19811.4795		
19812.87	0.06999999999970896	HSETimeIntervals		19812.907	19812.905		
19826.719	0.11499999999796273	HSETimeIntervals		19826.794	19826.7765		
19826.878	0.07200000000011642	HSETimeIntervals		19826.913	19826.914		
19830.465	0.18100000000049477	HSETimeIntervals		19830.574	19830.5555		
19830.863	0.06999999999970896	HSETimeIntervals		19830.896	19830.898		
19834.482	0.09900000000197906	HSETimeIntervals		19834.535	19834.5315		
19835.559	0.1610000000000582	HSETimeIntervals		19835.686	19835.6395		
19836.48	0.08899999999994179	HSETimeIntervals		19836.532	19836.5245		
19838.327	0.0959999999977299	HSETimeIntervals		19838.388	19838.375		
19838.963	0.14600000000064028	HSETimeIntervals		19838.999	19839.036		
19845.349000000002	0.08999999999650754	HSETimeIntervals		19845.395	19845.394		
19847.63	0.11499999999796273	HSETimeIntervals		19847.72	19847.6875		
19851.109	0.17399999999906868	HSETimeIntervals		19851.228	19851.196		
19856.264	0.1110000000007858	HSETimeIntervals		19856.299	19856.319499999998		
19860.076	0.15199999999822467	HSETimeIntervals		19860.161	19860.152000000002		
19860.803	0.08000000000174623	HSETimeIntervals		19860.852	19860.843		
19862.871	0.14600000000064028	HSETimeIntervals		19862.905	19862.944		
19865.317	0.10499999999956344	HSETimeIntervals		19865.391	19865.3695		
19880.199	0.18100000000049477	HSETimeIntervals		19880.309	19880.2895		
19888.865	0.08699999999953434	HSETimeIntervals		19888.921	19888.9085		
19896.139	0.07099999999991269	HSETimeIntervals		19896.177	19896.1745		
19899.634000000002	0.06599999999889405	HSETimeIntervals		19899.672	19899.667		
19901.071	0.15799999999944703	HSETimeIntervals		19901.163	19901.15		
19901.399	0.07999999999810825	HSETimeIntervals		19901.435	19901.439000000002		
19902.128	0.13000000000101863	HSETimeIntervals		19902.18	19902.193		
19904.132	0.29499999999825377	HSETimeIntervals		19904.303	19904.2795		
19930.104	0.15500000000247383	HSETimeIntervals		19930.14	19930.1815		
19930.356	0.0970000000015716	HSETimeIntervals		19930.417	19930.4045		
19930.774	0.12600000000020373	HSETimeIntervals		19930.848	19930.837		
19932.265	0.12399999999979627	HSETimeIntervals		19932.321	19932.327		
19934.698	0.0610000000015134	HSETimeIntervals		19934.732	19934.7285		
19935.025	0.12099999999918509	HSETimeIntervals		19935.073	19935.0855		
19944.758	0.10399999999935972	HSETimeIntervals		19944.818	19944.81		
19944.992000000002	0.07299999999668216	HSETimeIntervals		19945.033	19945.0285		
19945.684	0.24099999999816646	HSETimeIntervals		19945.812	19945.804500000002		
19950.098	0.2669999999998254	HSETimeIntervals		19950.204	19950.2315		
19951.946	0.07800000000133878	HSETimeIntervals		19951.991	19951.985		
19959.526	0.15899999999965075	HSETimeIntervals		19959.641	19959.6055		
19966.569	0.27300000000104774	HSETimeIntervals		19966.812	19966.7055		
19978.272	0.08499999999912689	HSETimeIntervals		19978.321	19978.3145		
19983.567	0.4050000000024738	HSETimeIntervals		19983.664	19983.7695		
19988.227	0.08899999999994179	HSETimeIntervals		19988.278	19988.2715		
19990.343	0.0750000000007276	HSETimeIntervals		19990.376	19990.3805		
19996.388	0.09400000000096043	HSETimeIntervals		19996.443	19996.434999999998		
19996.534	0.06899999999950523	HSETimeIntervals		19996.567	19996.5685		
20001.471	0.09699999999793363	HSETimeIntervals		20001.503	20001.519500000002		
20002.15	0.113999999997759	HSETimeIntervals		20002.207	20002.207000000002		
20003.682	0.17199999999866122	HSETimeIntervals		20003.813000000002	20003.768		
20008.209	0.21700000000055297	HSETimeIntervals		20008.344	20008.317499999997		
20012.327	0.2109999999993306	HSETimeIntervals		20012.420000000002	20012.432500000003		
20013.81	0.16599999999743886	HSETimeIntervals		20013.844	20013.893		
20023.853	0.07600000000093132	HSETimeIntervals		20023.895	20023.891		
20026.588	0.44499999999970896	HSETimeIntervals		20026.634000000002	20026.8105		
20029.959	0.09000000000014552	HSETimeIntervals		20030.001	20030.003999999997		
20033.991	0.4679999999971187	HSETimeIntervals		20034.159	20034.225000000002		
20036.462	0.3140000000021246	HSETimeIntervals		20036.681	20036.619		
20039.13	0.08599999999933061	HSETimeIntervals		20039.178	20039.173000000003		
20039.342	0.10599999999976717	HSETimeIntervals		20039.408	20039.395		
20040.625	0.08899999999994179	HSETimeIntervals		20040.673	20040.6695		
20048.508	0.4279999999998836	HSETimeIntervals		20048.55	20048.722		
20057.22	0.10800000000017462	HSETimeIntervals		20057.296	20057.274		
20061.022	0.1430000000000291	HSETimeIntervals		20061.125	20061.0935		
20068.645	0.05800000000090222	HSETimeIntervals		20068.677	20068.674		
20081.871	0.3040000000000873	HSETimeIntervals		20082.073	20082.022999999997		
20082.893	0.10599999999976717	HSETimeIntervals		20082.966	20082.946		
20083.028	0.3110000000015134	HSETimeIntervals		20083.148	20083.1835		
20091.488	0.34699999999793363	HSETimeIntervals		20091.525	20091.661500000002		
20091.863	0.23099999999976717	HSETimeIntervals		20091.904	20091.9785		
20094.741	0.4389999999984866	HSETimeIntervals		20094.886	20094.9605		
20095.406	0.18800000000192085	HSETimeIntervals		20095.524	20095.5		
20095.629	0.11499999999796273	HSETimeIntervals		20095.682	20095.6865		
20107.388	0.24200000000200816	HSETimeIntervals		20107.476	20107.509		
20109.764	0.16300000000046566	HSETimeIntervals		20109.86	20109.8455		
20112.72	0.2069999999985157	HSETimeIntervals		20112.79	20112.823500000002		
20114.292	0.14600000000064028	HSETimeIntervals		20114.37	20114.365		
20133.266	0.1389999999992142	HSETimeIntervals		20133.321	20133.3355		
20138.942	0.15500000000247383	HSETimeIntervals		20138.995	20139.0195		
20139.123	0.2109999999993306	HSETimeIntervals		20139.245	20139.2285		
20139.622	0.09400000000096043	HSETimeIntervals		20139.667	20139.668999999998		
20140.296	0.2430000000022119	HSETimeIntervals		20140.418	20140.4175		
20143.238	0.09399999999732245	HSETimeIntervals		20143.299	20143.285		
20149.074	0.11200000000098953	HSETimeIntervals		20149.11	20149.13		
20150.854	0.08300000000235741	HSETimeIntervals		20150.904	20150.8955		
20153.221	0.32400000000052387	HSETimeIntervals		20153.464	20153.383		
20160.061	0.09899999999834108	HSETimeIntervals		20160.11	20160.110500000003		
20160.215	0.10299999999915599	HSETimeIntervals		20160.272	20160.2665		
20163.606	0.06799999999930151	HSETimeIntervals		20163.644	20163.64		
20167.864	0.20399999999790452	HSETimeIntervals		20168.026	20167.966		
20168.883	0.352999999999156	HSETimeIntervals		20169.186	20169.059500000003		
20171.539	0.14400000000023283	HSETimeIntervals		20171.576	20171.611		
20175.139	0.09400000000096043	HSETimeIntervals		20175.193	20175.185999999998		
20175.276	0.08899999999994179	HSETimeIntervals		20175.329	20175.3205		
20176.313000000002	0.15199999999822467	HSETimeIntervals		20176.4	20176.389000000003		
20176.666	0.07699999999749707	HSETimeIntervals		20176.707	20176.7045		
20181.579	0.11099999999714782	HSETimeIntervals		20181.655	20181.6345		
20188.194	0.1320000000014261	HSETimeIntervals		20188.276	20188.26		
20191.003	0.09600000000136788	HSETimeIntervals		20191.069	20191.051		
20192.088	0.18500000000130967	HSETimeIntervals		20192.21	20192.1805		
20195.571	0.07099999999991269	HSETimeIntervals		20195.608	20195.6065		
20203.513	0.14400000000023283	HSETimeIntervals		20203.609	20203.585		
20210.971	0.12399999999979627	HSETimeIntervals		20211.057	20211.033000000003		
20217.544	0.09999999999854481	HSETimeIntervals		20217.597	20217.594		
20224.102	0.14199999999982538	HSETimeIntervals		20224.211	20224.173		
20231.637	0.13900000000285218	HSETimeIntervals		20231.693	20231.7065		
20238.103	0.09400000000096043	HSETimeIntervals		20238.155	20238.149999999998		
20248.662	0.1610000000000582	HSETimeIntervals		20248.721	20248.7425		
20248.856	0.1069999999999709	HSETimeIntervals		20248.934	20248.9095		
20256.394	0.1069999999999709	HSETimeIntervals		20256.447	20256.447500000002		
20258.726	0.24800000000323053	HSETimeIntervals		20258.797	20258.85		
20269.776	0.06599999999889405	HSETimeIntervals		20269.811	20269.809		
20275.914	0.07899999999790452	HSETimeIntervals		20275.949	20275.9535		
20280.792	0.17699999999967986	HSETimeIntervals		20280.886	20280.880500000003		
20286.215	0.08599999999933061	HSETimeIntervals		20286.256	20286.258		
20289.453	0.08399999999892316	HSETimeIntervals		20289.489	20289.495000000003		
20289.942	0.294000000001688	HSETimeIntervals		20290.02	20290.089		
20294.923	0.08300000000235741	HSETimeIntervals		20294.967	20294.9645		
20295.048	0.07800000000133878	HSETimeIntervals		20295.08	20295.087		
20296.252	0.07999999999810825	HSETimeIntervals		20296.298	20296.292		
20296.394	0.16500000000087311	HSETimeIntervals		20296.452	20296.4765		
20296.909	0.21700000000055297	HSETimeIntervals		20296.941	20297.017499999998		
20299.263	0.1430000000000291	HSETimeIntervals		20299.303	20299.334499999997		
20307.938000000002	0.07699999999749707	HSETimeIntervals		20307.979	20307.9765		
20308.166	0.12299999999959255	HSETimeIntervals		20308.199	20308.2275		
20308.39	0.08200000000215368	HSETimeIntervals		20308.443	20308.431		
20308.942	0.06800000000293949	HSETimeIntervals		20308.978	20308.976		
20314.247	0.125	HSETimeIntervals		20314.287	20314.3095		
20314.735	0.07899999999790452	HSETimeIntervals		20314.772	20314.7745		
20315.149	0.26599999999962165	HSETimeIntervals		20315.349000000002	20315.282000000003		
20316.963	0.11800000000221189	HSETimeIntervals		20317.038	20317.022		
20318.194	0.1640000000006694	HSETimeIntervals		20318.228	20318.275999999998		
20318.577	0.2669999999998254	HSETimeIntervals		20318.791	20318.7105		
20324.366	0.1459999999970023	HSETimeIntervals		20324.409	20324.439000000002		
20328.503	0.10399999999935972	HSETimeIntervals		20328.564	20328.555		
20329.521	0.06599999999889405	HSETimeIntervals		20329.555	20329.554		
20333.634000000002	0.2510000000002037	HSETimeIntervals		20333.764	20333.7595		
20336.072	0.0610000000015134	HSETimeIntervals		20336.103	20336.1025		
20351.069	0.10599999999976717	HSETimeIntervals		20351.115	20351.122		
20351.255	0.09200000000055297	HSETimeIntervals		20351.318	20351.301		
20352.846	0.13799999999901047	HSETimeIntervals		20352.952	20352.915		
20356.629	0.08699999999953434	HSETimeIntervals		20356.682	20356.6725		
20358.017	0.09800000000177533	HSETimeIntervals		20358.079	20358.066		
20360.784	0.11400000000139698	HSETimeIntervals		20360.863	20360.841		
20361.172	0.09100000000034925	HSETimeIntervals		20361.209	20361.2175		
20363.388	0.09400000000096043	HSETimeIntervals		20363.452	20363.434999999998		
20365.003	0.06899999999950523	HSETimeIntervals		20365.037	20365.037500000002		
20366.802	0.08599999999933061	HSETimeIntervals		20366.86	20366.845		
20373.223	0.1430000000000291	HSETimeIntervals		20373.282	20373.2945		
20376.769	0.2400000000016007	HSETimeIntervals		20376.836	20376.889		
20380.471	0.19199999999909778	HSETimeIntervals		20380.606	20380.567000000003		
20381.871	0.0790000000015425	HSETimeIntervals		20381.907	20381.910499999998		
20386.294	0.13099999999758438	HSETimeIntervals		20386.396	20386.359500000002		
20387.135000000002	0.2069999999985157	HSETimeIntervals		20387.181	20387.238500000003		
20393.264	0.06899999999950523	HSETimeIntervals		20393.301	20393.2985		
20393.58	0.11699999999837019	HSETimeIntervals		20393.670000000002	20393.6385		
20395.633	0.1099999999969441	HSETimeIntervals		20395.697	20395.688000000002		
20395.985	0.06999999999970896	HSETimeIntervals		20396.021	20396.02		
20397.558	0.10299999999915599	HSETimeIntervals		20397.603	20397.609500000002		
20398.098	0.09299999999711872	HSETimeIntervals		20398.157	20398.144500000002		
20401.883	0.11099999999714782	HSETimeIntervals		20401.941	20401.9385		
20402.024	0.06499999999869033	HSETimeIntervals		20402.057	20402.056500000002		
20402.49	0.13299999999799184	HSETimeIntervals		20402.521	20402.556500000002		
20407.96	0.13300000000162981	HSETimeIntervals		20408.061	20408.0265		
20421.211	0.17599999999947613	HSETimeIntervals		20421.318	20421.299		
20421.433	0.06799999999930151	HSETimeIntervals		20421.469	20421.467		
20433.781	0.20500000000174623	HSETimeIntervals		20433.893	20433.8835		
20434.075	0.09899999999834108	HSETimeIntervals		20434.136	20434.1245		
20434.834	0.11700000000200816	HSETimeIntervals		20434.874	20434.892499999998		
20437.059	0.0779999999977008	HSETimeIntervals		20437.102	20437.098		
20437.654	0.13700000000244472	HSETimeIntervals		20437.723	20437.7225		
20437.839	0.06499999999869033	HSETimeIntervals		20437.87	20437.8715		
20445.086	0.0970000000015716	HSETimeIntervals		20445.123	20445.1345		
20445.192	0.07800000000133878	HSETimeIntervals		20445.228	20445.231		
20446.247	0.06899999999950523	HSETimeIntervals		20446.287	20446.2815		
20446.888	0.11800000000221189	HSETimeIntervals		20446.962	20446.947		
20460.039	0.1110000000007858	HSETimeIntervals		20460.087	20460.0945		
20462.921	0.1820000000006985	HSETimeIntervals		20463.06	20463.012		
20464.759000000002	0.2989999999990687	HSETimeIntervals		20464.911	20464.9085		
20469.609	0.28700000000026193	HSETimeIntervals		20469.859	20469.7525		
20472.038	0.15499999999883585	HSETimeIntervals		20472.098	20472.1155		
20497.939	0.17500000000291038	HSETimeIntervals		20498.064	20498.0265		
20500.222	0.11499999999796273	HSETimeIntervals		20500.295000000002	20500.2795		
20506.753	0.15599999999903957	HSETimeIntervals		20506.876	20506.831000000002		
20507.011	0.0970000000015716	HSETimeIntervals		20507.067	20507.0595		
20517.225	0.18800000000192085	HSETimeIntervals		20517.258	20517.319		
20520.306	0.3220000000001164	HSETimeIntervals		20520.561	20520.467		
20526.71	0.24699999999938882	HSETimeIntervals		20526.856	20526.8335		
20528.282	0.06400000000212458	HSETimeIntervals		20528.316	20528.314		
20533.523	0.08399999999892316	HSETimeIntervals		20533.558	20533.565000000002		
20535.95	0.20599999999831198	HSETimeIntervals		20535.991	20536.053		
20550.158	0.17000000000189175	HSETimeIntervals		20550.293	20550.243		
20560.472	0.07699999999749707	HSETimeIntervals		20560.507	20560.5105		
20572.952	0.12199999999938882	HSETimeIntervals		20573.037	20573.013000000003		
20580.254	0.18799999999828287	HSETimeIntervals		20580.383	20580.348		
20581.509000000002	0.1430000000000291	HSETimeIntervals		20581.551	20581.5805		
20582.221	0.08099999999831198	HSETimeIntervals		20582.261	20582.2615		
20584.333	0.10599999999976717	HSETimeIntervals		20584.407	20584.386		
20586.106	0.14900000000125146	HSETimeIntervals		20586.157	20586.1805		
20587.87	0.13100000000122236	HSETimeIntervals		20587.906	20587.9355		
20595.773	0.19099999999889405	HSETimeIntervals		20595.895	20595.8685		
20604.057	0.12299999999959255	HSETimeIntervals		20604.131	20604.1185		
20604.826	0.2530000000006112	HSETimeIntervals		20604.958	20604.9525		
20608.629	0.12099999999918509	HSETimeIntervals		20608.709	20608.6895		
20612.849000000002	0.21299999999973807	HSETimeIntervals		20612.889	20612.955500000004		
20615.39	0.07099999999991269	HSETimeIntervals		20615.427	20615.4255		
20629.345	0.27999999999883585	HSETimeIntervals		20629.553	20629.485		
20629.709	0.15700000000288128	HSETimeIntervals		20629.741	20629.7875		
20647.011	0.12300000000323053	HSETimeIntervals		20647.082	20647.0725		
20648.37	0.08600000000296859	HSETimeIntervals		20648.426	20648.413		
20648.563000000002	0.1569999999992433	HSETimeIntervals		20648.616	20648.6415		
20649.351	0.07300000000032014	HSETimeIntervals		20649.391	20649.387499999997		
20652.103	0.12000000000261934	HSETimeIntervals		20652.188000000002	20652.163		
20654.31	0.09000000000014552	HSETimeIntervals		20654.361	20654.355		
20656.049	0.16300000000046566	HSETimeIntervals		20656.179	20656.1305		
20656.344	0.10199999999895226	HSETimeIntervals		20656.415	20656.395		
20659.596	0.14600000000064028	HSETimeIntervals		20659.664	20659.669		
20662.45	0.10800000000017462	HSETimeIntervals		20662.486	20662.504		
20664.478	0.08500000000276486	HSETimeIntervals		20664.532	20664.5205		
20664.947	0.22699999999895226	HSETimeIntervals		20664.992000000002	20665.0605		
20668.645	0.07200000000011642	HSETimeIntervals		20668.685	20668.681		
20681.395	0.0790000000015425	HSETimeIntervals		20681.432	20681.4345		
20683.287	0.1820000000006985	HSETimeIntervals		20683.407	20683.378		
20686.437	0.12399999999979627	HSETimeIntervals		20686.527000000002	20686.499000000003		
20686.585	0.4070000000028813	HSETimeIntervals		20686.719	20686.7885		
20688.721	0.07699999999749707	HSETimeIntervals		20688.756	20688.7595		
20698.438000000002	0.11099999999714782	HSETimeIntervals		20698.516	20698.4935		
20705.694	0.14800000000104774	HSETimeIntervals		20705.781	20705.768		
20706.277000000002	0.21299999999973807	HSETimeIntervals		20706.341	20706.383500000004		
20708.901	0.15399999999863212	HSETimeIntervals		20708.961	20708.978000000003		
20713.262	0.08400000000256114	HSETimeIntervals		20713.306	20713.304		
20713.406	0.08200000000215368	HSETimeIntervals		20713.46	20713.447		
20715.073	0.27699999999822467	HSETimeIntervals		20715.109	20715.2115		
20715.835	0.08500000000276486	HSETimeIntervals		20715.868	20715.8775		
20718.185	0.3169999999990978	HSETimeIntervals		20718.215	20718.343500000003		
20721.667	0.07200000000011642	HSETimeIntervals		20721.71	20721.703		
20722.247	0.11600000000180444	HSETimeIntervals		20722.323	20722.305		
20723.489	0.12099999999918509	HSETimeIntervals		20723.543	20723.5495		
20733.007	0.22699999999895226	HSETimeIntervals		20733.077	20733.1205		
20737.655	0.07800000000133878	HSETimeIntervals		20737.694	20737.694		
20740.103	0.14199999999982538	HSETimeIntervals		20740.192	20740.174		
20741.612	0.08099999999831198	HSETimeIntervals		20741.662	20741.6525		
20741.836	0.15899999999965075	HSETimeIntervals		20741.943	20741.9155		
20748.371	0.0750000000007276	HSETimeIntervals		20748.401	20748.408499999998		
20750.026	0.08599999999933061	HSETimeIntervals		20750.064	20750.069000000003		
20755.170000000002	0.18999999999869033	HSETimeIntervals		20755.313000000002	20755.265000000003		
20757.217	0.10900000000037835	HSETimeIntervals		20757.289	20757.2715		
20771.717	0.07200000000011642	HSETimeIntervals		20771.751	20771.753		
20771.923	0.06999999999970896	HSETimeIntervals		20771.959	20771.958		
20772.719	0.08699999999953434	HSETimeIntervals		20772.767	20772.7625		
20781.005	0.08699999999953434	HSETimeIntervals		20781.042	20781.0485		
20794.664	0.2569999999977881	HSETimeIntervals		20794.784	20794.7925		
20799.625	0.07800000000133878	HSETimeIntervals		20799.659	20799.664		
20800.687	0.15999999999985448	HSETimeIntervals		20800.815	20800.767000000003		
20801.948	0.08499999999912689	HSETimeIntervals		20801.98	20801.9905		
20803.762	0.15200000000186265	HSETimeIntervals		20803.862	20803.838		
20805.416	0.08899999999994179	HSETimeIntervals		20805.475	20805.4605		
20808.584	0.08899999999994179	HSETimeIntervals		20808.614	20808.6285		
20827.6	0.07099999999991269	HSETimeIntervals		20827.636	20827.6355		
20828.662	0.10800000000017462	HSETimeIntervals		20828.725	20828.716		
20829.98	0.07400000000052387	HSETimeIntervals		20830.014	20830.017		
20834.675	0.23900000000139698	HSETimeIntervals		20834.77	20834.7945		
20843.257	0.07300000000032014	HSETimeIntervals		20843.296	20843.2935		
20843.518	0.147000000000844	HSETimeIntervals		20843.55	20843.5915		
20844.246	0.07600000000093132	HSETimeIntervals		20844.286	20844.284		
20846.170000000002	0.11299999999755528	HSETimeIntervals		20846.229	20846.2265		
20847.924	0.06700000000273576	HSETimeIntervals		20847.958	20847.9575		
20849.39	0.09900000000197906	HSETimeIntervals		20849.424	20849.4395		
20850.475	0.08200000000215368	HSETimeIntervals		20850.528	20850.516		
20869.341	0.10299999999915599	HSETimeIntervals		20869.386	20869.3925		
20869.48	0.1069999999999709	HSETimeIntervals		20869.508	20869.5335		
20874.737	0.3029999999998836	HSETimeIntervals		20874.959	20874.8885		
20882.085	0.11600000000180444	HSETimeIntervals		20882.128	20882.143		
20890.553	0.10900000000037835	HSETimeIntervals		20890.606	20890.6075		
20893.81	0.14199999999982538	HSETimeIntervals		20893.885000000002	20893.881		
20896.356	0.16900000000168802	HSETimeIntervals		20896.404	20896.4405		
20897.0	10.0	SleepStates					REMstate
20901.18	0.1569999999992433	HSETimeIntervals		20901.271	20901.2585		
20906.634000000002	0.08099999999831198	HSETimeIntervals		20906.677	20906.6745		
20908.0	88.0	SleepStates					WAKEstate
20911.772	0.12700000000040745	HSETimeIntervals		20911.813000000002	20911.8355		
20912.91	0.0930000000007567	HSETimeIntervals		20912.972	20912.9565		
20914.28	0.4290000000000873	HSETimeIntervals		20914.378	20914.494499999997		
20918.926	0.2649999999994179	HSETimeIntervals		20919.103	20919.0585		
20922.626	0.09999999999854481	HSETimeIntervals		20922.693	20922.676		
20926.467	0.0930000000007567	HSETimeIntervals		20926.503	20926.5135		
20933.105	0.08300000000235741	HSETimeIntervals		20933.145	20933.1465		
20933.855	0.19900000000052387	HSETimeIntervals		20933.891	20933.9545		
20936.807	0.15199999999822467	HSETimeIntervals		20936.84	20936.883		
20937.971	0.06499999999869033	HSETimeIntervals		20938.003	20938.003500000003		
20941.092	0.07899999999790452	HSETimeIntervals		20941.134000000002	20941.1315		
20943.16	0.14600000000064028	HSETimeIntervals		20943.263	20943.233		
20947.434	0.11299999999755528	HSETimeIntervals		20947.492000000002	20947.4905		
20948.494	0.08300000000235741	HSETimeIntervals		20948.532	20948.535499999998		
20954.808	0.15199999999822467	HSETimeIntervals		20954.909	20954.884000000002		
20957.417	0.39500000000043656	HSETimeIntervals		20957.591	20957.6145		
20958.948	0.24099999999816646	HSETimeIntervals		20959.11	20959.0685		
20968.445	0.09500000000116415	HSETimeIntervals		20968.510000000002	20968.4925		
20979.904	0.11500000000160071	HSETimeIntervals		20979.982	20979.961499999998		
20983.63	0.06199999999807915	HSETimeIntervals		20983.662	20983.661		
20986.7584	3362.0159666666696	epochs	fCamk5_210406_145246				
20991.456000000002	0.18799999999828287	HSETimeIntervals		20991.504	20991.550000000003		
21003.832	0.05500000000029104	HSETimeIntervals		21003.861	21003.8595		
21006.15	0.09299999999711872	HSETimeIntervals		21006.216	21006.196500000002		
21008.572	0.07200000000011642	HSETimeIntervals		21008.613	21008.608		
21008.869	0.08100000000194996	HSETimeIntervals		21008.913	21008.909499999998		
21016.551	0.12099999999918509	HSETimeIntervals		21016.641	21016.6115		
21034.181	0.10299999999915599	HSETimeIntervals		21034.251	21034.232500000002		
21037.083	0.06999999999970896	HSETimeIntervals		21037.123	21037.118		
21046.267	0.06300000000192085	HSETimeIntervals		21046.299	21046.2985		
21046.618	0.08700000000317232	HSETimeIntervals		21046.663	21046.6615		
21050.288	0.09899999999834108	HSETimeIntervals		21050.358	21050.3375		
21053.027000000002	0.1709999999984575	HSETimeIntervals		21053.158	21053.112500000003		
21073.423	0.062000000001717126	HSETimeIntervals		21073.455	21073.453999999998		
21081.158	0.23400000000037835	HSETimeIntervals		21081.349000000002	21081.274999999998		
21092.572	0.08299999999871943	HSETimeIntervals		21092.613	21092.6135		
21092.816	0.28399999999965075	HSETimeIntervals		21093.046	21092.958		
21092.9248	0.16240000000107102	RippleTimeIntervals		21093.0024			
21100.589	0.09999999999854481	HSETimeIntervals		21100.627	21100.639		
21108.687	0.0639999999984866	HSETimeIntervals		21108.723	21108.719		
21111.325	0.21299999999973807	HSETimeIntervals		21111.47	21111.431500000002		
21111.717	0.4219999999986612	HSETimeIntervals		21111.957	21111.928		
21115.797	0.3550000000032014	HSETimeIntervals		21115.967	21115.9745		
21119.604	0.3120000000017171	HSETimeIntervals		21119.761	21119.76		
21136.136	0.06900000000314321	HSETimeIntervals		21136.173	21136.1705		
21171.636	0.07099999999991269	HSETimeIntervals		21171.677	21171.6715		
21172.905	0.12800000000061118	HSETimeIntervals		21172.954	21172.968999999997		
21173.32	0.10299999999915599	HSETimeIntervals		21173.36	21173.3715		
21174.156	0.11700000000200816	HSETimeIntervals		21174.206000000002	21174.2145		
21177.206000000002	0.11199999999735155	HSETimeIntervals		21177.275	21177.262000000002		
21180.666	0.08299999999871943	HSETimeIntervals		21180.712	21180.7075		
21183.223	0.2510000000002037	HSETimeIntervals		21183.423	21183.3485		
21185.074	0.2459999999991851	HSETimeIntervals		21185.278	21185.197		
21188.969	0.113999999997759	HSETimeIntervals		21189.007	21189.026		
21192.618	0.3780000000006112	HSETimeIntervals		21192.798	21192.806999999997		
21193.148	0.1889999999984866	HSETimeIntervals		21193.198	21193.2425		
21194.708	0.1680000000014843	HSETimeIntervals		21194.818	21194.791999999998		
21195.499	0.3220000000001164	HSETimeIntervals		21195.538	21195.66		
21196.670000000002	0.1430000000000291	HSETimeIntervals		21196.761	21196.7415		
21212.7488	0.06559999999808497	RippleTimeIntervals		21212.7536			
21213.069	0.3080000000009022	HSETimeIntervals		21213.347	21213.222999999998		
21222.512	0.19700000000011642	HSETimeIntervals		21222.561	21222.6105		
21223.875	0.24100000000180444	HSETimeIntervals		21224.023	21223.9955		
21243.34	0.14400000000023283	HSETimeIntervals		21243.45	21243.412		
21244.745	0.2430000000022119	HSETimeIntervals		21244.788	21244.8665		
21248.6336	0.09920000000056461	RippleTimeIntervals		21248.6592			
21256.472	0.06899999999950523	HSETimeIntervals		21256.507	21256.506500000003		
21265.866	0.14099999999962165	HSETimeIntervals		21265.961	21265.936500000003		
21279.008	0.1319999999977881	HSETimeIntervals		21279.113	21279.074		
21298.1152	0.11119999999937136	RippleTimeIntervals		21298.192			
21307.3088	0.11600000000180444	RippleTimeIntervals		21307.3888			
21307.5528	0.0959999999977299	RippleTimeIntervals		21307.6408			
21307.788	0.0864000000001397	RippleTimeIntervals		21307.8048			
21307.857	0.28700000000026193	HSETimeIntervals		21307.902000000002	21308.0005		
21308.136	0.11520000000018626	RippleTimeIntervals		21308.1608			
21330.486	0.07999999999810825	HSETimeIntervals		21330.533	21330.526		
21336.738	0.11999999999898137	HSETimeIntervals		21336.829	21336.798000000003		
21337.345	0.08399999999892316	HSETimeIntervals		21337.381	21337.387000000002		
21358.499	0.08499999999912689	HSETimeIntervals		21358.55	21358.5415		
21365.889	0.15600000000267755	HSETimeIntervals		21366.0	21365.967		
21372.104	0.11900000000241562	HSETimeIntervals		21372.177	21372.1635		
21373.917	0.125	HSETimeIntervals		21373.983	21373.9795		
21382.389	0.07700000000113505	HSETimeIntervals		21382.432	21382.427499999998		
21386.356	0.08599999999933061	HSETimeIntervals		21386.392	21386.399		
21398.503	0.1430000000000291	HSETimeIntervals		21398.545000000002	21398.5745		
21404.688000000002	0.09499999999752617	HSETimeIntervals		21404.732	21404.735500000003		
21410.345	0.09499999999752617	HSETimeIntervals		21410.408	21410.3925		
21412.014	0.12199999999938882	HSETimeIntervals		21412.092	21412.075		
21417.389	0.08799999999973807	HSETimeIntervals		21417.448	21417.433		
21430.705	0.09899999999834108	HSETimeIntervals		21430.775	21430.754500000003		
21432.603	0.1610000000000582	HSETimeIntervals		21432.649	21432.6835		
21443.986	0.20899999999892316	HSETimeIntervals		21444.023	21444.090500000002		
21444.515	0.12299999999959255	HSETimeIntervals		21444.562	21444.5765		
21444.685	0.10099999999874854	HSETimeIntervals		21444.755	21444.735500000003		
21460.937	0.08599999999933061	HSETimeIntervals		21460.981	21460.980000000003		
21463.862	0.10599999999976717	HSETimeIntervals		21463.901	21463.915		
21465.455	0.07299999999668216	HSETimeIntervals		21465.488	21465.4915		
21468.076	0.06999999999970896	HSETimeIntervals		21468.111	21468.111		
21469.622	0.30900000000110595	HSETimeIntervals		21469.831000000002	21469.7765		
21472.292	0.09799999999813735	HSETimeIntervals		21472.359	21472.341		
21482.523	0.08599999999933061	HSETimeIntervals		21482.57	21482.566000000003		
21498.657	0.08200000000215368	HSETimeIntervals		21498.697	21498.698		
21498.837	0.09200000000055297	HSETimeIntervals		21498.892	21498.882999999998		
21505.420000000002	0.2849999999998545	HSETimeIntervals		21505.547	21505.562500000004		
21509.242000000002	0.10899999999674037	HSETimeIntervals		21509.284	21509.2965		
21513.622	0.12199999999938882	HSETimeIntervals		21513.689	21513.683		
21515.389	0.0930000000007567	HSETimeIntervals		21515.451	21515.4355		
21522.551	0.062000000001717126	HSETimeIntervals		21522.586	21522.582		
21528.128	0.10800000000017462	HSETimeIntervals		21528.199	21528.182		
21536.943	0.10200000000259024	HSETimeIntervals		21536.984	21536.994		
21539.854	0.09500000000116415	HSETimeIntervals		21539.922	21539.9015		
21553.004	0.15499999999883585	HSETimeIntervals		21553.051	21553.0815		
21561.193	0.13999999999941792	HSETimeIntervals		21561.231	21561.263		
21569.763	0.13999999999941792	HSETimeIntervals		21569.867000000002	21569.833		
21574.433	0.0779999999977008	HSETimeIntervals		21574.481	21574.472		
21594.829	0.30899999999746797	HSETimeIntervals		21595.007	21594.983500000002		
21597.670000000002	0.10099999999874854	HSETimeIntervals		21597.729	21597.720500000003		
21600.421	0.0610000000015134	HSETimeIntervals		21600.455	21600.4515		
21607.003	0.10199999999895226	HSETimeIntervals		21607.04	21607.054		
21614.516	0.05400000000008731	HSETimeIntervals		21614.544	21614.542999999998		
21620.519	0.20100000000093132	HSETimeIntervals		21620.676	21620.6195		
21620.988	0.2530000000006112	HSETimeIntervals		21621.173	21621.1145		
21622.170000000002	0.1279999999969732	HSETimeIntervals		21622.246	21622.234		
21627.737	0.2540000000008149	HSETimeIntervals		21627.852	21627.864		
21629.393	0.08599999999933061	HSETimeIntervals		21629.431	21629.436		
21644.735	0.1749999999992724	HSETimeIntervals		21644.766	21644.822500000002		
21645.585	0.26300000000264845	HSETimeIntervals		21645.614	21645.7165		
21647.32	0.1640000000006694	HSETimeIntervals		21647.356	21647.402		
21648.788	0.06499999999869033	HSETimeIntervals		21648.82	21648.8205		
21649.15	0.08499999999912689	HSETimeIntervals		21649.193	21649.1925		
21650.211	0.08899999999994179	HSETimeIntervals		21650.265	21650.2555		
21652.084	0.1110000000007858	HSETimeIntervals		21652.162	21652.139499999997		
21652.84	0.12399999999979627	HSETimeIntervals		21652.906	21652.902000000002		
21657.262	0.1820000000006985	HSETimeIntervals		21657.412	21657.353		
21661.458	0.14199999999982538	HSETimeIntervals		21661.568	21661.529		
21673.176	0.07200000000011642	HSETimeIntervals		21673.217	21673.212		
21677.994	0.12000000000261934	HSETimeIntervals		21678.073	21678.054		
21679.599000000002	0.1069999999999709	HSETimeIntervals		21679.672	21679.652500000004		
21688.873	0.0610000000015134	HSETimeIntervals		21688.902000000002	21688.9035		
21690.385000000002	0.10199999999895226	HSETimeIntervals		21690.437	21690.436		
21691.079	0.08299999999871943	HSETimeIntervals		21691.118	21691.1205		
21692.781	0.22600000000238651	HSETimeIntervals		21692.876	21692.894		
21693.47	0.18399999999746797	HSETimeIntervals		21693.608	21693.562		
21693.676	0.0930000000007567	HSETimeIntervals		21693.713	21693.7225		
21703.831000000002	0.1889999999984866	HSETimeIntervals		21703.863	21703.9255		
21711.131	0.056000000000494765	HSETimeIntervals		21711.157	21711.159		
21723.836	0.1929999999993015	HSETimeIntervals		21723.867000000002	21723.9325		
21724.552	0.20700000000215368	HSETimeIntervals		21724.687	21724.6555		
21726.354	0.13000000000101863	HSETimeIntervals		21726.437	21726.418999999998		
21729.299	0.1540000000022701	HSETimeIntervals		21729.412	21729.376		
21733.641	0.06599999999889405	HSETimeIntervals		21733.673	21733.674		
21737.405	0.13100000000122236	HSETimeIntervals		21737.488	21737.4705		
21739.278000000002	0.15199999999822467	HSETimeIntervals		21739.397	21739.354000000003		
21743.722	0.10800000000017462	HSETimeIntervals		21743.801	21743.776		
21768.62	0.4360000000015134	HSETimeIntervals		21768.745	21768.838		
21770.431	0.1349999999983993	HSETimeIntervals		21770.525	21770.4985		
21778.547	0.1110000000007858	HSETimeIntervals		21778.625	21778.602499999997		
21780.724000000002	0.29099999999743886	HSETimeIntervals		21780.805	21780.8695		
21783.723	0.08599999999933061	HSETimeIntervals		21783.769	21783.766000000003		
21791.87	0.08600000000296859	HSETimeIntervals		21791.926	21791.913		
21796.434	0.06499999999869033	HSETimeIntervals		21796.472	21796.466500000002		
21798.907	0.12199999999938882	HSETimeIntervals		21798.942	21798.968		
21802.738	0.07400000000052387	HSETimeIntervals		21802.779	21802.775		
21804.237	0.05800000000090222	HSETimeIntervals		21804.264	21804.266		
21815.218	0.18799999999828287	HSETimeIntervals		21815.375	21815.312		
21816.248	0.20300000000133878	HSETimeIntervals		21816.408	21816.3495		
21835.856	0.12099999999918509	HSETimeIntervals		21835.889	21835.9165		
21845.286	0.09000000000014552	HSETimeIntervals		21845.33	21845.331		
21850.469	0.06699999999909778	HSETimeIntervals		21850.505	21850.502500000002		
21860.852	0.08300000000235741	HSETimeIntervals		21860.903000000002	21860.8935		
21864.126	0.3080000000009022	HSETimeIntervals		21864.345	21864.28		
21868.798	0.10000000000218279	HSETimeIntervals		21868.856	21868.847999999998		
21870.035	0.07800000000133878	HSETimeIntervals		21870.077	21870.074		
21870.65	0.08599999999933061	HSETimeIntervals		21870.682	21870.693000000003		
21873.382	0.06599999999889405	HSETimeIntervals		21873.421	21873.415		
21873.489	0.06299999999828287	HSETimeIntervals		21873.52	21873.520500000002		
21890.171	0.13100000000122236	HSETimeIntervals		21890.261	21890.2365		
21923.827	0.10199999999895226	HSETimeIntervals		21923.89	21923.878		
21931.011	0.26900000000023283	HSETimeIntervals		21931.239	21931.1455		
21931.898	0.06299999999828287	HSETimeIntervals		21931.933	21931.929500000002		
21934.271	0.07999999999810825	HSETimeIntervals		21934.311	21934.311		
21951.563000000002	0.17699999999967986	HSETimeIntervals		21951.633	21951.651500000004		
21952.012	0.062000000001717126	HSETimeIntervals		21952.043	21952.042999999998		
21957.589	0.13000000000101863	HSETimeIntervals		21957.653000000002	21957.654		
21959.215	0.11000000000058208	HSETimeIntervals		21959.289	21959.27		
21968.085	0.0930000000007567	HSETimeIntervals		21968.115	21968.1315		
21968.243	0.08500000000276486	HSETimeIntervals		21968.294	21968.285499999998		
21974.521	0.08799999999973807	HSETimeIntervals		21974.574	21974.565000000002		
21976.477	0.17799999999988358	HSETimeIntervals		21976.510000000002	21976.566		
21980.924	0.21299999999973807	HSETimeIntervals		21981.102	21981.0305		
21983.077	0.20899999999892316	HSETimeIntervals		21983.158	21983.181500000002		
21983.316	0.27000000000043656	HSETimeIntervals		21983.446	21983.450999999997		
21983.607	0.22899999999935972	HSETimeIntervals		21983.802	21983.7215		
21987.678	0.23400000000037835	HSETimeIntervals		21987.758	21987.795		
21989.585	0.14800000000104774	HSETimeIntervals		21989.691	21989.659		
21990.005	0.1849999999976717	HSETimeIntervals		21990.08	21990.0975		
21990.2	0.14600000000064028	HSETimeIntervals		21990.286	21990.273		
21990.917	0.20899999999892316	HSETimeIntervals		21991.092	21991.021500000003		
21992.892	0.12299999999959255	HSETimeIntervals		21992.972	21992.9535		
21996.029	0.08400000000256114	HSETimeIntervals		21996.075	21996.071		
21999.08	0.09799999999813735	HSETimeIntervals		21999.133	21999.129		
22017.876	0.0790000000015425	HSETimeIntervals		22017.922	22017.9155		
22019.078	0.09299999999711872	HSETimeIntervals		22019.141	22019.1245		
22022.758	0.07200000000011642	HSETimeIntervals		22022.795000000002	22022.794		
22026.594	0.22299999999813735	HSETimeIntervals		22026.661	22026.7055		
22030.74	0.09100000000034925	HSETimeIntervals		22030.801	22030.7855		
22037.497	0.09200000000055297	HSETimeIntervals		22037.533	22037.542999999998		
22037.74	0.06999999999970896	HSETimeIntervals		22037.777000000002	22037.775		
22042.115	0.07099999999991269	HSETimeIntervals		22042.153000000002	22042.150500000003		
22042.324	0.11899999999877764	HSETimeIntervals		22042.404	22042.3835		
22042.688000000002	0.06999999999970896	HSETimeIntervals		22042.72	22042.723		
22044.022	0.09999999999854481	HSETimeIntervals		22044.075	22044.072		
22044.143	0.11999999999898137	HSETimeIntervals		22044.181	22044.203		
22044.954	0.07999999999810825	HSETimeIntervals		22044.987	22044.994000000002		
22050.084	0.24799999999959255	HSETimeIntervals		22050.168	22050.208		
22061.755	0.17399999999906868	HSETimeIntervals		22061.888	22061.842		
22065.509000000002	0.08599999999933061	HSETimeIntervals		22065.557	22065.552000000003		
22077.153000000002	0.15499999999883585	HSETimeIntervals		22077.203	22077.2305		
22092.002	0.06599999999889405	HSETimeIntervals		22092.031	22092.035		
22092.302	0.06599999999889405	HSETimeIntervals		22092.333	22092.335		
22093.014	0.06600000000253203	HSETimeIntervals		22093.047	22093.047		
22097.053	0.0790000000015425	HSETimeIntervals		22097.092	22097.0925		
22108.753	0.2750000000014552	HSETimeIntervals		22108.842	22108.8905		
22113.043	0.09100000000034925	HSETimeIntervals		22113.088	22113.0885		
22116.627	0.22100000000136788	HSETimeIntervals		22116.786	22116.7375		
22126.52	0.1500000000014552	HSETimeIntervals		22126.625	22126.595		
22181.024	0.0819999999985157	HSETimeIntervals		22181.072	22181.065000000002		
22213.566	0.07300000000032014	HSETimeIntervals		22213.605	22213.602499999997		
22213.670000000002	0.06699999999909778	HSETimeIntervals		22213.703	22213.703500000003		
22223.271	0.12600000000020373	HSETimeIntervals		22223.364	22223.334		
22224.138	0.12600000000020373	HSETimeIntervals		22224.209	22224.200999999997		
22231.574	0.10299999999915599	HSETimeIntervals		22231.613	22231.625500000002		
22238.056	0.19099999999889405	HSETimeIntervals		22238.124	22238.1515		
22249.389	0.2080000000023574	HSETimeIntervals		22249.569	22249.493		
22250.573	0.0970000000015716	HSETimeIntervals		22250.64	22250.6215		
22262.71	0.0970000000015716	HSETimeIntervals		22262.777000000002	22262.7585		
22270.297	0.09200000000055297	HSETimeIntervals		22270.359	22270.342999999997		
22283.855	0.08300000000235741	HSETimeIntervals		22283.903000000002	22283.8965		
22294.099000000002	0.15099999999802094	HSETimeIntervals		22294.203	22294.1745		
22309.009000000002	0.1669999999976426	HSETimeIntervals		22309.142	22309.092500000002		
22309.54	0.08099999999831198	HSETimeIntervals		22309.581000000002	22309.5805		
22309.678	0.1500000000014552	HSETimeIntervals		22309.797	22309.753		
22335.803	0.08399999999892316	HSETimeIntervals		22335.857	22335.845		
22336.283	0.07800000000133878	HSETimeIntervals		22336.314	22336.322		
22340.561	0.07300000000032014	HSETimeIntervals		22340.599000000002	22340.5975		
22342.301	0.11300000000119326	HSETimeIntervals		22342.335	22342.3575		
22357.153000000002	0.11599999999816646	HSETimeIntervals		22357.212	22357.211000000003		
22360.355	0.11700000000200816	HSETimeIntervals		22360.399	22360.4135		
22361.404	0.07400000000052387	HSETimeIntervals		22361.441	22361.441		
22375.269	0.12099999999918509	HSETimeIntervals		22375.331000000002	22375.3295		
22375.98	0.06899999999950523	HSETimeIntervals		22376.021	22376.0145		
22378.165	0.17599999999947613	HSETimeIntervals		22378.301	22378.253		
22398.441	0.08200000000215368	HSETimeIntervals		22398.482	22398.482		
22409.074	0.07099999999991269	HSETimeIntervals		22409.114	22409.109500000002		
22447.682	0.14900000000125146	HSETimeIntervals		22447.719	22447.7565		
22448.064	0.08900000000357977	HSETimeIntervals		22448.102	22448.1085		
22454.576	0.12199999999938882	HSETimeIntervals		22454.65	22454.637000000002		
22458.338	0.1790000000000873	HSETimeIntervals		22458.473	22458.427499999998		
22467.323	0.10199999999895226	HSETimeIntervals		22467.362	22467.374		
22468.656	0.07300000000032014	HSETimeIntervals		22468.697	22468.692499999997		
22500.986	0.07899999999790452	HSETimeIntervals		22501.024	22501.0255		
22531.748	0.13100000000122236	HSETimeIntervals		22531.833	22531.8135		
22540.685	0.10900000000037835	HSETimeIntervals		22540.752	22540.7395		
22542.971	0.08299999999871943	HSETimeIntervals		22543.024	22543.0125		
22546.037	0.10199999999895226	HSETimeIntervals		22546.107	22546.088		
22582.223	0.1529999999984284	HSETimeIntervals		22582.260000000002	22582.2995		
22595.061	0.13999999999941792	HSETimeIntervals		22595.133	22595.131		
22599.06	0.07300000000032014	HSETimeIntervals		22599.103	22599.0965		
22599.558	0.09699999999793363	HSETimeIntervals		22599.627	22599.6065		
22608.847	0.13999999999941792	HSETimeIntervals		22608.954	22608.917		
22613.045000000002	0.2069999999985157	HSETimeIntervals		22613.141	22613.148500000003		
22617.318	0.17300000000250293	HSETimeIntervals		22617.438000000002	22617.4045		
22629.746	0.11000000000058208	HSETimeIntervals		22629.826	22629.801		
22634.613	0.09000000000014552	HSETimeIntervals		22634.655	22634.658		
22638.934	0.06299999999828287	HSETimeIntervals		22638.965	22638.965500000002		
22643.089	0.07099999999991269	HSETimeIntervals		22643.127	22643.1245		
22652.204	0.06499999999869033	HSETimeIntervals		22652.237	22652.236500000003		
22663.401	0.13699999999880674	HSETimeIntervals		22663.501	22663.469500000003		
22679.010000000002	0.1279999999969732	HSETimeIntervals		22679.053	22679.074		
22705.639	0.12399999999979627	HSETimeIntervals		22705.731	22705.701		
22705.831000000002	0.15899999999965075	HSETimeIntervals		22705.935	22705.9105		
22706.827	0.08099999999831198	HSETimeIntervals		22706.864	22706.8675		
22707.928	0.08899999999994179	HSETimeIntervals		22707.978	22707.9725		
22708.951	0.23400000000037835	HSETimeIntervals		22709.096	22709.068		
22712.063000000002	0.14399999999659485	HSETimeIntervals		22712.113	22712.135000000002		
22712.217	0.1290000000008149	HSETimeIntervals		22712.309	22712.2815		
22712.365	0.07200000000011642	HSETimeIntervals		22712.398	22712.401		
22714.854	0.08899999999994179	HSETimeIntervals		22714.892	22714.8985		
22722.489	0.06299999999828287	HSETimeIntervals		22722.524	22722.520500000002		
22724.946	0.0790000000015425	HSETimeIntervals		22724.991	22724.9855		
22728.197	0.06499999999869033	HSETimeIntervals		22728.232	22728.2295		
22729.157	0.08599999999933061	HSETimeIntervals		22729.207	22729.2		
22729.358	0.24399999999877764	HSETimeIntervals		22729.524	22729.48		
22729.701	0.09899999999834108	HSETimeIntervals		22729.772	22729.750500000002		
22729.85	0.15900000000328873	HSETimeIntervals		22729.978	22729.9295		
22732.06	0.11699999999837019	HSETimeIntervals		22732.14	22732.1185		
22732.575	0.1610000000000582	HSETimeIntervals		22732.703	22732.6555		
22737.817	0.13400000000183354	HSETimeIntervals		22737.914	22737.884		
22738.927	0.4370000000017171	HSETimeIntervals		22738.96	22739.1455		
22746.406	0.07099999999991269	HSETimeIntervals		22746.441	22746.4415		
22746.865	0.07499999999708962	HSETimeIntervals		22746.895	22746.9025		
22751.561	0.28700000000026193	HSETimeIntervals		22751.708	22751.7045		
22761.996	0.13839999999981956	RippleTimeIntervals		22762.0176			
22773.54	0.11439999999856809	RippleTimeIntervals		22773.576			
22805.372	0.14400000000023283	RippleTimeIntervals		22805.404			
22819.769	0.12199999999938882	HSETimeIntervals		22819.861	22819.83		
22846.847	0.3129999999982829	HSETimeIntervals		22846.984	22847.003500000003		
22850.554	0.08699999999953434	HSETimeIntervals		22850.603	22850.5975		
22861.061	0.07699999999749707	HSETimeIntervals		22861.095	22861.0995		
22864.503	0.059000000001105946	HSETimeIntervals		22864.533	22864.5325		
22870.4272	0.19360000000233413	RippleTimeIntervals		22870.5456			
22871.6896	0.09759999999732827	RippleTimeIntervals		22871.7416			
22881.782	0.15999999999985448	HSETimeIntervals		22881.905	22881.862		
22883.803	0.10599999999976717	HSETimeIntervals		22883.844	22883.856		
22901.688	0.1368000000002212	RippleTimeIntervals		22901.7136			
22906.977	0.10599999999976717	HSETimeIntervals		22907.051	22907.03		
22953.649	0.12600000000020373	HSETimeIntervals		22953.74	22953.712		
22954.879	0.08599999999933061	HSETimeIntervals		22954.917	22954.922000000002		
22964.198	0.07400000000052387	HSETimeIntervals		22964.229	22964.235		
22965.123	0.07600000000093132	HSETimeIntervals		22965.158	22965.161		
22967.0256	0.13039999999818974	RippleTimeIntervals		22967.0464			
22968.102	0.1069999999999709	HSETimeIntervals		22968.139	22968.1555		
22975.09	0.20500000000174623	HSETimeIntervals		22975.21	22975.1925		
22977.06	0.29799999999886495	HSETimeIntervals		22977.237	22977.209000000003		
22977.764	0.136000000002241	HSETimeIntervals		22977.81	22977.832		
22980.362	0.2639999999992142	HSETimeIntervals		22980.495	22980.494000000002		
22983.344	0.2969999999986612	HSETimeIntervals		22983.56	22983.4925		
22988.635000000002	0.1389999999992142	HSETimeIntervals		22988.673	22988.704500000003		
22990.2824	0.1231999999981781	RippleTimeIntervals		22990.2928			
22997.348	0.26599999999962165	HSETimeIntervals		22997.526	22997.481000000003		
22997.906	0.12700000000040745	HSETimeIntervals		22997.991	22997.9695		
23011.613	0.10900000000037835	HSETimeIntervals		23011.648	23011.6675		
23012.948	0.2819999999992433	HSETimeIntervals		23013.171	23013.089		
23013.896	0.09000000000014552	HSETimeIntervals		23013.939	23013.941		
23016.163	0.09200000000055297	HSETimeIntervals		23016.213	23016.209		
23026.552	0.13999999999941792	HSETimeIntervals		23026.654	23026.622		
23031.577	0.07699999999749707	HSETimeIntervals		23031.608	23031.6155		
23034.271	0.2890000000006694	HSETimeIntervals		23034.305	23034.4155		
23038.261	0.11200000000098953	HSETimeIntervals		23038.329	23038.317		
23038.429	0.09600000000136788	HSETimeIntervals		23038.466	23038.477		
23042.74	0.06999999999970896	HSETimeIntervals		23042.776	23042.775		
23050.185	0.06899999999950523	HSETimeIntervals		23050.224000000002	23050.219500000003		
23125.9824	0.08239999999932479	RippleTimeIntervals		23125.9904			
23129.093	0.1069999999999709	HSETimeIntervals		23129.158	23129.146500000003		
23129.213	0.23900000000139698	HSETimeIntervals		23129.304	23129.3325		
23132.448	0.1320000000014261	RippleTimeIntervals		23132.472			
23136.341	0.08899999999994179	HSETimeIntervals		23136.388	23136.3855		
23136.635000000002	0.1749999999992724	HSETimeIntervals		23136.757	23136.722500000003		
23137.791	0.1290000000008149	HSETimeIntervals		23137.865	23137.8555		
23144.828	0.11599999999816646	HSETimeIntervals		23144.883	23144.886000000002		
23145.281	0.11700000000200816	HSETimeIntervals		23145.355	23145.3395		
23147.7872	0.14719999999942956	RippleTimeIntervals		23147.8912			
23148.022	0.13799999999901047	HSETimeIntervals		23148.091	23148.091		
23149.329	0.11099999999714782	HSETimeIntervals		23149.365	23149.3845		
23154.028	0.08720000000175787	RippleTimeIntervals		23154.0416			
23155.4528	0.1088000000017928	RippleTimeIntervals		23155.46			
23157.421000000002	0.17799999999988358	HSETimeIntervals		23157.507	23157.510000000002		
23158.887	0.08700000000317232	HSETimeIntervals		23158.935	23158.9305		
23159.076	0.19099999999889405	HSETimeIntervals		23159.11	23159.1715		
23159.968	0.15199999999822467	HSETimeIntervals		23160.061	23160.044		
23160.467	0.12199999999938882	HSETimeIntervals		23160.504	23160.528000000002		
23161.161	0.36700000000200816	HSETimeIntervals		23161.472	23161.3445		
23161.77	0.1110000000007858	HSETimeIntervals		23161.814	23161.8255		
23165.604	0.30600000000049477	HSETimeIntervals		23165.827	23165.756999999998		
23166.123	0.09000000000014552	HSETimeIntervals		23166.165	23166.167999999998		
23171.946	0.15100000000165892	HSETimeIntervals		23172.024	23172.0215		
23193.3	0.20300000000133878	HSETimeIntervals		23193.353	23193.4015		
23215.258	0.23699999999735155	HSETimeIntervals		23215.303	23215.376500000002		
23215.89	0.3110000000015134	HSETimeIntervals		23216.163	23216.0455		
23219.931	0.125	HSETimeIntervals		23220.0	23219.9935		
23223.035	0.10900000000037835	HSETimeIntervals		23223.072	23223.0895		
23224.571	0.13599999999860302	HSETimeIntervals		23224.6	23224.639		
23229.911	0.19199999999909778	HSETimeIntervals		23229.971	23230.007		
23230.264	0.28100000000267755	HSETimeIntervals		23230.517	23230.4045		
23232.841	0.2789999999986321	HSETimeIntervals		23232.877	23232.9805		
23234.52	0.3790000000008149	HSETimeIntervals		23234.666	23234.7095		
23235.095	0.08799999999973807	HSETimeIntervals		23235.146	23235.139000000003		
23236.305	0.3780000000006112	HSETimeIntervals		23236.461	23236.494		
23238.528000000002	0.2459999999991851	HSETimeIntervals		23238.599000000002	23238.651		
23248.9768	0.07200000000011642	RippleTimeIntervals		23249.0296			
23253.471	0.21199999999953434	HSETimeIntervals		23253.52	23253.577		
23261.225	0.33100000000194996	HSETimeIntervals		23261.368	23261.390499999998		
23272.407	0.08000000000174623	HSETimeIntervals		23272.449	23272.447		
23273.624	0.08499999999912689	HSETimeIntervals		23273.658	23273.6665		
23274.55	0.08899999999994179	HSETimeIntervals		23274.607	23274.5945		
23274.7	0.11899999999877764	HSETimeIntervals		23274.775	23274.7595		
23275.329	0.3930000000000291	HSETimeIntervals		23275.527000000002	23275.5255		
23275.731	0.4530000000013388	HSETimeIntervals		23276.08	23275.9575		
23280.399	0.3220000000001164	HSETimeIntervals		23280.452	23280.56		
23285.239	0.09999999999854481	HSETimeIntervals		23285.289	23285.289		
23286.033	0.18900000000212458	HSETimeIntervals		23286.169	23286.1275		
23291.883	0.16999999999825377	HSETimeIntervals		23291.922	23291.968		
23300.896	0.13000000000101863	HSETimeIntervals		23300.973	23300.961		
23305.585	0.3610000000007858	HSETimeIntervals		23305.879	23305.765499999998		
23307.079	0.08399999999892316	HSETimeIntervals		23307.13	23307.121000000003		
23314.456000000002	0.3569999999999709	HSETimeIntervals		23314.712	23314.634500000004		
23322.136	0.07700000000113505	HSETimeIntervals		23322.171000000002	23322.174499999997		
23324.229	0.1110000000007858	HSETimeIntervals		23324.267	23324.284499999998		
23324.364	0.31199999999807915	HSETimeIntervals		23324.406	23324.52		
23334.554	0.10800000000017462	HSETimeIntervals		23334.6	23334.608		
23337.631	0.06999999999970896	HSETimeIntervals		23337.661	23337.666		
23340.788	0.08799999999973807	HSETimeIntervals		23340.84	23340.832000000002		
23341.948	0.14400000000023283	HSETimeIntervals		23342.002	23342.02		
23350.092	0.11899999999877764	HSETimeIntervals		23350.133	23350.1515		
23355.816	0.07200000000011642	HSETimeIntervals		23355.856	23355.852		
23362.693	0.10200000000259024	HSETimeIntervals		23362.756	23362.744		
23368.579	0.1099999999969441	HSETimeIntervals		23368.609	23368.634000000002		
23375.24	0.1279999999969732	HSETimeIntervals		23375.333	23375.304		
23379.963	0.08300000000235741	HSETimeIntervals		23380.006	23380.0045		
23381.697	0.1320000000014261	HSETimeIntervals		23381.764	23381.763		
23383.18	0.08099999999831198	HSETimeIntervals		23383.211	23383.2205		
23390.984	0.12700000000040745	HSETimeIntervals		23391.069	23391.0475		
23391.127	0.0819999999985157	HSETimeIntervals		23391.176	23391.168		
23392.537	0.18000000000029104	HSETimeIntervals		23392.601	23392.627		
23393.79	0.1749999999992724	HSETimeIntervals		23393.922	23393.877500000002		
23398.828	0.27999999999883585	HSETimeIntervals		23398.869	23398.968		
23404.075	0.28800000000046566	HSETimeIntervals		23404.127	23404.219		
23405.782	0.16300000000046566	HSETimeIntervals		23405.842	23405.8635		
23414.59	0.09400000000096043	HSETimeIntervals		23414.652000000002	23414.637		
23419.774	0.11000000000058208	HSETimeIntervals		23419.839	23419.829		
23420.999	0.07400000000052387	HSETimeIntervals		23421.037	23421.036		
23423.556	0.11799999999857391	HSETimeIntervals		23423.6	23423.615		
23425.375	0.3319999999985157	HSETimeIntervals		23425.415	23425.541		
23425.711	0.11900000000241562	HSETimeIntervals		23425.776	23425.7705		
23426.336	0.1320000000014261	HSETimeIntervals		23426.398	23426.402		
23427.268	0.09600000000136788	HSETimeIntervals		23427.328	23427.316		
23427.396	0.11999999999898137	HSETimeIntervals		23427.446	23427.456000000002		
23427.833	0.06900000000314321	HSETimeIntervals		23427.863	23427.8675		
23430.838	0.10800000000017462	HSETimeIntervals		23430.884000000002	23430.892		
23431.968	0.08299999999871943	HSETimeIntervals		23432.015	23432.0095		
23435.752	0.08499999999912689	HSETimeIntervals		23435.785	23435.7945		
23436.772	0.11200000000098953	HSETimeIntervals		23436.802	23436.828		
23438.646	0.13100000000122236	HSETimeIntervals		23438.706000000002	23438.7115		
23440.124	0.10800000000017462	HSETimeIntervals		23440.189	23440.178		
23447.351	0.09000000000014552	HSETimeIntervals		23447.387	23447.395999999997		
23447.481	0.3120000000017171	HSETimeIntervals		23447.647	23447.637		
23449.97	0.11299999999755528	HSETimeIntervals		23450.055	23450.0265		
23455.214	0.16500000000087311	HSETimeIntervals		23455.244	23455.2965		
23456.343	0.08499999999912689	HSETimeIntervals		23456.395	23456.3855		
23460.497	0.15500000000247383	HSETimeIntervals		23460.609	23460.5745		
23465.159	0.09800000000177533	HSETimeIntervals		23465.227	23465.208		
23476.542	0.22599999999874854	HSETimeIntervals		23476.717	23476.655000000002		
23477.319	0.15799999999944703	HSETimeIntervals		23477.426	23477.398		
23482.513	0.15300000000206637	HSETimeIntervals		23482.584	23482.5895		
23483.445	0.0930000000007567	HSETimeIntervals		23483.492000000002	23483.4915		
23489.852	0.21700000000055297	HSETimeIntervals		23490.036	23489.960499999997		
23490.4	0.22399999999834108	HSETimeIntervals		23490.523	23490.512000000002		
23491.038	0.17399999999906868	HSETimeIntervals		23491.135000000002	23491.125		
23491.652000000002	0.19099999999889405	HSETimeIntervals		23491.688000000002	23491.7475		
23494.133	0.07999999999810825	HSETimeIntervals		23494.173	23494.173000000003		
23495.645	0.09899999999834108	HSETimeIntervals		23495.694	23495.6945		
23496.543	0.12700000000040745	HSETimeIntervals		23496.63	23496.6065		
23498.819	0.06300000000192085	HSETimeIntervals		23498.852	23498.8505		
23502.498	0.09500000000116415	HSETimeIntervals		23502.533	23502.5455		
23503.498	0.14600000000064028	HSETimeIntervals		23503.576	23503.571		
23505.282	0.1500000000014552	HSETimeIntervals		23505.318	23505.357		
23507.656	0.11600000000180444	HSETimeIntervals		23507.738	23507.714		
23512.732	0.489000000001397	HSETimeIntervals		23512.783	23512.9765		
23513.924	0.12600000000020373	HSETimeIntervals		23514.013	23513.986999999997		
23514.789	0.11499999999796273	HSETimeIntervals		23514.861	23514.8465		
23515.735	0.09999999999854481	HSETimeIntervals		23515.792	23515.785		
23516.69	0.11900000000241562	HSETimeIntervals		23516.749	23516.749499999998		
23519.491	0.13099999999758438	HSETimeIntervals		23519.54	23519.556500000002		
23520.181	0.13999999999941792	HSETimeIntervals		23520.283	23520.251		
23524.346	0.07599999999729334	HSETimeIntervals		23524.389	23524.384000000002		
23525.974000000002	0.15399999999863212	HSETimeIntervals		23526.025	23526.051000000003		
23527.926	0.11900000000241562	HSETimeIntervals		23527.959	23527.9855		
23528.849000000002	0.08899999999994179	HSETimeIntervals		23528.887	23528.893500000002		
23529.776	0.11899999999877764	HSETimeIntervals		23529.845	23529.8355		
23532.412	0.10800000000017462	HSETimeIntervals		23532.479	23532.466		
23534.069	0.12299999999959255	HSETimeIntervals		23534.162	23534.1305		
23534.847	0.39099999999962165	HSETimeIntervals		23534.962	23535.042500000003		
23542.064	0.10800000000017462	HSETimeIntervals		23542.103	23542.118		
23545.591	0.20599999999831198	HSETimeIntervals		23545.635000000002	23545.694		
23552.017	0.1110000000007858	HSETimeIntervals		23552.054	23552.0725		
23569.497	0.1500000000014552	HSETimeIntervals		23569.531	23569.572		
23571.365	0.08299999999871943	HSETimeIntervals		23571.408	23571.4065		
23574.065	0.11300000000119326	HSETimeIntervals		23574.117000000002	23574.121499999997		
23581.542	0.14500000000043656	HSETimeIntervals		23581.655	23581.6145		
23582.251	0.10499999999956344	HSETimeIntervals		23582.324	23582.3035		
23586.204	0.10599999999976717	HSETimeIntervals		23586.244	23586.257		
23587.046000000002	0.08499999999912689	HSETimeIntervals		23587.1	23587.0885		
23587.208	0.11000000000058208	HSETimeIntervals		23587.241	23587.263		
23589.191	0.1680000000014843	HSETimeIntervals		23589.259000000002	23589.274999999998		
23593.852	0.08480000000054133	RippleTimeIntervals		23593.8984			
23597.077	0.2849999999998545	HSETimeIntervals		23597.157	23597.219500000003		
23599.779	0.36700000000200816	HSETimeIntervals		23600.103	23599.962499999998		
23607.776	0.10399999999935972	HSETimeIntervals		23607.812	23607.828		
23608.038	0.12199999999938882	HSETimeIntervals		23608.09	23608.099000000002		
23613.903000000002	0.21199999999953434	HSETimeIntervals		23614.08	23614.009000000002		
23617.275	0.12899999999717693	HSETimeIntervals		23617.333	23617.339500000002		
23620.377	0.3499999999985448	HSETimeIntervals		23620.471	23620.552		
23620.779	0.25900000000183354	HSETimeIntervals		23620.966	23620.908499999998		
23621.557	0.07300000000032014	HSETimeIntervals		23621.593	23621.5935		
23622.233	0.10399999999935972	HSETimeIntervals		23622.273	23622.285		
23624.824	0.10299999999915599	HSETimeIntervals		23624.879	23624.875500000002		
23629.4	0.06499999999869033	HSETimeIntervals		23629.435	23629.432500000003		
23630.244	0.08899999999994179	HSETimeIntervals		23630.294	23630.2885		
23632.548	0.19100000000253203	HSETimeIntervals		23632.59	23632.6435		
23647.649	0.06999999999970896	HSETimeIntervals		23647.683	23647.684		
23656.205	0.113999999997759	HSETimeIntervals		23656.286	23656.262000000002		
23656.521	0.06899999999950523	HSETimeIntervals		23656.557	23656.555500000002		
23659.885000000002	0.09299999999711872	HSETimeIntervals		23659.945	23659.931500000002		
23665.843	0.10900000000037835	HSETimeIntervals		23665.908	23665.8975		
23669.386	0.10900000000037835	HSETimeIntervals		23669.452	23669.440499999997		
23669.64	0.09900000000197906	HSETimeIntervals		23669.706000000002	23669.6895		
23669.86	0.11499999999796273	HSETimeIntervals		23669.942	23669.9175		
23671.219	0.09799999999813735	HSETimeIntervals		23671.282	23671.268		
23672.193	0.12700000000040745	HSETimeIntervals		23672.243	23672.2565		
23673.142	0.17699999999967986	HSETimeIntervals		23673.181	23673.2305		
23675.492000000002	0.13299999999799184	HSETimeIntervals		23675.545000000002	23675.558500000003		
23676.544	0.05899999999746797	HSETimeIntervals		23676.576	23676.573500000002		
23681.901	0.06599999999889405	HSETimeIntervals		23681.935	23681.934		
23685.081000000002	0.09999999999854481	HSETimeIntervals		23685.145	23685.131		
23685.478	0.05500000000029104	HSETimeIntervals		23685.508	23685.5055		
23687.14	0.11300000000119326	HSETimeIntervals		23687.22	23687.1965		
23689.195	0.26599999999962165	HSETimeIntervals		23689.286	23689.328		
23693.096	0.08699999999953434	HSETimeIntervals		23693.142	23693.1395		
23701.699	0.14099999999962165	HSETimeIntervals		23701.776	23701.769500000002		
23714.252	0.0930000000007567	HSETimeIntervals		23714.302	23714.2985		
23714.481	0.21900000000096043	HSETimeIntervals		23714.665	23714.5905		
23718.442	0.08100000000194996	HSETimeIntervals		23718.478	23718.4825		
23721.102	0.17000000000189175	HSETimeIntervals		23721.21	23721.186999999998		
23729.303	0.28800000000046566	HSETimeIntervals		23729.507	23729.447		
23730.114	0.12999999999738066	HSETimeIntervals		23730.172	23730.179		
23732.789	0.14400000000023283	HSETimeIntervals		23732.889	23732.861		
23733.919	0.07899999999790452	HSETimeIntervals		23733.963	23733.9585		
23741.14	0.21700000000055297	HSETimeIntervals		23741.2	23741.248499999998		
23743.599000000002	0.2669999999998254	HSETimeIntervals		23743.822	23743.732500000002		
23758.9664	0.08879999999771826	RippleTimeIntervals		23759.0424			
23764.435	0.07200000000011642	HSETimeIntervals		23764.469	23764.471		
23769.491	0.12299999999959255	HSETimeIntervals		23769.539	23769.5525		
23776.9136	0.09760000000096625	RippleTimeIntervals		23777.0088			
23778.933	0.06899999999950523	HSETimeIntervals		23778.968	23778.967500000002		
23781.432	0.15899999999965075	HSETimeIntervals		23781.487	23781.5115		
23785.996	0.22300000000177533	HSETimeIntervals		23786.037	23786.1075		
23786.223	0.2929999999978463	HSETimeIntervals		23786.273	23786.3695		
23787.735	0.08399999999892316	HSETimeIntervals		23787.781	23787.777000000002		
23789.208	0.08100000000194996	HSETimeIntervals		23789.25	23789.248499999998		
23790.771	0.10199999999895226	HSETimeIntervals		23790.839	23790.822		
23791.784	0.13700000000244472	HSETimeIntervals		23791.824	23791.8525		
23792.769	0.07800000000133878	HSETimeIntervals		23792.805	23792.808		
23795.018	0.15499999999883585	HSETimeIntervals		23795.059	23795.0955		
23799.376	0.06999999999970896	HSETimeIntervals		23799.409	23799.411		
23799.999	0.10399999999935972	HSETimeIntervals		23800.073	23800.051		
23801.374	0.09900000000197906	HSETimeIntervals		23801.413	23801.4235		
23801.737	0.08399999999892316	HSETimeIntervals		23801.79	23801.779000000002		
23803.831000000002	0.12199999999938882	HSETimeIntervals		23803.879	23803.892000000003		
23805.097	0.10399999999935972	HSETimeIntervals		23805.139	23805.149		
23806.248	0.21700000000055297	HSETimeIntervals		23806.396	23806.356499999998		
23807.1352	0.09920000000056461	RippleTimeIntervals		23807.1384			
23807.679	0.25	HSETimeIntervals		23807.845	23807.804		
23808.029	0.23400000000037835	HSETimeIntervals		23808.188000000002	23808.145999999997		
23809.541	0.19900000000052387	HSETimeIntervals		23809.585	23809.6405		
23809.763	0.09200000000055297	HSETimeIntervals		23809.807	23809.808999999997		
23809.891	0.31899999999950523	HSETimeIntervals		23810.143	23810.0505		
23812.646	0.07700000000113505	HSETimeIntervals		23812.68	23812.6845		
23812.972	0.18299999999726424	HSETimeIntervals		23812.999	23813.0635		
23817.103	0.12199999999938882	HSETimeIntervals		23817.141	23817.164		
23818.476	0.18700000000171713	HSETimeIntervals		23818.515	23818.569499999998		
23823.092	0.1860000000015134	HSETimeIntervals		23823.149	23823.185		
23826.593	0.12299999999959255	HSETimeIntervals		23826.668	23826.6545		
23830.5504	0.10559999999895808	RippleTimeIntervals		23830.6192			
23830.864	0.08299999999871943	HSETimeIntervals		23830.904	23830.9055		
23831.783	0.20500000000174623	HSETimeIntervals		23831.914	23831.8855		
23832.339	0.29500000000189175	HSETimeIntervals		23832.379	23832.4865		
23835.535	0.4290000000000873	HSETimeIntervals		23835.9	23835.749499999998		
23843.260000000002	0.15599999999903957	HSETimeIntervals		23843.385000000002	23843.338000000003		
23843.867000000002	0.13699999999880674	HSETimeIntervals		23843.907	23843.935500000003		
23847.028000000002	0.12099999999918509	HSETimeIntervals		23847.119	23847.0885		
23850.347	0.16300000000046566	HSETimeIntervals		23850.443	23850.4285		
23854.817	0.1680000000014843	HSETimeIntervals		23854.867000000002	23854.900999999998		
23855.265	0.10200000000259024	HSETimeIntervals		23855.303	23855.316		
23855.401	0.29099999999743886	HSETimeIntervals		23855.441	23855.5465		
23855.885000000002	0.09899999999834108	HSETimeIntervals		23855.929	23855.934500000003		
23856.175	0.2139999999999418	HSETimeIntervals		23856.223	23856.282		
23856.425	0.06700000000273576	HSETimeIntervals		23856.46	23856.4585		
23856.843	0.2249999999985448	HSETimeIntervals		23856.91	23856.9555		
23860.956000000002	0.1389999999992142	HSETimeIntervals		23860.996	23861.025500000003		
23862.779	0.44200000000273576	HSETimeIntervals		23863.169	23863.0		
23877.723	0.09099999999671127	HSETimeIntervals		23877.778000000002	23877.768500000002		
23880.104	0.08799999999973807	HSETimeIntervals		23880.159	23880.148		
23890.849000000002	0.20799999999871943	HSETimeIntervals		23890.987	23890.953		
23891.602	0.14800000000104774	HSETimeIntervals		23891.665	23891.676		
23892.203	0.24099999999816646	HSETimeIntervals		23892.251	23892.323500000002		
23892.521	0.1069999999999709	HSETimeIntervals		23892.599000000002	23892.574500000002		
23892.674	0.0750000000007276	HSETimeIntervals		23892.707	23892.711499999998		
23893.907	0.14900000000125146	HSETimeIntervals		23893.977	23893.981499999998		
23894.39	0.13400000000183354	HSETimeIntervals		23894.44	23894.457		
23895.96	0.1430000000000291	HSETimeIntervals		23896.042	23896.031499999997		
23896.203	0.17599999999947613	HSETimeIntervals		23896.267	23896.291		
23897.937	0.07599999999729334	HSETimeIntervals		23897.984	23897.975000000002		
23899.925	0.09200000000055297	HSETimeIntervals		23899.957	23899.970999999998		
23900.657	0.11600000000180444	HSETimeIntervals		23900.732	23900.715		
23900.838	0.1389999999992142	HSETimeIntervals		23900.935	23900.9075		
23901.071	0.10800000000017462	HSETimeIntervals		23901.133	23901.125		
23901.749	0.09400000000096043	HSETimeIntervals		23901.804	23901.796		
23901.898	0.09699999999793363	HSETimeIntervals		23901.944	23901.946500000002		
23905.756	0.08299999999871943	HSETimeIntervals		23905.798	23905.7975		
23908.535	0.11500000000160071	HSETimeIntervals		23908.614	23908.5925		
23908.807	0.3209999999999127	HSETimeIntervals		23909.076	23908.967500000002		
23910.91	0.3080000000009022	HSETimeIntervals		23911.174	23911.064		
23913.167	0.09499999999752617	HSETimeIntervals		23913.221	23913.214500000002		
23913.358	0.09100000000034925	HSETimeIntervals		23913.386	23913.4035		
23913.536	0.12600000000020373	HSETimeIntervals		23913.573	23913.599		
23913.713	0.07800000000133878	HSETimeIntervals		23913.75	23913.752		
23914.375	0.27400000000125146	HSETimeIntervals		23914.461	23914.512		
23914.816	0.2040000000015425	HSETimeIntervals		23914.976	23914.917999999998		
23915.276	0.06599999999889405	HSETimeIntervals		23915.313000000002	23915.309		
23915.649	0.16300000000046566	HSETimeIntervals		23915.773	23915.7305		
23916.865	0.2929999999978463	HSETimeIntervals		23916.936	23917.0115		
23917.362	0.19900000000052387	HSETimeIntervals		23917.518	23917.4615		
23921.534	0.1069999999999709	HSETimeIntervals		23921.574	23921.5875		
23923.493	0.08300000000235741	HSETimeIntervals		23923.54	23923.534499999998		
23923.743	0.07300000000032014	HSETimeIntervals		23923.781	23923.779499999997		
23926.802	0.10900000000037835	HSETimeIntervals		23926.854	23926.856499999998		
23927.237	0.14400000000023283	HSETimeIntervals		23927.304	23927.309		
23927.419	0.10199999999895226	HSETimeIntervals		23927.458	23927.47		
23929.227	0.13400000000183354	HSETimeIntervals		23929.324	23929.293999999998		
23930.057	0.15899999999965075	HSETimeIntervals		23930.166	23930.1365		
23930.656	0.06700000000273576	HSETimeIntervals		23930.693	23930.6895		
23932.371	0.05800000000090222	HSETimeIntervals		23932.401	23932.399999999998		
23934.429	0.09600000000136788	HSETimeIntervals		23934.494	23934.477		
23935.968	0.11200000000098953	HSETimeIntervals		23936.041	23936.024		
23937.054	0.22000000000116415	HSETimeIntervals		23937.185	23937.164		
23938.142	0.08699999999953434	HSETimeIntervals		23938.189	23938.1855		
23938.307	0.07200000000011642	HSETimeIntervals		23938.344	23938.343		
23939.342	0.08899999999994179	HSETimeIntervals		23939.392	23939.3865		
23943.522	0.0779999999977008	HSETimeIntervals		23943.562	23943.561		
23948.755	0.07200000000011642	HSETimeIntervals		23948.795000000002	23948.791		
23951.602	0.10599999999976717	HSETimeIntervals		23951.648	23951.655		
23953.033	0.20100000000093132	HSETimeIntervals		23953.141	23953.1335		
23958.017	0.09800000000177533	HSETimeIntervals		23958.054	23958.066		
23963.378	0.07800000000133878	HSETimeIntervals		23963.416	23963.417		
23963.502	0.10599999999976717	HSETimeIntervals		23963.546000000002	23963.555		
23964.232	0.10800000000017462	HSETimeIntervals		23964.298	23964.286		
23966.775	0.16300000000046566	HSETimeIntervals		23966.811	23966.8565		
23967.244	0.09900000000197906	HSETimeIntervals		23967.297	23967.2935		
23967.488	0.09000000000014552	HSETimeIntervals		23967.533	23967.533		
23969.343	0.19900000000052387	HSETimeIntervals		23969.394	23969.4425		
23973.87	0.21299999999973807	HSETimeIntervals		23973.939	23973.9765		
23979.502	0.13599999999860302	HSETimeIntervals		23979.602	23979.57		
23980.434	0.14400000000023283	HSETimeIntervals		23980.53	23980.506		
23980.903000000002	0.125	HSETimeIntervals		23980.965	23980.965500000002		
23981.429	0.13599999999860302	HSETimeIntervals		23981.535	23981.497		
23983.454	0.16899999999805004	HSETimeIntervals		23983.534	23983.538500000002		
23983.897	0.0930000000007567	HSETimeIntervals		23983.95	23983.9435		
23984.045000000002	0.45499999999810825	HSETimeIntervals		23984.263	23984.272500000003		
23998.5	0.15799999999944703	HSETimeIntervals		23998.594	23998.579		
23999.799	0.11500000000160071	HSETimeIntervals		23999.886	23999.856499999998		
24016.446	0.0930000000007567	HSETimeIntervals		24016.491	24016.4925		
24017.935	0.08699999999953434	HSETimeIntervals		24017.971	24017.9785		
24018.568	0.20300000000133878	HSETimeIntervals		24018.652000000002	24018.6695		
24019.222	0.11299999999755528	HSETimeIntervals		24019.305	24019.2785		
24019.368	0.2250000000021828	HSETimeIntervals		24019.425	24019.480499999998		
24021.87	0.0930000000007567	HSETimeIntervals		24021.916	24021.9165		
24029.468	0.08099999999831198	HSETimeIntervals		24029.517	24029.5085		
24029.936	0.11499999999796273	HSETimeIntervals		24030.018	24029.9935		
24032.514	0.14900000000125146	HSETimeIntervals		24032.625	24032.588499999998		
24036.355	0.11600000000180444	HSETimeIntervals		24036.408	24036.413		
24038.356	0.27000000000043656	HSETimeIntervals		24038.442	24038.490999999998		
24041.684	0.12399999999979627	HSETimeIntervals		24041.72	24041.746000000003		
24042.552	0.09200000000055297	HSETimeIntervals		24042.605	24042.597999999998		
24044.183	0.06999999999970896	HSETimeIntervals		24044.223	24044.218		
24044.454	0.0819999999985157	HSETimeIntervals		24044.5	24044.495000000003		
24046.254	0.09200000000055297	HSETimeIntervals		24046.291	24046.3		
24058.745	0.11000000000058208	HSETimeIntervals		24058.822	24058.8		
24064.106	0.08399999999892316	HSETimeIntervals		24064.15	24064.148		
24065.277000000002	0.06199999999807915	HSETimeIntervals		24065.308	24065.308		
24065.43	0.09600000000136788	HSETimeIntervals		24065.497	24065.478		
24070.253	0.06999999999970896	HSETimeIntervals		24070.288	24070.288		
24072.397	0.08099999999831198	HSETimeIntervals		24072.442	24072.4375		
24078.519	0.125	HSETimeIntervals		24078.598	24078.5815		
24079.521	0.09600000000136788	HSETimeIntervals		24079.576	24079.569		
24082.29	0.13799999999901047	HSETimeIntervals		24082.351	24082.359		
24084.851	0.08500000000276486	HSETimeIntervals		24084.909	24084.8935		
24086.549	0.24100000000180444	HSETimeIntervals		24086.631	24086.6695		
24088.922	0.11600000000180444	HSETimeIntervals		24089.008	24088.98		
24089.717	0.07200000000011642	HSETimeIntervals		24089.760000000002	24089.753		
24090.063000000002	0.13399999999819556	HSETimeIntervals		24090.164	24090.13		
24090.984	0.09600000000136788	HSETimeIntervals		24091.042	24091.032		
24091.535	0.08699999999953434	HSETimeIntervals		24091.579	24091.5785		
24101.066	0.13100000000122236	HSETimeIntervals		24101.146	24101.1315		
24102.362	0.11899999999877764	HSETimeIntervals		24102.403000000002	24102.4215		
24102.898	0.14099999999962165	HSETimeIntervals		24102.945	24102.968500000003		
24103.937	0.41200000000026193	HSETimeIntervals		24104.014	24104.143		
24107.853	0.10499999999956344	HSETimeIntervals		24107.906	24107.9055		
24117.613	0.17399999999906868	HSETimeIntervals		24117.747	24117.7		
24117.814	0.30600000000049477	HSETimeIntervals		24118.002	24117.966999999997		
24119.248	0.08599999999933061	HSETimeIntervals		24119.287	24119.291		
24120.066	0.16900000000168802	HSETimeIntervals		24120.145	24120.1505		
24120.652000000002	0.23399999999674037	HSETimeIntervals		24120.703	24120.769		
24123.853	0.1069999999999709	HSETimeIntervals		24123.915	24123.9065		
24126.583	0.12800000000061118	HSETimeIntervals		24126.646	24126.646999999997		
24128.712	0.1959999999999127	HSETimeIntervals		24128.785	24128.81		
24129.656	0.10499999999956344	HSETimeIntervals		24129.714	24129.7085		
24129.813000000002	0.07999999999810825	HSETimeIntervals		24129.857	24129.853000000003		
24130.218	0.07899999999790452	HSETimeIntervals		24130.260000000002	24130.2575		
24131.505	0.10399999999935972	HSETimeIntervals		24131.552	24131.557		
24138.581000000002	0.09299999999711872	HSETimeIntervals		24138.611	24138.627500000002		
24139.712	0.0750000000007276	HSETimeIntervals		24139.759000000002	24139.749499999998		
24140.767	0.14800000000104774	HSETimeIntervals		24140.808	24140.841		
24141.72	0.08299999999871943	HSETimeIntervals		24141.752	24141.7615		
24145.605	0.05800000000090222	HSETimeIntervals		24145.636	24145.634		
24151.044	0.0819999999985157	HSETimeIntervals		24151.089	24151.085000000003		
24153.789	0.07899999999790452	HSETimeIntervals		24153.825	24153.8285		
24154.677	0.06599999999889405	HSETimeIntervals		24154.708	24154.71		
24155.91	0.08899999999994179	HSETimeIntervals		24155.943	24155.9545		
24159.471	0.1790000000000873	HSETimeIntervals		24159.559	24159.5605		
24164.32	0.1069999999999709	HSETimeIntervals		24164.389	24164.3735		
24164.974000000002	0.16499999999723514	HSETimeIntervals		24165.088	24165.056500000002		
24172.85	0.17100000000209548	HSETimeIntervals		24172.933	24172.9355		
24173.244	0.06700000000273576	HSETimeIntervals		24173.275	24173.2775		
24174.694	0.25900000000183354	HSETimeIntervals		24174.759000000002	24174.8235		
24175.229	0.09900000000197906	HSETimeIntervals		24175.268	24175.2785		
24175.579	0.08799999999973807	HSETimeIntervals		24175.622	24175.623000000003		
24177.122	0.18900000000212458	HSETimeIntervals		24177.222	24177.2165		
24178.815	0.09600000000136788	HSETimeIntervals		24178.855	24178.862999999998		
24183.776	0.18299999999726424	HSETimeIntervals		24183.805	24183.8675		
24191.52	0.09500000000116415	HSETimeIntervals		24191.576	24191.5675		
24191.825	0.19399999999950523	HSETimeIntervals		24191.97	24191.922000000002		
24192.947	0.15499999999883585	HSETimeIntervals		24193.017	24193.0245		
24196.576	0.08899999999994179	HSETimeIntervals		24196.623	24196.6205		
24196.691	0.07700000000113505	HSETimeIntervals		24196.734	24196.729499999998		
24199.858	0.1860000000015134	HSETimeIntervals		24199.903000000002	24199.951		
24213.438000000002	0.45799999999871943	HSETimeIntervals		24213.608	24213.667		
24226.771	0.07099999999991269	HSETimeIntervals		24226.814	24226.806500000002		
24248.2272	0.15120000000024447	RippleTimeIntervals		24248.2392			
24249.2952	0.1319999999977881	RippleTimeIntervals		24249.3376			
24249.9792	0.13839999999981956	RippleTimeIntervals		24250.0376			
24254.888	0.09840000000258442	RippleTimeIntervals		24254.9712			
24256.092	0.12080000000059954	RippleTimeIntervals		24256.192			
24256.6184	0.09360000000015134	RippleTimeIntervals		24256.6384			
24269.2712	0.11520000000018626	RippleTimeIntervals		24269.3176			
24273.999	0.08299999999871943	HSETimeIntervals		24274.035	24274.0405		
24278.276	0.07999999999810825	HSETimeIntervals		24278.309	24278.316000000003		
24291.107	0.0930000000007567	HSETimeIntervals		24291.146	24291.1535		
24301.502	0.10399999999935972	HSETimeIntervals		24301.572	24301.554		
24307.260000000002	0.11599999999816646	HSETimeIntervals		24307.332	24307.318000000003		
24317.877	0.07800000000133878	HSETimeIntervals		24317.919	24317.916		
24318.333	0.09500000000116415	HSETimeIntervals		24318.399	24318.3805		
24319.993	0.16300000000046566	HSETimeIntervals		24320.109	24320.0745		
24327.81	0.09000000000014552	HSETimeIntervals		24327.865	24327.855		
24334.293	0.0819999999985157	HSETimeIntervals		24334.327	24334.334000000003		
24336.648	0.12399999999979627	HSETimeIntervals		24336.732	24336.710000000003		
24337.688000000002	0.055999999996856786	HSETimeIntervals		24337.716	24337.716		
24338.906	0.3870000000024447	HSETimeIntervals		24339.019	24339.0995		
24341.158	0.352999999999156	HSETimeIntervals		24341.192	24341.3345		
24342.181	0.11699999999837019	HSETimeIntervals		24342.234	24342.2395		
24342.515	0.22999999999956344	HSETimeIntervals		24342.6	24342.63		
24342.754	0.26199999999880674	HSETimeIntervals		24342.975	24342.885000000002		
24348.032	0.26300000000264845	HSETimeIntervals		24348.242000000002	24348.1635		
24348.7744	2987.23196666667	epochs	fCamk5_210406_154946				
24349.0	315.0	SleepStates					WAKEstate
24350.243	0.08000000000174623	HSETimeIntervals		24350.278000000002	24350.283		
24354.031	0.1069999999999709	HSETimeIntervals		24354.089	24354.0845		
24354.48	0.19100000000253203	HSETimeIntervals		24354.510000000002	24354.5755		
24354.698	0.3149999999986903	HSETimeIntervals		24354.93	24354.8555		
24361.258	0.07699999999749707	HSETimeIntervals		24361.295000000002	24361.2965		
24361.731	0.21299999999973807	HSETimeIntervals		24361.779	24361.8375		
24367.982	0.18000000000029104	HSETimeIntervals		24368.019	24368.072		
24369.115	0.14199999999982538	HSETimeIntervals		24369.16	24369.186		
24370.649	0.18799999999828287	HSETimeIntervals		24370.684	24370.743000000002		
24377.136	0.09600000000136788	HSETimeIntervals		24377.177	24377.183999999997		
24379.86	0.06199999999807915	HSETimeIntervals		24379.89	24379.891		
24381.711	0.06799999999930151	HSETimeIntervals		24381.746	24381.745		
24384.743	0.3209999999999127	HSETimeIntervals		24384.885000000002	24384.9035		
24386.452	0.07300000000032014	HSETimeIntervals		24386.489	24386.4885		
24387.831000000002	0.17599999999947613	HSETimeIntervals		24387.964	24387.919		
24388.169	0.25499999999738066	HSETimeIntervals		24388.211	24388.2965		
24389.815	0.3790000000008149	HSETimeIntervals		24390.045000000002	24390.0045		
24391.874	0.3600000000005821	HSETimeIntervals		24392.048	24392.054		
24394.264	0.4210000000020955	HSETimeIntervals		24394.615	24394.4745		
24395.832	0.08240000000296277	RippleTimeIntervals		24395.8568			
24396.736	0.11200000000098953	HSETimeIntervals		24396.783	24396.792		
24397.8256	0.1224000000001979	RippleTimeIntervals		24397.856			
24398.0808	0.15999999999985448	RippleTimeIntervals		24398.232			
24398.628	0.09500000000116415	HSETimeIntervals		24398.685	24398.6755		
24401.058	0.2860000000000582	HSETimeIntervals		24401.093	24401.201		
24401.38	0.10399999999935972	HSETimeIntervals		24401.448	24401.432		
24402.256	0.17599999999947613	HSETimeIntervals		24402.298	24402.344		
24410.922	0.07800000000133878	HSETimeIntervals		24410.959	24410.961		
24413.49	0.33399999999892316	HSETimeIntervals		24413.648	24413.657000000003		
24419.429	0.3499999999985448	HSETimeIntervals		24419.689	24419.604		
24421.382	0.08499999999912689	HSETimeIntervals		24421.421000000002	24421.4245		
24425.321	0.08000000000174623	HSETimeIntervals		24425.361	24425.361		
24425.412	0.3790000000008149	HSETimeIntervals		24425.514	24425.6015		
24432.59	0.21500000000014552	HSETimeIntervals		24432.645	24432.6975		
24432.843	0.06999999999970896	HSETimeIntervals		24432.876	24432.878		
24436.32	0.352999999999156	HSETimeIntervals		24436.473	24436.4965		
24438.963	0.09500000000116415	HSETimeIntervals		24439.012	24439.0105		
24439.667	0.227999999999156	HSETimeIntervals		24439.865	24439.781000000003		
24440.372	0.2109999999993306	HSETimeIntervals		24440.54	24440.4775		
24441.585	0.10399999999935972	HSETimeIntervals		24441.618	24441.637		
24443.273	0.23099999999976717	HSETimeIntervals		24443.33	24443.3885		
24452.173	0.3150000000023283	HSETimeIntervals		24452.452	24452.3305		
24458.231	0.3280000000013388	HSETimeIntervals		24458.271	24458.395		
24458.581000000002	0.07299999999668216	HSETimeIntervals		24458.619	24458.6175		
24458.725	0.10800000000017462	HSETimeIntervals		24458.763	24458.779		
24458.954	0.11699999999837019	HSETimeIntervals		24458.99	24459.0125		
24462.923	0.08799999999973807	HSETimeIntervals		24462.971	24462.967		
24463.919	0.12199999999938882	HSETimeIntervals		24463.968	24463.980000000003		
24468.260000000002	0.14899999999761349	HSETimeIntervals		24468.377	24468.3345		
24471.095	0.09999999999854481	HSETimeIntervals		24471.133	24471.145		
24477.937	0.2109999999993306	HSETimeIntervals		24478.015	24478.042500000003		
24480.793	0.08599999999933061	HSETimeIntervals		24480.832	24480.836000000003		
24483.968	0.14600000000064028	HSETimeIntervals		24484.007	24484.041		
24487.902000000002	0.2919999999976426	HSETimeIntervals		24488.0	24488.048000000003		
24494.191	0.2110000000029686	HSETimeIntervals		24494.271	24494.2965		
24499.376	0.364000000001397	HSETimeIntervals		24499.692	24499.558		
24499.988	0.10199999999895226	HSETimeIntervals		24500.024	24500.039		
24500.485	0.3849999999983993	HSETimeIntervals		24500.571	24500.6775		
24501.002	0.3349999999991269	HSETimeIntervals		24501.076	24501.1695		
24501.38	0.30500000000029104	HSETimeIntervals		24501.641	24501.5325		
24503.469	0.23700000000098953	HSETimeIntervals		24503.525	24503.5875		
24506.104	0.08899999999994179	HSETimeIntervals		24506.147	24506.1485		
24506.413	0.4069999999992433	HSETimeIntervals		24506.721	24506.6165		
24506.845	0.13399999999819556	HSETimeIntervals		24506.911	24506.912		
24509.874	0.11800000000221189	HSETimeIntervals		24509.955	24509.933		
24514.681	0.22100000000136788	HSETimeIntervals		24514.731	24514.7915		
24515.187	0.4309999999968568	HSETimeIntervals		24515.446	24515.4025		
24518.374	0.09800000000177533	HSETimeIntervals		24518.428	24518.423		
24521.825	0.18000000000029104	HSETimeIntervals		24521.907	24521.915		
24522.093	0.24899999999979627	HSETimeIntervals		24522.161	24522.217500000002		
24522.355	0.1929999999993015	HSETimeIntervals		24522.481	24522.4515		
24523.662	0.18700000000171713	HSETimeIntervals		24523.726	24523.7555		
24526.4	0.12600000000020373	HSETimeIntervals		24526.478	24526.463		
24528.074	0.09500000000116415	HSETimeIntervals		24528.137	24528.1215		
24528.606	0.13699999999880674	HSETimeIntervals		24528.707	24528.6745		
24529.925	0.21900000000096043	HSETimeIntervals		24530.064000000002	24530.034499999998		
24532.004	0.09200000000055297	HSETimeIntervals		24532.057	24532.05		
24532.142	0.0970000000015716	HSETimeIntervals		24532.177	24532.1905		
24532.515	0.11400000000139698	HSETimeIntervals		24532.547	24532.572		
24533.089	0.16200000000026193	HSETimeIntervals		24533.129	24533.17		
24533.439000000002	0.09099999999671127	HSETimeIntervals		24533.475	24533.484500000002		
24541.462	0.14800000000104774	HSETimeIntervals		24541.572	24541.536		
24546.516	0.06999999999970896	HSETimeIntervals		24546.559	24546.551		
24549.189000000002	0.14099999999962165	HSETimeIntervals		24549.256	24549.259500000004		
24549.342	0.11899999999877764	HSETimeIntervals		24549.408	24549.4015		
24551.235	0.09600000000136788	HSETimeIntervals		24551.286	24551.283		
24551.847	0.1749999999992724	HSETimeIntervals		24551.993	24551.934500000003		
24559.253	0.18100000000049477	HSETimeIntervals		24559.401	24559.3435		
24559.459	0.23300000000017462	HSETimeIntervals		24559.523	24559.5755		
24559.911	0.4609999999993306	HSETimeIntervals		24559.993	24560.1415		
24562.666	0.3430000000007567	HSETimeIntervals		24562.744	24562.8375		
24569.192	0.10900000000037835	HSETimeIntervals		24569.243	24569.246499999997		
24572.184	0.1849999999976717	HSETimeIntervals		24572.292	24572.2765		
24577.682	0.4459999999999127	HSETimeIntervals		24577.987	24577.905000000002		
24581.257	0.2029999999977008	HSETimeIntervals		24581.285	24581.358500000002		
24584.278000000002	0.11799999999857391	HSETimeIntervals		24584.333	24584.337000000003		
24585.528000000002	0.08499999999912689	HSETimeIntervals		24585.579	24585.5705		
24599.687	0.08699999999953434	HSETimeIntervals		24599.741	24599.7305		
24604.773	0.06899999999950523	HSETimeIntervals		24604.809	24604.807500000003		
24604.954	0.14799999999740976	HSETimeIntervals		24605.037	24605.028000000002		
24606.918	0.21500000000014552	HSETimeIntervals		24606.968	24607.0255		
24612.836	0.3470000000015716	HSETimeIntervals		24613.105	24613.0095		
24618.498	0.09500000000116415	HSETimeIntervals		24618.548	24618.5455		
24620.671000000002	0.0779999999977008	HSETimeIntervals		24620.707	24620.710000000003		
24620.759000000002	0.33799999999973807	HSETimeIntervals		24620.824	24620.928000000004		
24621.665	0.3289999999979045	HSETimeIntervals		24621.955	24621.8295		
24622.266	0.36700000000200816	HSETimeIntervals		24622.386	24622.4495		
24631.532	0.3580000000001746	HSETimeIntervals		24631.744	24631.711		
24632.799	0.32400000000052387	HSETimeIntervals		24633.078	24632.961		
24634.875	0.16200000000026193	HSETimeIntervals		24634.982	24634.956		
24636.434	0.23500000000058208	HSETimeIntervals		24636.609	24636.5515		
24638.657	0.06999999999970896	HSETimeIntervals		24638.696	24638.692		
24641.398	0.2559999999975844	HSETimeIntervals		24641.434	24641.526		
24644.158	0.08799999999973807	HSETimeIntervals		24644.199	24644.202		
24645.082	0.21400000000357977	HSETimeIntervals		24645.262	24645.189		
24652.482	0.18000000000029104	HSETimeIntervals		24652.53	24652.572		
24655.472	0.07599999999729334	HSETimeIntervals		24655.515	24655.510000000002		
24660.912	0.34100000000034925	HSETimeIntervals		24661.149	24661.0825		
24661.275	0.38799999999901047	HSETimeIntervals		24661.5	24661.469		
24664.369	0.3250000000007276	HSETimeIntervals		24664.646	24664.531499999997		
24673.175	0.2109999999993306	HSETimeIntervals		24673.268	24673.2805		
24673.799	0.14199999999982538	HSETimeIntervals		24673.899	24673.87		
24676.576	0.2809999999990396	HSETimeIntervals		24676.794	24676.716500000002		
24678.94	0.25200000000040745	HSETimeIntervals		24679.041	24679.066		
24688.433	0.13599999999860302	HSETimeIntervals		24688.538	24688.501		
24692.389	0.12199999999938882	HSETimeIntervals		24692.48	24692.45		
24692.868	0.08700000000317232	HSETimeIntervals		24692.914	24692.9115		
24695.806	0.06599999999889405	HSETimeIntervals		24695.841	24695.839		
24696.675	0.11300000000119326	HSETimeIntervals		24696.728	24696.731499999998		
24699.982	0.06899999999950523	HSETimeIntervals		24700.019	24700.0165		
24702.477	0.1040000000029977	HSETimeIntervals		24702.544	24702.529		
24706.673	0.30900000000110595	HSETimeIntervals		24706.817	24706.8275		
24707.894	0.08099999999831198	HSETimeIntervals		24707.938000000002	24707.9345		
24717.584	0.11600000000180444	HSETimeIntervals		24717.63	24717.642		
24719.061	0.1610000000000582	HSETimeIntervals		24719.188000000002	24719.1415		
24721.068	0.0790000000015425	HSETimeIntervals		24721.116	24721.1075		
24721.692	0.18700000000171713	HSETimeIntervals		24721.758	24721.785499999998		
24721.929	0.14099999999962165	HSETimeIntervals		24722.036	24721.9995		
24722.719	0.3440000000009604	HSETimeIntervals		24722.752	24722.891		
24724.657	0.08100000000194996	HSETimeIntervals		24724.692	24724.6975		
24742.2	0.44499999999970896	HSETimeIntervals		24742.293	24742.4225		
24742.676	0.13500000000203727	HSETimeIntervals		24742.757	24742.7435		
24745.803	0.10199999999895226	HSETimeIntervals		24745.863	24745.854		
24751.19	0.20900000000256114	HSETimeIntervals		24751.224000000002	24751.2945		
24758.303	0.4360000000015134	HSETimeIntervals		24758.531	24758.521		
24758.773	0.20999999999912689	HSETimeIntervals		24758.951	24758.878		
24765.355	0.08799999999973807	HSETimeIntervals		24765.389	24765.399		
24766.259000000002	0.20099999999729334	HSETimeIntervals		24766.292	24766.359500000002		
24771.124	0.1959999999999127	HSETimeIntervals		24771.265	24771.222		
24776.682	0.3289999999979045	HSETimeIntervals		24776.713	24776.8465		
24787.44	0.09500000000116415	HSETimeIntervals		24787.489	24787.4875		
24792.063000000002	0.07699999999749707	HSETimeIntervals		24792.1	24792.1015		
24792.258	0.07300000000032014	HSETimeIntervals		24792.293	24792.2945		
24796.849000000002	0.29099999999743886	HSETimeIntervals		24796.882	24796.9945		
24803.896	0.23099999999976717	HSETimeIntervals		24804.014	24804.0115		
24804.357	0.4459999999999127	HSETimeIntervals		24804.606	24804.58		
24821.493	0.07600000000093132	HSETimeIntervals		24821.525	24821.531		
24821.831000000002	0.16499999999723514	HSETimeIntervals		24821.946	24821.913500000002		
24823.842	0.17599999999947613	HSETimeIntervals		24823.976	24823.93		
24825.91	0.10099999999874854	HSETimeIntervals		24825.979	24825.9605		
24832.041	0.2029999999977008	HSETimeIntervals		24832.170000000002	24832.1425		
24843.29	0.08699999999953434	HSETimeIntervals		24843.339	24843.3335		
24843.348	0.046399999999266583	RippleTimeIntervals		24843.3552			
24852.891	0.09600000000136788	HSETimeIntervals		24852.947	24852.939		
24859.351	0.24500000000261934	HSETimeIntervals		24859.437	24859.4735		
24863.962	0.08699999999953434	HSETimeIntervals		24864.009000000002	24864.0055		
24864.641	0.06999999999970896	HSETimeIntervals		24864.674	24864.676		
24865.441	0.09600000000136788	HSETimeIntervals		24865.486	24865.488999999998		
24873.408	0.33400000000256114	HSETimeIntervals		24873.691	24873.575		
24876.774	0.08799999999973807	HSETimeIntervals		24876.817	24876.818000000003		
24879.456000000002	0.13399999999819556	HSETimeIntervals		24879.525	24879.523		
24880.47	0.26900000000023283	HSETimeIntervals		24880.535	24880.6045		
24888.889	0.27800000000206637	HSETimeIntervals		24888.964	24889.028		
24894.642	0.19399999999950523	HSETimeIntervals		24894.796000000002	24894.739		
24902.861	0.09200000000055297	HSETimeIntervals		24902.904	24902.907		
24906.260000000002	0.06099999999787542	HSETimeIntervals		24906.29	24906.290500000003		
24907.304	0.07400000000052387	HSETimeIntervals		24907.341	24907.341		
24918.715	0.09200000000055297	HSETimeIntervals		24918.771	24918.761		
24937.968	0.07800000000133878	HSETimeIntervals		24938.008	24938.007		
24948.669	0.49099999999816646	HSETimeIntervals		24948.992000000002	24948.914500000003		
24949.198	0.12399999999979627	HSETimeIntervals		24949.266	24949.260000000002		
24949.36	0.18400000000110595	HSETimeIntervals		24949.392	24949.452		
24956.318	0.1860000000015134	HSETimeIntervals		24956.428	24956.411		
24957.301	0.4330000000009022	HSETimeIntervals		24957.452	24957.517499999998		
24960.339	0.11300000000119326	HSETimeIntervals		24960.414	24960.3955		
24964.647	0.12199999999938882	HSETimeIntervals		24964.69	24964.708000000002		
24965.598	0.36499999999796273	HSETimeIntervals		24965.83	24965.7805		
24966.747	0.10399999999935972	HSETimeIntervals		24966.797	24966.799		
24970.656	0.2669999999998254	HSETimeIntervals		24970.831000000002	24970.7895		
24975.693	0.38400000000183354	HSETimeIntervals		24975.829	24975.885		
24976.649	0.35900000000037835	HSETimeIntervals		24976.973	24976.8285		
24977.424	0.22300000000177533	HSETimeIntervals		24977.466	24977.535499999998		
24977.676	0.2109999999993306	HSETimeIntervals		24977.74	24977.7815		
24980.701	0.07999999999810825	HSETimeIntervals		24980.742000000002	24980.741		
24982.011	0.20200000000113505	HSETimeIntervals		24982.172	24982.111999999997		
24983.794	0.10199999999895226	HSETimeIntervals		24983.858	24983.845		
24990.464	0.07200000000011642	HSETimeIntervals		24990.499	24990.5		
24993.545000000002	0.09000000000014552	HSETimeIntervals		24993.597	24993.59		
24995.611	0.07800000000133878	HSETimeIntervals		24995.655	24995.65		
25006.787	0.12399999999979627	HSETimeIntervals		25006.834	25006.849000000002		
25024.045000000002	0.42299999999886495	HSETimeIntervals		25024.138	25024.256500000003		
25031.063000000002	0.06499999999869033	HSETimeIntervals		25031.094	25031.095500000003		
25034.332	0.3320000000021537	HSETimeIntervals		25034.563000000002	25034.498		
25044.348	0.06599999999889405	HSETimeIntervals		25044.379	25044.381		
25046.897	0.35599999999976717	HSETimeIntervals		25046.944	25047.075		
25047.519	0.07700000000113505	HSETimeIntervals		25047.557	25047.5575		
25048.413	0.2570000000014261	HSETimeIntervals		25048.487	25048.5415		
25049.368	0.11000000000058208	HSETimeIntervals		25049.417	25049.423		
25049.511	0.0750000000007276	HSETimeIntervals		25049.549	25049.548499999997		
25050.913	0.18300000000090222	HSETimeIntervals		25050.961	25051.0045		
25051.681	0.13000000000101863	HSETimeIntervals		25051.727	25051.746		
25053.766	0.21199999999953434	HSETimeIntervals		25053.923	25053.872		
25053.989	0.09399999999732245	HSETimeIntervals		25054.046000000002	25054.036		
25054.254	0.4350000000013097	HSETimeIntervals		25054.524	25054.4715		
25054.754	0.07200000000011642	HSETimeIntervals		25054.789	25054.79		
25055.107	0.13400000000183354	HSETimeIntervals		25055.149	25055.174		
25061.293	0.12399999999979627	HSETimeIntervals		25061.331000000002	25061.355000000003		
25064.006	0.15099999999802094	HSETimeIntervals		25064.05	25064.0815		
25064.793	0.08899999999994179	HSETimeIntervals		25064.847	25064.8375		
25068.282	0.12299999999959255	HSETimeIntervals		25068.332	25068.3435		
25068.934	0.45199999999749707	HSETimeIntervals		25069.035	25069.16		
25070.161	0.14900000000125146	HSETimeIntervals		25070.222	25070.2355		
25076.85	0.3220000000001164	HSETimeIntervals		25076.968	25077.011		
25078.12	0.2319999999999709	HSETimeIntervals		25078.311	25078.236		
25080.613	0.10399999999935972	HSETimeIntervals		25080.65	25080.665		
25084.81	0.0750000000007276	HSETimeIntervals		25084.851	25084.8475		
25085.248	0.16700000000128057	HSETimeIntervals		25085.37	25085.3315		
25086.605	0.11000000000058208	HSETimeIntervals		25086.642	25086.66		
25088.54	0.11799999999857391	HSETimeIntervals		25088.629	25088.599000000002		
25095.363	0.06699999999909778	HSETimeIntervals		25095.397	25095.396500000003		
25112.002	0.125	HSETimeIntervals		25112.069	25112.0645		
25113.103	0.12700000000040745	HSETimeIntervals		25113.142	25113.1665		
25114.896	0.07099999999991269	HSETimeIntervals		25114.934	25114.931500000002		
25118.463	0.3280000000013388	HSETimeIntervals		25118.718	25118.627		
25123.771	0.21500000000014552	HSETimeIntervals		25123.815	25123.8785		
25129.865	0.3040000000000873	HSETimeIntervals		25129.921000000002	25130.017		
25130.652000000002	0.19700000000011642	HSETimeIntervals		25130.718	25130.750500000002		
25130.86	0.2540000000008149	HSETimeIntervals		25130.998	25130.987		
25134.611	0.4239999999990687	HSETimeIntervals		25134.686	25134.823		
25135.235	0.15899999999965075	HSETimeIntervals		25135.291	25135.3145		
25137.759000000002	0.19399999999950523	HSETimeIntervals		25137.895	25137.856000000003		
25140.758	0.24399999999877764	HSETimeIntervals		25140.964	25140.88		
25141.125	0.07300000000032014	HSETimeIntervals		25141.161	25141.1615		
25180.179	0.18700000000171713	HSETimeIntervals		25180.239	25180.2725		
25181.499	0.08399999999892316	HSETimeIntervals		25181.548	25181.541		
25186.845	0.08499999999912689	HSETimeIntervals		25186.885000000002	25186.8875		
25191.626	0.1680000000014843	HSETimeIntervals		25191.756	25191.71		
25191.81	0.27299999999740976	HSETimeIntervals		25191.881	25191.946500000002		
25194.945	0.2000000000007276	HSETimeIntervals		25195.112	25195.045		
25201.038	0.09600000000136788	HSETimeIntervals		25201.105	25201.086		
25203.297	0.1069999999999709	HSETimeIntervals		25203.36	25203.3505		
25213.721	0.09200000000055297	HSETimeIntervals		25213.768	25213.767		
25225.083	0.11000000000058208	HSETimeIntervals		25225.159	25225.138		
25225.558	0.1389999999992142	HSETimeIntervals		25225.594	25225.627500000002		
25226.872	0.1110000000007858	HSETimeIntervals		25226.923	25226.927499999998		
25227.258	0.0819999999985157	HSETimeIntervals		25227.305	25227.299000000003		
25228.122	0.15799999999944703	HSETimeIntervals		25228.176	25228.201		
25229.225	0.0790000000015425	HSETimeIntervals		25229.259000000002	25229.264499999997		
25229.324	0.12199999999938882	HSETimeIntervals		25229.389	25229.385000000002		
25231.545000000002	0.10299999999915599	HSETimeIntervals		25231.612	25231.596500000003		
25239.834	0.1069999999999709	HSETimeIntervals		25239.879	25239.8875		
25243.256	0.4279999999998836	HSETimeIntervals		25243.394	25243.47		
25243.711	0.09400000000096043	HSETimeIntervals		25243.757	25243.757999999998		
25246.276	0.0959999999977299	HSETimeIntervals		25246.319	25246.324		
25248.988	0.3400000000001455	HSETimeIntervals		25249.162	25249.158		
25250.332	0.10300000000279397	HSETimeIntervals		25250.392	25250.3835		
25256.283	0.21299999999973807	HSETimeIntervals		25256.399	25256.3895		
25260.165	0.10499999999956344	HSETimeIntervals		25260.195	25260.217500000002		
25269.093	0.4650000000001455	HSETimeIntervals		25269.262	25269.3255		
25287.284	0.08399999999892316	HSETimeIntervals		25287.321	25287.326		
25290.102	0.11800000000221189	HSETimeIntervals		25290.132	25290.161		
25290.234	0.10599999999976717	HSETimeIntervals		25290.294	25290.287		
25293.345	0.08299999999871943	HSETimeIntervals		25293.395	25293.3865		
25295.176	0.23099999999976717	HSETimeIntervals		25295.241	25295.2915		
25295.451	0.3960000000006403	HSETimeIntervals		25295.769	25295.649		
25298.558	0.2360000000007858	HSETimeIntervals		25298.753	25298.676		
25298.825	0.20799999999871943	HSETimeIntervals		25298.987	25298.929		
25301.438000000002	0.0639999999984866	HSETimeIntervals		25301.471	25301.47		
25302.592	0.06999999999970896	HSETimeIntervals		25302.631	25302.627		
25309.0	0.08899999999994179	HSETimeIntervals		25309.044	25309.0445		
25309.604	0.13300000000162981	HSETimeIntervals		25309.646	25309.6705		
25311.731	0.08100000000194996	HSETimeIntervals		25311.774	25311.7715		
25313.016	0.10199999999895226	HSETimeIntervals		25313.066	25313.067		
25314.529	0.06700000000273576	HSETimeIntervals		25314.565	25314.5625		
25320.658	0.09800000000177533	HSETimeIntervals		25320.713	25320.707		
25324.985	0.17799999999988358	HSETimeIntervals		25325.116	25325.074		
25328.268	0.0819999999985157	HSETimeIntervals		25328.301	25328.309		
25336.743	0.3550000000032014	HSETimeIntervals		25336.828	25336.9205		
25337.887	0.11300000000119326	HSETimeIntervals		25337.924	25337.943499999998		
25338.067	0.3360000000029686	HSETimeIntervals		25338.129	25338.235		
25338.834	0.1610000000000582	HSETimeIntervals		25338.877	25338.9145		
25343.505	0.1610000000000582	HSETimeIntervals		25343.548	25343.5855		
25346.926	0.10900000000037835	HSETimeIntervals		25347.005	25346.980499999998		
25350.413	0.26599999999962165	HSETimeIntervals		25350.59	25350.546000000002		
25366.824	0.1389999999992142	HSETimeIntervals		25366.864	25366.893500000002		
25369.478	0.11800000000221189	HSETimeIntervals		25369.516	25369.537		
25372.531	0.06999999999970896	HSETimeIntervals		25372.568	25372.566		
25394.658	0.08899999999994179	HSETimeIntervals		25394.692	25394.7025		
25398.647	0.06299999999828287	HSETimeIntervals		25398.681	25398.6785		
25409.14	0.2639999999992142	HSETimeIntervals		25409.266	25409.272		
25416.352	0.13800000000264845	HSETimeIntervals		25416.406	25416.421		
25416.748	0.37299999999959255	HSETimeIntervals		25416.924	25416.9345		
25418.733	0.08899999999994179	HSETimeIntervals		25418.774	25418.7775		
25419.964	0.07800000000133878	HSETimeIntervals		25420.0	25420.003		
25422.051	0.1110000000007858	HSETimeIntervals		25422.116	25422.106499999998		
25443.431	0.0750000000007276	HSETimeIntervals		25443.473	25443.4685		
25443.561	0.08499999999912689	HSETimeIntervals		25443.595	25443.6035		
25445.822	0.09400000000096043	HSETimeIntervals		25445.878	25445.869		
25446.23	0.09100000000034925	HSETimeIntervals		25446.279	25446.2755		
25446.599000000002	0.1819999999970605	HSETimeIntervals		25446.697	25446.690000000002		
25446.873	0.11900000000241562	HSETimeIntervals		25446.935	25446.9325		
25454.418	0.09799999999813735	HSETimeIntervals		25454.465	25454.467		
25466.612	0.21900000000096043	HSETimeIntervals		25466.675	25466.7215		
25468.934	0.375	HSETimeIntervals		25469.112	25469.1215		
25471.079	0.25799999999799184	HSETimeIntervals		25471.237	25471.208000000002		
25472.502	0.4530000000013388	HSETimeIntervals		25472.787	25472.7285		
25473.3	0.1860000000015134	HSETimeIntervals		25473.344	25473.393		
25476.66	0.12299999999959255	HSETimeIntervals		25476.717	25476.7215		
25490.622	0.11300000000119326	HSETimeIntervals		25490.668	25490.678499999998		
25493.051	0.07700000000113505	HSETimeIntervals		25493.09	25493.0895		
25494.553	0.18500000000130967	HSETimeIntervals		25494.589	25494.6455		
25509.49	0.07899999999790452	HSETimeIntervals		25509.531	25509.5295		
25509.75	0.062000000001717126	HSETimeIntervals		25509.78	25509.781		
25515.121	0.10000000000218279	HSETimeIntervals		25515.172	25515.171		
25517.507	0.26599999999962165	HSETimeIntervals		25517.566	25517.640000000003		
25520.602	0.10599999999976717	HSETimeIntervals		25520.647	25520.655		
25526.781	0.09000000000014552	HSETimeIntervals		25526.832	25526.825999999997		
25528.509000000002	0.1319999999977881	HSETimeIntervals		25528.615	25528.575		
25532.174	0.16200000000026193	HSETimeIntervals		25532.203	25532.254999999997		
25539.935	0.10800000000017462	HSETimeIntervals		25540.005	25539.989		
25540.064000000002	0.12699999999676947	HSETimeIntervals		25540.137	25540.127500000002		
25540.462	0.11300000000119326	HSETimeIntervals		25540.539	25540.5185		
25544.075	0.06699999999909778	HSETimeIntervals		25544.117000000002	25544.108500000002		
25547.926	0.09900000000197906	HSETimeIntervals		25547.98	25547.9755		
25549.111	0.11699999999837019	HSETimeIntervals		25549.155	25549.1695		
25573.628	0.07899999999790452	HSETimeIntervals		25573.669	25573.6675		
25575.136	0.16300000000046566	HSETimeIntervals		25575.177	25575.2175		
25575.803	0.06999999999970896	HSETimeIntervals		25575.842	25575.838		
25578.019	0.08499999999912689	HSETimeIntervals		25578.059	25578.0615		
25580.977	0.0970000000015716	HSETimeIntervals		25581.019	25581.0255		
25582.443	0.10000000000218279	HSETimeIntervals		25582.486	25582.493		
25590.87	0.08400000000256114	HSETimeIntervals		25590.920000000002	25590.912		
25592.346	0.4179999999978463	HSETimeIntervals		25592.675	25592.555		
25593.760000000002	0.09999999999854481	HSETimeIntervals		25593.817	25593.81		
25600.44	0.09100000000034925	HSETimeIntervals		25600.477	25600.4855		
25608.653000000002	0.10799999999653664	HSETimeIntervals		25608.686	25608.707000000002		
25609.996	0.2109999999993306	HSETimeIntervals		25610.034	25610.1015		
25610.241	0.1279999999969732	HSETimeIntervals		25610.283	25610.305		
25611.31	0.18299999999726424	HSETimeIntervals		25611.364	25611.4015		
25613.703	0.0959999999977299	HSETimeIntervals		25613.758	25613.751		
25620.420000000002	0.10099999999874854	HSETimeIntervals		25620.482	25620.470500000003		
25622.244	0.10800000000017462	HSETimeIntervals		25622.318	25622.298		
25628.96	0.09200000000055297	HSETimeIntervals		25629.018	25629.005999999998		
25640.355	0.19100000000253203	HSETimeIntervals		25640.415	25640.4505		
25644.143	0.1790000000000873	HSETimeIntervals		25644.206000000002	25644.2325		
25649.478	0.12800000000061118	HSETimeIntervals		25649.524	25649.541999999998		
25678.675	0.08100000000194996	HSETimeIntervals		25678.711	25678.7155		
25679.352	0.1820000000006985	HSETimeIntervals		25679.46	25679.443		
25685.338	0.09600000000136788	HSETimeIntervals		25685.382	25685.386		
25685.889	0.24100000000180444	HSETimeIntervals		25685.975	25686.0095		
25688.758	0.10399999999935972	HSETimeIntervals		25688.791	25688.81		
25698.994	0.08300000000235741	HSETimeIntervals		25699.032	25699.035499999998		
25702.233	0.25200000000040745	HSETimeIntervals		25702.288	25702.359		
25708.269	0.13599999999860302	HSETimeIntervals		25708.373	25708.337		
25710.725	0.11400000000139698	HSETimeIntervals		25710.772	25710.782		
25717.831000000002	0.12199999999938882	HSETimeIntervals		25717.877	25717.892000000003		
25721.452	0.12299999999959255	HSETimeIntervals		25721.52	25721.5135		
25721.607	0.0930000000007567	HSETimeIntervals		25721.641	25721.6535		
25752.02	0.19900000000052387	HSETimeIntervals		25752.151	25752.1195		
25765.972	0.11599999999816646	HSETimeIntervals		25766.051	25766.030000000002		
25784.109	0.13300000000162981	HSETimeIntervals		25784.15	25784.1755		
25796.199	0.09400000000096043	HSETimeIntervals		25796.257	25796.246		
25808.733	0.39800000000104774	HSETimeIntervals		25808.949	25808.932		
25809.142	0.24200000000200816	HSETimeIntervals		25809.209	25809.263		
25813.606	0.11700000000200816	HSETimeIntervals		25813.662	25813.6645		
25817.672	0.09800000000177533	HSETimeIntervals		25817.722	25817.720999999998		
25818.219	0.14800000000104774	HSETimeIntervals		25818.266	25818.293		
25824.338	0.2040000000015425	HSETimeIntervals		25824.409	25824.44		
25827.31	0.16200000000026193	HSETimeIntervals		25827.418	25827.391		
25831.911	0.10900000000037835	HSETimeIntervals		25831.982	25831.9655		
25843.163	0.08099999999831198	HSETimeIntervals		25843.198	25843.2035		
25846.831000000002	0.091999999996915	HSETimeIntervals		25846.88	25846.877		
25855.014	0.32300000000032014	HSETimeIntervals		25855.135000000002	25855.175499999998		
25855.583	0.09200000000055297	HSETimeIntervals		25855.643	25855.628999999997		
25864.094	0.20499999999810825	HSETimeIntervals		25864.189000000002	25864.196500000002		
25867.36	0.06799999999930151	HSETimeIntervals		25867.398	25867.394		
25874.912	0.16700000000128057	HSETimeIntervals		25875.038	25874.9955		
25903.697	0.21700000000055297	HSETimeIntervals		25903.853	25903.8055		
25912.442	0.08899999999994179	HSETimeIntervals		25912.49	25912.4865		
25914.296000000002	0.0959999999977299	HSETimeIntervals		25914.347	25914.344		
25918.366	0.1430000000000291	HSETimeIntervals		25918.398	25918.4375		
25919.354	0.30500000000029104	HSETimeIntervals		25919.384000000002	25919.5065		
25925.351	0.10500000000320142	HSETimeIntervals		25925.379	25925.4035		
25929.115	0.14699999999720603	HSETimeIntervals		25929.186	25929.1885		
25932.157	0.19900000000052387	HSETimeIntervals		25932.218	25932.2565		
25943.302	0.10199999999895226	HSETimeIntervals		25943.35	25943.353		
25954.226	0.22100000000136788	HSETimeIntervals		25954.37	25954.336499999998		
25960.702	0.05899999999746797	HSETimeIntervals		25960.732	25960.7315		
25969.983	0.2989999999990687	HSETimeIntervals		25970.088	25970.1325		
25979.326	0.07099999999991269	HSETimeIntervals		25979.366	25979.361500000003		
25979.3432	0.05519999999887659	RippleTimeIntervals		25979.3656			
25984.967	0.30600000000049477	HSETimeIntervals		25985.202	25985.12		
25985.307	0.3610000000007858	HSETimeIntervals		25985.517	25985.4875		
25988.981	0.09600000000136788	HSETimeIntervals		25989.018	25989.029		
25999.055	0.09400000000096043	HSETimeIntervals		25999.114	25999.102		
25999.345	0.06799999999930151	HSETimeIntervals		25999.38	25999.379		
26001.643	0.08100000000194996	HSETimeIntervals		26001.683	26001.6835		
26016.2	0.18500000000130967	HSETimeIntervals		26016.354	26016.2925		
26017.603	0.18400000000110595	HSETimeIntervals		26017.639	26017.695		
26017.816	0.16500000000087311	HSETimeIntervals		26017.926	26017.8985		
26018.208	0.1320000000014261	HSETimeIntervals		26018.264	26018.273999999998		
26018.914	0.20999999999912689	HSETimeIntervals		26019.004	26019.019		
26020.689000000002	0.30899999999746797	HSETimeIntervals		26020.951	26020.843500000003		
26029.46	0.07400000000052387	HSETimeIntervals		26029.492000000002	26029.497		
26032.62	0.21700000000055297	HSETimeIntervals		26032.787	26032.728499999997		
26034.553	0.2360000000007858	HSETimeIntervals		26034.684	26034.671		
26038.959	0.39400000000023283	HSETimeIntervals		26039.236	26039.156		
26042.221	0.23300000000017462	HSETimeIntervals		26042.401	26042.3375		
26043.234	0.3669999999983702	HSETimeIntervals		26043.423	26043.4175		
26046.670000000002	0.34799999999813735	HSETimeIntervals		26046.817	26046.844		
26047.27	0.20200000000113505	HSETimeIntervals		26047.328	26047.371		
26050.553	0.09500000000116415	HSETimeIntervals		26050.611	26050.6005		
26050.726	0.13700000000244472	HSETimeIntervals		26050.761	26050.7945		
26051.75	0.06499999999869033	HSETimeIntervals		26051.781	26051.7825		
26051.893	0.06000000000130967	HSETimeIntervals		26051.925	26051.923		
26055.079	0.15599999999903957	HSETimeIntervals		26055.197	26055.157000000003		
26055.373	0.33699999999953434	HSETimeIntervals		26055.669	26055.5415		
26057.622	0.1500000000014552	HSETimeIntervals		26057.672	26057.697		
26073.733	0.11000000000058208	HSETimeIntervals		26073.77	26073.788		
26074.742000000002	0.2559999999975844	HSETimeIntervals		26074.84	26074.870000000003		
26082.057	0.1320000000014261	HSETimeIntervals		26082.099000000002	26082.123		
26083.595	0.20399999999790452	HSETimeIntervals		26083.633	26083.697		
26084.999	0.11800000000221189	HSETimeIntervals		26085.079	26085.058		
26085.281	0.14199999999982538	HSETimeIntervals		26085.331000000002	26085.352		
26086.437	0.09799999999813735	HSETimeIntervals		26086.496	26086.486		
26087.846	0.3430000000007567	HSETimeIntervals		26088.133	26088.0175		
26088.736	0.3669999999983702	HSETimeIntervals		26089.075	26088.9195		
26092.31	0.23999999999796273	HSETimeIntervals		26092.388	26092.43		
26098.607	0.18500000000130967	HSETimeIntervals		26098.764	26098.6995		
26104.399	0.052999999999883585	HSETimeIntervals		26104.426	26104.4255		
26107.332000000002	0.09499999999752617	HSETimeIntervals		26107.384000000002	26107.379500000003		
26107.663	0.09200000000055297	HSETimeIntervals		26107.713	26107.709		
26107.809	0.1669999999976426	HSETimeIntervals		26107.941	26107.8925		
26117.822	0.2040000000015425	HSETimeIntervals		26117.867000000002	26117.924		
26118.275	0.16300000000046566	HSETimeIntervals		26118.316	26118.3565		
26123.258	0.06999999999970896	HSETimeIntervals		26123.293	26123.293		
26123.805	0.25	HSETimeIntervals		26124.016	26123.93		
26124.074	0.22000000000116415	HSETimeIntervals		26124.137	26124.184		
26128.753	0.2510000000002037	HSETimeIntervals		26128.879	26128.8785		
26130.669	0.08399999999892316	HSETimeIntervals		26130.715	26130.711000000003		
26130.982	0.3580000000001746	HSETimeIntervals		26131.299	26131.161		
26135.263	0.4390000000021246	HSETimeIntervals		26135.643	26135.4825		
26136.502	0.4150000000008731	HSETimeIntervals		26136.78	26136.7095		
26139.88	0.4150000000008731	HSETimeIntervals		26139.951	26140.0875		
26146.318	0.10100000000238651	HSETimeIntervals		26146.382	26146.3685		
26148.941	0.11600000000180444	HSETimeIntervals		26149.011	26148.999		
26154.265	0.12399999999979627	HSETimeIntervals		26154.332000000002	26154.327		
26159.011	0.2760000000016589	HSETimeIntervals		26159.176	26159.148999999998		
26162.992000000002	0.3449999999975262	HSETimeIntervals		26163.05	26163.164500000003		
26172.568	0.10599999999976717	HSETimeIntervals		26172.628	26172.621		
26172.884000000002	0.20099999999729334	HSETimeIntervals		26172.922	26172.984500000002		
26183.093	0.06799999999930151	HSETimeIntervals		26183.125	26183.127		
26189.631	0.09999999999854481	HSETimeIntervals		26189.694	26189.681		
26196.046000000002	0.11099999999714782	HSETimeIntervals		26196.096	26196.1015		
26205.208	0.11800000000221189	HSETimeIntervals		26205.285	26205.267		
26210.043	0.28700000000026193	HSETimeIntervals		26210.185	26210.1865		
26221.145	0.4330000000009022	HSETimeIntervals		26221.448	26221.3615		
26229.785	0.19099999999889405	HSETimeIntervals		26229.937	26229.8805		
26232.689000000002	0.17999999999665306	HSETimeIntervals		26232.763	26232.779000000002		
26232.973	0.06899999999950523	HSETimeIntervals		26233.006	26233.007500000003		
26244.853	0.272000000000844	HSETimeIntervals		26244.919	26244.988999999998		
26248.125	0.22100000000136788	HSETimeIntervals		26248.199	26248.2355		
26248.738	0.12700000000040745	HSETimeIntervals		26248.786	26248.8015		
26249.118	0.12400000000343425	HSETimeIntervals		26249.183	26249.18		
26260.265	0.11900000000241562	HSETimeIntervals		26260.34	26260.3245		
26265.312	0.09899999999834108	HSETimeIntervals		26265.378	26265.361500000003		
26275.915	0.08299999999871943	HSETimeIntervals		26275.957000000002	26275.9565		
26277.618	0.07200000000011642	HSETimeIntervals		26277.658	26277.654		
26284.588	0.08599999999933061	HSETimeIntervals		26284.634000000002	26284.631		
26285.091	0.08099999999831198	HSETimeIntervals		26285.131	26285.1315		
26290.25	0.06599999999889405	HSETimeIntervals		26290.284	26290.283		
26292.733	0.14800000000104774	HSETimeIntervals		26292.815	26292.807		
26299.954	0.19199999999909778	HSETimeIntervals		26299.988	26300.050000000003		
26309.141	0.10399999999935972	HSETimeIntervals		26309.175	26309.193		
26309.625	0.33799999999973807	HSETimeIntervals		26309.834	26309.794		
26313.328	0.19399999999950523	HSETimeIntervals		26313.384000000002	26313.425000000003		
26317.558	0.1669999999976426	HSETimeIntervals		26317.618	26317.6415		
26319.369	0.10900000000037835	HSETimeIntervals		26319.423	26319.423499999997		
26333.903000000002	0.125	HSETimeIntervals		26333.994	26333.965500000002		
26334.85	0.24400000000241562	HSETimeIntervals		26334.907	26334.971999999998		
26335.132	0.09799999999813735	HSETimeIntervals		26335.169	26335.181		
26345.08	0.22999999999956344	HSETimeIntervals		26345.193	26345.195000000003		
26345.433	0.2029999999977008	HSETimeIntervals		26345.599000000002	26345.5345		
26353.304	0.14199999999982538	HSETimeIntervals		26353.391	26353.375		
26353.964	0.0930000000007567	HSETimeIntervals		26354.021	26354.0105		
26354.694	0.09500000000116415	HSETimeIntervals		26354.727	26354.7415		
26358.547	0.4860000000007858	HSETimeIntervals		26358.991	26358.789999999997		
26359.195	0.1640000000006694	HSETimeIntervals		26359.231	26359.277		
26364.13	0.27999999999883585	HSETimeIntervals		26364.237	26364.27		
26372.118	0.125	HSETimeIntervals		26372.166	26372.1805		
26372.713	0.11700000000200816	HSETimeIntervals		26372.795000000002	26372.7715		
26376.418	0.18799999999828287	HSETimeIntervals		26376.509000000002	26376.512000000002		
26377.048	0.13400000000183354	HSETimeIntervals		26377.079	26377.114999999998		
26380.578	0.2429999999985739	HSETimeIntervals		26380.694	26380.699500000002		
26381.021	0.08699999999953434	HSETimeIntervals		26381.072	26381.0645		
26387.082000000002	0.17999999999665306	HSETimeIntervals		26387.187	26387.172000000002		
26394.113	0.2929999999978463	HSETimeIntervals		26394.365	26394.2595		
26394.915	0.22199999999793363	HSETimeIntervals		26395.082000000002	26395.026		
26395.83	0.07599999999729334	HSETimeIntervals		26395.87	26395.868000000002		
26401.385000000002	0.19700000000011642	HSETimeIntervals		26401.537	26401.483500000002		
26404.822	0.17399999999906868	HSETimeIntervals		26404.927	26404.909		
26410.711	0.06899999999950523	HSETimeIntervals		26410.746	26410.7455		
26414.676	0.11800000000221189	HSETimeIntervals		26414.755	26414.735		
26416.819	0.0650000000023283	HSETimeIntervals		26416.854	26416.8515		
26422.2	0.1069999999999709	HSETimeIntervals		26422.25	26422.253500000003		
26422.427	0.1569999999992433	HSETimeIntervals		26422.494	26422.5055		
26422.614	0.19399999999950523	HSETimeIntervals		26422.776	26422.711000000003		
26424.609	0.4000000000014552	HSETimeIntervals		26424.852	26424.809		
26426.446	0.1860000000015134	HSETimeIntervals		26426.553	26426.539		
26446.657	0.13400000000183354	HSETimeIntervals		26446.704	26446.724		
26447.027000000002	0.47999999999956344	HSETimeIntervals		26447.221	26447.267000000003		
26449.0	101.0	SleepStates					WAKEstate
26460.561	0.20999999999912689	HSETimeIntervals		26460.707000000002	26460.666		
26463.795000000002	0.1319999999977881	HSETimeIntervals		26463.852	26463.861		
26465.251	0.07099999999991269	HSETimeIntervals		26465.293	26465.286500000002		
26468.243	0.0930000000007567	HSETimeIntervals		26468.294	26468.2895		
26468.718	0.0750000000007276	HSETimeIntervals		26468.757	26468.7555		
26472.422	0.39400000000023283	HSETimeIntervals		26472.638	26472.619		
26473.465	0.11700000000200816	HSETimeIntervals		26473.522	26473.5235		
26478.397	0.0750000000007276	HSETimeIntervals		26478.443	26478.4345		
26479.401	0.20999999999912689	HSETimeIntervals		26479.58	26479.506		
26483.088	0.10299999999915599	HSETimeIntervals		26483.15	26483.1395		
26485.665	0.06299999999828287	HSETimeIntervals		26485.7	26485.696500000002		
26487.068	0.07700000000113505	HSETimeIntervals		26487.108	26487.106499999998		
26487.528000000002	0.11299999999755528	HSETimeIntervals		26487.595	26487.5845		
26488.813000000002	0.1669999999976426	HSETimeIntervals		26488.892	26488.896500000003		
26491.895	0.09200000000055297	HSETimeIntervals		26491.944	26491.941		
26493.419	0.1989999999968859	HSETimeIntervals		26493.464	26493.518500000002		
26499.891	0.0970000000015716	HSETimeIntervals		26499.93	26499.9395		
26502.205	0.27599999999802094	HSETimeIntervals		26502.311	26502.343		
26503.812	0.4239999999990687	HSETimeIntervals		26504.075	26504.024		
26504.261	0.36700000000200816	HSETimeIntervals		26504.462	26504.444499999998		
26505.472	0.20199999999749707	HSETimeIntervals		26505.623	26505.573		
26505.679	0.4209999999984575	HSETimeIntervals		26505.88	26505.8895		
26511.141	0.08300000000235741	HSETimeIntervals		26511.185	26511.1825		
26511.249	0.3569999999999709	HSETimeIntervals		26511.284	26511.4275		
26514.282	0.11400000000139698	HSETimeIntervals		26514.349000000002	26514.339		
26517.856	0.09900000000197906	HSETimeIntervals		26517.894	26517.9055		
26519.956000000002	0.3249999999970896	HSETimeIntervals		26520.114	26520.1185		
26521.297	0.3209999999999127	HSETimeIntervals		26521.443	26521.4575		
26525.552	0.2510000000002037	HSETimeIntervals		26525.729	26525.677499999998		
26525.829	0.08799999999973807	HSETimeIntervals		26525.881	26525.873000000003		
26530.73	0.0790000000015425	HSETimeIntervals		26530.765	26530.7695		
26532.244	0.2180000000007567	HSETimeIntervals		26532.368	26532.353		
26536.16	0.4069999999992433	HSETimeIntervals		26536.273	26536.3635		
26541.042	0.19499999999970896	HSETimeIntervals		26541.081000000002	26541.1395		
26546.812	0.15799999999944703	HSETimeIntervals		26546.936	26546.891000000003		
26550.346	0.39500000000043656	HSETimeIntervals		26550.632	26550.5435		
26557.464	0.19499999999970896	HSETimeIntervals		26557.597	26557.5615		
26561.177	0.15100000000165892	HSETimeIntervals		26561.211	26561.2525		
26565.697	0.23400000000037835	HSETimeIntervals		26565.783	26565.814		
26573.493	0.136000000002241	HSETimeIntervals		26573.57	26573.560999999998		
26574.033	0.2000000000007276	HSETimeIntervals		26574.119	26574.132999999998		
26578.324	0.2669999999998254	HSETimeIntervals		26578.382	26578.4575		
26583.583	0.21000000000276486	HSETimeIntervals		26583.634000000002	26583.688		
26584.334	0.37700000000040745	HSETimeIntervals		26584.472	26584.5225		
26585.475	0.11000000000058208	HSETimeIntervals		26585.536	26585.53		
26585.728	0.36700000000200816	HSETimeIntervals		26586.06	26585.9115		
26586.115	0.09899999999834108	HSETimeIntervals		26586.172	26586.164500000003		
26587.502	0.12299999999959255	HSETimeIntervals		26587.556	26587.5635		
26600.245	0.06800000000293949	HSETimeIntervals		26600.285	26600.279		
26605.642	0.33299999999871943	HSETimeIntervals		26605.705	26605.8085		
26612.583	0.2040000000015425	HSETimeIntervals		26612.626	26612.684999999998		
26613.308	0.10199999999895226	HSETimeIntervals		26613.356	26613.359		
26618.524	0.18799999999828287	HSETimeIntervals		26618.587	26618.618000000002		
26619.248	0.17799999999988358	HSETimeIntervals		26619.396	26619.337		
26621.389	0.23800000000119326	HSETimeIntervals		26621.531	26621.507999999998		
26622.761	0.07100000000355067	HSETimeIntervals		26622.795000000002	26622.7965		
26625.045000000002	0.18599999999787542	HSETimeIntervals		26625.174	26625.138000000003		
26625.479	0.09600000000136788	HSETimeIntervals		26625.534	26625.527		
26626.59	0.20799999999871943	HSETimeIntervals		26626.63	26626.694		
26627.117000000002	0.4789999999993597	HSETimeIntervals		26627.317	26627.3565		
26627.761	0.34800000000177533	HSETimeIntervals		26627.952	26627.934999999998		
26629.053	0.43800000000192085	HSETimeIntervals		26629.24	26629.272		
26644.558	0.12800000000061118	HSETimeIntervals		26644.649	26644.622		
26656.588	0.15999999999985448	HSETimeIntervals		26656.699	26656.668		
26656.783	0.09800000000177533	HSETimeIntervals		26656.825	26656.832		
26660.45	0.07899999999790452	HSETimeIntervals		26660.495	26660.4895		
26661.846	0.11699999999837019	HSETimeIntervals		26661.888	26661.9045		
26665.837	0.07700000000113505	HSETimeIntervals		26665.872	26665.8755		
26669.193	0.3820000000014261	HSETimeIntervals		26669.493	26669.384		
26669.582000000002	0.2319999999999709	HSETimeIntervals		26669.641	26669.698000000004		
26670.004	0.08899999999994179	HSETimeIntervals		26670.043	26670.0485		
26682.066	0.3220000000001164	HSETimeIntervals		26682.216	26682.227		
26690.818	0.14400000000023283	HSETimeIntervals		26690.901	26690.89		
26691.587	0.11200000000098953	HSETimeIntervals		26691.624	26691.643		
26694.011	0.15600000000267755	HSETimeIntervals		26694.075	26694.089		
26696.45	0.2959999999984575	HSETimeIntervals		26696.596	26696.598		
26703.516	0.12099999999918509	HSETimeIntervals		26703.549	26703.5765		
26706.194	0.12600000000020373	HSETimeIntervals		26706.275	26706.256999999998		
26708.41	0.15899999999965075	HSETimeIntervals		26708.498	26708.4895		
26712.717	0.07400000000052387	HSETimeIntervals		26712.757	26712.754		
26713.33	0.17699999999967986	HSETimeIntervals		26713.475	26713.418500000003		
26716.13	0.16999999999825377	HSETimeIntervals		26716.247	26716.215		
26718.258	0.06799999999930151	HSETimeIntervals		26718.29	26718.292		
26726.591	0.14600000000064028	HSETimeIntervals		26726.684	26726.664		
26732.161	0.13799999999901047	HSETimeIntervals		26732.206000000002	26732.23		
26732.625	0.22400000000197906	HSETimeIntervals		26732.806	26732.737		
26733.629	0.48800000000119326	HSETimeIntervals		26733.919	26733.873		
26741.474000000002	0.06699999999909778	HSETimeIntervals		26741.515	26741.507500000003		
26744.331000000002	0.3109999999978754	HSETimeIntervals		26744.603	26744.486500000003		
26745.204	0.08899999999994179	HSETimeIntervals		26745.254	26745.2485		
26745.877	0.2930000000014843	HSETimeIntervals		26746.019	26746.0235		
26754.669	0.21899999999732245	HSETimeIntervals		26754.818	26754.7785		
26756.786	0.1290000000008149	HSETimeIntervals		26756.831000000002	26756.8505		
26760.441	0.21299999999973807	HSETimeIntervals		26760.581000000002	26760.5475		
26761.007	0.14699999999720603	HSETimeIntervals		26761.118	26761.0805		
26762.836	0.22100000000136788	HSETimeIntervals		26762.885000000002	26762.9465		
26773.406	0.2180000000007567	HSETimeIntervals		26773.568	26773.515		
26773.895	0.3960000000006403	HSETimeIntervals		26774.258	26774.093		
26780.428	0.34900000000197906	HSETimeIntervals		26780.616	26780.6025		
26784.329	0.06699999999909778	HSETimeIntervals		26784.363	26784.362500000003		
26787.792	0.19399999999950523	HSETimeIntervals		26787.838	26787.889000000003		
26802.623	0.11500000000160071	HSETimeIntervals		26802.679	26802.6805		
26804.156	0.3280000000013388	HSETimeIntervals		26804.325	26804.32		
26804.495	0.40300000000206637	HSETimeIntervals		26804.749	26804.6965		
26810.676	0.19700000000011642	HSETimeIntervals		26810.73	26810.7745		
26819.242000000002	0.06699999999909778	HSETimeIntervals		26819.276	26819.275500000003		
26819.787	0.2930000000014843	HSETimeIntervals		26819.945	26819.9335		
26822.521	0.12199999999938882	HSETimeIntervals		26822.569	26822.582000000002		
26840.706000000002	0.091999999996915	HSETimeIntervals		26840.761	26840.752		
26842.305	0.18799999999828287	HSETimeIntervals		26842.345	26842.399		
26847.814000000002	0.09699999999793363	HSETimeIntervals		26847.874	26847.862500000003		
26848.5	0.18800000000192085	HSETimeIntervals		26848.646	26848.594		
26848.732	0.282999999999447	HSETimeIntervals		26848.879	26848.8735		
26852.636	0.24100000000180444	HSETimeIntervals		26852.817	26852.7565		
26853.178	0.06999999999970896	HSETimeIntervals		26853.217	26853.213		
26854.076	0.4429999999993015	HSETimeIntervals		26854.243	26854.2975		
26878.222	0.36999999999898137	HSETimeIntervals		26878.399	26878.407000000003		
26878.608	0.49799999999959255	HSETimeIntervals		26878.766	26878.857		
26888.618	0.10600000000340515	HSETimeIntervals		26888.668	26888.671		
26890.252	0.364000000001397	HSETimeIntervals		26890.556	26890.434		
26897.344	0.09699999999793363	HSETimeIntervals		26897.407	26897.3925		
26897.454	0.34799999999813735	HSETimeIntervals		26897.498	26897.628		
26897.7528	0.18400000000110595	RippleTimeIntervals		26897.9024			
26899.507	0.23699999999735155	HSETimeIntervals		26899.545000000002	26899.625500000002		
26900.159	0.0930000000007567	HSETimeIntervals		26900.196	26900.2055		
26905.783	0.10800000000017462	HSETimeIntervals		26905.831000000002	26905.837		
26911.315	0.30900000000110595	HSETimeIntervals		26911.574	26911.4695		
26911.745	0.08500000000276486	HSETimeIntervals		26911.786	26911.7875		
26913.888	0.08899999999994179	HSETimeIntervals		26913.924	26913.9325		
26914.009000000002	0.16499999999723514	HSETimeIntervals		26914.086	26914.091500000002		
26917.487	0.18300000000090222	HSETimeIntervals		26917.641	26917.5785		
26921.434	0.35599999999976717	HSETimeIntervals		26921.746	26921.612		
26921.808	0.23400000000037835	HSETimeIntervals		26921.861	26921.925		
26922.178	0.20500000000174623	HSETimeIntervals		26922.239	26922.2805		
26923.741	0.35099999999874854	HSETimeIntervals		26923.791	26923.916500000003		
26927.211	0.09000000000014552	HSETimeIntervals		26927.268	26927.255999999998		
26931.007	0.07899999999790452	HSETimeIntervals		26931.042	26931.0465		
26932.896	0.27400000000125146	HSETimeIntervals		26933.051	26933.033		
26942.641	0.09800000000177533	HSETimeIntervals		26942.682	26942.69		
26945.254	0.08899999999994179	HSETimeIntervals		26945.307	26945.2985		
26946.757	0.33399999999892316	HSETimeIntervals		26946.888	26946.924000000003		
26947.865	0.2139999999999418	HSETimeIntervals		26947.924	26947.972		
26948.662	0.13599999999860302	HSETimeIntervals		26948.712	26948.73		
26954.883	0.09999999999854481	HSETimeIntervals		26954.939000000002	26954.933		
26959.213	0.21500000000014552	HSETimeIntervals		26959.260000000002	26959.320499999998		
26961.671000000002	0.08699999999953434	HSETimeIntervals		26961.719	26961.714500000002		
26962.409	0.0650000000023283	HSETimeIntervals		26962.442	26962.4415		
26968.228	0.09800000000177533	HSETimeIntervals		26968.288	26968.277		
26971.354	0.2459999999991851	HSETimeIntervals		26971.541	26971.477		
26972.149	0.29399999999805004	HSETimeIntervals		26972.289	26972.296000000002		
26973.532	0.32300000000032014	HSETimeIntervals		26973.57	26973.693499999998		
26976.407	0.0930000000007567	HSETimeIntervals		26976.447	26976.4535		
26979.496	0.19800000000032014	HSETimeIntervals		26979.657	26979.594999999998		
26980.052	0.19499999999970896	HSETimeIntervals		26980.176	26980.1495		
27000.269	0.09999999999854481	HSETimeIntervals		27000.329	27000.319		
27001.911	0.08899999999994179	HSETimeIntervals		27001.948	27001.9555		
27013.293	0.14500000000043656	HSETimeIntervals		27013.328	27013.3655		
27013.521	0.4360000000015134	HSETimeIntervals		27013.717	27013.739		
27013.968	0.07800000000133878	HSETimeIntervals		27014.009000000002	27014.007		
27014.921000000002	0.37999999999738066	HSETimeIntervals		27014.956000000002	27015.111		
27015.325	0.26599999999962165	HSETimeIntervals		27015.509000000002	27015.458000000002		
27015.729	0.23900000000139698	HSETimeIntervals		27015.893	27015.8485		
27016.964	0.4419999999990978	HSETimeIntervals		27017.234	27017.185		
27018.625	0.06799999999930151	HSETimeIntervals		27018.655	27018.659		
27022.357	0.260999999998603	HSETimeIntervals		27022.451	27022.4875		
27024.914	0.16999999999825377	HSETimeIntervals		27025.052	27024.999		
27025.377	0.0930000000007567	HSETimeIntervals		27025.436	27025.4235		
27026.824	0.2429999999985739	HSETimeIntervals		27026.891	27026.9455		
27030.81	0.3449999999975262	HSETimeIntervals		27031.096	27030.982500000002		
27038.329	0.12899999999717693	HSETimeIntervals		27038.426	27038.393500000002		
27038.601	0.09500000000116415	HSETimeIntervals		27038.647	27038.6485		
27042.075	0.12199999999938882	HSETimeIntervals		27042.121	27042.136000000002		
27043.0	293.0	SleepStates					WAKEstate
27051.403000000002	0.09499999999752617	HSETimeIntervals		27051.459	27051.450500000003		
27052.858	0.13000000000101863	HSETimeIntervals		27052.958	27052.923		
27055.255	0.37700000000040745	HSETimeIntervals		27055.549	27055.4435		
27055.638	0.08799999999973807	HSETimeIntervals		27055.68	27055.682		
27063.123	0.31600000000253203	HSETimeIntervals		27063.168	27063.281		
27067.342	0.06599999999889405	HSETimeIntervals		27067.373	27067.375		
27069.578	0.16799999999784632	HSETimeIntervals		27069.653000000002	27069.662		
27072.306	0.2069999999985157	HSETimeIntervals		27072.471	27072.4095		
27076.523	0.2029999999977008	HSETimeIntervals		27076.688000000002	27076.6245		
27079.242000000002	0.22899999999935972	HSETimeIntervals		27079.401	27079.3565		
27080.527000000002	0.3539999999993597	HSETimeIntervals		27080.567	27080.704		
27082.105	0.09000000000014552	HSETimeIntervals		27082.166	27082.149999999998		
27085.136	0.1069999999999709	HSETimeIntervals		27085.189000000002	27085.1895		
27086.915	0.3600000000005821	HSETimeIntervals		27086.969	27087.095		
27088.127	0.48400000000037835	HSETimeIntervals		27088.456000000002	27088.369		
27090.285	0.07300000000032014	HSETimeIntervals		27090.323	27090.3215		
27091.007	0.08499999999912689	HSETimeIntervals		27091.052	27091.0495		
27093.803	0.35599999999976717	HSETimeIntervals		27093.91	27093.981		
27097.848	0.21299999999973807	HSETimeIntervals		27098.004	27097.954500000003		
27100.767	0.36899999999877764	HSETimeIntervals		27100.908	27100.9515		
27108.41	0.24799999999959255	HSETimeIntervals		27108.552	27108.534		
27108.672	0.489000000001397	HSETimeIntervals		27108.719	27108.9165		
27110.899	0.10599999999976717	HSETimeIntervals		27110.965	27110.952		
27111.803	0.30099999999947613	HSETimeIntervals		27112.072	27111.9535		
27116.065	0.1930000000029395	HSETimeIntervals		27116.107	27116.1615		
27122.03	0.10599999999976717	HSETimeIntervals		27122.072	27122.083		
27123.939000000002	0.19099999999889405	HSETimeIntervals		27123.995	27124.0345		
27124.288	0.3739999999997963	HSETimeIntervals		27124.436	27124.475000000002		
27128.961	0.11000000000058208	HSETimeIntervals		27129.027000000002	27129.016		
27129.079	0.09799999999813735	HSETimeIntervals		27129.133	27129.128		
27130.36	0.2139999999999418	HSETimeIntervals		27130.5	27130.467		
27133.156	0.07400000000052387	HSETimeIntervals		27133.194	27133.193		
27135.893	0.2510000000002037	HSETimeIntervals		27136.064000000002	27136.0185		
27136.379	0.09899999999834108	HSETimeIntervals		27136.413	27136.4285		
27138.595	0.4609999999993306	HSETimeIntervals		27138.852	27138.825500000003		
27145.384000000002	0.22599999999874854	HSETimeIntervals		27145.523	27145.497000000003		
27146.764	0.10200000000259024	HSETimeIntervals		27146.804	27146.815		
27149.966	0.0930000000007567	HSETimeIntervals		27149.995	27150.0125		
27151.849000000002	0.20199999999749707	HSETimeIntervals		27151.896	27151.95		
27159.445	0.29200000000128057	HSETimeIntervals		27159.557	27159.591		
27163.094	0.3440000000009604	HSETimeIntervals		27163.124	27163.266		
27163.729	0.26599999999962165	HSETimeIntervals		27163.801	27163.862		
27167.267	0.08599999999933061	HSETimeIntervals		27167.307	27167.31		
27169.486	0.18999999999869033	HSETimeIntervals		27169.641	27169.581000000002		
27172.104	0.3760000000002037	HSETimeIntervals		27172.291	27172.291999999998		
27172.494	0.2849999999998545	HSETimeIntervals		27172.667	27172.6365		
27183.010000000002	0.06699999999909778	HSETimeIntervals		27183.049	27183.043500000003		
27185.124	0.12399999999979627	HSETimeIntervals		27185.213	27185.186		
27187.982	0.22000000000116415	HSETimeIntervals		27188.141	27188.092		
27188.223	0.48400000000037835	HSETimeIntervals		27188.276	27188.465		
27189.312	0.09399999999732245	HSETimeIntervals		27189.364	27189.359		
27189.427	0.33799999999973807	HSETimeIntervals		27189.584	27189.596		
27193.436	0.07400000000052387	HSETimeIntervals		27193.473	27193.473		
27195.871	0.1959999999999127	HSETimeIntervals		27196.016	27195.969		
27197.379	0.21500000000014552	HSETimeIntervals		27197.52	27197.4865		
27198.755	0.10299999999915599	HSETimeIntervals		27198.821	27198.806500000002		
27200.351	0.23700000000098953	HSETimeIntervals		27200.544	27200.4695		
27202.217	0.4000000000014552	HSETimeIntervals		27202.404	27202.417		
27202.649	0.10299999999915599	HSETimeIntervals		27202.711	27202.700500000003		
27202.757	0.3629999999975553	HSETimeIntervals		27202.937	27202.9385		
27203.131	0.3389999999999418	HSETimeIntervals		27203.327	27203.3005		
27204.41	0.29500000000189175	HSETimeIntervals		27204.629	27204.5575		
27210.232	0.06799999999930151	HSETimeIntervals		27210.266	27210.266		
27219.944	0.08899999999994179	HSETimeIntervals		27220.0	27219.9885		
27221.127	0.1820000000006985	HSETimeIntervals		27221.243	27221.218		
27221.2696	0.1728000000002794	RippleTimeIntervals		27221.4088			
27228.935	0.15799999999944703	HSETimeIntervals		27229.041	27229.014000000003		
27229.666	0.09799999999813735	HSETimeIntervals		27229.715	27229.715		
27234.003	0.08599999999933061	HSETimeIntervals		27234.052	27234.046000000002		
27239.87	0.1320000000014261	HSETimeIntervals		27239.928	27239.935999999998		
27242.644	0.21600000000034925	HSETimeIntervals		27242.709	27242.752		
27244.722	0.38799999999901047	HSETimeIntervals		27244.823	27244.916		
27245.278000000002	0.11099999999714782	HSETimeIntervals		27245.322	27245.3335		
27245.919	0.0819999999985157	HSETimeIntervals		27245.961	27245.960000000003		
27246.048	0.14199999999982538	HSETimeIntervals		27246.157	27246.119		
27246.46	0.26900000000023283	HSETimeIntervals		27246.511	27246.5945		
27246.73	0.46299999999973807	HSETimeIntervals		27246.773	27246.9615		
27248.36	0.2220000000015716	HSETimeIntervals		27248.517	27248.471		
27250.4	0.0959999999977299	HSETimeIntervals		27250.465	27250.448		
27253.47	0.13699999999880674	HSETimeIntervals		27253.562	27253.538500000002		
27254.068	0.41200000000026193	HSETimeIntervals		27254.31	27254.273999999998		
27256.394	0.11400000000139698	HSETimeIntervals		27256.455	27256.451		
27264.095	0.0930000000007567	HSETimeIntervals		27264.134000000002	27264.1415		
27264.241	0.11699999999837019	HSETimeIntervals		27264.297	27264.2995		
27264.548	0.10900000000037835	HSETimeIntervals		27264.577	27264.602499999997		
27265.427	0.10000000000218279	HSETimeIntervals		27265.476	27265.477		
27267.799	0.22700000000259024	HSETimeIntervals		27267.98	27267.9125		
27270.235	0.21700000000055297	HSETimeIntervals		27270.315	27270.3435		
27272.647	0.34799999999813735	HSETimeIntervals		27272.786	27272.821		
27273.065	0.19900000000052387	HSETimeIntervals		27273.104	27273.1645		
27273.706000000002	0.4209999999984575	HSETimeIntervals		27273.752	27273.916500000003		
27278.638	0.19100000000253203	HSETimeIntervals		27278.786	27278.7335		
27279.872	0.3610000000007858	HSETimeIntervals		27280.074	27280.052499999998		
27291.448	0.12600000000020373	HSETimeIntervals		27291.53	27291.511		
27293.715	0.14400000000023283	HSETimeIntervals		27293.826	27293.787		
27293.885000000002	0.3999999999978172	HSETimeIntervals		27293.937	27294.085000000003		
27294.303	0.18800000000192085	HSETimeIntervals		27294.355	27294.397		
27295.065	0.43100000000049477	HSETimeIntervals		27295.395	27295.280499999997		
27297.013	0.45200000000113505	HSETimeIntervals		27297.336	27297.238999999998		
27301.850000000002	0.3679999999985739	HSETimeIntervals		27301.88	27302.034000000003		
27302.522	0.09699999999793363	HSETimeIntervals		27302.562	27302.5705		
27307.015	0.10900000000037835	HSETimeIntervals		27307.052	27307.069499999998		
27314.928	0.4720000000015716	HSETimeIntervals		27315.192	27315.164		
27315.413	0.36599999999816646	HSETimeIntervals		27315.587	27315.596		
27316.839	0.18500000000130967	HSETimeIntervals		27316.976	27316.9315		
27318.178	0.09800000000177533	HSETimeIntervals		27318.241	27318.227		
27320.844	0.36499999999796273	HSETimeIntervals		27321.092	27321.0265		
27321.254	0.44399999999950523	HSETimeIntervals		27321.525	27321.476000000002		
27329.577	0.12600000000020373	HSETimeIntervals		27329.652000000002	27329.64		
27332.117000000002	0.13099999999758438	HSETimeIntervals		27332.2	27332.182500000003		
27333.907	0.09800000000177533	HSETimeIntervals		27333.962	27333.956		
27336.0064	1715.3919666666698	epochs	fCamk5_210406_164050				
27340.229	0.08400000000256114	HSETimeIntervals		27340.282	27340.271		
27341.063000000002	0.13999999999941792	HSETimeIntervals		27341.101	27341.133		
27343.973	0.08699999999953434	HSETimeIntervals		27344.019	27344.0165		
27346.524	0.07600000000093132	HSETimeIntervals		27346.569	27346.562		
27350.272	0.05800000000090222	HSETimeIntervals		27350.301	27350.301		
27362.87	0.3029999999998836	HSETimeIntervals		27362.992000000002	27363.0215		
27363.262	0.1290000000008149	HSETimeIntervals		27363.308	27363.3265		
27363.574	0.20300000000133878	HSETimeIntervals		27363.697	27363.6755		
27366.255	0.27699999999822467	HSETimeIntervals		27366.377	27366.393500000002		
27367.101	0.0970000000015716	HSETimeIntervals		27367.152000000002	27367.1495		
27367.416	0.4150000000008731	HSETimeIntervals		27367.529	27367.6235		
27372.25	0.27300000000104774	HSETimeIntervals		27372.466	27372.3865		
27373.392	0.36200000000098953	HSETimeIntervals		27373.525	27373.573		
27373.845	0.19499999999970896	HSETimeIntervals		27373.966	27373.9425		
27379.826	0.07300000000032014	HSETimeIntervals		27379.859	27379.8625		
27380.064000000002	0.30899999999746797	HSETimeIntervals		27380.104	27380.218500000003		
27380.445	0.1900000000023283	HSETimeIntervals		27380.579	27380.54		
27384.356	0.08899999999994179	HSETimeIntervals		27384.396	27384.4005		
27393.009000000002	0.1099999999969441	HSETimeIntervals		27393.055	27393.064000000002		
27393.838	0.44499999999970896	HSETimeIntervals		27394.239	27394.0605		
27395.173	0.29100000000107684	HSETimeIntervals		27395.329	27395.318499999998		
27406.3752	0.1760000000031141	RippleTimeIntervals		27406.4888			
27422.342	0.3960000000006403	HSETimeIntervals		27422.566	27422.54		
27437.227	0.2139999999999418	HSETimeIntervals		27437.273	27437.334		
27442.0064	0.12000000000261934	RippleTimeIntervals		27442.0072			
27443.118	0.2860000000000582	HSETimeIntervals		27443.314000000002	27443.261		
27450.202	0.11499999999796273	HSETimeIntervals		27450.249	27450.2595		
27458.895	0.0930000000007567	HSETimeIntervals		27458.95	27458.9415		
27464.962	0.17699999999967986	HSETimeIntervals		27464.998	27465.0505		
27467.701	0.2180000000007567	HSETimeIntervals		27467.849000000002	27467.81		
27471.761	0.0750000000007276	HSETimeIntervals		27471.792	27471.798499999997		
27475.145	0.07400000000052387	HSETimeIntervals		27475.186	27475.182		
27476.965	0.14400000000023283	HSETimeIntervals		27477.073	27477.037		
27478.199	0.07999999999810825	HSETimeIntervals		27478.247	27478.239		
27478.861	0.09100000000034925	HSETimeIntervals		27478.896	27478.9065		
27480.434	0.20899999999892316	HSETimeIntervals		27480.574	27480.538500000002		
27487.906	0.1110000000007858	HSETimeIntervals		27487.979	27487.961499999998		
27488.675	0.11300000000119326	HSETimeIntervals		27488.754	27488.731499999998		
27488.831000000002	0.1529999999984284	HSETimeIntervals		27488.904	27488.9075		
27490.127	0.24399999999877764	HSETimeIntervals		27490.208	27490.249		
27504.84	0.08399999999892316	HSETimeIntervals		27504.893	27504.882		
27506.438000000002	0.16200000000026193	HSETimeIntervals		27506.552	27506.519		
27516.484	0.11999999999898137	HSETimeIntervals		27516.56	27516.544		
27522.517	0.08899999999994179	HSETimeIntervals		27522.566	27522.5615		
27531.491	0.11899999999877764	HSETimeIntervals		27531.574	27531.5505		
27533.249	0.08599999999933061	HSETimeIntervals		27533.298	27533.292		
27535.325	0.18500000000130967	HSETimeIntervals		27535.365	27535.4175		
27537.307	0.18100000000049477	HSETimeIntervals		27537.338	27537.3975		
27542.209	0.0750000000007276	HSETimeIntervals		27542.248	27542.246499999997		
27544.281	0.15600000000267755	HSETimeIntervals		27544.321	27544.359		
27545.661	0.3930000000000291	HSETimeIntervals		27545.805	27545.8575		
27549.678	0.08499999999912689	HSETimeIntervals		27549.733	27549.7205		
27565.655	0.34800000000177533	HSETimeIntervals		27565.808	27565.828999999998		
27575.098	0.09799999999813735	HSETimeIntervals		27575.163	27575.147		
27576.315	0.08000000000174623	HSETimeIntervals		27576.364	27576.355		
27577.478	0.07800000000133878	HSETimeIntervals		27577.513	27577.517		
27583.273	0.1430000000000291	HSETimeIntervals		27583.385000000002	27583.3445		
27585.409	0.30199999999967986	HSETimeIntervals		27585.652000000002	27585.56		
27597.194	0.09200000000055297	HSETimeIntervals		27597.232	27597.239999999998		
27602.789	0.07300000000032014	HSETimeIntervals		27602.831000000002	27602.8255		
27629.663	0.062000000001717126	HSETimeIntervals		27629.695	27629.694		
27631.172	0.1610000000000582	HSETimeIntervals		27631.21	27631.2525		
27641.322	0.05800000000090222	HSETimeIntervals		27641.351	27641.351		
27644.169	0.07099999999991269	HSETimeIntervals		27644.21	27644.204500000003		
27657.135000000002	0.07599999999729334	HSETimeIntervals		27657.171000000002	27657.173000000003		
27658.807	0.09500000000116415	HSETimeIntervals		27658.850000000002	27658.8545		
27666.662	0.11899999999877764	HSETimeIntervals		27666.749	27666.7215		
27674.929	0.08799999999973807	HSETimeIntervals		27674.969	27674.973		
27675.43	0.07600000000093132	HSETimeIntervals		27675.476	27675.468		
27683.979	0.07700000000113505	HSETimeIntervals		27684.018	27684.017499999998		
27704.525	0.15199999999822467	HSETimeIntervals		27704.646	27704.601000000002		
27709.324	0.07600000000093132	HSETimeIntervals		27709.372	27709.362		
27741.538	0.07099999999991269	HSETimeIntervals		27741.58	27741.573500000002		
27745.137	0.1069999999999709	HSETimeIntervals		27745.195	27745.1905		
27759.868	0.10900000000037835	HSETimeIntervals		27759.936	27759.922499999997		
27760.226	0.08000000000174623	HSETimeIntervals		27760.273	27760.266		
27765.253	0.09799999999813735	HSETimeIntervals		27765.318	27765.302		
27776.208	0.05700000000069849	HSETimeIntervals		27776.235	27776.2365		
27778.786	0.31899999999950523	HSETimeIntervals		27779.059	27778.9455		
27779.758	0.125	HSETimeIntervals		27779.843	27779.8205		
27780.506	0.21199999999953434	HSETimeIntervals		27780.556	27780.612		
27783.69	0.09100000000034925	HSETimeIntervals		27783.734	27783.7355		
27788.556	0.09899999999834108	HSETimeIntervals		27788.623	27788.6055		
27789.735	0.3319999999985157	HSETimeIntervals		27789.929	27789.901		
27790.082000000002	0.30099999999947613	HSETimeIntervals		27790.14	27790.232500000002		
27790.413	0.3849999999983993	HSETimeIntervals		27790.597	27790.6055		
27793.581000000002	0.37299999999959255	HSETimeIntervals		27793.907	27793.7675		
27796.3	0.20100000000093132	HSETimeIntervals		27796.417	27796.4005		
27799.352	0.2250000000021828	HSETimeIntervals		27799.448	27799.4645		
27804.850000000002	0.08299999999871943	HSETimeIntervals		27804.896	27804.8915		
27807.794	0.07499999999708962	HSETimeIntervals		27807.832000000002	27807.8315		
27810.918	0.06499999999869033	HSETimeIntervals		27810.951	27810.950500000003		
27813.374	0.06899999999950523	HSETimeIntervals		27813.404	27813.4085		
27824.826	0.09100000000034925	HSETimeIntervals		27824.876	27824.8715		
27825.325	0.08099999999831198	HSETimeIntervals		27825.359	27825.3655		
27832.909	0.14500000000043656	HSETimeIntervals		27832.952	27832.981499999998		
27833.617000000002	0.07999999999810825	HSETimeIntervals		27833.65	27833.657000000003		
27834.209	0.08400000000256114	HSETimeIntervals		27834.259000000002	27834.251		
27844.541	0.1749999999992724	HSETimeIntervals		27844.649	27844.628500000003		
27849.13	0.09200000000055297	HSETimeIntervals		27849.173	27849.176		
27851.677	0.24799999999959255	HSETimeIntervals		27851.832000000002	27851.801		
27852.666	0.10199999999895226	HSETimeIntervals		27852.716	27852.717		
27873.878	0.06799999999930151	HSETimeIntervals		27873.914	27873.912		
27876.588	0.17699999999967986	HSETimeIntervals		27876.698	27876.6765		
27879.637	0.06300000000192085	HSETimeIntervals		27879.670000000002	27879.6685		
27891.702	0.06999999999970896	HSETimeIntervals		27891.737	27891.737		
27893.282	0.19499999999970896	HSETimeIntervals		27893.424	27893.3795		
27894.493	0.21500000000014552	HSETimeIntervals		27894.59	27894.600499999997		
27895.822	0.19900000000052387	HSETimeIntervals		27895.988	27895.9215		
27896.648	0.3719999999993888	HSETimeIntervals		27896.757	27896.834000000003		
27926.134000000002	0.21299999999973807	HSETimeIntervals		27926.308	27926.240500000004		
27930.912	0.09899999999834108	HSETimeIntervals		27930.956000000002	27930.9615		
27931.850000000002	0.1669999999976426	HSETimeIntervals		27931.889	27931.933500000003		
27933.055	0.20899999999892316	HSETimeIntervals		27933.087	27933.1595		
27937.04	0.06899999999950523	HSETimeIntervals		27937.076	27937.074500000002		
27938.716	0.21199999999953434	HSETimeIntervals		27938.867000000002	27938.822		
27941.628	0.13299999999799184	HSETimeIntervals		27941.674	27941.6945		
27945.253	0.11400000000139698	HSETimeIntervals		27945.338	27945.31		
27957.05	0.08899999999994179	HSETimeIntervals		27957.094	27957.0945		
27957.793	0.08599999999933061	HSETimeIntervals		27957.832000000002	27957.836000000003		
27966.366	0.113999999997759	HSETimeIntervals		27966.415	27966.423000000003		
27969.841	0.2819999999992433	HSETimeIntervals		27970.012	27969.982		
27970.465	0.4219999999986612	HSETimeIntervals		27970.546000000002	27970.676		
27980.423	0.17700000000331784	HSETimeIntervals		27980.569	27980.5115		
27984.719	0.11200000000098953	HSETimeIntervals		27984.771	27984.775		
27990.358	0.2459999999991851	HSETimeIntervals		27990.574	27990.481		
27999.418	0.06099999999787542	HSETimeIntervals		27999.449	27999.448500000002		
28004.98	0.08899999999994179	HSETimeIntervals		28005.014	28005.0245		
28013.029	0.06000000000130967	HSETimeIntervals		28013.062	28013.058999999997		
28025.186	0.14600000000064028	HSETimeIntervals		28025.303	28025.259000000002		
28029.607	0.22999999999956344	HSETimeIntervals		28029.804	28029.722		
28030.638	0.11400000000139698	HSETimeIntervals		28030.72	28030.695		
28038.754	0.14400000000023283	HSETimeIntervals		28038.850000000002	28038.826		
28044.345	0.07200000000011642	HSETimeIntervals		28044.387	28044.381		
28051.457000000002	0.13099999999758438	HSETimeIntervals		28051.559	28051.522500000003		
28056.358	0.12099999999918509	HSETimeIntervals		28056.413	28056.4185		
28059.578	0.13299999999799184	HSETimeIntervals		28059.676	28059.644500000002		
28061.142	0.125	HSETimeIntervals		28061.235	28061.2045		
28064.117000000002	0.12399999999979627	HSETimeIntervals		28064.195	28064.179000000004		
28072.777000000002	0.08599999999933061	HSETimeIntervals		28072.814000000002	28072.820000000003		
28077.789	0.07099999999991269	HSETimeIntervals		28077.829	28077.824500000002		
28102.479	0.08000000000174623	HSETimeIntervals		28102.518	28102.519		
28102.745	0.08899999999994179	HSETimeIntervals		28102.8	28102.7895		
28106.798	0.12700000000040745	HSETimeIntervals		28106.888	28106.8615		
28117.99	0.10800000000017462	HSETimeIntervals		28118.028000000002	28118.044		
28118.644	0.09999999999854481	HSETimeIntervals		28118.71	28118.694		
28144.672	0.1720000000022992	HSETimeIntervals		28144.797	28144.757999999998		
28149.906	0.12600000000020373	HSETimeIntervals		28150.005	28149.968999999997		
28150.203	0.1790000000000873	HSETimeIntervals		28150.264	28150.2925		
28153.077	0.07200000000011642	HSETimeIntervals		28153.113	28153.113		
28156.927	0.07200000000011642	HSETimeIntervals		28156.971	28156.963		
28158.153000000002	0.1349999999983993	HSETimeIntervals		28158.232	28158.220500000003		
28167.503	0.09100000000034925	HSETimeIntervals		28167.552	28167.5485		
28169.292	0.09100000000034925	HSETimeIntervals		28169.347	28169.3375		
28169.902000000002	0.06499999999869033	HSETimeIntervals		28169.933	28169.934500000003		
28170.763	0.10300000000279397	HSETimeIntervals		28170.803	28170.8145		
28171.28	0.158000000003085	HSETimeIntervals		28171.398	28171.359		
28190.138	0.0650000000023283	HSETimeIntervals		28190.174	28190.1705		
28193.314000000002	0.05799999999726424	HSETimeIntervals		28193.345	28193.343		
28198.49	0.06799999999930151	HSETimeIntervals		28198.529	28198.524		
28203.82	0.08499999999912689	HSETimeIntervals		28203.872	28203.8625		
28211.062	0.09699999999793363	HSETimeIntervals		28211.125	28211.110500000003		
28221.916	0.08499999999912689	HSETimeIntervals		28221.967	28221.9585		
28232.167	0.07400000000052387	HSETimeIntervals		28232.209	28232.204		
28235.098	0.07999999999810825	HSETimeIntervals		28235.137	28235.138000000003		
28242.719	0.1430000000000291	HSETimeIntervals		28242.797	28242.7905		
28258.376	0.09200000000055297	HSETimeIntervals		28258.438000000002	28258.422		
28276.379	0.1959999999999127	HSETimeIntervals		28276.434	28276.477000000003		
28277.648	0.1889999999984866	HSETimeIntervals		28277.717	28277.7425		
28281.074	0.09100000000034925	HSETimeIntervals		28281.134000000002	28281.1195		
28281.667	0.10199999999895226	HSETimeIntervals		28281.699	28281.718		
28282.716	0.0750000000007276	HSETimeIntervals		28282.754	28282.7535		
28283.488	0.08499999999912689	HSETimeIntervals		28283.539	28283.5305		
28286.208	0.07600000000093132	HSETimeIntervals		28286.246	28286.246		
28286.961	0.14099999999962165	HSETimeIntervals		28286.998	28287.0315		
28290.338	0.07800000000133878	HSETimeIntervals		28290.383	28290.377		
28302.668	0.24099999999816646	HSETimeIntervals		28302.736	28302.788500000002		
28306.31	0.09200000000055297	HSETimeIntervals		28306.366	28306.356		
28309.973	0.09699999999793363	HSETimeIntervals		28310.016	28310.021500000003		
28310.853	0.4510000000009313	HSETimeIntervals		28311.036	28311.0785		
28312.557	0.11699999999837019	HSETimeIntervals		28312.636	28312.6155		
28317.367000000002	0.0819999999985157	HSETimeIntervals		28317.408	28317.408000000003		
28317.649	0.22999999999956344	HSETimeIntervals		28317.68	28317.764000000003		
28318.481	0.4350000000013097	HSETimeIntervals		28318.755	28318.6985		
28321.269	0.2989999999990687	HSETimeIntervals		28321.351	28321.4185		
28321.606	0.16500000000087311	HSETimeIntervals		28321.639	28321.6885		
28326.147	0.07999999999810825	HSETimeIntervals		28326.19	28326.187		
28335.387	0.23400000000037835	HSETimeIntervals		28335.564000000002	28335.503999999997		
28336.004	0.113999999997759	HSETimeIntervals		28336.081000000002	28336.061		
28336.503	0.06999999999970896	HSETimeIntervals		28336.537	28336.538		
28337.935	0.2890000000006694	HSETimeIntervals		28338.122	28338.0795		
28339.388	0.1110000000007858	HSETimeIntervals		28339.43	28339.443499999998		
28340.502	0.09600000000136788	HSETimeIntervals		28340.551	28340.55		
28343.367000000002	0.23699999999735155	HSETimeIntervals		28343.408	28343.485500000003		
28343.635000000002	0.09000000000014552	HSETimeIntervals		28343.682	28343.68		
28343.967	0.0819999999985157	HSETimeIntervals		28344.008	28344.008		
28344.084	0.19200000000273576	HSETimeIntervals		28344.222	28344.18		
28344.314000000002	0.3930000000000291	HSETimeIntervals		28344.657	28344.5105		
28349.47	0.20799999999871943	HSETimeIntervals		28349.528000000002	28349.574		
28351.335	0.19100000000253203	HSETimeIntervals		28351.385000000002	28351.4305		
28352.826	0.10599999999976717	HSETimeIntervals		28352.869	28352.879		
28357.082000000002	0.07699999999749707	HSETimeIntervals		28357.13	28357.1205		
28360.265	0.19900000000052387	HSETimeIntervals		28360.434	28360.3645		
28365.428	0.09500000000116415	HSETimeIntervals		28365.461	28365.4755		
28366.446	0.2960000000020955	HSETimeIntervals		28366.617000000002	28366.594		
28366.938000000002	0.08499999999912689	HSETimeIntervals		28366.979	28366.9805		
28368.473	0.09000000000014552	HSETimeIntervals		28368.523	28368.518		
28374.256	0.1610000000000582	HSETimeIntervals		28374.31	28374.3365		
28375.921000000002	0.477999999999156	HSETimeIntervals		28376.321	28376.160000000003		
28376.426	0.09100000000034925	HSETimeIntervals		28376.475000000002	28376.4715		
28379.662	0.2530000000006112	HSETimeIntervals		28379.738	28379.7885		
28389.749	0.15100000000165892	HSETimeIntervals		28389.826	28389.8245		
28389.915	0.11499999999796273	HSETimeIntervals		28389.999	28389.9725		
28390.09	0.23500000000058208	HSETimeIntervals		28390.268	28390.2075		
28390.444	0.10000000000218279	HSETimeIntervals		28390.489	28390.494		
28395.496	0.2040000000015425	HSETimeIntervals		28395.592	28395.597999999998		
28395.717	0.09400000000096043	HSETimeIntervals		28395.762	28395.764		
28396.215	0.4069999999992433	HSETimeIntervals		28396.364	28396.4185		
28399.807	0.25899999999819556	HSETimeIntervals		28400.007	28399.9365		
28400.778000000002	0.06199999999807915	HSETimeIntervals		28400.808	28400.809		
28403.58	0.08559999999852153	RippleTimeIntervals		28403.6472			
28404.0024	0.07040000000051805	RippleTimeIntervals		28404.064			
28405.41	0.13999999999941792	HSETimeIntervals		28405.516	28405.48		
28421.217	0.08099999999831198	HSETimeIntervals		28421.256	28421.2575		
28424.147	0.1529999999984284	HSETimeIntervals		28424.18	28424.2235		
28426.519	0.1500000000014552	HSETimeIntervals		28426.635000000002	28426.594		
28432.311	0.2209999999977299	HSETimeIntervals		28432.478	28432.4215		
28434.019	0.12800000000061118	HSETimeIntervals		28434.076	28434.083		
28435.725000000002	0.12399999999979627	HSETimeIntervals		28435.775	28435.787000000004		
28436.153000000002	0.18699999999807915	HSETimeIntervals		28436.219	28436.2465		
28438.203	0.1610000000000582	HSETimeIntervals		28438.329	28438.2835		
28440.205	0.13999999999941792	HSETimeIntervals		28440.282	28440.275		
28440.791	0.08899999999994179	HSETimeIntervals		28440.835	28440.8355		
28441.559	0.06999999999970896	HSETimeIntervals		28441.596	28441.594		
28443.114	0.45199999999749707	HSETimeIntervals		28443.495	28443.34		
28447.573	0.11899999999877764	HSETimeIntervals		28447.643	28447.6325		
28448.7	0.17799999999988358	HSETimeIntervals		28448.78	28448.789		
28449.096	0.21199999999953434	HSETimeIntervals		28449.248	28449.202		
28453.96	0.24400000000241562	HSETimeIntervals		28454.114	28454.082		
28455.821	0.40499999999883585	HSETimeIntervals		28455.98	28456.0235		
28456.248	0.19900000000052387	HSETimeIntervals		28456.356	28456.3475		
28461.863	0.09499999999752617	HSETimeIntervals		28461.904	28461.9105		
28471.824	0.21299999999973807	HSETimeIntervals		28471.952	28471.930500000002		
28477.373	0.1860000000015134	HSETimeIntervals		28477.412	28477.466		
28480.778000000002	0.22399999999834108	HSETimeIntervals		28480.927	28480.890000000003		
28493.510000000002	0.1809999999968568	HSETimeIntervals		28493.66	28493.6005		
28494.193	0.09200000000055297	HSETimeIntervals		28494.248	28494.238999999998		
28495.304	0.09800000000177533	HSETimeIntervals		28495.339	28495.353		
28496.212	0.1430000000000291	HSETimeIntervals		28496.315	28496.283499999998		
28501.102	0.07800000000133878	HSETimeIntervals		28501.14	28501.141		
28501.731	0.1389999999992142	HSETimeIntervals		28501.823	28501.8005		
28510.513	0.07200000000011642	HSETimeIntervals		28510.544	28510.549		
28511.258	0.4529999999977008	HSETimeIntervals		28511.679	28511.484500000002		
28521.203	0.08399999999892316	HSETimeIntervals		28521.249	28521.245000000003		
28522.328	0.09899999999834108	HSETimeIntervals		28522.362	28522.377500000002		
28524.545000000002	0.2959999999984575	HSETimeIntervals		28524.672	28524.693000000003		
28529.432	0.11699999999837019	HSETimeIntervals		28529.517	28529.4905		
28537.848	0.10499999999956344	HSETimeIntervals		28537.923	28537.900500000003		
28540.366	0.08499999999912689	HSETimeIntervals		28540.402000000002	28540.4085		
28542.735	0.1860000000015134	HSETimeIntervals		28542.772	28542.828		
28546.585	0.12100000000282307	HSETimeIntervals		28546.623	28546.6455		
28551.183	0.07700000000113505	HSETimeIntervals		28551.229	28551.2215		
28552.052	0.1389999999992142	HSETimeIntervals		28552.152000000002	28552.1215		
28564.979	0.12199999999938882	HSETimeIntervals		28565.016	28565.04		
28569.681	0.2319999999999709	HSETimeIntervals		28569.753	28569.797000000002		
28571.866	0.15399999999863212	HSETimeIntervals		28571.974000000002	28571.943000000003		
28572.95	0.4429999999993015	HSETimeIntervals		28573.12	28573.1715		
28577.025	0.14400000000023283	HSETimeIntervals		28577.062	28577.097		
28577.509000000002	0.24699999999938882	HSETimeIntervals		28577.629	28577.632500000003		
28586.071	0.17699999999967986	HSETimeIntervals		28586.206000000002	28586.1595		
28587.492000000002	0.08699999999953434	HSETimeIntervals		28587.538	28587.5355		
28589.872	0.22300000000177533	HSETimeIntervals		28590.062	28589.9835		
28591.106	0.18500000000130967	HSETimeIntervals		28591.226	28591.1985		
28591.455	0.3569999999999709	HSETimeIntervals		28591.637	28591.633500000004		
28591.4888	0.10640000000057626	RippleTimeIntervals		28591.58			
28591.9504	0.14400000000023283	RippleTimeIntervals		28591.9896			
28593.806	0.1069999999999709	HSETimeIntervals		28593.839	28593.859500000002		
28594.675	0.08599999999933061	HSETimeIntervals		28594.713	28594.718		
28595.945	0.08499999999912689	HSETimeIntervals		28595.988	28595.9875		
28599.652000000002	0.09999999999854481	HSETimeIntervals		28599.696	28599.702		
28601.711	0.0610000000015134	HSETimeIntervals		28601.742000000002	28601.7415		
28613.017	0.1720000000022992	HSETimeIntervals		28613.06	28613.103		
28631.737	0.14099999999962165	HSETimeIntervals		28631.836	28631.807500000003		
28631.978	0.0750000000007276	HSETimeIntervals		28632.021	28632.015499999998		
28633.96	0.10000000000218279	HSETimeIntervals		28634.019	28634.01		
28638.275	0.08799999999973807	HSETimeIntervals		28638.332000000002	28638.319000000003		
28644.305	0.12800000000061118	HSETimeIntervals		28644.381	28644.369		
28646.589	0.22699999999895226	HSETimeIntervals		28646.771	28646.7025		
28648.393	0.19700000000011642	HSETimeIntervals		28648.525	28648.4915		
28648.635000000002	0.11699999999837019	HSETimeIntervals		28648.675	28648.6935		
28649.905	0.18300000000090222	HSETimeIntervals		28650.044	28649.996499999997		
28655.008	0.05799999999726424	HSETimeIntervals		28655.038	28655.037		
28658.342	0.36200000000098953	HSETimeIntervals		28658.375	28658.523		
28658.843	0.0819999999985157	HSETimeIntervals		28658.878	28658.884000000002		
28659.395	0.18799999999828287	HSETimeIntervals		28659.462	28659.489		
28660.5064	0.18320000000312575	RippleTimeIntervals		28660.5576			
28662.539	0.11300000000119326	HSETimeIntervals		28662.599000000002	28662.5955		
28663.783	0.08699999999953434	HSETimeIntervals		28663.835	28663.8265		
28666.389	0.23700000000098953	HSETimeIntervals		28666.517	28666.5075		
28671.658	0.17699999999967986	HSETimeIntervals		28671.797	28671.7465		
28672.518	0.08100000000194996	HSETimeIntervals		28672.557	28672.5585		
28672.688000000002	0.1819999999970605	HSETimeIntervals		28672.765	28672.779000000002		
28680.529	0.10300000000279397	HSETimeIntervals		28680.594	28680.5805		
28680.976	0.24400000000241562	HSETimeIntervals		28681.184	28681.097999999998		
28683.396	0.1790000000000873	HSETimeIntervals		28683.518	28683.4855		
28684.565	0.19900000000052387	HSETimeIntervals		28684.614	28684.6645		
28687.173	0.07300000000032014	HSETimeIntervals		28687.21	28687.209499999997		
28687.98	0.19800000000032014	HSETimeIntervals		28688.014	28688.078999999998		
28693.260000000002	0.07200000000011642	HSETimeIntervals		28693.293	28693.296000000002		
28693.497	0.1320000000014261	HSETimeIntervals		28693.55	28693.563		
28695.772	0.13759999999820138	RippleTimeIntervals		28695.7904			
28696.133	0.32999999999810825	HSETimeIntervals		28696.195	28696.298000000003		
28696.487	0.34699999999793363	HSETimeIntervals		28696.79	28696.6605		
28697.508	0.27299999999740976	HSETimeIntervals		28697.596	28697.644500000002		
28698.52	0.48700000000098953	HSETimeIntervals		28698.566	28698.7635		
28701.288	0.1500000000014552	HSETimeIntervals		28701.356	28701.363		
28702.612	0.08299999999871943	HSETimeIntervals		28702.66	28702.6535		
28704.845	0.48700000000098953	HSETimeIntervals		28705.048	28705.0885		
28706.761	0.4320000000006985	HSETimeIntervals		28706.801	28706.977		
28709.128	0.1069999999999709	HSETimeIntervals		28709.19	28709.181500000002		
28712.802	0.2860000000000582	HSETimeIntervals		28713.057	28712.945		
28713.551	0.3260000000009313	HSETimeIntervals		28713.796000000002	28713.714		
28714.846	0.09000000000014552	HSETimeIntervals		28714.9	28714.891		
28715.642	0.08100000000194996	HSETimeIntervals		28715.675	28715.6825		
28720.827	0.20100000000093132	HSETimeIntervals		28720.954	28720.9275		
28722.748	0.33100000000194996	HSETimeIntervals		28722.864	28722.9135		
28724.314000000002	0.11299999999755528	HSETimeIntervals		28724.37	28724.3705		
28724.609	0.09500000000116415	HSETimeIntervals		28724.66	28724.6565		
28725.895	0.09500000000116415	HSETimeIntervals		28725.951	28725.9425		
28727.765	0.22000000000116415	HSETimeIntervals		28727.892	28727.875		
28729.863	0.2109999999993306	HSETimeIntervals		28729.913	28729.968500000003		
28731.992000000002	0.3289999999979045	HSETimeIntervals		28732.06	28732.1565		
28743.534	0.2139999999999418	HSETimeIntervals		28743.596	28743.641		
28745.073	0.1860000000015134	HSETimeIntervals		28745.213	28745.166		
28749.602	0.09100000000034925	HSETimeIntervals		28749.665	28749.6475		
28751.161	0.12099999999918509	HSETimeIntervals		28751.198	28751.2215		
28751.431	0.3319999999985157	HSETimeIntervals		28751.609	28751.597		
28752.932	0.08299999999871943	HSETimeIntervals		28752.969	28752.9735		
28755.788	0.0790000000015425	HSETimeIntervals		28755.829	28755.8275		
28757.179	0.08399999999892316	HSETimeIntervals		28757.222	28757.221		
28761.32	0.21600000000034925	HSETimeIntervals		28761.363	28761.428		
28761.549	0.2669999999998254	HSETimeIntervals		28761.715	28761.6825		
28774.672	0.10500000000320142	HSETimeIntervals		28774.735	28774.7245		
28775.853	0.2250000000021828	HSETimeIntervals		28775.898	28775.9655		
28776.497	0.22600000000238651	HSETimeIntervals		28776.548	28776.61		
28792.753	0.1430000000000291	HSETimeIntervals		28792.861	28792.8245		
28795.202	0.05899999999746797	HSETimeIntervals		28795.234	28795.2315		
28797.143	0.23300000000017462	HSETimeIntervals		28797.338	28797.2595		
28798.018	0.07099999999991269	HSETimeIntervals		28798.061	28798.0535		
28798.23	0.10399999999935972	HSETimeIntervals		28798.303	28798.282		
28798.808	0.08599999999933061	HSETimeIntervals		28798.858	28798.851000000002		
28807.704	0.09000000000014552	HSETimeIntervals		28807.757	28807.749		
28813.696	0.21199999999953434	HSETimeIntervals		28813.752	28813.802		
28814.029	0.2250000000021828	HSETimeIntervals		28814.217	28814.141499999998		
28816.015	0.11600000000180444	HSETimeIntervals		28816.091	28816.073		
28821.504	0.21600000000034925	HSETimeIntervals		28821.653000000002	28821.612		
28823.005	0.2069999999985157	HSETimeIntervals		28823.038	28823.108500000002		
28823.994	0.1930000000029395	HSETimeIntervals		28824.04	28824.0905		
28828.052	0.07300000000032014	HSETimeIntervals		28828.088	28828.088499999998		
28831.05	0.06600000000253203	HSETimeIntervals		28831.084	28831.083		
28832.356	0.11400000000139698	HSETimeIntervals		28832.426	28832.413		
28841.632	0.23300000000017462	HSETimeIntervals		28841.822	28841.7485		
28842.587	0.1110000000007858	HSETimeIntervals		28842.655	28842.642499999998		
28852.293	0.22699999999895226	HSETimeIntervals		28852.434	28852.4065		
28866.54	0.10299999999915599	HSETimeIntervals		28866.609	28866.591500000002		
28867.382	0.32599999999729334	HSETimeIntervals		28867.673	28867.545000000002		
28869.751	0.07800000000133878	HSETimeIntervals		28869.787	28869.79		
28873.904	0.0650000000023283	HSETimeIntervals		28873.937	28873.9365		
28874.823	0.14800000000104774	HSETimeIntervals		28874.939000000002	28874.897		
28877.203	0.09000000000014552	HSETimeIntervals		28877.243000000002	28877.248		
28877.323	0.15999999999985448	HSETimeIntervals		28877.372	28877.403000000002		
28878.302	0.2139999999999418	HSETimeIntervals		28878.455	28878.409		
28879.453	0.2069999999985157	HSETimeIntervals		28879.508	28879.556500000002		
28881.992000000002	0.09099999999671127	HSETimeIntervals		28882.04	28882.037500000002		
28882.688000000002	0.3279999999977008	HSETimeIntervals		28882.850000000002	28882.852000000003		
28884.195	0.09000000000014552	HSETimeIntervals		28884.23	28884.239999999998		
28888.623	0.1860000000015134	HSETimeIntervals		28888.757	28888.716		
28889.419	0.2819999999992433	HSETimeIntervals		28889.595	28889.56		
28890.013	0.21500000000014552	HSETimeIntervals		28890.162	28890.120499999997		
28890.287	0.06899999999950523	HSETimeIntervals		28890.321	28890.321500000002		
28892.796000000002	0.23399999999674037	HSETimeIntervals		28892.978	28892.913		
28894.389	0.20900000000256114	HSETimeIntervals		28894.457000000002	28894.4935		
28896.369	0.11600000000180444	HSETimeIntervals		28896.4	28896.427		
28897.214	0.4059999999990396	HSETimeIntervals		28897.359	28897.417		
28899.3888	0.08799999999973807	RippleTimeIntervals		28899.4472			
28899.855	0.09200000000055297	HSETimeIntervals		28899.897	28899.900999999998		
28899.987	0.06499999999869033	HSETimeIntervals		28900.023	28900.019500000002		
28916.0528	0.15359999999782303	RippleTimeIntervals		28916.1104			
28921.347	0.1069999999999709	HSETimeIntervals		28921.381	28921.400500000003		
28922.404	0.158000000003085	HSETimeIntervals		28922.517	28922.483		
28925.56	0.09499999999752617	HSETimeIntervals		28925.600000000002	28925.607500000002		
28927.515	0.19900000000052387	HSETimeIntervals		28927.609	28927.6145		
28935.477	0.20900000000256114	HSETimeIntervals		28935.561	28935.5815		
28937.822	0.4749999999985448	HSETimeIntervals		28938.248	28938.0595		
28942.426	0.13999999999941792	HSETimeIntervals		28942.525	28942.496		
28944.406	0.06600000000253203	HSETimeIntervals		28944.438000000002	28944.439		
28947.984	0.17199999999866122	HSETimeIntervals		28948.021	28948.07		
28948.808	0.27699999999822467	HSETimeIntervals		28948.964	28948.946500000002		
28949.923	0.13900000000285218	HSETimeIntervals		28950.022	28949.9925		
28956.411	0.1290000000008149	HSETimeIntervals		28956.492000000002	28956.4755		
28956.831000000002	0.11899999999877764	HSETimeIntervals		28956.903000000002	28956.8905		
28957.387	0.08000000000174623	HSETimeIntervals		28957.433	28957.427		
28958.542	0.22199999999793363	HSETimeIntervals		28958.591	28958.653000000002		
28959.765	0.12199999999938882	HSETimeIntervals		28959.846	28959.826		
28961.567	0.06000000000130967	HSETimeIntervals		28961.600000000002	28961.596999999998		
28965.725000000002	0.18399999999746797	HSETimeIntervals		28965.846	28965.817000000003		
28969.886	0.3460000000013679	HSETimeIntervals		28970.201	28970.058999999997		
28971.005	0.1319999999977881	HSETimeIntervals		28971.096	28971.071		
28978.612	0.11799999999857391	HSETimeIntervals		28978.695	28978.671000000002		
28978.953	0.16599999999743886	HSETimeIntervals		28978.987	28979.036		
28980.708	0.062000000001717126	HSETimeIntervals		28980.74	28980.738999999998		
28982.048	0.07300000000032014	HSETimeIntervals		28982.088	28982.084499999997		
28982.346	0.11000000000058208	HSETimeIntervals		28982.426	28982.401		
28983.562	0.0819999999985157	HSETimeIntervals		28983.600000000002	28983.603000000003		
28983.711	0.19800000000032014	HSETimeIntervals		28983.763	28983.809999999998		
28985.427	0.11700000000200816	HSETimeIntervals		28985.493000000002	28985.4855		
28987.181	0.10299999999915599	HSETimeIntervals		28987.251	28987.232500000002		
28987.3	0.36200000000098953	HSETimeIntervals		28987.615	28987.481		
28992.66	0.07099999999991269	HSETimeIntervals		28992.7	28992.6955		
28995.807	0.12299999999959255	HSETimeIntervals		28995.864	28995.8685		
28999.409	0.15100000000165892	HSETimeIntervals		28999.503	28999.4845		
29000.137	0.09800000000177533	HSETimeIntervals		29000.170000000002	29000.185999999998		
29001.256	0.10299999999915599	HSETimeIntervals		29001.309	29001.307500000003		
29002.005	0.13000000000101863	HSETimeIntervals		29002.047	29002.07		
29008.206000000002	0.08499999999912689	HSETimeIntervals		29008.25	29008.2485		
29009.432	0.06699999999909778	HSETimeIntervals		29009.465	29009.465500000002		
29011.100000000002	0.11699999999837019	HSETimeIntervals		29011.184	29011.1585		
29011.292	0.15799999999944703	HSETimeIntervals		29011.413	29011.371000000003		
29013.416	0.13000000000101863	HSETimeIntervals		29013.506	29013.481		
29015.249	0.07300000000032014	HSETimeIntervals		29015.286	29015.285499999998		
29022.002	0.10399999999935972	HSETimeIntervals		29022.077	29022.054		
29022.406	0.1430000000000291	HSETimeIntervals		29022.474000000002	29022.477499999997		
29024.347	0.14899999999761349	HSETimeIntervals		29024.453	29024.4215		
29024.728	0.11300000000119326	HSETimeIntervals		29024.814000000002	29024.784499999998		
29025.994	0.08899999999994179	HSETimeIntervals		29026.046000000002	29026.0385		
29027.952	0.07200000000011642	HSETimeIntervals		29027.995	29027.988		
29029.013	0.1430000000000291	HSETimeIntervals		29029.068	29029.084499999997		
29042.468	0.15899999999965075	HSETimeIntervals		29042.596	29042.5475		
29042.831000000002	0.1889999999984866	HSETimeIntervals		29042.978	29042.9255		
29043.815	0.08000000000174623	HSETimeIntervals		29043.851	29043.855		
29045.078	0.09999999999854481	HSETimeIntervals		29045.146	29045.128		
29047.545000000002	0.08299999999871943	HSETimeIntervals		29047.598	29047.5865		
29049.363	0.0959999999977299	HSETimeIntervals		29049.424	29049.411		
29051.074	0.1569999999992433	HSETimeIntervals		29051.151	29051.1525		
29051.3984	5924.445833333339	epochs	fCamk5_210406_171221				
29052.0	25.0	SleepStates					NREMstate
29052.2344	0.19359999999869615	UpDownStatesTimeIntervals				UP	
29052.856	0.11520000000018626	UpDownStatesTimeIntervals				DOWN	
29053.2256	0.13279999999940628	UpDownStatesTimeIntervals				UP	
29054.367000000002	0.16599999999743886	HSETimeIntervals		29054.505	29054.45		
29057.3152	0.3999999999978172	UpDownStatesTimeIntervals				UP	
29057.374	0.2319999999999709	HSETimeIntervals		29057.445	29057.49		
29057.933	0.19900000000052387	HSETimeIntervals		29057.973	29058.0325		
29058.835	0.08400000000256114	HSETimeIntervals		29058.883	29058.877		
29059.8976	0.3695999999981723	UpDownStatesTimeIntervals				UP	
29061.4816	0.1176000000014028	RippleTimeIntervals		29061.584			
29061.5416	0.1415999999990163	UpDownStatesTimeIntervals				UP	
29063.2248	0.17120000000068103	UpDownStatesTimeIntervals				UP	
29064.6104	0.16799999999784632	UpDownStatesTimeIntervals				UP	
29064.7112	0.11919999999736319	RippleTimeIntervals		29064.7176			
29065.512	0.20500000000174623	HSETimeIntervals		29065.601	29065.6145		
29068.9072	0.13279999999940628	UpDownStatesTimeIntervals				UP	
29069.8712	0.14719999999942956	UpDownStatesTimeIntervals				UP	
29070.3584	0.12479999999777647	UpDownStatesTimeIntervals				UP	
29070.853	0.10100000000238651	HSETimeIntervals		29070.903000000002	29070.9035		
29070.9088	0.24319999999715947	UpDownStatesTimeIntervals				UP	
29071.8192	0.11279999999896972	UpDownStatesTimeIntervals				UP	
29073.3144	0.14400000000023283	UpDownStatesTimeIntervals				UP	
29073.8552	0.04799999999886495	UpDownStatesTimeIntervals				DOWN	
29076.256	0.2143999999971129	UpDownStatesTimeIntervals				UP	
29076.8912	0.13440000000264263	UpDownStatesTimeIntervals				UP	
29077.4832	0.14160000000265427	UpDownStatesTimeIntervals				UP	
29078.0	101.0	SleepStates					WAKEstate
29100.69	0.08300000000235741	HSETimeIntervals		29100.734	29100.731499999998		
29107.843	0.1529999999984284	HSETimeIntervals		29107.929	29107.9195		
29114.562	0.06699999999909778	HSETimeIntervals		29114.596	29114.595500000003		
29119.967	0.05099999999947613	HSETimeIntervals		29119.994	29119.9925		
29124.08	0.08799999999973807	HSETimeIntervals		29124.118000000002	29124.124000000003		
29141.152000000002	0.08799999999973807	HSETimeIntervals		29141.204	29141.196000000004		
29145.169	0.20799999999871943	HSETimeIntervals		29145.343	29145.273		
29152.939000000002	0.13599999999860302	HSETimeIntervals		29152.977	29153.007		
29166.005	0.09000000000014552	HSETimeIntervals		29166.043	29166.05		
29171.25	0.11700000000200816	HSETimeIntervals		29171.335	29171.3085		
29176.742000000002	0.10599999999976717	HSETimeIntervals		29176.788	29176.795000000002		
29180.0	121.0	SleepStates					NREMstate
29184.147	0.09699999999793363	HSETimeIntervals		29184.194	29184.1955		
29186.405	0.39500000000043656	HSETimeIntervals		29186.597	29186.602499999997		
29187.4632	0.3680000000022119	UpDownStatesTimeIntervals				UP	
29188.4408	0.2272000000011758	UpDownStatesTimeIntervals				UP	
29188.9312	0.1455999999998312	UpDownStatesTimeIntervals				UP	
29191.524	0.08699999999953434	HSETimeIntervals		29191.573	29191.5675		
29191.5456	0.15199999999822467	UpDownStatesTimeIntervals				UP	
29192.4504	0.2095999999983178	UpDownStatesTimeIntervals				UP	
29192.9216	0.16159999999945285	UpDownStatesTimeIntervals				UP	
29193.075	0.1959999999999127	HSETimeIntervals		29193.14	29193.173000000003		
29193.9568	0.13999999999941792	UpDownStatesTimeIntervals				UP	
29194.1448	0.06560000000172295	UpDownStatesTimeIntervals				DOWN	
29194.668	0.12299999999959255	HSETimeIntervals		29194.751	29194.7295		
29194.7168	0.29280000000289874	UpDownStatesTimeIntervals				UP	
29195.3656	0.08959999999933643	UpDownStatesTimeIntervals				DOWN	
29195.4552	0.27599999999802094	UpDownStatesTimeIntervals				UP	
29195.9544	0.14320000000225264	UpDownStatesTimeIntervals				UP	
29196.8184	0.13439999999900465	UpDownStatesTimeIntervals				UP	
29201.1328	0.136000000002241	UpDownStatesTimeIntervals				UP	
29201.6744	0.06959999999889988	UpDownStatesTimeIntervals				DOWN	
29201.744	0.09200000000055297	UpDownStatesTimeIntervals				UP	
29202.3696	0.05759999999645515	UpDownStatesTimeIntervals				DOWN	
29202.4272	0.1584000000002561	UpDownStatesTimeIntervals				UP	
29203.3008	0.15999999999985448	UpDownStatesTimeIntervals				UP	
29213.5232	0.17120000000068103	UpDownStatesTimeIntervals				UP	
29214.096	0.2727999999988242	UpDownStatesTimeIntervals				UP	
29215.1488	0.13920000000143773	UpDownStatesTimeIntervals				UP	
29216.2808	0.25279999999838765	UpDownStatesTimeIntervals				UP	
29217.534	0.12600000000020373	HSETimeIntervals		29217.616	29217.596999999998		
29218.2688	0.13279999999940628	UpDownStatesTimeIntervals				UP	
29218.8064	0.15999999999985448	UpDownStatesTimeIntervals				UP	
29219.3888	0.12800000000061118	UpDownStatesTimeIntervals				DOWN	
29219.7824	0.2360000000007858	UpDownStatesTimeIntervals				UP	
29220.8384	0.2824000000000524	UpDownStatesTimeIntervals				UP	
29221.037	0.09600000000136788	HSETimeIntervals		29221.098	29221.085		
29221.388	0.26480000000083237	UpDownStatesTimeIntervals				UP	
29221.9024	0.118399999999383	UpDownStatesTimeIntervals				UP	
29222.828	0.1863999999986845	UpDownStatesTimeIntervals				UP	
29224.0728	0.3367999999973108	UpDownStatesTimeIntervals				UP	
29224.7384	0.254400000001624	UpDownStatesTimeIntervals				UP	
29225.436	0.2863999999972293	UpDownStatesTimeIntervals				UP	
29226.5264	0.14640000000144937	UpDownStatesTimeIntervals				UP	
29231.0752	0.15200000000186265	UpDownStatesTimeIntervals				UP	
29231.8792	0.06000000000130967	UpDownStatesTimeIntervals				DOWN	
29235.2728	0.144800000001851	UpDownStatesTimeIntervals				UP	
29235.8776	0.0591999999996915	UpDownStatesTimeIntervals				UP	
29236.4152	0.34240000000136206	UpDownStatesTimeIntervals				UP	
29237.0488	0.23040000000037253	UpDownStatesTimeIntervals				UP	
29237.7112	0.24239999999917927	UpDownStatesTimeIntervals				UP	
29239.2936	0.390400000000227	UpDownStatesTimeIntervals				UP	
29240.14	0.17520000000149594	UpDownStatesTimeIntervals				UP	
29240.39	0.09000000000014552	HSETimeIntervals		29240.448	29240.434999999998		
29241.2368	0.1543999999994412	UpDownStatesTimeIntervals				UP	
29241.719	0.08699999999953434	HSETimeIntervals		29241.77	29241.7625		
29242.104	0.16480000000228756	UpDownStatesTimeIntervals				DOWN	
29242.2688	0.30319999999846914	UpDownStatesTimeIntervals				UP	
29242.872	0.2400000000016007	UpDownStatesTimeIntervals				UP	
29244.278000000002	0.06599999999889405	HSETimeIntervals		29244.317	29244.311		
29246.5624	0.22400000000197906	UpDownStatesTimeIntervals				UP	
29247.1104	0.20799999999871943	UpDownStatesTimeIntervals				UP	
29248.4304	0.11279999999896972	UpDownStatesTimeIntervals				UP	
29249.88	0.1415999999990163	UpDownStatesTimeIntervals				UP	
29251.2184	0.15199999999822467	UpDownStatesTimeIntervals				UP	
29251.8816	0.12399999999979627	UpDownStatesTimeIntervals				DOWN	
29252.276	0.1871999999966647	UpDownStatesTimeIntervals				UP	
29253.32	0.05700000000069849	HSETimeIntervals		29253.350000000002	29253.3485		
29254.262	0.10300000000279397	HSETimeIntervals		29254.319	29254.3135		
29254.9648	0.13839999999981956	UpDownStatesTimeIntervals				UP	
29256.212	0.2583999999988009	UpDownStatesTimeIntervals				UP	
29256.8928	0.1503999999986263	UpDownStatesTimeIntervals				UP	
29257.396	0.11200000000098953	UpDownStatesTimeIntervals				UP	
29257.5632	0.07439999999769498	UpDownStatesTimeIntervals				DOWN	
29258.6808	0.18320000000312575	UpDownStatesTimeIntervals				UP	
29263.7304	0.2128000000011525	UpDownStatesTimeIntervals				UP	
29270.5424	0.10959999999977299	UpDownStatesTimeIntervals				UP	
29276.0176	0.13760000000183936	UpDownStatesTimeIntervals				UP	
29276.664	0.10559999999895808	UpDownStatesTimeIntervals				DOWN	
29278.82	0.35599999999976717	UpDownStatesTimeIntervals				UP	
29282.7	0.22559999999793945	UpDownStatesTimeIntervals				UP	
29283.2744	0.10800000000017462	UpDownStatesTimeIntervals				UP	
29285.48	0.27999999999883585	UpDownStatesTimeIntervals				UP	
29289.1232	0.1871999999966647	UpDownStatesTimeIntervals				UP	
29289.9544	0.13839999999981956	UpDownStatesTimeIntervals				UP	
29290.644	0.12600000000020373	HSETimeIntervals		29290.729	29290.707		
29291.4272	0.11440000000220607	UpDownStatesTimeIntervals				UP	
29300.8768	0.09760000000096625	UpDownStatesTimeIntervals				UP	
29302.0	10.0	SleepStates					WAKEstate
29303.529	0.0790000000015425	HSETimeIntervals		29303.568	29303.568499999998		
29313.0	100.0	SleepStates					NREMstate
29313.1632	0.12000000000261934	UpDownStatesTimeIntervals				UP	
29313.744	0.1290000000008149	HSETimeIntervals		29313.822	29313.8085		
29313.9704	0.15120000000024447	UpDownStatesTimeIntervals				UP	
29315.1248	0.11439999999856809	UpDownStatesTimeIntervals				DOWN	
29315.408	0.26239999999961583	UpDownStatesTimeIntervals				UP	
29315.7544	0.23439999999754946	UpDownStatesTimeIntervals				DOWN	
29316.212	0.28960000000006403	UpDownStatesTimeIntervals				UP	
29318.9376	0.11999999999898137	UpDownStatesTimeIntervals				UP	
29321.5656	0.13599999999860302	UpDownStatesTimeIntervals				UP	
29321.8192	0.3407999999981257	UpDownStatesTimeIntervals				DOWN	
29322.3144	0.15760000000227592	UpDownStatesTimeIntervals				UP	
29322.9912	0.04160000000047148	UpDownStatesTimeIntervals				DOWN	
29323.8696	0.2503999999971711	UpDownStatesTimeIntervals				UP	
29325.7568	0.02960000000166474	UpDownStatesTimeIntervals				UP	
29326.124	0.2848000000012689	UpDownStatesTimeIntervals				UP	
29326.712	0.1455999999998312	UpDownStatesTimeIntervals				DOWN	
29326.8576	0.2688000000016473	UpDownStatesTimeIntervals				UP	
29329.38	0.11919999999736319	UpDownStatesTimeIntervals				UP	
29329.9616	0.18879999999990105	UpDownStatesTimeIntervals				DOWN	
29330.5416	0.3503999999993539	UpDownStatesTimeIntervals				UP	
29331.368000000002	0.0779999999977008	HSETimeIntervals		29331.411	29331.407000000003		
29336.7032	0.1815999999998894	UpDownStatesTimeIntervals				UP	
29337.2424	0.1768000000010943	UpDownStatesTimeIntervals				UP	
29338.3576	0.11040000000139116	UpDownStatesTimeIntervals				UP	
29342.1136	0.1543999999994412	UpDownStatesTimeIntervals				UP	
29342.7848	0.3400000000001455	UpDownStatesTimeIntervals				DOWN	
29343.5328	0.11679999999978463	UpDownStatesTimeIntervals				UP	
29344.1528	0.10800000000017462	UpDownStatesTimeIntervals				UP	
29345.976	0.14400000000023283	UpDownStatesTimeIntervals				UP	
29346.9264	0.17599999999947613	UpDownStatesTimeIntervals				UP	
29353.4136	0.23359999999956926	UpDownStatesTimeIntervals				UP	
29354.6752	0.2055999999975029	UpDownStatesTimeIntervals				UP	
29357.510000000002	0.09000000000014552	HSETimeIntervals		29357.562	29357.555		
29361.5752	0.24639999999999418	UpDownStatesTimeIntervals				UP	
29362.3152	0.10479999999733991	UpDownStatesTimeIntervals				UP	
29363.464	0.17599999999947613	UpDownStatesTimeIntervals				UP	
29366.7592	0.13599999999860302	UpDownStatesTimeIntervals				UP	
29367.338	0.17399999999906868	HSETimeIntervals		29367.420000000002	29367.425		
29367.5928	0.04640000000290456	UpDownStatesTimeIntervals				DOWN	
29371.396	0.10879999999815482	UpDownStatesTimeIntervals				DOWN	
29372.128	0.2272000000011758	UpDownStatesTimeIntervals				UP	
29374.1256	0.3951999999990221	UpDownStatesTimeIntervals				UP	
29375.1352	0.06639999999970314	UpDownStatesTimeIntervals				DOWN	
29375.7336	0.28960000000006403	UpDownStatesTimeIntervals				UP	
29378.617000000002	0.07999999999810825	HSETimeIntervals		29378.661	29378.657000000003		
29379.4432	0.5471999999972468	UpDownStatesTimeIntervals				UP	
29380.4952	0.07040000000051805	UpDownStatesTimeIntervals				DOWN	
29382.2096	0.1488000000026659	UpDownStatesTimeIntervals				UP	
29383.5512	0.10639999999693828	UpDownStatesTimeIntervals				UP	
29387.458	0.13800000000264845	HSETimeIntervals		29387.498	29387.527		
29387.572	0.28879999999844586	UpDownStatesTimeIntervals				UP	
29388.428	0.13920000000143773	UpDownStatesTimeIntervals				UP	
29388.784	0.19039999999949941	UpDownStatesTimeIntervals				DOWN	
29391.54	0.26480000000083237	UpDownStatesTimeIntervals				UP	
29393.3656	0.2551999999996042	UpDownStatesTimeIntervals				UP	
29396.5864	0.10640000000057626	UpDownStatesTimeIntervals				UP	
29397.8384	0.19679999999789288	UpDownStatesTimeIntervals				UP	
29401.48	0.10959999999977299	UpDownStatesTimeIntervals				UP	
29402.3872	0.3423999999977241	UpDownStatesTimeIntervals				UP	
29402.415	0.06499999999869033	HSETimeIntervals		29402.45	29402.447500000002		
29403.677	0.08899999999994179	HSETimeIntervals		29403.707000000002	29403.7215		
29406.6768	0.3647999999993772	UpDownStatesTimeIntervals				UP	
29408.5112	0.2183999999979278	UpDownStatesTimeIntervals				UP	
29408.9696	0.19679999999789288	UpDownStatesTimeIntervals				UP	
29409.7792	0.20639999999912106	UpDownStatesTimeIntervals				UP	
29409.88	0.1110000000007858	HSETimeIntervals		29409.962	29409.9355		
29413.4912	0.3127999999996973	UpDownStatesTimeIntervals				UP	
29414.0	9.0	SleepStates					WAKEstate
29415.449	0.12600000000020373	HSETimeIntervals		29415.549	29415.512		
29418.913	0.12099999999918509	HSETimeIntervals		29418.996	29418.9735		
29422.033	0.10000000000218279	HSETimeIntervals		29422.085	29422.083		
29423.3096	0.14479999999821302	UpDownStatesTimeIntervals				UP	
29423.9264	0.2000000000007276	UpDownStatesTimeIntervals				UP	
29424.0	180.0	SleepStates					NREMstate
29428.1424	0.18079999999827123	UpDownStatesTimeIntervals				UP	
29428.9472	0.1808000000019092	UpDownStatesTimeIntervals				UP	
29429.9096	0.144800000001851	UpDownStatesTimeIntervals				UP	
29430.1768	0.0959999999977299	UpDownStatesTimeIntervals				DOWN	
29430.5304	0.364000000001397	UpDownStatesTimeIntervals				UP	
29433.3912	0.20960000000195578	UpDownStatesTimeIntervals				UP	
29434.052	0.15120000000024447	UpDownStatesTimeIntervals				UP	
29434.8864	0.16640000000188593	UpDownStatesTimeIntervals				UP	
29435.3088	0.16960000000108266	UpDownStatesTimeIntervals				DOWN	
29435.7624	0.2175999999999476	UpDownStatesTimeIntervals				UP	
29444.955	0.07899999999790452	HSETimeIntervals		29444.997	29444.9945		
29445.166	0.375	HSETimeIntervals		29445.249	29445.3535		
29446.019	0.1349999999983993	HSETimeIntervals		29446.100000000002	29446.0865		
29446.3296	0.13359999999738648	UpDownStatesTimeIntervals				UP	
29446.642	0.24899999999979627	HSETimeIntervals		29446.824	29446.7665		
29447.74	0.34879999999975553	UpDownStatesTimeIntervals				UP	
29448.2328	0.33519999999771244	UpDownStatesTimeIntervals				UP	
29448.4624	0.10559999999895808	UpDownStatesTimeIntervals				DOWN	
29448.6208	0.10239999999976135	RippleTimeIntervals		29448.7112			
29448.7176	0.2776000000012573	UpDownStatesTimeIntervals				UP	
29449.0384	0.1279999999969732	RippleTimeIntervals		29449.1168			
29449.1632	0.3768000000018219	UpDownStatesTimeIntervals				UP	
29449.544	0.19099999999889405	HSETimeIntervals		29449.679	29449.6395		
29454.465	0.07400000000052387	HSETimeIntervals		29454.509000000002	29454.502		
29455.22	0.13999999999941792	UpDownStatesTimeIntervals				UP	
29455.8768	0.1176000000014028	UpDownStatesTimeIntervals				DOWN	
29455.9944	0.11999999999898137	UpDownStatesTimeIntervals				UP	
29456.576	0.10959999999977299	UpDownStatesTimeIntervals				UP	
29457.1032	0.0911999999989348	UpDownStatesTimeIntervals				UP	
29460.1744	0.3647999999993772	UpDownStatesTimeIntervals				UP	
29461.4952	0.33039999999891734	UpDownStatesTimeIntervals				UP	
29462.703	0.18999999999869033	HSETimeIntervals		29462.863	29462.798000000003		
29464.175	0.08799999999973807	HSETimeIntervals		29464.225000000002	29464.219		
29464.2264	0.37840000000142027	UpDownStatesTimeIntervals				UP	
29465.676	0.19280000000071595	UpDownStatesTimeIntervals				UP	
29466.8616	0.337599999998929	UpDownStatesTimeIntervals				UP	
29468.1824	0.2919999999976426	UpDownStatesTimeIntervals				UP	
29468.431	0.08299999999871943	HSETimeIntervals		29468.478	29468.4725		
29470.0336	0.1680000000014843	UpDownStatesTimeIntervals				DOWN	
29470.2016	0.33359999999811407	UpDownStatesTimeIntervals				UP	
29473.1656	0.18400000000110595	UpDownStatesTimeIntervals				UP	
29475.323	0.06299999999828287	HSETimeIntervals		29475.357	29475.3545		
29476.2424	0.20080000000234577	UpDownStatesTimeIntervals				DOWN	
29476.4432	0.2536000000000058	UpDownStatesTimeIntervals				UP	
29478.853	0.14600000000064028	HSETimeIntervals		29478.967	29478.926		
29479.1424	0.06880000000091968	UpDownStatesTimeIntervals				DOWN	
29479.4776	0.136000000002241	UpDownStatesTimeIntervals				UP	
29482.881	0.06099999999787542	HSETimeIntervals		29482.914	29482.911500000002		
29488.388	0.08600000000296859	HSETimeIntervals		29488.429	29488.431		
29495.1112	0.13920000000143773	UpDownStatesTimeIntervals				UP	
29497.3664	0.16640000000188593	UpDownStatesTimeIntervals				DOWN	
29497.5328	0.3008000000008906	UpDownStatesTimeIntervals				UP	
29502.801	0.16500000000087311	HSETimeIntervals		29502.91	29502.8835		
29506.1184	0.2135999999991327	UpDownStatesTimeIntervals				UP	
29511.043	0.11000000000058208	HSETimeIntervals		29511.123	29511.098		
29513.54	0.15599999999903957	UpDownStatesTimeIntervals				UP	
29523.0792	0.12159999999857973	UpDownStatesTimeIntervals				UP	
29523.9624	0.04959999999846332	UpDownStatesTimeIntervals				DOWN	
29528.2008	0.19039999999949941	UpDownStatesTimeIntervals				UP	
29528.844	0.08099999999831198	HSETimeIntervals		29528.885000000002	29528.8845		
29528.984	0.18959999999788124	UpDownStatesTimeIntervals				DOWN	
29529.1736	0.23360000000320724	UpDownStatesTimeIntervals				UP	
29529.6136	0.19440000000031432	UpDownStatesTimeIntervals				UP	
29530.9064	0.13999999999941792	UpDownStatesTimeIntervals				UP	
29535.8032	0.1992000000027474	UpDownStatesTimeIntervals				UP	
29536.5672	0.21199999999953434	UpDownStatesTimeIntervals				UP	
29537.696	0.09800000000177533	HSETimeIntervals		29537.759000000002	29537.745		
29537.996	0.3496000000013737	UpDownStatesTimeIntervals				UP	
29538.669	0.06899999999950523	HSETimeIntervals		29538.707000000002	29538.703500000003		
29538.972	0.14719999999942956	UpDownStatesTimeIntervals				UP	
29540.2136	0.34240000000136206	UpDownStatesTimeIntervals				UP	
29541.5304	0.22239999999874271	UpDownStatesTimeIntervals				UP	
29542.787	0.0930000000007567	HSETimeIntervals		29542.839	29542.8335		
29542.9056	0.15440000000307919	UpDownStatesTimeIntervals				UP	
29544.0032	0.18960000000151922	UpDownStatesTimeIntervals				UP	
29546.6952	0.3488000000033935	UpDownStatesTimeIntervals				DOWN	
29547.4648	0.27119999999922584	UpDownStatesTimeIntervals				UP	
29549.4784	0.21120000000155414	UpDownStatesTimeIntervals				DOWN	
29549.6896	0.28079999999681604	UpDownStatesTimeIntervals				UP	
29551.1056	0.39359999999942374	UpDownStatesTimeIntervals				UP	
29552.0976	0.16799999999784632	UpDownStatesTimeIntervals				UP	
29552.4688	0.24880000000121072	UpDownStatesTimeIntervals				UP	
29553.736	0.20720000000073924	UpDownStatesTimeIntervals				DOWN	
29554.0768	0.2728000000024622	UpDownStatesTimeIntervals				UP	
29555.2056	0.12559999999939464	UpDownStatesTimeIntervals				UP	
29556.1336	0.13119999999980791	UpDownStatesTimeIntervals				UP	
29557.077	0.11699999999837019	HSETimeIntervals		29557.16	29557.1355		
29558.652	0.1592000000018743	UpDownStatesTimeIntervals				UP	
29559.3712	0.30319999999846914	UpDownStatesTimeIntervals				UP	
29560.764	0.10100000000238651	HSETimeIntervals		29560.835	29560.8145		
29563.1664	0.153600000001461	UpDownStatesTimeIntervals				UP	
29563.748	0.1320000000014261	UpDownStatesTimeIntervals				UP	
29564.368000000002	0.07399999999688589	HSETimeIntervals		29564.407	29564.405000000002		
29571.81	0.06799999999930151	HSETimeIntervals		29571.851	29571.844		
29571.9176	0.14479999999821302	UpDownStatesTimeIntervals				DOWN	
29572.3576	0.23280000000158907	UpDownStatesTimeIntervals				UP	
29576.035	0.17299999999886495	HSETimeIntervals		29576.142	29576.1215		
29580.8664	0.09760000000096625	UpDownStatesTimeIntervals				UP	
29582.0376	0.2007999999987078	UpDownStatesTimeIntervals				UP	
29587.189000000002	0.1459999999970023	HSETimeIntervals		29587.303	29587.262000000002		
29588.4984	0.058399999998073326	UpDownStatesTimeIntervals				DOWN	
29589.0032	0.15200000000186265	UpDownStatesTimeIntervals				UP	
29592.8104	0.2448000000003958	UpDownStatesTimeIntervals				DOWN	
29593.3328	0.3231999999989057	UpDownStatesTimeIntervals				UP	
29594.925	0.13000000000101863	HSETimeIntervals		29595.015	29594.989999999998		
29598.535	0.0970000000015716	HSETimeIntervals		29598.585	29598.5835		
29605.0	15.0	SleepStates					WAKEstate
29610.386	0.08800000000337604	HSETimeIntervals		29610.443	29610.43		
29611.874	0.0610000000015134	HSETimeIntervals		29611.907	29611.9045		
29612.661	0.08200000000215368	HSETimeIntervals		29612.712	29612.702		
29617.105	0.12000000000261934	HSETimeIntervals		29617.18	29617.165		
29621.0	9.0	SleepStates					NREMstate
29622.7344	0.26159999999799766	UpDownStatesTimeIntervals				UP	
29625.0056	0.13119999999980791	UpDownStatesTimeIntervals				UP	
29631.0	8.0	SleepStates					WAKEstate
29640.0	9.0	SleepStates					NREMstate
29640.0384	0.18959999999788124	UpDownStatesTimeIntervals				DOWN	
29640.228	0.21520000000236905	UpDownStatesTimeIntervals				UP	
29650.0	21.0	SleepStates					WAKEstate
29660.422	0.09400000000096043	HSETimeIntervals		29660.485	29660.468999999997		
29665.12	0.13000000000101863	HSETimeIntervals		29665.217	29665.184999999998		
29671.74	0.08899999999994179	HSETimeIntervals		29671.797	29671.7845		
29672.0	9.0	SleepStates					NREMstate
29675.9144	0.1455999999998312	UpDownStatesTimeIntervals				UP	
29676.3544	0.07600000000093132	UpDownStatesTimeIntervals				DOWN	
29676.7912	0.3055999999996857	UpDownStatesTimeIntervals				UP	
29677.1968	0.05760000000009313	UpDownStatesTimeIntervals				DOWN	
29677.7704	0.13279999999940628	UpDownStatesTimeIntervals				UP	
29682.0	8.0	SleepStates					WAKEstate
29684.139	0.18500000000130967	HSETimeIntervals		29684.295000000002	29684.231499999998		
29684.723	0.11899999999877764	HSETimeIntervals		29684.814000000002	29684.7825		
29686.631	0.11799999999857391	HSETimeIntervals		29686.713	29686.690000000002		
29686.773	0.272000000000844	HSETimeIntervals		29686.841	29686.909		
29688.473	0.08099999999831198	HSETimeIntervals		29688.525	29688.5135		
29689.126	0.09200000000055297	HSETimeIntervals		29689.172	29689.172		
29691.0	157.0	SleepStates					NREMstate
29694.0088	0.14319999999861466	UpDownStatesTimeIntervals				DOWN	
29694.8008	0.046399999999266583	UpDownStatesTimeIntervals				UP	
29695.2288	0.25679999999920256	UpDownStatesTimeIntervals				UP	
29695.504	0.21199999999953434	HSETimeIntervals		29695.656	29695.61		
29696.8776	0.13040000000182772	UpDownStatesTimeIntervals				UP	
29697.377	0.1529999999984284	HSETimeIntervals		29697.425	29697.4535		
29697.8936	0.15120000000024447	UpDownStatesTimeIntervals				UP	
29698.6112	0.17920000000231084	UpDownStatesTimeIntervals				UP	
29699.892	0.08899999999994179	HSETimeIntervals		29699.941	29699.9365		
29700.012	0.2640000000028522	HSETimeIntervals		29700.143	29700.144		
29701.9096	0.227999999999156	UpDownStatesTimeIntervals				UP	
29702.5896	0.18720000000030268	UpDownStatesTimeIntervals				UP	
29703.0104	0.03440000000045984	UpDownStatesTimeIntervals				DOWN	
29703.508	0.13359999999738648	UpDownStatesTimeIntervals				UP	
29703.6784	0.053599999999278225	UpDownStatesTimeIntervals				DOWN	
29704.2208	0.11440000000220607	UpDownStatesTimeIntervals				UP	
29705.5584	0.1551999999974214	UpDownStatesTimeIntervals				UP	
29706.252	0.15199999999822467	UpDownStatesTimeIntervals				UP	
29707.0056	0.13759999999820138	UpDownStatesTimeIntervals				UP	
29707.4104	0.14800000000104774	UpDownStatesTimeIntervals				DOWN	
29707.833	0.07000000000334694	HSETimeIntervals		29707.869	29707.868		
29707.8424	0.2055999999975029	UpDownStatesTimeIntervals				UP	
29708.085	0.07600000000093132	HSETimeIntervals		29708.125	29708.123		
29709.3336	0.13119999999980791	UpDownStatesTimeIntervals				DOWN	
29709.4648	0.13599999999860302	UpDownStatesTimeIntervals				UP	
29710.1136	0.3080000000009022	UpDownStatesTimeIntervals				UP	
29711.052	0.06160000000090804	UpDownStatesTimeIntervals				DOWN	
29711.1136	0.2783999999992375	UpDownStatesTimeIntervals				UP	
29711.782	0.17799999999988358	HSETimeIntervals		29711.909	29711.871		
29711.9096	0.10320000000137952	UpDownStatesTimeIntervals				UP	
29714.6424	0.21039999999993597	UpDownStatesTimeIntervals				UP	
29715.003	0.0819999999985157	HSETimeIntervals		29715.037	29715.044		
29715.1392	0.10159999999814318	UpDownStatesTimeIntervals				DOWN	
29715.14	0.19700000000011642	HSETimeIntervals		29715.298	29715.2385		
29717.18	0.12800000000061118	HSETimeIntervals		29717.262	29717.244		
29720.625	0.056000000000494765	HSETimeIntervals		29720.654	29720.653		
29721.9464	0.23760000000038417	UpDownStatesTimeIntervals				UP	
29726.294	0.11799999999857391	HSETimeIntervals		29726.359	29726.353000000003		
29727.736	0.19700000000011642	HSETimeIntervals		29727.893	29727.8345		
29729.8704	0.34879999999975553	UpDownStatesTimeIntervals				UP	
29731.0912	0.3760000000002037	UpDownStatesTimeIntervals				UP	
29732.405	0.14800000000104774	HSETimeIntervals		29732.515	29732.479		
29732.595	0.19900000000052387	HSETimeIntervals		29732.691	29732.6945		
29732.6736	0.13360000000102445	UpDownStatesTimeIntervals				UP	
29733.0672	0.28879999999844586	UpDownStatesTimeIntervals				UP	
29733.813000000002	0.28999999999723514	HSETimeIntervals		29734.064000000002	29733.958000000002		
29734.561	0.34699999999793363	HSETimeIntervals		29734.724000000002	29734.734500000002		
29734.724	0.11520000000018626	UpDownStatesTimeIntervals				UP	
29735.244	0.1632000000026892	UpDownStatesTimeIntervals				UP	
29735.917	0.17699999999967986	HSETimeIntervals		29735.968	29736.005500000003		
29736.3424	0.18319999999948777	UpDownStatesTimeIntervals				UP	
29737.972	0.2109999999993306	HSETimeIntervals		29738.018	29738.077500000003		
29739.506	0.16500000000087311	HSETimeIntervals		29739.554	29739.5885		
29739.7568	0.14640000000144937	UpDownStatesTimeIntervals				UP	
29740.08	0.0779999999977008	HSETimeIntervals		29740.122	29740.119000000002		
29740.3336	0.2047999999995227	UpDownStatesTimeIntervals				UP	
29740.547	0.09600000000136788	HSETimeIntervals		29740.595	29740.594999999998		
29742.356	0.1496000000006461	UpDownStatesTimeIntervals				UP	
29742.9032	0.19359999999869615	UpDownStatesTimeIntervals				UP	
29743.492	0.21520000000236905	UpDownStatesTimeIntervals				UP	
29744.319	0.0610000000015134	HSETimeIntervals		29744.350000000002	29744.3495		
29744.3912	0.3632000000034168	UpDownStatesTimeIntervals				UP	
29744.904	0.17800000000352156	HSETimeIntervals		29745.028000000002	29744.993		
29745.112	0.1430000000000291	HSETimeIntervals		29745.154	29745.1835		
29745.3056	0.16719999999986612	UpDownStatesTimeIntervals				UP	
29745.8168	0.16079999999783468	UpDownStatesTimeIntervals				UP	
29746.5664	0.2047999999995227	UpDownStatesTimeIntervals				UP	
29747.299	0.11200000000098953	HSETimeIntervals		29747.375	29747.355		
29747.416	0.22959999999875436	UpDownStatesTimeIntervals				UP	
29748.5056	0.12080000000059954	UpDownStatesTimeIntervals				UP	
29749.0208	0.22479999999995925	UpDownStatesTimeIntervals				UP	
29749.8808	0.1320000000014261	UpDownStatesTimeIntervals				UP	
29750.338	0.15899999999965075	HSETimeIntervals		29750.461	29750.4175		
29751.248	0.27440000000206055	UpDownStatesTimeIntervals				UP	
29751.9568	0.3600000000005821	UpDownStatesTimeIntervals				UP	
29753.097	0.10499999999956344	HSETimeIntervals		29753.151	29753.149500000003		
29753.359	0.34800000000177533	HSETimeIntervals		29753.649	29753.533		
29755.3696	0.14239999999699648	UpDownStatesTimeIntervals				UP	
29755.9872	0.2639999999992142	UpDownStatesTimeIntervals				UP	
29756.8128	0.12879999999859137	UpDownStatesTimeIntervals				UP	
29757.286	0.056000000000494765	HSETimeIntervals		29757.312	29757.314		
29757.9096	0.1768000000010943	UpDownStatesTimeIntervals				UP	
29758.4792	0.1543999999994412	UpDownStatesTimeIntervals				UP	
29760.672	0.4416000000019267	UpDownStatesTimeIntervals				UP	
29763.442	0.12100000000282307	HSETimeIntervals		29763.510000000002	29763.5025		
29763.608	0.08899999999994179	HSETimeIntervals		29763.658	29763.6525		
29763.8008	0.337599999998929	UpDownStatesTimeIntervals				UP	
29765.0888	0.18799999999828287	UpDownStatesTimeIntervals				UP	
29765.714	0.12399999999979627	HSETimeIntervals		29765.782	29765.776		
29765.9	0.2831999999980326	UpDownStatesTimeIntervals				UP	
29765.996	0.09500000000116415	HSETimeIntervals		29766.057	29766.0435		
29767.179	0.09999999999854481	HSETimeIntervals		29767.244	29767.229		
29768.293	0.46600000000034925	HSETimeIntervals		29768.583	29768.526		
29768.918	0.09100000000034925	HSETimeIntervals		29768.971	29768.9635		
29770.785	0.12399999999979627	HSETimeIntervals		29770.823	29770.847		
29770.84	0.127199999998993	UpDownStatesTimeIntervals				UP	
29771.416	0.16239999999743304	UpDownStatesTimeIntervals				UP	
29772.968	0.4032000000006519	UpDownStatesTimeIntervals				UP	
29773.6776	0.2688000000016473	UpDownStatesTimeIntervals				UP	
29774.4008	0.20720000000073924	UpDownStatesTimeIntervals				UP	
29775.2992	0.12399999999979627	UpDownStatesTimeIntervals				UP	
29775.4904	0.12080000000059954	RippleTimeIntervals		29775.5976			
29775.8048	0.3407999999981257	UpDownStatesTimeIntervals				UP	
29775.885000000002	0.20799999999871943	HSETimeIntervals		29775.997	29775.989		
29776.844	0.08399999999892316	HSETimeIntervals		29776.894	29776.886000000002		
29778.127	0.3100000000013097	HSETimeIntervals		29778.333	29778.282		
29778.7728	0.34240000000136206	UpDownStatesTimeIntervals				UP	
29779.2912	0.10239999999976135	UpDownStatesTimeIntervals				UP	
29780.9128	0.17120000000068103	UpDownStatesTimeIntervals				UP	
29781.522	0.113999999997759	HSETimeIntervals		29781.591	29781.579		
29781.88	0.23999999999796273	HSETimeIntervals		29781.925	29782.0		
29782.7592	0.026399999998830026	UpDownStatesTimeIntervals				DOWN	
29782.7856	0.11999999999898137	UpDownStatesTimeIntervals				UP	
29783.4512	0.08799999999973807	UpDownStatesTimeIntervals				UP	
29783.8952	0.23680000000240398	UpDownStatesTimeIntervals				UP	
29785.167	0.23500000000058208	HSETimeIntervals		29785.364	29785.2845		
29785.883	0.3209999999999127	HSETimeIntervals		29785.982	29786.043500000003		
29786.9648	0.14879999999902793	UpDownStatesTimeIntervals				UP	
29786.9896	0.11679999999978463	RippleTimeIntervals		29786.9912			
29787.38	0.0639999999984866	RippleTimeIntervals		29787.392			
29790.623	0.18500000000130967	HSETimeIntervals		29790.778000000002	29790.7155		
29791.143	0.09400000000096043	HSETimeIntervals		29791.187	29791.19		
29793.088	0.10800000000017462	HSETimeIntervals		29793.136	29793.142		
29795.491	0.08699999999953434	HSETimeIntervals		29795.539	29795.5345		
29796.608	0.23839999999836436	UpDownStatesTimeIntervals				UP	
29797.7904	0.19039999999949941	UpDownStatesTimeIntervals				UP	
29800.8176	0.3352000000013504	UpDownStatesTimeIntervals				UP	
29801.289	0.10900000000037835	HSETimeIntervals		29801.350000000002	29801.3435		
29801.6384	0.25760000000082073	UpDownStatesTimeIntervals				UP	
29802.3184	0.15279999999984284	UpDownStatesTimeIntervals				UP	
29803.0272	0.12080000000059954	UpDownStatesTimeIntervals				UP	
29803.58	0.25679999999920256	UpDownStatesTimeIntervals				UP	
29804.3808	0.25200000000040745	UpDownStatesTimeIntervals				DOWN	
29804.6328	0.33840000000054715	UpDownStatesTimeIntervals				UP	
29804.8424	0.0864000000001397	RippleTimeIntervals		29804.8608			
29805.0144	0.1264000000010128	RippleTimeIntervals		29805.0736			
29805.2336	0.0856000000021595	UpDownStatesTimeIntervals				UP	
29805.54	0.21600000000034925	UpDownStatesTimeIntervals				DOWN	
29806.244	0.127200000002631	UpDownStatesTimeIntervals				UP	
29807.6152	0.08399999999892316	RippleTimeIntervals		29807.6584			
29807.6904	0.19919999999910942	UpDownStatesTimeIntervals				UP	
29807.746	0.10100000000238651	HSETimeIntervals		29807.785	29807.7965		
29808.2336	0.13040000000182772	UpDownStatesTimeIntervals				UP	
29808.595	0.17199999999866122	HSETimeIntervals		29808.697	29808.681		
29808.9384	0.1496000000006461	UpDownStatesTimeIntervals				UP	
29809.155	0.16700000000128057	HSETimeIntervals		29809.197	29809.2385		
29809.8224	0.1136000000005879	UpDownStatesTimeIntervals				UP	
29809.9816	0.04400000000168802	UpDownStatesTimeIntervals				DOWN	
29810.564	0.13119999999980791	UpDownStatesTimeIntervals				UP	
29817.407	0.06999999999970896	HSETimeIntervals		29817.447	29817.442		
29819.7856	0.21600000000034925	UpDownStatesTimeIntervals				UP	
29820.2344	0.3063999999976659	UpDownStatesTimeIntervals				UP	
29823.681	0.16999999999825377	HSETimeIntervals		29823.773	29823.766		
29825.758	0.3029999999998836	HSETimeIntervals		29826.009000000002	29825.9095		
29826.229	0.10599999999976717	HSETimeIntervals		29826.286	29826.282		
29826.365	0.25899999999819556	HSETimeIntervals		29826.419	29826.4945		
29827.772	0.1496000000006461	UpDownStatesTimeIntervals				DOWN	
29827.9216	0.10800000000017462	UpDownStatesTimeIntervals				UP	
29828.5864	0.24160000000119908	UpDownStatesTimeIntervals				UP	
29829.706000000002	0.09000000000014552	HSETimeIntervals		29829.747	29829.751		
29829.9048	0.06639999999970314	RippleTimeIntervals		29829.9688			
29831.258	0.27599999999802094	HSETimeIntervals		29831.354	29831.396		
29831.574	0.1929999999993015	HSETimeIntervals		29831.615	29831.6705		
29832.170000000002	0.16200000000026193	HSETimeIntervals		29832.293	29832.251		
29832.2624	0.10080000000016298	UpDownStatesTimeIntervals				UP	
29832.69	0.11400000000139698	HSETimeIntervals		29832.754	29832.747		
29832.8984	0.1496000000006461	UpDownStatesTimeIntervals				UP	
29833.5112	0.2135999999991327	UpDownStatesTimeIntervals				UP	
29834.1008	0.25600000000122236	UpDownStatesTimeIntervals				UP	
29835.0128	0.35759999999936554	UpDownStatesTimeIntervals				UP	
29835.5632	0.20639999999912106	UpDownStatesTimeIntervals				DOWN	
29835.7696	0.2135999999991327	UpDownStatesTimeIntervals				UP	
29836.466	0.48700000000098953	HSETimeIntervals		29836.702	29836.7095		
29837.418	0.26299999999901047	HSETimeIntervals		29837.538	29837.5495		
29839.053	0.2849999999998545	HSETimeIntervals		29839.259000000002	29839.1955		
29839.5048	0.1488000000026659	UpDownStatesTimeIntervals				UP	
29839.602	0.1290000000008149	HSETimeIntervals		29839.694	29839.6665		
29841.172	0.25600000000122236	HSETimeIntervals		29841.276	29841.3		
29841.456000000002	0.23999999999796273	HSETimeIntervals		29841.664	29841.576		
29842.422	0.14600000000064028	HSETimeIntervals		29842.533	29842.495		
29842.785	0.21600000000034925	HSETimeIntervals		29842.907	29842.893		
29843.1816	0.17919999999867287	UpDownStatesTimeIntervals				UP	
29844.844	0.3175999999984924	UpDownStatesTimeIntervals				UP	
29845.43	0.24100000000180444	HSETimeIntervals		29845.494	29845.5505		
29845.925	0.25600000000122236	HSETimeIntervals		29845.976	29846.053		
29846.6576	0.1455999999998312	UpDownStatesTimeIntervals				UP	
29846.8616	0.0904000000009546	UpDownStatesTimeIntervals				DOWN	
29849.0	23.0	SleepStates					WAKEstate
29855.012	0.12100000000282307	HSETimeIntervals		29855.066	29855.0725		
29855.192	0.13100000000122236	HSETimeIntervals		29855.239	29855.2575		
29855.817	0.06600000000253203	HSETimeIntervals		29855.853	29855.85		
29856.468	0.11200000000098953	HSETimeIntervals		29856.498	29856.524		
29857.576	0.11699999999837019	HSETimeIntervals		29857.664	29857.6345		
29859.702	0.07200000000011642	HSETimeIntervals		29859.74	29859.738		
29859.99	0.08699999999953434	HSETimeIntervals		29860.031	29860.0335		
29861.877	0.12600000000020373	HSETimeIntervals		29861.97	29861.94		
29863.131	0.1929999999993015	HSETimeIntervals		29863.288	29863.2275		
29863.612	0.10800000000017462	HSETimeIntervals		29863.687	29863.666		
29863.804	0.08799999999973807	HSETimeIntervals		29863.847	29863.848		
29866.923	0.08700000000317232	HSETimeIntervals		29866.974000000002	29866.9665		
29867.170000000002	0.08299999999871943	HSETimeIntervals		29867.218	29867.2115		
29869.261	0.12300000000323053	HSETimeIntervals		29869.301	29869.3225		
29872.092	0.12600000000020373	HSETimeIntervals		29872.173	29872.155		
29872.420000000002	0.059999999997671694	HSETimeIntervals		29872.453	29872.45		
29873.0	45.0	SleepStates					NREMstate
29873.266	0.05099999999947613	HSETimeIntervals		29873.293	29873.2915		
29873.986	0.1069999999999709	HSETimeIntervals		29874.058	29874.039500000003		
29875.1976	0.20240000000194414	UpDownStatesTimeIntervals				UP	
29875.569	0.0930000000007567	HSETimeIntervals		29875.605	29875.6155		
29876.3568	0.15679999999701977	UpDownStatesTimeIntervals				UP	
29876.9152	0.27040000000124564	UpDownStatesTimeIntervals				DOWN	
29877.9232	0.12479999999777647	UpDownStatesTimeIntervals				UP	
29879.068	0.13999999999941792	HSETimeIntervals		29879.141	29879.138		
29880.532	0.06700000000273576	HSETimeIntervals		29880.566	29880.5655		
29883.024	0.40899999999965075	HSETimeIntervals		29883.169	29883.2285		
29885.1696	0.16239999999743304	UpDownStatesTimeIntervals				UP	
29885.488	0.39359999999942374	UpDownStatesTimeIntervals				UP	
29886.032	0.12320000000181608	UpDownStatesTimeIntervals				DOWN	
29886.615	0.21500000000014552	HSETimeIntervals		29886.663	29886.7225		
29887.605	0.06400000000212458	HSETimeIntervals		29887.641	29887.637		
29888.499	0.22699999999895226	HSETimeIntervals		29888.665	29888.6125		
29889.415	0.3359999999993306	HSETimeIntervals		29889.600000000002	29889.583000000002		
29889.774	0.21999999999752617	HSETimeIntervals		29889.952	29889.884000000002		
29890.112	0.2429999999985739	HSETimeIntervals		29890.161	29890.233500000002		
29890.4552	0.22959999999875436	UpDownStatesTimeIntervals				UP	
29891.1592	0.2688000000016473	UpDownStatesTimeIntervals				DOWN	
29891.428	0.16319999999905122	UpDownStatesTimeIntervals				UP	
29891.711	0.3510000000023865	HSETimeIntervals		29891.876	29891.8865		
29892.0344	0.10239999999976135	UpDownStatesTimeIntervals				UP	
29892.1776	0.12960000000020955	UpDownStatesTimeIntervals				DOWN	
29892.7576	0.11999999999898137	UpDownStatesTimeIntervals				UP	
29894.2776	0.43439999999827705	UpDownStatesTimeIntervals				UP	
29895.431	0.2530000000006112	HSETimeIntervals		29895.494	29895.5575		
29896.3136	0.118399999999383	UpDownStatesTimeIntervals				UP	
29896.513	0.3000000000029104	HSETimeIntervals		29896.684	29896.663		
29896.848	0.3239999999968859	HSETimeIntervals		29897.005	29897.010000000002		
29897.194	0.10100000000238651	HSETimeIntervals		29897.251	29897.2445		
29898.154	0.11700000000200816	HSETimeIntervals		29898.187	29898.212499999998		
29898.297	0.37000000000261934	HSETimeIntervals		29898.612	29898.482		
29899.528000000002	0.407999999999447	HSETimeIntervals		29899.584	29899.732000000004		
29900.2736	0.1368000000002212	UpDownStatesTimeIntervals				UP	
29900.544	0.058399999998073326	UpDownStatesTimeIntervals				DOWN	
29900.9776	0.1959999999999127	UpDownStatesTimeIntervals				UP	
29901.211	0.23500000000058208	HSETimeIntervals		29901.28	29901.3285		
29901.5832	0.13520000000062282	UpDownStatesTimeIntervals				UP	
29902.1512	0.0639999999984866	UpDownStatesTimeIntervals				DOWN	
29902.896	0.3647999999993772	UpDownStatesTimeIntervals				UP	
29906.4696	0.18959999999788124	UpDownStatesTimeIntervals				UP	
29906.579	0.3179999999993015	HSETimeIntervals		29906.722	29906.738		
29907.121	0.21600000000034925	HSETimeIntervals		29907.172	29907.229		
29908.225000000002	0.3129999999982829	HSETimeIntervals		29908.388	29908.381500000003		
29908.5784	0.1720000000022992	UpDownStatesTimeIntervals				UP	
29910.8304	0.13999999999941792	UpDownStatesTimeIntervals				UP	
29911.384000000002	0.16899999999805004	HSETimeIntervals		29911.445	29911.468500000003		
29911.5888	0.09759999999732827	UpDownStatesTimeIntervals				DOWN	
29911.8096	0.33039999999891734	UpDownStatesTimeIntervals				UP	
29912.3672	0.06559999999808497	UpDownStatesTimeIntervals				UP	
29912.4744	0.372800000001007	UpDownStatesTimeIntervals				DOWN	
29913.2496	0.19680000000153086	UpDownStatesTimeIntervals				UP	
29915.212	0.32159999999930733	UpDownStatesTimeIntervals				UP	
29915.8752	0.048800000000483124	UpDownStatesTimeIntervals				DOWN	
29915.924	0.32560000000012224	UpDownStatesTimeIntervals				UP	
29916.851	0.09900000000197906	HSETimeIntervals		29916.909	29916.9005		
29917.443	0.07600000000093132	HSETimeIntervals		29917.477	29917.481		
29917.866	0.09699999999793363	HSETimeIntervals		29917.925	29917.914500000003		
29919.0	12.0	SleepStates					WAKEstate
29920.534	0.0930000000007567	HSETimeIntervals		29920.585	29920.5805		
29922.778000000002	0.0959999999977299	HSETimeIntervals		29922.843	29922.826		
29923.711	0.07200000000011642	HSETimeIntervals		29923.753	29923.747		
29924.022	0.15099999999802094	HSETimeIntervals		29924.125	29924.0975		
29927.263	0.25500000000101863	HSETimeIntervals		29927.452	29927.390499999998		
29928.052	0.2570000000014261	HSETimeIntervals		29928.159	29928.1805		
29929.883	0.06499999999869033	HSETimeIntervals		29929.916	29929.915500000003		
29931.9592	0.2767999999996391	UpDownStatesTimeIntervals				UP	
29932.0	1143.0	SleepStates					NREMstate
29933.62	0.11119999999937136	UpDownStatesTimeIntervals				UP	
29934.999	0.27700000000186265	HSETimeIntervals		29935.235	29935.1375		
29936.9552	0.13839999999981956	UpDownStatesTimeIntervals				UP	
29937.8088	0.0768000000025495	UpDownStatesTimeIntervals				DOWN	
29938.316	0.09900000000197906	HSETimeIntervals		29938.369	29938.3655		
29939.4368	0.10559999999895808	UpDownStatesTimeIntervals				UP	
29940.0928	0.12880000000222935	UpDownStatesTimeIntervals				UP	
29940.6272	0.06480000000010477	UpDownStatesTimeIntervals				DOWN	
29941.0584	0.22959999999875436	UpDownStatesTimeIntervals				UP	
29941.8536	0.16719999999986612	UpDownStatesTimeIntervals				DOWN	
29942.0208	0.17360000000189757	UpDownStatesTimeIntervals				UP	
29942.632	0.07200000000011642	UpDownStatesTimeIntervals				UP	
29943.6152	0.2999999999992724	UpDownStatesTimeIntervals				UP	
29945.588	0.10900000000037835	HSETimeIntervals		29945.658	29945.642499999998		
29945.834	0.2860000000000582	HSETimeIntervals		29945.956000000002	29945.977		
29946.255	0.47999999999956344	HSETimeIntervals		29946.555	29946.495000000003		
29946.765	0.22100000000136788	HSETimeIntervals		29946.843	29946.8755		
29948.176	0.07200000000011642	HSETimeIntervals		29948.214	29948.212		
29948.9888	0.2944000000024971	UpDownStatesTimeIntervals				UP	
29949.8264	0.1911999999974796	UpDownStatesTimeIntervals				DOWN	
29950.0176	0.26000000000203727	UpDownStatesTimeIntervals				UP	
29951.1968	0.13039999999818974	UpDownStatesTimeIntervals				UP	
29951.9632	0.11680000000342261	UpDownStatesTimeIntervals				UP	
29952.661	0.19800000000032014	HSETimeIntervals		29952.716	29952.76		
29953.3096	0.2536000000000058	UpDownStatesTimeIntervals				UP	
29954.7736	0.15120000000024447	UpDownStatesTimeIntervals				UP	
29956.858	0.08299999999871943	HSETimeIntervals		29956.912	29956.8995		
29958.135000000002	0.1529999999984284	HSETimeIntervals		29958.175	29958.2115		
29959.072	0.2727999999988242	UpDownStatesTimeIntervals				UP	
29959.948	0.30500000000029104	HSETimeIntervals		29960.127	29960.1005		
29960.267	0.12399999999979627	HSETimeIntervals		29960.351	29960.329		
29960.71	0.13300000000162981	HSETimeIntervals		29960.77	29960.7765		
29960.7672	0.07520000000295113	RippleTimeIntervals		29960.8192			
29961.032	0.3739999999997963	HSETimeIntervals		29961.373	29961.219		
29961.424	0.08799999999973807	HSETimeIntervals		29961.46	29961.468		
29961.906	0.4900000000016007	HSETimeIntervals		29962.213	29962.150999999998		
29963.4464	0.0864000000001397	RippleTimeIntervals		29963.5016			
29964.903000000002	0.06899999999950523	HSETimeIntervals		29964.941	29964.937500000004		
29965.615	0.11999999999898137	HSETimeIntervals		29965.692	29965.675000000003		
29969.8136	0.2767999999996391	UpDownStatesTimeIntervals				UP	
29971.514	0.1959999999999127	HSETimeIntervals		29971.559	29971.612		
29972.2392	0.36960000000181026	UpDownStatesTimeIntervals				UP	
29972.876	0.11200000000098953	UpDownStatesTimeIntervals				UP	
29973.1072	0.1128000000026077	UpDownStatesTimeIntervals				DOWN	
29973.356	0.11600000000180444	HSETimeIntervals		29973.402000000002	29973.414		
29975.219	0.20999999999912689	HSETimeIntervals		29975.252	29975.324		
29976.736	0.2319999999999709	UpDownStatesTimeIntervals				UP	
29977.4656	0.37039999999979045	UpDownStatesTimeIntervals				UP	
29978.3744	0.2232000000003609	UpDownStatesTimeIntervals				UP	
29978.8832	0.12960000000020955	UpDownStatesTimeIntervals				UP	
29979.6504	0.15680000000065775	UpDownStatesTimeIntervals				UP	
29980.716	0.13119999999980791	UpDownStatesTimeIntervals				UP	
29981.04	0.3447999999989406	UpDownStatesTimeIntervals				UP	
29981.904	0.16500000000087311	HSETimeIntervals		29982.033	29981.9865		
29982.6184	0.1415999999990163	UpDownStatesTimeIntervals				UP	
29984.247	0.0970000000015716	HSETimeIntervals		29984.309	29984.2955		
29987.0496	0.20240000000194414	UpDownStatesTimeIntervals				UP	
29987.4096	0.07760000000052969	UpDownStatesTimeIntervals				DOWN	
29987.514	0.15999999999985448	HSETimeIntervals		29987.607	29987.594		
29988.0168	0.24239999999917927	UpDownStatesTimeIntervals				UP	
29989.012	0.21520000000236905	UpDownStatesTimeIntervals				UP	
29989.4544	0.22960000000239233	UpDownStatesTimeIntervals				UP	
29990.754	0.22399999999834108	HSETimeIntervals		29990.831000000002	29990.866		
29991.134000000002	0.4349999999976717	HSETimeIntervals		29991.372	29991.3515		
29991.7456	0.0904000000009546	UpDownStatesTimeIntervals				UP	
29992.106	0.17799999999988358	HSETimeIntervals		29992.247	29992.195		
29992.2872	0.23919999999998254	UpDownStatesTimeIntervals				UP	
29992.8544	0.24239999999917927	UpDownStatesTimeIntervals				UP	
29993.075	0.07800000000133878	HSETimeIntervals		29993.115	29993.114		
29993.356	0.0790000000015425	HSETimeIntervals		29993.395	29993.3955		
29993.58	0.12299999999959255	HSETimeIntervals		29993.64	29993.6415		
29994.692	0.12800000000061118	HSETimeIntervals		29994.743000000002	29994.755999999998		
29995.046000000002	0.07899999999790452	HSETimeIntervals		29995.086	29995.0855		
29995.269	0.30199999999967986	HSETimeIntervals		29995.307	29995.420000000002		
29998.262	0.22600000000238651	HSETimeIntervals		29998.444	29998.375		
29998.718	0.09799999999813735	HSETimeIntervals		29998.773	29998.767		
29999.932	0.14099999999962165	HSETimeIntervals		29999.995	30000.002500000002		
30004.242000000002	0.0959999999977299	HSETimeIntervals		30004.289	30004.29		
30006.964	0.08000000000174623	HSETimeIntervals		30007.004	30007.004		
30007.075	0.22000000000116415	HSETimeIntervals		30007.260000000002	30007.185		
30007.396	0.11200000000098953	HSETimeIntervals		30007.443	30007.452		
30009.535	0.11899999999877764	HSETimeIntervals		30009.591	30009.5945		
30014.668	0.1503999999986263	UpDownStatesTimeIntervals				UP	
30016.087	0.09900000000197906	HSETimeIntervals		30016.127	30016.1365		
30019.085	0.1110000000007858	HSETimeIntervals		30019.127	30019.140499999998		
30020.5352	0.23360000000320724	UpDownStatesTimeIntervals				UP	
30021.648	0.38699999999880674	HSETimeIntervals		30021.838	30021.841500000002		
30022.231	0.17599999999947613	HSETimeIntervals		30022.346	30022.319		
30022.435	0.24199999999837019	HSETimeIntervals		30022.613	30022.556		
30022.802	0.3780000000006112	HSETimeIntervals		30023.019	30022.990999999998		
30026.476	0.1040000000029977	HSETimeIntervals		30026.518	30026.528		
30028.599000000002	0.08599999999933061	HSETimeIntervals		30028.652000000002	30028.642000000003		
30031.802	0.17100000000209548	HSETimeIntervals		30031.881	30031.8875		
30032.654	0.0970000000015716	HSETimeIntervals		30032.713	30032.7025		
30033.618000000002	0.12199999999938882	HSETimeIntervals		30033.666	30033.679000000004		
30033.752	0.10099999999874854	HSETimeIntervals		30033.798	30033.8025		
30034.043	0.2959999999984575	HSETimeIntervals		30034.276	30034.191000000003		
30034.691	0.08000000000174623	HSETimeIntervals		30034.734	30034.731		
30035.66	0.10399999999935972	HSETimeIntervals		30035.707000000002	30035.712		
30037.061	0.12600000000020373	HSETimeIntervals		30037.144	30037.124		
30037.596	0.14899999999761349	HSETimeIntervals		30037.706000000002	30037.6705		
30037.891	0.22999999999956344	HSETimeIntervals		30038.067	30038.006		
30038.325	0.47299999999813735	HSETimeIntervals		30038.485	30038.5615		
30038.9744	0.11679999999978463	UpDownStatesTimeIntervals				DOWN	
30038.984	0.35900000000037835	HSETimeIntervals		30039.061	30039.1635		
30039.424	0.399199999999837	UpDownStatesTimeIntervals				UP	
30041.3328	0.33439999999973224	UpDownStatesTimeIntervals				UP	
30041.907	0.21900000000096043	HSETimeIntervals		30042.055	30042.016499999998		
30042.2992	0.23119999999835272	UpDownStatesTimeIntervals				UP	
30042.9736	0.06799999999930151	RippleTimeIntervals		30042.984			
30043.0624	0.053600000002916204	UpDownStatesTimeIntervals				DOWN	
30043.116	0.1591999999982363	UpDownStatesTimeIntervals				UP	
30043.6024	0.1320000000014261	UpDownStatesTimeIntervals				UP	
30043.672	0.20900000000256114	HSETimeIntervals		30043.715	30043.7765		
30045.5368	0.10799999999653664	UpDownStatesTimeIntervals				UP	
30048.615	0.3209999999999127	HSETimeIntervals		30048.779	30048.775500000003		
30049.481	0.18100000000049477	HSETimeIntervals		30049.616	30049.5715		
30050.7808	0.16240000000107102	UpDownStatesTimeIntervals				UP	
30051.07	0.08399999999892316	HSETimeIntervals		30051.118000000002	30051.112		
30051.517	0.05800000000090222	HSETimeIntervals		30051.544	30051.546		
30052.491	0.1389999999992142	HSETimeIntervals		30052.595	30052.560500000003		
30053.7856	0.17360000000189757	UpDownStatesTimeIntervals				UP	
30055.7448	0.2687999999980093	UpDownStatesTimeIntervals				UP	
30056.256	0.375	HSETimeIntervals		30056.319	30056.4435		
30058.665	0.08399999999892316	HSETimeIntervals		30058.708	30058.707000000002		
30059.261000000002	0.20399999999790452	HSETimeIntervals		30059.361	30059.363		
30059.704	0.13599999999860302	HSETimeIntervals		30059.75	30059.772		
30060.132	0.08799999999973807	HSETimeIntervals		30060.19	30060.176000000003		
30060.437	0.24799999999959255	HSETimeIntervals		30060.510000000002	30060.561		
30061.456000000002	0.09399999999732245	HSETimeIntervals		30061.506	30061.503		
30063.082000000002	0.10299999999915599	HSETimeIntervals		30063.127	30063.133500000004		
30063.251	0.07600000000093132	HSETimeIntervals		30063.288	30063.289		
30064.3	0.07300000000032014	HSETimeIntervals		30064.338	30064.336499999998		
30066.544	0.1430000000000291	HSETimeIntervals		30066.64	30066.6155		
30067.073	0.17399999999906868	HSETimeIntervals		30067.126	30067.16		
30068.229	0.1610000000000582	HSETimeIntervals		30068.281	30068.3095		
30069.696	0.17799999999988358	HSETimeIntervals		30069.738	30069.785		
30070.2648	0.31999999999970896	UpDownStatesTimeIntervals				UP	
30070.393	0.10000000000218279	HSETimeIntervals		30070.461	30070.443		
30071.1848	0.16159999999945285	UpDownStatesTimeIntervals				DOWN	
30072.448	0.11699999999837019	HSETimeIntervals		30072.504	30072.5065		
30072.5856	0.14160000000265427	UpDownStatesTimeIntervals				DOWN	
30072.7272	0.29359999999724096	UpDownStatesTimeIntervals				UP	
30072.963	0.38500000000203727	HSETimeIntervals		30073.31	30073.1555		
30073.7528	0.09760000000096625	UpDownStatesTimeIntervals				DOWN	
30076.355	0.10900000000037835	HSETimeIntervals		30076.422	30076.409499999998		
30078.632	0.0819999999985157	HSETimeIntervals		30078.68	30078.673000000003		
30079.005	0.13699999999880674	HSETimeIntervals		30079.061	30079.073500000002		
30082.347	0.09399999999732245	HSETimeIntervals		30082.407	30082.394		
30082.574	0.08499999999912689	HSETimeIntervals		30082.623	30082.6165		
30084.584	0.06800000000293949	HSETimeIntervals		30084.619	30084.618		
30084.951	0.10900000000037835	HSETimeIntervals		30085.004	30085.0055		
30087.152000000002	0.10800000000017462	HSETimeIntervals		30087.213	30087.206000000002		
30089.006	0.11699999999837019	HSETimeIntervals		30089.069	30089.0645		
30089.856	0.1569999999992433	HSETimeIntervals		30089.902000000002	30089.9345		
30090.226	0.22300000000177533	HSETimeIntervals		30090.373	30090.337499999998		
30091.619	0.1720000000022992	HSETimeIntervals		30091.756	30091.704999999998		
30092.953	0.08799999999973807	HSETimeIntervals		30092.992000000002	30092.997000000003		
30093.86	0.21900000000096043	HSETimeIntervals		30094.026	30093.9695		
30094.2928	0.26480000000083237	UpDownStatesTimeIntervals				DOWN	
30094.7128	0.23919999999998254	UpDownStatesTimeIntervals				UP	
30095.1088	0.06319999999686843	UpDownStatesTimeIntervals				DOWN	
30095.184	0.19700000000011642	HSETimeIntervals		30095.342	30095.2825		
30095.553	0.23700000000098953	HSETimeIntervals		30095.628	30095.6715		
30095.855	0.09600000000136788	HSETimeIntervals		30095.892	30095.903		
30097.147	0.09999999999854481	HSETimeIntervals		30097.187	30097.197		
30097.65	0.30500000000029104	HSETimeIntervals		30097.691	30097.8025		
30098.323	0.0970000000015716	HSETimeIntervals		30098.385000000002	30098.3715		
30098.574	0.0750000000007276	HSETimeIntervals		30098.614	30098.6115		
30099.351	0.11400000000139698	HSETimeIntervals		30099.39	30099.408		
30100.315	0.32400000000052387	HSETimeIntervals		30100.476	30100.477		
30100.815	0.09500000000116415	HSETimeIntervals		30100.856	30100.8625		
30103.436	0.23699999999735155	HSETimeIntervals		30103.468	30103.554500000002		
30105.5992	0.1264000000010128	UpDownStatesTimeIntervals				UP	
30105.785	0.12199999999938882	HSETimeIntervals		30105.87	30105.846		
30106.248	0.0970000000015716	HSETimeIntervals		30106.291	30106.2965		
30106.629	0.0750000000007276	HSETimeIntervals		30106.676	30106.6665		
30107.228	0.2930000000014843	HSETimeIntervals		30107.265	30107.374499999998		
30109.618000000002	0.08699999999953434	HSETimeIntervals		30109.666	30109.661500000002		
30111.079	0.10399999999935972	HSETimeIntervals		30111.13	30111.131		
30111.858	0.11899999999877764	HSETimeIntervals		30111.935	30111.9175		
30112.446	0.08599999999933061	HSETimeIntervals		30112.501	30112.489		
30112.682	0.09400000000096043	HSETimeIntervals		30112.741	30112.729		
30112.82	0.1069999999999709	HSETimeIntervals		30112.879	30112.8735		
30112.948	0.062000000001717126	HSETimeIntervals		30112.981	30112.979		
30113.475000000002	0.25399999999717693	HSETimeIntervals		30113.61	30113.602000000003		
30113.758	0.31999999999970896	HSETimeIntervals		30113.959	30113.918		
30115.567	0.11000000000058208	HSETimeIntervals		30115.626	30115.622		
30116.915	0.30600000000049477	HSETimeIntervals		30117.19	30117.068		
30117.269	0.11700000000200816	HSETimeIntervals		30117.356	30117.3275		
30117.626	0.11899999999877764	HSETimeIntervals		30117.703	30117.6855		
30117.769	0.10199999999895226	HSETimeIntervals		30117.821	30117.82		
30117.891	0.2849999999998545	HSETimeIntervals		30117.951	30118.0335		
30120.874	0.3680000000022119	HSETimeIntervals		30121.175	30121.058		
30122.155	0.0790000000015425	HSETimeIntervals		30122.197	30122.194499999998		
30122.719	0.10599999999976717	HSETimeIntervals		30122.793	30122.772		
30122.866	0.2789999999986321	HSETimeIntervals		30123.065	30123.005500000003		
30123.285	0.2109999999993306	HSETimeIntervals		30123.455	30123.3905		
30124.055	0.08799999999973807	HSETimeIntervals		30124.091	30124.099000000002		
30124.22	0.32400000000052387	HSETimeIntervals		30124.341	30124.382		
30124.58	0.07099999999991269	HSETimeIntervals		30124.611	30124.615500000004		
30127.384000000002	0.09000000000014552	HSETimeIntervals		30127.422	30127.429		
30127.549	0.09500000000116415	HSETimeIntervals		30127.606	30127.5965		
30127.907	0.11300000000119326	HSETimeIntervals		30127.945	30127.963499999998		
30128.639	0.07600000000093132	HSETimeIntervals		30128.677	30128.677		
30128.888	0.11800000000221189	HSETimeIntervals		30128.956000000002	30128.947		
30129.372	0.14800000000104774	HSETimeIntervals		30129.408	30129.446		
30133.519	0.2959999999984575	HSETimeIntervals		30133.732	30133.667		
30133.859	0.11300000000119326	HSETimeIntervals		30133.927	30133.9155		
30135.46	0.21500000000014552	HSETimeIntervals		30135.506	30135.567499999997		
30139.502	0.10599999999976717	HSETimeIntervals		30139.548	30139.555		
30142.447	0.08799999999973807	HSETimeIntervals		30142.492000000002	30142.491		
30142.817	0.0790000000015425	HSETimeIntervals		30142.858	30142.856499999998		
30144.1992	0.1543999999994412	UpDownStatesTimeIntervals				UP	
30146.854	0.06600000000253203	HSETimeIntervals		30146.89	30146.887		
30147.665	0.113999999997759	HSETimeIntervals		30147.732	30147.722		
30148.696	0.10599999999976717	HSETimeIntervals		30148.754	30148.749		
30149.264	0.13900000000285218	HSETimeIntervals		30149.309	30149.3335		
30150.291	0.25	HSETimeIntervals		30150.379	30150.416		
30150.62	0.32300000000032014	HSETimeIntervals		30150.819	30150.781499999997		
30151.260000000002	0.23099999999976717	HSETimeIntervals		30151.402000000002	30151.375500000002		
30152.4688	0.23440000000118744	UpDownStatesTimeIntervals				UP	
30154.151	0.15999999999985448	HSETimeIntervals		30154.267	30154.231000000003		
30155.515	0.1430000000000291	HSETimeIntervals		30155.63	30155.586499999998		
30156.743000000002	0.4389999999984866	HSETimeIntervals		30156.913	30156.9625		
30157.964	0.1500000000014552	HSETimeIntervals		30157.999	30158.039		
30160.302	0.14400000000023283	HSETimeIntervals		30160.404	30160.374		
30161.600000000002	0.12099999999918509	HSETimeIntervals		30161.654	30161.6605		
30161.732	0.125	HSETimeIntervals		30161.786	30161.7945		
30162.868000000002	0.24899999999979627	HSETimeIntervals		30163.058	30162.992500000004		
30163.141	0.19100000000253203	HSETimeIntervals		30163.286	30163.2365		
30163.379	0.18300000000090222	HSETimeIntervals		30163.502	30163.4705		
30163.818	0.2640000000028522	HSETimeIntervals		30163.862	30163.95		
30165.3552	0.1639999999970314	UpDownStatesTimeIntervals				UP	
30167.58	0.2767999999996391	UpDownStatesTimeIntervals				UP	
30168.09	0.23900000000139698	HSETimeIntervals		30168.297	30168.2095		
30168.3688	0.2592000000004191	UpDownStatesTimeIntervals				UP	
30168.47	0.14500000000043656	HSETimeIntervals		30168.545000000002	30168.5425		
30169.5392	0.31999999999970896	UpDownStatesTimeIntervals				UP	
30170.356	0.053599999999278225	UpDownStatesTimeIntervals				DOWN	
30170.4096	0.30719999999928405	UpDownStatesTimeIntervals				UP	
30171.5416	0.2592000000004191	UpDownStatesTimeIntervals				UP	
30172.396	0.2327999999979511	UpDownStatesTimeIntervals				UP	
30173.3712	0.2055999999975029	UpDownStatesTimeIntervals				DOWN	
30173.5768	0.2760000000016589	UpDownStatesTimeIntervals				UP	
30174.225000000002	0.28699999999662396	HSETimeIntervals		30174.475000000002	30174.3685		
30174.813000000002	0.32699999999749707	HSETimeIntervals		30174.993000000002	30174.9765		
30175.5632	0.17199999999866122	UpDownStatesTimeIntervals				UP	
30176.1112	0.23040000000037253	UpDownStatesTimeIntervals				UP	
30178.986	0.10900000000037835	HSETimeIntervals		30179.036	30179.0405		
30179.969	0.16500000000087311	HSETimeIntervals		30180.018	30180.0515		
30180.853	0.12100000000282307	HSETimeIntervals		30180.941	30180.9135		
30180.992	0.14160000000265427	UpDownStatesTimeIntervals				UP	
30184.1912	0.22079999999914435	UpDownStatesTimeIntervals				UP	
30184.582000000002	0.1989999999968859	HSETimeIntervals		30184.74	30184.681500000002		
30186.2216	0.26480000000083237	UpDownStatesTimeIntervals				DOWN	
30186.4864	0.2095999999983178	UpDownStatesTimeIntervals				UP	
30188.974000000002	0.0779999999977008	HSETimeIntervals		30189.011000000002	30189.013000000003		
30189.701	0.15899999999965075	HSETimeIntervals		30189.791	30189.7805		
30189.87	0.4819999999999709	HSETimeIntervals		30190.079	30190.111		
30190.653000000002	0.1099999999969441	HSETimeIntervals		30190.696	30190.708000000002		
30191.8528	0.42480000000068685	UpDownStatesTimeIntervals				UP	
30192.9712	0.05280000000129803	UpDownStatesTimeIntervals				DOWN	
30193.017	0.24200000000200816	HSETimeIntervals		30193.213	30193.138		
30193.2336	0.25760000000082073	UpDownStatesTimeIntervals				UP	
30193.692	0.09100000000034925	HSETimeIntervals		30193.744	30193.7375		
30193.804	0.3169999999990978	HSETimeIntervals		30193.997	30193.9625		
30194.914	0.1290000000008149	HSETimeIntervals		30194.976	30194.9785		
30195.329	0.3719999999993888	HSETimeIntervals		30195.645	30195.515000000003		
30195.3608	0.1264000000010128	UpDownStatesTimeIntervals				UP	
30195.9472	0.2496000000028289	UpDownStatesTimeIntervals				UP	
30196.788	0.05519999999887659	UpDownStatesTimeIntervals				DOWN	
30200.883	0.21600000000034925	HSETimeIntervals		30201.037	30200.991		
30201.119	0.33500000000276486	HSETimeIntervals		30201.266	30201.2865		
30201.463	0.397000000000844	HSETimeIntervals		30201.805	30201.6615		
30203.157	0.15999999999985448	HSETimeIntervals		30203.217	30203.237		
30203.566	0.11000000000058208	HSETimeIntervals		30203.617000000002	30203.621		
30204.495	0.36200000000098953	HSETimeIntervals		30204.808	30204.676		
30204.91	0.4710000000013679	HSETimeIntervals		30205.196	30205.1455		
30205.491	0.091999999996915	HSETimeIntervals		30205.543	30205.537		
30205.632	0.26299999999901047	HSETimeIntervals		30205.83	30205.7635		
30205.947	0.21500000000014552	HSETimeIntervals		30206.125	30206.0545		
30207.31	0.16899999999805004	HSETimeIntervals		30207.411	30207.394500000002		
30208.14	0.2960000000020955	HSETimeIntervals		30208.232	30208.288		
30208.2472	0.591999999996915	UpDownStatesTimeIntervals				UP	
30209.258	0.10499999999956344	HSETimeIntervals		30209.298	30209.310500000003		
30209.5648	0.20799999999871943	UpDownStatesTimeIntervals				UP	
30209.583	0.11500000000160071	HSETimeIntervals		30209.664	30209.640499999998		
30209.8136	0.039999999997235136	UpDownStatesTimeIntervals				DOWN	
30210.308	0.17840000000069267	UpDownStatesTimeIntervals				UP	
30210.5	0.21700000000055297	HSETimeIntervals		30210.675	30210.6085		
30211.966	0.08799999999973807	HSETimeIntervals		30212.005	30212.010000000002		
30212.670000000002	0.4739999999983411	HSETimeIntervals		30212.988	30212.907000000003		
30213.769	0.10800000000017462	HSETimeIntervals		30213.833	30213.823		
30214.02	0.10199999999895226	HSETimeIntervals		30214.077	30214.071		
30214.777000000002	0.11099999999714782	HSETimeIntervals		30214.812	30214.8325		
30215.0504	0.1768000000010943	UpDownStatesTimeIntervals				UP	
30216.069	0.13300000000162981	HSETimeIntervals		30216.148	30216.1355		
30216.642	0.147000000000844	HSETimeIntervals		30216.707000000002	30216.7155		
30216.962	0.45600000000194996	HSETimeIntervals		30217.257	30217.19		
30217.46	0.08000000000174623	HSETimeIntervals		30217.49	30217.5		
30217.613	0.1290000000008149	HSETimeIntervals		30217.691	30217.6775		
30218.038	0.3029999999998836	HSETimeIntervals		30218.29	30218.1895		
30218.847	0.15899999999965075	HSETimeIntervals		30218.885000000002	30218.9265		
30220.103	0.08500000000276486	HSETimeIntervals		30220.149	30220.1455		
30220.239	0.19199999999909778	HSETimeIntervals		30220.279	30220.335000000003		
30220.4256	0.21680000000196742	UpDownStatesTimeIntervals				UP	
30220.716	0.08299999999871943	HSETimeIntervals		30220.764	30220.7575		
30221.5128	0.3919999999998254	UpDownStatesTimeIntervals				DOWN	
30221.923	0.07099999999991269	HSETimeIntervals		30221.954	30221.9585		
30222.678	0.13300000000162981	HSETimeIntervals		30222.783	30222.7445		
30223.678	0.11899999999877764	HSETimeIntervals		30223.726	30223.7375		
30223.852	0.10100000000238651	HSETimeIntervals		30223.895	30223.9025		
30224.425	0.1320000000014261	HSETimeIntervals		30224.462	30224.490999999998		
30225.108	0.1389999999992142	HSETimeIntervals		30225.15	30225.1775		
30225.261000000002	0.14299999999639113	HSETimeIntervals		30225.326	30225.3325		
30225.6792	0.10160000000178115	RippleTimeIntervals		30225.7632			
30226.203	0.36899999999877764	HSETimeIntervals		30226.263	30226.3875		
30227.3304	0.3824000000022352	UpDownStatesTimeIntervals				UP	
30227.8136	0.12159999999857973	UpDownStatesTimeIntervals				UP	
30229.3872	0.16239999999743304	UpDownStatesTimeIntervals				UP	
30229.84	0.2135999999991327	UpDownStatesTimeIntervals				UP	
30230.109	0.25500000000101863	HSETimeIntervals		30230.319	30230.2365		
30230.383	0.20999999999912689	HSETimeIntervals		30230.428	30230.488		
30230.7096	0.12480000000141445	UpDownStatesTimeIntervals				DOWN	
30230.8344	0.13439999999900465	UpDownStatesTimeIntervals				UP	
30234.522	0.14400000000023283	HSETimeIntervals		30234.623	30234.594		
30235.7952	0.15199999999822467	UpDownStatesTimeIntervals				UP	
30236.9352	0.21679999999832944	UpDownStatesTimeIntervals				UP	
30240.789	0.3440000000009604	HSETimeIntervals		30241.08	30240.961		
30242.46	0.11000000000058208	HSETimeIntervals		30242.497	30242.515		
30242.5216	0.21679999999832944	UpDownStatesTimeIntervals				UP	
30243.114	0.10800000000017462	HSETimeIntervals		30243.147	30243.168		
30244.614	0.08499999999912689	HSETimeIntervals		30244.665	30244.6565		
30244.853	0.0750000000007276	HSETimeIntervals		30244.892	30244.890499999998		
30245.420000000002	0.07999999999810825	HSETimeIntervals		30245.464	30245.460000000003		
30246.851	0.1040000000029977	HSETimeIntervals		30246.893	30246.903		
30247.134000000002	0.19099999999889405	HSETimeIntervals		30247.251	30247.2295		
30248.08	0.3319999999985157	HSETimeIntervals		30248.334	30248.246000000003		
30248.352	0.16719999999986612	UpDownStatesTimeIntervals				UP	
30248.636000000002	0.44799999999668216	HSETimeIntervals		30249.015	30248.86		
30251.2016	0.1496000000006461	UpDownStatesTimeIntervals				UP	
30253.651	0.22399999999834108	HSETimeIntervals		30253.826	30253.763000000003		
30253.925	0.11400000000139698	HSETimeIntervals		30254.004	30253.982		
30256.602	0.24100000000180444	HSETimeIntervals		30256.652000000002	30256.7225		
30256.855	0.3600000000005821	HSETimeIntervals		30257.174	30257.035		
30257.346	0.4389999999984866	HSETimeIntervals		30257.444	30257.5655		
30257.973	0.3849999999983993	HSETimeIntervals		30258.117000000002	30258.165500000003		
30259.731	0.08399999999892316	HSETimeIntervals		30259.788	30259.773		
30261.956000000002	0.19700000000011642	HSETimeIntervals		30262.115	30262.054500000002		
30266.287	0.12199999999938882	HSETimeIntervals		30266.325	30266.348		
30268.16	0.1110000000007858	HSETimeIntervals		30268.2	30268.2155		
30268.2304	0.1728000000002794	UpDownStatesTimeIntervals				UP	
30269.166	0.09899999999834108	HSETimeIntervals		30269.234	30269.215500000002		
30269.508	0.20199999999749707	HSETimeIntervals		30269.661	30269.609		
30271.1672	0.18879999999990105	UpDownStatesTimeIntervals				UP	
30271.364	0.1069999999999709	HSETimeIntervals		30271.417	30271.417500000003		
30274.001	0.08599999999933061	HSETimeIntervals		30274.047	30274.044		
30277.192	0.1069999999999709	HSETimeIntervals		30277.256	30277.2455		
30282.541	0.24199999999837019	HSETimeIntervals		30282.600000000002	30282.662		
30282.992000000002	0.4419999999990978	HSETimeIntervals		30283.052	30283.213000000003		
30285.039	0.2180000000007567	HSETimeIntervals		30285.079	30285.148		
30285.448	0.1709999999984575	HSETimeIntervals		30285.479	30285.5335		
30287.9704	0.24160000000119908	UpDownStatesTimeIntervals				UP	
30288.9232	0.23999999999796273	UpDownStatesTimeIntervals				UP	
30291.5744	0.13279999999940628	RippleTimeIntervals		30291.6888			
30292.144	0.127199999998993	UpDownStatesTimeIntervals				UP	
30293.474000000002	0.14499999999679858	HSETimeIntervals		30293.569	30293.5465		
30293.6288	0.13920000000143773	UpDownStatesTimeIntervals				UP	
30294.768	0.31920000000172877	UpDownStatesTimeIntervals				UP	
30295.7904	0.2680000000000291	UpDownStatesTimeIntervals				UP	
30296.1624	0.3319999999985157	UpDownStatesTimeIntervals				UP	
30297.108	0.07300000000032014	HSETimeIntervals		30297.143	30297.1445		
30297.306	0.21700000000055297	HSETimeIntervals		30297.464	30297.4145		
30297.7504	0.08320000000094296	UpDownStatesTimeIntervals				DOWN	
30297.8336	0.29759999999805586	UpDownStatesTimeIntervals				UP	
30299.4	0.34100000000034925	HSETimeIntervals		30299.65	30299.5705		
30299.965	0.12700000000040745	HSETimeIntervals		30300.043	30300.0285		
30301.164	0.16960000000108266	UpDownStatesTimeIntervals				UP	
30301.483	0.21700000000055297	HSETimeIntervals		30301.517	30301.5915		
30302.8808	0.27440000000206055	UpDownStatesTimeIntervals				UP	
30303.3224	0.14319999999861466	UpDownStatesTimeIntervals				UP	
30303.402000000002	0.09399999999732245	HSETimeIntervals		30303.439000000002	30303.449		
30304.3544	0.1503999999986263	UpDownStatesTimeIntervals				UP	
30305.172	0.14400000000023283	UpDownStatesTimeIntervals				UP	
30305.8864	0.03359999999884167	UpDownStatesTimeIntervals				DOWN	
30305.92	0.3768000000018219	UpDownStatesTimeIntervals				UP	
30309.272	0.21919999999954598	UpDownStatesTimeIntervals				UP	
30310.5208	0.29280000000289874	UpDownStatesTimeIntervals				UP	
30310.7704	0.11119999999937136	RippleTimeIntervals		30310.7848			
30312.972	0.14479999999821302	UpDownStatesTimeIntervals				UP	
30313.375	0.14800000000104774	HSETimeIntervals		30313.462	30313.449		
30314.552	0.08000000000174623	HSETimeIntervals		30314.594	30314.592		
30315.6192	0.32159999999930733	UpDownStatesTimeIntervals				UP	
30316.3456	0.16479999999864958	UpDownStatesTimeIntervals				UP	
30316.967	0.38000000000101863	HSETimeIntervals		30317.181	30317.157		
30318.352	0.16640000000188593	RippleTimeIntervals		30318.5056			
30318.644	0.30099999999947613	HSETimeIntervals		30318.692	30318.7945		
30318.9984	0.18079999999827123	UpDownStatesTimeIntervals				UP	
30321.215	0.07800000000133878	HSETimeIntervals		30321.255	30321.254		
30322.1336	0.21999999999752617	UpDownStatesTimeIntervals				UP	
30322.474000000002	0.24199999999837019	HSETimeIntervals		30322.523	30322.595		
30323.169	0.2139999999999418	HSETimeIntervals		30323.311	30323.276		
30323.859	0.35499999999956344	HSETimeIntervals		30324.121	30324.036500000002		
30324.3552	0.16079999999783468	UpDownStatesTimeIntervals				UP	
30324.7432	0.236799999998766	UpDownStatesTimeIntervals				UP	
30324.8904	0.05280000000129803	RippleTimeIntervals		30324.9272			
30325.1352	0.09360000000015134	RippleTimeIntervals		30325.2144			
30326.9792	0.2047999999995227	UpDownStatesTimeIntervals				UP	
30328.867000000002	0.09999999999854481	HSETimeIntervals		30328.906	30328.917		
30328.888	0.15040000000226428	UpDownStatesTimeIntervals				UP	
30329.6168	0.14400000000023283	UpDownStatesTimeIntervals				UP	
30330.0008	0.3319999999985157	UpDownStatesTimeIntervals				UP	
30331.2368	0.1455999999998312	UpDownStatesTimeIntervals				UP	
30331.2528	0.08720000000175787	RippleTimeIntervals		30331.3088			
30331.896	0.1368000000002212	UpDownStatesTimeIntervals				UP	
30333.368000000002	0.2739999999976135	HSETimeIntervals		30333.578	30333.505		
30334.4048	0.12559999999939464	UpDownStatesTimeIntervals				UP	
30335.3904	0.12960000000020955	UpDownStatesTimeIntervals				UP	
30336.0808	0.1543999999994412	UpDownStatesTimeIntervals				DOWN	
30336.2352	0.23840000000200234	UpDownStatesTimeIntervals				UP	
30336.7552	0.12399999999979627	UpDownStatesTimeIntervals				UP	
30339.5624	0.03200000000288128	UpDownStatesTimeIntervals				DOWN	
30339.8912	0.1368000000002212	UpDownStatesTimeIntervals				UP	
30342.082000000002	0.09999999999854481	HSETimeIntervals		30342.129	30342.132		
30342.884	0.15600000000267755	UpDownStatesTimeIntervals				UP	
30343.9688	0.1400000000030559	UpDownStatesTimeIntervals				UP	
30344.576	0.08599999999933061	HSETimeIntervals		30344.613	30344.619000000002		
30349.3264	0.3239999999968859	UpDownStatesTimeIntervals				DOWN	
30349.358	0.3349999999991269	HSETimeIntervals		30349.636000000002	30349.5255		
30349.9296	0.136000000002241	UpDownStatesTimeIntervals				UP	
30351.085	0.2319999999999709	HSETimeIntervals		30351.286	30351.201		
30352.178	0.21500000000014552	HSETimeIntervals		30352.333	30352.285499999998		
30353.332000000002	0.3429999999971187	HSETimeIntervals		30353.636000000002	30353.503500000003		
30354.128	0.11200000000098953	RippleTimeIntervals		30354.1992			
30355.1048	0.12879999999859137	UpDownStatesTimeIntervals				UP	
30356.4152	0.29439999999885913	UpDownStatesTimeIntervals				UP	
30358.011000000002	0.1349999999983993	HSETimeIntervals		30358.103	30358.078500000003		
30358.324	0.11039999999775318	UpDownStatesTimeIntervals				UP	
30358.8	0.38400000000183354	HSETimeIntervals		30359.027000000002	30358.992		
30359.32	0.14879999999902793	UpDownStatesTimeIntervals				DOWN	
30360.4864	0.13359999999738648	UpDownStatesTimeIntervals				UP	
30361.776	0.09200000000055297	HSETimeIntervals		30361.815	30361.822		
30362.421000000002	0.1989999999968859	HSETimeIntervals		30362.455	30362.520500000002		
30364.5432	0.12080000000059954	UpDownStatesTimeIntervals				UP	
30364.62	0.09120000000257278	RippleTimeIntervals		30364.6344			
30365.0544	0.12639999999737483	UpDownStatesTimeIntervals				UP	
30365.6208	0.1463999999978114	UpDownStatesTimeIntervals				UP	
30366.3144	0.21199999999953434	UpDownStatesTimeIntervals				UP	
30371.138	0.11400000000139698	HSETimeIntervals		30371.187	30371.195		
30371.3072	0.38320000000021537	UpDownStatesTimeIntervals				UP	
30371.9136	0.2007999999987078	UpDownStatesTimeIntervals				UP	
30372.7648	0.1728000000002794	UpDownStatesTimeIntervals				UP	
30373.4168	0.23440000000118744	UpDownStatesTimeIntervals				UP	
30375.075	0.08899999999994179	HSETimeIntervals		30375.117000000002	30375.1195		
30376.271	0.32700000000113505	HSETimeIntervals		30376.326	30376.4345		
30378.1992	0.1584000000002561	UpDownStatesTimeIntervals				UP	
30379.2504	0.4375999999974738	UpDownStatesTimeIntervals				DOWN	
30379.7816	0.1680000000014843	UpDownStatesTimeIntervals				UP	
30380.284	0.09500000000116415	HSETimeIntervals		30380.322	30380.3315		
30380.6408	0.17519999999785796	UpDownStatesTimeIntervals				UP	
30381.119	0.11500000000160071	HSETimeIntervals		30381.198	30381.176499999998		
30381.1552	0.2592000000004191	UpDownStatesTimeIntervals				UP	
30381.367000000002	0.1279999999969732	HSETimeIntervals		30381.429	30381.431		
30381.635000000002	0.4359999999978754	HSETimeIntervals		30382.041	30381.853000000003		
30385.192	0.2250000000021828	HSETimeIntervals		30385.358	30385.3045		
30385.705	0.22199999999793363	HSETimeIntervals		30385.778000000002	30385.816000000003		
30385.932	0.0911999999989348	RippleTimeIntervals		30386.0024			
30386.5184	0.1687999999994645	UpDownStatesTimeIntervals				UP	
30388.2976	0.2503999999971711	UpDownStatesTimeIntervals				UP	
30389.007	0.12099999999918509	HSETimeIntervals		30389.076	30389.0675		
30389.0824	0.1415999999990163	UpDownStatesTimeIntervals				UP	
30389.2984	0.3224000000009255	UpDownStatesTimeIntervals				DOWN	
30389.857	0.38100000000122236	HSETimeIntervals		30390.114	30390.0475		
30391.005	0.49799999999959255	HSETimeIntervals		30391.467	30391.254		
30391.5144	0.10320000000137952	UpDownStatesTimeIntervals				DOWN	
30391.54	0.10599999999976717	HSETimeIntervals		30391.608	30391.593		
30391.927	0.2999999999992724	HSETimeIntervals		30392.073	30392.077		
30392.0	0.1320000000014261	UpDownStatesTimeIntervals				UP	
30392.6792	0.29280000000289874	UpDownStatesTimeIntervals				UP	
30393.754	0.10599999999976717	HSETimeIntervals		30393.801	30393.807		
30393.8656	0.06559999999808497	UpDownStatesTimeIntervals				DOWN	
30394.072	0.13119999999980791	UpDownStatesTimeIntervals				UP	
30394.171000000002	0.10599999999976717	HSETimeIntervals		30394.223	30394.224000000002		
30394.7536	0.13759999999820138	UpDownStatesTimeIntervals				UP	
30395.263	0.15899999999965075	HSETimeIntervals		30395.293	30395.3425		
30398.4032	0.16159999999945285	UpDownStatesTimeIntervals				UP	
30398.9384	0.26480000000083237	UpDownStatesTimeIntervals				UP	
30400.728	0.2952000000004773	UpDownStatesTimeIntervals				UP	
30401.3064	0.26719999999841093	UpDownStatesTimeIntervals				UP	
30402.2016	0.23119999999835272	UpDownStatesTimeIntervals				UP	
30402.760000000002	0.17699999999967986	HSETimeIntervals		30402.843	30402.848500000004		
30403.376	0.06899999999950523	HSETimeIntervals		30403.412	30403.4105		
30403.882	0.125	HSETimeIntervals		30403.919	30403.9445		
30404.6576	0.27920000000085565	UpDownStatesTimeIntervals				UP	
30405.0776	0.17120000000068103	UpDownStatesTimeIntervals				UP	
30405.332000000002	0.47699999999895226	HSETimeIntervals		30405.638	30405.5705		
30408.021	0.2809999999990396	HSETimeIntervals		30408.141	30408.161500000002		
30408.4312	0.1687999999994645	UpDownStatesTimeIntervals				UP	
30409.2424	0.028000000002066372	UpDownStatesTimeIntervals				DOWN	
30409.7824	0.15999999999985448	UpDownStatesTimeIntervals				UP	
30410.7968	0.1415999999990163	UpDownStatesTimeIntervals				UP	
30412.53	0.15600000000267755	HSETimeIntervals		30412.655	30412.608		
30412.7864	0.06480000000010477	UpDownStatesTimeIntervals				DOWN	
30412.8512	0.46960000000035507	UpDownStatesTimeIntervals				UP	
30414.076	0.11999999999898137	UpDownStatesTimeIntervals				UP	
30414.167	0.40899999999965075	HSETimeIntervals		30414.291	30414.3715		
30414.844	0.10479999999733991	UpDownStatesTimeIntervals				UP	
30415.6224	0.22239999999874271	UpDownStatesTimeIntervals				DOWN	
30416.0184	0.2959999999984575	UpDownStatesTimeIntervals				UP	
30417.688000000002	0.08799999999973807	HSETimeIntervals		30417.731	30417.732000000004		
30418.31	0.1569999999992433	HSETimeIntervals		30418.426	30418.3885		
30418.5912	0.30240000000048894	UpDownStatesTimeIntervals				UP	
30420.0424	0.2496000000028289	UpDownStatesTimeIntervals				UP	
30420.688	0.136000000002241	UpDownStatesTimeIntervals				UP	
30420.869	0.1820000000006985	HSETimeIntervals		30420.931	30420.96		
30420.9744	0.3168000000005122	UpDownStatesTimeIntervals				UP	
30421.356	0.19499999999970896	HSETimeIntervals		30421.479	30421.4535		
30421.812	0.18699999999807915	HSETimeIntervals		30421.882	30421.9055		
30422.9416	0.1400000000030559	UpDownStatesTimeIntervals				UP	
30423.5008	0.14479999999821302	UpDownStatesTimeIntervals				UP	
30424.768	0.2139999999999418	HSETimeIntervals		30424.895	30424.875		
30426.169	0.09799999999813735	HSETimeIntervals		30426.207000000002	30426.218		
30426.276	0.18959999999788124	RippleTimeIntervals		30426.4528			
30428.0272	0.1823999999978696	UpDownStatesTimeIntervals				UP	
30428.4944	0.1640000000006694	UpDownStatesTimeIntervals				UP	
30428.96	0.19840000000112923	UpDownStatesTimeIntervals				UP	
30430.162	0.17399999999906868	HSETimeIntervals		30430.194	30430.249		
30430.1928	0.1856000000007043	UpDownStatesTimeIntervals				UP	
30430.355	0.11300000000119326	HSETimeIntervals		30430.395	30430.4115		
30432.52	0.4609999999993306	HSETimeIntervals		30432.829	30432.750500000002		
30433.2184	0.2647999999971944	UpDownStatesTimeIntervals				UP	
30433.8856	0.06480000000010477	UpDownStatesTimeIntervals				DOWN	
30434.2568	0.1088000000017928	UpDownStatesTimeIntervals				UP	
30437.5864	0.23040000000037253	UpDownStatesTimeIntervals				UP	
30438.553	0.08499999999912689	HSETimeIntervals		30438.605	30438.5955		
30439.216	0.07700000000113505	HSETimeIntervals		30439.256	30439.2545		
30439.3944	0.20239999999830616	UpDownStatesTimeIntervals				UP	
30439.7464	0.05280000000129803	UpDownStatesTimeIntervals				DOWN	
30440.5792	0.10640000000057626	UpDownStatesTimeIntervals				DOWN	
30440.7408	0.28880000000208383	UpDownStatesTimeIntervals				UP	
30443.654	0.158000000003085	HSETimeIntervals		30443.697	30443.733		
30443.6544	0.17120000000068103	UpDownStatesTimeIntervals				UP	
30444.62	0.13760000000183936	UpDownStatesTimeIntervals				UP	
30445.815	0.4800000000032014	HSETimeIntervals		30446.19	30446.055		
30450.7136	0.17120000000068103	UpDownStatesTimeIntervals				UP	
30452.991	0.08899999999994179	HSETimeIntervals		30453.045000000002	30453.0355		
30454.423	0.0930000000007567	HSETimeIntervals		30454.477	30454.4695		
30454.6928	0.19039999999949941	UpDownStatesTimeIntervals				UP	
30456.2296	0.20080000000234577	UpDownStatesTimeIntervals				UP	
30456.8544	0.10399999999935972	UpDownStatesTimeIntervals				UP	
30457.452	0.18879999999990105	UpDownStatesTimeIntervals				UP	
30458.868	0.23680000000240398	UpDownStatesTimeIntervals				UP	
30459.516	0.20500000000174623	HSETimeIntervals		30459.554	30459.6185		
30460.327	0.08799999999973807	HSETimeIntervals		30460.367000000002	30460.371000000003		
30460.4056	0.3360000000029686	UpDownStatesTimeIntervals				UP	
30461.04	0.22000000000116415	HSETimeIntervals		30461.186	30461.15		
30461.404	0.15440000000307919	UpDownStatesTimeIntervals				UP	
30463.251	0.14199999999982538	HSETimeIntervals		30463.352	30463.322		
30463.416	0.12199999999938882	HSETimeIntervals		30463.452	30463.477000000003		
30463.555	0.11200000000098953	HSETimeIntervals		30463.622	30463.611		
30464.034	0.12099999999918509	HSETimeIntervals		30464.088	30464.0945		
30464.209	0.38000000000101863	HSETimeIntervals		30464.476	30464.398999999998		
30464.783	0.14400000000023283	HSETimeIntervals		30464.828	30464.855		
30465.3016	0.15120000000024447	UpDownStatesTimeIntervals				UP	
30466.2168	0.11040000000139116	UpDownStatesTimeIntervals				UP	
30466.6432	0.26239999999961583	UpDownStatesTimeIntervals				UP	
30467.833	0.12700000000040745	HSETimeIntervals		30467.88	30467.8965		
30468.2272	0.07679999999891152	RippleTimeIntervals		30468.24			
30468.314000000002	0.07499999999708962	HSETimeIntervals		30468.355	30468.3515		
30468.414	0.09400000000096043	HSETimeIntervals		30468.453	30468.461		
30468.789	0.17799999999988358	HSETimeIntervals		30468.834	30468.878		
30468.8944	0.28960000000006403	UpDownStatesTimeIntervals				UP	
30469.186	0.09000000000014552	HSETimeIntervals		30469.24	30469.231		
30469.931	0.11899999999877764	HSETimeIntervals		30469.969	30469.9905		
30470.721	0.31599999999889405	HSETimeIntervals		30470.755	30470.879		
30471.4072	0.1503999999986263	UpDownStatesTimeIntervals				UP	
30472.1216	0.20319999999992433	UpDownStatesTimeIntervals				UP	
30472.536	0.3967999999986205	UpDownStatesTimeIntervals				UP	
30472.901	0.19900000000052387	HSETimeIntervals		30473.066	30473.000500000002		
30473.3152	0.20720000000073924	UpDownStatesTimeIntervals				UP	
30473.601	0.09100000000034925	HSETimeIntervals		30473.658	30473.6465		
30474.3824	0.25680000000284053	UpDownStatesTimeIntervals				UP	
30475.064000000002	0.2209999999977299	HSETimeIntervals		30475.149	30475.1745		
30477.169	0.23599999999714782	HSETimeIntervals		30477.359	30477.287		
30479.5704	0.20720000000073924	UpDownStatesTimeIntervals				DOWN	
30479.94	0.1224000000001979	UpDownStatesTimeIntervals				UP	
30482.1784	0.1503999999986263	UpDownStatesTimeIntervals				UP	
30482.451	0.13000000000101863	HSETimeIntervals		30482.502	30482.516		
30482.647	0.13799999999901047	HSETimeIntervals		30482.709	30482.716		
30482.7376	0.3503999999993539	UpDownStatesTimeIntervals				UP	
30483.1248	0.15359999999782303	UpDownStatesTimeIntervals				DOWN	
30484.16	0.1775999999990745	UpDownStatesTimeIntervals				UP	
30484.416	0.21199999999953434	UpDownStatesTimeIntervals				DOWN	
30484.628	0.17439999999987776	UpDownStatesTimeIntervals				UP	
30485.034	0.2250000000021828	HSETimeIntervals		30485.086	30485.1465		
30485.8896	0.23280000000158907	UpDownStatesTimeIntervals				UP	
30487.141	0.0790000000015425	HSETimeIntervals		30487.181	30487.1805		
30487.1504	0.2680000000000291	UpDownStatesTimeIntervals				UP	
30488.514	0.3960000000006403	HSETimeIntervals		30488.831000000002	30488.712		
30490.353	0.08899999999994179	HSETimeIntervals		30490.409	30490.3975		
30490.52	0.1110000000007858	HSETimeIntervals		30490.579	30490.5755		
30491.029	0.08500000000276486	HSETimeIntervals		30491.067	30491.0715		
30491.826	0.20599999999831198	HSETimeIntervals		30491.989	30491.929		
30492.087	0.10000000000218279	HSETimeIntervals		30492.152000000002	30492.137		
30493.083	0.14900000000125146	HSETimeIntervals		30493.12	30493.157499999998		
30496.4624	0.21440000000075088	UpDownStatesTimeIntervals				UP	
30497.2504	0.13599999999860302	UpDownStatesTimeIntervals				UP	
30497.5352	0.06800000000293949	UpDownStatesTimeIntervals				DOWN	
30498.292	0.24319999999715947	UpDownStatesTimeIntervals				UP	
30498.8024	0.10640000000057626	UpDownStatesTimeIntervals				DOWN	
30498.804	0.2989999999990687	HSETimeIntervals		30499.073	30498.9535		
30499.308	0.13279999999940628	UpDownStatesTimeIntervals				UP	
30500.072	0.16719999999986612	UpDownStatesTimeIntervals				UP	
30500.5976	0.15199999999822467	UpDownStatesTimeIntervals				DOWN	
30501.028000000002	0.10099999999874854	HSETimeIntervals		30501.076	30501.078500000003		
30501.81	0.10299999999915599	HSETimeIntervals		30501.844	30501.861500000003		
30504.5392	0.22479999999995925	UpDownStatesTimeIntervals				UP	
30506.1928	0.13279999999940628	UpDownStatesTimeIntervals				UP	
30506.622	0.2510000000002037	HSETimeIntervals		30506.779	30506.747499999998		
30511.331000000002	0.08299999999871943	HSETimeIntervals		30511.378	30511.3725		
30511.9784	0.1368000000002212	UpDownStatesTimeIntervals				UP	
30517.6728	0.18960000000151922	UpDownStatesTimeIntervals				UP	
30521.94	0.15500000000247383	HSETimeIntervals		30522.034	30522.017499999998		
30523.350000000002	0.13699999999880674	HSETimeIntervals		30523.432	30523.418500000003		
30525.5008	0.32639999999810243	UpDownStatesTimeIntervals				UP	
30526.11	0.0930000000007567	HSETimeIntervals		30526.170000000002	30526.1565		
30526.9936	0.15199999999822467	UpDownStatesTimeIntervals				UP	
30527.095	0.17299999999886495	HSETimeIntervals		30527.237	30527.181500000002		
30527.625	0.11600000000180444	HSETimeIntervals		30527.696	30527.683		
30527.736	0.25279999999838765	UpDownStatesTimeIntervals				UP	
30527.927	0.08699999999953434	HSETimeIntervals		30527.972	30527.9705		
30528.382	0.28800000000046566	HSETimeIntervals		30528.510000000002	30528.526		
30528.388	0.2352000000028056	UpDownStatesTimeIntervals				UP	
30528.671000000002	0.12099999999918509	HSETimeIntervals		30528.758	30528.7315		
30528.934	0.20499999999810825	HSETimeIntervals		30528.992000000002	30529.036500000002		
30532.531	0.35200000000259024	HSETimeIntervals		30532.581000000002	30532.707		
30535.224000000002	0.22699999999895226	HSETimeIntervals		30535.311	30535.3375		
30535.497	0.13999999999941792	HSETimeIntervals		30535.575	30535.567		
30535.8768	0.24400000000241562	UpDownStatesTimeIntervals				UP	
30537.169	0.07899999999790452	HSETimeIntervals		30537.212	30537.2085		
30537.427	0.08899999999994179	HSETimeIntervals		30537.469	30537.4715		
30538.218	0.18500000000130967	HSETimeIntervals		30538.311	30538.3105		
30539.351	0.06700000000273576	HSETimeIntervals		30539.382	30539.3845		
30539.473	0.21500000000014552	HSETimeIntervals		30539.544	30539.5805		
30539.756	0.3440000000009604	HSETimeIntervals		30540.058	30539.928		
30540.734	0.0930000000007567	HSETimeIntervals		30540.777000000002	30540.7805		
30540.895	0.2249999999985448	HSETimeIntervals		30541.054	30541.0075		
30541.9688	0.24320000000079744	UpDownStatesTimeIntervals				UP	
30542.5488	0.11439999999856809	UpDownStatesTimeIntervals				UP	
30542.7288	0.08159999999770662	UpDownStatesTimeIntervals				DOWN	
30543.112	0.13919999999779975	UpDownStatesTimeIntervals				UP	
30543.9896	0.12559999999939464	UpDownStatesTimeIntervals				UP	
30545.9144	0.15999999999985448	UpDownStatesTimeIntervals				UP	
30546.056	0.3169999999990978	HSETimeIntervals		30546.313000000002	30546.214500000002		
30546.9128	0.15200000000186265	UpDownStatesTimeIntervals				UP	
30548.477	0.10900000000037835	HSETimeIntervals		30548.543	30548.531499999997		
30548.667	0.08499999999912689	HSETimeIntervals		30548.709	30548.7095		
30550.652000000002	0.11499999999796273	HSETimeIntervals		30550.734	30550.7095		
30550.788	0.35900000000037835	HSETimeIntervals		30550.939000000002	30550.9675		
30551.172	0.29280000000289874	UpDownStatesTimeIntervals				UP	
30551.471	0.08699999999953434	HSETimeIntervals		30551.504	30551.5145		
30551.701	0.07300000000032014	HSETimeIntervals		30551.739	30551.7375		
30552.071	0.39500000000043656	HSETimeIntervals		30552.262	30552.2685		
30552.491	0.3109999999978754	HSETimeIntervals		30552.544	30552.646500000003		
30552.936	0.4650000000001455	HSETimeIntervals		30553.125	30553.1685		
30554.619	0.09900000000197906	HSETimeIntervals		30554.667	30554.6685		
30555.368	0.2360000000007858	UpDownStatesTimeIntervals				UP	
30555.7728	0.3624000000017986	UpDownStatesTimeIntervals				UP	
30556.392	0.26160000000163564	UpDownStatesTimeIntervals				UP	
30556.401	0.19099999999889405	HSETimeIntervals		30556.479	30556.4965		
30556.7288	0.09920000000056461	UpDownStatesTimeIntervals				DOWN	
30557.08	0.09799999999813735	HSETimeIntervals		30557.132	30557.129		
30557.208	0.17300000000250293	HSETimeIntervals		30557.329	30557.2945		
30557.6736	0.13040000000182772	UpDownStatesTimeIntervals				UP	
30562.789	0.06799999999930151	HSETimeIntervals		30562.823	30562.823		
30563.420000000002	0.09799999999813735	HSETimeIntervals		30563.48	30563.469		
30565.139	0.13500000000203727	HSETimeIntervals		30565.215	30565.2065		
30565.7864	0.21279999999751453	RippleTimeIntervals		30565.9136			
30566.0288	0.14240000000063446	UpDownStatesTimeIntervals				UP	
30566.6568	0.22239999999874271	UpDownStatesTimeIntervals				UP	
30568.8472	0.1264000000010128	UpDownStatesTimeIntervals				UP	
30569.8424	0.06480000000010477	UpDownStatesTimeIntervals				DOWN	
30570.4856	0.06799999999930151	UpDownStatesTimeIntervals				DOWN	
30570.848	0.16959999999744468	UpDownStatesTimeIntervals				UP	
30570.997	0.09900000000197906	HSETimeIntervals		30571.063000000002	30571.0465		
30572.6888	0.11999999999898137	UpDownStatesTimeIntervals				UP	
30572.827	0.08799999999973807	HSETimeIntervals		30572.882	30572.871000000003		
30574.487	0.0930000000007567	HSETimeIntervals		30574.551	30574.5335		
30575.361	0.11799999999857391	HSETimeIntervals		30575.435	30575.420000000002		
30576.8864	0.13520000000062282	UpDownStatesTimeIntervals				UP	
30576.954	0.12199999999938882	HSETimeIntervals		30577.010000000002	30577.015000000003		
30577.600000000002	0.08599999999933061	HSETimeIntervals		30577.638	30577.643000000004		
30577.736	0.04799999999886495	UpDownStatesTimeIntervals				DOWN	
30578.486	0.12700000000040745	HSETimeIntervals		30578.543	30578.5495		
30579.3576	0.06720000000132131	UpDownStatesTimeIntervals				DOWN	
30579.4248	0.15199999999822467	UpDownStatesTimeIntervals				UP	
30579.8832	0.26559999999881256	UpDownStatesTimeIntervals				UP	
30580.196	0.1069999999999709	HSETimeIntervals		30580.267	30580.2495		
30580.749	0.12099999999918509	HSETimeIntervals		30580.839	30580.8095		
30580.9256	0.13119999999980791	UpDownStatesTimeIntervals				DOWN	
30581.0568	0.25680000000284053	UpDownStatesTimeIntervals				UP	
30581.656	0.11000000000058208	HSETimeIntervals		30581.723	30581.711		
30582.244	0.13500000000203727	HSETimeIntervals		30582.284	30582.3115		
30582.519	0.1389999999992142	HSETimeIntervals		30582.62	30582.5885		
30582.8544	0.11200000000098953	UpDownStatesTimeIntervals				UP	
30583.267	0.12800000000061118	HSETimeIntervals		30583.358	30583.331		
30585.786	0.3440000000009604	HSETimeIntervals		30586.08	30585.958		
30586.172	0.2000000000007276	HSETimeIntervals		30586.218	30586.271999999997		
30587.0816	0.1863999999986845	UpDownStatesTimeIntervals				UP	
30587.1544	0.09200000000055297	RippleTimeIntervals		30587.2216			
30587.4096	0.18319999999948777	RippleTimeIntervals		30587.5552			
30587.644	0.15899999999965075	HSETimeIntervals		30587.752	30587.7235		
30587.808	0.21679999999832944	UpDownStatesTimeIntervals				UP	
30590.193	0.16600000000107684	HSETimeIntervals		30590.227	30590.275999999998		
30591.252	0.20300000000133878	HSETimeIntervals		30591.299	30591.3535		
30593.1256	0.1088000000017928	UpDownStatesTimeIntervals				UP	
30593.7032	0.1503999999986263	UpDownStatesTimeIntervals				UP	
30593.8888	0.5256000000008498	UpDownStatesTimeIntervals				DOWN	
30594.4144	0.2863999999972293	UpDownStatesTimeIntervals				UP	
30594.972	0.07359999999971478	UpDownStatesTimeIntervals				DOWN	
30597.724000000002	0.09899999999834108	HSETimeIntervals		30597.768	30597.773500000003		
30600.2344	0.22399999999834108	UpDownStatesTimeIntervals				UP	
30600.616	0.16639999999824795	UpDownStatesTimeIntervals				DOWN	
30600.9664	0.2143999999971129	UpDownStatesTimeIntervals				UP	
30601.166	0.2779999999984284	HSETimeIntervals		30601.245	30601.305		
30601.5256	0.13039999999818974	RippleTimeIntervals		30601.6088			
30601.6408	0.263199999997596	UpDownStatesTimeIntervals				UP	
30602.2408	0.12800000000061118	UpDownStatesTimeIntervals				UP	
30603.6368	0.14400000000023283	UpDownStatesTimeIntervals				UP	
30607.4616	0.09200000000055297	RippleTimeIntervals		30607.4888			
30607.568	0.22000000000116415	UpDownStatesTimeIntervals				UP	
30607.764	0.11500000000160071	HSETimeIntervals		30607.804	30607.8215		
30609.38	0.12800000000061118	HSETimeIntervals		30609.47	30609.444		
30610.1168	0.32400000000052387	UpDownStatesTimeIntervals				UP	
30610.9528	0.10480000000097789	RippleTimeIntervals		30611.0208			
30610.9544	0.14160000000265427	UpDownStatesTimeIntervals				UP	
30611.908	0.03840000000127475	UpDownStatesTimeIntervals				DOWN	
30611.94	0.1820000000006985	HSETimeIntervals		30611.984	30612.031		
30611.9464	0.1319999999977881	UpDownStatesTimeIntervals				UP	
30612.5272	0.13360000000102445	UpDownStatesTimeIntervals				UP	
30615.352	0.07099999999991269	HSETimeIntervals		30615.387	30615.3875		
30617.3976	0.20639999999912106	UpDownStatesTimeIntervals				UP	
30618.5456	0.27039999999760767	UpDownStatesTimeIntervals				DOWN	
30618.816	0.16159999999945285	UpDownStatesTimeIntervals				UP	
30622.6216	0.1368000000002212	UpDownStatesTimeIntervals				UP	
30623.837	0.09200000000055297	HSETimeIntervals		30623.871	30623.882999999998		
30623.978	0.15500000000247383	HSETimeIntervals		30624.05	30624.0555		
30624.108	0.17199999999866122	UpDownStatesTimeIntervals				UP	
30624.5464	0.22560000000157743	UpDownStatesTimeIntervals				UP	
30628.38	0.3260000000009313	HSETimeIntervals		30628.548	30628.543		
30630.8128	0.10719999999855645	UpDownStatesTimeIntervals				UP	
30632.0984	0.17120000000068103	UpDownStatesTimeIntervals				UP	
30633.1296	0.2903999999980442	UpDownStatesTimeIntervals				UP	
30635.4432	0.1231999999981781	UpDownStatesTimeIntervals				UP	
30639.946	0.08299999999871943	HSETimeIntervals		30639.983	30639.9875		
30640.646	0.09899999999834108	HSETimeIntervals		30640.708	30640.6955		
30641.28	0.16960000000108266	UpDownStatesTimeIntervals				UP	
30641.647	0.11200000000098953	HSETimeIntervals		30641.723	30641.703		
30642.2648	0.2551999999996042	UpDownStatesTimeIntervals				UP	
30642.71	0.49500000000261934	HSETimeIntervals		30642.894	30642.9575		
30644.321	0.3320000000021537	HSETimeIntervals		30644.614	30644.487		
30645.074	0.2530000000006112	HSETimeIntervals		30645.268	30645.2005		
30645.794	0.09499999999752617	HSETimeIntervals		30645.823	30645.841500000002		
30646.8728	0.11759999999776483	RippleTimeIntervals		30646.9432			
30648.012	0.13520000000062282	UpDownStatesTimeIntervals				UP	
30648.7064	0.10320000000137952	UpDownStatesTimeIntervals				UP	
30650.4408	0.2000000000007276	UpDownStatesTimeIntervals				UP	
30651.2864	0.1591999999982363	UpDownStatesTimeIntervals				UP	
30651.431	0.13999999999941792	HSETimeIntervals		30651.468	30651.501		
30651.579	0.17599999999947613	HSETimeIntervals		30651.618000000002	30651.667		
30654.0856	0.1400000000030559	UpDownStatesTimeIntervals				UP	
30654.435	0.09000000000014552	HSETimeIntervals		30654.474000000002	30654.48		
30654.532	0.1290000000008149	HSETimeIntervals		30654.623	30654.5965		
30654.5736	0.13839999999981956	UpDownStatesTimeIntervals				UP	
30654.686	0.21700000000055297	HSETimeIntervals		30654.743000000002	30654.7945		
30654.916	0.3600000000005821	HSETimeIntervals		30654.968	30655.096		
30655.2736	0.1463999999978114	UpDownStatesTimeIntervals				UP	
30656.073	0.15499999999883585	HSETimeIntervals		30656.147	30656.1505		
30656.301	0.08300000000235741	HSETimeIntervals		30656.350000000002	30656.3425		
30656.718	0.24499999999898137	HSETimeIntervals		30656.879	30656.840500000002		
30657.538	0.19199999999909778	HSETimeIntervals		30657.688000000002	30657.634000000002		
30658.449	0.4180000000014843	HSETimeIntervals		30658.547	30658.658		
30658.892	0.0970000000015716	HSETimeIntervals		30658.933	30658.9405		
30659.07	0.17100000000209548	HSETimeIntervals		30659.156	30659.1555		
30659.1432	0.16160000000309083	UpDownStatesTimeIntervals				UP	
30659.25	0.10199999999895226	HSETimeIntervals		30659.302	30659.301		
30659.756	0.1069999999999709	HSETimeIntervals		30659.803	30659.809500000003		
30660.152	0.1312000000034459	RippleTimeIntervals		30660.2776			
30660.16	0.025600000000849832	UpDownStatesTimeIntervals				DOWN	
30660.519	0.0970000000015716	HSETimeIntervals		30660.572	30660.5675		
30660.68	0.1290000000008149	HSETimeIntervals		30660.738	30660.7445		
30660.813000000002	0.09399999999732245	HSETimeIntervals		30660.871	30660.86		
30661.079	0.21299999999973807	HSETimeIntervals		30661.141	30661.185500000003		
30661.576	0.3999999999978172	HSETimeIntervals		30661.671000000002	30661.776		
30662.306	0.4459999999999127	HSETimeIntervals		30662.367000000002	30662.529000000002		
30664.272	0.1749999999992724	HSETimeIntervals		30664.39	30664.359500000002		
30664.61	0.2969999999986612	HSETimeIntervals		30664.843	30664.7585		
30666.022	0.2249999999985448	HSETimeIntervals		30666.083	30666.1345		
30667.3392	0.07600000000093132	UpDownStatesTimeIntervals				DOWN	
30667.679	0.14900000000125146	HSETimeIntervals		30667.727	30667.7535		
30667.8992	0.19039999999949941	UpDownStatesTimeIntervals				UP	
30669.0632	0.14400000000023283	UpDownStatesTimeIntervals				UP	
30669.294	0.10900000000037835	HSETimeIntervals		30669.347	30669.3485		
30670.025	0.1499999999978172	HSETimeIntervals		30670.128	30670.100000000002		
30670.953	0.13299999999799184	HSETimeIntervals		30671.057	30671.019500000002		
30671.618000000002	0.0779999999977008	HSETimeIntervals		30671.662	30671.657000000003		
30672.123	0.10499999999956344	HSETimeIntervals		30672.194	30672.1755		
30674.165	0.08399999999892316	HSETimeIntervals		30674.219	30674.207000000002		
30675.056	0.09500000000116415	HSETimeIntervals		30675.114	30675.1035		
30677.156	0.10200000000259024	HSETimeIntervals		30677.219	30677.207		
30678.621	0.14500000000043656	HSETimeIntervals		30678.724000000002	30678.693499999998		
30679.216	0.34800000000177533	HSETimeIntervals		30679.351	30679.39		
30680.009000000002	0.1499999999978172	HSETimeIntervals		30680.086	30680.084000000003		
30681.4448	0.15199999999822467	UpDownStatesTimeIntervals				UP	
30681.9696	0.20799999999871943	UpDownStatesTimeIntervals				DOWN	
30684.510000000002	0.15799999999944703	HSETimeIntervals		30684.629	30684.589000000004		
30684.894	0.1110000000007858	HSETimeIntervals		30684.967	30684.9495		
30685.588	0.0970000000015716	HSETimeIntervals		30685.651	30685.6365		
30686.7704	0.23919999999998254	UpDownStatesTimeIntervals				UP	
30687.424	0.3820000000014261	HSETimeIntervals		30687.670000000002	30687.614999999998		
30688.3168	0.12879999999859137	UpDownStatesTimeIntervals				UP	
30688.392	0.1900000000023283	HSETimeIntervals		30688.46	30688.487		
30689.076	0.20599999999831198	HSETimeIntervals		30689.244	30689.179		
30689.569	0.2819999999992433	HSETimeIntervals		30689.794	30689.71		
30690.283	0.06300000000192085	HSETimeIntervals		30690.313000000002	30690.3145		
30690.886000000002	0.24399999999877764	HSETimeIntervals		30690.996	30691.008		
30691.428	0.2495999999991909	UpDownStatesTimeIntervals				UP	
30692.233	0.08399999999892316	HSETimeIntervals		30692.267	30692.275		
30694.034	0.11600000000180444	HSETimeIntervals		30694.104	30694.092		
30695.406	0.08300000000235741	HSETimeIntervals		30695.449	30695.4475		
30696.21	0.1320000000014261	HSETimeIntervals		30696.293	30696.275999999998		
30696.854	0.13700000000244472	HSETimeIntervals		30696.906	30696.9225		
30697.747	0.11000000000058208	HSETimeIntervals		30697.815	30697.802		
30698.902000000002	0.13999999999941792	HSETimeIntervals		30698.94	30698.972		
30700.218	0.2459999999991851	HSETimeIntervals		30700.416	30700.341		
30700.469	0.125	HSETimeIntervals		30700.54	30700.5315		
30700.642	0.09900000000197906	HSETimeIntervals		30700.708	30700.6915		
30701.614	0.14899999999761349	HSETimeIntervals		30701.654	30701.6885		
30703.617000000002	0.13699999999880674	HSETimeIntervals		30703.716	30703.685500000003		
30703.945	0.07600000000093132	HSETimeIntervals		30703.986	30703.983		
30704.803	0.10599999999976717	HSETimeIntervals		30704.869	30704.856		
30712.876	0.1790000000000873	HSETimeIntervals		30712.973	30712.9655		
30715.379	0.11899999999877764	HSETimeIntervals		30715.461	30715.4385		
30720.9608	0.15279999999984284	UpDownStatesTimeIntervals				UP	
30721.212	0.09600000000136788	HSETimeIntervals		30721.251	30721.26		
30721.3536	0.18400000000110595	UpDownStatesTimeIntervals				DOWN	
30722.52	0.13000000000101863	HSETimeIntervals		30722.554	30722.585		
30722.666	0.13699999999880674	HSETimeIntervals		30722.765	30722.734500000002		
30724.191	0.0790000000015425	HSETimeIntervals		30724.235	30724.230499999998		
30726.494	0.10300000000279397	HSETimeIntervals		30726.563000000002	30726.5455		
30727.6968	0.14879999999902793	UpDownStatesTimeIntervals				UP	
30728.381	0.07999999999810825	HSETimeIntervals		30728.431	30728.421000000002		
30729.0824	0.06560000000172295	UpDownStatesTimeIntervals				DOWN	
30729.4032	0.14719999999942956	UpDownStatesTimeIntervals				UP	
30732.662	0.1069999999999709	HSETimeIntervals		30732.704	30732.715500000002		
30734.6144	0.11120000000300934	UpDownStatesTimeIntervals				DOWN	
30735.2512	0.1496000000006461	UpDownStatesTimeIntervals				UP	
30735.36	0.0819999999985157	HSETimeIntervals		30735.412	30735.401		
30735.768	0.07099999999991269	HSETimeIntervals		30735.807	30735.8035		
30736.0584	0.06639999999970314	UpDownStatesTimeIntervals				DOWN	
30736.709	0.13500000000203727	HSETimeIntervals		30736.79	30736.7765		
30744.07	0.11999999999898137	HSETimeIntervals		30744.119	30744.13		
30744.241	0.11599999999816646	HSETimeIntervals		30744.285	30744.299000000003		
30746.098	0.2109999999993306	HSETimeIntervals		30746.261000000002	30746.203500000003		
30747.3	0.11500000000160071	HSETimeIntervals		30747.372	30747.3575		
30747.46	0.24200000000200816	HSETimeIntervals		30747.499	30747.581		
30748.6168	0.4448000000011234	UpDownStatesTimeIntervals				UP	
30750.412	0.2220000000015716	HSETimeIntervals		30750.58	30750.523		
30753.172	0.44200000000273576	HSETimeIntervals		30753.573	30753.393		
30757.46	0.08699999999953434	HSETimeIntervals		30757.493000000002	30757.5035		
30758.0288	0.18240000000150758	UpDownStatesTimeIntervals				UP	
30758.3056	0.2312000000019907	UpDownStatesTimeIntervals				DOWN	
30758.5368	0.1823999999978696	UpDownStatesTimeIntervals				UP	
30758.774	0.31899999999950523	HSETimeIntervals		30758.838	30758.933500000003		
30759.1896	0.14319999999861466	UpDownStatesTimeIntervals				UP	
30759.459	0.14199999999982538	HSETimeIntervals		30759.495	30759.53		
30759.943	0.24500000000261934	HSETimeIntervals		30760.14	30760.0655		
30762.5264	0.2551999999996042	UpDownStatesTimeIntervals				UP	
30763.011000000002	0.19799999999668216	HSETimeIntervals		30763.131	30763.11		
30764.08	0.1279999999969732	UpDownStatesTimeIntervals				UP	
30764.6504	0.13280000000304426	UpDownStatesTimeIntervals				UP	
30766.692	0.27400000000125146	HSETimeIntervals		30766.813000000002	30766.828999999998		
30769.707000000002	0.2849999999998545	HSETimeIntervals		30769.938000000002	30769.849500000004		
30770.108	0.04079999999885331	UpDownStatesTimeIntervals				DOWN	
30770.3544	0.1912000000011176	UpDownStatesTimeIntervals				UP	
30771.181	0.2989999999990687	HSETimeIntervals		30771.4	30771.3305		
30775.6192	0.15999999999985448	UpDownStatesTimeIntervals				UP	
30776.7496	0.1264000000010128	UpDownStatesTimeIntervals				UP	
30777.7576	0.13520000000062282	UpDownStatesTimeIntervals				UP	
30778.118000000002	0.0819999999985157	HSETimeIntervals		30778.165	30778.159000000003		
30781.516	0.3080000000009022	UpDownStatesTimeIntervals				UP	
30783.268	0.11999999999898137	UpDownStatesTimeIntervals				UP	
30783.8152	0.16639999999824795	UpDownStatesTimeIntervals				UP	
30784.428	0.20200000000113505	HSETimeIntervals		30784.56	30784.529		
30784.6656	0.16240000000107102	UpDownStatesTimeIntervals				UP	
30786.668	0.10299999999915599	HSETimeIntervals		30786.736	30786.719500000003		
30787.156	0.08100000000194996	HSETimeIntervals		30787.208	30787.1965		
30787.655	0.27800000000206637	HSETimeIntervals		30787.895	30787.793999999998		
30787.7168	0.16240000000107102	UpDownStatesTimeIntervals				UP	
30788.8928	0.10719999999855645	UpDownStatesTimeIntervals				DOWN	
30789.0	0.20319999999992433	UpDownStatesTimeIntervals				UP	
30789.582000000002	0.08499999999912689	HSETimeIntervals		30789.635000000002	30789.6245		
30791.475000000002	0.07999999999810825	HSETimeIntervals		30791.523	30791.515000000003		
30792.031	0.1500000000014552	HSETimeIntervals		30792.098	30792.106		
30793.317	0.3470000000015716	HSETimeIntervals		30793.498	30793.4905		
30793.688000000002	0.08799999999973807	HSETimeIntervals		30793.735	30793.732000000004		
30797.469	0.227999999999156	HSETimeIntervals		30797.651	30797.583000000002		
30799.7384	0.1264000000010128	UpDownStatesTimeIntervals				UP	
30800.5168	0.13279999999940628	UpDownStatesTimeIntervals				UP	
30800.724000000002	0.21199999999953434	HSETimeIntervals		30800.782	30800.83		
30801.2136	0.17439999999987776	UpDownStatesTimeIntervals				UP	
30801.408	0.0930000000007567	HSETimeIntervals		30801.45	30801.4545		
30801.9016	0.38959999999860884	UpDownStatesTimeIntervals				UP	
30802.9072	0.16079999999783468	UpDownStatesTimeIntervals				UP	
30806.1624	0.07839999999850988	RippleTimeIntervals		30806.2328			
30809.7456	0.23440000000118744	UpDownStatesTimeIntervals				UP	
30812.42	0.11920000000100117	UpDownStatesTimeIntervals				UP	
30812.716	0.0816000000013446	UpDownStatesTimeIntervals				DOWN	
30813.228	0.044799999999668216	UpDownStatesTimeIntervals				DOWN	
30813.6784	0.13279999999940628	UpDownStatesTimeIntervals				UP	
30818.1896	0.12879999999859137	UpDownStatesTimeIntervals				UP	
30819.965	0.12199999999938882	HSETimeIntervals		30820.057	30820.026		
30821.824	0.1224000000001979	RippleTimeIntervals		30821.8808			
30822.249	0.09100000000034925	HSETimeIntervals		30822.297	30822.2945		
30823.7808	0.22959999999875436	UpDownStatesTimeIntervals				UP	
30824.3528	0.09920000000056461	UpDownStatesTimeIntervals				UP	
30824.9352	0.15520000000105938	UpDownStatesTimeIntervals				UP	
30825.096	0.3780000000006112	HSETimeIntervals		30825.129	30825.285		
30827.768	0.08320000000094296	RippleTimeIntervals		30827.8464			
30828.253	0.15099999999802094	HSETimeIntervals		30828.371	30828.3285		
30829.76	0.1400000000030559	UpDownStatesTimeIntervals				UP	
30830.384000000002	0.10199999999895226	HSETimeIntervals		30830.45	30830.435		
30830.7952	0.17519999999785796	UpDownStatesTimeIntervals				UP	
30831.3696	0.3151999999972759	UpDownStatesTimeIntervals				UP	
30832.6504	0.22880000000077416	UpDownStatesTimeIntervals				UP	
30833.3072	0.2495999999991909	UpDownStatesTimeIntervals				UP	
30834.0528	0.1551999999974214	UpDownStatesTimeIntervals				UP	
30834.056	0.0970000000015716	HSETimeIntervals		30834.115	30834.1045		
30835.2592	0.1735999999982596	UpDownStatesTimeIntervals				UP	
30835.579	0.28999999999723514	HSETimeIntervals		30835.743000000002	30835.724000000002		
30836.7304	0.36160000000018044	UpDownStatesTimeIntervals				UP	
30838.132	0.2999999999992724	HSETimeIntervals		30838.194	30838.282000000003		
30838.679	0.25500000000101863	HSETimeIntervals		30838.864	30838.8065		
30839.066	0.24500000000261934	HSETimeIntervals		30839.25	30839.1885		
30840.117000000002	0.11499999999796273	HSETimeIntervals		30840.184	30840.1745		
30841.179	0.3830000000016298	HSETimeIntervals		30841.246	30841.3705		
30841.817	0.11700000000200816	HSETimeIntervals		30841.895	30841.8755		
30843.849000000002	0.2139999999999418	HSETimeIntervals		30843.975000000002	30843.956000000002		
30845.8272	0.1320000000014261	UpDownStatesTimeIntervals				UP	
30847.304	0.27520000000004075	UpDownStatesTimeIntervals				UP	
30849.0104	0.2319999999999709	UpDownStatesTimeIntervals				UP	
30849.202	0.06099999999787542	HSETimeIntervals		30849.235	30849.232500000002		
30849.6232	0.1463999999978114	UpDownStatesTimeIntervals				UP	
30850.4024	0.21680000000196742	UpDownStatesTimeIntervals				UP	
30850.59	0.48800000000119326	HSETimeIntervals		30850.822	30850.834		
30852.107	0.14900000000125146	HSETimeIntervals		30852.165	30852.1815		
30852.472	0.35499999999956344	HSETimeIntervals		30852.68	30852.649500000003		
30854.2	0.33399999999892316	HSETimeIntervals		30854.392	30854.367000000002		
30855.31	0.11599999999816646	HSETimeIntervals		30855.369	30855.368000000002		
30855.752	0.2504000000008091	UpDownStatesTimeIntervals				UP	
30855.822	0.2580000000016298	HSETimeIntervals		30856.033	30855.951		
30856.097	0.3359999999993306	HSETimeIntervals		30856.178	30856.265000000003		
30856.439000000002	0.21599999999671127	HSETimeIntervals		30856.613	30856.547000000002		
30856.5664	0.12399999999979627	UpDownStatesTimeIntervals				UP	
30856.827	0.17199999999866122	HSETimeIntervals		30856.871	30856.913		
30857.5696	0.2128000000011525	UpDownStatesTimeIntervals				UP	
30857.732	0.10239999999976135	RippleTimeIntervals		30857.8256			
30858.4512	0.10800000000017462	UpDownStatesTimeIntervals				DOWN	
30858.5592	0.13920000000143773	UpDownStatesTimeIntervals				UP	
30858.956	0.09200000000055297	UpDownStatesTimeIntervals				DOWN	
30859.4672	0.15279999999984284	UpDownStatesTimeIntervals				UP	
30862.86	0.37519999999858555	UpDownStatesTimeIntervals				UP	
30863.7584	0.1088000000017928	RippleTimeIntervals		30863.8384			
30863.948	0.0367999999980384	UpDownStatesTimeIntervals				DOWN	
30865.1592	0.15200000000186265	RippleTimeIntervals		30865.3104			
30865.8136	0.10399999999935972	RippleTimeIntervals		30865.9168			
30866.273	0.12800000000061118	HSETimeIntervals		30866.317	30866.337		
30869.768	0.11800000000221189	HSETimeIntervals		30869.854	30869.827		
30870.568	0.13400000000183354	HSETimeIntervals		30870.672	30870.635		
30871.841	0.3080000000009022	HSETimeIntervals		30871.903000000002	30871.995		
30872.597	0.24899999999979627	HSETimeIntervals		30872.8	30872.721500000003		
30873.010000000002	0.20199999999749707	HSETimeIntervals		30873.044	30873.111		
30874.005	0.09799999999813735	HSETimeIntervals		30874.056	30874.054		
30874.113	0.4709999999977299	HSETimeIntervals		30874.535	30874.3485		
30878.7224	0.08400000000256114	UpDownStatesTimeIntervals				DOWN	
30878.9368	0.136000000002241	UpDownStatesTimeIntervals				UP	
30879.5128	0.11200000000098953	UpDownStatesTimeIntervals				UP	
30880.2968	0.20799999999871943	UpDownStatesTimeIntervals				DOWN	
30880.8048	0.09279999999853317	RippleTimeIntervals		30880.8336			
30881.311	0.3760000000002037	HSETimeIntervals		30881.504	30881.499		
30882.29	0.22299999999813735	HSETimeIntervals		30882.36	30882.4015		
30882.54	0.17199999999866122	HSETimeIntervals		30882.578	30882.626		
30882.777000000002	0.24099999999816646	HSETimeIntervals		30882.932	30882.897500000003		
30883.597	0.10900000000037835	HSETimeIntervals		30883.633	30883.6515		
30884.452	0.12600000000020373	HSETimeIntervals		30884.544	30884.515		
30885.351	0.08899999999994179	HSETimeIntervals		30885.381	30885.3955		
30885.464	0.19700000000011642	HSETimeIntervals		30885.63	30885.5625		
30885.698	0.2400000000016007	HSETimeIntervals		30885.728	30885.818		
30885.95	0.10299999999915599	HSETimeIntervals		30885.997	30886.001500000002		
30886.093	0.1069999999999709	HSETimeIntervals		30886.125	30886.146500000003		
30886.233	0.33699999999953434	HSETimeIntervals		30886.39	30886.4015		
30886.607	0.27400000000125146	HSETimeIntervals		30886.849000000002	30886.744		
30888.665	0.11000000000058208	HSETimeIntervals		30888.704	30888.72		
30888.818	0.18500000000130967	HSETimeIntervals		30888.866	30888.910499999998		
30889.04	0.24699999999938882	HSETimeIntervals		30889.186	30889.163500000002		
30889.686	0.11999999999898137	HSETimeIntervals		30889.760000000002	30889.746000000003		
30890.24	0.385999999998603	HSETimeIntervals		30890.422	30890.433		
30890.663	0.13300000000162981	HSETimeIntervals		30890.746	30890.7295		
30891.391	0.42000000000189175	HSETimeIntervals		30891.429	30891.601		
30891.876	0.09999999999854481	HSETimeIntervals		30891.923	30891.926		
30892.025	0.40499999999883585	HSETimeIntervals		30892.135000000002	30892.2275		
30892.459	0.0930000000007567	HSETimeIntervals		30892.506	30892.5055		
30893.671000000002	0.08599999999933061	HSETimeIntervals		30893.718	30893.714000000004		
30893.794	0.37899999999717693	HSETimeIntervals		30893.953	30893.983500000002		
30894.21	0.11600000000180444	HSETimeIntervals		30894.263	30894.268		
30894.68	0.3139999999984866	HSETimeIntervals		30894.802	30894.837		
30896.015	0.24699999999938882	HSETimeIntervals		30896.103	30896.1385		
30896.286	0.13300000000162981	HSETimeIntervals		30896.350000000002	30896.3525		
30898.24	0.09200000000055297	HSETimeIntervals		30898.297	30898.286		
30900.6648	0.1320000000014261	UpDownStatesTimeIntervals				UP	
30900.957000000002	0.4859999999971478	HSETimeIntervals		30901.397	30901.2		
30902.625	0.10299999999915599	HSETimeIntervals		30902.694	30902.6765		
30903.933	0.0819999999985157	HSETimeIntervals		30903.982	30903.974000000002		
30904.715	0.17199999999866122	HSETimeIntervals		30904.804	30904.801		
30906.8	0.0544000000008964	UpDownStatesTimeIntervals				DOWN	
30907.089	0.44399999999950523	HSETimeIntervals		30907.28	30907.311		
30907.3776	0.16960000000108266	UpDownStatesTimeIntervals				UP	
30907.786	0.13500000000203727	HSETimeIntervals		30907.862	30907.8535		
30908.681	0.13300000000162981	HSETimeIntervals		30908.743000000002	30908.7475		
30908.917	0.21299999999973807	HSETimeIntervals		30908.951	30909.023500000003		
30909.176	0.26000000000203727	HSETimeIntervals		30909.324	30909.306		
30910.176	0.11700000000200816	HSETimeIntervals		30910.259000000002	30910.2345		
30911.783	0.11300000000119326	HSETimeIntervals		30911.825	30911.8395		
30913.038	0.24699999999938882	HSETimeIntervals		30913.079	30913.161500000002		
30913.31	0.1349999999983993	HSETimeIntervals		30913.396	30913.377500000002		
30913.621	0.1610000000000582	HSETimeIntervals		30913.696	30913.7015		
30913.806	0.23300000000017462	HSETimeIntervals		30913.851	30913.9225		
30914.07	0.20700000000215368	HSETimeIntervals		30914.100000000002	30914.1735		
30914.6432	0.21520000000236905	UpDownStatesTimeIntervals				UP	
30915.896	0.0904000000009546	RippleTimeIntervals		30915.9408			
30918.9048	0.1496000000006461	UpDownStatesTimeIntervals				UP	
30920.029	0.29500000000189175	HSETimeIntervals		30920.278000000002	30920.176499999998		
30921.278000000002	0.09699999999793363	HSETimeIntervals		30921.33	30921.326500000003		
30924.399	0.09899999999834108	HSETimeIntervals		30924.46	30924.448500000002		
30925.1208	0.12479999999777647	UpDownStatesTimeIntervals				UP	
30925.815	0.19500000000334694	HSETimeIntervals		30925.933	30925.9125		
30926.028000000002	0.23699999999735155	HSETimeIntervals		30926.107	30926.146500000003		
30927.22	0.08599999999933061	HSETimeIntervals		30927.265	30927.263000000003		
30927.99	0.2639999999992142	HSETimeIntervals		30928.176	30928.122000000003		
30929.586	0.09200000000055297	HSETimeIntervals		30929.637	30929.631999999998		
30930.422	0.35300000000279397	HSETimeIntervals		30930.617000000002	30930.5985		
30931.187	0.238999999997759	HSETimeIntervals		30931.264	30931.306500000002		
30931.482	0.11200000000098953	HSETimeIntervals		30931.537	30931.538		
30932.036	0.22079999999914435	UpDownStatesTimeIntervals				UP	
30932.3232	0.09280000000217115	RippleTimeIntervals		30932.4048			
30932.651	0.3209999999999127	HSETimeIntervals		30932.918	30932.811500000003		
30932.824	0.1319999999977881	UpDownStatesTimeIntervals				UP	
30933.62	0.23440000000118744	UpDownStatesTimeIntervals				UP	
30934.069	0.2900000000008731	HSETimeIntervals		30934.253	30934.214		
30935.246	0.12299999999959255	HSETimeIntervals		30935.3	30935.3075		
30936.531	0.08799999999973807	HSETimeIntervals		30936.586	30936.575		
30937.1224	0.05679999999847496	UpDownStatesTimeIntervals				DOWN	
30937.165	0.09000000000014552	HSETimeIntervals		30937.206000000002	30937.21		
30937.8528	0.1455999999998312	UpDownStatesTimeIntervals				UP	
30938.891	0.24500000000261934	HSETimeIntervals		30939.058	30939.0135		
30940.286	0.09800000000177533	HSETimeIntervals		30940.333	30940.335		
30941.544	0.13399999999819556	HSETimeIntervals		30941.65	30941.611		
30943.956000000002	0.1749999999992724	HSETimeIntervals		30944.005	30944.043500000003		
30944.534	0.375	HSETimeIntervals		30944.815	30944.7215		
30945.076	0.15399999999863212	HSETimeIntervals		30945.175	30945.153000000002		
30945.4856	0.1408000000010361	UpDownStatesTimeIntervals				UP	
30948.314000000002	0.11699999999837019	HSETimeIntervals		30948.356	30948.3725		
30948.471	0.3169999999990978	HSETimeIntervals		30948.597	30948.629500000003		
30949.925	0.3919999999998254	HSETimeIntervals		30950.146	30950.121		
30952.9432	0.07039999999688007	UpDownStatesTimeIntervals				DOWN	
30953.7104	0.23919999999998254	UpDownStatesTimeIntervals				UP	
30953.9272	0.08400000000256114	RippleTimeIntervals		30953.9504			
30954.787	0.12600000000020373	HSETimeIntervals		30954.875	30954.85		
30955.649	0.20399999999790452	HSETimeIntervals		30955.69	30955.751		
30958.004	0.10099999999874854	HSETimeIntervals		30958.051	30958.054500000002		
30958.968	0.15099999999802094	HSETimeIntervals		30959.062	30959.0435		
30959.638	0.28399999999965075	HSETimeIntervals		30959.749	30959.78		
30961.913	0.0819999999985157	HSETimeIntervals		30961.951	30961.954		
30962.0104	0.1088000000017928	RippleTimeIntervals		30962.0664			
30962.369	0.45200000000113505	HSETimeIntervals		30962.59	30962.594999999998		
30962.834	0.2139999999999418	HSETimeIntervals		30963.012	30962.941		
30963.068	0.16200000000026193	HSETimeIntervals		30963.183	30963.148999999998		
30965.719	0.09999999999854481	HSETimeIntervals		30965.754	30965.769		
30968.082000000002	0.08499999999912689	HSETimeIntervals		30968.116	30968.1245		
30968.805	0.11200000000098953	HSETimeIntervals		30968.874	30968.861		
30969.335	0.12800000000061118	HSETimeIntervals		30969.403000000002	30969.398999999998		
30971.099000000002	0.0959999999977299	HSETimeIntervals		30971.153000000002	30971.147		
30971.309	0.19700000000011642	HSETimeIntervals		30971.456000000002	30971.4075		
30971.797	0.08400000000256114	HSETimeIntervals		30971.831000000002	30971.839		
30972.521	0.3359999999993306	HSETimeIntervals		30972.761000000002	30972.689000000002		
30973.079	0.18399999999746797	HSETimeIntervals		30973.163	30973.171000000002		
30973.475000000002	0.3899999999994179	HSETimeIntervals		30973.66	30973.670000000002		
30973.921000000002	0.07299999999668216	HSETimeIntervals		30973.959	30973.9575		
30974.946	0.10900000000037835	HSETimeIntervals		30975.014	30975.0005		
30975.885000000002	0.07299999999668216	HSETimeIntervals		30975.929	30975.9215		
30976.859	0.09600000000136788	HSETimeIntervals		30976.926	30976.907		
30978.911	0.12700000000040745	HSETimeIntervals		30978.967	30978.9745		
30979.995	0.06999999999970896	HSETimeIntervals		30980.032	30980.03		
30980.306	0.10599999999976717	HSETimeIntervals		30980.366	30980.359		
30983.039	0.13000000000101863	HSETimeIntervals		30983.077	30983.104		
30985.246	0.41600000000107684	HSETimeIntervals		30985.533	30985.453999999998		
30985.4392	0.22079999999914435	UpDownStatesTimeIntervals				UP	
30985.7224	0.38880000000062864	UpDownStatesTimeIntervals				DOWN	
30986.597	0.3449999999975262	HSETimeIntervals		30986.885000000002	30986.769500000002		
30987.355	0.47400000000197906	HSETimeIntervals		30987.506	30987.592		
30988.1264	0.09920000000056461	UpDownStatesTimeIntervals				DOWN	
30988.553	0.15999999999985448	HSETimeIntervals		30988.628	30988.633		
30988.7296	0.1584000000002561	UpDownStatesTimeIntervals				UP	
30990.27	0.13599999999860302	HSETimeIntervals		30990.309	30990.338		
30995.462	0.0970000000015716	HSETimeIntervals		30995.514	30995.5105		
30996.982	0.06799999999930151	HSETimeIntervals		30997.018	30997.016		
30997.962	0.16300000000046566	HSETimeIntervals		30998.033	30998.0435		
30998.295000000002	0.07099999999991269	HSETimeIntervals		30998.328	30998.330500000004		
30998.572	0.13300000000162981	HSETimeIntervals		30998.664	30998.6385		
30999.805	0.1290000000008149	HSETimeIntervals		30999.898	30999.8695		
31001.871	0.09100000000034925	HSETimeIntervals		31001.928	31001.9165		
31003.017	0.10399999999935972	HSETimeIntervals		31003.068	31003.069		
31010.131	0.09699999999793363	HSETimeIntervals		31010.191	31010.179500000002		
31011.138	0.14099999999962165	HSETimeIntervals		31011.222	31011.2085		
31012.354	0.2319999999999709	HSETimeIntervals		31012.451	31012.47		
31012.704	0.09999999999854481	HSETimeIntervals		31012.749	31012.754		
31013.561	0.19199999999909778	HSETimeIntervals		31013.602	31013.657000000003		
31014.56	0.23799999999755528	HSETimeIntervals		31014.74	31014.679		
31014.859	0.11000000000058208	HSETimeIntervals		31014.908	31014.914		
31015.203	0.10099999999874854	HSETimeIntervals		31015.268	31015.253500000003		
31015.622	0.09200000000055297	HSETimeIntervals		31015.664	31015.667999999998		
31017.983	0.19399999999950523	HSETimeIntervals		31018.111	31018.08		
31018.368000000002	0.25399999999717693	HSETimeIntervals		31018.559	31018.495000000003		
31020.874	0.136000000002241	HSETimeIntervals		31020.918	31020.942		
31023.578	0.13299999999799184	HSETimeIntervals		31023.645	31023.644500000002		
31024.061	0.2969999999986612	HSETimeIntervals		31024.28	31024.2095		
31027.0832	0.20720000000073924	UpDownStatesTimeIntervals				UP	
31027.113	0.13299999999799184	HSETimeIntervals		31027.158	31027.179500000002		
31027.763	0.2220000000015716	HSETimeIntervals		31027.843	31027.874		
31028.206000000002	0.09299999999711872	HSETimeIntervals		31028.247	31028.252500000002		
31028.685	0.12999999999738066	HSETimeIntervals		31028.731	31028.75		
31029.145	0.09100000000034925	HSETimeIntervals		31029.192	31029.1905		
31032.219	0.18000000000029104	HSETimeIntervals		31032.354	31032.309		
31032.927	0.12800000000061118	HSETimeIntervals		31033.002	31032.990999999998		
31033.528000000002	0.3669999999983702	HSETimeIntervals		31033.794	31033.7115		
31033.933	0.23800000000119326	HSETimeIntervals		31034.029	31034.052		
31034.249	0.3539999999993597	HSETimeIntervals		31034.549	31034.426		
31035.462	0.10499999999956344	HSETimeIntervals		31035.510000000002	31035.5145		
31036.037	0.17000000000189175	HSETimeIntervals		31036.072	31036.122		
31036.1008	0.4183999999986554	UpDownStatesTimeIntervals				UP	
31036.481	0.2400000000016007	HSETimeIntervals		31036.683	31036.601		
31036.9944	0.3719999999993888	UpDownStatesTimeIntervals				UP	
31040.005	0.09699999999793363	HSETimeIntervals		31040.054	31040.0535		
31042.318	0.06899999999950523	HSETimeIntervals		31042.357	31042.3525		
31042.964	0.280800000000454	UpDownStatesTimeIntervals				UP	
31043.485	0.15999999999985448	HSETimeIntervals		31043.589	31043.565000000002		
31044.3776	0.11600000000180444	UpDownStatesTimeIntervals				UP	
31044.656	0.1900000000023283	HSETimeIntervals		31044.72	31044.751		
31045.237	0.1959999999999127	HSETimeIntervals		31045.378	31045.335000000003		
31047.076	0.22999999999956344	HSETimeIntervals		31047.275	31047.191000000003		
31047.429	0.10800000000017462	HSETimeIntervals		31047.508	31047.483		
31048.3328	0.13360000000102445	UpDownStatesTimeIntervals				UP	
31048.518	0.23300000000017462	HSETimeIntervals		31048.552	31048.6345		
31050.039	0.08899999999994179	HSETimeIntervals		31050.098	31050.0835		
31050.202	0.113999999997759	HSETimeIntervals		31050.275	31050.259000000002		
31051.2192	0.15999999999985448	UpDownStatesTimeIntervals				DOWN	
31051.3792	0.254400000001624	UpDownStatesTimeIntervals				UP	
31052.546000000002	0.20599999999831198	HSETimeIntervals		31052.584	31052.649		
31054.638	0.125	HSETimeIntervals		31054.702	31054.7005		
31054.96	0.0750000000007276	HSETimeIntervals		31054.993000000002	31054.997499999998		
31055.854	0.06899999999950523	HSETimeIntervals		31055.888	31055.8885		
31056.664	0.06299999999828287	HSETimeIntervals		31056.692	31056.6955		
31057.246	0.16600000000107684	HSETimeIntervals		31057.38	31057.328999999998		
31058.893	0.12299999999959255	HSETimeIntervals		31058.98	31058.9545		
31061.883	0.12399999999979627	HSETimeIntervals		31061.968	31061.945000000003		
31063.893	0.27700000000186265	HSETimeIntervals		31063.955	31064.0315		
31066.8752	0.1584000000002561	UpDownStatesTimeIntervals				UP	
31067.74	0.10800000000017462	HSETimeIntervals		31067.816	31067.794		
31068.873	0.2000000000007276	HSETimeIntervals		31069.039	31068.972999999998		
31070.123	0.1749999999992724	HSETimeIntervals		31070.175	31070.2105		
31070.533	0.19100000000253203	HSETimeIntervals		31070.589	31070.6285		
31072.034	0.07700000000113505	HSETimeIntervals		31072.078	31072.0725		
31072.409	0.08799999999973807	HSETimeIntervals		31072.459	31072.453		
31072.521	0.1929999999993015	HSETimeIntervals		31072.566	31072.6175		
31072.832000000002	0.3809999999975844	HSETimeIntervals		31072.899	31073.022500000003		
31073.3032	0.17120000000068103	UpDownStatesTimeIntervals				UP	
31073.888	0.2080000000023574	HSETimeIntervals		31074.045000000002	31073.992		
31074.1904	0.0816000000013446	UpDownStatesTimeIntervals				DOWN	
31074.318	0.08100000000194996	HSETimeIntervals		31074.363	31074.3585		
31075.027000000002	0.1849999999976717	HSETimeIntervals		31075.088	31075.1195		
31076.0	23.0	SleepStates					WAKEstate
31080.028000000002	0.07200000000011642	HSETimeIntervals		31080.063000000002	31080.064000000002		
31081.667	0.08799999999973807	HSETimeIntervals		31081.717	31081.711000000003		
31081.823	0.10099999999874854	HSETimeIntervals		31081.864	31081.8735		
31082.197	0.2429999999985739	HSETimeIntervals		31082.272	31082.3185		
31083.815	0.08899999999994179	HSETimeIntervals		31083.87	31083.8595		
31084.017	0.10299999999915599	HSETimeIntervals		31084.079	31084.0685		
31084.202	0.12600000000020373	HSETimeIntervals		31084.236	31084.265		
31084.698	0.07700000000113505	HSETimeIntervals		31084.74	31084.7365		
31085.084	0.21600000000034925	HSETimeIntervals		31085.142	31085.192		
31088.908	0.0750000000007276	HSETimeIntervals		31088.944	31088.945499999998		
31091.679	0.38699999999880674	HSETimeIntervals		31092.006	31091.8725		
31094.416	0.15499999999883585	HSETimeIntervals		31094.525	31094.4935		
31096.451	0.1069999999999709	HSETimeIntervals		31096.510000000002	31096.504500000003		
31098.169	0.12099999999918509	HSETimeIntervals		31098.253	31098.2295		
31098.366	0.09499999999752617	HSETimeIntervals		31098.426	31098.413500000002		
31099.885000000002	0.17799999999988358	HSETimeIntervals		31099.982	31099.974000000002		
31100.0	238.0	SleepStates					NREMstate
31101.722	0.16300000000046566	HSETimeIntervals		31101.827	31101.8035		
31103.79	0.24099999999816646	HSETimeIntervals		31103.983	31103.9105		
31107.745	0.2570000000014261	HSETimeIntervals		31107.852	31107.873499999998		
31108.014	0.11500000000160071	HSETimeIntervals		31108.059	31108.0715		
31110.0336	0.24799999999959255	UpDownStatesTimeIntervals				UP	
31111.512	0.23400000000037835	HSETimeIntervals		31111.71	31111.628999999997		
31111.781	0.3220000000001164	HSETimeIntervals		31111.944	31111.942		
31112.177	0.3320000000021537	HSETimeIntervals		31112.473	31112.343		
31114.14	0.09500000000116415	HSETimeIntervals		31114.193	31114.1875		
31114.798	0.11800000000221189	HSETimeIntervals		31114.84	31114.857		
31115.615	0.10900000000037835	HSETimeIntervals		31115.69	31115.6695		
31115.788	0.09500000000116415	HSETimeIntervals		31115.844	31115.8355		
31116.624	0.4680000000007567	HSETimeIntervals		31116.852	31116.858		
31119.511000000002	0.07099999999991269	HSETimeIntervals		31119.542	31119.546500000004		
31119.764	0.09900000000197906	HSETimeIntervals		31119.825	31119.8135		
31119.901	0.12899999999717693	HSETimeIntervals		31119.951	31119.965500000002		
31121.760000000002	0.19999999999708962	HSETimeIntervals		31121.791	31121.86		
31121.98	0.10499999999956344	HSETimeIntervals		31122.046000000002	31122.0325		
31122.259000000002	0.2109999999993306	HSETimeIntervals		31122.302	31122.364500000003		
31123.19	0.342000000000553	HSETimeIntervals		31123.445	31123.360999999997		
31124.018	0.48099999999976717	HSETimeIntervals		31124.174	31124.2585		
31125.6448	0.2768000000032771	UpDownStatesTimeIntervals				DOWN	
31125.9216	0.2375999999967462	UpDownStatesTimeIntervals				UP	
31127.047	0.08700000000317232	HSETimeIntervals		31127.083	31127.0905		
31127.209	0.4940000000024156	HSETimeIntervals		31127.411	31127.456		
31128.902000000002	0.22999999999956344	HSETimeIntervals		31129.029	31129.017000000003		
31129.156	0.23900000000139698	HSETimeIntervals		31129.213	31129.2755		
31129.679	0.12399999999979627	HSETimeIntervals		31129.749	31129.741		
31129.827	0.41300000000046566	HSETimeIntervals		31130.069	31130.0335		
31130.4352	0.1680000000014843	UpDownStatesTimeIntervals				DOWN	
31131.175	0.08799999999973807	HSETimeIntervals		31131.214	31131.219		
31131.2496	0.24400000000241562	UpDownStatesTimeIntervals				UP	
31131.605	0.06899999999950523	HSETimeIntervals		31131.643	31131.6395		
31131.7	0.3820000000014261	HSETimeIntervals		31132.025	31131.891		
31132.2824	0.1503999999986263	UpDownStatesTimeIntervals				UP	
31134.263	0.3960000000006403	HSETimeIntervals		31134.299	31134.461		
31135.052	0.15799999999944703	HSETimeIntervals		31135.153000000002	31135.131		
31137.1712	0.13599999999860302	UpDownStatesTimeIntervals				UP	
31137.7456	0.09360000000015134	UpDownStatesTimeIntervals				DOWN	
31138.928	0.11000000000058208	HSETimeIntervals		31138.997	31138.983		
31139.813000000002	0.4709999999977299	HSETimeIntervals		31140.114	31140.0485		
31142.151	0.2429999999985739	HSETimeIntervals		31142.342	31142.272500000003		
31142.1864	0.15999999999985448	UpDownStatesTimeIntervals				UP	
31142.454	0.11899999999877764	HSETimeIntervals		31142.524	31142.5135		
31143.1584	0.13360000000102445	UpDownStatesTimeIntervals				UP	
31145.037	0.2459999999991851	HSETimeIntervals		31145.13	31145.16		
31145.1992	0.1264000000010128	UpDownStatesTimeIntervals				UP	
31145.7128	0.19279999999707798	UpDownStatesTimeIntervals				DOWN	
31145.9056	0.1808000000019092	UpDownStatesTimeIntervals				UP	
31146.157	0.37000000000261934	HSETimeIntervals		31146.263	31146.342		
31147.076	0.10299999999915599	HSETimeIntervals		31147.135000000002	31147.127500000002		
31147.939000000002	0.15399999999863212	HSETimeIntervals		31148.004	31148.016000000003		
31148.222	0.16499999999723514	HSETimeIntervals		31148.335	31148.304500000002		
31148.696	0.24239999999917927	UpDownStatesTimeIntervals				DOWN	
31148.9384	0.25679999999920256	UpDownStatesTimeIntervals				UP	
31152.0248	0.2312000000019907	UpDownStatesTimeIntervals				UP	
31153.08	0.21679999999832944	UpDownStatesTimeIntervals				UP	
31154.4792	0.15679999999701977	UpDownStatesTimeIntervals				UP	
31156.246	0.3140000000021246	HSETimeIntervals		31156.528000000002	31156.403		
31156.585	0.3739999999997963	HSETimeIntervals		31156.901	31156.772		
31156.8648	0.14800000000104774	UpDownStatesTimeIntervals				UP	
31161.571	0.2040000000015425	HSETimeIntervals		31161.633	31161.673		
31162.7432	0.1496000000006461	UpDownStatesTimeIntervals				UP	
31163.005	0.07400000000052387	HSETimeIntervals		31163.046000000002	31163.042		
31163.768	0.29360000000087894	UpDownStatesTimeIntervals				UP	
31164.684	0.05519999999887659	UpDownStatesTimeIntervals				DOWN	
31167.727	0.10800000000017462	HSETimeIntervals		31167.802	31167.781		
31167.8688	0.4464000000007218	UpDownStatesTimeIntervals				UP	
31168.8784	0.28079999999681604	UpDownStatesTimeIntervals				UP	
31169.155	0.4790000000029977	HSETimeIntervals		31169.248	31169.3945		
31170.349000000002	0.238999999997759	HSETimeIntervals		31170.396	31170.468500000003		
31171.201	0.3109999999978754	HSETimeIntervals		31171.312	31171.3565		
31171.813000000002	0.09499999999752617	HSETimeIntervals		31171.874	31171.860500000003		
31177.686	0.3609999999971478	HSETimeIntervals		31177.822	31177.8665		
31180.821	0.13500000000203727	HSETimeIntervals		31180.868000000002	31180.8885		
31181.4864	0.15199999999822467	UpDownStatesTimeIntervals				UP	
31183.3256	0.19840000000112923	UpDownStatesTimeIntervals				UP	
31184.2976	0.20159999999668798	UpDownStatesTimeIntervals				UP	
31185.587	0.125	HSETimeIntervals		31185.655	31185.6495		
31191.4	0.1368000000002212	UpDownStatesTimeIntervals				UP	
31193.315	0.13100000000122236	HSETimeIntervals		31193.394	31193.3805		
31194.284	0.14640000000144937	UpDownStatesTimeIntervals				UP	
31194.952	0.1584000000002561	UpDownStatesTimeIntervals				UP	
31196.913	0.15799999999944703	HSETimeIntervals		31197.036	31196.992000000002		
31197.562	0.09000000000014552	HSETimeIntervals		31197.602	31197.607		
31200.3968	0.09680000000298605	RippleTimeIntervals		31200.4536			
31204.397	0.2530000000006112	HSETimeIntervals		31204.614	31204.5235		
31204.7712	0.15279999999984284	UpDownStatesTimeIntervals				UP	
31205.222	0.17299999999886495	HSETimeIntervals		31205.299	31205.308500000003		
31205.7768	0.144800000001851	UpDownStatesTimeIntervals				UP	
31207.155	0.13800000000264845	HSETimeIntervals		31207.256	31207.224		
31207.749	0.14900000000125146	HSETimeIntervals		31207.838	31207.8235		
31208.364	0.18079999999827123	UpDownStatesTimeIntervals				UP	
31208.491	0.113999999997759	HSETimeIntervals		31208.574	31208.548000000003		
31210.395	0.11899999999877764	HSETimeIntervals		31210.457000000002	31210.4545		
31211.0152	0.24719999999797437	UpDownStatesTimeIntervals				UP	
31213.285	0.11700000000200816	HSETimeIntervals		31213.332000000002	31213.3435		
31213.585	0.12299999999959255	HSETimeIntervals		31213.662	31213.6465		
31215.878	0.08599999999933061	HSETimeIntervals		31215.926	31215.921000000002		
31220.212	0.07700000000113505	HSETimeIntervals		31220.249	31220.2505		
31221.73	0.3140000000021246	HSETimeIntervals		31221.898	31221.887		
31221.9112	0.15040000000226428	UpDownStatesTimeIntervals				UP	
31222.062	0.1929999999993015	HSETimeIntervals		31222.109	31222.1585		
31222.4312	0.15520000000105938	UpDownStatesTimeIntervals				UP	
31222.7352	0.1952000000019325	UpDownStatesTimeIntervals				DOWN	
31225.804	0.14240000000063446	UpDownStatesTimeIntervals				UP	
31226.545000000002	0.23799999999755528	HSETimeIntervals		31226.589	31226.664		
31226.958	0.31700000000273576	HSETimeIntervals		31227.073	31227.1165		
31228.769	0.3349999999991269	HSETimeIntervals		31228.906	31228.9365		
31231.8224	0.17599999999947613	UpDownStatesTimeIntervals				UP	
31233.228	0.22600000000238651	HSETimeIntervals		31233.348	31233.341		
31234.3544	0.14879999999902793	UpDownStatesTimeIntervals				UP	
31237.6712	0.15120000000024447	UpDownStatesTimeIntervals				UP	
31238.58	0.13279999999940628	UpDownStatesTimeIntervals				UP	
31240.626	0.2109999999993306	HSETimeIntervals		31240.691	31240.7315		
31240.884000000002	0.18399999999746797	HSETimeIntervals		31240.924	31240.976000000002		
31242.669	0.21500000000014552	HSETimeIntervals		31242.728	31242.7765		
31242.918	0.3220000000001164	HSETimeIntervals		31242.984	31243.079		
31244.322	0.4929999999985739	HSETimeIntervals		31244.356	31244.5685		
31244.6712	0.1503999999986263	UpDownStatesTimeIntervals				UP	
31245.357	0.21700000000055297	HSETimeIntervals		31245.394	31245.4655		
31248.383	0.1929999999993015	HSETimeIntervals		31248.483	31248.4795		
31250.9448	0.2448000000003958	UpDownStatesTimeIntervals				UP	
31254.5056	0.11920000000100117	UpDownStatesTimeIntervals				UP	
31254.874	0.4220000000022992	HSETimeIntervals		31254.971	31255.085		
31255.332000000002	0.1069999999999709	HSETimeIntervals		31255.376	31255.385500000004		
31256.315	0.3000000000029104	HSETimeIntervals		31256.414	31256.465		
31257.766	0.21700000000055297	HSETimeIntervals		31257.941	31257.874499999998		
31259.832000000002	0.3849999999983993	HSETimeIntervals		31259.923	31260.024500000003		
31260.920000000002	0.09699999999793363	HSETimeIntervals		31260.968	31260.968500000003		
31264.3488	0.05519999999887659	UpDownStatesTimeIntervals				DOWN	
31264.364	0.3149999999986903	HSETimeIntervals		31264.632	31264.521500000003		
31264.9064	0.19840000000112923	UpDownStatesTimeIntervals				UP	
31268.371	0.18700000000171713	HSETimeIntervals		31268.523	31268.4645		
31271.726	0.23500000000058208	HSETimeIntervals		31271.785	31271.8435		
31272.132	0.08899999999994179	HSETimeIntervals		31272.182	31272.1765		
31273.096	0.0864000000001397	RippleTimeIntervals		31273.1472			
31274.503	0.23300000000017462	HSETimeIntervals		31274.578	31274.6195		
31274.743000000002	0.21799999999711872	HSETimeIntervals		31274.786	31274.852000000003		
31276.265	0.38500000000203727	HSETimeIntervals		31276.539	31276.4575		
31278.0048	0.25120000000242726	UpDownStatesTimeIntervals				UP	
31281.913	0.2510000000002037	HSETimeIntervals		31282.122	31282.0385		
31282.4616	0.1640000000006694	UpDownStatesTimeIntervals				UP	
31284.226	0.3540000000029977	HSETimeIntervals		31284.373	31284.403		
31285.253	0.13599999999860302	HSETimeIntervals		31285.303	31285.321		
31285.9816	0.17520000000149594	UpDownStatesTimeIntervals				UP	
31286.5608	0.1264000000010128	UpDownStatesTimeIntervals				UP	
31289.911	0.08699999999953434	HSETimeIntervals		31289.957000000002	31289.9545		
31290.181	0.07700000000113505	HSETimeIntervals		31290.226	31290.2195		
31290.291	0.10599999999976717	HSETimeIntervals		31290.331000000002	31290.344		
31290.683	0.08599999999933061	HSETimeIntervals		31290.734	31290.726000000002		
31290.8968	0.15200000000186265	UpDownStatesTimeIntervals				UP	
31291.557	0.4279999999998836	HSETimeIntervals		31291.87	31291.771		
31292.171000000002	0.3949999999967986	HSETimeIntervals		31292.527000000002	31292.3685		
31292.869	0.07700000000113505	HSETimeIntervals		31292.912	31292.907499999998		
31296.277000000002	0.25899999999819556	HSETimeIntervals		31296.349000000002	31296.4065		
31296.88	0.23500000000058208	HSETimeIntervals		31297.053	31296.9975		
31298.803	0.19800000000032014	HSETimeIntervals		31298.965	31298.902		
31299.461	0.13500000000203727	HSETimeIntervals		31299.518	31299.5285		
31300.0304	0.13040000000182772	UpDownStatesTimeIntervals				UP	
31300.11	0.22100000000136788	HSETimeIntervals		31300.173	31300.2205		
31300.599000000002	0.11799999999857391	HSETimeIntervals		31300.672	31300.658000000003		
31304.286	0.2669999999998254	HSETimeIntervals		31304.339	31304.4195		
31306.159	0.44800000000032014	HSETimeIntervals		31306.406	31306.382999999998		
31306.6624	0.16799999999784632	UpDownStatesTimeIntervals				UP	
31308.221	0.07999999999810825	HSETimeIntervals		31308.271	31308.261000000002		
31309.097	0.09799999999813735	HSETimeIntervals		31309.155	31309.146		
31309.432	0.3129999999982829	HSETimeIntervals		31309.604	31309.5885		
31309.803	0.2750000000014552	HSETimeIntervals		31309.987	31309.9405		
31310.3664	0.1728000000002794	UpDownStatesTimeIntervals				UP	
31310.455	0.091999999996915	HSETimeIntervals		31310.509000000002	31310.501		
31311.062	0.11899999999877764	HSETimeIntervals		31311.113	31311.1215		
31311.224000000002	0.07999999999810825	HSETimeIntervals		31311.269	31311.264000000003		
31311.573	0.23500000000058208	HSETimeIntervals		31311.647	31311.6905		
31314.133	0.4639999999999418	HSETimeIntervals		31314.329	31314.365		
31315.125	0.2999999999992724	HSETimeIntervals		31315.363	31315.275		
31317.232	0.24699999999938882	HSETimeIntervals		31317.446	31317.3555		
31318.264	0.23700000000098953	HSETimeIntervals		31318.446	31318.3825		
31318.881	0.06799999999930151	HSETimeIntervals		31318.915	31318.915		
31318.9824	0.16799999999784632	UpDownStatesTimeIntervals				UP	
31321.576	0.12199999999938882	HSETimeIntervals		31321.639	31321.637000000002		
31324.825	0.22100000000136788	HSETimeIntervals		31324.854	31324.9355		
31325.846	0.11199999999735155	HSETimeIntervals		31325.912	31325.902000000002		
31325.98	0.24899999999979627	HSETimeIntervals		31326.035	31326.1045		
31327.600000000002	0.36899999999877764	HSETimeIntervals		31327.818	31327.7845		
31327.983	0.1110000000007858	HSETimeIntervals		31328.03	31328.0385		
31329.414	0.13799999999901047	HSETimeIntervals		31329.517	31329.483		
31330.844	0.07439999999769498	RippleTimeIntervals		31330.8632			
31333.366	0.12299999999959255	HSETimeIntervals		31333.419	31333.4275		
31333.7992	0.24399999999877764	UpDownStatesTimeIntervals				UP	
31333.807	0.2680000000000291	HSETimeIntervals		31333.919	31333.941		
31334.4904	0.1455999999998312	UpDownStatesTimeIntervals				UP	
31335.136000000002	0.39399999999659485	HSETimeIntervals		31335.435	31335.333000000002		
31335.572	0.18700000000171713	HSETimeIntervals		31335.609	31335.6655		
31337.5128	0.1543999999994412	UpDownStatesTimeIntervals				UP	
31338.498	0.13300000000162981	HSETimeIntervals		31338.549	31338.5645		
31339.0	25.0	SleepStates					WAKEstate
31340.137	0.22800000000279397	HSETimeIntervals		31340.304	31340.251		
31340.399	0.32400000000052387	HSETimeIntervals		31340.59	31340.561		
31342.877	0.13300000000162981	HSETimeIntervals		31342.974000000002	31342.9435		
31343.824	0.11400000000139698	HSETimeIntervals		31343.872	31343.881		
31347.882	0.15399999999863212	HSETimeIntervals		31347.93	31347.959000000003		
31352.982	0.17299999999886495	HSETimeIntervals		31353.028000000002	31353.0685		
31353.449	0.12299999999959255	HSETimeIntervals		31353.503	31353.5105		
31354.08	0.09000000000014552	HSETimeIntervals		31354.126	31354.125		
31354.563000000002	0.12999999999738066	HSETimeIntervals		31354.656	31354.628		
31355.284	0.09800000000177533	HSETimeIntervals		31355.351	31355.333		
31355.69	0.08300000000235741	HSETimeIntervals		31355.735	31355.731499999998		
31358.158	0.12299999999959255	HSETimeIntervals		31358.245	31358.2195		
31359.262	0.2970000000022992	HSETimeIntervals		31359.447	31359.410499999998		
31359.788	0.14600000000064028	HSETimeIntervals		31359.835	31359.861		
31361.045000000002	0.07899999999790452	HSETimeIntervals		31361.078	31361.0845		
31361.699	0.08499999999912689	HSETimeIntervals		31361.748	31361.7415		
31363.176	0.08200000000215368	HSETimeIntervals		31363.218	31363.217		
31364.733	0.0930000000007567	HSETimeIntervals		31364.788	31364.7795		
31365.0	352.0	SleepStates					NREMstate
31365.2384	0.20080000000234577	UpDownStatesTimeIntervals				UP	
31365.9152	0.2360000000007858	UpDownStatesTimeIntervals				UP	
31367.399	0.3209999999999127	HSETimeIntervals		31367.546000000002	31367.559500000003		
31367.884	0.25120000000242726	UpDownStatesTimeIntervals				UP	
31367.89	0.40200000000186265	HSETimeIntervals		31368.248	31368.091		
31368.9704	0.19440000000031432	UpDownStatesTimeIntervals				UP	
31371.525	0.20199999999749707	HSETimeIntervals		31371.651	31371.626		
31372.496	0.46000000000276486	HSETimeIntervals		31372.685	31372.726		
31373.018	0.28700000000026193	HSETimeIntervals		31373.267	31373.1615		
31374.245	0.1110000000007858	HSETimeIntervals		31374.289	31374.300499999998		
31375.7824	0.12159999999857973	UpDownStatesTimeIntervals				UP	
31376.3392	0.09519999999974971	UpDownStatesTimeIntervals				UP	
31378.381	0.2530000000006112	HSETimeIntervals		31378.426	31378.5075		
31380.0528	0.2687999999980093	UpDownStatesTimeIntervals				UP	
31380.699	0.41999999999825377	HSETimeIntervals		31380.899	31380.909		
31380.7872	0.272000000000844	UpDownStatesTimeIntervals				UP	
31382.649	0.10900000000037835	HSETimeIntervals		31382.691	31382.7035		
31383.205	0.4709999999977299	HSETimeIntervals		31383.24	31383.4405		
31384.425	0.1790000000000873	HSETimeIntervals		31384.479	31384.514499999997		
31385.039	0.21299999999973807	HSETimeIntervals		31385.099000000002	31385.145500000002		
31385.6208	0.3103999999984808	UpDownStatesTimeIntervals				UP	
31389.137	0.07600000000093132	HSETimeIntervals		31389.18	31389.175		
31389.372	0.31999999999970896	HSETimeIntervals		31389.438000000002	31389.532		
31389.7216	0.1136000000005879	UpDownStatesTimeIntervals				UP	
31390.2464	0.13039999999818974	UpDownStatesTimeIntervals				UP	
31391.786	0.08599999999933061	HSETimeIntervals		31391.828	31391.829		
31392.021	0.24799999999959255	HSETimeIntervals		31392.086	31392.145		
31395.397	0.1319999999977881	HSETimeIntervals		31395.442	31395.463		
31398.7224	0.06800000000293949	UpDownStatesTimeIntervals				DOWN	
31398.9424	0.28399999999965075	UpDownStatesTimeIntervals				UP	
31399.197	0.13100000000122236	HSETimeIntervals		31399.229	31399.2625		
31399.4392	0.18479999999908614	UpDownStatesTimeIntervals				DOWN	
31400.331000000002	0.352999999999156	HSETimeIntervals		31400.542	31400.507500000003		
31401.0168	0.22239999999874271	UpDownStatesTimeIntervals				UP	
31401.65	0.227999999999156	HSETimeIntervals		31401.718	31401.764000000003		
31402.457000000002	0.29399999999805004	HSETimeIntervals		31402.649	31402.604000000003		
31402.9416	0.153600000001461	UpDownStatesTimeIntervals				UP	
31404.0168	0.13599999999860302	UpDownStatesTimeIntervals				UP	
31404.5536	0.12800000000061118	UpDownStatesTimeIntervals				UP	
31404.876	0.28800000000046566	HSETimeIntervals		31405.027000000002	31405.02		
31408.652000000002	0.2109999999993306	HSETimeIntervals		31408.736	31408.757500000003		
31410.253	0.09000000000014552	HSETimeIntervals		31410.303	31410.298		
31410.616	0.24099999999816646	HSETimeIntervals		31410.659	31410.736500000003		
31411.8704	0.15599999999903957	UpDownStatesTimeIntervals				UP	
31413.3448	0.13040000000182772	UpDownStatesTimeIntervals				UP	
31415.1152	0.1687999999994645	UpDownStatesTimeIntervals				UP	
31415.448	0.48700000000098953	HSETimeIntervals		31415.771	31415.6915		
31416.328	0.3223999999972875	UpDownStatesTimeIntervals				UP	
31417.068	0.1088000000017928	UpDownStatesTimeIntervals				DOWN	
31417.411	0.4219999999986612	HSETimeIntervals		31417.621	31417.622		
31422.277000000002	0.12899999999717693	HSETimeIntervals		31422.366	31422.341500000002		
31423.2808	0.07040000000051805	UpDownStatesTimeIntervals				DOWN	
31423.331000000002	0.21299999999973807	HSETimeIntervals		31423.498	31423.437500000004		
31423.3512	0.38079999999899883	UpDownStatesTimeIntervals				UP	
31423.784	0.2109999999993306	HSETimeIntervals		31423.944	31423.8895		
31425.5096	0.227999999999156	UpDownStatesTimeIntervals				UP	
31426.367000000002	0.216999999996915	HSETimeIntervals		31426.412	31426.4755		
31430.744	0.17799999999988358	HSETimeIntervals		31430.781	31430.833		
31431.545000000002	0.1069999999999709	HSETimeIntervals		31431.612	31431.598500000004		
31433.6528	0.12399999999979627	UpDownStatesTimeIntervals				UP	
31434.1312	0.32400000000052387	UpDownStatesTimeIntervals				UP	
31434.646	0.25899999999819556	HSETimeIntervals		31434.874	31434.7755		
31434.920000000002	0.09799999999813735	HSETimeIntervals		31434.958	31434.969		
31438.584	0.22400000000197906	HSETimeIntervals		31438.635000000002	31438.696		
31438.8736	0.17360000000189757	UpDownStatesTimeIntervals				UP	
31439.27	0.29100000000107684	HSETimeIntervals		31439.377	31439.4155		
31441.717	0.3389999999999418	HSETimeIntervals		31441.756	31441.8865		
31442.444	0.31700000000273576	HSETimeIntervals		31442.619	31442.6025		
31443.06	0.18799999999828287	UpDownStatesTimeIntervals				UP	
31443.617000000002	0.09499999999752617	HSETimeIntervals		31443.656	31443.664500000003		
31445.069	0.21600000000034925	HSETimeIntervals		31445.25	31445.177		
31445.43	0.48800000000119326	HSETimeIntervals		31445.646	31445.674		
31446.554	0.1430000000000291	HSETimeIntervals		31446.593	31446.6255		
31448.295000000002	0.10800000000017462	HSETimeIntervals		31448.363	31448.349000000002		
31449.6832	0.1455999999998312	UpDownStatesTimeIntervals				UP	
31453.66	0.07700000000113505	HSETimeIntervals		31453.706000000002	31453.6985		
31454.1808	0.14720000000306754	RippleTimeIntervals		31454.2168			
31458.183	0.10099999999874854	HSETimeIntervals		31458.242000000002	31458.233500000002		
31459.004	0.2448000000003958	UpDownStatesTimeIntervals				UP	
31459.628	0.3139999999984866	HSETimeIntervals		31459.81	31459.785		
31460.5248	0.1415999999990163	UpDownStatesTimeIntervals				UP	
31460.8056	0.13279999999940628	RippleTimeIntervals		31460.9072			
31464.083	0.1940000000031432	HSETimeIntervals		31464.129	31464.18		
31465.061	0.2429999999985739	HSETimeIntervals		31465.216	31465.182500000003		
31466.217	0.08599999999933061	HSETimeIntervals		31466.257	31466.260000000002		
31466.768	0.46299999999973807	HSETimeIntervals		31467.02	31466.9995		
31467.696	0.30199999999967986	HSETimeIntervals		31467.91	31467.847		
31468.1472	0.1415999999990163	UpDownStatesTimeIntervals				UP	
31469.2544	0.127199999998993	UpDownStatesTimeIntervals				UP	
31469.666	0.059999999997671694	HSETimeIntervals		31469.697	31469.696		
31471.403000000002	0.11099999999714782	HSETimeIntervals		31471.459	31471.4585		
31472.113	0.2109999999993306	HSETimeIntervals		31472.247	31472.218500000003		
31472.5552	0.2407999999995809	UpDownStatesTimeIntervals				UP	
31473.283	0.2530000000006112	HSETimeIntervals		31473.351	31473.409499999998		
31477.952	0.2459999999991851	HSETimeIntervals		31478.007	31478.075		
31479.6736	0.3224000000009255	UpDownStatesTimeIntervals				UP	
31480.236	0.11499999999796273	HSETimeIntervals		31480.312	31480.2935		
31480.8168	0.1584000000002561	UpDownStatesTimeIntervals				UP	
31481.964	0.11400000000139698	HSETimeIntervals		31482.011000000002	31482.021		
31482.7232	0.18479999999908614	UpDownStatesTimeIntervals				UP	
31484.5224	0.16079999999783468	UpDownStatesTimeIntervals				UP	
31485.974000000002	0.12600000000020373	HSETimeIntervals		31486.058	31486.037		
31489.1656	0.15199999999822467	UpDownStatesTimeIntervals				UP	
31491.494	0.09900000000197906	HSETimeIntervals		31491.555	31491.5435		
31492.091	0.11699999999837019	HSETimeIntervals		31492.121	31492.1495		
31492.8376	0.18960000000151922	UpDownStatesTimeIntervals				UP	
31493.779000000002	0.10299999999915599	HSETimeIntervals		31493.84	31493.830500000004		
31496.19	0.3730000000032305	HSETimeIntervals		31496.244	31496.3765		
31499.049	0.07800000000133878	HSETimeIntervals		31499.092	31499.088		
31500.0824	0.2088000000003376	UpDownStatesTimeIntervals				UP	
31502.2952	0.13759999999820138	UpDownStatesTimeIntervals				UP	
31503.6	0.18720000000030268	UpDownStatesTimeIntervals				UP	
31504.136	0.14640000000144937	UpDownStatesTimeIntervals				UP	
31505.0624	0.11040000000139116	UpDownStatesTimeIntervals				UP	
31506.9832	0.023199999999633292	UpDownStatesTimeIntervals				DOWN	
31507.5896	0.24560000000201399	UpDownStatesTimeIntervals				UP	
31508.069	0.47400000000197906	HSETimeIntervals		31508.28	31508.306		
31508.7632	0.19919999999910942	UpDownStatesTimeIntervals				UP	
31508.84	0.10199999999895226	HSETimeIntervals		31508.883	31508.891		
31509.8456	0.14879999999902793	UpDownStatesTimeIntervals				UP	
31510.523	0.4330000000009022	HSETimeIntervals		31510.889	31510.7395		
31522.125	0.33100000000194996	HSETimeIntervals		31522.265	31522.2905		
31522.5056	0.25600000000122236	UpDownStatesTimeIntervals				UP	
31524.466	0.40200000000186265	HSETimeIntervals		31524.662	31524.667		
31527.508	0.2519999999967695	UpDownStatesTimeIntervals				UP	
31528.77	0.14900000000125146	HSETimeIntervals		31528.848	31528.8445		
31528.924	0.09100000000034925	HSETimeIntervals		31528.981	31528.9695		
31529.934	0.3499999999985448	HSETimeIntervals		31530.068	31530.109		
31530.739	0.10299999999915599	HSETimeIntervals		31530.796000000002	31530.790500000003		
31531.53	0.2180000000007567	HSETimeIntervals		31531.566	31531.639		
31532.394	0.11000000000058208	HSETimeIntervals		31532.469	31532.449		
31533.364	0.27999999999883585	HSETimeIntervals		31533.401	31533.504		
31533.84	0.13759999999820138	UpDownStatesTimeIntervals				UP	
31534.244	0.49900000000343425	HSETimeIntervals		31534.505	31534.4935		
31534.4184	0.15440000000307919	UpDownStatesTimeIntervals				UP	
31534.756	0.10099999999874854	HSETimeIntervals		31534.809	31534.806500000002		
31536.5128	0.11679999999978463	UpDownStatesTimeIntervals				UP	
31539.3296	0.2864000000008673	UpDownStatesTimeIntervals				UP	
31542.468	0.09400000000096043	HSETimeIntervals		31542.527000000002	31542.515		
31543.426	0.272000000000844	HSETimeIntervals		31543.664	31543.561999999998		
31544.759000000002	0.3569999999999709	HSETimeIntervals		31544.956000000002	31544.937500000004		
31547.0808	0.14319999999861466	UpDownStatesTimeIntervals				UP	
31547.318	0.1290000000008149	HSETimeIntervals		31547.36	31547.3825		
31553.2816	0.15279999999984284	UpDownStatesTimeIntervals				UP	
31554.006	0.0930000000007567	HSETimeIntervals		31554.057	31554.0525		
31555.227	0.05800000000090222	HSETimeIntervals		31555.258	31555.255999999998		
31555.324	0.10299999999915599	HSETimeIntervals		31555.36	31555.375500000002		
31555.9056	0.1992000000027474	UpDownStatesTimeIntervals				UP	
31557.3976	0.06480000000010477	UpDownStatesTimeIntervals				DOWN	
31558.0464	0.32480000000214204	UpDownStatesTimeIntervals				UP	
31559.139	0.18300000000090222	HSETimeIntervals		31559.264	31559.230499999998		
31560.567	0.11400000000139698	HSETimeIntervals		31560.612	31560.624		
31562.194	0.16200000000026193	HSETimeIntervals		31562.252	31562.274999999998		
31563.601	0.08100000000194996	HSETimeIntervals		31563.646	31563.641499999998		
31563.8528	0.2919999999976426	UpDownStatesTimeIntervals				DOWN	
31564.296	0.14640000000144937	UpDownStatesTimeIntervals				UP	
31564.586	0.14900000000125146	HSETimeIntervals		31564.656	31564.660499999998		
31572.392	0.1543999999994412	UpDownStatesTimeIntervals				UP	
31573.0664	0.1455999999998312	UpDownStatesTimeIntervals				UP	
31573.7176	0.23760000000038417	UpDownStatesTimeIntervals				UP	
31574.16	0.30500000000029104	HSETimeIntervals		31574.318	31574.3125		
31574.9152	0.15200000000186265	UpDownStatesTimeIntervals				UP	
31575.004	0.18699999999807915	HSETimeIntervals		31575.119	31575.0975		
31575.764	0.11700000000200816	HSETimeIntervals		31575.802	31575.8225		
31576.803	0.11000000000058208	HSETimeIntervals		31576.857	31576.858		
31577.1056	0.10080000000016298	RippleTimeIntervals		31577.204			
31577.128	0.3569999999999709	HSETimeIntervals		31577.336	31577.306500000002		
31578.6424	0.1319999999977881	UpDownStatesTimeIntervals				UP	
31579.666	0.11499999999796273	HSETimeIntervals		31579.718	31579.7235		
31581.265	0.08300000000235741	HSETimeIntervals		31581.307	31581.3065		
31581.5104	0.34720000000015716	UpDownStatesTimeIntervals				UP	
31581.9088	0.06799999999930151	UpDownStatesTimeIntervals				DOWN	
31582.499	0.17699999999967986	HSETimeIntervals		31582.57	31582.5875		
31582.849000000002	0.17699999999967986	HSETimeIntervals		31582.983	31582.937500000004		
31586.77	0.13100000000122236	HSETimeIntervals		31586.811	31586.8355		
31587.1368	0.18960000000151922	UpDownStatesTimeIntervals				UP	
31589.044	0.09200000000055297	HSETimeIntervals		31589.089	31589.09		
31589.153000000002	0.25899999999819556	HSETimeIntervals		31589.264	31589.2825		
31591.2592	0.24320000000079744	UpDownStatesTimeIntervals				UP	
31591.524	0.1463999999978114	UpDownStatesTimeIntervals				DOWN	
31599.534	0.14900000000125146	HSETimeIntervals		31599.611	31599.6085		
31600.572	0.11899999999877764	HSETimeIntervals		31600.619	31600.6315		
31603.1368	0.2319999999999709	UpDownStatesTimeIntervals				UP	
31603.404000000002	0.3629999999975553	HSETimeIntervals		31603.635000000002	31603.5855		
31603.822	0.09000000000014552	HSETimeIntervals		31603.874	31603.867		
31605.5208	0.2319999999999709	UpDownStatesTimeIntervals				UP	
31609.431	0.12199999999938882	HSETimeIntervals		31609.488	31609.492000000002		
31610.8648	0.053599999999278225	UpDownStatesTimeIntervals				DOWN	
31610.9184	0.09280000000217115	UpDownStatesTimeIntervals				UP	
31611.5208	0.1176000000014028	UpDownStatesTimeIntervals				UP	
31612.885000000002	0.3349999999991269	HSETimeIntervals		31613.176	31613.0525		
31613.37	0.15900000000328873	HSETimeIntervals		31613.407	31613.4495		
31615.503	0.34799999999813735	HSETimeIntervals		31615.787	31615.677		
31617.04	0.14500000000043656	HSETimeIntervals		31617.115	31617.1125		
31617.364	0.06999999999970896	HSETimeIntervals		31617.396	31617.399		
31617.506	0.07699999999749707	HSETimeIntervals		31617.538	31617.5445		
31618.456000000002	0.21899999999732245	HSETimeIntervals		31618.54	31618.5655		
31618.956000000002	0.11699999999837019	HSETimeIntervals		31619.039	31619.0145		
31619.748	0.15120000000024447	UpDownStatesTimeIntervals				UP	
31619.971	0.09100000000034925	HSETimeIntervals		31620.001	31620.0165		
31620.967	0.0819999999985157	HSETimeIntervals		31621.015	31621.008		
31621.123	0.10499999999956344	HSETimeIntervals		31621.197	31621.1755		
31621.6888	0.16319999999905122	UpDownStatesTimeIntervals				UP	
31622.1272	0.23040000000037253	UpDownStatesTimeIntervals				UP	
31622.3944	0.24879999999757274	UpDownStatesTimeIntervals				DOWN	
31624.5248	0.29839999999967404	UpDownStatesTimeIntervals				UP	
31625.1112	0.1543999999994412	UpDownStatesTimeIntervals				DOWN	
31625.9352	0.21519999999873107	UpDownStatesTimeIntervals				UP	
31627.693	0.13800000000264845	HSETimeIntervals		31627.795000000002	31627.762		
31628.982	0.35199999999895226	HSETimeIntervals		31629.294	31629.158		
31629.546000000002	0.08399999999892316	HSETimeIntervals		31629.597	31629.588000000003		
31630.962	0.294000000001688	HSETimeIntervals		31631.096	31631.109		
31633.328	0.09100000000034925	HSETimeIntervals		31633.37	31633.3735		
31633.903000000002	0.23599999999714782	HSETimeIntervals		31633.996	31634.021		
31635.257	0.06899999999950523	HSETimeIntervals		31635.294	31635.291500000003		
31635.9352	0.1368000000002212	UpDownStatesTimeIntervals				UP	
31638.255	0.33299999999871943	HSETimeIntervals		31638.436	31638.4215		
31639.277000000002	0.19099999999889405	HSETimeIntervals		31639.426	31639.3725		
31639.529000000002	0.36199999999735155	HSETimeIntervals		31639.604	31639.710000000003		
31643.8904	0.22560000000157743	UpDownStatesTimeIntervals				UP	
31644.297	0.10600000000340515	HSETimeIntervals		31644.357	31644.35		
31644.586	0.21700000000055297	HSETimeIntervals		31644.77	31644.694499999998		
31645.3368	0.21999999999752617	UpDownStatesTimeIntervals				UP	
31645.9808	0.05279999999766005	UpDownStatesTimeIntervals				DOWN	
31646.0336	0.19280000000071595	UpDownStatesTimeIntervals				UP	
31646.416	0.29279999999926076	UpDownStatesTimeIntervals				UP	
31648.8536	0.09920000000056461	UpDownStatesTimeIntervals				UP	
31649.3104	0.19280000000071595	UpDownStatesTimeIntervals				UP	
31650.2848	0.18399999999746797	UpDownStatesTimeIntervals				DOWN	
31650.74	0.4609999999993306	HSETimeIntervals		31651.025	31650.970500000003		
31650.9424	0.15520000000105938	UpDownStatesTimeIntervals				UP	
31651.6584	0.12080000000059954	UpDownStatesTimeIntervals				UP	
31652.1128	0.22560000000157743	UpDownStatesTimeIntervals				DOWN	
31653.18	0.06599999999889405	HSETimeIntervals		31653.215	31653.213		
31653.3128	0.28880000000208383	UpDownStatesTimeIntervals				UP	
31653.7336	0.058400000001711305	UpDownStatesTimeIntervals				DOWN	
31654.594	0.11300000000119326	HSETimeIntervals		31654.66	31654.6505		
31656.085	0.24200000000200816	HSETimeIntervals		31656.124	31656.206		
31657.913	0.14800000000104774	HSETimeIntervals		31658.03	31657.987		
31659.12	0.13700000000244472	HSETimeIntervals		31659.171000000002	31659.1885		
31661.842	0.15599999999903957	HSETimeIntervals		31661.924	31661.920000000002		
31663.439000000002	0.15899999999965075	HSETimeIntervals		31663.565	31663.518500000002		
31665.368000000002	0.09399999999732245	HSETimeIntervals		31665.429	31665.415		
31665.5096	0.2143999999971129	UpDownStatesTimeIntervals				DOWN	
31665.836	0.2180000000007567	HSETimeIntervals		31666.014	31665.945		
31666.3648	0.23519999999916763	UpDownStatesTimeIntervals				UP	
31668.784	0.14600000000064028	HSETimeIntervals		31668.828	31668.857		
31670.492	0.16640000000188593	UpDownStatesTimeIntervals				UP	
31670.973	0.28399999999965075	HSETimeIntervals		31671.215	31671.115		
31671.4936	0.36719999999695574	UpDownStatesTimeIntervals				UP	
31672.3992	0.1455999999998312	UpDownStatesTimeIntervals				DOWN	
31673.548	0.09800000000177533	HSETimeIntervals		31673.609	31673.596999999998		
31674.292	0.09699999999793363	HSETimeIntervals		31674.332000000002	31674.340500000002		
31674.435	0.43000000000029104	HSETimeIntervals		31674.788	31674.65		
31674.873	0.47999999999956344	HSETimeIntervals		31675.204	31675.113		
31675.624	0.18400000000110595	HSETimeIntervals		31675.676	31675.716		
31676.993000000002	0.09899999999834108	HSETimeIntervals		31677.062	31677.042500000003		
31677.126	0.49100000000180444	HSETimeIntervals		31677.414	31677.3715		
31677.352	0.17920000000231084	UpDownStatesTimeIntervals				UP	
31677.716	0.16319999999905122	UpDownStatesTimeIntervals				DOWN	
31677.773	0.08399999999892316	HSETimeIntervals		31677.802	31677.815000000002		
31678.186	0.1430000000000291	HSETimeIntervals		31678.28	31678.2575		
31678.68	0.12800000000061118	HSETimeIntervals		31678.767	31678.744		
31678.9304	0.11759999999776483	UpDownStatesTimeIntervals				UP	
31678.985	0.12199999999938882	HSETimeIntervals		31679.067	31679.046000000002		
31679.883	0.07099999999991269	HSETimeIntervals		31679.915	31679.918500000003		
31682.772	0.4330000000009022	HSETimeIntervals		31682.885000000002	31682.9885		
31684.505	0.40099999999802094	HSETimeIntervals		31684.712	31684.7055		
31685.7024	0.18640000000232249	UpDownStatesTimeIntervals				UP	
31687.076	0.1959999999999127	HSETimeIntervals		31687.138	31687.174000000003		
31688.3624	0.17119999999704305	UpDownStatesTimeIntervals				UP	
31690.355	0.12399999999979627	HSETimeIntervals		31690.398	31690.417		
31691.842	0.125	HSETimeIntervals		31691.886000000002	31691.9045		
31692.071	0.3250000000007276	HSETimeIntervals		31692.237	31692.2335		
31693.9248	0.20720000000073924	UpDownStatesTimeIntervals				DOWN	
31694.8008	0.26559999999881256	UpDownStatesTimeIntervals				UP	
31700.852	0.0970000000015716	HSETimeIntervals		31700.916	31700.9005		
31701.312	0.07599999999729334	HSETimeIntervals		31701.355	31701.350000000002		
31701.662	0.2789999999986321	HSETimeIntervals		31701.836	31701.8015		
31702.843	0.10199999999895226	HSETimeIntervals		31702.891	31702.894		
31703.28	0.11400000000139698	HSETimeIntervals		31703.344	31703.337		
31703.4112	0.14240000000063446	UpDownStatesTimeIntervals				UP	
31703.52	0.10099999999874854	HSETimeIntervals		31703.565	31703.5705		
31706.568	0.13279999999940628	UpDownStatesTimeIntervals				UP	
31707.357	0.08000000000174623	HSETimeIntervals		31707.393	31707.397		
31707.5824	0.0864000000001397	UpDownStatesTimeIntervals				DOWN	
31708.2696	0.18240000000150758	UpDownStatesTimeIntervals				UP	
31709.0	0.11000000000058208	HSETimeIntervals		31709.069	31709.055		
31709.5208	0.0768000000025495	UpDownStatesTimeIntervals				DOWN	
31710.4016	0.09279999999853317	UpDownStatesTimeIntervals				UP	
31712.8208	0.23359999999956926	UpDownStatesTimeIntervals				UP	
31713.6496	0.2319999999999709	UpDownStatesTimeIntervals				UP	
31715.37	0.37100000000282307	HSETimeIntervals		31715.473	31715.5555		
31718.0	7.0	SleepStates					WAKEstate
31720.812	0.17599999999947613	HSETimeIntervals		31720.865	31720.9		
31721.408	0.08699999999953434	HSETimeIntervals		31721.448	31721.4515		
31721.661	0.13300000000162981	HSETimeIntervals		31721.697	31721.7275		
31722.115	0.06599999999889405	HSETimeIntervals		31722.149	31722.148		
31722.351	0.12800000000061118	HSETimeIntervals		31722.385000000002	31722.414999999997		
31722.552	0.06899999999950523	HSETimeIntervals		31722.583	31722.5865		
31723.115	0.09000000000014552	HSETimeIntervals		31723.171000000002	31723.16		
31723.685	0.07899999999790452	HSETimeIntervals		31723.735	31723.7245		
31724.947	0.0750000000007276	HSETimeIntervals		31724.988	31724.9845		
31725.299	0.08100000000194996	HSETimeIntervals		31725.339	31725.3395		
31725.473	0.091999999996915	HSETimeIntervals		31725.524	31725.519		
31726.0	22.0	SleepStates					NREMstate
31726.6008	0.18720000000030268	UpDownStatesTimeIntervals				UP	
31727.043	0.08899999999994179	HSETimeIntervals		31727.079	31727.0875		
31728.104	0.47300000000177533	HSETimeIntervals		31728.425	31728.3405		
31729.284	0.18800000000192085	HSETimeIntervals		31729.404000000002	31729.378		
31730.009000000002	0.1430000000000291	HSETimeIntervals		31730.082000000002	31730.0805		
31730.525	0.11000000000058208	HSETimeIntervals		31730.574	31730.58		
31731.649	0.07999999999810825	HSETimeIntervals		31731.693	31731.689000000002		
31731.779000000002	0.11799999999857391	HSETimeIntervals		31731.843	31731.838000000003		
31732.247	0.23400000000037835	HSETimeIntervals		31732.447	31732.363999999998		
31732.531	0.1610000000000582	HSETimeIntervals		31732.594	31732.6115		
31732.714	0.07800000000133878	HSETimeIntervals		31732.757	31732.753		
31732.857	0.17599999999947613	HSETimeIntervals		31732.89	31732.945		
31733.746	0.10300000000279397	HSETimeIntervals		31733.803	31733.7975		
31733.874	0.2750000000014552	HSETimeIntervals		31734.073	31734.0115		
31734.274	0.14400000000023283	HSETimeIntervals		31734.350000000002	31734.346		
31734.611	0.10599999999976717	HSETimeIntervals		31734.654000000002	31734.664		
31734.921000000002	0.09099999999671127	HSETimeIntervals		31734.97	31734.966500000002		
31735.760000000002	0.12600000000020373	HSETimeIntervals		31735.834	31735.823		
31735.961	0.09800000000177533	HSETimeIntervals		31736.018	31736.01		
31736.258	0.07899999999790452	HSETimeIntervals		31736.299	31736.2975		
31738.114	0.10399999999935972	HSETimeIntervals		31738.184	31738.166		
31738.295000000002	0.10099999999874854	HSETimeIntervals		31738.362	31738.345500000003		
31740.003	0.08799999999973807	HSETimeIntervals		31740.054	31740.047000000002		
31741.038	0.10299999999915599	HSETimeIntervals		31741.074	31741.089500000002		
31741.785	0.11400000000139698	HSETimeIntervals		31741.833	31741.842		
31742.018	0.11899999999877764	HSETimeIntervals		31742.095	31742.0775		
31743.233	0.19700000000011642	HSETimeIntervals		31743.386000000002	31743.3315		
31743.603	0.28700000000026193	HSETimeIntervals		31743.819	31743.746499999997		
31743.941	0.09400000000096043	HSETimeIntervals		31743.98	31743.987999999998		
31744.092	0.19199999999909778	HSETimeIntervals		31744.178	31744.188000000002		
31744.436	0.07300000000032014	HSETimeIntervals		31744.473	31744.4725		
31745.763	0.07200000000011642	HSETimeIntervals		31745.806	31745.799		
31746.597	0.12899999999717693	HSETimeIntervals		31746.643	31746.661500000002		
31747.386000000002	0.07999999999810825	HSETimeIntervals		31747.432	31747.426000000003		
31748.125	0.14099999999962165	HSETimeIntervals		31748.182	31748.1955		
31748.973	0.20399999999790452	HSETimeIntervals		31749.149	31749.075		
31749.0	99.0	SleepStates					WAKEstate
31750.891	0.18000000000029104	HSETimeIntervals		31751.031	31750.981		
31753.412	0.07300000000032014	HSETimeIntervals		31753.449	31753.4485		
31753.93	0.1500000000014552	HSETimeIntervals		31753.974000000002	31754.005		
31754.918	0.10499999999956344	HSETimeIntervals		31754.992000000002	31754.970500000003		
31757.346	0.1069999999999709	HSETimeIntervals		31757.424	31757.399500000003		
31758.587	0.13400000000183354	HSETimeIntervals		31758.632	31758.654		
31759.479	0.10900000000037835	HSETimeIntervals		31759.556	31759.533499999998		
31762.309	0.06699999999909778	HSETimeIntervals		31762.341	31762.342500000002		
31764.129	0.1389999999992142	HSETimeIntervals		31764.209	31764.198500000002		
31764.933	0.08599999999933061	HSETimeIntervals		31764.984	31764.976000000002		
31765.122	0.12399999999979627	HSETimeIntervals		31765.204	31765.184		
31766.032	0.20300000000133878	HSETimeIntervals		31766.202	31766.1335		
31766.322	0.2139999999999418	HSETimeIntervals		31766.361	31766.429		
31767.714	0.0750000000007276	HSETimeIntervals		31767.748	31767.7515		
31768.895	0.07600000000093132	HSETimeIntervals		31768.936	31768.933		
31769.596	0.113999999997759	HSETimeIntervals		31769.675	31769.653000000002		
31770.404000000002	0.113999999997759	HSETimeIntervals		31770.482	31770.461000000003		
31772.285	0.08300000000235741	HSETimeIntervals		31772.33	31772.3265		
31772.898	0.0750000000007276	HSETimeIntervals		31772.939000000002	31772.9355		
31773.438000000002	0.14099999999962165	HSETimeIntervals		31773.478	31773.508500000004		
31773.926	0.26599999999962165	HSETimeIntervals		31774.152000000002	31774.059		
31774.945	0.08300000000235741	HSETimeIntervals		31774.991	31774.9865		
31776.036	0.0970000000015716	HSETimeIntervals		31776.094	31776.0845		
31776.695	0.3280000000013388	HSETimeIntervals		31776.895	31776.859		
31777.999	0.21299999999973807	HSETimeIntervals		31778.173	31778.1055		
31778.251	0.125	HSETimeIntervals		31778.34	31778.3135		
31778.646	0.2459999999991851	HSETimeIntervals		31778.69	31778.769		
31786.062	0.11699999999837019	HSETimeIntervals		31786.106	31786.1205		
31787.539	0.11400000000139698	HSETimeIntervals		31787.611	31787.596		
31787.798	0.16200000000026193	HSETimeIntervals		31787.925	31787.878999999997		
31789.125	0.11899999999877764	HSETimeIntervals		31789.211	31789.1845		
31789.309	0.06499999999869033	HSETimeIntervals		31789.346	31789.341500000002		
31789.436	0.2209999999977299	HSETimeIntervals		31789.575	31789.5465		
31790.177	0.25900000000183354	HSETimeIntervals		31790.358	31790.3065		
31790.795000000002	0.10800000000017462	HSETimeIntervals		31790.849000000002	31790.849000000002		
31791.175	0.19100000000253203	HSETimeIntervals		31791.298	31791.2705		
31792.641	0.1640000000006694	HSETimeIntervals		31792.756	31792.722999999998		
31796.714	0.10299999999915599	HSETimeIntervals		31796.766	31796.7655		
31798.078	0.29499999999825377	HSETimeIntervals		31798.115	31798.2255		
31799.471	0.4239999999990687	HSETimeIntervals		31799.524	31799.683		
31804.69	0.23100000000340515	HSETimeIntervals		31804.873	31804.8055		
31808.938000000002	0.3040000000000873	HSETimeIntervals		31809.167	31809.09		
31809.284	0.09200000000055297	HSETimeIntervals		31809.337	31809.329999999998		
31809.924	0.19100000000253203	HSETimeIntervals		31810.08	31810.0195		
31810.202	0.06699999999909778	HSETimeIntervals		31810.236	31810.235500000003		
31810.451	0.08399999999892316	HSETimeIntervals		31810.498	31810.493000000002		
31811.218	0.14099999999962165	HSETimeIntervals		31811.271	31811.288500000002		
31816.695	0.0970000000015716	HSETimeIntervals		31816.726	31816.7435		
31817.485	0.13300000000162981	HSETimeIntervals		31817.568	31817.5515		
31817.831000000002	0.19800000000032014	HSETimeIntervals		31817.875	31817.93		
31819.215	0.09400000000096043	HSETimeIntervals		31819.279000000002	31819.262		
31822.774	0.12600000000020373	HSETimeIntervals		31822.854	31822.837		
31826.538	0.13000000000101863	HSETimeIntervals		31826.624	31826.603		
31826.828	0.1929999999993015	HSETimeIntervals		31826.964	31826.9245		
31828.422	0.1290000000008149	HSETimeIntervals		31828.510000000002	31828.4865		
31830.36	0.18799999999828287	HSETimeIntervals		31830.511000000002	31830.454		
31831.84	0.06999999999970896	HSETimeIntervals		31831.884000000002	31831.875		
31831.958	0.13500000000203727	HSETimeIntervals		31832.062	31832.0255		
31833.43	0.15200000000186265	HSETimeIntervals		31833.465	31833.506		
31841.299	0.1500000000014552	HSETimeIntervals		31841.384000000002	31841.374		
31842.194	0.352999999999156	HSETimeIntervals		31842.228	31842.3705		
31843.752	0.260999999998603	HSETimeIntervals		31843.965	31843.8825		
31844.657	0.34500000000116415	HSETimeIntervals		31844.82	31844.8295		
31847.154000000002	0.11899999999877764	HSETimeIntervals		31847.216	31847.2135		
31848.887	0.07700000000113505	HSETimeIntervals		31848.919	31848.925499999998		
31849.0	129.0	SleepStates					NREMstate
31849.271	0.17699999999967986	HSETimeIntervals		31849.384000000002	31849.359500000002		
31850.622	0.21000000000276486	HSETimeIntervals		31850.715	31850.727		
31850.859	0.2000000000007276	HSETimeIntervals		31850.9	31850.959		
31851.732	0.08200000000215368	HSETimeIntervals		31851.777000000002	31851.773		
31852.276	0.14399999999659485	UpDownStatesTimeIntervals				UP	
31854.038	0.1569999999992433	HSETimeIntervals		31854.163	31854.1165		
31854.222	0.16300000000046566	HSETimeIntervals		31854.319	31854.3035		
31855.041	0.23700000000098953	HSETimeIntervals		31855.129	31855.1595		
31858.601	0.4710000000013679	HSETimeIntervals		31858.706000000002	31858.836499999998		
31859.412	0.18799999999828287	UpDownStatesTimeIntervals				UP	
31859.7624	0.037599999999656575	UpDownStatesTimeIntervals				DOWN	
31859.994	0.1640000000006694	HSETimeIntervals		31860.091	31860.075999999997		
31860.193	0.14199999999982538	HSETimeIntervals		31860.259000000002	31860.264		
31860.467	0.30900000000110595	HSETimeIntervals		31860.677	31860.6215		
31861.063000000002	0.11799999999857391	HSETimeIntervals		31861.121	31861.122000000003		
31861.192	0.2000000000007276	HSETimeIntervals		31861.25	31861.291999999998		
31864.123	0.09400000000096043	HSETimeIntervals		31864.18	31864.17		
31864.25	0.18700000000171713	HSETimeIntervals		31864.401	31864.3435		
31867.505	0.1709999999984575	HSETimeIntervals		31867.62	31867.590500000002		
31868.012	0.08600000000296859	HSETimeIntervals		31868.057	31868.055		
31868.569	0.06999999999970896	HSETimeIntervals		31868.606	31868.604		
31868.684	0.2749999999978172	HSETimeIntervals		31868.911	31868.821500000002		
31868.8592	0.13440000000264263	UpDownStatesTimeIntervals				UP	
31868.998	0.08899999999994179	HSETimeIntervals		31869.039	31869.0425		
31870.8296	0.26480000000083237	UpDownStatesTimeIntervals				UP	
31871.387	0.15600000000267755	HSETimeIntervals		31871.443	31871.465		
31871.944	0.10399999999935972	HSETimeIntervals		31872.0	31871.996		
31872.456000000002	0.4399999999986903	HSETimeIntervals		31872.723	31872.676000000003		
31873.261000000002	0.12599999999656575	HSETimeIntervals		31873.318	31873.324		
31876.3952	0.3312000000005355	UpDownStatesTimeIntervals				UP	
31877.218	0.30500000000029104	HSETimeIntervals		31877.388	31877.3705		
31879.0768	0.09679999999934807	UpDownStatesTimeIntervals				DOWN	
31879.1736	0.18000000000029104	UpDownStatesTimeIntervals				UP	
31879.791	0.10800000000017462	HSETimeIntervals		31879.839	31879.845		
31884.875	0.23500000000058208	HSETimeIntervals		31885.057	31884.9925		
31885.232	0.1415999999990163	UpDownStatesTimeIntervals				UP	
31886.1888	0.12399999999979627	UpDownStatesTimeIntervals				UP	
31888.679	0.07099999999991269	HSETimeIntervals		31888.714	31888.714500000002		
31890.764	0.41700000000128057	HSETimeIntervals		31891.076	31890.9725		
31891.211	0.35300000000279397	HSETimeIntervals		31891.329	31891.3875		
31892.635000000002	0.15399999999863212	HSETimeIntervals		31892.711	31892.712000000003		
31893.337	0.11700000000200816	HSETimeIntervals		31893.404000000002	31893.3955		
31893.7856	0.34720000000015716	UpDownStatesTimeIntervals				UP	
31894.208	0.1290000000008149	HSETimeIntervals		31894.269	31894.2725		
31894.36	0.42599999999947613	HSETimeIntervals		31894.586	31894.573		
31895.103	0.06999999999970896	HSETimeIntervals		31895.135000000002	31895.138		
31896.516	0.1069999999999709	HSETimeIntervals		31896.558	31896.5695		
31896.831000000002	0.34399999999732245	HSETimeIntervals		31897.128	31897.003		
31897.703	0.12999999999738066	HSETimeIntervals		31897.751	31897.768		
31898.728	0.09400000000096043	HSETimeIntervals		31898.777000000002	31898.774999999998		
31900.026	0.19999999999708962	HSETimeIntervals		31900.082000000002	31900.126		
31902.010000000002	0.11999999999898137	HSETimeIntervals		31902.087	31902.070000000003		
31903.1224	0.19519999999829452	UpDownStatesTimeIntervals				DOWN	
31903.187	0.13699999999880674	HSETimeIntervals		31903.241	31903.255500000003		
31903.3176	0.3824000000022352	UpDownStatesTimeIntervals				UP	
31907.558	0.08899999999994179	HSETimeIntervals		31907.609	31907.6025		
31907.901	0.1319999999977881	HSETimeIntervals		31908.006	31907.967		
31909.079	0.113999999997759	HSETimeIntervals		31909.153000000002	31909.136000000002		
31909.334	0.09100000000034925	HSETimeIntervals		31909.379	31909.3795		
31912.638	0.19900000000052387	HSETimeIntervals		31912.781	31912.7375		
31913.6368	0.26559999999881256	UpDownStatesTimeIntervals				UP	
31913.831000000002	0.260999999998603	HSETimeIntervals		31913.949	31913.9615		
31914.154000000002	0.30399999999644933	HSETimeIntervals		31914.37	31914.306		
31915.15	0.09399999999732245	HSETimeIntervals		31915.189000000002	31915.197		
31915.859	0.20899999999892316	HSETimeIntervals		31916.027000000002	31915.9635		
31916.127	0.13300000000162981	HSETimeIntervals		31916.169	31916.1935		
31917.891	0.28700000000026193	HSETimeIntervals		31918.004	31918.034499999998		
31920.62	0.2710000000006403	HSETimeIntervals		31920.832000000002	31920.7555		
31923.0216	0.10080000000016298	UpDownStatesTimeIntervals				DOWN	
31923.1224	0.1768000000010943	UpDownStatesTimeIntervals				UP	
31925.769	0.19900000000052387	HSETimeIntervals		31925.81	31925.8685		
31925.996	0.14240000000063446	UpDownStatesTimeIntervals				UP	
31927.272	0.09699999999793363	HSETimeIntervals		31927.305	31927.3205		
31927.431	0.07099999999991269	HSETimeIntervals		31927.463	31927.466500000002		
31929.088	0.0790000000015425	HSETimeIntervals		31929.126	31929.1275		
31931.133	0.13599999999860302	HSETimeIntervals		31931.170000000002	31931.201		
31931.561	0.08099999999831198	HSETimeIntervals		31931.599000000002	31931.6015		
31931.802	0.2510000000002037	HSETimeIntervals		31931.936	31931.927499999998		
31931.9944	0.14400000000023283	UpDownStatesTimeIntervals				UP	
31934.3968	0.1455999999998312	UpDownStatesTimeIntervals				UP	
31934.517	0.2669999999998254	HSETimeIntervals		31934.583	31934.6505		
31935.3648	0.053599999999278225	UpDownStatesTimeIntervals				DOWN	
31935.428	0.11800000000221189	HSETimeIntervals		31935.463	31935.487		
31936.443	0.2760000000016589	HSETimeIntervals		31936.653000000002	31936.581		
31936.9	0.24399999999877764	HSETimeIntervals		31937.046000000002	31937.022		
31937.3432	0.13119999999980791	UpDownStatesTimeIntervals				UP	
31941.389	0.22000000000116415	HSETimeIntervals		31941.420000000002	31941.499		
31943.172	0.13000000000101863	HSETimeIntervals		31943.243000000002	31943.236999999997		
31943.984	0.13100000000122236	HSETimeIntervals		31944.069	31944.0495		
31946.379	0.09600000000136788	HSETimeIntervals		31946.436	31946.427		
31949.981	0.2220000000015716	HSETimeIntervals		31950.136000000002	31950.092		
31951.362	0.1709999999984575	HSETimeIntervals		31951.452	31951.447500000002		
31953.718	0.14400000000023283	HSETimeIntervals		31953.797	31953.79		
31958.5	0.21500000000014552	HSETimeIntervals		31958.662	31958.6075		
31960.042	0.1499999999978172	HSETimeIntervals		31960.098	31960.117000000002		
31962.183	0.12600000000020373	HSETimeIntervals		31962.274	31962.246		
31964.751	0.1320000000014261	HSETimeIntervals		31964.797	31964.817		
31965.968	0.12199999999938882	HSETimeIntervals		31966.034	31966.029000000002		
31967.953	0.10900000000037835	HSETimeIntervals		31967.987	31968.0075		
31968.3024	0.1640000000006694	UpDownStatesTimeIntervals				UP	
31968.9672	0.13999999999941792	UpDownStatesTimeIntervals				UP	
31969.305	0.22000000000116415	HSETimeIntervals		31969.421000000002	31969.415		
31974.204	0.22899999999935972	HSETimeIntervals		31974.384000000002	31974.3185		
31975.668	0.2739999999976135	HSETimeIntervals		31975.702	31975.805		
31977.116	0.14099999999962165	HSETimeIntervals		31977.167	31977.186500000003		
31978.4	0.09699999999793363	HSETimeIntervals		31978.461	31978.448500000002		
31978.507	0.26299999999901047	HSETimeIntervals		31978.59	31978.6385		
31979.0	23.0	SleepStates					WAKEstate
31980.170000000002	0.11999999999898137	HSETimeIntervals		31980.228	31980.230000000003		
31984.948	0.15999999999985448	HSETimeIntervals		31985.074	31985.028000000002		
31987.404000000002	0.14099999999962165	HSETimeIntervals		31987.455	31987.474500000004		
31988.161	0.2459999999991851	HSETimeIntervals		31988.213	31988.284		
31989.053	0.18700000000171713	HSETimeIntervals		31989.129	31989.1465		
31989.468	0.09500000000116415	HSETimeIntervals		31989.507	31989.5155		
31991.856	0.11400000000139698	HSETimeIntervals		31991.94	31991.913		
31993.197	0.1389999999992142	HSETimeIntervals		31993.289	31993.2665		
31997.93	0.11200000000098953	HSETimeIntervals		31997.979	31997.986		
31998.137	0.0650000000023283	HSETimeIntervals		31998.171000000002	31998.1695		
31998.904000000002	0.23099999999976717	HSETimeIntervals		31998.94	31999.019500000002		
32002.057	0.09600000000136788	HSETimeIntervals		32002.115	32002.105		
32002.420000000002	0.08499999999912689	HSETimeIntervals		32002.45	32002.4625		
32003.0	7.0	SleepStates					NREMstate
32006.521	0.3169999999990978	HSETimeIntervals		32006.755	32006.679500000002		
32008.2328	0.19759999999951106	UpDownStatesTimeIntervals				UP	
32009.223	0.11099999999714782	HSETimeIntervals		32009.262	32009.2785		
32010.68	0.11300000000119326	HSETimeIntervals		32010.731	32010.7365		
32011.0	14.0	SleepStates					WAKEstate
32011.754	0.18999999999869033	HSETimeIntervals		32011.855	32011.849000000002		
32013.327	0.20499999999810825	HSETimeIntervals		32013.399	32013.429500000002		
32014.829	0.12199999999938882	HSETimeIntervals		32014.889	32014.890000000003		
32016.48	0.06999999999970896	HSETimeIntervals		32016.510000000002	32016.515		
32019.698	0.07099999999991269	HSETimeIntervals		32019.726	32019.733500000002		
32022.532	0.08300000000235741	HSETimeIntervals		32022.577	32022.5735		
32023.795000000002	0.09100000000034925	HSETimeIntervals		32023.835	32023.840500000002		
32025.289	0.06499999999869033	HSETimeIntervals		32025.322	32025.321500000002		
32025.994	0.18300000000090222	HSETimeIntervals		32026.062	32026.085499999997		
32026.0	273.0	SleepStates					NREMstate
32027.59	0.11400000000139698	HSETimeIntervals		32027.652000000002	32027.647		
32029.646	0.07200000000011642	HSETimeIntervals		32029.682	32029.682		
32033.4104	0.1687999999994645	UpDownStatesTimeIntervals				DOWN	
32033.5792	0.17599999999947613	UpDownStatesTimeIntervals				UP	
32035.869	0.1069999999999709	HSETimeIntervals		32035.920000000002	32035.9225		
32037.104	0.0930000000007567	HSETimeIntervals		32037.149	32037.1505		
32037.328	0.07699999999749707	HSETimeIntervals		32037.371	32037.3665		
32037.4144	0.13919999999779975	UpDownStatesTimeIntervals				UP	
32038.2088	0.13360000000102445	UpDownStatesTimeIntervals				DOWN	
32038.661	0.11300000000119326	HSETimeIntervals		32038.706000000002	32038.7175		
32039.063000000002	0.16499999999723514	HSETimeIntervals		32039.127	32039.145500000002		
32039.976	0.4176000000006752	UpDownStatesTimeIntervals				UP	
32041.052	0.2250000000021828	HSETimeIntervals		32041.237	32041.1645		
32041.552	0.12199999999938882	HSETimeIntervals		32041.626	32041.613		
32044.379	0.07700000000113505	HSETimeIntervals		32044.419	32044.4175		
32044.5592	0.24399999999877764	UpDownStatesTimeIntervals				UP	
32045.455	0.11899999999877764	HSETimeIntervals		32045.515	32045.5145		
32047.208	0.29500000000189175	HSETimeIntervals		32047.312	32047.355499999998		
32047.654000000002	0.10199999999895226	HSETimeIntervals		32047.703	32047.705		
32050.44	0.08800000000337604	HSETimeIntervals		32050.49	32050.484		
32050.961	0.09400000000096043	HSETimeIntervals		32050.994	32051.007999999998		
32051.241	0.3489999999983411	HSETimeIntervals		32051.4	32051.415500000003		
32052.277000000002	0.10800000000017462	HSETimeIntervals		32052.349000000002	32052.331000000002		
32053.581000000002	0.12199999999938882	HSETimeIntervals		32053.637	32053.642000000003		
32055.6224	0.06880000000091968	UpDownStatesTimeIntervals				DOWN	
32055.71	0.14500000000043656	HSETimeIntervals		32055.785	32055.782499999998		
32055.898	0.11499999999796273	HSETimeIntervals		32055.935	32055.9555		
32055.9584	0.29680000000007567	UpDownStatesTimeIntervals				UP	
32057.544	0.125	HSETimeIntervals		32057.583	32057.6065		
32058.079	0.1430000000000291	HSETimeIntervals		32058.117000000002	32058.1505		
32059.43	0.2040000000015425	HSETimeIntervals		32059.602	32059.532		
32060.151	0.09899999999834108	HSETimeIntervals		32060.212	32060.200500000003		
32061.704	0.12899999999717693	HSETimeIntervals		32061.759000000002	32061.768500000002		
32061.914	0.12800000000061118	HSETimeIntervals		32062.004	32061.978		
32063.296000000002	0.35899999999674037	HSETimeIntervals		32063.614	32063.4755		
32064.819	0.1929999999993015	HSETimeIntervals		32064.966	32064.9155		
32065.667	0.0779999999977008	HSETimeIntervals		32065.706000000002	32065.706000000002		
32067.009000000002	0.39500000000043656	HSETimeIntervals		32067.33	32067.2065		
32067.591	0.11200000000098953	HSETimeIntervals		32067.624	32067.647		
32067.91	0.1820000000006985	HSETimeIntervals		32067.959	32068.001		
32069.227	0.2319999999999709	HSETimeIntervals		32069.268	32069.343		
32071.008	0.3600000000005821	HSETimeIntervals		32071.086	32071.188000000002		
32075.183	0.09799999999813735	HSETimeIntervals		32075.249	32075.232		
32075.348	0.41300000000046566	HSETimeIntervals		32075.48	32075.554500000002		
32075.794	0.19099999999889405	HSETimeIntervals		32075.925	32075.8895		
32077.047	0.13500000000203727	HSETimeIntervals		32077.129	32077.1145		
32078.125	0.09800000000177533	HSETimeIntervals		32078.170000000002	32078.174		
32078.265	0.3960000000006403	HSETimeIntervals		32078.605	32078.463		
32087.258	0.08699999999953434	HSETimeIntervals		32087.297	32087.3015		
32087.53	0.4470000000001164	HSETimeIntervals		32087.672	32087.7535		
32088.1968	0.22399999999834108	UpDownStatesTimeIntervals				UP	
32089.384	0.23920000000362052	UpDownStatesTimeIntervals				UP	
32091.664	0.1503999999986263	UpDownStatesTimeIntervals				UP	
32091.958	0.08600000000296859	HSETimeIntervals		32092.003	32092.001		
32092.6992	0.25120000000242726	UpDownStatesTimeIntervals				UP	
32093.9024	0.18240000000150758	UpDownStatesTimeIntervals				UP	
32093.956000000002	0.2459999999991851	HSETimeIntervals		32094.099000000002	32094.079		
32094.229	0.07700000000113505	HSETimeIntervals		32094.271	32094.267499999998		
32094.321	0.12099999999918509	HSETimeIntervals		32094.395	32094.3815		
32094.966	0.11600000000180444	HSETimeIntervals		32095.018	32095.024		
32095.3536	0.2504000000008091	UpDownStatesTimeIntervals				UP	
32097.731	0.2510000000002037	HSETimeIntervals		32097.842	32097.856499999998		
32098.335	0.10800000000017462	HSETimeIntervals		32098.41	32098.389		
32099.065	0.11900000000241562	HSETimeIntervals		32099.15	32099.124499999998		
32100.806	0.4370000000017171	HSETimeIntervals		32100.969	32101.0245		
32101.721	0.2680000000000291	HSETimeIntervals		32101.899	32101.855		
32101.7384	0.13520000000062282	UpDownStatesTimeIntervals				UP	
32101.999	0.10100000000238651	HSETimeIntervals		32102.033	32102.0495		
32102.137	0.3320000000021537	HSETimeIntervals		32102.425	32102.303		
32103.238	0.17799999999988358	HSETimeIntervals		32103.309	32103.327		
32103.577	0.22299999999813735	HSETimeIntervals		32103.752	32103.6885		
32107.079	0.10800000000017462	HSETimeIntervals		32107.153000000002	32107.133		
32108.447	0.2649999999994179	HSETimeIntervals		32108.663	32108.5795		
32110.121	0.16900000000168802	HSETimeIntervals		32110.227	32110.2055		
32111.545000000002	0.13799999999901047	HSETimeIntervals		32111.591	32111.614		
32111.868000000002	0.11799999999857391	HSETimeIntervals		32111.9	32111.927000000003		
32112.098	0.24799999999959255	HSETimeIntervals		32112.170000000002	32112.222		
32112.363	0.06199999999807915	HSETimeIntervals		32112.395	32112.394		
32114.855	0.1569999999992433	HSETimeIntervals		32114.888	32114.9335		
32115.6056	0.2175999999999476	UpDownStatesTimeIntervals				UP	
32117.766	0.11600000000180444	HSETimeIntervals		32117.814000000002	32117.824		
32118.5704	0.17039999999906286	UpDownStatesTimeIntervals				UP	
32118.987	0.2249999999985448	HSETimeIntervals		32119.021	32119.0995		
32120.1072	0.1720000000022992	UpDownStatesTimeIntervals				UP	
32120.275	0.07999999999810825	HSETimeIntervals		32120.316	32120.315000000002		
32120.64	0.127199999998993	UpDownStatesTimeIntervals				UP	
32120.967	0.07999999999810825	HSETimeIntervals		32121.009000000002	32121.007		
32121.0232	0.2528000000020256	UpDownStatesTimeIntervals				UP	
32122.920000000002	0.21899999999732245	HSETimeIntervals		32122.972	32123.0295		
32124.095	0.16600000000107684	HSETimeIntervals		32124.224000000002	32124.178		
32124.284	0.136000000002241	HSETimeIntervals		32124.384000000002	32124.352		
32124.5152	0.15839999999661813	UpDownStatesTimeIntervals				UP	
32130.8976	0.047200000000884756	UpDownStatesTimeIntervals				DOWN	
32131.6976	0.14879999999902793	UpDownStatesTimeIntervals				UP	
32133.125	0.10299999999915599	HSETimeIntervals		32133.185	32133.1765		
32133.5944	0.127199999998993	UpDownStatesTimeIntervals				UP	
32133.942	0.1940000000031432	HSETimeIntervals		32134.067	32134.039		
32135.275	0.12700000000040745	HSETimeIntervals		32135.322	32135.3385		
32135.7536	0.2760000000016589	UpDownStatesTimeIntervals				UP	
32137.653000000002	0.12399999999979627	HSETimeIntervals		32137.739	32137.715000000004		
32139.909	0.1110000000007858	HSETimeIntervals		32139.964	32139.9645		
32140.912	0.09600000000136788	HSETimeIntervals		32140.97	32140.96		
32142.016	0.342000000000553	HSETimeIntervals		32142.06	32142.186999999998		
32142.683	0.19499999999970896	HSETimeIntervals		32142.844	32142.7805		
32143.746	0.125	HSETimeIntervals		32143.788	32143.8085		
32144.092	0.2789999999986321	HSETimeIntervals		32144.313000000002	32144.2315		
32147.221	0.19800000000032014	HSETimeIntervals		32147.279000000002	32147.32		
32149.142	0.07600000000093132	HSETimeIntervals		32149.189000000002	32149.18		
32149.893	0.1069999999999709	HSETimeIntervals		32149.957000000002	32149.946500000002		
32150.989	0.1069999999999709	HSETimeIntervals		32151.022	32151.042500000003		
32151.937	0.21999999999752617	HSETimeIntervals		32152.049	32152.047000000002		
32152.405	0.08600000000296859	HSETimeIntervals		32152.452	32152.448		
32152.924	0.21299999999973807	HSETimeIntervals		32153.104	32153.0305		
32154.025	0.21700000000055297	HSETimeIntervals		32154.128	32154.1335		
32154.329	0.11799999999857391	HSETimeIntervals		32154.411	32154.388000000003		
32157.744	0.11200000000098953	HSETimeIntervals		32157.801	32157.8		
32159.645	0.30500000000029104	HSETimeIntervals		32159.824	32159.7975		
32160.0648	0.31520000000091386	UpDownStatesTimeIntervals				UP	
32160.89	0.30900000000110595	HSETimeIntervals		32160.965	32161.0445		
32161.636000000002	0.4919999999983702	HSETimeIntervals		32162.092	32161.882		
32162.1328	0.18960000000151922	UpDownStatesTimeIntervals				UP	
32162.4616	0.3624000000017986	UpDownStatesTimeIntervals				UP	
32162.664	0.11599999999816646	HSETimeIntervals		32162.747	32162.722		
32162.798	0.125	HSETimeIntervals		32162.836	32162.8605		
32162.9048	0.0911999999989348	UpDownStatesTimeIntervals				DOWN	
32163.662	0.0819999999985157	HSETimeIntervals		32163.71	32163.703		
32164.546000000002	0.19099999999889405	HSETimeIntervals		32164.698	32164.6415		
32165.203	0.2559999999975844	HSETimeIntervals		32165.298	32165.331000000002		
32166.072	0.18079999999827123	UpDownStatesTimeIntervals				UP	
32167.597	0.10499999999956344	HSETimeIntervals		32167.66	32167.649500000003		
32168.637	0.2110000000029686	HSETimeIntervals		32168.811	32168.7425		
32170.574	0.10399999999935972	HSETimeIntervals		32170.611	32170.626		
32172.904000000002	0.1389999999992142	HSETimeIntervals		32172.976	32172.973500000004		
32173.076	0.11499999999796273	HSETimeIntervals		32173.124	32173.1335		
32173.26	0.13920000000143773	UpDownStatesTimeIntervals				UP	
32173.616	0.125	HSETimeIntervals		32173.71	32173.6785		
32174.077	0.13399999999819556	HSETimeIntervals		32174.171000000002	32174.144		
32176.691	0.20200000000113505	HSETimeIntervals		32176.84	32176.791999999998		
32178.628	0.352999999999156	HSETimeIntervals		32178.946	32178.804500000002		
32179.71	0.3209999999999127	HSETimeIntervals		32179.935	32179.8705		
32181.386000000002	0.07199999999647844	HSETimeIntervals		32181.418	32181.422000000002		
32181.831000000002	0.08299999999871943	HSETimeIntervals		32181.864	32181.8725		
32183.976	0.22800000000279397	HSETimeIntervals		32184.049	32184.09		
32184.0472	0.2559999999975844	UpDownStatesTimeIntervals				UP	
32185.599000000002	0.11199999999735155	HSETimeIntervals		32185.664	32185.655000000002		
32185.801	0.125	HSETimeIntervals		32185.861	32185.8635		
32186.058	0.11000000000058208	HSETimeIntervals		32186.118000000002	32186.113		
32187.099000000002	0.09899999999834108	HSETimeIntervals		32187.16	32187.148500000003		
32187.43	0.1110000000007858	HSETimeIntervals		32187.473	32187.4855		
32189.902000000002	0.10499999999956344	HSETimeIntervals		32189.97	32189.954500000003		
32190.382	0.06299999999828287	HSETimeIntervals		32190.414	32190.413500000002		
32191.384000000002	0.25799999999799184	HSETimeIntervals		32191.484	32191.513000000003		
32194.87	0.15200000000186265	HSETimeIntervals		32194.978	32194.946		
32195.056	0.15100000000165892	HSETimeIntervals		32195.132	32195.1315		
32198.915	0.07899999999790452	HSETimeIntervals		32198.957000000002	32198.9545		
32199.758	0.10099999999874854	HSETimeIntervals		32199.822	32199.808500000003		
32200.155	0.11000000000058208	HSETimeIntervals		32200.195	32200.21		
32201.966	0.16900000000168802	HSETimeIntervals		32202.103	32202.0505		
32204.983	0.09200000000055297	HSETimeIntervals		32205.038	32205.029		
32205.181	0.15499999999883585	HSETimeIntervals		32205.260000000002	32205.2585		
32209.064000000002	0.13799999999901047	HSETimeIntervals		32209.100000000002	32209.133		
32211.023	0.12800000000061118	HSETimeIntervals		32211.08	32211.087		
32212.317	0.0610000000015134	HSETimeIntervals		32212.348	32212.3475		
32212.852	0.10300000000279397	HSETimeIntervals		32212.897	32212.9035		
32213.922	0.1860000000015134	HSETimeIntervals		32214.071	32214.015		
32218.189000000002	0.07699999999749707	HSETimeIntervals		32218.233	32218.2275		
32218.351	0.1040000000029977	HSETimeIntervals		32218.424	32218.403		
32219.011000000002	0.07299999999668216	HSETimeIntervals		32219.047	32219.0475		
32219.91	0.10800000000017462	HSETimeIntervals		32219.979	32219.964		
32221.268	0.2360000000007858	HSETimeIntervals		32221.442	32221.386		
32222.32	0.11200000000098953	HSETimeIntervals		32222.359	32222.376		
32226.1624	0.27599999999802094	UpDownStatesTimeIntervals				UP	
32226.593	0.11599999999816646	HSETimeIntervals		32226.681	32226.651		
32228.3704	0.1368000000002212	UpDownStatesTimeIntervals				UP	
32229.534	0.0930000000007567	HSETimeIntervals		32229.584	32229.5805		
32231.3488	0.23359999999956926	UpDownStatesTimeIntervals				UP	
32231.41	0.08499999999912689	HSETimeIntervals		32231.447	32231.4525		
32231.954	0.06299999999828287	HSETimeIntervals		32231.985	32231.985500000003		
32233.093	0.15899999999965075	HSETimeIntervals		32233.19	32233.1725		
32233.798	0.18500000000130967	HSETimeIntervals		32233.920000000002	32233.890499999998		
32234.573	0.12800000000061118	HSETimeIntervals		32234.656	32234.637		
32235.241	0.07999999999810825	HSETimeIntervals		32235.277000000002	32235.281000000003		
32236.941	0.1820000000006985	HSETimeIntervals		32237.038	32237.032		
32238.8816	0.47199999999793363	UpDownStatesTimeIntervals				UP	
32240.326	0.4989999999997963	HSETimeIntervals		32240.734	32240.575500000003		
32241.583	0.1930000000029395	HSETimeIntervals		32241.663	32241.6795		
32243.508	0.10900000000037835	HSETimeIntervals		32243.577	32243.5625		
32244.171000000002	0.17399999999906868	HSETimeIntervals		32244.31	32244.258		
32244.3512	0.26640000000043074	UpDownStatesTimeIntervals				UP	
32245.475000000002	0.12699999999676947	HSETimeIntervals		32245.533	32245.538500000002		
32246.7192	0.3775999999998021	UpDownStatesTimeIntervals				UP	
32246.849000000002	0.3709999999991851	HSETimeIntervals		32247.166	32247.0345		
32247.242000000002	0.13299999999799184	HSETimeIntervals		32247.304	32247.308500000003		
32247.921000000002	0.11899999999877764	HSETimeIntervals		32247.973	32247.9805		
32248.197	0.13599999999860302	HSETimeIntervals		32248.279000000002	32248.265		
32248.343	0.23300000000017462	HSETimeIntervals		32248.408	32248.4595		
32248.797	0.09400000000096043	HSETimeIntervals		32248.853	32248.843999999997		
32249.736	0.14879999999902793	UpDownStatesTimeIntervals				UP	
32252.64	0.08699999999953434	HSETimeIntervals		32252.679	32252.6835		
32254.33	0.1569999999992433	HSETimeIntervals		32254.437	32254.4085		
32256.753	0.2599999999983993	HSETimeIntervals		32256.833	32256.883		
32260.010000000002	0.07399999999688589	HSETimeIntervals		32260.05	32260.047000000002		
32260.9496	0.1584000000002561	UpDownStatesTimeIntervals				UP	
32261.009000000002	0.40499999999883585	HSETimeIntervals		32261.268	32261.2115		
32261.5848	0.12800000000061118	UpDownStatesTimeIntervals				UP	
32261.598	0.1279999999969732	HSETimeIntervals		32261.642	32261.662		
32261.8432	0.19840000000112923	UpDownStatesTimeIntervals				DOWN	
32262.316	0.26600000000325963	HSETimeIntervals		32262.406	32262.449		
32262.6288	0.10560000000259606	UpDownStatesTimeIntervals				DOWN	
32264.032	0.08699999999953434	HSETimeIntervals		32264.08	32264.0755		
32265.577	0.10199999999895226	HSETimeIntervals		32265.638	32265.628		
32266.061	0.11199999999735155	HSETimeIntervals		32266.138	32266.117000000002		
32266.238	0.06599999999889405	HSETimeIntervals		32266.265	32266.271		
32266.702	0.16999999999825377	HSETimeIntervals		32266.832000000002	32266.787		
32267.8152	0.21279999999751453	UpDownStatesTimeIntervals				UP	
32267.954	0.2710000000006403	HSETimeIntervals		32268.012	32268.089500000002		
32270.785	0.06300000000192085	HSETimeIntervals		32270.818	32270.8165		
32272.101	0.10300000000279397	HSETimeIntervals		32272.167	32272.1525		
32273.3912	0.24720000000161235	UpDownStatesTimeIntervals				UP	
32274.7072	0.10719999999855645	UpDownStatesTimeIntervals				UP	
32275.089	0.08599999999933061	HSETimeIntervals		32275.127	32275.132		
32276.145	0.18500000000130967	HSETimeIntervals		32276.194	32276.2375		
32276.363	0.125	HSETimeIntervals		32276.43	32276.4255		
32276.491	0.08499999999912689	HSETimeIntervals		32276.538	32276.5335		
32277.661	0.10599999999976717	HSETimeIntervals		32277.703	32277.714		
32279.736	0.12299999999959255	HSETimeIntervals		32279.814000000002	32279.7975		
32280.359	0.20599999999831198	HSETimeIntervals		32280.452	32280.462		
32283.447	0.08200000000215368	HSETimeIntervals		32283.482	32283.488		
32284.947	0.10499999999956344	HSETimeIntervals		32284.999	32284.9995		
32285.866	0.05400000000008731	HSETimeIntervals		32285.895	32285.893		
32287.685	0.16599999999743886	HSETimeIntervals		32287.784	32287.768		
32292.659	0.1320000000014261	HSETimeIntervals		32292.716	32292.725		
32296.792	0.10399999999935972	HSETimeIntervals		32296.846	32296.844		
32296.909	0.21500000000014552	HSETimeIntervals		32297.041	32297.016499999998		
32298.129	0.13599999999860302	HSETimeIntervals		32298.232	32298.197		
32300.0	106.0	SleepStates					WAKEstate
32301.777000000002	0.35599999999976717	HSETimeIntervals		32301.897	32301.955		
32304.595	0.12399999999979627	HSETimeIntervals		32304.674	32304.657000000003		
32304.95	0.10099999999874854	HSETimeIntervals		32304.993000000002	32305.000500000002		
32306.116	0.20999999999912689	HSETimeIntervals		32306.254	32306.221		
32310.057	0.08399999999892316	HSETimeIntervals		32310.096	32310.099000000002		
32311.073	0.08799999999973807	HSETimeIntervals		32311.117000000002	32311.117000000002		
32311.716	0.16900000000168802	HSETimeIntervals		32311.762	32311.8005		
32312.899	0.19700000000011642	HSETimeIntervals		32313.056	32312.9975		
32314.295000000002	0.08599999999933061	HSETimeIntervals		32314.347	32314.338000000003		
32316.568	0.07700000000113505	HSETimeIntervals		32316.61	32316.606499999998		
32316.846	0.13699999999880674	HSETimeIntervals		32316.893	32316.914500000003		
32318.08	0.1709999999984575	HSETimeIntervals		32318.19	32318.165500000003		
32319.728	0.09200000000055297	HSETimeIntervals		32319.775	32319.773999999998		
32320.662	0.14800000000104774	HSETimeIntervals		32320.743000000002	32320.736		
32321.686	0.12099999999918509	HSETimeIntervals		32321.762	32321.7465		
32322.588	0.17599999999947613	HSETimeIntervals		32322.662	32322.676		
32322.803	0.07200000000011642	HSETimeIntervals		32322.835	32322.839		
32323.397	0.11699999999837019	HSETimeIntervals		32323.469	32323.4555		
32325.424	0.14099999999962165	HSETimeIntervals		32325.529000000002	32325.4945		
32325.719	0.08599999999933061	HSETimeIntervals		32325.756	32325.762000000002		
32326.959	0.22800000000279397	HSETimeIntervals		32327.032	32327.073		
32327.848	0.13299999999799184	HSETimeIntervals		32327.932	32327.914500000003		
32328.691	0.08400000000256114	HSETimeIntervals		32328.745	32328.733		
32328.813000000002	0.10800000000017462	HSETimeIntervals		32328.868000000002	32328.867000000002		
32329.96	0.07200000000011642	HSETimeIntervals		32330.0	32329.996		
32335.83	0.2209999999977299	HSETimeIntervals		32335.928	32335.9405		
32336.409	0.12700000000040745	HSETimeIntervals		32336.451	32336.4725		
32337.622	0.07800000000133878	HSETimeIntervals		32337.662	32337.661		
32340.372	0.08799999999973807	HSETimeIntervals		32340.419	32340.416		
32341.350000000002	0.08099999999831198	HSETimeIntervals		32341.384000000002	32341.3905		
32342.024	0.14899999999761349	HSETimeIntervals		32342.143	32342.0985		
32342.528000000002	0.11499999999796273	HSETimeIntervals		32342.568	32342.5855		
32343.866	0.09999999999854481	HSETimeIntervals		32343.926	32343.916		
32345.608	0.2570000000014261	HSETimeIntervals		32345.809	32345.7365		
32346.789	0.06199999999807915	HSETimeIntervals		32346.822	32346.82		
32347.036	0.09200000000055297	HSETimeIntervals		32347.097	32347.082		
32349.685	0.16200000000026193	HSETimeIntervals		32349.738	32349.766		
32373.534	0.11200000000098953	HSETimeIntervals		32373.588	32373.59		
32375.28	0.1040000000029977	HSETimeIntervals		32375.337	32375.332		
32375.68	0.07800000000133878	HSETimeIntervals		32375.725000000002	32375.719		
32378.768	0.09400000000096043	HSETimeIntervals		32378.822	32378.815		
32381.493000000002	0.1389999999992142	HSETimeIntervals		32381.579	32381.562500000004		
32383.106	0.0930000000007567	HSETimeIntervals		32383.161	32383.1525		
32384.682	0.11899999999877764	HSETimeIntervals		32384.752	32384.7415		
32385.487	0.10499999999956344	HSETimeIntervals		32385.535	32385.539500000003		
32386.104	0.125	HSETimeIntervals		32386.187	32386.1665		
32388.564000000002	0.07399999999688589	HSETimeIntervals		32388.609	32388.601000000002		
32390.345	0.1110000000007858	HSETimeIntervals		32390.39	32390.4005		
32393.448	0.16200000000026193	HSETimeIntervals		32393.544	32393.529		
32394.408	0.08500000000276486	HSETimeIntervals		32394.455	32394.4505		
32399.143	0.12600000000020373	HSETimeIntervals		32399.23	32399.206		
32402.57	0.07800000000133878	HSETimeIntervals		32402.617000000002	32402.609		
32402.801	0.08599999999933061	HSETimeIntervals		32402.849000000002	32402.844		
32403.565	0.08400000000256114	HSETimeIntervals		32403.615	32403.607		
32405.056	0.11300000000119326	HSETimeIntervals		32405.118000000002	32405.1125		
32406.8168	0.1503999999986263	UpDownStatesTimeIntervals				UP	
32407.0	17.0	SleepStates					NREMstate
32408.5016	0.14719999999942956	UpDownStatesTimeIntervals				UP	
32412.183	0.14800000000104774	HSETimeIntervals		32412.297	32412.257		
32413.2192	0.2175999999999476	UpDownStatesTimeIntervals				UP	
32413.689000000002	0.11799999999857391	HSETimeIntervals		32413.743000000002	32413.748000000003		
32413.855	0.0930000000007567	HSETimeIntervals		32413.9	32413.9015		
32414.278000000002	0.18299999999726424	HSETimeIntervals		32414.422	32414.3695		
32416.87	0.08600000000296859	HSETimeIntervals		32416.915	32416.913		
32417.692	0.20600000000194996	HSETimeIntervals		32417.822	32417.795		
32418.587	0.13500000000203727	HSETimeIntervals		32418.682	32418.6545		
32423.172	0.14900000000125146	HSETimeIntervals		32423.286	32423.246499999997		
32423.782	0.15100000000165892	HSETimeIntervals		32423.902000000002	32423.8575		
32424.455	0.38299999999799184	HSETimeIntervals		32424.648	32424.646500000003		
32425.0	29.0	SleepStates					WAKEstate
32425.229	0.20500000000174623	HSETimeIntervals		32425.356	32425.3315		
32426.784	0.15899999999965075	HSETimeIntervals		32426.91	32426.8635		
32426.977	0.1069999999999709	HSETimeIntervals		32427.025	32427.0305		
32427.260000000002	0.09699999999793363	HSETimeIntervals		32427.312	32427.308500000003		
32430.234	0.11200000000098953	HSETimeIntervals		32430.316	32430.29		
32430.486	0.09999999999854481	HSETimeIntervals		32430.544	32430.536		
32437.19	0.136000000002241	HSETimeIntervals		32437.288	32437.257999999998		
32437.483	0.2249999999985448	HSETimeIntervals		32437.618000000002	32437.5955		
32437.901	0.1959999999999127	HSETimeIntervals		32438.035	32437.999000000003		
32438.202	0.11999999999898137	HSETimeIntervals		32438.281	32438.262000000002		
32438.54	0.13799999999901047	HSETimeIntervals		32438.579	32438.609		
32438.781	0.10599999999976717	HSETimeIntervals		32438.852	32438.834		
32440.187	0.09999999999854481	HSETimeIntervals		32440.236	32440.237		
32442.99	0.09100000000034925	HSETimeIntervals		32443.045000000002	32443.0355		
32446.241	0.16599999999743886	HSETimeIntervals		32446.276	32446.324		
32447.268	0.16600000000107684	HSETimeIntervals		32447.366	32447.351		
32449.519	0.11300000000119326	HSETimeIntervals		32449.561	32449.5755		
32450.305	0.0610000000015134	HSETimeIntervals		32450.335	32450.3355		
32453.036	0.08499999999912689	HSETimeIntervals		32453.093	32453.0785		
32454.525	0.10499999999956344	HSETimeIntervals		32454.600000000002	32454.577500000003		
32454.846	0.06799999999930151	HSETimeIntervals		32454.883	32454.88		
32455.0	20.0	SleepStates					NREMstate
32455.391	0.07200000000011642	HSETimeIntervals		32455.424	32455.427		
32458.456	0.15200000000186265	UpDownStatesTimeIntervals				DOWN	
32458.608	0.2536000000000058	UpDownStatesTimeIntervals				UP	
32459.3232	0.1992000000027474	UpDownStatesTimeIntervals				UP	
32459.7	0.272000000000844	HSETimeIntervals		32459.845	32459.836		
32462.791	0.13299999999799184	HSETimeIntervals		32462.877	32462.857500000002		
32465.476	0.12300000000323053	HSETimeIntervals		32465.558	32465.5375		
32471.735	0.13000000000101863	HSETimeIntervals		32471.822	32471.8		
32471.9888	0.22960000000239233	UpDownStatesTimeIntervals				UP	
32473.933	0.09500000000116415	HSETimeIntervals		32473.975000000002	32473.9805		
32474.4472	0.4727999999995518	UpDownStatesTimeIntervals				UP	
32475.128	0.19199999999909778	HSETimeIntervals		32475.229	32475.224000000002		
32475.728	0.09000000000014552	HSETimeIntervals		32475.79	32475.772999999997		
32476.0	23.0	SleepStates					WAKEstate
32477.523	0.0819999999985157	HSETimeIntervals		32477.572	32477.564000000002		
32479.703	0.08099999999831198	HSETimeIntervals		32479.744	32479.7435		
32480.487	0.08599999999933061	HSETimeIntervals		32480.526	32480.530000000002		
32482.817	0.2860000000000582	HSETimeIntervals		32483.064000000002	32482.96		
32484.852	0.18400000000110595	HSETimeIntervals		32484.928	32484.944		
32485.252	0.10499999999956344	HSETimeIntervals		32485.317	32485.304500000002		
32486.329	0.13299999999799184	HSETimeIntervals		32486.406	32486.395500000002		
32489.728	0.11000000000058208	HSETimeIntervals		32489.772	32489.783		
32491.768	0.125	HSETimeIntervals		32491.857	32491.8305		
32493.2	0.10499999999956344	HSETimeIntervals		32493.267	32493.252500000002		
32498.100000000002	0.10399999999935972	HSETimeIntervals		32498.15	32498.152000000002		
32500.0	7.0	SleepStates					NREMstate
32502.132	0.12479999999777647	UpDownStatesTimeIntervals				UP	
32502.597	0.14199999999982538	HSETimeIntervals		32502.632	32502.668		
32502.7176	0.1368000000002212	UpDownStatesTimeIntervals				UP	
32503.2024	0.26080000000001746	UpDownStatesTimeIntervals				UP	
32504.093	0.2750000000014552	HSETimeIntervals		32504.191	32504.2305		
32505.027000000002	0.38699999999880674	HSETimeIntervals		32505.305	32505.220500000003		
32508.0	18.0	SleepStates					WAKEstate
32512.113	0.11599999999816646	HSETimeIntervals		32512.193	32512.171000000002		
32517.44	0.12400000000343425	HSETimeIntervals		32517.497	32517.502		
32518.041	0.14500000000043656	HSETimeIntervals		32518.091	32518.1135		
32522.112	0.08899999999994179	HSETimeIntervals		32522.156	32522.1565		
32522.382	0.07999999999810825	HSETimeIntervals		32522.429	32522.422000000002		
32522.487	0.12299999999959255	HSETimeIntervals		32522.56	32522.5485		
32522.702	0.09100000000034925	HSETimeIntervals		32522.741	32522.7475		
32523.23	0.0750000000007276	HSETimeIntervals		32523.260000000002	32523.267499999998		
32524.135000000002	0.09299999999711872	HSETimeIntervals		32524.173	32524.181500000002		
32525.244	0.09900000000197906	HSETimeIntervals		32525.307	32525.2935		
32525.398	0.07999999999810825	HSETimeIntervals		32525.432	32525.438000000002		
32525.913	0.09500000000116415	HSETimeIntervals		32525.972	32525.9605		
32527.0	28.0	SleepStates					NREMstate
32531.523	0.13299999999799184	HSETimeIntervals		32531.614	32531.589500000002		
32535.399	0.07699999999749707	HSETimeIntervals		32535.436	32535.4375		
32536.244	0.16900000000168802	HSETimeIntervals		32536.359	32536.3285		
32541.221	0.13799999999901047	HSETimeIntervals		32541.279000000002	32541.29		
32543.934	0.0959999999977299	HSETimeIntervals		32544.0	32543.982		
32544.097	0.14799999999740976	HSETimeIntervals		32544.154000000002	32544.171000000002		
32545.1216	0.18879999999990105	UpDownStatesTimeIntervals				UP	
32547.133	0.16499999999723514	HSETimeIntervals		32547.268	32547.215500000002		
32547.389	0.08300000000235741	HSETimeIntervals		32547.441	32547.4305		
32548.104	0.13999999999941792	HSETimeIntervals		32548.207000000002	32548.174		
32548.299	0.12299999999959255	HSETimeIntervals		32548.347	32548.3605		
32550.041	0.18300000000090222	HSETimeIntervals		32550.077	32550.1325		
32551.029000000002	0.10599999999976717	HSETimeIntervals		32551.083	32551.082000000002		
32551.322	0.08699999999953434	HSETimeIntervals		32551.38	32551.3655		
32551.694	0.11200000000098953	HSETimeIntervals		32551.767	32551.75		
32551.858	0.15999999999985448	HSETimeIntervals		32551.926	32551.938000000002		
32553.138	0.2430000000022119	HSETimeIntervals		32553.329	32553.2595		
32554.007	0.39500000000043656	HSETimeIntervals		32554.214	32554.2045		
32555.524	0.0779999999977008	HSETimeIntervals		32555.566	32555.563000000002		
32555.885000000002	0.12899999999717693	HSETimeIntervals		32555.976	32555.949500000002		
32556.0	28.0	SleepStates					WAKEstate
32557.139	0.09500000000116415	HSETimeIntervals		32557.175	32557.1865		
32557.268	0.07400000000052387	HSETimeIntervals		32557.309	32557.305		
32560.3	0.06899999999950523	HSETimeIntervals		32560.332000000002	32560.3345		
32560.838	0.24400000000241562	HSETimeIntervals		32561.003	32560.96		
32562.676	0.2430000000022119	HSETimeIntervals		32562.77	32562.7975		
32568.494	0.2820000000028813	HSETimeIntervals		32568.724000000002	32568.635		
32569.623	0.13400000000183354	HSETimeIntervals		32569.686	32569.69		
32570.123	0.12299999999959255	HSETimeIntervals		32570.185	32570.1845		
32572.875	0.23300000000017462	HSETimeIntervals		32573.063000000002	32572.9915		
32573.47	0.08899999999994179	HSETimeIntervals		32573.526	32573.5145		
32574.735	0.3719999999993888	HSETimeIntervals		32574.823	32574.921000000002		
32578.828	0.08799999999973807	HSETimeIntervals		32578.87	32578.872000000003		
32579.756	0.20199999999749707	HSETimeIntervals		32579.888	32579.857		
32580.879	0.13599999999860302	HSETimeIntervals		32580.928	32580.947		
32584.965	0.09600000000136788	HSETimeIntervals		32585.014	32585.013		
32585.0	12.0	SleepStates					NREMstate
32585.464	0.19700000000011642	HSETimeIntervals		32585.615	32585.5625		
32586.322	0.3100000000013097	HSETimeIntervals		32586.383	32586.477		
32589.173	0.07300000000032014	HSETimeIntervals		32589.211	32589.209499999997		
32590.539	0.3400000000001455	HSETimeIntervals		32590.760000000002	32590.709		
32592.435	0.11299999999755528	HSETimeIntervals		32592.499	32592.4915		
32592.8	0.08699999999953434	HSETimeIntervals		32592.855	32592.8435		
32593.456000000002	0.33399999999892316	HSETimeIntervals		32593.749	32593.623000000003		
32594.545000000002	0.08399999999892316	HSETimeIntervals		32594.584	32594.587000000003		
32594.919	0.07400000000052387	HSETimeIntervals		32594.954	32594.956000000002		
32595.713	0.10299999999915599	HSETimeIntervals		32595.765	32595.7645		
32595.855	0.09600000000136788	HSETimeIntervals		32595.9	32595.903		
32597.727	0.1320000000014261	HSETimeIntervals		32597.759000000002	32597.792999999998		
32598.0	29.0	SleepStates					WAKEstate
32599.4	0.2249999999985448	HSETimeIntervals		32599.493000000002	32599.5125		
32599.667	0.147000000000844	HSETimeIntervals		32599.77	32599.7405		
32600.235	0.10900000000037835	HSETimeIntervals		32600.294	32600.2895		
32604.536	0.06699999999909778	HSETimeIntervals		32604.573	32604.5695		
32606.025	0.15399999999863212	HSETimeIntervals		32606.13	32606.102000000003		
32610.526	0.09699999999793363	HSETimeIntervals		32610.593	32610.574500000002		
32611.768	0.3169999999990978	HSETimeIntervals		32611.858	32611.9265		
32616.035	0.3100000000013097	HSETimeIntervals		32616.179	32616.19		
32617.451	0.13699999999880674	HSETimeIntervals		32617.508	32617.519500000002		
32619.677	0.14800000000104774	HSETimeIntervals		32619.756	32619.751		
32620.378	0.09600000000136788	HSETimeIntervals		32620.419	32620.426		
32620.877	0.18300000000090222	HSETimeIntervals		32620.909	32620.9685		
32623.262	0.16300000000046566	HSETimeIntervals		32623.381	32623.3435		
32628.0	75.0	SleepStates					NREMstate
32628.477	0.10200000000259024	HSETimeIntervals		32628.527000000002	32628.528		
32628.719	0.11999999999898137	HSETimeIntervals		32628.773	32628.779000000002		
32628.983	0.10199999999895226	HSETimeIntervals		32629.019	32629.034		
32629.108	0.2510000000002037	HSETimeIntervals		32629.273	32629.2335		
32632.937	0.21600000000034925	HSETimeIntervals		32632.997	32633.045000000002		
32633.619	0.17300000000250293	HSETimeIntervals		32633.727	32633.7055		
32633.873	0.12099999999918509	HSETimeIntervals		32633.945	32633.9335		
32635.722	0.1499999999978172	HSETimeIntervals		32635.843	32635.797000000002		
32639.719	0.125	HSETimeIntervals		32639.791	32639.7815		
32640.007	0.08099999999831198	HSETimeIntervals		32640.048	32640.0475		
32640.12	0.26000000000203727	HSETimeIntervals		32640.341	32640.25		
32641.8944	0.12879999999859137	RippleTimeIntervals		32642.0192			
32642.363	0.12700000000040745	HSETimeIntervals		32642.405	32642.4265		
32643.983	0.3110000000015134	HSETimeIntervals		32644.028000000002	32644.1385		
32645.055	0.16200000000026193	HSETimeIntervals		32645.145	32645.136		
32646.077	0.25799999999799184	HSETimeIntervals		32646.187	32646.206000000002		
32647.652000000002	0.36599999999816646	HSETimeIntervals		32647.866	32647.835000000003		
32648.221	0.08099999999831198	HSETimeIntervals		32648.262	32648.2615		
32648.323	0.32700000000113505	HSETimeIntervals		32648.39	32648.4865		
32651.5408	0.1224000000001979	UpDownStatesTimeIntervals				UP	
32654.333	0.12000000000261934	HSETimeIntervals		32654.420000000002	32654.393		
32654.772	0.18799999999828287	HSETimeIntervals		32654.815	32654.866		
32656.371	0.19700000000011642	HSETimeIntervals		32656.53	32656.4695		
32658.826	0.4140000000006694	HSETimeIntervals		32658.938000000002	32659.033		
32659.615	0.28800000000046566	HSETimeIntervals		32659.855	32659.759000000002		
32659.9968	0.2551999999996042	UpDownStatesTimeIntervals				UP	
32661.628	0.1912000000011176	UpDownStatesTimeIntervals				UP	
32662.308	0.12299999999959255	HSETimeIntervals		32662.339	32662.3695		
32665.256	0.11899999999877764	HSETimeIntervals		32665.309	32665.3155		
32666.576	0.11799999999857391	HSETimeIntervals		32666.663	32666.635000000002		
32666.71	0.09600000000136788	HSETimeIntervals		32666.757	32666.757999999998		
32666.842	0.07800000000133878	HSETimeIntervals		32666.881	32666.881		
32669.904000000002	0.10299999999915599	HSETimeIntervals		32669.949	32669.955500000004		
32670.45	0.1069999999999709	HSETimeIntervals		32670.503	32670.503500000003		
32671.88	0.15680000000065775	UpDownStatesTimeIntervals				UP	
32673.828	0.10199999999895226	HSETimeIntervals		32673.88	32673.879		
32676.139	0.14400000000023283	HSETimeIntervals		32676.234	32676.211		
32676.287	0.09500000000116415	HSETimeIntervals		32676.326	32676.3345		
32676.521	0.14600000000064028	HSETimeIntervals		32676.578	32676.594		
32678.0768	0.27040000000124564	UpDownStatesTimeIntervals				UP	
32680.466	0.19900000000052387	HSETimeIntervals		32680.527000000002	32680.5655		
32681.361	0.08599999999933061	HSETimeIntervals		32681.41	32681.404000000002		
32681.8832	0.346399999998539	UpDownStatesTimeIntervals				UP	
32683.0064	0.2592000000004191	UpDownStatesTimeIntervals				UP	
32683.8408	0.1279999999969732	UpDownStatesTimeIntervals				UP	
32687.0952	0.26160000000163564	UpDownStatesTimeIntervals				UP	
32691.154000000002	0.22999999999956344	HSETimeIntervals		32691.342	32691.269000000004		
32691.424	0.22300000000177533	HSETimeIntervals		32691.48	32691.535499999998		
32691.663	0.22300000000177533	HSETimeIntervals		32691.832000000002	32691.7745		
32691.898	0.3739999999997963	HSETimeIntervals		32692.202	32692.085000000003		
32693.4992	0.18320000000312575	RippleTimeIntervals		32693.5504			
32695.561	0.19499999999970896	HSETimeIntervals		32695.616	32695.6585		
32696.085	0.10300000000279397	HSETimeIntervals		32696.122	32696.1365		
32696.849000000002	0.32299999999668216	HSETimeIntervals		32697.002	32697.0105		
32697.339	0.29500000000189175	HSETimeIntervals		32697.528000000002	32697.4865		
32698.636000000002	0.08399999999892316	HSETimeIntervals		32698.688000000002	32698.678000000004		
32703.0048	0.15040000000226428	UpDownStatesTimeIntervals				UP	
32703.386000000002	0.14699999999720603	HSETimeIntervals		32703.442	32703.4595		
32703.956000000002	0.06999999999970896	HSETimeIntervals		32703.992000000002	32703.991		
32704.0	8.0	SleepStates					WAKEstate
32706.361	0.20599999999831198	HSETimeIntervals		32706.405	32706.464		
32709.192	0.4180000000014843	HSETimeIntervals		32709.244	32709.400999999998		
32712.45	0.07999999999810825	HSETimeIntervals		32712.484	32712.49		
32713.0	13.0	SleepStates					NREMstate
32713.4904	0.18319999999948777	UpDownStatesTimeIntervals				UP	
32713.855	0.2430000000022119	HSETimeIntervals		32713.922	32713.9765		
32718.544	0.10299999999915599	HSETimeIntervals		32718.609	32718.595500000003		
32719.607	0.1720000000022992	HSETimeIntervals		32719.736	32719.693		
32721.808	0.18000000000029104	HSETimeIntervals		32721.86	32721.898		
32722.127	0.21199999999953434	HSETimeIntervals		32722.285	32722.233		
32724.985	0.1640000000006694	HSETimeIntervals		32725.036	32725.067		
32725.2896	0.13520000000062282	UpDownStatesTimeIntervals				UP	
32726.7352	0.28320000000167056	UpDownStatesTimeIntervals				UP	
32727.0	160.0	SleepStates					WAKEstate
32732.186	0.25499999999738066	HSETimeIntervals		32732.347	32732.3135		
32734.218	0.10399999999935972	HSETimeIntervals		32734.289	32734.27		
32735.19	0.14500000000043656	HSETimeIntervals		32735.25	32735.262499999997		
32736.801	0.14800000000104774	HSETimeIntervals		32736.917	32736.875		
32739.268	0.2510000000002037	HSETimeIntervals		32739.485	32739.3935		
32741.435	0.2180000000007567	HSETimeIntervals		32741.47	32741.544		
32741.931	0.2959999999984575	HSETimeIntervals		32742.185	32742.079		
32744.915	0.07600000000093132	HSETimeIntervals		32744.965	32744.953		
32759.023	0.12700000000040745	HSETimeIntervals		32759.058	32759.0865		
32759.846	0.08399999999892316	HSETimeIntervals		32759.896	32759.888000000003		
32760.639	0.13800000000264845	HSETimeIntervals		32760.741	32760.708		
32767.471	0.0930000000007567	HSETimeIntervals		32767.525	32767.5175		
32767.73	0.06400000000212458	HSETimeIntervals		32767.764	32767.762		
32769.08700000001	0.11899999999877764	HSETimeIntervals		32769.166000000005	32769.14650000001		
32772.924000000006	0.09399999999732245	HSETimeIntervals		32772.984000000004	32772.971000000005		
32773.333000000006	0.1519999999945867	HSETimeIntervals		32773.454000000005	32773.40900000001		
32774.310000000005	0.3019999999960419	HSETimeIntervals		32774.465000000004	32774.461		
32779.188	0.2640000000028522	HSETimeIntervals		32779.238000000005	32779.32		
32779.505000000005	0.09100000000034925	HSETimeIntervals		32779.53400000001	32779.550500000005		
32791.941000000006	0.1500000000014552	HSETimeIntervals		32792.05	32792.016		
32797.37100000001	0.12700000000040745	HSETimeIntervals		32797.429000000004	32797.4345		
32801.035	0.13500000000203727	HSETimeIntervals		32801.12	32801.1025		
32804.058000000005	0.07800000000133878	HSETimeIntervals		32804.095	32804.097		
32809.3	0.17300000000250293	HSETimeIntervals		32809.441000000006	32809.3865		
32817.535	0.0970000000015716	HSETimeIntervals		32817.603	32817.5835		
32821.208000000006	0.11899999999877764	HSETimeIntervals		32821.29	32821.26750000001		
32822.499	0.06999999999970896	HSETimeIntervals		32822.529	32822.53400000001		
32824.796	0.08000000000174623	HSETimeIntervals		32824.83500000001	32824.836		
32826.853	0.11400000000139698	HSETimeIntervals		32826.93000000001	32826.91		
32829.062000000005	0.09999999999854481	HSETimeIntervals		32829.130000000005	32829.11200000001		
32829.530000000006	0.13300000000162981	HSETimeIntervals		32829.571	32829.59650000001		
32835.28800000001	0.18999999999505235	HSETimeIntervals		32835.441000000006	32835.38300000001		
32836.46600000001	0.09799999999813735	HSETimeIntervals		32836.522000000004	32836.51500000001		
32837.402	0.08000000000174623	HSETimeIntervals		32837.446	32837.442		
32843.376000000004	0.21199999999953434	HSETimeIntervals		32843.547000000006	32843.482		
32849.90900000001	0.08699999999953434	HSETimeIntervals		32849.942	32849.95250000001		
32850.662000000004	0.11899999999877764	HSETimeIntervals		32850.702000000005	32850.72150000001		
32851.350000000006	0.11999999999534339	HSETimeIntervals		32851.421	32851.41		
32853.36	0.11600000000180444	HSETimeIntervals		32853.441000000006	32853.418		
32854.603	0.30500000000029104	HSETimeIntervals		32854.641	32854.7555		
32855.997	0.24500000000261934	HSETimeIntervals		32856.030000000006	32856.1195		
32856.334	0.44600000000355067	HSETimeIntervals		32856.677	32856.557		
32859.78600000001	0.23699999999371357	HSETimeIntervals		32859.89400000001	32859.904500000004		
32860.98100000001	0.08399999999528518	HSETimeIntervals		32861.020000000004	32861.02300000001		
32862.563	0.14199999999982538	HSETimeIntervals		32862.664000000004	32862.634000000005		
32864.063	0.3280000000013388	HSETimeIntervals		32864.242000000006	32864.227		
32864.878000000004	0.1220000000030268	HSETimeIntervals		32864.937000000005	32864.939000000006		
32869.79	0.10900000000401633	HSETimeIntervals		32869.824	32869.8445		
32872.058000000005	0.1290000000008149	HSETimeIntervals		32872.14000000001	32872.122500000005		
32874.897000000004	0.091999999996915	HSETimeIntervals		32874.944	32874.94300000001		
32877.691000000006	0.11000000000058208	HSETimeIntervals		32877.75200000001	32877.74600000001		
32879.073000000004	0.08099999999831198	HSETimeIntervals		32879.12	32879.11350000001		
32883.816000000006	0.10899999999674037	HSETimeIntervals		32883.86	32883.870500000005		
32883.972	0.24500000000261934	HSETimeIntervals		32884.037000000004	32884.0945		
32884.66300000001	0.1879999999946449	HSETimeIntervals		32884.713	32884.757000000005		
32886.596000000005	0.48700000000098953	HSETimeIntervals		32887.047000000006	32886.8395		
32887.254	0.46000000000640284	HSETimeIntervals		32887.55300000001	32887.484000000004		
32888.0	8.0	SleepStates					NREMstate
32888.754	0.2710000000006403	HSETimeIntervals		32888.804000000004	32888.8895		
32892.439000000006	0.21899999999732245	HSETimeIntervals		32892.492000000006	32892.548500000004		
32894.5944	0.2871999999988475	UpDownStatesTimeIntervals				UP	
32895.521	0.18000000000029104	HSETimeIntervals		32895.563	32895.611		
32896.948000000004	0.12599999999656575	HSETimeIntervals		32896.995	32897.011000000006		
32897.0	12.0	SleepStates					WAKEstate
32897.485	0.09200000000419095	HSETimeIntervals		32897.530000000006	32897.531		
32901.847	0.12800000000424916	HSETimeIntervals		32901.89200000001	32901.911		
32902.817	0.408000000003085	HSETimeIntervals		32902.94700000001	32903.021		
32903.60600000001	0.17799999999988358	HSETimeIntervals		32903.664000000004	32903.69500000001		
32905.965000000004	0.16500000000087311	HSETimeIntervals		32906.05	32906.0475		
32907.088	0.23099999999976717	HSETimeIntervals		32907.28200000001	32907.2035		
32907.651000000005	0.08399999999528518	HSETimeIntervals		32907.700000000004	32907.69300000001		
32908.622	0.19700000000011642	HSETimeIntervals		32908.675	32908.7205		
32909.759000000005	0.3830000000016298	HSETimeIntervals		32909.957	32909.950500000006		
32910.0	133.0	SleepStates					NREMstate
32910.5016	0.2143999999971129	UpDownStatesTimeIntervals				DOWN	
32911.0152	0.2967999999964377	UpDownStatesTimeIntervals				UP	
32911.115000000005	0.1849999999976717	HSETimeIntervals		32911.253000000004	32911.207500000004		
32911.33500000001	0.17499999999563443	HSETimeIntervals		32911.384000000005	32911.42250000001		
32913.974	0.09100000000034925	HSETimeIntervals		32914.003000000004	32914.0195		
32914.364	0.10000000000582077	HSETimeIntervals		32914.423	32914.414000000004		
32914.64000000001	0.26900000000023283	HSETimeIntervals		32914.69500000001	32914.77450000001		
32915.196	0.25499999999738066	HSETimeIntervals		32915.37500000001	32915.323500000006		
32915.581000000006	0.35099999999511056	HSETimeIntervals		32915.852000000006	32915.7565		
32917.9496	0.13519999999698484	UpDownStatesTimeIntervals				UP	
32920.379	0.12400000000343425	HSETimeIntervals		32920.420000000006	32920.441		
32923.8744	0.24319999999715947	UpDownStatesTimeIntervals				UP	
32924.323000000004	0.2459999999991851	HSETimeIntervals		32924.37	32924.446		
32924.86	0.30200000000331784	HSETimeIntervals		32925.126000000004	32925.011		
32927.03600000001	0.3959999999933643	HSETimeIntervals		32927.11	32927.234000000004		
32927.539000000004	0.29099999999743886	HSETimeIntervals		32927.62	32927.6845		
32927.54	0.11679999999614665	UpDownStatesTimeIntervals				UP	
32929.616	0.14600000000064028	HSETimeIntervals		32929.668000000005	32929.689		
32931.378000000004	0.15200000000186265	HSETimeIntervals		32931.46600000001	32931.454000000005		
32934.23100000001	0.12099999999918509	HSETimeIntervals		32934.289000000004	32934.29150000001		
32934.955	0.2139999999999418	HSETimeIntervals		32935.103	32935.062000000005		
32937.863000000005	0.0930000000007567	HSETimeIntervals		32937.922000000006	32937.9095		
32938.00000000001	0.24299999999493593	HSETimeIntervals		32938.088	32938.12150000001		
32938.272000000004	0.20300000000133878	HSETimeIntervals		32938.308000000005	32938.3735		
32943.0752	0.13919999999779975	UpDownStatesTimeIntervals				UP	
32943.15	0.13800000000628643	HSETimeIntervals		32943.232	32943.219000000005		
32943.7976	0.19680000000516884	UpDownStatesTimeIntervals				UP	
32945.5816	0.22639999999955762	UpDownStatesTimeIntervals				UP	
32945.758	0.15899999999965075	HSETimeIntervals		32945.834	32945.8375		
32946.490000000005	0.13300000000162981	HSETimeIntervals		32946.564000000006	32946.556500000006		
32949.5048	0.04799999999522697	UpDownStatesTimeIntervals				DOWN	
32949.8128	0.32959999999729916	UpDownStatesTimeIntervals				UP	
32952.7856	0.15519999999378342	UpDownStatesTimeIntervals				UP	
32953.0344	0.03520000000571599	UpDownStatesTimeIntervals				DOWN	
32953.475000000006	0.3600000000005821	HSETimeIntervals		32953.78400000001	32953.655000000006		
32953.847	0.37000000000261934	HSETimeIntervals		32953.891	32954.032		
32953.9136	0.3680000000022119	UpDownStatesTimeIntervals				UP	
32954.243	0.23200000000360887	HSETimeIntervals		32954.336	32954.359000000004		
32954.776000000005	0.15899999999965075	HSETimeIntervals		32954.883	32954.855500000005		
32955.056000000004	0.11499999999796273	HSETimeIntervals		32955.094000000005	32955.11350000001		
32956.619000000006	0.08499999999912689	HSETimeIntervals		32956.662000000004	32956.66150000001		
32956.742000000006	0.11999999999534339	HSETimeIntervals		32956.811	32956.802		
32956.8392	0.14239999999699648	UpDownStatesTimeIntervals				UP	
32958.328	0.12800000000424916	HSETimeIntervals		32958.415	32958.392		
32960.15	0.22800000000279397	HSETimeIntervals		32960.30100000001	32960.264		
32960.617000000006	0.21099999999569263	HSETimeIntervals		32960.685000000005	32960.7225		
32961.114	0.20500000000174623	HSETimeIntervals		32961.169	32961.2165		
32962.234000000004	0.2620000000024447	HSETimeIntervals		32962.270000000004	32962.365000000005		
32966.37300000001	0.13799999999901047	HSETimeIntervals		32966.475000000006	32966.44200000001		
32966.721000000005	0.13700000000244472	HSETimeIntervals		32966.82200000001	32966.789500000006		
32968.184	0.09600000000500586	HSETimeIntervals		32968.23300000001	32968.232		
32968.388	0.1543999999994412	UpDownStatesTimeIntervals				UP	
32970.467000000004	0.2529999999969732	HSETimeIntervals		32970.688	32970.5935		
32971.001000000004	0.2819999999992433	HSETimeIntervals		32971.242000000006	32971.14200000001		
32971.527	0.23400000000401633	HSETimeIntervals		32971.718	32971.644		
32972.134000000005	0.260999999998603	HSETimeIntervals		32972.177	32972.264500000005		
32972.547000000006	0.3029999999998836	HSETimeIntervals		32972.653000000006	32972.698500000006		
32972.90900000001	0.091999999996915	HSETimeIntervals		32972.94	32972.95500000001		
32973.608	0.2272000000011758	UpDownStatesTimeIntervals				UP	
32976.4064	0.22239999999874271	UpDownStatesTimeIntervals				UP	
32978.0264	0.14800000000104774	UpDownStatesTimeIntervals				UP	
32978.435000000005	0.24500000000261934	HSETimeIntervals		32978.512	32978.5575		
32979.637	0.23600000000442378	HSETimeIntervals		32979.679000000004	32979.755000000005		
32980.073000000004	0.21899999999732245	HSETimeIntervals		32980.26500000001	32980.1825		
32980.576	0.22600000000238651	HSETimeIntervals		32980.632000000005	32980.689		
32984.172	0.16560000000026776	UpDownStatesTimeIntervals				UP	
32984.508	0.1220000000030268	HSETimeIntervals		32984.569	32984.569		
32985.492000000006	0.2710000000006403	HSETimeIntervals		32985.632000000005	32985.6275		
32985.9304	0.1408000000010361	UpDownStatesTimeIntervals				UP	
32988.254	0.10700000000360887	HSETimeIntervals		32988.323000000004	32988.3075		
32989.65900000001	0.07299999999668216	HSETimeIntervals		32989.699	32989.69550000001		
32990.71600000001	0.31599999999889405	HSETimeIntervals		32990.889	32990.87400000001		
32993.076	0.35300000000279397	HSETimeIntervals		32993.217000000004	32993.2525		
32994.700000000004	0.0959999999977299	HSETimeIntervals		32994.740000000005	32994.74800000001		
32996.813	0.125	HSETimeIntervals		32996.903000000006	32996.8755		
32998.122	0.3230000000039581	HSETimeIntervals		32998.227000000006	32998.283500000005		
32998.356	0.14239999999699648	RippleTimeIntervals		32998.404			
32998.755000000005	0.08499999999912689	HSETimeIntervals		32998.799000000006	32998.79750000001		
32999.01900000001	0.4849999999933061	HSETimeIntervals		32999.168000000005	32999.26150000001		
32999.916000000005	0.2679999999963911	HSETimeIntervals		33000.14400000001	33000.05		
33000.613000000005	0.4099999999962165	HSETimeIntervals		33000.770000000004	33000.81800000001		
33001.384000000005	0.125	HSETimeIntervals		33001.472	33001.446500000005		
33002.133	0.38100000000122236	HSETimeIntervals		33002.468	33002.3235		
33005.4088	0.21600000000034925	RippleTimeIntervals		33005.5576			
33006.24600000001	0.08499999999912689	HSETimeIntervals		33006.28400000001	33006.28850000001		
33006.357	0.0970000000015716	HSETimeIntervals		33006.40900000001	33006.4055		
33007.2144	0.14800000000104774	UpDownStatesTimeIntervals				UP	
33007.80300000001	0.13399999999819556	HSETimeIntervals		33007.850000000006	33007.87000000001		
33008.079000000005	0.0639999999984866	HSETimeIntervals		33008.114	33008.111000000004		
33008.1	0.16560000000026776	UpDownStatesTimeIntervals				UP	
33008.47900000001	0.1290000000008149	HSETimeIntervals		33008.529	33008.54350000001		
33010.162000000004	0.47699999999895226	HSETimeIntervals		33010.21200000001	33010.4005		
33013.01	0.20300000000133878	HSETimeIntervals		33013.162000000004	33013.1115		
33013.857	0.3110000000015134	HSETimeIntervals		33014.042	33014.012500000004		
33014.188	0.2230000000054133	HSETimeIntervals		33014.259000000005	33014.2995		
33015.717000000004	0.11299999999755528	HSETimeIntervals		33015.789000000004	33015.7735		
33016.881	0.3220000000001164	HSETimeIntervals		33016.987	33017.042		
33019.04	0.11700000000564614	HSETimeIntervals		33019.074	33019.0985		
33019.28200000001	0.33299999999871943	HSETimeIntervals		33019.472	33019.448500000006		
33019.64400000001	0.23999999999796273	HSETimeIntervals		33019.82200000001	33019.76400000001		
33021.9448	0.3496000000013737	UpDownStatesTimeIntervals				UP	
33022.6792	0.144800000001851	UpDownStatesTimeIntervals				UP	
33024.8576	0.13279999999940628	UpDownStatesTimeIntervals				UP	
33027.685000000005	0.4530000000013388	HSETimeIntervals		33027.918000000005	33027.9115		
33027.8416	0.13040000000182772	UpDownStatesTimeIntervals				UP	
33028.344000000005	0.35499999999592546	HSETimeIntervals		33028.455	33028.5215		
33028.86	0.2710000000006403	HSETimeIntervals		33029.046	33028.9955		
33028.908	0.13599999999860302	UpDownStatesTimeIntervals				UP	
33030.46600000001	0.23199999999633292	HSETimeIntervals		33030.653000000006	33030.58200000001		
33032.241	0.2150000000037835	HSETimeIntervals		33032.415	33032.3485		
33032.476	0.26299999999901047	HSETimeIntervals		33032.509000000005	33032.607500000006		
33033.289000000004	0.22699999999895226	HSETimeIntervals		33033.327000000005	33033.402500000004		
33036.077000000005	0.16900000000168802	HSETimeIntervals		33036.115000000005	33036.1615		
33036.596000000005	0.45500000000174623	HSETimeIntervals		33036.754	33036.823500000006		
33038.756	0.41679999999905704	UpDownStatesTimeIntervals				UP	
33038.955	0.125	HSETimeIntervals		33039.00200000001	33039.0175		
33039.7616	0.19840000000112923	UpDownStatesTimeIntervals				UP	
33041.064	0.16400000000430737	UpDownStatesTimeIntervals				UP	
33043.90900000001	0.30899999999383	HSETimeIntervals		33044.164000000004	33044.063500000004		
33044.0	261.0	SleepStates					WAKEstate
33044.235	0.23400000000401633	HSETimeIntervals		33044.429000000004	33044.352		
33044.486000000004	0.16599999999743886	HSETimeIntervals		33044.521	33044.569		
33048.363000000005	0.12299999999959255	HSETimeIntervals		33048.429000000004	33048.42450000001		
33048.781	0.10100000000238651	HSETimeIntervals		33048.842000000004	33048.8315		
33050.172000000006	0.16599999999743886	HSETimeIntervals		33050.272000000004	33050.255000000005		
33050.603	0.0610000000015134	HSETimeIntervals		33050.636000000006	33050.6335		
33054.283	0.07200000000011642	HSETimeIntervals		33054.325000000004	33054.319		
33055.33900000001	0.2569999999977881	HSETimeIntervals		33055.552	33055.467500000006		
33064.602000000006	0.0639999999984866	HSETimeIntervals		33064.636000000006	33064.634000000005		
33065.492000000006	0.05799999999726424	HSETimeIntervals		33065.521	33065.52100000001		
33065.82200000001	0.12199999999575084	HSETimeIntervals		33065.855	33065.88300000001		
33070.475000000006	0.07200000000011642	HSETimeIntervals		33070.51900000001	33070.511000000006		
33073.717000000004	0.0970000000015716	HSETimeIntervals		33073.757000000005	33073.7655		
33074.060000000005	0.0610000000015134	HSETimeIntervals		33074.088	33074.090500000006		
33076.888000000006	0.10499999999592546	HSETimeIntervals		33076.949	33076.940500000004		
33077.405000000006	0.3489999999947031	HSETimeIntervals		33077.616	33077.57950000001		
33080.346000000005	0.330999999998312	HSETimeIntervals		33080.632000000005	33080.51150000001		
33083.524000000005	0.10699999999633292	HSETimeIntervals		33083.594000000005	33083.57750000001		
33087.584	0.08600000000296859	HSETimeIntervals		33087.636000000006	33087.627		
33092.259000000005	0.09500000000116415	HSETimeIntervals		33092.313	33092.306500000006		
33092.402	0.13300000000162981	HSETimeIntervals		33092.448000000004	33092.4685		
33092.71400000001	0.08399999999528518	HSETimeIntervals		33092.75200000001	33092.75600000001		
33095.672000000006	0.08899999999994179	HSETimeIntervals		33095.725000000006	33095.71650000001		
33097.134000000005	0.13699999999516876	HSETimeIntervals		33097.219000000005	33097.20250000001		
33100.39000000001	0.09100000000034925	HSETimeIntervals		33100.44700000001	33100.43550000001		
33102.333000000006	0.3070000000006985	HSETimeIntervals		33102.456000000006	33102.486500000006		
33106.489	0.10800000000017462	HSETimeIntervals		33106.559	33106.543		
33112.584	0.11000000000058208	HSETimeIntervals		33112.651000000005	33112.639		
33113.39000000001	0.06799999999930151	HSETimeIntervals		33113.422000000006	33113.424000000006		
33120.497	0.06700000000273576	HSETimeIntervals		33120.529	33120.5305		
33125.96200000001	0.07200000000011642	HSETimeIntervals		33126.001000000004	33125.99800000001		
33126.099	0.13400000000547152	HSETimeIntervals		33126.162000000004	33126.166000000005		
33130.225000000006	0.15799999999580905	HSETimeIntervals		33130.33700000001	33130.304000000004		
33135.011000000006	0.13399999999819556	HSETimeIntervals		33135.08500000001	33135.07800000001		
33135.768000000004	0.10199999999895226	HSETimeIntervals		33135.816000000006	33135.819		
33136.548	0.27300000000104774	HSETimeIntervals		33136.613000000005	33136.6845		
33137.041000000005	0.16700000000128057	HSETimeIntervals		33137.090000000004	33137.124500000005		
33138.622	0.08400000000256114	HSETimeIntervals		33138.65700000001	33138.664000000004		
33138.772000000004	0.08999999999650754	HSETimeIntervals		33138.819	33138.817		
33148.956000000006	0.12199999999575084	HSETimeIntervals		33149.043000000005	33149.01700000001		
33150.251000000004	0.10700000000360887	HSETimeIntervals		33150.312000000005	33150.304500000006		
33150.396	0.19500000000698492	HSETimeIntervals		33150.529	33150.493500000004		
33160.916000000005	0.1529999999984284	HSETimeIntervals		33160.94300000001	33160.99250000001		
33166.511000000006	0.07400000000052387	HSETimeIntervals		33166.554000000004	33166.548		
33167.64400000001	0.07399999999324791	HSETimeIntervals		33167.686	33167.681000000004		
33169.29	0.09900000000197906	HSETimeIntervals		33169.34100000001	33169.3395		
33169.749	0.33299999999871943	HSETimeIntervals		33169.932	33169.9155		
33174.092000000004	0.1610000000000582	HSETimeIntervals		33174.218	33174.1725		
33177.134000000005	0.12599999999656575	HSETimeIntervals		33177.219000000005	33177.19700000001		
33177.976	0.11300000000483124	HSETimeIntervals		33178.029	33178.0325		
33178.950000000004	0.10300000000279397	HSETimeIntervals		33178.978	33179.001500000006		
33183.647000000004	0.34399999999732245	HSETimeIntervals		33183.83500000001	33183.819		
33185.76	0.11800000000221189	HSETimeIntervals		33185.82000000001	33185.819		
33186.441000000006	0.10599999999976717	HSETimeIntervals		33186.512	33186.494000000006		
33186.597	0.1220000000030268	HSETimeIntervals		33186.649000000005	33186.658		
33187.55500000001	0.08599999999569263	HSETimeIntervals		33187.61	33187.598000000005		
33191.903000000006	0.1599999999962165	HSETimeIntervals		33192.011000000006	33191.98300000001		
33194.98	0.10300000000279397	HSETimeIntervals		33195.047000000006	33195.031500000005		
33195.39400000001	0.11699999999837019	HSETimeIntervals		33195.433000000005	33195.45250000001		
33200.378000000004	0.091999999996915	HSETimeIntervals		33200.40700000001	33200.424000000006		
33200.541000000005	0.08999999999650754	HSETimeIntervals		33200.593	33200.586		
33204.83900000001	0.19499999999970896	HSETimeIntervals		33205.004	33204.93650000001		
33212.204000000005	0.21899999999732245	HSETimeIntervals		33212.35400000001	33212.313500000004		
33219.56800000001	0.1820000000006985	HSETimeIntervals		33219.721000000005	33219.65900000001		
33228.452000000005	0.13599999999860302	HSETimeIntervals		33228.548	33228.520000000004		
33231.199	0.18500000000494765	HSETimeIntervals		33231.24800000001	33231.2915		
33231.475000000006	0.10399999999935972	HSETimeIntervals		33231.516	33231.52700000001		
33232.51	0.2969999999986612	HSETimeIntervals		33232.670000000006	33232.658500000005		
33233.226	0.30600000000413274	HSETimeIntervals		33233.294	33233.379		
33233.740000000005	0.27700000000186265	HSETimeIntervals		33233.968	33233.878500000006		
33235.599	0.08699999999953434	HSETimeIntervals		33235.632000000005	33235.6425		
33237.602000000006	0.08199999999487773	HSETimeIntervals		33237.64000000001	33237.643000000004		
33239.065	0.07700000000477303	HSETimeIntervals		33239.114	33239.103500000005		
33240.00200000001	0.05899999999382999	HSETimeIntervals		33240.029	33240.031500000005		
33245.369000000006	0.08499999999912689	HSETimeIntervals		33245.415	33245.41150000001		
33246.982	0.11099999999714782	HSETimeIntervals		33247.054000000004	33247.037500000006		
33252.707	0.11800000000221189	HSETimeIntervals		33252.757000000005	33252.766		
33254.558000000005	0.15499999999883585	HSETimeIntervals		33254.593	33254.635500000004		
33255.12	0.12299999999959255	HSETimeIntervals		33255.196	33255.181500000006		
33260.313	0.09800000000541331	HSETimeIntervals		33260.37300000001	33260.362		
33261.522000000004	0.09100000000034925	HSETimeIntervals		33261.554000000004	33261.567500000005		
33262.310000000005	0.1500000000014552	HSETimeIntervals		33262.368	33262.385		
33263.01700000001	0.10199999999895226	HSETimeIntervals		33263.071	33263.06800000001		
33263.280000000006	0.08899999999994179	HSETimeIntervals		33263.323000000004	33263.32450000001		
33266.137	0.09500000000116415	HSETimeIntervals		33266.188	33266.1845		
33271.196	0.10700000000360887	HSETimeIntervals		33271.261000000006	33271.249500000005		
33271.787000000004	0.07699999999749707	HSETimeIntervals		33271.823000000004	33271.825500000006		
33272.90900000001	0.1279999999969732	HSETimeIntervals		33273.00000000001	33272.973000000005		
33284.808000000005	0.08699999999953434	HSETimeIntervals		33284.855	33284.851500000004		
33285.174000000006	0.11599999999452848	HSETimeIntervals		33285.25000000001	33285.232		
33285.836	0.10199999999895226	HSETimeIntervals		33285.897000000004	33285.887		
33293.939000000006	0.3110000000015134	HSETimeIntervals		33294.023	33294.09450000001		
33296.83900000001	0.10699999999633292	HSETimeIntervals		33296.879	33296.89250000001		
33296.968	0.09600000000500586	HSETimeIntervals		33297.020000000004	33297.016		
33299.130000000005	0.216999999996915	HSETimeIntervals		33299.185000000005	33299.23850000001		
33299.846000000005	0.14400000000023283	HSETimeIntervals		33299.889	33299.918000000005		
33300.221000000005	0.07299999999668216	HSETimeIntervals		33300.26	33300.25750000001		
33300.33900000001	0.21799999999348074	HSETimeIntervals		33300.40900000001	33300.448000000004		
33300.728	0.0959999999977299	HSETimeIntervals		33300.789000000004	33300.776000000005		
33305.847	0.08400000000256114	HSETimeIntervals		33305.887	33305.889		
33306.0	113.0	SleepStates					NREMstate
33306.138000000006	0.1959999999962747	HSETimeIntervals		33306.304000000004	33306.236000000004		
33307.5008	0.30399999999644933	UpDownStatesTimeIntervals				UP	
33307.706000000006	0.21499999999650754	HSETimeIntervals		33307.754	33307.813500000004		
33308.638000000006	0.11299999999755528	HSETimeIntervals		33308.71400000001	33308.694500000005		
33310.1208	0.24320000000443542	UpDownStatesTimeIntervals				UP	
33311.23	0.11800000000221189	HSETimeIntervals		33311.281	33311.289000000004		
33312.8792	0.1559999999954016	UpDownStatesTimeIntervals				UP	
33313.224	0.06700000000273576	HSETimeIntervals		33313.256	33313.2575		
33313.503000000004	0.1279999999969732	HSETimeIntervals		33313.597	33313.567		
33314.313	0.3290000000051805	HSETimeIntervals		33314.369000000006	33314.4775		
33316.40900000001	0.25	HSETimeIntervals		33316.471000000005	33316.53400000001		
33316.683000000005	0.12999999999738066	HSETimeIntervals		33316.749	33316.74800000001		
33317.67800000001	0.2989999999990687	HSETimeIntervals		33317.755000000005	33317.82750000001		
33318.01500000001	0.2959999999948195	HSETimeIntervals		33318.139	33318.16300000001		
33319.794	0.25200000000040745	HSETimeIntervals		33319.876000000004	33319.92		
33320.346000000005	0.10699999999633292	HSETimeIntervals		33320.398	33320.39950000001		
33321.264	0.1790000000037253	HSETimeIntervals		33321.387	33321.353500000005		
33321.671	0.4400000000023283	HSETimeIntervals		33322.073000000004	33321.891		
33322.299000000006	0.2649999999994179	HSETimeIntervals		33322.48100000001	33322.431500000006		
33322.57000000001	0.25799999999435386	HSETimeIntervals		33322.751000000004	33322.69900000001		
33323.12	0.0940000000045984	HSETimeIntervals		33323.164000000004	33323.167		
33324.383	0.1830000000045402	HSETimeIntervals		33324.419	33324.474500000004		
33325.4032	0.26559999999881256	UpDownStatesTimeIntervals				UP	
33327.0064	0.30640000000130385	UpDownStatesTimeIntervals				UP	
33327.9416	0.26000000000203727	UpDownStatesTimeIntervals				DOWN	
33330.797000000006	0.15499999999883585	HSETimeIntervals		33330.915	33330.874500000005		
33333.293000000005	0.10399999999935972	HSETimeIntervals		33333.359000000004	33333.34500000001		
33333.708000000006	0.10899999999674037	HSETimeIntervals		33333.768000000004	33333.762500000004		
33333.991	0.09500000000116415	HSETimeIntervals		33334.049000000006	33334.0385		
33334.162000000004	0.06199999999807915	HSETimeIntervals		33334.192	33334.19300000001		
33334.92800000001	0.16199999999662396	HSETimeIntervals		33334.97	33335.009000000005		
33335.43000000001	0.11999999999534339	HSETimeIntervals		33335.520000000004	33335.490000000005		
33335.899000000005	0.1279999999969732	HSETimeIntervals		33335.937000000005	33335.963		
33337.266	0.11499999999796273	HSETimeIntervals		33337.310000000005	33337.323500000006		
33337.46000000001	0.08399999999528518	HSETimeIntervals		33337.501000000004	33337.50200000001		
33337.774000000005	0.07499999999708962	HSETimeIntervals		33337.812000000005	33337.8115		
33340.575000000004	0.158000000003085	HSETimeIntervals		33340.656	33340.654		
33341.192	0.09999999999854481	HSETimeIntervals		33341.25200000001	33341.242000000006		
33341.567	0.20999999999912689	HSETimeIntervals		33341.65900000001	33341.672000000006		
33342.96400000001	0.1309999999939464	HSETimeIntervals		33343.054000000004	33343.029500000004		
33344.218	0.16400000000430737	HSETimeIntervals		33344.285	33344.3		
33344.707	0.12800000000424916	HSETimeIntervals		33344.747	33344.771		
33346.603	0.14100000000325963	HSETimeIntervals		33346.655000000006	33346.673500000004		
33347.081000000006	0.09999999999854481	HSETimeIntervals		33347.12300000001	33347.13100000001		
33347.374	0.23400000000401633	HSETimeIntervals		33347.548	33347.491		
33349.1312	0.17759999999543652	UpDownStatesTimeIntervals				UP	
33350.261000000006	0.15200000000186265	HSETimeIntervals		33350.323000000004	33350.33700000001		
33354.049000000006	0.10299999999551801	HSETimeIntervals		33354.098000000005	33354.10050000001		
33355.541000000005	0.10399999999935972	HSETimeIntervals		33355.61	33355.59300000001		
33355.669	0.09200000000419095	HSETimeIntervals		33355.72	33355.715000000004		
33355.797000000006	0.3289999999979045	HSETimeIntervals		33355.985	33355.961500000005		
33357.76700000001	0.4909999999945285	HSETimeIntervals		33357.98100000001	33358.012500000004		
33359.80300000001	0.11000000000058208	HSETimeIntervals		33359.87700000001	33359.85800000001		
33359.9088	0.26880000000528526	UpDownStatesTimeIntervals				UP	
33360.338	0.0900000000037835	HSETimeIntervals		33360.383	33360.383		
33360.579000000005	0.31599999999889405	HSETimeIntervals		33360.83900000001	33360.73700000001		
33361.090000000004	0.12000000000261934	HSETimeIntervals		33361.138000000006	33361.15		
33362.166000000005	0.11499999999796273	HSETimeIntervals		33362.227000000006	33362.22350000001		
33362.317	0.3470000000015716	HSETimeIntervals		33362.351	33362.4905		
33362.82000000001	0.08399999999528518	HSETimeIntervals		33362.86	33362.86200000001		
33363.177	0.16999999999825377	HSETimeIntervals		33363.228	33363.262		
33364.280000000006	0.07999999999447027	HSETimeIntervals		33364.329000000005	33364.32000000001		
33365.3416	0.12320000000181608	UpDownStatesTimeIntervals				UP	
33366.7504	0.1408000000010361	UpDownStatesTimeIntervals				UP	
33367.191000000006	0.0989999999947031	HSETimeIntervals		33367.25000000001	33367.24050000001		
33369.081000000006	0.07800000000133878	HSETimeIntervals		33369.117000000006	33369.12		
33370.251000000004	0.10800000000017462	HSETimeIntervals		33370.289000000004	33370.305		
33370.380000000005	0.11099999999714782	HSETimeIntervals		33370.416000000005	33370.43550000001		
33371.131	0.10300000000279397	HSETimeIntervals		33371.183000000005	33371.1825		
33371.382000000005	0.13300000000162981	HSETimeIntervals		33371.441000000006	33371.448500000006		
33371.54	0.2190000000045984	HSETimeIntervals		33371.582	33371.6495		
33372.03600000001	0.12199999999575084	HSETimeIntervals		33372.09100000001	33372.09700000001		
33372.35800000001	0.13899999999557622	HSETimeIntervals		33372.420000000006	33372.427500000005		
33374.251000000004	0.31700000000273576	HSETimeIntervals		33374.31800000001	33374.4095		
33383.687000000005	0.08899999999994179	HSETimeIntervals		33383.722	33383.73150000001		
33383.976	0.06300000000192085	HSETimeIntervals		33384.006	33384.0075		
33384.293000000005	0.13100000000122236	HSETimeIntervals		33384.350000000006	33384.3585		
33384.851	0.19600000000355067	HSETimeIntervals		33385.01	33384.949		
33386.603	0.08699999999953434	HSETimeIntervals		33386.639	33386.6465		
33386.850000000006	0.10099999999511056	HSETimeIntervals		33386.897000000004	33386.9005		
33387.408	0.15120000000024447	RippleTimeIntervals		33387.512			
33388.71200000001	0.1349999999947613	HSETimeIntervals		33388.76700000001	33388.779500000004		
33390.060000000005	0.13999999999941792	HSETimeIntervals		33390.109000000004	33390.130000000005		
33391.19300000001	0.3209999999962747	HSETimeIntervals		33391.414000000004	33391.353500000005		
33391.948000000004	0.11400000000139698	HSETimeIntervals		33392.013000000006	33392.005000000005		
33393.49800000001	0.11199999999371357	HSETimeIntervals		33393.571	33393.554000000004		
33395.828	0.08000000000174623	HSETimeIntervals		33395.881	33395.868		
33398.757000000005	0.1279999999969732	HSETimeIntervals		33398.824	33398.821		
33398.888000000006	0.11299999999755528	HSETimeIntervals		33398.955	33398.944500000005		
33399.6368	0.11600000000180444	RippleTimeIntervals		33399.68			
33400.71400000001	0.2989999999990687	HSETimeIntervals		33400.965000000004	33400.86350000001		
33401.669	0.10199999999895226	HSETimeIntervals		33401.73300000001	33401.72		
33402.147000000004	0.091999999996915	HSETimeIntervals		33402.207	33402.19300000001		
33402.727000000006	0.10800000000017462	HSETimeIntervals		33402.792	33402.781		
33403.451	0.10700000000360887	HSETimeIntervals		33403.527	33403.5045		
33403.4968	0.21600000000034925	UpDownStatesTimeIntervals				UP	
33404.313	0.08299999999871943	HSETimeIntervals		33404.349	33404.3545		
33406.363000000005	0.30099999999947613	HSETimeIntervals		33406.53200000001	33406.51350000001		
33406.5864	0.12320000000181608	UpDownStatesTimeIntervals				UP	
33406.984000000004	0.4879999999975553	HSETimeIntervals		33407.291000000005	33407.228		
33407.670000000006	0.12099999999918509	HSETimeIntervals		33407.707	33407.730500000005		
33408.537000000004	0.1319999999977881	HSETimeIntervals		33408.58900000001	33408.603		
33408.689000000006	0.23399999999674037	HSETimeIntervals		33408.728	33408.806000000004		
33409.934	0.13600000000587897	HSETimeIntervals		33409.997	33410.002		
33410.1048	0.39839999999821885	UpDownStatesTimeIntervals				UP	
33410.486000000004	0.10699999999633292	HSETimeIntervals		33410.53200000001	33410.539500000006		
33412.279	0.18500000000494765	HSETimeIntervals		33412.393000000004	33412.3715		
33412.739	0.23500000000058208	HSETimeIntervals		33412.791000000005	33412.8565		
33414.01	0.12099999999918509	HSETimeIntervals		33414.058000000005	33414.0705		
33414.1744	0.24159999999392312	UpDownStatesTimeIntervals				UP	
33414.772	0.30880000000615837	UpDownStatesTimeIntervals				UP	
33415.7304	0.23359999999956926	UpDownStatesTimeIntervals				DOWN	
33416.173	0.07700000000477303	HSETimeIntervals		33416.22	33416.211500000005		
33417.97	0.13200000000506407	HSETimeIntervals		33418.003000000004	33418.036		
33418.948000000004	0.0900000000037835	HSETimeIntervals		33419.001000000004	33418.993		
33420.0	254.0	SleepStates					WAKEstate
33423.845	0.19499999999970896	HSETimeIntervals		33423.96600000001	33423.942500000005		
33424.255000000005	0.23399999999674037	HSETimeIntervals		33424.43000000001	33424.372		
33425.312000000005	0.2430000000022119	HSETimeIntervals		33425.504	33425.43350000001		
33426.103	0.06799999999930151	HSETimeIntervals		33426.136000000006	33426.137		
33428.493	0.14300000000366708	HSETimeIntervals		33428.557	33428.5645		
33429.98100000001	0.19999999999708962	HSETimeIntervals		33430.143000000004	33430.081000000006		
33430.26700000001	0.12299999999959255	HSETimeIntervals		33430.35400000001	33430.32850000001		
33430.987	0.21700000000419095	HSETimeIntervals		33431.054000000004	33431.0955		
33436.84100000001	0.11399999999412103	HSETimeIntervals		33436.880000000005	33436.89800000001		
33438.581000000006	0.059999999997671694	HSETimeIntervals		33438.613000000005	33438.611000000004		
33440.134000000005	0.06599999999889405	HSETimeIntervals		33440.170000000006	33440.16700000001		
33441.207	0.07400000000052387	HSETimeIntervals		33441.239	33441.244		
33441.46400000001	0.0669999999954598	HSETimeIntervals		33441.49800000001	33441.497500000005		
33441.959	0.3470000000015716	HSETimeIntervals		33442.186	33442.1325		
33443.91100000001	0.11699999999837019	HSETimeIntervals		33443.954000000005	33443.96950000001		
33445.59100000001	0.07599999999365536	HSETimeIntervals		33445.62700000001	33445.62900000001		
33450.486000000004	0.16199999999662396	HSETimeIntervals		33450.61	33450.567		
33454.277	0.17000000000552973	HSETimeIntervals		33454.374	33454.362		
33455.192	0.05500000000029104	HSETimeIntervals		33455.221000000005	33455.2195		
33461.454000000005	0.13399999999819556	HSETimeIntervals		33461.511000000006	33461.52100000001		
33464.696	0.22299999999813735	HSETimeIntervals		33464.85800000001	33464.8075		
33466.186	0.1260000000038417	HSETimeIntervals		33466.227000000006	33466.249		
33469.406	0.10700000000360887	HSETimeIntervals		33469.48300000001	33469.459500000004		
33473.056000000004	0.09399999999732245	HSETimeIntervals		33473.099	33473.103		
33473.938	0.0940000000045984	HSETimeIntervals		33474.00000000001	33473.985		
33475.49600000001	0.13599999999860302	HSETimeIntervals		33475.584	33475.564000000006		
33476.07200000001	0.24199999999837019	HSETimeIntervals		33476.253000000004	33476.19300000001		
33484.118	0.12099999999918509	HSETimeIntervals		33484.184	33484.1785		
33485.783	0.17799999999988358	HSETimeIntervals		33485.93000000001	33485.872		
33486.239	0.2930000000051223	HSETimeIntervals		33486.492000000006	33486.385500000004		
33487.64400000001	0.08999999999650754	HSETimeIntervals		33487.698000000004	33487.689000000006		
33488.467000000004	0.08800000000337604	HSETimeIntervals		33488.514	33488.511000000006		
33491.355	0.4210000000020955	HSETimeIntervals		33491.548	33491.565500000004		
33497.827000000005	0.13500000000203727	HSETimeIntervals		33497.921	33497.8945		
33500.507000000005	0.16300000000046566	HSETimeIntervals		33500.571	33500.588500000005		
33501.065	0.07700000000477303	HSETimeIntervals		33501.107	33501.103500000005		
33506.773	0.08000000000174623	HSETimeIntervals		33506.82000000001	33506.813		
33512.736000000004	0.19099999999889405	HSETimeIntervals		33512.886000000006	33512.83150000001		
33515.709	0.13100000000122236	HSETimeIntervals		33515.779	33515.7745		
33516.840000000004	0.10100000000238651	HSETimeIntervals		33516.906	33516.8905		
33522.747	0.1820000000006985	HSETimeIntervals		33522.897000000004	33522.838		
33528.898	0.13100000000122236	HSETimeIntervals		33528.950000000004	33528.9635		
33531.64000000001	0.2489999999961583	HSETimeIntervals		33531.863000000005	33531.764500000005		
33534.362	0.13100000000122236	HSETimeIntervals		33534.46000000001	33534.4275		
33539.896	0.08899999999994179	HSETimeIntervals		33539.953	33539.940500000004		
33541.827000000005	0.1849999999976717	HSETimeIntervals		33541.974	33541.9195		
33542.274000000005	0.10300000000279397	HSETimeIntervals		33542.328	33542.325500000006		
33547.259000000005	0.2739999999976135	HSETimeIntervals		33547.298	33547.39600000001		
33549.148	0.21000000000640284	HSETimeIntervals		33549.23300000001	33549.253000000004		
33551.227000000006	0.10099999999511056	HSETimeIntervals		33551.296	33551.277500000004		
33553.68000000001	0.08399999999528518	HSETimeIntervals		33553.73	33553.72200000001		
33554.191000000006	0.08599999999569263	HSETimeIntervals		33554.24800000001	33554.234000000004		
33555.738000000005	0.08400000000256114	HSETimeIntervals		33555.781	33555.780000000006		
33556.522000000004	0.1239999999961583	HSETimeIntervals		33556.602000000006	33556.584		
33558.478	0.07899999999790452	HSETimeIntervals		33558.530000000006	33558.5175		
33563.324	0.059000000001105946	HSETimeIntervals		33563.35600000001	33563.3535		
33563.46600000001	0.06899999999586726	HSETimeIntervals		33563.505000000005	33563.50050000001		
33564.5056	0.04640000000654254	RippleTimeIntervals		33564.516			
33566.836	0.2779999999984284	HSETimeIntervals		33566.994000000006	33566.975000000006		
33568.151000000005	0.08200000000215368	HSETimeIntervals		33568.19	33568.192		
33572.867000000006	0.11000000000058208	HSETimeIntervals		33572.944	33572.922000000006		
33575.112	0.10500000000320142	HSETimeIntervals		33575.187000000005	33575.1645		
33576.158	0.06199999999807915	HSETimeIntervals		33576.187000000005	33576.189000000006		
33577.367000000006	0.17499999999563443	HSETimeIntervals		33577.51	33577.45450000001		
33577.560000000005	0.08299999999871943	HSETimeIntervals		33577.596000000005	33577.601500000004		
33581.24800000001	0.26599999999598367	HSETimeIntervals		33581.47900000001	33581.38100000001		
33590.00200000001	0.0959999999977299	HSETimeIntervals		33590.062000000005	33590.05000000001		
33590.541000000005	0.06700000000273576	HSETimeIntervals		33590.577000000005	33590.5745		
33590.675	0.07800000000133878	HSETimeIntervals		33590.723000000005	33590.714		
33590.838	0.09500000000116415	HSETimeIntervals		33590.881	33590.885500000004		
33593.21200000001	0.10800000000017462	HSETimeIntervals		33593.28800000001	33593.266		
33597.253000000004	0.14800000000104774	HSETimeIntervals		33597.295000000006	33597.327000000005		
33599.456000000006	0.17799999999988358	HSETimeIntervals		33599.602000000006	33599.545000000006		
33600.484000000004	0.20199999999749707	HSETimeIntervals		33600.652	33600.58500000001		
33600.76500000001	0.06799999999930151	HSETimeIntervals		33600.793000000005	33600.799000000006		
33601.511000000006	0.22000000000116415	HSETimeIntervals		33601.622	33601.62100000001		
33605.292	0.07900000000518048	HSETimeIntervals		33605.336	33605.3315		
33607.304000000004	0.08000000000174623	HSETimeIntervals		33607.345	33607.344000000005		
33607.607	0.05700000000069849	HSETimeIntervals		33607.636000000006	33607.635500000004		
33613.838	0.14400000000023283	HSETimeIntervals		33613.87700000001	33613.91		
33615.402	0.08100000000558794	HSETimeIntervals		33615.442	33615.442500000005		
33618.24800000001	0.14499999999679858	HSETimeIntervals		33618.343	33618.32050000001		
33619.40700000001	0.11599999999452848	HSETimeIntervals		33619.485	33619.465000000004		
33620.15900000001	0.10199999999895226	HSETimeIntervals		33620.218	33620.21000000001		
33622.632000000005	0.07699999999749707	HSETimeIntervals		33622.671	33622.67050000001		
33625.673	0.10800000000017462	HSETimeIntervals		33625.741	33625.727		
33627.35800000001	0.17299999999522697	HSETimeIntervals		33627.393000000004	33627.444500000005		
33630.060000000005	0.11899999999877764	HSETimeIntervals		33630.141	33630.11950000001		
33630.29	0.10100000000238651	HSETimeIntervals		33630.349	33630.3405		
33631.525	0.05700000000069849	HSETimeIntervals		33631.55500000001	33631.5535		
33633.309	0.08300000000599539	HSETimeIntervals		33633.352000000006	33633.3505		
33633.437000000005	0.09399999999732245	HSETimeIntervals		33633.494000000006	33633.484000000004		
33634.692	0.07800000000133878	HSETimeIntervals		33634.73100000001	33634.731		
33636.04	0.4760000000023865	HSETimeIntervals		33636.347	33636.278		
33641.630000000005	0.052999999999883585	HSETimeIntervals		33641.658	33641.656500000005		
33647.137	0.06599999999889405	HSETimeIntervals		33647.168000000005	33647.170000000006		
33649.045000000006	0.07099999999627471	HSETimeIntervals		33649.084	33649.080500000004		
33651.706000000006	0.08699999999953434	HSETimeIntervals		33651.742000000006	33651.749500000005		
33656.565	0.08099999999831198	HSETimeIntervals		33656.611000000004	33656.605500000005		
33656.778000000006	0.13399999999819556	HSETimeIntervals		33656.883	33656.84500000001		
33662.902	0.11500000000523869	HSETimeIntervals		33662.96600000001	33662.959500000004		
33669.097	0.08499999999912689	HSETimeIntervals		33669.138000000006	33669.139500000005		
33671.594000000005	0.09999999999854481	HSETimeIntervals		33671.639	33671.64400000001		
33673.423	0.16500000000087311	HSETimeIntervals		33673.451	33673.5055		
33673.957	0.12700000000040745	HSETimeIntervals		33674.022000000004	33674.0205		
33674.592000000004	0.10300000000279397	HSETimeIntervals		33674.658	33674.643500000006		
33675.0	333.0	SleepStates					NREMstate
33676.184	0.25200000000040745	HSETimeIntervals		33676.367000000006	33676.31		
33677.5144	0.15200000000186265	UpDownStatesTimeIntervals				UP	
33678.727000000006	0.10699999999633292	HSETimeIntervals		33678.798	33678.78050000001		
33679.105	0.3819999999977881	HSETimeIntervals		33679.326	33679.296		
33679.743	0.12700000000040745	HSETimeIntervals		33679.808000000005	33679.8065		
33680.027	0.13600000000587897	HSETimeIntervals		33680.116	33680.095		
33680.588	0.12400000000343425	HSETimeIntervals		33680.64200000001	33680.65		
33680.87	0.23400000000401633	HSETimeIntervals		33680.935000000005	33680.987		
33681.478	0.07500000000436557	HSETimeIntervals		33681.518000000004	33681.5155		
33681.629	0.09200000000419095	HSETimeIntervals		33681.669	33681.675		
33681.766	0.20300000000133878	HSETimeIntervals		33681.811	33681.8675		
33681.984000000004	0.2110000000029686	HSETimeIntervals		33682.08700000001	33682.0895		
33682.672	0.15120000000024447	UpDownStatesTimeIntervals				UP	
33683.895000000004	0.08400000000256114	HSETimeIntervals		33683.942	33683.937000000005		
33684.05500000001	0.091999999996915	HSETimeIntervals		33684.097	33684.10100000001		
33685.950000000004	0.09399999999732245	HSETimeIntervals		33686.008	33685.997		
33687.956000000006	0.38799999999901047	HSETimeIntervals		33688.135	33688.15000000001		
33688.508	0.09100000000034925	HSETimeIntervals		33688.558000000005	33688.5535		
33689.929000000004	0.20700000000215368	HSETimeIntervals		33689.96200000001	33690.0325		
33692.840000000004	0.22400000000197906	HSETimeIntervals		33693.024000000005	33692.952000000005		
33693.082	0.10700000000360887	HSETimeIntervals		33693.133	33693.135500000004		
33695.3184	0.3096000000005006	UpDownStatesTimeIntervals				UP	
33695.615000000005	0.216999999996915	HSETimeIntervals		33695.671	33695.72350000001		
33695.886000000006	0.19499999999970896	HSETimeIntervals		33696.029	33695.98350000001		
33696.274000000005	0.22899999999935972	HSETimeIntervals		33696.435000000005	33696.38850000001		
33697.450000000004	0.22299999999813735	HSETimeIntervals		33697.641	33697.5615		
33697.97900000001	0.17499999999563443	HSETimeIntervals		33698.064000000006	33698.06650000001		
33698.93000000001	0.0989999999947031	HSETimeIntervals		33698.982	33698.97950000001		
33700.096000000005	0.2710000000006403	HSETimeIntervals		33700.285	33700.2315		
33700.692	0.15499999999883585	HSETimeIntervals		33700.763000000006	33700.7695		
33701.724	0.38100000000122236	HSETimeIntervals		33701.807	33701.9145		
33702.15900000001	0.2459999999991851	HSETimeIntervals		33702.245	33702.28200000001		
33704.472	0.14719999999942956	UpDownStatesTimeIntervals				UP	
33706.91300000001	0.4059999999954016	HSETimeIntervals		33707.264	33707.11600000001		
33707.334	0.34100000000034925	HSETimeIntervals		33707.549000000006	33707.5045		
33707.955	0.2870000000038999	HSETimeIntervals		33708.187000000005	33708.0985		
33708.914000000004	0.3059999999968568	HSETimeIntervals		33709.04	33709.067		
33709.361000000004	0.22000000000116415	HSETimeIntervals		33709.537000000004	33709.471000000005		
33710.031	0.23200000000360887	HSETimeIntervals		33710.12700000001	33710.147000000004		
33710.316000000006	0.3709999999991851	HSETimeIntervals		33710.37500000001	33710.501500000006		
33710.71200000001	0.36899999999877764	HSETimeIntervals		33710.874	33710.89650000001		
33713.7408	0.14560000000346918	UpDownStatesTimeIntervals				UP	
33714.12	0.25600000000122236	HSETimeIntervals		33714.256	33714.248		
33714.412000000004	0.07499999999708962	HSETimeIntervals		33714.448000000004	33714.4495		
33714.5456	0.06000000000494765	UpDownStatesTimeIntervals				DOWN	
33714.736000000004	0.3609999999971478	HSETimeIntervals		33714.927	33714.91650000001		
33716.312000000005	0.08799999999610009	HSETimeIntervals		33716.36	33716.35600000001		
33717.363000000005	0.12199999999575084	HSETimeIntervals		33717.444	33717.424000000006		
33717.558000000005	0.20799999999871943	HSETimeIntervals		33717.704000000005	33717.662000000004		
33718.39400000001	0.23099999999976717	HSETimeIntervals		33718.453	33718.50950000001		
33719.1592	0.29200000000128057	UpDownStatesTimeIntervals				UP	
33719.492000000006	0.21499999999650754	HSETimeIntervals		33719.535	33719.599500000004		
33722.059	0.19700000000011642	HSETimeIntervals		33722.22	33722.1575		
33722.7392	0.12239999999292195	UpDownStatesTimeIntervals				UP	
33723.2992	0.13040000000182772	UpDownStatesTimeIntervals				UP	
33724.082	0.45200000000477303	HSETimeIntervals		33724.122	33724.308000000005		
33724.1496	0.16080000000511063	UpDownStatesTimeIntervals				UP	
33725.963	0.34900000000197906	HSETimeIntervals		33726.15700000001	33726.137500000004		
33729.5096	0.3096000000005006	UpDownStatesTimeIntervals				DOWN	
33730.1472	0.30159999999887077	UpDownStatesTimeIntervals				UP	
33730.635	0.08899999999994179	HSETimeIntervals		33730.682	33730.679500000006		
33731.5648	0.21360000000277068	UpDownStatesTimeIntervals				UP	
33731.65700000001	0.35099999999511056	HSETimeIntervals		33731.939000000006	33731.832500000004		
33735.78200000001	0.22999999999592546	HSETimeIntervals		33735.939000000006	33735.897000000004		
33736.311	0.09200000000419095	HSETimeIntervals		33736.355	33736.357		
33737.1824	0.20400000000518048	UpDownStatesTimeIntervals				UP	
33737.412000000004	0.11499999999796273	HSETimeIntervals		33737.458000000006	33737.46950000001		
33738.41300000001	0.4989999999961583	HSETimeIntervals		33738.635	33738.662500000006		
33738.6184	0.15120000000024447	UpDownStatesTimeIntervals				UP	
33743.44	0.13200000000506407	HSETimeIntervals		33743.533	33743.506		
33745.4368	0.12559999999939464	UpDownStatesTimeIntervals				DOWN	
33745.5624	0.20239999999466818	UpDownStatesTimeIntervals				UP	
33746.307	0.3550000000032014	HSETimeIntervals		33746.352000000006	33746.4845		
33747.974	0.1220000000030268	HSETimeIntervals		33748.018000000004	33748.035		
33749.238000000005	0.08200000000215368	HSETimeIntervals		33749.278000000006	33749.279		
33750.139	0.08899999999994179	HSETimeIntervals		33750.184	33750.18350000001		
33751.4264	0.1408000000010361	UpDownStatesTimeIntervals				UP	
33752.009000000005	0.10199999999895226	HSETimeIntervals		33752.06800000001	33752.060000000005		
33752.628000000004	0.11699999999837019	HSETimeIntervals		33752.701	33752.6865		
33759.476	0.16479999999864958	UpDownStatesTimeIntervals				UP	
33760.204000000005	0.23999999999796273	HSETimeIntervals		33760.242000000006	33760.32400000001		
33761.473000000005	0.1889999999984866	HSETimeIntervals		33761.55300000001	33761.567500000005		
33761.5096	0.12000000000261934	UpDownStatesTimeIntervals				UP	
33761.78400000001	0.14099999999598367	HSETimeIntervals		33761.87100000001	33761.85450000001		
33762.0272	0.18240000000514556	UpDownStatesTimeIntervals				UP	
33763.79	0.158000000003085	HSETimeIntervals		33763.91100000001	33763.869		
33764.931000000004	0.09999999999854481	HSETimeIntervals		33764.98100000001	33764.98100000001		
33767.529	0.13100000000122236	HSETimeIntervals		33767.58500000001	33767.5945		
33770.811	0.4429999999993015	HSETimeIntervals		33771.10400000001	33771.0325		
33771.4424	0.14160000000265427	UpDownStatesTimeIntervals				UP	
33772.76700000001	0.21600000000034925	HSETimeIntervals		33772.901000000005	33772.87500000001		
33777.774000000005	0.1820000000006985	HSETimeIntervals		33777.883	33777.865000000005		
33779.2296	0.2856000000028871	UpDownStatesTimeIntervals				UP	
33779.893000000004	0.11600000000180444	HSETimeIntervals		33779.939000000006	33779.951		
33780.333000000006	0.341999999996915	HSETimeIntervals		33780.383	33780.50400000001		
33780.844000000005	0.13100000000122236	HSETimeIntervals		33780.887	33780.9095		
33782.3752	0.15120000000024447	UpDownStatesTimeIntervals				UP	
33784.222	0.2930000000051223	HSETimeIntervals		33784.272000000004	33784.368500000004		
33784.545000000006	0.20799999999871943	HSETimeIntervals		33784.713	33784.649000000005		
33784.7328	0.2752000000036787	UpDownStatesTimeIntervals				UP	
33785.0952	0.2679999999963911	UpDownStatesTimeIntervals				DOWN	
33786.453	0.24500000000261934	HSETimeIntervals		33786.563	33786.5755		
33786.717000000004	0.10100000000238651	HSETimeIntervals		33786.76900000001	33786.7675		
33786.874	0.09999999999854481	HSETimeIntervals		33786.906	33786.924000000006		
33788.062000000005	0.08799999999610009	HSETimeIntervals		33788.101	33788.10600000001		
33788.188	0.22400000000197906	HSETimeIntervals		33788.30500000001	33788.3		
33790.984000000004	0.4179999999978463	HSETimeIntervals		33791.21200000001	33791.19300000001		
33791.3384	0.1463999999978114	UpDownStatesTimeIntervals				UP	
33792.043000000005	0.4709999999977299	HSETimeIntervals		33792.449	33792.27850000001		
33792.789000000004	0.31999999999970896	HSETimeIntervals		33793.075000000004	33792.94900000001		
33793.134000000005	0.06899999999586726	HSETimeIntervals		33793.173	33793.16850000001		
33794.525	0.2580000000016298	HSETimeIntervals		33794.694	33794.654		
33796.6344	0.15359999999782303	UpDownStatesTimeIntervals				UP	
33797.251000000004	0.1790000000037253	HSETimeIntervals		33797.316000000006	33797.340500000006		
33799.55500000001	0.37199999999575084	HSETimeIntervals		33799.719000000005	33799.74100000001		
33800.067	0.36600000000180444	HSETimeIntervals		33800.24600000001	33800.25		
33800.522000000004	0.39100000000325963	HSETimeIntervals		33800.709	33800.717500000006		
33802.432	0.13919999999779975	UpDownStatesTimeIntervals				UP	
33803.604	0.22959999999875436	UpDownStatesTimeIntervals				UP	
33804.2216	0.24560000000201399	UpDownStatesTimeIntervals				UP	
33805.6552	0.1808000000019092	UpDownStatesTimeIntervals				UP	
33806.251000000004	0.11800000000221189	HSETimeIntervals		33806.326	33806.310000000005		
33806.324	0.12960000000020955	UpDownStatesTimeIntervals				UP	
33806.689000000006	0.11499999999796273	HSETimeIntervals		33806.724	33806.74650000001		
33806.865000000005	0.19399999999586726	HSETimeIntervals		33806.896	33806.96200000001		
33807.112	0.09500000000116415	HSETimeIntervals		33807.165	33807.1595		
33807.433000000005	0.364000000001397	HSETimeIntervals		33807.475000000006	33807.615000000005		
33807.825000000004	0.10699999999633292	HSETimeIntervals		33807.872	33807.878500000006		
33807.971000000005	0.33400000000256114	HSETimeIntervals		33808.009000000005	33808.138000000006		
33809.258	0.08899999999994179	HSETimeIntervals		33809.3	33809.302500000005		
33809.8168	0.15520000000105938	UpDownStatesTimeIntervals				UP	
33810.82200000001	0.08099999999831198	HSETimeIntervals		33810.85800000001	33810.86250000001		
33812.738000000005	0.36600000000180444	HSETimeIntervals		33813.06800000001	33812.921		
33817.264	0.07800000000133878	HSETimeIntervals		33817.311	33817.303		
33818.851	0.09999999999854481	HSETimeIntervals		33818.902	33818.901000000005		
33822.69300000001	0.26900000000023283	HSETimeIntervals		33822.889	33822.82750000001		
33823.014	0.37299999999959255	HSETimeIntervals		33823.334	33823.200500000006		
33824.298	0.3260000000009313	HSETimeIntervals		33824.471000000005	33824.461		
33826.3168	0.19039999999949941	UpDownStatesTimeIntervals				UP	
33826.51700000001	0.06199999999807915	HSETimeIntervals		33826.549000000006	33826.54800000001		
33826.743	0.0970000000015716	HSETimeIntervals		33826.779	33826.7915		
33826.887	0.09500000000116415	HSETimeIntervals		33826.931000000004	33826.9345		
33829.422000000006	0.08499999999912689	HSETimeIntervals		33829.471000000005	33829.46450000001		
33830.795000000006	0.19999999999708962	HSETimeIntervals		33830.85400000001	33830.895000000004		
33831.026000000005	0.0970000000015716	HSETimeIntervals		33831.084	33831.0745		
33831.151000000005	0.2620000000024447	HSETimeIntervals		33831.204000000005	33831.28200000001		
33832.063	0.27400000000488944	HSETimeIntervals		33832.225000000006	33832.200000000004		
33832.44	0.08800000000337604	HSETimeIntervals		33832.49800000001	33832.484000000004		
33833.565	0.20100000000093132	HSETimeIntervals		33833.60400000001	33833.6655		
33834.107	0.1820000000006985	HSETimeIntervals		33834.26	33834.198000000004		
33835.612	0.2232000000003609	UpDownStatesTimeIntervals				UP	
33835.80500000001	0.2809999999954016	HSETimeIntervals		33835.87	33835.94550000001		
33837.228	0.14959999999700813	UpDownStatesTimeIntervals				UP	
33837.609000000004	0.36899999999877764	HSETimeIntervals		33837.935000000005	33837.79350000001		
33843.012	0.4160000000047148	HSETimeIntervals		33843.092000000004	33843.22		
33843.567	0.0970000000015716	HSETimeIntervals		33843.615000000005	33843.6155		
33849.19700000001	0.09999999999854481	HSETimeIntervals		33849.24800000001	33849.24700000001		
33849.520000000004	0.24799999999959255	HSETimeIntervals		33849.584	33849.64400000001		
33850.8456	0.16079999999783468	UpDownStatesTimeIntervals				UP	
33851.573000000004	0.25600000000122236	HSETimeIntervals		33851.647000000004	33851.701		
33852.129	0.10900000000401633	HSETimeIntervals		33852.198000000004	33852.1835		
33852.567	0.20500000000174623	HSETimeIntervals		33852.740000000005	33852.6695		
33857.22	0.21300000000337604	HSETimeIntervals		33857.274000000005	33857.3265		
33859.4632	0.15759999999863794	UpDownStatesTimeIntervals				UP	
33862.1224	0.2047999999995227	UpDownStatesTimeIntervals				UP	
33863.807	0.4290000000037253	HSETimeIntervals		33864.04	33864.0215		
33865.869000000006	0.11099999999714782	HSETimeIntervals		33865.9	33865.92450000001		
33866.9504	0.13119999999616994	UpDownStatesTimeIntervals				UP	
33869.6432	0.15600000000267755	UpDownStatesTimeIntervals				UP	
33870.2984	0.16960000000108266	UpDownStatesTimeIntervals				UP	
33872.372	0.27700000000186265	HSETimeIntervals		33872.459	33872.510500000004		
33872.8856	0.1264000000010128	UpDownStatesTimeIntervals				UP	
33873.576	0.12320000000181608	UpDownStatesTimeIntervals				UP	
33874.344000000005	0.3220000000001164	HSETimeIntervals		33874.435000000005	33874.505000000005		
33876.7456	0.1687999999994645	UpDownStatesTimeIntervals				UP	
33878.0136	0.14640000000508735	UpDownStatesTimeIntervals				UP	
33878.6016	0.2647999999971944	UpDownStatesTimeIntervals				UP	
33879.1816	0.1503999999986263	UpDownStatesTimeIntervals				UP	
33879.92	0.14560000000346918	UpDownStatesTimeIntervals				UP	
33883.946	0.45799999999871943	HSETimeIntervals		33884.011000000006	33884.175		
33884.971000000005	0.11000000000058208	HSETimeIntervals		33885.018000000004	33885.026000000005		
33885.557	0.3220000000001164	HSETimeIntervals		33885.831000000006	33885.718		
33885.91	0.25300000000424916	HSETimeIntervals		33885.953	33886.0365		
33886.0936	0.15280000000348082	UpDownStatesTimeIntervals				UP	
33886.441000000006	0.23799999999755528	HSETimeIntervals		33886.497	33886.560000000005		
33887.081000000006	0.12299999999959255	HSETimeIntervals		33887.122	33887.14250000001		
33887.664000000004	0.24100000000180444	HSETimeIntervals		33887.751000000004	33887.7845		
33888.274000000005	0.23999999999796273	HSETimeIntervals		33888.325000000004	33888.39400000001		
33890.5488	0.15520000000105938	UpDownStatesTimeIntervals				UP	
33891.382000000005	0.260999999998603	HSETimeIntervals		33891.434	33891.512500000004		
33892.495	0.18100000000413274	HSETimeIntervals		33892.61	33892.5855		
33897.8208	0.19999999999708962	UpDownStatesTimeIntervals				UP	
33898.291000000005	0.43000000000029104	HSETimeIntervals		33898.334	33898.506		
33898.948000000004	0.1809999999968568	HSETimeIntervals		33899.096000000005	33899.0385		
33899.35400000001	0.08999999999650754	HSETimeIntervals		33899.405000000006	33899.399000000005		
33899.9832	0.17119999999704305	UpDownStatesTimeIntervals				UP	
33900.89000000001	0.11000000000058208	HSETimeIntervals		33900.968	33900.94500000001		
33901.013000000006	0.4110000000000582	HSETimeIntervals		33901.09100000001	33901.2185		
33903.393000000004	0.2790000000022701	HSETimeIntervals		33903.48100000001	33903.5325		
33904.12	0.059000000001105946	HSETimeIntervals		33904.152	33904.1495		
33904.6096	0.18879999999626307	UpDownStatesTimeIntervals				UP	
33904.832	0.14800000000104774	HSETimeIntervals		33904.937000000005	33904.906		
33906.24600000001	0.1279999999969732	HSETimeIntervals		33906.331000000006	33906.310000000005		
33906.448	0.1392000000050757	UpDownStatesTimeIntervals				UP	
33907.26900000001	0.08899999999994179	HSETimeIntervals		33907.304000000004	33907.31350000001		
33907.549000000006	0.35899999999674037	HSETimeIntervals		33907.60400000001	33907.728500000005		
33908.58	0.2180000000007567	HSETimeIntervals		33908.726	33908.689		
33908.5832	0.15759999999863794	UpDownStatesTimeIntervals				UP	
33909.183000000005	0.17899999999644933	HSETimeIntervals		33909.289000000004	33909.27250000001		
33912.809	0.23300000000017462	HSETimeIntervals		33912.91100000001	33912.9255		
33913.090000000004	0.13700000000244472	HSETimeIntervals		33913.182	33913.158500000005		
33913.514	0.33000000000174623	HSETimeIntervals		33913.759000000005	33913.679000000004		
33913.9696	0.15520000000105938	RippleTimeIntervals		33914.0808			
33916.631	0.125	HSETimeIntervals		33916.708000000006	33916.6935		
33917.972	0.06600000000617001	HSETimeIntervals		33918.008	33918.005000000005		
33918.181000000004	0.2180000000007567	HSETimeIntervals		33918.22	33918.29		
33926.7864	0.1632000000026892	UpDownStatesTimeIntervals				UP	
33929.503000000004	0.1220000000030268	HSETimeIntervals		33929.583000000006	33929.564000000006		
33933.00000000001	0.06799999999930151	HSETimeIntervals		33933.037000000004	33933.03400000001		
33933.9936	0.254399999997986	UpDownStatesTimeIntervals				UP	
33935.542	0.13200000000506407	HSETimeIntervals		33935.586	33935.608		
33935.83700000001	0.23399999999674037	HSETimeIntervals		33935.941000000006	33935.954000000005		
33936.2832	0.11920000000100117	UpDownStatesTimeIntervals				UP	
33940.287000000004	0.20399999999790452	HSETimeIntervals		33940.35600000001	33940.389		
33941.2856	0.18959999999788124	UpDownStatesTimeIntervals				UP	
33941.879	0.3680000000022119	HSETimeIntervals		33942.16300000001	33942.063		
33943.717000000004	0.10100000000238651	HSETimeIntervals		33943.783	33943.7675		
33944.124	0.14719999999942956	UpDownStatesTimeIntervals				UP	
33945.280000000006	0.3499999999985448	HSETimeIntervals		33945.588	33945.45500000001		
33946.0736	0.3047999999980675	UpDownStatesTimeIntervals				UP	
33946.311	0.13100000000122236	HSETimeIntervals		33946.362	33946.3765		
33946.72	0.11500000000523869	HSETimeIntervals		33946.771	33946.777500000004		
33946.987	0.23099999999976717	HSETimeIntervals		33947.020000000004	33947.1025		
33947.2816	0.0959999999977299	RippleTimeIntervals		33947.3584			
33947.4832	0.07279999999445863	RippleTimeIntervals		33947.5312			
33951.452000000005	0.12999999999738066	HSETimeIntervals		33951.49600000001	33951.51700000001		
33953.3296	0.2352000000028056	UpDownStatesTimeIntervals				UP	
33953.9584	0.16719999999622814	UpDownStatesTimeIntervals				DOWN	
33955.4168	0.19440000000031432	UpDownStatesTimeIntervals				UP	
33956.9752	0.18879999999626307	RippleTimeIntervals		33957.1608			
33958.501000000004	0.12400000000343425	HSETimeIntervals		33958.544	33958.563		
33958.749	0.1260000000038417	HSETimeIntervals		33958.793000000005	33958.812000000005		
33959.9296	0.19839999999385327	UpDownStatesTimeIntervals				UP	
33964.9152	0.3247999999948661	UpDownStatesTimeIntervals				UP	
33966.938	0.18000000000029104	HSETimeIntervals		33967.01900000001	33967.028		
33968.864	0.07700000000477303	HSETimeIntervals		33968.91	33968.902500000004		
33970.62700000001	0.0989999999947031	HSETimeIntervals		33970.668000000005	33970.67650000001		
33972.999	0.4279999999998836	HSETimeIntervals		33973.168000000005	33973.213		
33974.556000000004	0.08299999999871943	HSETimeIntervals		33974.607	33974.5975		
33977.7056	0.3352000000013504	UpDownStatesTimeIntervals				UP	
33978.2024	0.35680000000138534	UpDownStatesTimeIntervals				DOWN	
33982.19	0.11100000000442378	HSETimeIntervals		33982.259000000005	33982.245500000005		
33983.036	0.18959999999788124	UpDownStatesTimeIntervals				UP	
33983.1888	0.08639999999286374	RippleTimeIntervals		33983.216			
33984.917	0.24900000000343425	HSETimeIntervals		33985.027	33985.0415		
33985.205	0.07900000000518048	HSETimeIntervals		33985.254	33985.2445		
33986.558000000005	0.09999999999854481	HSETimeIntervals		33986.609000000004	33986.60800000001		
33986.68000000001	0.20799999999871943	HSETimeIntervals		33986.728	33986.78400000001		
33986.965000000004	0.0900000000037835	HSETimeIntervals		33987.005000000005	33987.01		
33987.171	0.12700000000040745	HSETimeIntervals		33987.253000000004	33987.2345		
33987.353	0.13300000000162981	HSETimeIntervals		33987.408	33987.4195		
33987.554000000004	0.10100000000238651	HSETimeIntervals		33987.600000000006	33987.6045		
33987.73100000001	0.12599999999656575	HSETimeIntervals		33987.823000000004	33987.79400000001		
33988.141	0.0930000000007567	HSETimeIntervals		33988.174000000006	33988.1875		
33990.403000000006	0.38399999999819556	HSETimeIntervals		33990.75000000001	33990.59500000001		
33990.807	0.4400000000023283	HSETimeIntervals		33990.902	33991.027		
33992.866	0.40200000000186265	HSETimeIntervals		33993.058000000005	33993.067		
33993.336	0.19900000000052387	HSETimeIntervals		33993.501000000004	33993.4355		
33993.558000000005	0.2640000000028522	HSETimeIntervals		33993.721000000005	33993.69		
33994.51700000001	0.2449999999953434	HSETimeIntervals		33994.706000000006	33994.639500000005		
33994.779	0.20799999999871943	HSETimeIntervals		33994.923	33994.883		
33995.8544	0.12480000000505242	UpDownStatesTimeIntervals				UP	
33996.05300000001	0.2529999999969732	HSETimeIntervals		33996.153000000006	33996.179500000006		
33996.58700000001	0.31099999999423744	HSETimeIntervals		33996.62	33996.74250000001		
33997.357	0.3260000000009313	HSETimeIntervals		33997.552	33997.520000000004		
33999.880000000005	0.24399999999877764	HSETimeIntervals		33999.972	34000.00200000001		
33999.924	0.1592000000018743	UpDownStatesTimeIntervals				UP	
34000.49800000001	0.1569999999992433	HSETimeIntervals		34000.55	34000.57650000001		
34000.7128	0.053599999999278225	UpDownStatesTimeIntervals				DOWN	
34001.04	0.20300000000133878	HSETimeIntervals		34001.165	34001.1415		
34001.919	0.11200000000098953	HSETimeIntervals		34001.993	34001.975		
34002.546	0.07300000000395812	HSETimeIntervals		34002.58500000001	34002.582500000004		
34003.329000000005	0.10800000000017462	HSETimeIntervals		34003.388000000006	34003.383		
34003.72	0.12100000000646105	HSETimeIntervals		34003.8	34003.7805		
34004.04	0.2800000000061118	HSETimeIntervals		34004.249	34004.18		
34004.525	0.10399999999935972	HSETimeIntervals		34004.583000000006	34004.577000000005		
34004.741	0.10100000000238651	HSETimeIntervals		34004.793000000005	34004.7915		
34007.046	0.10599999999976717	HSETimeIntervals		34007.116	34007.099		
34008.723000000005	0.19999999999708962	HSETimeIntervals		34008.857	34008.823000000004		
34008.999	0.16799999999784632	HSETimeIntervals		34009.065	34009.083000000006		
34009.0	138.0	SleepStates					WAKEstate
34009.30300000001	0.08899999999994179	HSETimeIntervals		34009.346000000005	34009.34750000001		
34010.398	0.09800000000541331	HSETimeIntervals		34010.46000000001	34010.447		
34010.562000000005	0.08699999999953434	HSETimeIntervals		34010.613000000005	34010.605500000005		
34010.72900000001	0.07899999999790452	HSETimeIntervals		34010.771	34010.768500000006		
34010.96600000001	0.1849999999976717	HSETimeIntervals		34011.118	34011.05850000001		
34011.662000000004	0.10800000000017462	HSETimeIntervals		34011.738000000005	34011.716		
34011.973000000005	0.12099999999918509	HSETimeIntervals		34012.054000000004	34012.033500000005		
34012.32000000001	0.10899999999674037	HSETimeIntervals		34012.362	34012.374500000005		
34012.653000000006	0.06300000000192085	HSETimeIntervals		34012.683000000005	34012.6845		
34013.698000000004	0.24199999999837019	HSETimeIntervals		34013.766	34013.819		
34015.287000000004	0.20900000000256114	HSETimeIntervals		34015.334	34015.391500000005		
34021.419	0.09900000000197906	HSETimeIntervals		34021.457	34021.4685		
34021.739	0.11500000000523869	HSETimeIntervals		34021.813	34021.796500000004		
34021.884000000005	0.09399999999732245	HSETimeIntervals		34021.946	34021.931000000004		
34023.103	0.08299999999871943	HSETimeIntervals		34023.149000000005	34023.1445		
34025.397000000004	0.29200000000128057	HSETimeIntervals		34025.48100000001	34025.543000000005		
34026.139	0.3150000000023283	HSETimeIntervals		34026.208000000006	34026.296500000004		
34027.033	0.09799999999813735	HSETimeIntervals		34027.075000000004	34027.082		
34029.114	0.13500000000203727	HSETimeIntervals		34029.222	34029.1815		
34035.37	0.09900000000197906	HSETimeIntervals		34035.433000000005	34035.4195		
34035.91300000001	0.14499999999679858	HSETimeIntervals		34036.016	34035.98550000001		
34036.431000000004	0.14100000000325963	HSETimeIntervals		34036.53200000001	34036.501500000006		
34038.321	0.09100000000034925	HSETimeIntervals		34038.384000000005	34038.366500000004		
34046.745	0.06999999999970896	HSETimeIntervals		34046.779	34046.780000000006		
34047.367000000006	0.06999999999970896	HSETimeIntervals		34047.403000000006	34047.40200000001		
34054.004	0.20900000000256114	HSETimeIntervals		34054.18000000001	34054.1085		
34058.453	0.09500000000116415	HSETimeIntervals		34058.51	34058.5005		
34058.62	0.07300000000395812	HSETimeIntervals		34058.66300000001	34058.656500000005		
34060.977000000006	0.06499999999505235	HSETimeIntervals		34061.012	34061.00950000001		
34062.008	0.23700000000098953	HSETimeIntervals		34062.074	34062.1265		
34062.26900000001	0.0989999999947031	HSETimeIntervals		34062.331000000006	34062.31850000001		
34062.718	0.08899999999994179	HSETimeIntervals		34062.770000000004	34062.762500000004		
34064.226	0.1900000000023283	HSETimeIntervals		34064.26900000001	34064.321		
34065.603	0.11300000000483124	HSETimeIntervals		34065.677	34065.6595		
34068.575000000004	0.22299999999813735	HSETimeIntervals		34068.704000000005	34068.6865		
34069.938	0.10599999999976717	HSETimeIntervals		34070.01700000001	34069.991		
34081.453	0.1220000000030268	HSETimeIntervals		34081.51500000001	34081.514		
34081.60600000001	0.17299999999522697	HSETimeIntervals		34081.73100000001	34081.692500000005		
34084.203	0.07500000000436557	HSETimeIntervals		34084.247	34084.2405		
34084.705	0.10300000000279397	HSETimeIntervals		34084.761000000006	34084.7565		
34085.89200000001	0.16199999999662396	HSETimeIntervals		34086.007000000005	34085.973000000005		
34095.001000000004	0.10300000000279397	HSETimeIntervals		34095.067	34095.052500000005		
34106.762	0.10399999999935972	HSETimeIntervals		34106.799000000006	34106.814000000006		
34107.166000000005	0.26599999999598367	HSETimeIntervals		34107.215000000004	34107.299000000006		
34107.84100000001	0.22599999999511056	HSETimeIntervals		34107.884000000005	34107.954000000005		
34108.338	0.09999999999854481	HSETimeIntervals		34108.399000000005	34108.388000000006		
34108.507000000005	0.20999999999912689	HSETimeIntervals		34108.683000000005	34108.61200000001		
34109.007000000005	0.11800000000221189	HSETimeIntervals		34109.04	34109.066000000006		
34110.631	0.1190000000060536	HSETimeIntervals		34110.703	34110.690500000004		
34112.694	0.13399999999819556	HSETimeIntervals		34112.742000000006	34112.761000000006		
34113.211	0.08499999999912689	HSETimeIntervals		34113.263000000006	34113.253500000006		
34115.851	0.14900000000488944	HSETimeIntervals		34115.903000000006	34115.925500000005		
34117.37100000001	0.2249999999985448	HSETimeIntervals		34117.450000000004	34117.48350000001		
34118.152	0.10100000000238651	HSETimeIntervals		34118.226	34118.2025		
34122.357	0.13999999999941792	HSETimeIntervals		34122.419	34122.427		
34123.975000000006	0.11299999999755528	HSETimeIntervals		34124.027	34124.031500000005		
34125.952000000005	0.2710000000006403	HSETimeIntervals		34126.16100000001	34126.0875		
34129.295000000006	0.10599999999976717	HSETimeIntervals		34129.352000000006	34129.348000000005		
34129.439000000006	0.1889999999984866	HSETimeIntervals		34129.588	34129.533500000005		
34137.62500000001	0.11399999999412103	HSETimeIntervals		34137.65900000001	34137.68200000001		
34147.12300000001	0.06199999999807915	HSETimeIntervals		34147.15700000001	34147.15400000001		
34147.215000000004	0.13300000000162981	HSETimeIntervals		34147.30300000001	34147.281500000005		
34148.0	21.0	SleepStates					NREMstate
34149.268000000004	0.08200000000215368	HSETimeIntervals		34149.307	34149.309		
34149.834	0.09600000000500586	HSETimeIntervals		34149.89400000001	34149.882000000005		
34150.19700000001	0.2139999999999418	HSETimeIntervals		34150.35400000001	34150.30400000001		
34150.576	0.10700000000360887	HSETimeIntervals		34150.628000000004	34150.6295		
34150.974	0.11400000000139698	HSETimeIntervals		34151.027	34151.031		
34152.653000000006	0.23900000000139698	HSETimeIntervals		34152.704000000005	34152.77250000001		
34153.049000000006	0.11699999999837019	HSETimeIntervals		34153.130000000005	34153.107500000006		
34153.395000000004	0.41199999999662396	HSETimeIntervals		34153.47900000001	34153.601		
34154.122	0.11000000000058208	HSETimeIntervals		34154.16	34154.177		
34154.718	0.3110000000015134	HSETimeIntervals		34154.98300000001	34154.8735		
34157.727000000006	0.10800000000017462	HSETimeIntervals		34157.783	34157.781		
34158.777	0.2139999999999418	HSETimeIntervals		34158.81800000001	34158.884000000005		
34159.025	0.15200000000186265	HSETimeIntervals		34159.097	34159.101		
34159.204000000005	0.17799999999988358	HSETimeIntervals		34159.344000000005	34159.293000000005		
34159.402	0.07200000000011642	HSETimeIntervals		34159.441000000006	34159.438		
34159.492000000006	0.477999999995518	HSETimeIntervals		34159.552	34159.73100000001		
34159.564	0.22080000000278233	UpDownStatesTimeIntervals				UP	
34160.6384	0.1463999999978114	UpDownStatesTimeIntervals				UP	
34161.328	0.1559999999954016	UpDownStatesTimeIntervals				UP	
34162.022000000004	0.31199999999807915	HSETimeIntervals		34162.100000000006	34162.17800000001		
34162.7928	0.2767999999996391	UpDownStatesTimeIntervals				UP	
34163.771	0.16800000000512227	HSETimeIntervals		34163.876000000004	34163.855		
34164.2792	0.1368000000002212	UpDownStatesTimeIntervals				UP	
34166.81800000001	0.13899999999557622	HSETimeIntervals		34166.865000000005	34166.887500000004		
34166.8184	0.14400000000023283	UpDownStatesTimeIntervals				UP	
34167.092000000004	0.33000000000174623	HSETimeIntervals		34167.384000000005	34167.257000000005		
34168.165	0.23500000000058208	HSETimeIntervals		34168.234000000004	34168.2825		
34169.33500000001	0.4569999999948777	HSETimeIntervals		34169.612	34169.563500000004		
34170.0	9.0	SleepStates					WAKEstate
34170.23100000001	0.0669999999954598	HSETimeIntervals		34170.264	34170.264500000005		
34170.58900000001	0.08999999999650754	HSETimeIntervals		34170.622	34170.634000000005		
34172.531	0.08200000000215368	HSETimeIntervals		34172.575000000004	34172.572		
34173.028000000006	0.35899999999674037	HSETimeIntervals		34173.327000000005	34173.207500000004		
34173.847	0.2190000000045984	HSETimeIntervals		34174.028000000006	34173.9565		
34176.254	0.294000000001688	HSETimeIntervals		34176.503000000004	34176.401		
34177.328	0.21600000000034925	HSETimeIntervals		34177.376000000004	34177.436		
34178.468	0.11600000000180444	HSETimeIntervals		34178.523	34178.526		
34178.718	0.2800000000061118	HSETimeIntervals		34178.954000000005	34178.858		
34180.0	10.0	SleepStates					NREMstate
34181.128	0.20400000000518048	UpDownStatesTimeIntervals				DOWN	
34181.29	0.35300000000279397	HSETimeIntervals		34181.328	34181.4665		
34181.7568	0.19359999999869615	UpDownStatesTimeIntervals				UP	
34182.168000000005	0.0639999999984866	HSETimeIntervals		34182.199	34182.200000000004		
34184.7128	0.15359999999782303	UpDownStatesTimeIntervals				DOWN	
34185.4824	0.16799999999784632	UpDownStatesTimeIntervals				UP	
34185.737	0.22800000000279397	HSETimeIntervals		34185.778000000006	34185.851		
34186.12	0.11400000000139698	HSETimeIntervals		34186.198000000004	34186.177		
34186.255000000005	0.12700000000040745	HSETimeIntervals		34186.30300000001	34186.3185		
34186.4312	0.15200000000186265	UpDownStatesTimeIntervals				UP	
34186.574	0.17800000000715954	HSETimeIntervals		34186.71400000001	34186.663		
34187.334	0.47299999999813735	HSETimeIntervals		34187.647000000004	34187.5705		
34187.4096	0.21360000000277068	UpDownStatesTimeIntervals				UP	
34188.2864	0.18400000000110595	UpDownStatesTimeIntervals				DOWN	
34188.7568	0.25359999999636784	UpDownStatesTimeIntervals				UP	
34190.222	0.10399999999935972	HSETimeIntervals		34190.29	34190.274000000005		
34191.0	75.0	SleepStates					WAKEstate
34191.89200000001	0.13399999999819556	HSETimeIntervals		34191.965000000004	34191.95900000001		
34192.387	0.24500000000261934	HSETimeIntervals		34192.427	34192.5095		
34195.083000000006	0.39400000000023283	HSETimeIntervals		34195.342000000004	34195.280000000006		
34195.97	0.10300000000279397	HSETimeIntervals		34196.01	34196.0215		
34196.951	0.23000000000320142	HSETimeIntervals		34197.031	34197.066		
34199.838	0.14699999999720603	HSETimeIntervals		34199.941000000006	34199.9115		
34209.824	0.0650000000023283	HSETimeIntervals		34209.85800000001	34209.8565		
34216.39000000001	0.0959999999977299	HSETimeIntervals		34216.439000000006	34216.43800000001		
34218.673	0.08800000000337604	HSETimeIntervals		34218.715000000004	34218.717000000004		
34221.999	0.07100000000355067	HSETimeIntervals		34222.039000000004	34222.0345		
34233.292	0.08500000000640284	HSETimeIntervals		34233.344000000005	34233.334500000004		
34233.452000000005	0.09100000000034925	HSETimeIntervals		34233.495	34233.497500000005		
34240.084	0.2540000000008149	HSETimeIntervals		34240.30100000001	34240.211		
34247.118	0.1300000000046566	HSETimeIntervals		34247.219000000005	34247.183000000005		
34249.46600000001	0.15799999999580905	HSETimeIntervals		34249.584	34249.545000000006		
34258.369000000006	0.16300000000046566	HSETimeIntervals		34258.44300000001	34258.450500000006		
34261.91100000001	0.1929999999993015	HSETimeIntervals		34261.94700000001	34262.00750000001		
34265.328	0.0650000000023283	HSETimeIntervals		34265.359000000004	34265.3605		
34265.893000000004	0.16700000000128057	HSETimeIntervals		34265.931000000004	34265.976500000004		
34266.21400000001	0.2639999999955762	HSETimeIntervals		34266.273	34266.346000000005		
34267.0	9.0	SleepStates					NREMstate
34269.844000000005	0.24199999999837019	HSETimeIntervals		34269.901000000005	34269.965000000004		
34270.266	0.08800000000337604	HSETimeIntervals		34270.325000000004	34270.310000000005		
34273.082	0.13999999999941792	HSETimeIntervals		34273.184	34273.152		
34274.090000000004	0.11299999999755528	HSETimeIntervals		34274.12700000001	34274.1465		
34275.5112	0.37039999999979045	UpDownStatesTimeIntervals				UP	
34276.404	0.39800000000104774	HSETimeIntervals		34276.64400000001	34276.603		
34277.0	15.0	SleepStates					WAKEstate
34279.615000000005	0.10399999999935972	HSETimeIntervals		34279.65900000001	34279.66700000001		
34281.049000000006	0.12199999999575084	HSETimeIntervals		34281.143000000004	34281.11000000001		
34282.33	0.11500000000523869	HSETimeIntervals		34282.380000000005	34282.387500000004		
34283.939000000006	0.13599999999860302	HSETimeIntervals		34283.977000000006	34284.007000000005		
34286.257000000005	0.08999999999650754	HSETimeIntervals		34286.299000000006	34286.302		
34286.401000000005	0.24399999999877764	HSETimeIntervals		34286.562000000005	34286.52300000001		
34287.671	0.09900000000197906	HSETimeIntervals		34287.736000000004	34287.7205		
34287.798	0.10900000000401633	HSETimeIntervals		34287.842000000004	34287.8525		
34288.637	0.10399999999935972	HSETimeIntervals		34288.691000000006	34288.689000000006		
34289.005000000005	0.2679999999963911	HSETimeIntervals		34289.115000000005	34289.139		
34293.0	29.0	SleepStates					NREMstate
34294.564000000006	0.11400000000139698	HSETimeIntervals		34294.64200000001	34294.62100000001		
34295.412000000004	0.12299999999959255	HSETimeIntervals		34295.454000000005	34295.47350000001		
34296.216	0.1808000000019092	UpDownStatesTimeIntervals				UP	
34296.21600000001	0.46899999999732245	HSETimeIntervals		34296.285	34296.450500000006		
34297.396	0.42400000000634464	HSETimeIntervals		34297.643000000004	34297.608		
34297.821	0.07699999999749707	HSETimeIntervals		34297.861000000004	34297.859500000006		
34298.2344	0.19359999999869615	UpDownStatesTimeIntervals				UP	
34300.6088	0.1823999999978696	UpDownStatesTimeIntervals				UP	
34301.4232	0.12960000000020955	UpDownStatesTimeIntervals				UP	
34302.85400000001	0.2710000000006403	HSETimeIntervals		34302.965000000004	34302.9895		
34304.924000000006	0.1519999999945867	HSETimeIntervals		34304.973000000005	34305.00000000001		
34305.78600000001	0.34699999999429565	HSETimeIntervals		34305.897000000004	34305.959500000004		
34307.1	0.14160000000265427	UpDownStatesTimeIntervals				UP	
34307.64000000001	0.4529999999940628	HSETimeIntervals		34307.69	34307.866500000004		
34309.59100000001	0.25799999999435386	HSETimeIntervals		34309.641	34309.72000000001		
34313.64200000001	0.0959999999977299	HSETimeIntervals		34313.696	34313.69000000001		
34313.904	0.24100000000180444	HSETimeIntervals		34314.095	34314.0245		
34313.9824	0.23760000000038417	UpDownStatesTimeIntervals				UP	
34314.7896	0.14560000000346918	UpDownStatesTimeIntervals				UP	
34314.905000000006	0.4219999999986612	HSETimeIntervals		34315.133	34315.11600000001		
34314.9344	0.000800000001618173	UpDownStatesTimeIntervals				DOWN	
34315.635	0.10300000000279397	HSETimeIntervals		34315.682	34315.6865		
34320.169	0.07800000000133878	HSETimeIntervals		34320.209	34320.208		
34321.109000000004	0.34100000000034925	HSETimeIntervals		34321.348000000005	34321.279500000004		
34322.381	0.13400000000547152	HSETimeIntervals		34322.452000000005	34322.448000000004		
34322.975000000006	0.12599999999656575	HSETimeIntervals		34323.071	34323.03800000001		
34323.0	18.0	SleepStates					WAKEstate
34324.368	0.29200000000128057	HSETimeIntervals		34324.612	34324.514		
34325.944	0.13900000000285218	HSETimeIntervals		34325.97900000001	34326.0135		
34329.073000000004	0.4749999999985448	HSETimeIntervals		34329.505000000005	34329.31050000001		
34331.15	0.3720000000030268	HSETimeIntervals		34331.37500000001	34331.336		
34331.602000000006	0.17299999999522697	HSETimeIntervals		34331.64200000001	34331.688500000004		
34334.955	0.12000000000261934	HSETimeIntervals		34335.014	34335.015		
34336.283	0.07400000000052387	HSETimeIntervals		34336.319	34336.32		
34336.649000000005	0.15600000000267755	HSETimeIntervals		34336.692	34336.727000000006		
34336.965000000004	0.4029999999984284	HSETimeIntervals		34337.16100000001	34337.16650000001		
34337.757000000005	0.2649999999994179	HSETimeIntervals		34337.954000000005	34337.889500000005		
34339.279	0.25	HSETimeIntervals		34339.315	34339.404		
34340.565	0.18800000000192085	HSETimeIntervals		34340.626000000004	34340.659		
34342.0	80.0	SleepStates					NREMstate
34342.04	0.18900000000576256	HSETimeIntervals		34342.086	34342.1345		
34344.2448	0.23999999999796273	UpDownStatesTimeIntervals				UP	
34344.458000000006	0.1889999999984866	HSETimeIntervals		34344.612	34344.552500000005		
34345.5952	0.22879999999713618	UpDownStatesTimeIntervals				UP	
34346.823000000004	0.37700000000040745	HSETimeIntervals		34347.158	34347.0115		
34347.243	0.14800000000104774	HSETimeIntervals		34347.34100000001	34347.317		
34347.408	0.11899999999877764	HSETimeIntervals		34347.471000000005	34347.467500000006		
34348.2536	0.14160000000265427	UpDownStatesTimeIntervals				UP	
34349.802	0.49500000000261934	HSETimeIntervals		34349.85800000001	34350.0495		
34350.655000000006	0.30500000000029104	HSETimeIntervals		34350.76700000001	34350.8075		
34351.967000000004	0.22299999999813735	HSETimeIntervals		34352.076	34352.0785		
34352.28600000001	0.20199999999749707	HSETimeIntervals		34352.424000000006	34352.38700000001		
34352.81800000001	0.30500000000029104	HSETimeIntervals		34352.96000000001	34352.9705		
34355.39000000001	0.2919999999940046	HSETimeIntervals		34355.647000000004	34355.53600000001		
34356.294	0.08400000000256114	HSETimeIntervals		34356.345	34356.336		
34356.653000000006	0.14400000000023283	HSETimeIntervals		34356.737	34356.725000000006		
34357.0616	0.17599999999947613	UpDownStatesTimeIntervals				UP	
34357.46200000001	0.2699999999967986	HSETimeIntervals		34357.669	34357.59700000001		
34358.01	0.1500000000014552	HSETimeIntervals		34358.046	34358.085		
34361.85800000001	0.22599999999511056	HSETimeIntervals		34362.012	34361.971000000005		
34362.9904	0.1823999999978696	UpDownStatesTimeIntervals				UP	
34363.99600000001	0.1529999999984284	HSETimeIntervals		34364.045000000006	34364.07250000001		
34366.1992	0.2831999999980326	UpDownStatesTimeIntervals				DOWN	
34366.4824	0.16479999999864958	UpDownStatesTimeIntervals				UP	
34367.67800000001	0.13899999999557622	HSETimeIntervals		34367.779	34367.747500000005		
34369.162000000004	0.16199999999662396	HSETimeIntervals		34369.293000000005	34369.243		
34370.5064	0.12159999999857973	UpDownStatesTimeIntervals				UP	
34371.116	0.12000000000261934	HSETimeIntervals		34371.19300000001	34371.176		
34372.296	0.1519999999945867	UpDownStatesTimeIntervals				UP	
34379.772000000004	0.07200000000011642	HSETimeIntervals		34379.816000000006	34379.808000000005		
34381.668	0.15520000000105938	UpDownStatesTimeIntervals				UP	
34382.55500000001	0.11699999999837019	HSETimeIntervals		34382.58900000001	34382.61350000001		
34383.21400000001	0.08499999999912689	HSETimeIntervals		34383.254	34383.25650000001		
34383.316000000006	0.227999999995518	HSETimeIntervals		34383.505000000005	34383.43000000001		
34383.579000000005	0.2180000000007567	HSETimeIntervals		34383.742000000006	34383.688		
34383.990000000005	0.23999999999796273	HSETimeIntervals		34384.025	34384.11000000001		
34384.281	0.2680000000036671	HSETimeIntervals		34384.33500000001	34384.415		
34385.442	0.08099999999831198	HSETimeIntervals		34385.476	34385.482500000006		
34385.919	0.10399999999935972	HSETimeIntervals		34385.956000000006	34385.971000000005		
34386.39000000001	0.091999999996915	HSETimeIntervals		34386.429000000004	34386.43600000001		
34389.0888	0.16000000000349246	UpDownStatesTimeIntervals				UP	
34390.077000000005	0.19399999999586726	HSETimeIntervals		34390.132000000005	34390.174000000006		
34391.44	0.0930000000007567	HSETimeIntervals		34391.503000000004	34391.4865		
34391.772000000004	0.2710000000006403	HSETimeIntervals		34391.883	34391.9075		
34392.05100000001	0.10299999999551801	HSETimeIntervals		34392.112	34392.10250000001		
34392.90900000001	0.1919999999954598	HSETimeIntervals		34393.073000000004	34393.005000000005		
34395.523	0.08800000000337604	HSETimeIntervals		34395.552	34395.567		
34396.283	0.28399999999965075	HSETimeIntervals		34396.39200000001	34396.425		
34396.4856	0.1368000000002212	UpDownStatesTimeIntervals				UP	
34396.7152	0.08959999999933643	UpDownStatesTimeIntervals				DOWN	
34397.72	0.06999999999970896	HSETimeIntervals		34397.75200000001	34397.755000000005		
34398.256	0.14300000000366708	HSETimeIntervals		34398.30100000001	34398.3275		
34398.724	0.18000000000029104	HSETimeIntervals		34398.778000000006	34398.814		
34399.672000000006	0.08099999999831198	HSETimeIntervals		34399.71400000001	34399.71250000001		
34399.9944	0.2831999999980326	UpDownStatesTimeIntervals				UP	
34400.55	0.41000000000349246	HSETimeIntervals		34400.724	34400.755000000005		
34402.463	0.3360000000029686	HSETimeIntervals		34402.518000000004	34402.631		
34403.128000000004	0.11600000000180444	HSETimeIntervals		34403.15900000001	34403.186		
34403.7792	0.1543999999994412	UpDownStatesTimeIntervals				UP	
34404.138000000006	0.08699999999953434	HSETimeIntervals		34404.17600000001	34404.181500000006		
34404.842000000004	0.10899999999674037	HSETimeIntervals		34404.87300000001	34404.8965		
34405.319	0.0959999999977299	HSETimeIntervals		34405.383	34405.367000000006		
34407.398	0.08200000000215368	HSETimeIntervals		34407.431000000004	34407.439		
34409.1568	0.153600000005099	UpDownStatesTimeIntervals				UP	
34409.76	0.0970000000015716	HSETimeIntervals		34409.802	34409.8085		
34409.9344	0.16560000000026776	UpDownStatesTimeIntervals				DOWN	
34411.183000000005	0.25	HSETimeIntervals		34411.26900000001	34411.308000000005		
34411.2864	0.2736000000004424	UpDownStatesTimeIntervals				UP	
34412.117000000006	0.20899999999528518	HSETimeIntervals		34412.297000000006	34412.22150000001		
34412.563	0.07300000000395812	HSETimeIntervals		34412.60400000001	34412.599500000004		
34416.477000000006	0.08099999999831198	HSETimeIntervals		34416.524000000005	34416.51750000001		
34417.35800000001	0.07699999999749707	HSETimeIntervals		34417.401000000005	34417.39650000001		
34420.868	0.11899999999877764	HSETimeIntervals		34420.927	34420.927500000005		
34421.168000000005	0.0930000000007567	HSETimeIntervals		34421.23100000001	34421.2145		
34423.0	7.0	SleepStates					WAKEstate
34430.597	0.1870000000053551	HSETimeIntervals		34430.655000000006	34430.690500000004		
34430.994000000006	0.12700000000040745	HSETimeIntervals		34431.037000000004	34431.0575		
34431.0	98.0	SleepStates					NREMstate
34431.734000000004	0.14899999999761349	HSETimeIntervals		34431.774000000005	34431.80850000001		
34431.895000000004	0.14499999999679858	HSETimeIntervals		34432.003000000004	34431.967500000006		
34433.829000000005	0.3819999999977881	HSETimeIntervals		34433.994000000006	34434.020000000004		
34435.564000000006	0.11999999999534339	HSETimeIntervals		34435.641	34435.624		
34435.724	0.0930000000007567	HSETimeIntervals		34435.776000000005	34435.7705		
34436.4112	0.15359999999782303	UpDownStatesTimeIntervals				UP	
34437.124	0.13100000000122236	HSETimeIntervals		34437.208000000006	34437.1895		
34438.641	0.3099999999976717	HSETimeIntervals		34438.912000000004	34438.796		
34440.403000000006	0.37299999999959255	HSETimeIntervals		34440.492000000006	34440.58950000001		
34441.487	0.11600000000180444	HSETimeIntervals		34441.539000000004	34441.545		
34441.972	0.12400000000343425	HSETimeIntervals		34442.01	34442.034		
34443.577000000005	0.08499999999912689	HSETimeIntervals		34443.630000000005	34443.61950000001		
34447.05100000001	0.38699999999516876	HSETimeIntervals		34447.35400000001	34447.24450000001		
34447.446	0.08600000000296859	HSETimeIntervals		34447.488000000005	34447.489		
34447.581000000006	0.17399999999906868	HSETimeIntervals		34447.616	34447.668000000005		
34448.1072	0.1488000000026659	UpDownStatesTimeIntervals				UP	
34448.539000000004	0.13599999999860302	HSETimeIntervals		34448.603	34448.607		
34450.239	0.13999999999941792	HSETimeIntervals		34450.338	34450.309		
34452.518000000004	0.10300000000279397	HSETimeIntervals		34452.564000000006	34452.569500000005		
34452.724	0.09999999999854481	HSETimeIntervals		34452.78800000001	34452.774000000005		
34456.461	0.10900000000401633	HSETimeIntervals		34456.501000000004	34456.5155		
34456.6008	0.16799999999784632	UpDownStatesTimeIntervals				DOWN	
34457.07200000001	0.07699999999749707	HSETimeIntervals		34457.10400000001	34457.11050000001		
34457.1432	0.2407999999995809	UpDownStatesTimeIntervals				UP	
34457.6928	0.24320000000443542	UpDownStatesTimeIntervals				UP	
34458.564000000006	0.11899999999877764	HSETimeIntervals		34458.649000000005	34458.62350000001		
34462.1944	0.19840000000112923	UpDownStatesTimeIntervals				UP	
34462.71400000001	0.14400000000023283	HSETimeIntervals		34462.787000000004	34462.78600000001		
34463.0864	0.14959999999700813	UpDownStatesTimeIntervals				DOWN	
34463.566000000006	0.09500000000116415	HSETimeIntervals		34463.613000000005	34463.61350000001		
34467.687000000005	0.14600000000064028	HSETimeIntervals		34467.779	34467.76		
34474.302	0.09200000000419095	HSETimeIntervals		34474.343	34474.348000000005		
34474.4776	0.18800000000192085	UpDownStatesTimeIntervals				UP	
34477.777	0.1820000000006985	HSETimeIntervals		34477.87500000001	34477.868		
34480.3288	0.12960000000020955	UpDownStatesTimeIntervals				UP	
34481.046	0.08800000000337604	HSETimeIntervals		34481.08700000001	34481.090000000004		
34486.48100000001	0.26900000000023283	HSETimeIntervals		34486.669	34486.61550000001		
34487.18000000001	0.23099999999976717	HSETimeIntervals		34487.255000000005	34487.29550000001		
34488.275	0.08100000000558794	HSETimeIntervals		34488.313	34488.315500000004		
34489.5864	0.3496000000013737	UpDownStatesTimeIntervals				UP	
34491.073000000004	0.12299999999959255	HSETimeIntervals		34491.151000000005	34491.13450000001		
34491.253000000004	0.18000000000029104	HSETimeIntervals		34491.28800000001	34491.343		
34491.505000000005	0.0930000000007567	HSETimeIntervals		34491.542	34491.5515		
34495.612	0.26239999999961583	UpDownStatesTimeIntervals				DOWN	
34496.031	0.4720000000015716	HSETimeIntervals		34496.232	34496.267		
34496.2752	0.20240000000194414	UpDownStatesTimeIntervals				UP	
34496.705	0.09900000000197906	HSETimeIntervals		34496.745	34496.7545		
34497.232	0.31679999999323627	UpDownStatesTimeIntervals				UP	
34498.3	0.1368000000002212	UpDownStatesTimeIntervals				UP	
34499.4024	0.17440000000351574	UpDownStatesTimeIntervals				UP	
34499.571	0.28500000000349246	HSETimeIntervals		34499.761000000006	34499.713500000005		
34500.604	0.17519999999785796	UpDownStatesTimeIntervals				UP	
34500.920000000006	0.10800000000017462	HSETimeIntervals		34500.988000000005	34500.974		
34502.817	0.32700000000477303	HSETimeIntervals		34502.967000000004	34502.980500000005		
34504.186	0.12000000000261934	HSETimeIntervals		34504.219000000005	34504.246		
34505.74	0.15600000000267755	UpDownStatesTimeIntervals				UP	
34508.7872	0.24320000000443542	UpDownStatesTimeIntervals				UP	
34509.321	0.08400000000256114	HSETimeIntervals		34509.35800000001	34509.363000000005		
34509.4016	0.24240000000281725	UpDownStatesTimeIntervals				UP	
34510.732	0.13679999999294523	UpDownStatesTimeIntervals				UP	
34511.0944	0.05199999999604188	UpDownStatesTimeIntervals				DOWN	
34514.355	0.10800000000017462	HSETimeIntervals		34514.425	34514.409		
34515.671	0.12400000000343425	HSETimeIntervals		34515.749	34515.733		
34520.044	0.08200000000215368	HSETimeIntervals		34520.09100000001	34520.085		
34520.376000000004	0.10899999999674037	HSETimeIntervals		34520.449	34520.4305		
34520.774000000005	0.1239999999961583	HSETimeIntervals		34520.82000000001	34520.836		
34521.071	0.11699999999837019	HSETimeIntervals		34521.115000000005	34521.1295		
34523.787000000004	0.1220000000030268	HSETimeIntervals		34523.851	34523.848000000005		
34524.362	0.15899999999965075	HSETimeIntervals		34524.486000000004	34524.4415		
34524.57000000001	0.13699999999516876	HSETimeIntervals		34524.646	34524.63850000001		
34528.512	0.11600000000180444	HSETimeIntervals		34528.571	34528.57		
34530.0	16.0	SleepStates					WAKEstate
34535.12500000001	0.12199999999575084	HSETimeIntervals		34535.202000000005	34535.18600000001		
34535.475000000006	0.07699999999749707	HSETimeIntervals		34535.511000000006	34535.51350000001		
34536.53600000001	0.09299999999348074	HSETimeIntervals		34536.588	34536.582500000004		
34537.581000000006	0.10399999999935972	HSETimeIntervals		34537.624	34537.63300000001		
34538.809	0.12100000000646105	HSETimeIntervals		34538.893000000004	34538.8695		
34539.476	0.11200000000098953	HSETimeIntervals		34539.524000000005	34539.532		
34542.524000000005	0.10899999999674037	HSETimeIntervals		34542.563	34542.5785		
34547.0	60.0	SleepStates					NREMstate
34548.705	0.08499999999912689	HSETimeIntervals		34548.753000000004	34548.747500000005		
34549.3872	0.1392000000050757	UpDownStatesTimeIntervals				UP	
34549.942	0.06799999999930151	HSETimeIntervals		34549.977000000006	34549.976		
34550.304	0.06880000000091968	UpDownStatesTimeIntervals				DOWN	
34554.857	0.13100000000122236	HSETimeIntervals		34554.953	34554.9225		
34556.80500000001	0.10299999999551801	HSETimeIntervals		34556.862	34556.85650000001		
34557.183000000005	0.07899999999790452	HSETimeIntervals		34557.23300000001	34557.2225		
34557.279	0.31599999999889405	HSETimeIntervals		34557.309	34557.437000000005		
34559.297000000006	0.11799999999493593	HSETimeIntervals		34559.384000000005	34559.35600000001		
34559.541000000005	0.08299999999871943	HSETimeIntervals		34559.575000000004	34559.582500000004		
34559.69500000001	0.22599999999511056	HSETimeIntervals		34559.87700000001	34559.808000000005		
34560.831000000006	0.1559999999954016	HSETimeIntervals		34560.896	34560.90900000001		
34561.36	0.07100000000355067	HSETimeIntervals		34561.396	34561.3955		
34562.418000000005	0.11499999999796273	HSETimeIntervals		34562.453	34562.47550000001		
34564.103	0.08699999999953434	HSETimeIntervals		34564.152	34564.1465		
34565.628000000004	0.10599999999976717	HSETimeIntervals		34565.69700000001	34565.681000000004		
34567.26900000001	0.08399999999528518	HSETimeIntervals		34567.32000000001	34567.31100000001		
34567.545000000006	0.23099999999976717	HSETimeIntervals		34567.739	34567.660500000005		
34567.80300000001	0.10499999999592546	HSETimeIntervals		34567.855	34567.855500000005		
34568.228	0.13700000000244472	HSETimeIntervals		34568.309	34568.296500000004		
34568.380000000005	0.35199999999895226	HSETimeIntervals		34568.420000000006	34568.556000000004		
34570.027	0.31599999999889405	HSETimeIntervals		34570.3	34570.185000000005		
34570.2144	0.2496000000028289	UpDownStatesTimeIntervals				UP	
34571.6008	0.24240000000281725	UpDownStatesTimeIntervals				UP	
34573.37	0.13399999999819556	HSETimeIntervals		34573.438	34573.437000000005		
34577.527	0.14199999999982538	HSETimeIntervals		34577.62700000001	34577.598000000005		
34578.21000000001	0.260999999998603	HSETimeIntervals		34578.344000000005	34578.340500000006		
34580.449	0.10700000000360887	HSETimeIntervals		34580.486000000004	34580.5025		
34580.576	0.17300000000250293	HSETimeIntervals		34580.619000000006	34580.6625		
34581.7024	0.12719999999535503	UpDownStatesTimeIntervals				UP	
34582.16100000001	0.08099999999831198	HSETimeIntervals		34582.203	34582.20150000001		
34582.975000000006	0.11400000000139698	HSETimeIntervals		34583.047000000006	34583.03200000001		
34583.14400000001	0.091999999996915	HSETimeIntervals		34583.202000000005	34583.19000000001		
34583.255000000005	0.13599999999860302	HSETimeIntervals		34583.299000000006	34583.323000000004		
34583.643000000004	0.3260000000009313	HSETimeIntervals		34583.895000000004	34583.806000000004		
34583.971000000005	0.37000000000261934	HSETimeIntervals		34584.16300000001	34584.156		
34584.567	0.07300000000395812	HSETimeIntervals		34584.60400000001	34584.603500000005		
34584.817	0.12700000000040745	HSETimeIntervals		34584.879	34584.8805		
34585.37100000001	0.09699999999429565	HSETimeIntervals		34585.412000000004	34585.4195		
34586.0024	0.2680000000036671	UpDownStatesTimeIntervals				UP	
34587.009000000005	0.11099999999714782	HSETimeIntervals		34587.069	34587.06450000001		
34588.137	0.11500000000523869	HSETimeIntervals		34588.181000000004	34588.194500000005		
34588.32200000001	0.1349999999947613	HSETimeIntervals		34588.355	34588.389500000005		
34589.899000000005	0.06599999999889405	HSETimeIntervals		34589.931000000004	34589.93200000001		
34590.76	0.09200000000419095	HSETimeIntervals		34590.792	34590.806000000004		
34592.343	0.06900000000314321	HSETimeIntervals		34592.383	34592.3775		
34593.093	0.11600000000180444	HSETimeIntervals		34593.15900000001	34593.151		
34594.217000000004	0.07400000000052387	HSETimeIntervals		34594.256	34594.254		
34594.317	0.28100000000267755	HSETimeIntervals		34594.494000000006	34594.457500000004		
34594.802	0.08400000000256114	HSETimeIntervals		34594.844000000005	34594.844000000005		
34594.959	0.13599999999860302	HSETimeIntervals		34595.001000000004	34595.027		
34595.459	0.3230000000039581	HSETimeIntervals		34595.685000000005	34595.620500000005		
34595.955	0.07900000000518048	HSETimeIntervals		34595.994000000006	34595.9945		
34598.757000000005	0.227999999995518	HSETimeIntervals		34598.94700000001	34598.87100000001		
34600.744000000006	0.294000000001688	HSETimeIntervals		34600.84100000001	34600.891		
34601.89400000001	0.12899999999353895	HSETimeIntervals		34601.931000000004	34601.95850000001		
34602.046	0.14199999999982538	HSETimeIntervals		34602.08	34602.117000000006		
34602.347	0.125	HSETimeIntervals		34602.39000000001	34602.4095		
34603.969000000005	0.30500000000029104	HSETimeIntervals		34604.03200000001	34604.1215		
34608.0	14.0	SleepStates					WAKEstate
34613.066000000006	0.0959999999977299	HSETimeIntervals		34613.100000000006	34613.11400000001		
34616.28600000001	0.08899999999994179	HSETimeIntervals		34616.33500000001	34616.33050000001		
34617.853	0.11000000000058208	HSETimeIntervals		34617.932	34617.908		
34623.0	351.0	SleepStates					NREMstate
34624.12500000001	0.13599999999860302	HSETimeIntervals		34624.211	34624.19300000001		
34628.324	0.13760000000183936	UpDownStatesTimeIntervals				DOWN	
34629.1848	0.11439999999856809	UpDownStatesTimeIntervals				UP	
34636.56	0.1488000000026659	UpDownStatesTimeIntervals				UP	
34637.4504	0.14559999999619322	UpDownStatesTimeIntervals				DOWN	
34637.596	0.1728000000002794	UpDownStatesTimeIntervals				UP	
34639.2808	0.1543999999994412	UpDownStatesTimeIntervals				UP	
34640.4344	0.15520000000105938	UpDownStatesTimeIntervals				UP	
34642.380000000005	0.11899999999877764	HSETimeIntervals		34642.455	34642.43950000001		
34647.611000000004	0.17300000000250293	HSETimeIntervals		34647.66	34647.6975		
34647.8368	0.13760000000183936	UpDownStatesTimeIntervals				UP	
34649.2632	0.15520000000105938	UpDownStatesTimeIntervals				UP	
34655.6312	0.33359999999811407	UpDownStatesTimeIntervals				UP	
34660.14200000001	0.17299999999522697	HSETimeIntervals		34660.183000000005	34660.228500000005		
34661.856	0.13999999999941792	UpDownStatesTimeIntervals				UP	
34662.8056	0.06160000000090804	UpDownStatesTimeIntervals				DOWN	
34668.366	0.06599999999889405	HSETimeIntervals		34668.402	34668.399000000005		
34673.64000000001	0.08899999999994179	HSETimeIntervals		34673.692	34673.68450000001		
34674.0176	0.13760000000183936	UpDownStatesTimeIntervals				UP	
34674.2136	0.16479999999864958	UpDownStatesTimeIntervals				DOWN	
34676.01500000001	0.12700000000040745	HSETimeIntervals		34676.063	34676.0785		
34677.316000000006	0.25	HSETimeIntervals		34677.491	34677.441000000006		
34677.64200000001	0.352999999995518	HSETimeIntervals		34677.89400000001	34677.81850000001		
34678.012	0.13700000000244472	HSETimeIntervals		34678.073000000004	34678.080500000004		
34678.5104	0.12879999999859137	UpDownStatesTimeIntervals				UP	
34681.4416	0.17919999999867287	UpDownStatesTimeIntervals				UP	
34684.65	0.2669999999998254	HSETimeIntervals		34684.791000000005	34684.783500000005		
34687.184	0.3143999999956577	UpDownStatesTimeIntervals				UP	
34688.7312	0.14559999999619322	UpDownStatesTimeIntervals				UP	
34690.656	0.17599999999947613	HSETimeIntervals		34690.692	34690.744000000006		
34694.366	0.3919999999998254	HSETimeIntervals		34694.420000000006	34694.562000000005		
34694.8	0.13439999999536667	UpDownStatesTimeIntervals				UP	
34695.37700000001	0.4639999999999418	HSETimeIntervals		34695.569	34695.60900000001		
34697.2648	0.23840000000200234	UpDownStatesTimeIntervals				UP	
34698.5488	0.1368000000002212	UpDownStatesTimeIntervals				UP	
34698.7288	0.049600000005739275	UpDownStatesTimeIntervals				DOWN	
34699.67800000001	0.3659999999945285	HSETimeIntervals		34699.828	34699.861000000004		
34700.0072	0.18720000000030268	UpDownStatesTimeIntervals				UP	
34700.22	0.27000000000407454	HSETimeIntervals		34700.26500000001	34700.355		
34700.3824	0.07279999999445863	UpDownStatesTimeIntervals				DOWN	
34700.736	0.2032000000035623	UpDownStatesTimeIntervals				UP	
34701.328	0.10300000000279397	HSETimeIntervals		34701.385	34701.3795		
34702.83	0.23300000000017462	HSETimeIntervals		34702.990000000005	34702.9465		
34704.227000000006	0.0930000000007567	HSETimeIntervals		34704.271	34704.2735		
34708.5576	0.15120000000024447	UpDownStatesTimeIntervals				UP	
34710.886000000006	0.2129999999961001	HSETimeIntervals		34710.952000000005	34710.99250000001		
34712.208000000006	0.19399999999586726	HSETimeIntervals		34712.35800000001	34712.30500000001		
34712.2232	0.06160000000090804	UpDownStatesTimeIntervals				DOWN	
34712.2848	0.2567999999955646	UpDownStatesTimeIntervals				UP	
34712.463	0.2900000000008731	HSETimeIntervals		34712.668000000005	34712.608		
34715.866	0.1290000000008149	HSETimeIntervals		34715.9	34715.9305		
34718.009000000005	0.1529999999984284	HSETimeIntervals		34718.084	34718.08550000001		
34718.98	0.20500000000174623	HSETimeIntervals		34719.01900000001	34719.082500000004		
34719.631	0.18000000000029104	HSETimeIntervals		34719.754	34719.721		
34721.764	0.2470000000030268	HSETimeIntervals		34721.961	34721.887500000004		
34723.7656	0.2672000000020489	UpDownStatesTimeIntervals				UP	
34724.3464	0.21199999999953434	UpDownStatesTimeIntervals				UP	
34726.227000000006	0.2239999999947031	HSETimeIntervals		34726.39400000001	34726.33900000001		
34728.9728	0.15919999999459833	UpDownStatesTimeIntervals				UP	
34734.3352	0.46480000000155997	UpDownStatesTimeIntervals				DOWN	
34734.8	0.36559999999735737	UpDownStatesTimeIntervals				UP	
34736.19300000001	0.1959999999962747	HSETimeIntervals		34736.263000000006	34736.291000000005		
34736.41	0.10900000000401633	HSETimeIntervals		34736.472	34736.4645		
34736.527	0.16700000000128057	HSETimeIntervals		34736.573000000004	34736.6105		
34737.961	0.17599999999947613	HSETimeIntervals		34738.01700000001	34738.049000000006		
34739.53600000001	0.07599999999365536	HSETimeIntervals		34739.574	34739.57400000001		
34739.635	0.14500000000407454	HSETimeIntervals		34739.732	34739.707500000004		
34739.840000000004	0.07800000000133878	HSETimeIntervals		34739.876000000004	34739.879		
34743.17600000001	0.1919999999954598	HSETimeIntervals		34743.221000000005	34743.272000000004		
34744.79	0.375	HSETimeIntervals		34745.09100000001	34744.9775		
34746.234000000004	0.1290000000008149	HSETimeIntervals		34746.321	34746.298500000004		
34746.521	0.1300000000046566	HSETimeIntervals		34746.558000000005	34746.586		
34747.1928	0.17200000000593718	UpDownStatesTimeIntervals				UP	
34747.302	0.3709999999991851	HSETimeIntervals		34747.51	34747.4875		
34747.681000000004	0.15099999999802094	HSETimeIntervals		34747.771	34747.7565		
34747.973000000005	0.125	HSETimeIntervals		34748.023	34748.035500000005		
34750.01700000001	0.13399999999819556	HSETimeIntervals		34750.107	34750.08400000001		
34750.53800000001	0.23999999999796273	HSETimeIntervals		34750.59100000001	34750.65800000001		
34750.72	0.1239999999961583	UpDownStatesTimeIntervals				UP	
34751.03600000001	0.07999999999447027	HSETimeIntervals		34751.078	34751.07600000001		
34753.449	0.272000000004482	HSETimeIntervals		34753.590000000004	34753.585		
34754.488000000005	0.1860000000015134	HSETimeIntervals		34754.53200000001	34754.581000000006		
34756.8496	0.26159999999799766	UpDownStatesTimeIntervals				UP	
34758.8384	0.14719999999942956	UpDownStatesTimeIntervals				UP	
34759.28400000001	0.08399999999528518	HSETimeIntervals		34759.326	34759.32600000001		
34759.686	0.125	HSETimeIntervals		34759.749	34759.7485		
34759.939000000006	0.07800000000133878	HSETimeIntervals		34759.986000000004	34759.978		
34761.7072	0.12800000000424916	UpDownStatesTimeIntervals				DOWN	
34762.1568	0.21360000000277068	UpDownStatesTimeIntervals				UP	
34762.4936	0.08959999999933643	UpDownStatesTimeIntervals				DOWN	
34763.15700000001	0.33599999999569263	HSETimeIntervals		34763.446	34763.325000000004		
34763.529	0.24199999999837019	HSETimeIntervals		34763.739	34763.65		
34764.511000000006	0.11400000000139698	HSETimeIntervals		34764.578	34764.56800000001		
34765.902	0.23300000000017462	HSETimeIntervals		34765.97900000001	34766.0185		
34766.323000000004	0.07100000000355067	HSETimeIntervals		34766.36	34766.3585		
34766.5808	0.14559999999619322	UpDownStatesTimeIntervals				UP	
34767.7808	0.16240000000107102	UpDownStatesTimeIntervals				UP	
34772.4464	0.1992000000027474	UpDownStatesTimeIntervals				UP	
34773.1552	0.15200000000186265	UpDownStatesTimeIntervals				UP	
34773.6664	0.2128000000011525	UpDownStatesTimeIntervals				UP	
34774.3656	0.06160000000090804	UpDownStatesTimeIntervals				DOWN	
34775.028	0.127200000002631	UpDownStatesTimeIntervals				UP	
34778.566000000006	0.3059999999968568	HSETimeIntervals		34778.81800000001	34778.719000000005		
34779.7368	0.11439999999856809	UpDownStatesTimeIntervals				UP	
34779.974	0.11100000000442378	HSETimeIntervals		34780.039000000004	34780.029500000004		
34780.1568	0.2760000000052969	UpDownStatesTimeIntervals				UP	
34780.923	0.3669999999983702	HSETimeIntervals		34781.136000000006	34781.1065		
34784.116	0.23600000000442378	HSETimeIntervals		34784.274000000005	34784.234000000004		
34784.5032	0.12800000000424916	RippleTimeIntervals		34784.532			
34786.030000000006	0.19700000000011642	HSETimeIntervals		34786.15900000001	34786.128500000006		
34786.271	0.11100000000442378	HSETimeIntervals		34786.347	34786.3265		
34788.9704	0.3256000000037602	UpDownStatesTimeIntervals				UP	
34791.293000000005	0.1849999999976717	HSETimeIntervals		34791.331000000006	34791.385500000004		
34793.1832	0.17519999999785796	UpDownStatesTimeIntervals				UP	
34793.6088	0.2423999999955413	UpDownStatesTimeIntervals				UP	
34795.1504	0.236799999998766	UpDownStatesTimeIntervals				UP	
34795.8464	0.399199999999837	UpDownStatesTimeIntervals				UP	
34796.6016	0.38399999999819556	UpDownStatesTimeIntervals				UP	
34797.384	0.12800000000424916	UpDownStatesTimeIntervals				UP	
34798.164	0.19759999999951106	UpDownStatesTimeIntervals				UP	
34798.4352	0.0768000000025495	UpDownStatesTimeIntervals				DOWN	
34799.2248	0.33439999999973224	UpDownStatesTimeIntervals				UP	
34799.35400000001	0.091999999996915	HSETimeIntervals		34799.408	34799.40000000001		
34800.452000000005	0.4000000000014552	HSETimeIntervals		34800.701	34800.652		
34800.6584	0.11920000000100117	UpDownStatesTimeIntervals				UP	
34801.4648	0.12320000000181608	UpDownStatesTimeIntervals				UP	
34801.543000000005	0.30099999999947613	HSETimeIntervals		34801.664000000004	34801.69350000001		
34802.1088	0.08799999999610009	UpDownStatesTimeIntervals				UP	
34802.8328	0.2864000000045053	UpDownStatesTimeIntervals				UP	
34805.3368	0.23440000000118744	UpDownStatesTimeIntervals				UP	
34806.0744	0.06480000000010477	UpDownStatesTimeIntervals				DOWN	
34806.1392	0.2216000000044005	UpDownStatesTimeIntervals				UP	
34807.51700000001	0.20699999999487773	HSETimeIntervals		34807.55100000001	34807.620500000005		
34808.3176	0.21119999999791617	UpDownStatesTimeIntervals				UP	
34810.845	0.19800000000395812	HSETimeIntervals		34811.008	34810.944		
34811.095	0.2139999999999418	HSETimeIntervals		34811.242000000006	34811.202000000005		
34812.1328	0.30640000000130385	UpDownStatesTimeIntervals				UP	
34812.489	0.1290000000008149	HSETimeIntervals		34812.541000000005	34812.5535		
34814.1064	0.11840000000665896	UpDownStatesTimeIntervals				UP	
34814.948000000004	0.22400000000197906	HSETimeIntervals		34815.001000000004	34815.060000000005		
34815.1656	0.1368000000002212	UpDownStatesTimeIntervals				UP	
34815.745	0.10100000000238651	HSETimeIntervals		34815.797000000006	34815.7955		
34815.8168	0.16640000000188593	UpDownStatesTimeIntervals				UP	
34816.4712	0.3600000000005821	UpDownStatesTimeIntervals				UP	
34817.4264	0.24720000000525033	UpDownStatesTimeIntervals				UP	
34817.8096	0.29200000000128057	UpDownStatesTimeIntervals				UP	
34819.99800000001	0.11599999999452848	HSETimeIntervals		34820.042	34820.056000000004		
34820.0984	0.2967999999964377	UpDownStatesTimeIntervals				UP	
34820.781	0.06900000000314321	HSETimeIntervals		34820.811	34820.815500000004		
34821.3856	0.1559999999954016	UpDownStatesTimeIntervals				UP	
34824.5752	0.19279999999707798	UpDownStatesTimeIntervals				UP	
34825.5624	0.13999999999941792	UpDownStatesTimeIntervals				UP	
34825.75000000001	0.1929999999993015	HSETimeIntervals		34825.836	34825.84650000001		
34826.2832	0.14640000000508735	UpDownStatesTimeIntervals				UP	
34826.8944	0.12800000000424916	UpDownStatesTimeIntervals				UP	
34827.8264	0.26239999999961583	UpDownStatesTimeIntervals				UP	
34828.637	0.10700000000360887	HSETimeIntervals		34828.696	34828.690500000004		
34829.7256	0.20160000000032596	UpDownStatesTimeIntervals				UP	
34829.796	0.14199999999982538	HSETimeIntervals		34829.825000000004	34829.867000000006		
34833.090000000004	0.07499999999708962	HSETimeIntervals		34833.129	34833.1275		
34833.283	0.19600000000355067	HSETimeIntervals		34833.351	34833.381		
34834.082	0.20100000000093132	HSETimeIntervals		34834.200000000004	34834.1825		
34834.316	0.16960000000108266	UpDownStatesTimeIntervals				UP	
34835.05100000001	0.0949999999938882	HSETimeIntervals		34835.10800000001	34835.09850000001		
34835.422000000006	0.19900000000052387	HSETimeIntervals		34835.465000000004	34835.5215		
34835.64200000001	0.11999999999534339	HSETimeIntervals		34835.67600000001	34835.702000000005		
34840.83700000001	0.07600000000093132	HSETimeIntervals		34840.87700000001	34840.87500000001		
34842.4864	0.14559999999619322	UpDownStatesTimeIntervals				UP	
34842.599	0.10199999999895226	HSETimeIntervals		34842.645000000004	34842.65		
34843.0704	0.2272000000011758	UpDownStatesTimeIntervals				UP	
34843.6528	0.1279999999969732	UpDownStatesTimeIntervals				UP	
34845.711	0.46600000000034925	HSETimeIntervals		34846.11	34845.944		
34846.8864	0.18159999999625143	UpDownStatesTimeIntervals				UP	
34846.988000000005	0.13900000000285218	HSETimeIntervals		34847.093	34847.0575		
34847.60800000001	0.20099999999365536	HSETimeIntervals		34847.671	34847.70850000001		
34847.876000000004	0.0930000000007567	HSETimeIntervals		34847.920000000006	34847.9225		
34851.334	0.11600000000180444	HSETimeIntervals		34851.374	34851.392		
34851.36	0.23440000000118744	UpDownStatesTimeIntervals				UP	
34852.0416	0.1912000000011176	UpDownStatesTimeIntervals				UP	
34853.228	0.2583999999988009	UpDownStatesTimeIntervals				UP	
34854.3088	0.18480000000272412	UpDownStatesTimeIntervals				UP	
34856.4952	0.27999999999883585	UpDownStatesTimeIntervals				UP	
34857.1048	0.24880000000121072	UpDownStatesTimeIntervals				UP	
34857.80500000001	0.09999999999854481	HSETimeIntervals		34857.84100000001	34857.85500000001		
34859.4544	0.15120000000024447	UpDownStatesTimeIntervals				UP	
34859.852000000006	0.23199999999633292	HSETimeIntervals		34860.001000000004	34859.96800000001		
34860.0488	0.14720000000670552	UpDownStatesTimeIntervals				UP	
34860.832	0.1559999999954016	UpDownStatesTimeIntervals				UP	
34861.6504	0.28240000000369037	UpDownStatesTimeIntervals				UP	
34861.96200000001	0.07799999999406282	HSETimeIntervals		34862.008	34862.001000000004		
34863.80300000001	0.0669999999954598	HSETimeIntervals		34863.83900000001	34863.836500000005		
34864.172	0.14960000000428408	UpDownStatesTimeIntervals				UP	
34866.0328	0.127200000002631	UpDownStatesTimeIntervals				UP	
34866.8632	0.1808000000019092	UpDownStatesTimeIntervals				UP	
34867.3176	0.26719999999477295	UpDownStatesTimeIntervals				UP	
34869.2688	0.2007999999987078	UpDownStatesTimeIntervals				UP	
34869.492000000006	0.07099999999627471	HSETimeIntervals		34869.525	34869.527500000004		
34871.0552	0.1768000000010943	UpDownStatesTimeIntervals				UP	
34872.352	0.28399999999965075	UpDownStatesTimeIntervals				DOWN	
34872.636	0.20560000000114087	UpDownStatesTimeIntervals				UP	
34873.372	0.13279999999940628	UpDownStatesTimeIntervals				UP	
34874.315	0.0900000000037835	HSETimeIntervals		34874.353	34874.36		
34874.376	0.2856000000028871	UpDownStatesTimeIntervals				UP	
34877.4072	0.20240000000194414	UpDownStatesTimeIntervals				UP	
34878.1032	0.14320000000589062	UpDownStatesTimeIntervals				UP	
34878.7256	0.27999999999883585	UpDownStatesTimeIntervals				UP	
34879.1784	0.06640000000334112	UpDownStatesTimeIntervals				DOWN	
34879.616	0.21600000000034925	HSETimeIntervals		34879.779	34879.724		
34879.8544	0.06880000000091968	UpDownStatesTimeIntervals				DOWN	
34879.888000000006	0.19099999999889405	HSETimeIntervals		34880.01700000001	34879.98350000001		
34880.102000000006	0.1929999999993015	HSETimeIntervals		34880.152	34880.198500000006		
34880.357	0.09900000000197906	HSETimeIntervals		34880.40700000001	34880.406500000005		
34882.01500000001	0.17699999999604188	HSETimeIntervals		34882.060000000005	34882.103500000005		
34883.099	0.18400000000110595	HSETimeIntervals		34883.247	34883.191		
34885.0408	0.1599999999962165	UpDownStatesTimeIntervals				UP	
34886.7888	0.17759999999543652	UpDownStatesTimeIntervals				UP	
34887.284	0.13999999999941792	UpDownStatesTimeIntervals				DOWN	
34888.4376	0.31040000000211876	UpDownStatesTimeIntervals				UP	
34889.05	0.08600000000296859	HSETimeIntervals		34889.097	34889.093		
34889.548	0.17119999999704305	UpDownStatesTimeIntervals				UP	
34890.0984	0.17519999999785796	UpDownStatesTimeIntervals				UP	
34890.7072	0.08160000000498258	RippleTimeIntervals		34890.7288			
34891.4888	0.16000000000349246	UpDownStatesTimeIntervals				UP	
34894.3944	0.10160000000178115	UpDownStatesTimeIntervals				UP	
34894.9744	0.15680000000429573	UpDownStatesTimeIntervals				UP	
34895.5664	0.09439999999449356	UpDownStatesTimeIntervals				UP	
34896.0784	0.16960000000108266	UpDownStatesTimeIntervals				UP	
34896.9504	0.11359999999694992	UpDownStatesTimeIntervals				UP	
34898.0672	0.118399999999383	UpDownStatesTimeIntervals				UP	
34900.2152	0.3191999999980908	UpDownStatesTimeIntervals				UP	
34902.3952	0.25600000000122236	UpDownStatesTimeIntervals				DOWN	
34902.6512	0.2551999999996042	UpDownStatesTimeIntervals				UP	
34903.3456	0.1584000000002561	UpDownStatesTimeIntervals				UP	
34903.582	0.0940000000045984	HSETimeIntervals		34903.645000000004	34903.629		
34903.713	0.08899999999994179	HSETimeIntervals		34903.75200000001	34903.75750000001		
34904.212	0.3184000000037486	UpDownStatesTimeIntervals				UP	
34906.4856	0.14719999999942956	UpDownStatesTimeIntervals				UP	
34909.26	0.14959999999700813	UpDownStatesTimeIntervals				UP	
34909.6808	0.09999999999854481	UpDownStatesTimeIntervals				DOWN	
34910.96600000001	0.091999999996915	HSETimeIntervals		34911.005000000005	34911.01200000001		
34911.388	0.3224000000045635	UpDownStatesTimeIntervals				UP	
34911.646	0.19500000000698492	HSETimeIntervals		34911.734000000004	34911.743500000004		
34912.4416	0.14400000000023283	UpDownStatesTimeIntervals				UP	
34913.0448	0.19679999999789288	UpDownStatesTimeIntervals				UP	
34915.840000000004	0.11000000000058208	HSETimeIntervals		34915.87700000001	34915.895000000004		
34916.314000000006	0.25899999999819556	HSETimeIntervals		34916.416000000005	34916.44350000001		
34917.228	0.15899999999965075	HSETimeIntervals		34917.355	34917.3075		
34917.4888	0.12960000000020955	UpDownStatesTimeIntervals				UP	
34917.737	0.0970000000015716	HSETimeIntervals		34917.771	34917.7855		
34918.2064	0.31359999999403954	UpDownStatesTimeIntervals				DOWN	
34918.997	0.17300000000250293	HSETimeIntervals		34919.128000000004	34919.0835		
34919.9536	0.20640000000275904	UpDownStatesTimeIntervals				UP	
34920.9464	0.24799999999959255	UpDownStatesTimeIntervals				UP	
34921.8168	0.0768000000025495	UpDownStatesTimeIntervals				DOWN	
34921.8936	0.14079999999376014	UpDownStatesTimeIntervals				UP	
34922.5376	0.2239999999947031	UpDownStatesTimeIntervals				UP	
34923.73300000001	0.07999999999447027	HSETimeIntervals		34923.775	34923.77300000001		
34923.825000000004	0.0930000000007567	HSETimeIntervals		34923.882000000005	34923.8715		
34923.8656	0.15520000000105938	UpDownStatesTimeIntervals				UP	
34924.856	0.15679999999701977	UpDownStatesTimeIntervals				UP	
34925.153000000006	0.1290000000008149	HSETimeIntervals		34925.237	34925.217500000006		
34925.788	0.15759999999863794	UpDownStatesTimeIntervals				UP	
34926.1752	0.17840000000433065	UpDownStatesTimeIntervals				DOWN	
34926.3536	0.1599999999962165	UpDownStatesTimeIntervals				UP	
34926.8848	0.2312000000019907	UpDownStatesTimeIntervals				DOWN	
34926.94500000001	0.2779999999984284	HSETimeIntervals		34926.989	34927.08400000001		
34927.23300000001	0.2139999999999418	HSETimeIntervals		34927.380000000005	34927.34000000001		
34927.46200000001	0.10099999999511056	HSETimeIntervals		34927.523	34927.512500000004		
34927.643000000004	0.10100000000238651	HSETimeIntervals		34927.67800000001	34927.6935		
34927.992000000006	0.27599999999802094	HSETimeIntervals		34928.227000000006	34928.130000000005		
34928.673	0.09999999999854481	HSETimeIntervals		34928.718	34928.723000000005		
34929.55300000001	0.08899999999994179	HSETimeIntervals		34929.603	34929.59750000001		
34930.07000000001	0.22299999999813735	HSETimeIntervals		34930.118	34930.181500000006		
34930.96000000001	0.11000000000058208	HSETimeIntervals		34930.99600000001	34931.01500000001		
34931.491	0.10000000000582077	HSETimeIntervals		34931.545000000006	34931.541000000005		
34932.924000000006	0.13399999999819556	HSETimeIntervals		34932.999	34932.99100000001		
34934.0912	0.3423999999940861	UpDownStatesTimeIntervals				UP	
34934.4848	0.11040000000502914	UpDownStatesTimeIntervals				DOWN	
34935.076	0.10599999999976717	HSETimeIntervals		34935.12500000001	34935.129		
34935.21000000001	0.3029999999998836	HSETimeIntervals		34935.48100000001	34935.361500000006		
34935.548	0.1929999999993015	HSETimeIntervals		34935.58700000001	34935.6445		
34935.865000000005	0.294000000001688	HSETimeIntervals		34936.064000000006	34936.012		
34941.368	0.14400000000023283	UpDownStatesTimeIntervals				UP	
34941.7944	0.05040000000008149	UpDownStatesTimeIntervals				DOWN	
34942.0024	0.08720000000175787	UpDownStatesTimeIntervals				UP	
34942.6672	0.13039999999455176	UpDownStatesTimeIntervals				UP	
34944.5312	0.20240000000194414	UpDownStatesTimeIntervals				UP	
34946.670000000006	0.3389999999999418	HSETimeIntervals		34946.952000000005	34946.83950000001		
34947.01500000001	0.22299999999813735	HSETimeIntervals		34947.07000000001	34947.126500000006		
34947.85600000001	0.43399999999383	HSETimeIntervals		34948.241	34948.073000000004		
34948.7752	0.12800000000424916	UpDownStatesTimeIntervals				UP	
34949.7928	0.13279999999940628	UpDownStatesTimeIntervals				UP	
34950.0192	0.07439999999769498	UpDownStatesTimeIntervals				DOWN	
34951.9048	0.16960000000108266	UpDownStatesTimeIntervals				UP	
34953.935000000005	0.14899999999761349	HSETimeIntervals		34953.99600000001	34954.00950000001		
34954.2768	0.2776000000012573	UpDownStatesTimeIntervals				UP	
34954.9232	0.15520000000105938	UpDownStatesTimeIntervals				UP	
34955.5976	0.23359999999956926	UpDownStatesTimeIntervals				UP	
34956.0616	0.15520000000105938	RippleTimeIntervals		34956.2136			
34956.3664	0.13919999999779975	UpDownStatesTimeIntervals				UP	
34957.3832	0.14400000000023283	UpDownStatesTimeIntervals				UP	
34959.58700000001	0.2489999999961583	HSETimeIntervals		34959.64200000001	34959.711500000005		
34959.8624	0.20720000000437722	UpDownStatesTimeIntervals				UP	
34960.6872	0.1264000000010128	UpDownStatesTimeIntervals				UP	
34961.5728	0.23440000000118744	UpDownStatesTimeIntervals				UP	
34962.7664	0.3591999999989639	UpDownStatesTimeIntervals				UP	
34963.61	0.08800000000337604	HSETimeIntervals		34963.667	34963.654		
34965.067	0.07200000000011642	HSETimeIntervals		34965.107	34965.103		
34967.1272	0.17599999999947613	UpDownStatesTimeIntervals				UP	
34968.088	0.2639999999955762	UpDownStatesTimeIntervals				UP	
34971.4288	0.22479999999632128	UpDownStatesTimeIntervals				UP	
34971.675	0.07100000000355067	HSETimeIntervals		34971.709	34971.7105		
34971.768000000004	0.06700000000273576	HSETimeIntervals		34971.802	34971.8015		
34972.0096	0.20080000000598375	UpDownStatesTimeIntervals				UP	
34972.536	0.07119999999849824	UpDownStatesTimeIntervals				DOWN	
34973.1152	0.08000000000174623	UpDownStatesTimeIntervals				DOWN	
34973.932	0.16159999999945285	UpDownStatesTimeIntervals				UP	
