onset	duration	nwb_table	epoch_name	behavioral_paradigm	environment	manipulation	peak_time	peak_normed_power	state	label
0.0	4636.416	epochs	fCamk1_200909_084931	BaselinePre	Home cage	None				
1.0	877.0	SleepStates								WAKEstate
50.4256	0.031999999999996476	RippleTimeIntervals					50.4512	0.34512336385275755		
50.4808	0.020800000000001262	RippleTimeIntervals					50.485600000000005	0.425567104697294		
50.5784	0.02400000000000091	RippleTimeIntervals					50.5912	0.4096276389091262		
51.985600000000005	0.020799999999994156	RippleTimeIntervals					52.0032	0.23594022187021185		
63.2072	0.049600000000005195	RippleTimeIntervals					63.2152	0.4463493411436999		
73.39280000000001	0.03999999999999204	RippleTimeIntervals					73.41120000000001	0.25205672628294157		
101.11120000000001	0.023199999999988563	RippleTimeIntervals					101.1272	0.781647228767434		
109.7864	0.028800000000003934	RippleTimeIntervals					109.80080000000001	0.6664915095852961		
109.88080000000001	0.050399999999996226	RippleTimeIntervals					109.88640000000001	0.47691497007489075		
140.8024	0.04240000000001487	RippleTimeIntervals					140.8248	0.23219341201603896		
149.03040000000001	0.021600000000006503	RippleTimeIntervals					149.0384	0.43450528868114574		
262.6336	0.02240000000000464	RippleTimeIntervals					262.64160000000004	0.3344593580882746		
265.5992	0.02400000000000091	RippleTimeIntervals					265.6184	0.4219152178856074		
274.0328	0.020800000000008367	RippleTimeIntervals					274.0432	0.7264115103943488		
321.66720000000004	0.02719999999999345	RippleTimeIntervals					321.6872	0.3873186703849072		
322.0536	0.026400000000023738	RippleTimeIntervals					322.0616	0.8282341420379082		
332.9904	0.04239999999998645	RippleTimeIntervals					333.0248	0.33744380114375977		
337.3784	0.020800000000008367	RippleTimeIntervals					337.3832	0.6452655436878273		
350.0048	0.025600000000054024	RippleTimeIntervals					350.0176	0.8916676606027045		
369.428	0.021600000000034925	RippleTimeIntervals					369.4352	0.6664665253250478		
369.5776	0.020800000000008367	RippleTimeIntervals					369.588	0.7021696807172781		
375.3168	0.045600000000035834	RippleTimeIntervals					375.3448	0.43121394348120506		
376.4552	0.03440000000000509	RippleTimeIntervals					376.46880000000004	0.9254388967049877		
568.836	0.0624000000000251	RippleTimeIntervals					568.8456	0.7346613220671055		
575.3784	0.02800000000002001	RippleTimeIntervals					575.3960000000001	0.7558247120243807		
576.3672	0.030399999999985994	RippleTimeIntervals					576.384	0.5632883098737734		
596.2584	0.02800000000002001	RippleTimeIntervals					596.2824	0.2687343001709435		
600.784	0.024800000000027467	RippleTimeIntervals					600.7944	0.47728982733821845		
608.5184	0.026399999999966894	RippleTimeIntervals					608.5408	0.3758923458418772		
624.0328000000001	0.05999999999994543	RippleTimeIntervals					624.052	0.41722729622636917		
627.3112	0.020000000000095497	RippleTimeIntervals					627.3272000000001	0.21699138401642457		
684.5248	0.024800000000027467	RippleTimeIntervals					684.5416	0.3178942851453234		
689.9592	0.024800000000027467	RippleTimeIntervals					689.964	0.26451246654827837		
785.6784	0.025600000000054024	RippleTimeIntervals					785.6824	0.20592850908034688		
807.9680000000001	0.022399999999947795	RippleTimeIntervals					807.9856000000001	0.42148784711708626		
830.2408	0.023199999999974352	RippleTimeIntervals					830.2568	0.40135373204668373		
832.3728	0.021600000000034925	RippleTimeIntervals					832.3768	0.47503327219579505		
839.6464000000001	0.07200000000000273	RippleTimeIntervals					839.6776	0.7408800621445714		
849.0312	0.030399999999985994	RippleTimeIntervals					849.0512	0.42504059981781767		
849.2448	0.02800000000002001	RippleTimeIntervals					849.2552000000001	0.4516810419002184		
849.4072	0.02640000000008058	RippleTimeIntervals					849.412	0.3628506009299018		
851.0368000000001	0.025599999999940337	RippleTimeIntervals					851.0544	0.584917996094317		
853.8384000000001	0.03919999999993706	RippleTimeIntervals					853.8432	0.413313315182363		
853.9624	0.02400000000000091	RippleTimeIntervals					853.9736	0.4656828178425938		
854.0488	0.021600000000034925	RippleTimeIntervals					854.0536000000001	0.20501348842487802		
854.1992	0.02400000000000091	RippleTimeIntervals					854.2168	0.44006657045412956		
856.7376	0.030399999999985994	RippleTimeIntervals					856.7464	0.5896650160810858		
856.9552	0.020800000000008367	RippleTimeIntervals					856.964	0.3577617123425018		
865.964	0.02719999999999345	RippleTimeIntervals					865.984	0.43041989025662947		
871.58	0.13279999999997472	RippleTimeIntervals					871.6528000000001	0.4604466015378607		
879.0	43.0	SleepStates								NREMstate
883.8016	0.025600000000054024	RippleTimeIntervals					883.8088	0.4550732800409193		
885.0984000000001	0.029599999999959437	RippleTimeIntervals					885.12	0.6218992211609862		
885.38	0.03600000000005821	RippleTimeIntervals					885.4088	0.34738549365047916		
887.8616000000001	0.02879999999993288	RippleTimeIntervals					887.8696	0.7187980084305021		
889.7096	0.033599999999978536	RippleTimeIntervals					889.7192	1.190560867604615		
889.8888000000001	0.029599999999959437	RippleTimeIntervals					889.9104000000001	0.5958648356257407		
898.0704000000001	0.02879999999993288	RippleTimeIntervals					898.0816000000001	0.7904708377693583		
901.692	0.032800000000065666	RippleTimeIntervals					901.7024	0.4745325365260441		
906.984	0.024800000000027467	RippleTimeIntervals					907.0008	0.47828063939389054		
907.1392000000001	0.026399999999966894	RippleTimeIntervals					907.1504	1.1113867140844593		
909.3632	0.02719999999999345	RippleTimeIntervals					909.3752000000001	0.43898858376016864		
918.5200000000001	0.03440000000000509	RippleTimeIntervals					918.548	0.2921350281760209		
920.9768	0.030399999999985994	RippleTimeIntervals					920.9992000000001	0.4861036057868569		
923.0	10.0	SleepStates								WAKEstate
931.8632	0.030399999999985994	RippleTimeIntervals					931.8760000000001	0.6388290989558445		
932.1952	0.02719999999999345	RippleTimeIntervals					932.2008000000001	1.0169734205700094		
932.3520000000001	0.02719999999999345	RippleTimeIntervals					932.3760000000001	0.26203635375556733		
934.0	15.0	SleepStates								NREMstate
935.4728	0.028800000000046566	RippleTimeIntervals					935.4856000000001	0.8268791826009235		
940.5064000000001	0.029599999999959437	RippleTimeIntervals					940.5120000000001	0.770902360484856		
943.1288000000001	0.02400000000000091	RippleTimeIntervals					943.1456000000001	0.33663313072623		
947.9088	0.024800000000027467	RippleTimeIntervals					947.9192	1.0057416417300356		
950.0	9.0	SleepStates								WAKEstate
954.2264	0.02640000000008058	RippleTimeIntervals					954.2392000000001	0.8346699828131255		
958.3312000000001	0.03120000000001255	RippleTimeIntervals					958.3472	0.37947399892894096		
960.0	160.0	SleepStates								NREMstate
963.8544	0.023199999999974352	RippleTimeIntervals					963.8696	0.4007547765286537		
964.5472000000001	0.022399999999947795	RippleTimeIntervals					964.5584	0.727424355327135		
964.6952	0.03040000000009968	RippleTimeIntervals					964.7024	1.154539427618818		
967.7296	0.028800000000046566	RippleTimeIntervals					967.7504	0.9631696397085714		
968.2528000000001	0.02879999999993288	RippleTimeIntervals					968.2608	0.43186778412894494		
974.6792	0.023199999999974352	RippleTimeIntervals					974.6840000000001	0.2749798525983826		
977.1392000000001	0.025599999999940337	RippleTimeIntervals					977.148	0.4142243243373714		
978.128	0.03600000000005821	RippleTimeIntervals					978.1400000000001	0.8214365486076078		
989.0552	0.032800000000065666	RippleTimeIntervals					989.0784000000001	0.5948685717471761		
989.2080000000001	0.020800000000008367	RippleTimeIntervals					989.216	0.980288035640391		
989.8408000000001	0.04079999999999018	RippleTimeIntervals					989.8656000000001	0.24006345092089076		
990.0304000000001	0.021599999999921238	RippleTimeIntervals					990.0488	0.24940615035577116		
1000.3512000000001	0.04959999999994125	RippleTimeIntervals					1000.36	0.29971406297445485		
1000.5704000000001	0.05119999999999436	RippleTimeIntervals					1000.6152000000001	0.22952420044808405		
1000.7544	0.033599999999978536	RippleTimeIntervals					1000.7688	0.747887177026686		
1000.8992000000001	0.03599999999994452	RippleTimeIntervals					1000.9128000000001	0.8117367193480252		
1004.0368000000001	0.025599999999940337	RippleTimeIntervals					1004.048	0.6230565911353111		
1004.1856	0.03520000000003165	RippleTimeIntervals					1004.2008000000001	0.5942269899968465		
1014.4576000000001	0.07280000000002929	RippleTimeIntervals					1014.48	0.5091183626643708		
1023.4960000000001	0.02479999999991378	RippleTimeIntervals					1023.5008	0.8354605465627872		
1027.5008	0.02320000000008804	RippleTimeIntervals					1027.5168	0.49233356732445094		
1028.8832	0.03520000000003165	RippleTimeIntervals					1028.904	0.8998008210043356		
1044.016	0.03520000000003165	RippleTimeIntervals					1044.036	0.8189271715460353		
1054.5248000000001	0.020800000000008367	RippleTimeIntervals					1054.5272	0.21488126958233422		
1055.3832	0.026399999999966894	RippleTimeIntervals					1055.4032	0.4744573597879264		
1055.5256	0.03920000000016444	RippleTimeIntervals					1055.5376	1.2540234226786833		
1055.6888000000001	0.02479999999991378	RippleTimeIntervals					1055.7064	0.679359042807019		
1056.0744	0.05840000000011969	RippleTimeIntervals					1056.0792000000001	0.36510480267828915		
1063.5072	0.025599999999940337	RippleTimeIntervals					1063.516	0.7886064189330739		
1064.6744	0.07999999999992724	RippleTimeIntervals					1064.7312	0.4423302254827183		
1073.2984000000001	0.05919999999991887	RippleTimeIntervals					1073.3496	0.6888041490394934		
1077.5312000000001	0.025599999999940337	RippleTimeIntervals					1077.5384000000001	0.6596326705395683		
1078.0272	0.041600000000016735	RippleTimeIntervals					1078.0488	0.4295672520431028		
1078.1512	0.024800000000141154	RippleTimeIntervals					1078.1608	0.4502275043694448		
1089.6712	0.02320000000008804	RippleTimeIntervals					1089.6872	0.2280196731284878		
1092.3200000000002	0.020799999999780994	RippleTimeIntervals					1092.3336000000002	0.25185094866007973		
1093.2232000000001	0.02800000000002001	RippleTimeIntervals					1093.2416	0.9855403669466376		
1099.2584000000002	0.02959999999984575	RippleTimeIntervals					1099.2776000000001	0.8276255754042795		
1100.1896000000002	0.033599999999978536	RippleTimeIntervals					1100.2016	0.5916906066772882		
1100.7608	0.03919999999993706	RippleTimeIntervals					1100.7920000000001	0.4910840876681877		
1100.9696000000001	0.023199999999860665	RippleTimeIntervals					1100.9776000000002	0.22255194210428547		
1112.2552	0.031199999999898864	RippleTimeIntervals					1112.2640000000001	0.4209636544152407		
1114.8576	0.04320000000006985	RippleTimeIntervals					1114.8824	0.5944191348019715		
1114.9768000000001	0.038399999999910506	RippleTimeIntervals					1114.9856	0.37657068301286717		
1115.4144000000001	0.023999999999887223	RippleTimeIntervals					1115.4184	0.23596847143399255		
1117.1816000000001	0.02479999999991378	RippleTimeIntervals					1117.1936	1.0586603229632714		
1121.0	9.0	SleepStates								WAKEstate
1131.0	52.0	SleepStates								NREMstate
1134.4968000000001	0.03520000000003165	RippleTimeIntervals					1134.512	0.6913812951147155		
1137.1312	0.02479999999991378	RippleTimeIntervals					1137.1480000000001	0.5896860416551453		
1137.7088	0.07119999999986248	RippleTimeIntervals					1137.7728	0.4954146408517772		
1137.9424000000001	0.02159999999980755	RippleTimeIntervals					1137.9504	0.2244437850315604		
1138.3	0.020800000000008367	RippleTimeIntervals					1138.3048000000001	0.2026220542643771		
1140.5872000000002	0.027999999999792635	RippleTimeIntervals					1140.5984	0.4253270497218562		
1140.9712	0.088799999999992	RippleTimeIntervals					1141.0032	0.6126180388474586		
1141.2016	0.030399999999872307	RippleTimeIntervals					1141.2128	0.5879042623306182		
1142.5888	0.19119999999998072	UpDownStatesTimeIntervals							UP	
1156.0552	0.03840000000013788	RippleTimeIntervals					1156.0712	0.6762881131256503		
1156.2424	0.03520000000003165	RippleTimeIntervals					1156.2472	0.3375602917680005		
1157.1992	0.02320000000008804	RippleTimeIntervals					1157.208	0.27868814511624557		
1157.7624	0.020800000000008367	RippleTimeIntervals					1157.7704	0.6288450293468727		
1158.1448	0.044800000000122964	RippleTimeIntervals					1158.1616000000001	0.38893141360491246		
1158.2688	0.03520000000003165	RippleTimeIntervals					1158.2768	0.6623355252276515		
1163.0328	0.05040000000008149	RippleTimeIntervals					1163.06	0.4385824868011016		
1163.892	0.05120000000010805	RippleTimeIntervals					1163.9048	0.5297586632748446		
1166.3856	0.03999999999996362	RippleTimeIntervals					1166.4072	0.42466438359979414		
1171.124	0.03840000000013788	RippleTimeIntervals					1171.1336000000001	0.5438710006959212		
1172.4584	0.031200000000126238	RippleTimeIntervals					1172.4736	0.5537689909201068		
1176.0944	0.03520000000003165	RippleTimeIntervals					1176.1232	0.3846429152367005		
1178.732	0.0543999999999869	RippleTimeIntervals					1178.7536	0.7335044652330249		
1178.9232	0.026400000000194268	RippleTimeIntervals					1178.932	0.8078632541574312		
1181.3576	0.020800000000008367	RippleTimeIntervals					1181.3744000000002	0.2707962450418669		
1184.0	184.0	SleepStates								WAKEstate
1273.5312000000001	0.025599999999940337	RippleTimeIntervals					1273.5496	0.5528069066475566		
1274.636	0.040000000000190994	RippleTimeIntervals					1274.6680000000001	0.5001668108957471		
1276.3264000000001	0.02159999999980755	RippleTimeIntervals					1276.332	0.5972902805953022		
1276.9256	0.03440000000000509	RippleTimeIntervals					1276.9304	0.3729068111667938		
1276.98	0.053599999999960346	RippleTimeIntervals					1277.0256000000002	0.7145099733404462		
1279.1080000000002	0.02479999999991378	RippleTimeIntervals					1279.1256	0.5826186090218743		
1280.1632	0.028800000000046566	RippleTimeIntervals					1280.1712	0.70400227890234		
1286.6744	0.021600000000034925	RippleTimeIntervals					1286.6824000000001	0.5222282024238313		
1288.8896	0.022400000000061482	RippleTimeIntervals					1288.9	0.5282428467762176		
1311.9776000000002	0.028799999999819192	RippleTimeIntervals					1311.9856	0.6779190222634278		
1312.0496	0.06880000000001019	RippleTimeIntervals					1312.0552	0.4767250253069976		
1312.6872	0.022400000000061482	RippleTimeIntervals					1312.7016	0.355259023680505		
1329.3664	0.022400000000061482	RippleTimeIntervals					1329.3824	0.5442507360769414		
1358.2688	0.03279999999995198	RippleTimeIntervals					1358.2952	0.5436705430377798		
1359.2768	0.020800000000008367	RippleTimeIntervals					1359.2856000000002	0.35346783262213405		
1363.0712	0.03199999999992542	RippleTimeIntervals					1363.0952	0.7795797432409592		
1367.8928	0.029600000000073123	RippleTimeIntervals					1367.9032	0.6086177688132457		
1368.612	0.025599999999940337	RippleTimeIntervals					1368.6168	0.49323906001136675		
1368.9392	0.03040000000009968	RippleTimeIntervals					1368.9496000000001	0.46215534833469596		
1369.0	295.0	SleepStates								NREMstate
1370.3272000000002	0.046399999999948704	RippleTimeIntervals					1370.3584	0.4790699123313306		
1375.1136000000001	0.020800000000008367	RippleTimeIntervals					1375.1272000000001	0.5478832105083133		
1375.9856	0.044000000000096406	RippleTimeIntervals					1376.0184000000002	0.3872241252966423		
1377.3256000000001	0.030399999999872307	RippleTimeIntervals					1377.3448	0.7737804006421047		
1379.2952	0.021600000000034925	RippleTimeIntervals					1379.3064000000002	0.6694665848483504		
1380.8744000000002	0.02479999999991378	RippleTimeIntervals					1380.8872000000001	0.6987572358877439		
1384.1792	0.026399999999966894	RippleTimeIntervals					1384.1952	0.36856536172308874		
1384.4232000000002	0.023199999999860665	RippleTimeIntervals					1384.4352000000001	0.6591190514756097		
1384.5912	0.025599999999940337	RippleTimeIntervals					1384.6000000000001	0.48263403904515034		
1385.3688	0.029600000000073123	RippleTimeIntervals					1385.3912	0.38103691182300886		
1385.476	0.03440000000000509	RippleTimeIntervals					1385.4816	0.6875169218750095		
1385.7408	0.03919999999993706	RippleTimeIntervals					1385.7488	1.311468039264534		
1386.492	0.024800000000141154	RippleTimeIntervals					1386.4976000000001	0.47113764785706724		
1388.112	0.02800000000002001	RippleTimeIntervals					1388.1312	0.741035164808369		
1390.5288	0.029600000000073123	RippleTimeIntervals					1390.5512	0.29382015104021253		
1390.9552	0.03440000000000509	RippleTimeIntervals					1390.9784	0.5198612892227514		
1391.7720000000002	0.031199999999898864	RippleTimeIntervals					1391.796	0.30737533033971914		
1392.208	0.023999999999887223	RippleTimeIntervals					1392.212	0.2125060316216434		
1392.4456	0.05999999999994543	RippleTimeIntervals					1392.4872	0.5182643122836329		
1394.8712	0.02320000000008804	RippleTimeIntervals					1394.8864	0.40277933032557006		
1395.4608	0.022400000000061482	RippleTimeIntervals					1395.472	0.883611734239179		
1397.468	0.020800000000008367	RippleTimeIntervals					1397.4728	0.48990566156242293		
1401.9472	0.03520000000003165	RippleTimeIntervals					1401.9688	0.6310545687634654		
1402.284	0.03679999999985739	RippleTimeIntervals					1402.3032	0.389904194106394		
1402.7440000000001	0.04079999999999018	RippleTimeIntervals					1402.7608	0.5639506688827202		
1402.9048	0.02800000000002001	RippleTimeIntervals					1402.9144000000001	0.8052938057397346		
1403.3808000000001	0.025599999999940337	RippleTimeIntervals					1403.3936	0.8057010310361261		
1403.4928	0.031200000000126238	RippleTimeIntervals					1403.5088	0.3599048954337205		
1409.8952000000002	0.03679999999985739	RippleTimeIntervals					1409.9072	0.6800952759105965		
1410.5632	0.03760000000011132	RippleTimeIntervals					1410.5784	0.6426265773140037		
1410.6504	0.05120000000010805	RippleTimeIntervals					1410.68	0.5332418361298392		
1413.9992	0.036800000000084765	RippleTimeIntervals					1414.02	0.9086132069290458		
1419.6712	0.03840000000013788	RippleTimeIntervals					1419.6872	0.4302539905363472		
1420.1272000000001	0.06079999999997199	RippleTimeIntervals					1420.136	0.5372463500713762		
1420.3064000000002	0.031199999999898864	RippleTimeIntervals					1420.3264000000001	0.9243033790649734		
1420.4928	0.029600000000073123	RippleTimeIntervals					1420.5144	0.3002173134319739		
1420.8992	0.031199999999898864	RippleTimeIntervals					1420.9128	0.8841169715285813		
1421.0240000000001	0.021600000000034925	RippleTimeIntervals					1421.0368	0.8328165601790071		
1422.9152000000001	0.07439999999996871	RippleTimeIntervals					1422.9752	0.32190886849101713		
1423.0592000000001	0.03279999999995198	RippleTimeIntervals					1423.0696	0.7649118338704104		
1431.6304	0.026399999999966894	RippleTimeIntervals					1431.6368	0.24749736929455415		
1431.736	0.023999999999887223	RippleTimeIntervals					1431.748	0.46326364934598324		
1432.6944	0.02800000000002001	RippleTimeIntervals					1432.7024000000001	0.3515352027099685		
1435.8600000000001	0.031199999999898864	RippleTimeIntervals					1435.8832	0.47676657440660863		
1442.5464000000002	0.02159999999980755	RippleTimeIntervals					1442.564	0.2931849820979079		
1443.1152	0.022400000000061482	RippleTimeIntervals					1443.1272000000001	0.3712317989715478		
1446.5888	0.032000000000152795	RippleTimeIntervals					1446.5944000000002	0.2628655082261622		
1454.8976	0.03760000000011132	RippleTimeIntervals					1454.9136	0.9738024691153373		
1455.1656	0.049600000000054933	RippleTimeIntervals					1455.1896000000002	0.5998205495691998		
1455.9888	0.03999999999996362	RippleTimeIntervals					1456.0176000000001	0.6215825140953724		
1456.5768	0.024000000000114596	RippleTimeIntervals					1456.5936000000002	0.3995922776417963		
1460.3648	0.020800000000008367	RippleTimeIntervals					1460.3704	0.757727861071988		
1470.7520000000002	0.023999999999887223	RippleTimeIntervals					1470.7632	0.5830941682145785		
1472.6336000000001	0.033599999999978536	RippleTimeIntervals					1472.6560000000002	0.5073803936719796		
1474.72	0.10320000000001528	RippleTimeIntervals					1474.7352	0.40932190267056384		
1479.0232	0.025599999999940337	RippleTimeIntervals					1479.0392000000002	0.8960570231282092		
1480.7304000000001	0.021600000000034925	RippleTimeIntervals					1480.7440000000001	0.5377740025546605		
1481.6256	0.05999999999994543	RippleTimeIntervals					1481.6472	0.6436524355277049		
1482.1592	0.022400000000061482	RippleTimeIntervals					1482.1648	0.5496264699339246		
1483.1952	0.5871999999999389	UpDownStatesTimeIntervals							DOWN	
1483.7824	0.21439999999984138	UpDownStatesTimeIntervals							UP	
1486.4688	0.0543999999999869	RippleTimeIntervals					1486.4944	0.7289785017731197		
1493.7264	0.02800000000002001	RippleTimeIntervals					1493.7456	0.21994493906272003		
1493.7856000000002	0.022399999999834108	RippleTimeIntervals					1493.8008	0.9649707267479347		
1494.0824	0.026399999999966894	RippleTimeIntervals					1494.0984	0.8168292701393445		
1494.8568	0.05840000000011969	RippleTimeIntervals					1494.8712	0.9518417349473963		
1494.9776000000002	0.03199999999992542	RippleTimeIntervals					1494.9928	0.9982109942382059		
1495.7920000000001	0.026399999999966894	RippleTimeIntervals					1495.8104	0.5376448338635411		
1499.2312000000002	0.033599999999978536	RippleTimeIntervals					1499.2392	0.890636377805408		
1512.0	0.021600000000034925	RippleTimeIntervals					1512.008	0.37130510693701513		
1512.6152	0.021600000000034925	RippleTimeIntervals					1512.6208000000001	0.3044882598242383		
1512.6968000000002	0.03199999999992542	RippleTimeIntervals					1512.7152	1.1189904969358522		
1512.8328000000001	0.03999999999996362	RippleTimeIntervals					1512.8648	0.44392414856921875		
1519.4376	0.02560000000016771	RippleTimeIntervals					1519.4424000000001	0.3843814257609977		
1519.7336	0.025599999999940337	RippleTimeIntervals					1519.7456	0.678280589727956		
1524.3688	0.03040000000009968	RippleTimeIntervals					1524.3912	0.8107198924955675		
1529.144	0.05600000000004002	RippleTimeIntervals					1529.1928	0.45269593300611743		
1531.7056	0.02800000000002001	RippleTimeIntervals					1531.7240000000002	1.066926999100795		
1532.5064	0.04640000000017608	RippleTimeIntervals					1532.5264	0.31258196698290386		
1532.7816	0.020800000000008367	RippleTimeIntervals					1532.7904	0.3394963951559131		
1537.5664000000002	0.035999999999830834	RippleTimeIntervals					1537.5952	0.2734027433496557		
1539.4544	0.046399999999948704	RippleTimeIntervals					1539.4808	0.372530492383212		
1549.8424	0.029600000000073123	RippleTimeIntervals					1549.864	0.5635750567039652		
1550.6904000000002	0.023199999999860665	RippleTimeIntervals					1550.7016	0.6727408554021339		
1552.3112	0.028800000000046566	RippleTimeIntervals					1552.3192000000001	0.4305216375683828		
1553.5800000000002	0.028799999999819192	RippleTimeIntervals					1553.6016	0.6508216156222173		
1554.0608	0.03600000000005821	RippleTimeIntervals					1554.0696	0.4751980715820841		
1563.5648	0.06320000000005166	RippleTimeIntervals					1563.6208000000001	0.46476288748343464		
1566.22	0.02800000000002001	RippleTimeIntervals					1566.2312000000002	0.6753781791830274		
1566.7248000000002	0.051199999999880674	RippleTimeIntervals					1566.7496	0.7406213717550215		
1573.1952	0.04079999999999018	RippleTimeIntervals					1573.2032000000002	0.41161675193439184		
1576.0904	0.17599999999993088	UpDownStatesTimeIntervals							DOWN	
1576.2664	0.23279999999999745	UpDownStatesTimeIntervals							UP	
1579.3208	0.024000000000114596	RippleTimeIntervals					1579.3256000000001	0.20150159798331851		
1579.4432000000002	0.03919999999993706	RippleTimeIntervals					1579.4576000000002	0.7531682807701833		
1582.5288	0.024000000000114596	RippleTimeIntervals					1582.5448000000001	0.8371819220305844		
1583.22	0.024000000000114596	RippleTimeIntervals					1583.2240000000002	0.5790308515848374		
1584.5704	0.05999999999994543	RippleTimeIntervals					1584.5936000000002	0.3153585856441775		
1591.4904000000001	0.025599999999940337	RippleTimeIntervals					1591.5088	0.5744430058216252		
1591.8912	0.02719999999999345	RippleTimeIntervals					1591.9112	0.32753455606848286		
1593.5832	0.025599999999940337	RippleTimeIntervals					1593.6048	0.29686685322141		
1598.8776	0.041600000000016735	RippleTimeIntervals					1598.8968	0.6284382256214651		
1607.3968	0.03600000000005821	RippleTimeIntervals					1607.4104	0.8269636863232291		
1607.8408000000002	0.06319999999982429	RippleTimeIntervals					1607.8752000000002	0.6001132642642958		
1609.3480000000002	0.061599999999998545	RippleTimeIntervals					1609.3976	0.5533690789309094		
1611.5696	0.061599999999998545	RippleTimeIntervals					1611.5776	0.7028317936007307		
1620.2712000000001	0.04079999999999018	RippleTimeIntervals					1620.2896	0.8331021352494363		
1620.7616	0.03840000000013788	RippleTimeIntervals					1620.7896	0.7267692767942587		
1629.0712	0.03999999999996362	RippleTimeIntervals					1629.0824	0.49547851143654653		
1634.3736000000001	0.025599999999940337	RippleTimeIntervals					1634.3952000000002	0.2697201503772168		
1634.5824	0.029600000000073123	RippleTimeIntervals					1634.5968	0.7338484751348598		
1641.3704	0.04560000000014952	RippleTimeIntervals					1641.3888000000002	0.3480084022684881		
1641.5136	0.05040000000008149	RippleTimeIntervals					1641.548	0.6420525064391338		
1642.8168	0.04800000000000182	RippleTimeIntervals					1642.8544000000002	0.42505436509092814		
1643.4632000000001	0.07359999999994216	RippleTimeIntervals					1643.5136	0.46337257792378855		
1651.4640000000002	0.035999999999830834	RippleTimeIntervals					1651.4736	0.38147175712480996		
1652.2752	0.036800000000084765	RippleTimeIntervals					1652.2904	0.8166609826031842		
1664.9592	0.033599999999978536	RippleTimeIntervals					1664.9848000000002	0.6800923964448431		
1665.0	8.0	SleepStates								WAKEstate
1666.3992	0.03919999999993706	RippleTimeIntervals					1666.4048	0.380375592243071		
1666.5384000000001	0.020800000000008367	RippleTimeIntervals					1666.5472	0.4405172526580771		
1666.596	0.024800000000141154	RippleTimeIntervals					1666.6096	0.3642857201875622		
1674.0	349.0	SleepStates								NREMstate
1685.4056	0.02800000000002001	RippleTimeIntervals					1685.4144000000001	0.2682656977258417		
1685.6512	0.052000000000134605	RippleTimeIntervals					1685.6648	0.7427560431400139		
1685.952	0.02719999999999345	RippleTimeIntervals					1685.9592	0.564802760743163		
1686.1000000000001	0.04719999999997526	RippleTimeIntervals					1686.1264	0.5991392582412649		
1686.4712000000002	0.023999999999887223	RippleTimeIntervals					1686.4912000000002	0.4474689606525673		
1686.6184	0.03520000000003165	RippleTimeIntervals					1686.64	0.5248904988267713		
1686.9824	0.022400000000061482	RippleTimeIntervals					1687.0	0.6198818113141948		
1687.9136	0.04479999999989559	RippleTimeIntervals					1687.9296000000002	0.3893750364585101		
1688.1064000000001	0.03279999999995198	RippleTimeIntervals					1688.112	0.3449144379050765		
1688.2784000000001	0.04079999999999018	RippleTimeIntervals					1688.3144	0.41313270503577754		
1695.5496	0.025599999999940337	RippleTimeIntervals					1695.5616	0.2162669603768321		
1706.8424	0.05760000000009313	RippleTimeIntervals					1706.8584	0.6984109253974125		
1707.0384000000001	0.03279999999995198	RippleTimeIntervals					1707.0496	0.9175732010702291		
1709.2016	0.03999999999996362	RippleTimeIntervals					1709.2296000000001	0.3535829910691644		
1714.8984	0.02320000000008804	RippleTimeIntervals					1714.9168000000002	0.26805601634031634		
1719.2568	0.031199999999898864	RippleTimeIntervals					1719.2784000000001	0.9146307054365785		
1721.52	0.04560000000014952	RippleTimeIntervals					1721.5248000000001	0.5476676962144115		
1721.8328000000001	0.02719999999999345	RippleTimeIntervals					1721.8432	0.6146051651438517		
1724.8728	0.029600000000073123	RippleTimeIntervals					1724.8912	0.4821506534369552		
1725.3464000000001	0.07680000000004839	RippleTimeIntervals					1725.3512	0.45227553797917136		
1725.5040000000001	0.04800000000000182	RippleTimeIntervals					1725.5216	0.6498002625209859		
1733.2584000000002	0.025599999999940337	RippleTimeIntervals					1733.2728000000002	0.5964360427862324		
1733.5512	0.05520000000001346	RippleTimeIntervals					1733.5984	0.7685570260381918		
1740.8464000000001	0.053599999999960346	RippleTimeIntervals					1740.8696	0.8272348093391887		
1744.6136000000001	0.043199999999842476	RippleTimeIntervals					1744.6352000000002	0.48478166717965443		
1744.7896	0.05520000000001346	RippleTimeIntervals					1744.8184	0.9562627323198529		
1746.7664	0.027200000000220825	RippleTimeIntervals					1746.7776000000001	0.3821663325511037		
1750.0816	0.020000000000209184	RippleTimeIntervals					1750.0944000000002	0.5019679805891498		
1750.1816000000001	0.031199999999898864	RippleTimeIntervals					1750.2048	0.5449074037925805		
1751.9416	0.020800000000008367	RippleTimeIntervals					1751.9504000000002	0.9951527677564559		
1755.104	0.02800000000002001	RippleTimeIntervals					1755.112	0.7863633129694365		
1760.2128	0.02560000000016771	RippleTimeIntervals					1760.2312000000002	0.48477084949668925		
1760.4344	0.029600000000073123	RippleTimeIntervals					1760.44	0.71010433785244		
1761.1824000000001	0.022399999999834108	RippleTimeIntervals					1761.1968000000002	0.4844173347377638		
1761.5704	0.02719999999999345	RippleTimeIntervals					1761.5808000000002	0.2868869082789911		
1762.5072	0.02560000000016771	RippleTimeIntervals					1762.5192000000002	0.9600265724295126		
1762.7504000000001	0.020800000000008367	RippleTimeIntervals					1762.7592000000002	0.4102514175008199		
1767.0408	0.022400000000061482	RippleTimeIntervals					1767.0552	0.4793789641416406		
1774.9632000000001	0.026399999999966894	RippleTimeIntervals					1774.9656	0.22515701148254477		
1779.3248	0.03600000000005821	RippleTimeIntervals					1779.3384	0.6956921984848804		
1780.4464	0.026399999999966894	RippleTimeIntervals					1780.4576000000002	0.39726736081291053		
1782.0520000000001	0.03600000000005821	RippleTimeIntervals					1782.0664000000002	0.7995498923989759		
1782.448	0.03040000000009968	RippleTimeIntervals					1782.4672	0.9633502485338504		
1782.568	0.02800000000002001	RippleTimeIntervals					1782.5888	0.5742099392578889		
1786.116	0.03600000000005821	RippleTimeIntervals					1786.1344000000001	0.7602468923057624		
1786.644	0.03280000000017935	RippleTimeIntervals					1786.6560000000002	0.654156290888315		
1791.5824	0.036800000000084765	RippleTimeIntervals					1791.6112	0.7187776613565638		
1799.2976	0.02479999999991378	RippleTimeIntervals					1799.316	0.37332615469807146		
1799.8768	0.05760000000009313	RippleTimeIntervals					1799.9264	0.7362211179033706		
1807.1648	0.04719999999997526	RippleTimeIntervals					1807.1872	0.5218474999835229		
1808.0968	0.024000000000114596	RippleTimeIntervals					1808.1048	0.34476454252220873		
1808.372	0.024000000000114596	RippleTimeIntervals					1808.384	0.41733076859353463		
1808.508	0.029600000000073123	RippleTimeIntervals					1808.5304	0.5111963253436914		
1809.3504	0.03440000000000509	RippleTimeIntervals					1809.3624	1.0520912762099162		
1821.6768000000002	0.028799999999819192	RippleTimeIntervals					1821.688	0.3073441048334391		
1821.9624000000001	0.04479999999989559	RippleTimeIntervals					1821.9992000000002	0.5121396476122748		
1822.1632000000002	0.043199999999842476	RippleTimeIntervals					1822.1728	0.4936327127425098		
1824.6696000000002	0.02479999999991378	RippleTimeIntervals					1824.6744	0.31337093164445756		
1833.2624	0.03600000000005821	RippleTimeIntervals					1833.2752	0.7318172142110242		
1847.4544	0.038399999999910506	RippleTimeIntervals					1847.4736	0.5777359650141193		
1856.4992000000002	0.027999999999792635	RippleTimeIntervals					1856.5152	0.3953335860161504		
1858.88	0.020800000000008367	RippleTimeIntervals					1858.892	0.896519371450939		
1859.0240000000001	0.03759999999988395	RippleTimeIntervals					1859.0416	1.06473108378848		
1865.208	0.06639999999993051	RippleTimeIntervals					1865.2672	0.40369159513491865		
1872.3864	0.05279999999993379	RippleTimeIntervals					1872.432	0.6817441178200331		
1872.9936	0.031200000000126238	RippleTimeIntervals					1873.0024	0.4773584695096161		
1873.1704000000002	0.10079999999993561	RippleTimeIntervals					1873.2608	0.7087585173411443		
1873.6784	0.03920000000016444	RippleTimeIntervals					1873.7144	0.2066996383322771		
1874.1856	0.031200000000126238	RippleTimeIntervals					1874.1912	0.34871998901484486		
1888.1208000000001	0.05039999999985412	RippleTimeIntervals					1888.1568000000002	0.7184016712663999		
1888.8424	0.029600000000073123	RippleTimeIntervals					1888.8608000000002	0.5116900058232995		
1889.4128	0.026399999999966894	RippleTimeIntervals					1889.4288000000001	0.8132438782479153		
1892.5696	0.021600000000034925	RippleTimeIntervals					1892.5712	0.28970605134983923		
1900.2440000000001	0.03919999999993706	RippleTimeIntervals					1900.2608	0.7788770982348638		
1901.4064	0.03040000000009968	RippleTimeIntervals					1901.4296000000002	0.567293878535242		
1901.7528	0.021600000000034925	RippleTimeIntervals					1901.7584000000002	0.4652388640593709		
1901.9856000000002	0.02159999999980755	RippleTimeIntervals					1901.9944	0.39444159901897263		
1903.9424000000001	0.03199999999992542	RippleTimeIntervals					1903.9496000000001	1.1394839243772805		
1911.1840000000002	0.03679999999985739	RippleTimeIntervals					1911.2064	0.9537452793616423		
1912.592	0.03279999999995198	RippleTimeIntervals					1912.5976	0.5289721820842646		
1918.7352	0.021600000000034925	RippleTimeIntervals					1918.7432000000001	0.26168831222704986		
1921.2976	0.03600000000005821	RippleTimeIntervals					1921.3224	0.2574903481015492		
1921.8000000000002	0.03759999999988395	RippleTimeIntervals					1921.8168	0.27286715123081895		
1925.7016	0.04079999999999018	RippleTimeIntervals					1925.7216	0.3090873330881334		
1926.8032	0.03600000000005821	RippleTimeIntervals					1926.8136000000002	0.48833991607099153		
1926.9592	0.024800000000141154	RippleTimeIntervals					1926.9736	0.8168604087571254		
1927.3208000000002	0.027999999999792635	RippleTimeIntervals					1927.3296	0.48589508079427723		
1928.2624	0.026399999999966894	RippleTimeIntervals					1928.268	0.6984623417238027		
1937.1952	0.021600000000034925	RippleTimeIntervals					1937.2128	0.24895065711714728		
1952.3744000000002	0.04719999999997526	RippleTimeIntervals					1952.3872000000001	0.37672307690400375		
1953.0288	0.02719999999999345	RippleTimeIntervals					1953.0368	0.9508715133048925		
1954.076	0.03840000000013788	RippleTimeIntervals					1954.104	1.1046751008728903		
1962.864	0.03040000000009968	RippleTimeIntervals					1962.8776	1.0269036691371158		
1962.976	0.03520000000003165	RippleTimeIntervals					1962.9912000000002	1.0286149988000548		
1963.0936000000002	0.03919999999993706	RippleTimeIntervals					1963.112	0.7262750181192225		
1967.624	0.02719999999999345	RippleTimeIntervals					1967.6376	0.29542172509942116		
1968.9272	0.036800000000084765	RippleTimeIntervals					1968.9352000000001	0.6163255053306004		
1969.7376000000002	0.03679999999985739	RippleTimeIntervals					1969.7672	0.6050705670397237		
1970.0192000000002	0.025599999999940337	RippleTimeIntervals					1970.0312000000001	0.4795536027995806		
1970.5784	0.028800000000046566	RippleTimeIntervals					1970.596	1.0828853590470664		
1981.7072	0.06719999999995707	RippleTimeIntervals					1981.7152	0.6271399695628935		
2004.9240000000002	0.03199999999992542	RippleTimeIntervals					2004.9512000000002	0.2816402110101939		
2012.6464	0.021600000000034925	RippleTimeIntervals					2012.6616000000001	0.2426526035598029		
2023.352	0.02800000000002001	RippleTimeIntervals					2023.3664	0.3140322254144139		
2024.0	36.0	SleepStates								WAKEstate
2040.4536	0.032000000000152795	RippleTimeIntervals					2040.4736	0.46698230259503853		
2040.5944000000002	0.020800000000008367	RippleTimeIntervals					2040.6024	0.29406896657966375		
2054.7352	0.04640000000017608	RippleTimeIntervals					2054.7464	0.5849927221220796		
2055.0752	0.02719999999999345	RippleTimeIntervals					2055.08	0.3084916508444798		
2061.0	50.0	SleepStates								REMstate
2112.0	25.0	SleepStates								WAKEstate
2138.0	57.0	SleepStates								NREMstate
2142.0392	0.023999999999887223	RippleTimeIntervals					2142.0448	0.5583150812581031		
2143.6864	0.02719999999999345	RippleTimeIntervals					2143.7056000000002	0.25090550025503594		
2145.5432	0.023999999999887223	RippleTimeIntervals					2145.5592	0.5666087510494374		
2151.5024000000003	0.03599999999960346	RippleTimeIntervals					2151.5136	0.3997531170547031		
2152.0	0.031199999999898864	RippleTimeIntervals					2152.0192	0.4389356670641172		
2158.1	0.028800000000046566	RippleTimeIntervals					2158.1056000000003	0.5420870478343182		
2185.6528000000003	0.020799999999780994	RippleTimeIntervals					2185.6664	0.437734507034054		
2186.7960000000003	0.03359999999975116	RippleTimeIntervals					2186.8224	0.6202030945244434		
2186.9680000000003	0.02959999999984575	RippleTimeIntervals					2186.9832	0.6113986453875403		
2187.0832	0.02320000000008804	RippleTimeIntervals					2187.1	0.2608073901179097		
2187.1800000000003	0.04719999999997526	RippleTimeIntervals					2187.1984	0.31668428232357154		
2196.0	8.0	SleepStates								WAKEstate
2205.0	107.0	SleepStates								NREMstate
2208.2384	0.03359999999975116	RippleTimeIntervals					2208.244	1.1535198529250237		
2215.2608	0.02719999999999345	RippleTimeIntervals					2215.2768	0.3252079343352997		
2215.3672	0.0567999999998392	RippleTimeIntervals					2215.388	0.788515143236119		
2219.9328	0.022400000000288856	RippleTimeIntervals					2219.9480000000003	0.3240185054499646		
2225.208	0.041600000000016735	RippleTimeIntervals					2225.2416000000003	0.7573776885251369		
2237.0464	0.02719999999999345	RippleTimeIntervals					2237.0656	0.3344661450189145		
2244.8336	0.05760000000009313	RippleTimeIntervals					2244.8728	0.9678062497170014		
2250.0512	0.05760000000009313	RippleTimeIntervals					2250.06	1.0814486908919207		
2250.4232	0.03519999999980428	RippleTimeIntervals					2250.4392000000003	0.8521386041675808		
2251.4616	0.058399999999892316	RippleTimeIntervals					2251.4936000000002	0.5863653797912091		
2254.2400000000002	0.06719999999995707	RippleTimeIntervals					2254.2768	0.6009092439454475		
2256.6976	0.021600000000034925	RippleTimeIntervals					2256.7112	0.8504584950791176		
2257.0896000000002	0.04239999999981592	RippleTimeIntervals					2257.1168000000002	0.4266759931038658		
2259.6040000000003	0.027999999999792635	RippleTimeIntervals					2259.6208	0.3383937740882411		
2263.2544000000003	0.021600000000034925	RippleTimeIntervals					2263.2688000000003	0.46967144381072834		
2264.1232	0.05600000000004002	RippleTimeIntervals					2264.1624	0.7322629170125645		
2264.2776	0.025600000000395084	RippleTimeIntervals					2264.2832000000003	0.5114526250001603		
2264.7112	0.023999999999887223	RippleTimeIntervals					2264.7272000000003	0.6287064868869557		
2264.9392000000003	0.030399999999644933	RippleTimeIntervals					2264.9480000000003	0.39051495320239893		
2265.62	0.029600000000300497	RippleTimeIntervals					2265.6304	1.0730390561085519		
2265.8384	0.03360000000020591	RippleTimeIntervals					2265.8472	0.7330398103764142		
2266.004	0.03440000000000509	RippleTimeIntervals					2266.0256	1.136175925451125		
2266.3848000000003	0.023199999999633292	RippleTimeIntervals					2266.3976000000002	0.8550216124743828		
2266.936	0.04239999999981592	RippleTimeIntervals					2266.9632	0.5706595342810337		
2269.5736	0.07920000000012806	RippleTimeIntervals					2269.6232	0.7217863863110472		
2270.9584	0.02080000000023574	RippleTimeIntervals					2270.9672	0.560396881878285		
2271.1768	0.027999999999792635	RippleTimeIntervals					2271.1928000000003	0.4588326848031318		
2272.02	0.02719999999999345	RippleTimeIntervals					2272.036	0.7110653242887146		
2280.6976	0.029600000000300497	RippleTimeIntervals					2280.7112	1.1996891252957513		
2282.5424000000003	0.020799999999780994	RippleTimeIntervals					2282.5472	0.3721639980227246		
2283.0984000000003	0.03440000000000509	RippleTimeIntervals					2283.1128000000003	1.0988301851134368		
2283.5992	0.03760000000011132	RippleTimeIntervals					2283.608	0.6460160321650977		
2286.8192	0.02400000000034197	RippleTimeIntervals					2286.8352	1.0370553461746337		
2287.4576	0.024800000000141154	RippleTimeIntervals					2287.4632	0.7225472420656797		
2287.5872	0.05040000000008149	RippleTimeIntervals					2287.6136	0.4975455887150488		
2288.4384	0.025599999999940337	RippleTimeIntervals					2288.4552000000003	0.5222558663415333		
2288.5704	0.04800000000022919	RippleTimeIntervals					2288.6024	0.7922237299327488		
2294.8368	0.03920000000016444	RippleTimeIntervals					2294.8632000000002	0.4522583129514212		
2296.2048	0.03120000000035361	RippleTimeIntervals					2296.2232	0.41429786812951663		
2296.5704	0.021600000000034925	RippleTimeIntervals					2296.5752	0.22664275660294272		
2296.9816	0.051199999999880674	RippleTimeIntervals					2297.0128	0.7055597626198035		
2297.4288	0.03920000000016444	RippleTimeIntervals					2297.4376	0.5699506967865651		
2297.6504	0.05920000000014625	RippleTimeIntervals					2297.6976	0.3654460843573922		
2299.6616	0.04640000000017608	RippleTimeIntervals					2299.6928000000003	0.7991585293058161		
2300.3152	0.03440000000000509	RippleTimeIntervals					2300.324	0.3589386868348003		
2302.5544	0.07600000000002183	RippleTimeIntervals					2302.6128000000003	0.7552451776472298		
2302.9472	0.04080000000021755	RippleTimeIntervals					2302.972	0.45625029798662303		
2313.0	26.0	SleepStates								WAKEstate
2313.7368	0.06399999999985084	RippleTimeIntervals					2313.7560000000003	0.5250902339734808		
2340.0	342.0	SleepStates								NREMstate
2342.3024	0.02080000000023574	RippleTimeIntervals					2342.312	0.3884257597225416		
2346.4016	0.020799999999780994	RippleTimeIntervals					2346.4144	0.5216593667451213		
2348.576	0.02320000000008804	RippleTimeIntervals					2348.588	0.8362652608323031		
2350.5608	0.02959999999984575	RippleTimeIntervals					2350.572	1.2494942130651814		
2351.3984	0.028800000000046566	RippleTimeIntervals					2351.4232	0.28130920278110877		
2354.0632	0.028800000000046566	RippleTimeIntervals					2354.068	0.44888461406605484		
2356.252	0.048800000000028376	RippleTimeIntervals					2356.2568	0.29821332527805017		
2358.0080000000003	0.02719999999999345	RippleTimeIntervals					2358.0248	0.8014511516760888		
2358.1208	0.03359999999975116	RippleTimeIntervals					2358.1328000000003	0.7714508234696572		
2360.9320000000002	0.02959999999984575	RippleTimeIntervals					2360.9368	0.6517445182240427		
2362.3848000000003	0.07839999999987413	RippleTimeIntervals					2362.4392000000003	0.39106900884370116		
2362.7368	0.028800000000046566	RippleTimeIntervals					2362.7488000000003	0.6422158446490028		
2364.1512000000002	0.025599999999940337	RippleTimeIntervals					2364.1664	0.5020924977287198		
2365.0192	0.02719999999999345	RippleTimeIntervals					2365.0264	0.6509497662108746		
2370.4192000000003	0.020799999999780994	RippleTimeIntervals					2370.4352	0.3380739711911782		
2371.4312	0.03600000000005821	RippleTimeIntervals					2371.4464000000003	0.30557885943930857		
2374.6952	0.03999999999996362	RippleTimeIntervals					2374.712	0.3536518706097032		
2375.9432	0.022399999999834108	RippleTimeIntervals					2375.9584	0.4319312455356313		
2380.1104	0.04559999999992215	RippleTimeIntervals					2380.1296	0.8817744912749552		
2380.2376	0.06960000000026412	RippleTimeIntervals					2380.2536	0.9644239688589249		
2380.9112	0.026400000000194268	RippleTimeIntervals					2380.9168	0.8034690383850497		
2392.5592	0.023999999999887223	RippleTimeIntervals					2392.5712000000003	0.28208263897858626		
2395.2352	0.026400000000194268	RippleTimeIntervals					2395.248	0.2409109612194425		
2399.1584000000003	0.024799999999686406	RippleTimeIntervals					2399.1672000000003	0.8768228250237124		
2399.2584	0.03519999999980428	RippleTimeIntervals					2399.2856	0.8383708842190818		
2399.4376	0.023999999999887223	RippleTimeIntervals					2399.4464000000003	0.40791818308615135		
2408.36	0.04239999999981592	RippleTimeIntervals					2408.3728	1.1726789601609997		
2408.7432000000003	0.02639999999973952	RippleTimeIntervals					2408.7560000000003	0.40407483366238134		
2414.4744	0.04399999999986903	RippleTimeIntervals					2414.484	0.3036240685718655		
2414.7848	0.04720000000043001	RippleTimeIntervals					2414.812	0.5501450083695663		
2415.1808	0.0864000000001397	RippleTimeIntervals					2415.2304	0.35175369021080394		
2415.9728	0.023999999999887223	RippleTimeIntervals					2415.9848	0.33713543536045587		
2416.9112	0.03440000000000509	RippleTimeIntervals					2416.9376	0.5374409673072178		
2417.0992	0.03519999999980428	RippleTimeIntervals					2417.1232	0.5773156048532758		
2418.8568	0.028800000000046566	RippleTimeIntervals					2418.88	0.3736816875672393		
2421.5576	0.03040000000009968	RippleTimeIntervals					2421.5632	0.31350241062410367		
2424.08	0.02400000000034197	RippleTimeIntervals					2424.0848	0.7875374902724982		
2424.2144000000003	0.03279999999995198	RippleTimeIntervals					2424.2224	0.27620970188339744		
2424.4336000000003	0.0543999999999869	RippleTimeIntervals					2424.4416	0.4192999462844974		
2425.1104	0.032000000000152795	RippleTimeIntervals					2425.1184000000003	0.21806491581419873		
2428.3720000000003	0.02959999999984575	RippleTimeIntervals					2428.3776000000003	0.261816257392919		
2431.9192000000003	0.03919999999970969	RippleTimeIntervals					2431.9480000000003	0.5014426895256467		
2432.4328	0.04399999999986903	RippleTimeIntervals					2432.4456	0.4979068308801006		
2432.5624000000003	0.03679999999985739	RippleTimeIntervals					2432.58	1.0057958186768547		
2443.1704	0.05040000000008149	RippleTimeIntervals					2443.2024	0.6679871088568435		
2443.3488	0.03519999999980428	RippleTimeIntervals					2443.3592000000003	0.9447050962189046		
2444.1344	0.03760000000011132	RippleTimeIntervals					2444.1504	0.7253528466348387		
2449.7872	0.03199999999969805	RippleTimeIntervals					2449.8024	0.7645302424089858		
2450.9904	0.022399999999834108	RippleTimeIntervals					2450.9952000000003	0.28955934944099976		
2460.3288000000002	0.03600000000005821	RippleTimeIntervals					2460.3368	0.44078919669529804		
2460.6272	0.06400000000030559	RippleTimeIntervals					2460.652	0.6301140902411181		
2466.5816	0.04320000000006985	RippleTimeIntervals					2466.608	0.5511914606902024		
2472.4072	0.028800000000046566	RippleTimeIntervals					2472.42	0.45071294923681027		
2472.6200000000003	0.058399999999892316	RippleTimeIntervals					2472.6328000000003	0.5148121076755074		
2472.768	0.028000000000247383	RippleTimeIntervals					2472.7768	0.667680282648656		
2472.9856	0.044800000000122964	RippleTimeIntervals					2473.0048	0.8407790703079617		
2474.6704	0.024800000000141154	RippleTimeIntervals					2474.6792	0.47860455933221036		
2485.6376	0.041600000000016735	RippleTimeIntervals					2485.6528000000003	0.6929317429011781		
2495.2176	0.02320000000008804	RippleTimeIntervals					2495.2232	0.44216324654187233		
2496.1088	0.02719999999999345	RippleTimeIntervals					2496.128	0.5481038531697537		
2500.484	0.028800000000046566	RippleTimeIntervals					2500.4896000000003	0.45550232720128836		
2503.6600000000003	0.03519999999980428	RippleTimeIntervals					2503.6912	0.2499720770060448		
2504.1416	0.02719999999999345	RippleTimeIntervals					2504.1504	0.7703862611535466		
2507.3352	0.041600000000016735	RippleTimeIntervals					2507.3512	0.571583918641123		
2511.328	0.052000000000134605	RippleTimeIntervals					2511.3720000000003	0.5789252268865267		
2515.9464000000003	0.025599999999940337	RippleTimeIntervals					2515.9552000000003	0.887840178619673		
2516.2400000000002	0.03760000000011132	RippleTimeIntervals					2516.2552	1.0556038533763157		
2528.1400000000003	0.02719999999999345	RippleTimeIntervals					2528.148	1.1427448193718648		
2529.1696	0.021600000000034925	RippleTimeIntervals					2529.1800000000003	1.092398059742732		
2540.3648000000003	0.07039999999960855	RippleTimeIntervals					2540.4272	0.6151615777483725		
2540.688	0.06080000000019936	RippleTimeIntervals					2540.7416000000003	0.5607176461996944		
2543.496	0.03519999999980428	RippleTimeIntervals					2543.5032	0.8360000797844827		
2543.5656	0.02719999999999345	RippleTimeIntervals					2543.5816	0.8384836678681101		
2548.908	0.028800000000046566	RippleTimeIntervals					2548.9128	0.24892137748549245		
2552.1464	0.032000000000152795	RippleTimeIntervals					2552.1672000000003	0.8428058069716535		
2553.0304	0.023999999999887223	RippleTimeIntervals					2553.0408	0.5855890995355435		
2554.4976	0.03999999999996362	RippleTimeIntervals					2554.5064	0.832131506164821		
2561.8160000000003	0.06479999999965003	RippleTimeIntervals					2561.8520000000003	0.9039163515191405		
2562.0048	0.05600000000004002	RippleTimeIntervals					2562.0168000000003	0.7153586386824876		
2562.388	0.068000000000211	RippleTimeIntervals					2562.4328	0.3336583729054859		
2563.9288	0.03360000000020591	RippleTimeIntervals					2563.944	0.6619025281930502		
2565.9232	0.03760000000011132	RippleTimeIntervals					2565.9376	0.8273088315171024		
2566.0536	0.021600000000034925	RippleTimeIntervals					2566.0736	0.26418308634925014		
2566.1408	0.041600000000016735	RippleTimeIntervals					2566.152	0.33975784130957704		
2587.2584	0.03920000000016444	RippleTimeIntervals					2587.2728	0.7772484705324795		
2590.6504	0.03440000000000509	RippleTimeIntervals					2590.6608	1.0078074327238273		
2594.2928	0.025599999999940337	RippleTimeIntervals					2594.3152	0.24169950056285786		
2597.0944	0.025600000000395084	RippleTimeIntervals					2597.1024	0.7459730305065976		
2601.6904	0.021600000000034925	RippleTimeIntervals					2601.6952	0.26268398284914135		
2601.936	0.048800000000028376	RippleTimeIntervals					2601.9544	0.6968395545349526		
2602.8376000000003	0.028800000000046566	RippleTimeIntervals					2602.8456	0.4803112523579109		
2605.1744000000003	0.024799999999686406	RippleTimeIntervals					2605.1944000000003	0.3237130469218433		
2605.26	0.024799999999686406	RippleTimeIntervals					2605.2784	0.37518030647900674		
2607.5536	0.028800000000046566	RippleTimeIntervals					2607.5616	0.42518860528444724		
2607.6312000000003	0.031199999999898864	RippleTimeIntervals					2607.6472000000003	0.5784701459892989		
2607.7632000000003	0.03999999999996362	RippleTimeIntervals					2607.7872	0.39525596249319545		
2619.32	0.08159999999998035	RippleTimeIntervals					2619.3288000000002	0.34726361675275574		
2622.6208	0.03440000000000509	RippleTimeIntervals					2622.6464	0.8483885224395126		
2623.748	0.03360000000020591	RippleTimeIntervals					2623.7656	0.783252407102811		
2623.86	0.04559999999992215	RippleTimeIntervals					2623.8936000000003	0.5506648959525285		
2625.1496	0.03440000000000509	RippleTimeIntervals					2625.176	0.4867395742669105		
2639.7856	0.044800000000122964	RippleTimeIntervals					2639.8008	0.9336419252743692		
2644.1776	0.02320000000008804	RippleTimeIntervals					2644.1832	0.403830997830876		
2645.2488000000003	0.022399999999834108	RippleTimeIntervals					2645.2632000000003	0.47252501347820236		
2645.5424000000003	0.023199999999633292	RippleTimeIntervals					2645.5616	0.3214166252184899		
2648.0240000000003	0.025599999999940337	RippleTimeIntervals					2648.0312000000004	0.33674422648492475		
2648.404	0.03760000000011132	RippleTimeIntervals					2648.4096	0.5525165005297413		
2648.5776	0.042400000000270666	RippleTimeIntervals					2648.5992	0.5534438203411736		
2648.8416	0.027999999999792635	RippleTimeIntervals					2648.8544	0.7049170887905397		
2650.3032000000003	0.030399999999644933	RippleTimeIntervals					2650.3224	0.6429020788558699		
2652.7432000000003	0.024799999999686406	RippleTimeIntervals					2652.7488000000003	0.5552939672701822		
2663.5096000000003	0.027999999999792635	RippleTimeIntervals					2663.5304	0.23742207515243488		
2663.784	0.03760000000011132	RippleTimeIntervals					2663.7960000000003	0.6684866252326203		
2667.1288	0.03920000000016444	RippleTimeIntervals					2667.1544000000004	0.37961432270294476		
2669.6496	0.03440000000000509	RippleTimeIntervals					2669.6632	0.43310021303808016		
2678.3856	0.04320000000006985	RippleTimeIntervals					2678.4216	0.5060283014617059		
2678.6752	0.04320000000006985	RippleTimeIntervals					2678.692	0.46254505764384346		
2679.1664	0.021600000000034925	RippleTimeIntervals					2679.1800000000003	0.33306615069122614		
2683.0	7.0	SleepStates								WAKEstate
2691.0	115.0	SleepStates								NREMstate
2695.0688	0.022400000000288856	RippleTimeIntervals					2695.0840000000003	0.3504367140743083		
2697.6456000000003	0.02639999999973952	RippleTimeIntervals					2697.6648	0.6684748223344159		
2707.1456000000003	0.03679999999985739	RippleTimeIntervals					2707.1776	0.33685931537718017		
2709.6440000000002	0.03279999999995198	RippleTimeIntervals					2709.6688	0.46123630747921623		
2712.6688	0.048800000000028376	RippleTimeIntervals					2712.692	0.5479551779595389		
2712.848	0.02719999999999345	RippleTimeIntervals					2712.856	1.0623984251306462		
2725.7368	0.03040000000009968	RippleTimeIntervals					2725.7416000000003	0.2645557487387045		
2726.2272000000003	0.021600000000034925	RippleTimeIntervals					2726.244	0.3088150749408211		
2726.8776000000003	0.028800000000046566	RippleTimeIntervals					2726.8856	0.8106009503230324		
2727.0232	0.025599999999940337	RippleTimeIntervals					2727.0384	0.8796171753106135		
2727.5840000000003	0.041600000000016735	RippleTimeIntervals					2727.5992	0.8232071551533574		
2727.8584	0.05760000000009313	RippleTimeIntervals					2727.8632000000002	0.43862053957534175		
2728.0048	0.021600000000034925	RippleTimeIntervals					2728.0128	0.45820196299469984		
2728.3992000000003	0.023199999999633292	RippleTimeIntervals					2728.4152	0.658139960940886		
2735.5576	0.02080000000023574	RippleTimeIntervals					2735.5736	0.33162503010586164		
2739.8576000000003	0.02639999999973952	RippleTimeIntervals					2739.8792000000003	0.37695296907684117		
2750.0640000000003	0.02959999999984575	RippleTimeIntervals					2750.0776	0.8662261764439353		
2750.1952	0.051199999999880674	RippleTimeIntervals					2750.2304	0.9012239129260724		
2753.6208	0.032000000000152795	RippleTimeIntervals					2753.632	0.7350459983830169		
2753.7288000000003	0.05199999999967986	RippleTimeIntervals					2753.7384	0.3383762182756275		
2753.8952	0.032000000000152795	RippleTimeIntervals					2753.9120000000003	1.1193946980536418		
2754.4232	0.031199999999898864	RippleTimeIntervals					2754.4344	0.49347543035504166		
2757.6648	0.021600000000034925	RippleTimeIntervals					2757.676	0.5138485356768093		
2757.8456	0.04559999999992215	RippleTimeIntervals					2757.8696	0.6817516446868881		
2758.8552	0.044800000000122964	RippleTimeIntervals					2758.8632000000002	0.5840067674683573		
2759.9176	0.03440000000000509	RippleTimeIntervals					2759.9384	0.6483143793107686		
2760.2048	0.03120000000035361	RippleTimeIntervals					2760.228	0.6795920271820236		
2761.5624000000003	0.020799999999780994	RippleTimeIntervals					2761.576	0.44133135425247705		
2761.7792	0.03999999999996362	RippleTimeIntervals					2761.7944	0.7295600030670596		
2768.0856000000003	0.023999999999887223	RippleTimeIntervals					2768.1048	0.2429044885642139		
2768.1408	0.024800000000141154	RippleTimeIntervals					2768.1528000000003	0.37440610301436117		
2768.4256	0.021600000000034925	RippleTimeIntervals					2768.4344	0.5561615693216196		
2777.6504	0.022400000000288856	RippleTimeIntervals					2777.6592	0.31657225229864355		
2787.3504000000003	0.021600000000034925	RippleTimeIntervals					2787.356	0.38645069175854363		
2787.8704000000002	0.06559999999990396	RippleTimeIntervals					2787.8904	0.46554155248738804		
2807.0	64.0	SleepStates								WAKEstate
2852.4480000000003	0.03199999999969805	RippleTimeIntervals					2852.4608000000003	0.42658480817361955		
2862.3272	0.03600000000005821	RippleTimeIntervals					2862.3592000000003	0.20498197477219768		
2862.5728	0.04080000000021755	RippleTimeIntervals					2862.588	0.973857700516211		
2862.7536	0.05600000000004002	RippleTimeIntervals					2862.7656	0.9116656256520309		
2872.0	78.0	SleepStates								NREMstate
2872.856	0.022399999999834108	RippleTimeIntervals					2872.8736000000004	0.37893020954949364		
2877.5488	0.028000000000247383	RippleTimeIntervals					2877.5696000000003	0.5145565022080396		
2890.8976000000002	0.05760000000009313	RippleTimeIntervals					2890.9288	0.42739415251603		
2896.5856000000003	0.031199999999898864	RippleTimeIntervals					2896.596	0.8636301464107472		
2896.7304	0.04080000000021755	RippleTimeIntervals					2896.7512	0.36285955338697595		
2896.8344	0.02639999999973952	RippleTimeIntervals					2896.8392000000003	0.2684230368200871		
2898.6616000000004	0.023199999999633292	RippleTimeIntervals					2898.6768	0.702037861282511		
2899.056	0.024800000000141154	RippleTimeIntervals					2899.0608	0.6265926922180158		
2899.5576	0.05999999999994543	RippleTimeIntervals					2899.6032	0.6631824853289054		
2902.7976000000003	0.03359999999975116	RippleTimeIntervals					2902.8056	0.5678434051487581		
2903.3728	0.055200000000240834	RippleTimeIntervals					2903.3784	0.6215587016308183		
2903.6704	0.04719999999997526	RippleTimeIntervals					2903.6976	1.0891408212537421		
2904.1584000000003	0.06239999999979773	RippleTimeIntervals					2904.188	0.7275780679972014		
2904.4184	0.028000000000247383	RippleTimeIntervals					2904.4280000000003	0.48928155719632055		
2906.6216	0.025600000000395084	RippleTimeIntervals					2906.6264	0.8359301568561588		
2911.9072	0.0704000000000633	RippleTimeIntervals					2911.9224	0.34722284935612757		
2912.6296	0.05359999999973297	RippleTimeIntervals					2912.6768	0.45991024552840803		
2912.8016000000002	0.02320000000008804	RippleTimeIntervals					2912.8064	0.8750067519325219		
2913.3432000000003	0.040799999999762804	RippleTimeIntervals					2913.356	0.5057808436734175		
2917.8784	0.029600000000300497	RippleTimeIntervals					2917.8872	0.5296216242357323		
2918.076	0.042400000000270666	RippleTimeIntervals					2918.0968000000003	0.8135822952953656		
2920.6384000000003	0.023999999999887223	RippleTimeIntervals					2920.6576	0.30853572009510266		
2939.4064000000003	0.037599999999656575	RippleTimeIntervals					2939.4248000000002	0.721190349341814		
2942.848	0.0543999999999869	RippleTimeIntervals					2942.8656	0.3539242812050344		
2943.1552	0.03360000000020591	RippleTimeIntervals					2943.1752	0.3040500068184912		
2943.5592	0.06559999999990396	RippleTimeIntervals					2943.5648	0.44228693020958443		
2951.0	12.0	SleepStates								WAKEstate
2964.0	159.0	SleepStates								NREMstate
2970.1912	0.03919999999970969	RippleTimeIntervals					2970.2104	1.0290884620906433		
2981.7112	0.04559999999992215	RippleTimeIntervals					2981.7496	0.6758750526156654		
2988.1952	0.04959999999982756	RippleTimeIntervals					2988.2048	0.7992783422396151		
2988.3232000000003	0.028800000000046566	RippleTimeIntervals					2988.3392000000003	0.44069060590321263		
2995.5216	0.03040000000009968	RippleTimeIntervals					2995.5344	0.30573652005556035		
3009.7464	0.03760000000011132	RippleTimeIntervals					3009.7792	0.481705045579959		
3009.8936000000003	0.03519999999980428	RippleTimeIntervals					3009.9064000000003	0.9128775053033475		
3010.9080000000004	0.021599999999580177	RippleTimeIntervals					3010.9224	0.248225468646713		
3010.9728	0.07439999999996871	RippleTimeIntervals					3010.9952000000003	0.8325148566702784		
3011.1024	0.0727999999999156	RippleTimeIntervals					3011.1264	0.8015791885510948		
3011.7488000000003	0.03919999999970969	RippleTimeIntervals					3011.7632000000003	0.763610372392536		
3012.1600000000003	0.058399999999892316	RippleTimeIntervals					3012.1728000000003	0.5380208350997066		
3013.1704	0.03279999999995198	RippleTimeIntervals					3013.1816000000003	0.6383804822504131		
3013.7008	0.02320000000008804	RippleTimeIntervals					3013.7104	0.5516016720924942		
3013.8376000000003	0.025599999999940337	RippleTimeIntervals					3013.8576000000003	0.35205557767865836		
3020.2696	0.023999999999887223	RippleTimeIntervals					3020.2816000000003	0.47613125424950503		
3032.848	0.02080000000023574	RippleTimeIntervals					3032.8568	0.6331897621786458		
3035.0640000000003	0.02959999999984575	RippleTimeIntervals					3035.0808	0.5826582396006666		
3040.6528000000003	0.04320000000006985	RippleTimeIntervals					3040.6792	0.5134646420885824		
3040.7976000000003	0.03519999999980428	RippleTimeIntervals					3040.8184	0.6190846364685079		
3042.1712	0.041600000000016735	RippleTimeIntervals					3042.1928000000003	0.9996501010312976		
3042.3224	0.028000000000247383	RippleTimeIntervals					3042.3312	0.9687966297562736		
3042.4744	0.028800000000046566	RippleTimeIntervals					3042.48	0.4523254416959969		
3043.636	0.02400000000034197	RippleTimeIntervals					3043.652	0.5613600717688122		
3051.4576	0.038399999999910506	RippleTimeIntervals					3051.4880000000003	0.38831080582829064		
3052.0072	0.02400000000034197	RippleTimeIntervals					3052.0152000000003	0.9427980079747778		
3061.4632	0.05279999999993379	RippleTimeIntervals					3061.4888	0.5240528703704787		
3061.5424000000003	0.0543999999999869	RippleTimeIntervals					3061.568	0.853993513718376		
3064.8368	0.02320000000008804	RippleTimeIntervals					3064.8528	0.3063255883427974		
3065.5240000000003	0.03279999999995198	RippleTimeIntervals					3065.5504	0.2833237432116017		
3078.1544000000004	0.023999999999887223	RippleTimeIntervals					3078.1664	0.2138136786816351		
3078.6200000000003	0.03359999999975116	RippleTimeIntervals					3078.6344000000004	0.80609629854365		
3080.5496000000003	0.03679999999985739	RippleTimeIntervals					3080.5616	0.5906930546349156		
3080.7208	0.024800000000141154	RippleTimeIntervals					3080.732	0.7740188856240596		
3080.8864000000003	0.0567999999998392	RippleTimeIntervals					3080.8920000000003	0.5695468292720236		
3092.5352000000003	0.05199999999967986	RippleTimeIntervals					3092.5712000000003	0.7320558069299422		
3093.6656000000003	0.03919999999970969	RippleTimeIntervals					3093.6768	1.1103804751094393		
3094.848	0.025600000000395084	RippleTimeIntervals					3094.8568	0.3857677065368066		
3094.9568	0.020000000000436557	RippleTimeIntervals					3094.9656	0.34148279231534007		
3098.86	0.06239999999979773	RippleTimeIntervals					3098.8976000000002	0.4794300658908862		
3113.324	0.028000000000247383	RippleTimeIntervals					3113.3368	0.4413781546804267		
3113.3912	0.048800000000028376	RippleTimeIntervals					3113.4184	0.8347244541643873		
3114.5608	0.06320000000005166	RippleTimeIntervals					3114.5944	0.355344507487505		
3115.072	0.03360000000020591	RippleTimeIntervals					3115.1008	0.7628964315661974		
3115.2144000000003	0.03519999999980428	RippleTimeIntervals					3115.228	0.5962258259688321		
3115.5280000000002	0.03760000000011132	RippleTimeIntervals					3115.5464	0.35256735138336076		
3118.8048000000003	0.03679999999985739	RippleTimeIntervals					3118.8176000000003	0.36597845314818245		
3118.9824000000003	0.020799999999780994	RippleTimeIntervals					3118.9904	0.3062625150803312		
3120.4888	0.023999999999887223	RippleTimeIntervals					3120.5048	1.1639868505147655		
3124.0	233.0	SleepStates								WAKEstate
3159.5008000000003	0.031199999999898864	RippleTimeIntervals					3159.5256	0.39952969753708567		
3162.9304	0.020799999999780994	RippleTimeIntervals					3162.9384	0.35398588571232725		
3163.3528	0.041600000000016735	RippleTimeIntervals					3163.376	0.9581414544538961		
3163.5040000000004	0.04719999999997526	RippleTimeIntervals					3163.5280000000002	1.0897233935803319		
3177.1336	0.028000000000247383	RippleTimeIntervals					3177.1568	0.4395337422125955		
3192.4168	0.024800000000141154	RippleTimeIntervals					3192.4352000000003	2.3993685504583833		
3224.4552000000003	0.047999999999774445	RippleTimeIntervals					3224.4672	0.3755959011186434		
3234.072	0.038399999999910506	RippleTimeIntervals					3234.1016	0.5180279383158031		
3244.0472	0.0543999999999869	RippleTimeIntervals					3244.0696000000003	0.22966633250468382		
3251.4264000000003	0.05279999999993379	RippleTimeIntervals					3251.4352000000003	0.35754683239443874		
3255.9592000000002	0.023999999999887223	RippleTimeIntervals					3255.964	0.22532116938820163		
3258.54	0.021600000000034925	RippleTimeIntervals					3258.5568000000003	0.2891609498992466		
3289.076	0.026400000000194268	RippleTimeIntervals					3289.0984000000003	0.4909193761505383		
3323.7368	0.051199999999880674	RippleTimeIntervals					3323.7584	1.1903482921199726		
3326.8360000000002	0.027999999999792635	RippleTimeIntervals					3326.844	0.2362599951229402		
3351.3568	0.06080000000019936	RippleTimeIntervals					3351.3624	0.42191850967946687		
3358.0	29.0	SleepStates								NREMstate
3359.5328	0.026400000000194268	RippleTimeIntervals					3359.5376	0.4527563101699215		
3360.7472000000002	0.023999999999887223	RippleTimeIntervals					3360.7512	0.5463006615905994		
3367.2456	0.03040000000009968	RippleTimeIntervals					3367.268	0.46822176336372723		
3373.2368	0.026400000000194268	RippleTimeIntervals					3373.2464	0.3128774678962491		
3376.4448	0.020799999999780994	RippleTimeIntervals					3376.4480000000003	0.32675545901083036		
3377.5048	0.05279999999993379	RippleTimeIntervals					3377.5168000000003	0.22336855025249733		
3378.0256	0.03120000000035361	RippleTimeIntervals					3378.04	1.2653196948622665		
3388.0	44.0	SleepStates								WAKEstate
3388.4704	0.03440000000000509	RippleTimeIntervals					3388.4928	1.2165687153608347		
3388.6152	0.031199999999898864	RippleTimeIntervals					3388.6352	0.9934443223703003		
3390.1928000000003	0.03440000000000509	RippleTimeIntervals					3390.2192	0.3623640195059244		
3398.1728000000003	0.022399999999834108	RippleTimeIntervals					3398.1888000000004	0.2987095411427143		
3433.0	233.0	SleepStates								NREMstate
3433.1856000000002	0.022399999999834108	RippleTimeIntervals					3433.1976	0.46512117310287593		
3441.7664	0.03360000000020591	RippleTimeIntervals					3441.7848000000004	0.5013091692318704		
3442.0064	0.03279999999995198	RippleTimeIntervals					3442.0264	0.7838477529542919		
3444.3216	0.028800000000046566	RippleTimeIntervals					3444.3416	0.47577703605072585		
3445.4896000000003	0.07839999999987413	RippleTimeIntervals					3445.5096000000003	0.4251054103802397		
3446.2704000000003	0.07600000000002183	RippleTimeIntervals					3446.3152	0.5973087490856994		
3446.416	0.04080000000021755	RippleTimeIntervals					3446.4344	0.5960520705006899		
3446.8232000000003	0.02320000000008804	RippleTimeIntervals					3446.8424	0.337054729694392		
3446.9656	0.028800000000046566	RippleTimeIntervals					3446.9832	0.8016429687517818		
3454.856	0.02719999999999345	RippleTimeIntervals					3454.8768	0.5284085898164252		
3465.2776000000003	0.025599999999940337	RippleTimeIntervals					3465.2960000000003	0.4327821091118261		
3465.6616000000004	0.025599999999940337	RippleTimeIntervals					3465.6744000000003	0.48364601776100163		
3466.3832	0.025599999999940337	RippleTimeIntervals					3466.3984	0.6009098149873922		
3470.2176	0.03920000000016444	RippleTimeIntervals					3470.2216000000003	0.2472484985023487		
3471.4552000000003	0.02639999999973952	RippleTimeIntervals					3471.4688	0.6494913079909087		
3476.9880000000003	0.037599999999656575	RippleTimeIntervals					3476.9992	1.4197502992681286		
3477.6472	0.14640000000008513	UpDownStatesTimeIntervals							UP	
3479.9680000000003	0.03919999999970969	RippleTimeIntervals					3480.0	0.6667782328515269		
3480.6624	0.028800000000046566	RippleTimeIntervals					3480.6712	0.48859068109557086		
3482.4176	0.024800000000141154	RippleTimeIntervals					3482.4264000000003	0.4111738714862766		
3485.1600000000003	0.03919999999970969	RippleTimeIntervals					3485.1712	0.6905877863128831		
3486.28	0.03760000000011132	RippleTimeIntervals					3486.2992000000004	0.8192014510418771		
3488.6312000000003	0.025599999999940337	RippleTimeIntervals					3488.6392	0.492184830941288		
3494.4032	0.021600000000034925	RippleTimeIntervals					3494.4136000000003	0.3707494463296732		
3497.8688	0.03279999999995198	RippleTimeIntervals					3497.884	0.6405018566790973		
3500.3536000000004	0.030399999999644933	RippleTimeIntervals					3500.364	0.7698262666948943		
3500.704	0.03999999999996362	RippleTimeIntervals					3500.7328	0.3844009830801425		
3500.7976000000003	0.031199999999898864	RippleTimeIntervals					3500.8056	0.6050035504537032		
3515.6968	0.025599999999940337	RippleTimeIntervals					3515.7024	0.40201426341441104		
3518.5896000000002	0.031199999999898864	RippleTimeIntervals					3518.6024	0.5342495886110719		
3518.8112	0.028000000000247383	RippleTimeIntervals					3518.8320000000003	0.49270409097272355		
3519.1608	0.035200000000259024	RippleTimeIntervals					3519.1736	0.4877305802166441		
3519.9424000000004	0.031199999999898864	RippleTimeIntervals					3519.96	0.7813419858384991		
3520.7696	0.022400000000288856	RippleTimeIntervals					3520.784	0.5880715142343187		
3522.5104	0.04559999999992215	RippleTimeIntervals					3522.5152000000003	0.3083612215455837		
3540.6432	0.022400000000288856	RippleTimeIntervals					3540.652	1.0401685589107659		
3550.3856	0.022400000000288856	RippleTimeIntervals					3550.3944	0.3063104619884404		
3550.8160000000003	0.031199999999898864	RippleTimeIntervals					3550.8232000000003	0.6846322970090779		
3570.7568	0.022399999999834108	RippleTimeIntervals					3570.7648000000004	0.8378980380060754		
3576.3856	0.07680000000027576	RippleTimeIntervals					3576.4344	0.4579486068214367		
3577.1032	0.03440000000000509	RippleTimeIntervals					3577.1304	0.2940140077112652		
3577.2696	0.03040000000009968	RippleTimeIntervals					3577.2816000000003	0.6255742264815365		
3578.0896000000002	0.040799999999762804	RippleTimeIntervals					3578.1096000000002	0.5881720702295556		
3580.4088	0.05360000000018772	RippleTimeIntervals					3580.4408000000003	0.6590307707770604		
3586.3504000000003	0.03760000000011132	RippleTimeIntervals					3586.3728	1.0932076312689787		
3586.8	0.026400000000194268	RippleTimeIntervals					3586.8152	0.39196569532282505		
3587.6040000000003	0.03760000000011132	RippleTimeIntervals					3587.6136	0.4930152578539652		
3588.6496	0.027999999999792635	RippleTimeIntervals					3588.6736	0.3873077355084287		
3590.1024	0.048800000000028376	RippleTimeIntervals					3590.108	0.4108584734029486		
3590.7896	0.04080000000021755	RippleTimeIntervals					3590.8224	0.47509598555472016		
3590.864	0.044800000000122964	RippleTimeIntervals					3590.9016	0.3056258923622977		
3596.6792	0.02320000000008804	RippleTimeIntervals					3596.6872000000003	0.7811920982911639		
3599.9640000000004	0.023199999999633292	RippleTimeIntervals					3599.9736000000003	0.5654774924289501		
3602.0488	0.03040000000009968	RippleTimeIntervals					3602.06	0.3252250097135619		
3602.4768000000004	0.022399999999834108	RippleTimeIntervals					3602.4816	0.3213111839600032		
3607.0952	0.025599999999940337	RippleTimeIntervals					3607.1040000000003	0.8003533607325414		
3608.0144	0.024800000000141154	RippleTimeIntervals					3608.0256000000004	0.9474226546503415		
3610.4032	0.03519999999980428	RippleTimeIntervals					3610.4112	0.6057550699902544		
3610.7496	0.02959999999984575	RippleTimeIntervals					3610.7568	0.4157416399527387		
3611.0840000000003	0.020799999999780994	RippleTimeIntervals					3611.0968000000003	0.4583065178168313		
3612.3472	0.023999999999887223	RippleTimeIntervals					3612.364	0.3936250246898496		
3612.5064	0.03359999999975116	RippleTimeIntervals					3612.5184000000004	0.6894674727184508		
3612.8656	0.038399999999910506	RippleTimeIntervals					3612.8888	0.7204333262055748		
3613.5352000000003	0.041600000000016735	RippleTimeIntervals					3613.5640000000003	0.5629659346399394		
3614.0424000000003	0.03440000000000509	RippleTimeIntervals					3614.0608	0.4543150776536721		
3615.6440000000002	0.028800000000046566	RippleTimeIntervals					3615.6536	0.6998040431620083		
3616.0104	0.03360000000020591	RippleTimeIntervals					3616.0368000000003	0.23429251640398335		
3616.664	0.02320000000008804	RippleTimeIntervals					3616.6728000000003	0.3241664341019768		
3633.3872	0.04399999999986903	RippleTimeIntervals					3633.3928	0.33913120784691414		
3634.0416	0.04640000000017608	RippleTimeIntervals					3634.0544	0.3792145000306286		
3634.1872000000003	0.038399999999910506	RippleTimeIntervals					3634.2016000000003	0.6809741448082322		
3637.9008000000003	0.031199999999898864	RippleTimeIntervals					3637.9112	0.6713286022960581		
3667.0	7.0	SleepStates								WAKEstate
3673.0496000000003	0.02719999999999345	RippleTimeIntervals					3673.0552000000002	0.4209860296430847		
3675.0	507.0	SleepStates								NREMstate
3677.4984000000004	0.04239999999981592	RippleTimeIntervals					3677.5096000000003	0.529276826120911		
3679.0176	0.024800000000141154	RippleTimeIntervals					3679.0224000000003	0.25569845760746074		
3684.1960000000004	0.03999999999996362	RippleTimeIntervals					3684.2152	0.6532913824659522		
3684.5976	0.04640000000017608	RippleTimeIntervals					3684.6288	0.6444741019137324		
3692.3936000000003	0.02719999999999345	RippleTimeIntervals					3692.4016	0.7394700323613678		
3693.5344	0.024800000000141154	RippleTimeIntervals					3693.5424000000003	0.9819176544590404		
3695.6248	0.03360000000020591	RippleTimeIntervals					3695.6304	0.6541576084588805		
3703.9616	0.031199999999898864	RippleTimeIntervals					3703.9696000000004	0.5734349860588214		
3705.1576	0.03360000000020591	RippleTimeIntervals					3705.1800000000003	0.28530859146868776		
3710.2048	0.03360000000020591	RippleTimeIntervals					3710.2304000000004	0.5849287514583761		
3718.3896	0.03360000000020591	RippleTimeIntervals					3718.3976000000002	1.0151478235987017		
3718.6176	0.04320000000006985	RippleTimeIntervals					3718.6264	0.39438217796660885		
3720.076	0.028800000000046566	RippleTimeIntervals					3720.0840000000003	0.44090443145874975		
3720.2104000000004	0.022399999999834108	RippleTimeIntervals					3720.2200000000003	0.30735846801825034		
3720.5728000000004	0.0591999999996915	RippleTimeIntervals					3720.6088	0.6274690616628266		
3720.9864000000002	0.05519999999978609	RippleTimeIntervals					3721.0336	0.5635370412001499		
3721.9840000000004	0.02639999999973952	RippleTimeIntervals					3721.992	0.643001243342861		
3728.6024	0.02719999999999345	RippleTimeIntervals					3728.6232	0.30216190410218285		
3729.3192000000004	0.03519999999980428	RippleTimeIntervals					3729.3272	0.28693878970770875		
3732.3528	0.02719999999999345	RippleTimeIntervals					3732.3616	0.9008756340097168		
3733.0	0.03120000000035361	RippleTimeIntervals					3733.0056	0.5037232755580319		
3738.9544	0.0543999999999869	RippleTimeIntervals					3738.9672	0.4614326166352085		
3739.4048000000003	0.024800000000141154	RippleTimeIntervals					3739.4192000000003	0.655696480697341		
3739.9624000000003	0.031199999999898864	RippleTimeIntervals					3739.9672	0.44035646719857807		
3740.3920000000003	0.061599999999998545	RippleTimeIntervals					3740.4248000000002	0.3136572474382246		
3749.8072	0.02719999999999345	RippleTimeIntervals					3749.8264000000004	0.8695505272608313		
3758.9472	0.024800000000141154	RippleTimeIntervals					3758.9680000000003	0.24994808643914357		
3759.4728	0.02400000000034197	RippleTimeIntervals					3759.4904	0.22424733108878658		
3761.1648	0.055200000000240834	RippleTimeIntervals					3761.1968	0.5325421364295889		
3761.784	0.026400000000194268	RippleTimeIntervals					3761.7992000000004	0.8922542659442136		
3763.9320000000002	0.03999999999996362	RippleTimeIntervals					3763.9616	0.6630443058102397		
3764.9880000000003	0.03440000000000509	RippleTimeIntervals					3765.0	0.5483020583445771		
3767.4504	0.06480000000010477	RippleTimeIntervals					3767.4712	0.6676331933202165		
3769.248	0.03360000000020591	RippleTimeIntervals					3769.2568	0.4656350342677706		
3773.0296000000003	0.020799999999780994	RippleTimeIntervals					3773.0432	0.4411840710651272		
3780.3808000000004	0.038399999999910506	RippleTimeIntervals					3780.4128	0.4883338186942464		
3786.3992000000003	0.06639999999970314	RippleTimeIntervals					3786.4424000000004	0.41495427949745545		
3790.2400000000002	0.02719999999999345	RippleTimeIntervals					3790.2512	0.43717626219959693		
3793.0048	0.15439999999989595	UpDownStatesTimeIntervals							UP	
3814.7952	0.024800000000141154	RippleTimeIntervals					3814.8152	0.5593581811072771		
3818.4272	0.044800000000122964	RippleTimeIntervals					3818.4616	0.98662016653709		
3828.068	0.026400000000194268	RippleTimeIntervals					3828.0864	0.7880609154360867		
3828.6960000000004	0.030399999999644933	RippleTimeIntervals					3828.7176000000004	0.30075297366895765		
3828.9992	0.02719999999999345	RippleTimeIntervals					3829.0192	0.39333977634614076		
3844.9128	0.022400000000288856	RippleTimeIntervals					3844.9280000000003	0.4233707419213086		
3845.0240000000003	0.04959999999982756	RippleTimeIntervals					3845.0408	0.4137917621431086		
3845.3448000000003	0.05760000000009313	RippleTimeIntervals					3845.36	0.4051121663502314		
3845.4576	0.03600000000005821	RippleTimeIntervals					3845.472	0.629403979475294		
3845.5904	0.022400000000288856	RippleTimeIntervals					3845.6056000000003	0.5037895538466749		
3846.8568	0.04400000000032378	RippleTimeIntervals					3846.8648000000003	0.8202653735631831		
3847.1496	0.022399999999834108	RippleTimeIntervals					3847.1608	0.45360194146543725		
3851.9888	0.03360000000020591	RippleTimeIntervals					3852.0072	0.25867089130138293		
3854.6856000000002	0.020799999999780994	RippleTimeIntervals					3854.6912	0.4272594325240694		
3854.7960000000003	0.03919999999970969	RippleTimeIntervals					3854.8048000000003	0.2408978577123491		
3855.1656000000003	0.025599999999940337	RippleTimeIntervals					3855.1856000000002	0.6321581257260767		
3856.7288000000003	0.07919999999967331	RippleTimeIntervals					3856.7392	0.7514383284567447		
3863.2064	0.05999999999994543	RippleTimeIntervals					3863.2400000000002	0.5865963536839686		
3863.6008	0.02320000000008804	RippleTimeIntervals					3863.6088	0.7730456722121947		
3873.5904	0.035200000000259024	RippleTimeIntervals					3873.5992	0.26392430152412166		
3885.0728000000004	0.03679999999985739	RippleTimeIntervals					3885.0984000000003	0.2637555981910183		
3896.8264000000004	0.02879999999959182	RippleTimeIntervals					3896.844	0.5128726801885		
3896.9568000000004	0.02639999999973952	RippleTimeIntervals					3896.9624000000003	0.3550853012217703		
3900.1184000000003	0.02639999999973952	RippleTimeIntervals					3900.1368	0.8580723999955555		
3900.7728	0.03519999999980428	RippleTimeIntervals					3900.7952	0.8173212957860707		
3911.3736000000004	0.03919999999970969	RippleTimeIntervals					3911.3784	0.4459289424786582		
3911.5344	0.042400000000270666	RippleTimeIntervals					3911.5392	0.3376322536235612		
3911.788	0.025600000000395084	RippleTimeIntervals					3911.8	0.4336779758554135		
3914.108	0.024800000000141154	RippleTimeIntervals					3914.1192	0.44862720710471937		
3914.2296	0.04960000000028231	RippleTimeIntervals					3914.2704000000003	0.30898964406206786		
3918.2200000000003	0.020799999999780994	RippleTimeIntervals					3918.2336	0.865483298125714		
3918.4336000000003	0.03679999999985739	RippleTimeIntervals					3918.4584	0.437015257468703		
3918.7048	0.026400000000194268	RippleTimeIntervals					3918.7184	0.29533209432060115		
3919.1144000000004	0.03199999999969805	RippleTimeIntervals					3919.136	0.42837489428202086		
3919.5264	0.03600000000005821	RippleTimeIntervals					3919.5464	0.4049654577671926		
3919.6232	0.035200000000259024	RippleTimeIntervals					3919.6376	0.7417994695251847		
3920.5976	0.022400000000288856	RippleTimeIntervals					3920.612	0.5599788622846823		
3920.6944000000003	0.037599999999656575	RippleTimeIntervals					3920.7024	0.32213941976228333		
3920.8344	0.027999999999792635	RippleTimeIntervals					3920.8432000000003	1.1152975898755975		
3921.536	0.04640000000017608	RippleTimeIntervals					3921.5536	0.38631084457776654		
3929.7624	0.044800000000122964	RippleTimeIntervals					3929.7808	0.43351637492142875		
3930.4896000000003	0.041600000000016735	RippleTimeIntervals					3930.5248	0.33707378218950035		
3938.6104	0.022400000000288856	RippleTimeIntervals					3938.6248	0.4773662072703525		
3940.1112000000003	0.02719999999999345	RippleTimeIntervals					3940.1264	0.3274010810299103		
3947.1200000000003	0.04239999999981592	RippleTimeIntervals					3947.1576	0.27142546891318675		
3953.5336	0.06880000000001019	RippleTimeIntervals					3953.5952	0.331980096720749		
3961.0696000000003	0.021600000000034925	RippleTimeIntervals					3961.0872000000004	0.22183957212849348		
3969.28	0.0543999999999869	RippleTimeIntervals					3969.2976000000003	0.5171418700276371		
3969.6040000000003	0.02959999999984575	RippleTimeIntervals					3969.6224	0.7814669023985187		
3971.0144	0.03120000000035361	RippleTimeIntervals					3971.0184000000004	0.2003415953554351		
3972.4120000000003	0.06320000000005166	RippleTimeIntervals					3972.4248000000002	0.23210217365999775		
3972.6296	0.03040000000009968	RippleTimeIntervals					3972.6408	0.7395427379593134		
3972.7208	0.024800000000141154	RippleTimeIntervals					3972.7368	0.45445422070155617		
3972.9088	0.04239999999981592	RippleTimeIntervals					3972.9392000000003	1.2530968330639118		
3973.6216000000004	0.02639999999973952	RippleTimeIntervals					3973.6328000000003	0.7447428165638668		
3975.4536000000003	0.021600000000034925	RippleTimeIntervals					3975.4584	0.31844701484660587		
3976.0240000000003	0.028800000000046566	RippleTimeIntervals					3976.0464	0.450190522079419		
3983.2064	0.1408000000001266	UpDownStatesTimeIntervals							UP	
3985.6232	0.03360000000020591	RippleTimeIntervals					3985.6272000000004	0.24758190570152563		
3990.0568000000003	0.03040000000009968	RippleTimeIntervals					3990.0752	0.6367329703409311		
3991.8384	0.02080000000023574	RippleTimeIntervals					3991.8456	0.8127569899056722		
3992.8552	0.025600000000395084	RippleTimeIntervals					3992.8680000000004	0.33249346866214813		
3993.2352	0.023999999999887223	RippleTimeIntervals					3993.2552	0.2563412885445634		
4004.188	0.028000000000247383	RippleTimeIntervals					4004.1968	0.391943722548215		
4005.3272	0.03440000000000509	RippleTimeIntervals					4005.3376000000003	0.5443774747556794		
4005.6192	0.026400000000194268	RippleTimeIntervals					4005.6328000000003	0.5700773213678869		
4015.6232	0.02080000000023574	RippleTimeIntervals					4015.6272000000004	0.36474998308493656		
4031.476	0.021600000000034925	RippleTimeIntervals					4031.4808000000003	0.23095716995639795		
4033.1744000000003	0.02639999999973952	RippleTimeIntervals					4033.1832000000004	0.5023779491420588		
4043.364	0.07920000000012806	RippleTimeIntervals					4043.376	0.7936015972088589		
4044.1544000000004	0.03600000000005821	RippleTimeIntervals					4044.1728000000003	0.5378448156135277		
4044.4696000000004	0.03600000000005821	RippleTimeIntervals					4044.4768000000004	0.456030908882754		
4045.0056000000004	0.02879999999959182	RippleTimeIntervals					4045.0144	0.47442647587899267		
4045.2112	0.03279999999995198	RippleTimeIntervals					4045.224	0.6152631595605972		
4046.8952	0.14240000000017972	UpDownStatesTimeIntervals							UP	
4050.924	0.026400000000194268	RippleTimeIntervals					4050.9368000000004	0.4078891640579119		
4052.0456000000004	0.02719999999999345	RippleTimeIntervals					4052.0608	0.2668911173185957		
4060.8008	0.045600000000376895	RippleTimeIntervals					4060.8104000000003	0.9276487937836398		
4061.5232	0.026400000000194268	RippleTimeIntervals					4061.5432	0.425376060277711		
4063.2432000000003	0.03279999999995198	RippleTimeIntervals					4063.2488000000003	0.22070161663320043		
4068.5984000000003	0.03999999999996362	RippleTimeIntervals					4068.6144000000004	0.5407821919558596		
4068.7784	0.02959999999984575	RippleTimeIntervals					4068.7912	0.3733531963289897		
4069.1824	0.03999999999996362	RippleTimeIntervals					4069.2184	0.2912714421665096		
4069.864	0.022400000000288856	RippleTimeIntervals					4069.8824000000004	0.4085639460832141		
4070.1584000000003	0.032000000000152795	RippleTimeIntervals					4070.1800000000003	0.5387396216490888		
4070.3024	0.02400000000034197	RippleTimeIntervals					4070.3072	0.3673530558897167		
4081.7288000000003	0.03999999999996362	RippleTimeIntervals					4081.744	1.1046594392087081		
4083.8712	0.028000000000247383	RippleTimeIntervals					4083.8768	0.5447715505900285		
4084.4416	0.03760000000011132	RippleTimeIntervals					4084.456	0.5358953112957353		
4086.5232	0.04640000000017608	RippleTimeIntervals					4086.5368000000003	0.6252243853831732		
4086.5896000000002	0.03040000000009968	RippleTimeIntervals					4086.6128000000003	0.30242276389341577		
4089.6224	0.03679999999985739	RippleTimeIntervals					4089.6272000000004	0.2665611231756064		
4092.1208	0.026400000000194268	RippleTimeIntervals					4092.1288000000004	0.7675875207359443		
4095.6296	0.024800000000141154	RippleTimeIntervals					4095.6416000000004	0.9253547776062154		
4105.4384	0.021600000000034925	RippleTimeIntervals					4105.4528	0.49469114489870786		
4108.1376	0.022399999999834108	RippleTimeIntervals					4108.1464000000005	0.27457356874709143		
4112.443200000001	0.031199999999444117	RippleTimeIntervals					4112.4632	0.6871804635976654		
4117.5704000000005	0.053599999999278225	RippleTimeIntervals					4117.5960000000005	0.6136614254898576		
4117.76	0.028800000000046566	RippleTimeIntervals					4117.765600000001	0.5680743646222529		
4117.848	0.042400000000270666	RippleTimeIntervals					4117.8704	0.3987382572983944		
4119.0032	0.028000000000247383	RippleTimeIntervals					4119.0272	0.2508402217283677		
4137.2872	0.020000000000436557	RippleTimeIntervals					4137.296	0.7220719541640521		
4141.1192	0.03440000000045984	RippleTimeIntervals					4141.128000000001	0.915540207180822		
4141.2624000000005	0.03279999999995198	RippleTimeIntervals					4141.28	0.346476800666282		
4141.5496	0.037599999999656575	RippleTimeIntervals					4141.576	0.41889155356255975		
4143.1584	0.03279999999995198	RippleTimeIntervals					4143.176	0.46989814189374957		
4152.504800000001	0.02879999999913707	RippleTimeIntervals					4152.5168	0.3225625829031589		
4163.5064	0.04640000000017608	RippleTimeIntervals					4163.5256	0.6052185179759114		
4183.0	13.0	SleepStates								WAKEstate
4197.0	165.0	SleepStates								NREMstate
4201.4632	0.032000000000152795	RippleTimeIntervals					4201.4784	0.8656849895505992		
4205.888800000001	0.037599999999656575	RippleTimeIntervals					4205.9008	1.1015789095866046		
4210.348	0.04960000000028231	RippleTimeIntervals					4210.3904	0.3043041181460733		
4214.1456	0.05680000000029395	RippleTimeIntervals					4214.1544	0.5524860795492792		
4214.9248	0.035200000000259024	RippleTimeIntervals					4214.9488	0.8300622001481479		
4215.0984	0.03760000000056607	RippleTimeIntervals					4215.1128	0.8273339054458356		
4220.0424	0.032000000000152795	RippleTimeIntervals					4220.0472	0.2582688540369724		
4223.0552	0.026400000000649015	RippleTimeIntervals					4223.0648	0.3312471949853307		
4225.6368	0.06720000000041182	RippleTimeIntervals					4225.6568	0.5242147937053734		
4226.24	0.03280000000086147	RippleTimeIntervals					4226.2544	0.45215892853367473		
4227.3	0.030399999999644933	RippleTimeIntervals					4227.3088	1.247753667683863		
4230.02	0.05279999999947904	RippleTimeIntervals					4230.0656	0.3372989799799818		
4237.6224	0.061599999999998545	RippleTimeIntervals					4237.6632	1.0178377264350658		
4245.5832	0.022399999999834108	RippleTimeIntervals					4245.5912	0.2754156283920392		
4246.5344000000005	0.06639999999970314	RippleTimeIntervals					4246.5576	0.6688219704447389		
4249.4184000000005	0.03519999999934953	RippleTimeIntervals					4249.428	0.48583310927576856		
4250.0904	0.022399999999834108	RippleTimeIntervals					4250.1056	0.4750980937483989		
4253.3304	0.042400000000270666	RippleTimeIntervals					4253.3544	0.7520288991316131		
4253.8664	0.1639999999997599	UpDownStatesTimeIntervals							UP	
4254.1	0.37119999999958964	UpDownStatesTimeIntervals							DOWN	
4262.508	0.03279999999995198	RippleTimeIntervals					4262.5128	0.649442963626094		
4264.2832	0.06000000000040018	RippleTimeIntervals					4264.327200000001	0.41367823629874434		
4264.599200000001	0.040799999999762804	RippleTimeIntervals					4264.6112	0.3345316209439225		
4267.1304	0.040799999999762804	RippleTimeIntervals					4267.14	0.2988400361211883		
4279.4848	0.03600000000005821	RippleTimeIntervals					4279.4936	0.46980591844606767		
4279.653600000001	0.03519999999934953	RippleTimeIntervals					4279.675200000001	1.4967528224561921		
4282.4408	0.024800000000141154	RippleTimeIntervals					4282.4448	0.22488101822784132		
4282.5032	0.030399999999644933	RippleTimeIntervals					4282.5112	0.8289012007134806		
4282.5792	0.03999999999996362	RippleTimeIntervals					4282.5904	0.4726028548296375		
4283.9400000000005	0.03999999999996362	RippleTimeIntervals					4283.9616000000005	0.9292317776528942		
4284.3072	0.08399999999983265	RippleTimeIntervals					4284.3608	0.666291329277055		
4287.536	0.03999999999996362	RippleTimeIntervals					4287.5488000000005	0.4204931633964915		
4287.6392000000005	0.03839999999945576	RippleTimeIntervals					4287.648	0.7085967864636489		
4287.7936	0.028000000000247383	RippleTimeIntervals					4287.804	1.0868430636735353		
4288.2384	0.044799999999668216	RippleTimeIntervals					4288.272	0.3143369103333428		
4294.62	0.06559999999990396	RippleTimeIntervals					4294.6408	0.7405026028657454		
4297.5608	0.04320000000006985	RippleTimeIntervals					4297.6	0.20035621932163386		
4298.3768	0.051199999999880674	RippleTimeIntervals					4298.3928000000005	0.44123340137717354		
4298.6072	0.0455999999994674	RippleTimeIntervals					4298.613600000001	0.36032404566645215		
4310.9872000000005	0.027199999999538704	RippleTimeIntervals					4310.992	0.23522612579240995		
4312.620800000001	0.022399999999834108	RippleTimeIntervals					4312.6264	0.207908533649262		
4312.715200000001	0.03279999999995198	RippleTimeIntervals					4312.728	0.6503432025808964		
4314.9264	0.03679999999985739	RippleTimeIntervals					4314.928	0.2133450200123389		
4315.536	0.051199999999880674	RippleTimeIntervals					4315.5792	0.7704400724369813		
4318.3096000000005	0.037599999999656575	RippleTimeIntervals					4318.3144	0.20011974447929126		
4321.5168	0.028800000000046566	RippleTimeIntervals					4321.5296	0.5023806025245714		
4322.4408	0.02080000000023574	RippleTimeIntervals					4322.4552	0.24026485038712703		
4323.0104	0.021600000000034925	RippleTimeIntervals					4323.019200000001	0.2514342277631887		
4323.2528	0.028800000000046566	RippleTimeIntervals					4323.2576	0.5274917697327182		
4324.448	0.023199999999633292	RippleTimeIntervals					4324.4632	0.493210638482178		
4334.736800000001	0.028800000000046566	RippleTimeIntervals					4334.7448	0.3742799226039717		
4335.407200000001	0.023999999999432475	RippleTimeIntervals					4335.4152	0.37142881170404235		
4338.292	0.023199999999633292	RippleTimeIntervals					4338.2968	0.44266569452605187		
4345.6392000000005	0.04879999999957363	RippleTimeIntervals					4345.660800000001	0.6600672070782145		
4346.6944	0.051199999999880674	RippleTimeIntervals					4346.7080000000005	0.43974907362803717		
4346.8704	0.026400000000649015	RippleTimeIntervals					4346.888800000001	0.8415477655319117		
4352.4264	0.07840000000032887	RippleTimeIntervals					4352.4968	0.4833828085304767		
4363.0	13.0	SleepStates								REMstate
4377.0	13.0	SleepStates								WAKEstate
4391.0	88.0	SleepStates								NREMstate
4398.524	0.04960000000028231	RippleTimeIntervals					4398.5656	0.25773336055438256		
4398.704000000001	0.023199999999633292	RippleTimeIntervals					4398.716	0.38350725829013066		
4399.4304	0.025599999999940337	RippleTimeIntervals					4399.4472000000005	0.4285795943270819		
4399.6392000000005	0.03519999999934953	RippleTimeIntervals					4399.644	0.34760662954002935		
4403.816	0.02080000000023574	RippleTimeIntervals					4403.8296	0.3633644781143488		
4404.344	0.032000000000152795	RippleTimeIntervals					4404.3496000000005	0.6897105107877513		
4404.5	0.03440000000045984	RippleTimeIntervals					4404.5224	0.40162240407732075		
4408.6936000000005	0.03519999999934953	RippleTimeIntervals					4408.6984	0.338108037290301		
4412.0976	0.04320000000006985	RippleTimeIntervals					4412.106400000001	0.6384232794527555		
4412.3792	0.03839999999945576	RippleTimeIntervals					4412.3968	0.791173289136566		
4412.5744	0.021600000000034925	RippleTimeIntervals					4412.5888	0.8631161621652532		
4426.0416000000005	0.027999999999337888	RippleTimeIntervals					4426.0504	0.6335896977515424		
4426.2904	0.04400000000077853	RippleTimeIntervals					4426.3192	0.41865303077956734		
4426.9632	0.02959999999984575	RippleTimeIntervals					4426.9800000000005	0.4828413002937833		
4427.1168	0.02080000000023574	RippleTimeIntervals					4427.1264	0.6115765157806128		
4427.268	0.022399999999834108	RippleTimeIntervals					4427.272800000001	0.40918712088460646		
4428.5576	0.04160000000047148	RippleTimeIntervals					4428.5904	0.6857036446812975		
4430.2272	0.05760000000009313	RippleTimeIntervals					4430.276	0.49337048201816447		
4430.6232	0.03440000000045984	RippleTimeIntervals					4430.6320000000005	0.8627530593565974		
4431.4296	0.02959999999984575	RippleTimeIntervals					4431.4384	0.5772110707720455		
4448.4992	0.020000000000436557	RippleTimeIntervals					4448.5152	0.20477208631901103		
4453.566400000001	0.028800000000046566	RippleTimeIntervals					4453.5752	0.5854617929359475		
4455.344	0.04640000000017608	RippleTimeIntervals					4455.3624	0.5349562553839401		
4455.42	0.025599999999940337	RippleTimeIntervals					4455.4248	0.21177681543641422		
4455.7056	0.04879999999957363	RippleTimeIntervals					4455.7144	0.23959962843315152		
4458.5816	0.020799999999326246	RippleTimeIntervals					4458.5864	0.30825131340852296		
4459.1928	0.026400000000649015	RippleTimeIntervals					4459.2064	0.46372716882032455		
4464.8872	0.02080000000023574	RippleTimeIntervals					4464.8952	0.3317750012102158		
4480.0	91.0	SleepStates								REMstate
4490.1592	0.05200000000058935	RippleTimeIntervals					4490.175200000001	0.4730954508288527		
4492.0032	0.03120000000035361	RippleTimeIntervals					4492.0232000000005	0.4594512663845464		
4572.0	39.0	SleepStates								WAKEstate
4589.9328000000005	0.020799999999326246	RippleTimeIntervals					4589.9464	0.37360771069629745		
4589.9848	0.020000000000436557	RippleTimeIntervals					4589.9968	0.4260843175712597		
4612.0	11.0	SleepStates								REMstate
4624.0	22.0	SleepStates								WAKEstate
4636.416	5909.599999999999	epochs	fCamk1_200909_101508	PreStim	Home cage	uLED random stim				
4636.6088	0.020000000000436557	RippleTimeIntervals					4636.6216	0.44346643740153857		
4640.1904	0.032000000000152795	RippleTimeIntervals					4640.216	0.4489704421518136		
4647.0	22.0	SleepStates								NREMstate
4650.182400000001	0.02639999999973952	RippleTimeIntervals					4650.1984	0.2938188405613012		
4655.9712	0.026400000000649015	RippleTimeIntervals					4655.9848	0.8826648390448332		
4657.1272	0.05520000000069558	RippleTimeIntervals					4657.1584	0.5900447241126441		
4657.4056	0.04640000000017608	RippleTimeIntervals					4657.4232	0.5094648726274619		
4659.388	0.035200000000259024	RippleTimeIntervals					4659.4128	0.7057750337093207		
4669.6648000000005	0.023999999999432475	RippleTimeIntervals					4669.6736	0.39926020963919306		
4670.0	12.0	SleepStates								WAKEstate
4670.0432	0.04399999999986903	RippleTimeIntervals					4670.0712	0.6427750837137823		
4670.218400000001	0.025599999999940337	RippleTimeIntervals					4670.224	0.5462498181586929		
4674.2904	0.02400000000034197	RippleTimeIntervals					4674.296	0.4543944494788728		
4680.744000000001	0.027999999999337888	RippleTimeIntervals					4680.752	0.40508586162004245		
4683.0	245.0	SleepStates								NREMstate
4686.7888	0.04640000000017608	RippleTimeIntervals					4686.798400000001	0.22545674534373109		
4692.4256000000005	0.021600000000034925	RippleTimeIntervals					4692.4408	0.5164901791525144		
4696.3536	0.04719999999997526	RippleTimeIntervals					4696.388800000001	0.6706276769315811		
4704.112	0.023200000000542786	RippleTimeIntervals					4704.1176000000005	0.6706699853313436		
4704.6096	0.02400000000034197	RippleTimeIntervals					4704.624	0.9656646211868378		
4704.7096	0.028000000000247383	RippleTimeIntervals					4704.7208	0.5696757736582772		
4709.588000000001	0.06319999999959691	RippleTimeIntervals					4709.6056	1.008123523539993		
4710.758400000001	0.027999999999337888	RippleTimeIntervals					4710.764	0.3547180448973645		
4716.128000000001	0.025599999999940337	RippleTimeIntervals					4716.1328	0.5083305414633853		
4716.4192	0.02639999999973952	RippleTimeIntervals					4716.432	0.8944873607617263		
4716.568	0.045600000000376895	RippleTimeIntervals					4716.584	0.4874917665737704		
4717.3648	0.03999999999996362	RippleTimeIntervals					4717.3832	0.661862236651433		
4717.6872	0.032000000000152795	RippleTimeIntervals					4717.696	0.36486709587658445		
4717.8288	0.02400000000034197	RippleTimeIntervals					4717.8392	0.6748841642357212		
4718.9224	0.03359999999975116	RippleTimeIntervals					4718.9352	0.35646318189418974		
4725.8688	0.03840000000036525	RippleTimeIntervals					4725.8896	0.5683672720529803		
4733.7592	0.03359999999975116	RippleTimeIntervals					4733.7648	0.22529659023458193		
4733.996	0.03359999999975116	RippleTimeIntervals					4734.0072	1.0841351404923443		
4734.113600000001	0.02639999999973952	RippleTimeIntervals					4734.1336	0.533825361417787		
4739.7392	0.04800000000068394	RippleTimeIntervals					4739.7832	0.28035976927131717		
4740.2480000000005	0.04640000000017608	RippleTimeIntervals					4740.2832	0.5007863881566236		
4743.3184	0.07679999999982101	RippleTimeIntervals					4743.3848	1.052942455379644		
4744.3168000000005	0.027999999999337888	RippleTimeIntervals					4744.328	0.41334369805585097		
4747.9632	0.028000000000247383	RippleTimeIntervals					4747.984	0.6851181066310599		
4748.0912	0.028800000000046566	RippleTimeIntervals					4748.1128	0.7747909293771638		
4748.1688	0.028800000000046566	RippleTimeIntervals					4748.1704	0.2345048031533747		
4751.9400000000005	0.022399999999834108	RippleTimeIntervals					4751.956	0.38965085869665217		
4757.6472	0.031199999999444117	RippleTimeIntervals					4757.671200000001	0.3334134313779223		
4760.196	0.035200000000259024	RippleTimeIntervals					4760.216	0.32211625160352075		
4761.7304	0.03600000000005821	RippleTimeIntervals					4761.758400000001	0.33652927454512715		
4765.4416	0.03279999999995198	RippleTimeIntervals					4765.4664	0.49800111148473303		
4768.7216	0.045600000000376895	RippleTimeIntervals					4768.729600000001	0.7903329077137156		
4770.196800000001	0.020799999999326246	RippleTimeIntervals					4770.2096	0.6957143111103884		
4779.1112	0.04159999999956199	RippleTimeIntervals					4779.1288	0.7561686517751833		
4781.8464	0.028000000000247383	RippleTimeIntervals					4781.8584	0.7726803454955286		
4781.9968	0.022400000000743603	RippleTimeIntervals					4782.0056	0.9051562265348949		
4783.5848000000005	0.03839999999945576	RippleTimeIntervals					4783.5960000000005	0.9559776348437766		
4784.841600000001	0.05279999999947904	RippleTimeIntervals					4784.8504	0.819936711622672		
4788.376	0.021600000000034925	RippleTimeIntervals					4788.3808	0.38413886935057956		
4792.9928	0.04320000000006985	RippleTimeIntervals					4793.02	0.6649426213111993		
4795.2936	0.021600000000034925	RippleTimeIntervals					4795.2992	0.3161113725463724		
4795.4184000000005	0.023999999999432475	RippleTimeIntervals					4795.4344	0.5470888028153819		
4796.0968	0.02959999999984575	RippleTimeIntervals					4796.1184	0.36571335025592955		
4801.6464000000005	0.027199999999538704	RippleTimeIntervals					4801.6664	0.860826131582355		
4801.921600000001	0.0543999999999869	RippleTimeIntervals					4801.964800000001	0.35437850289850353		
4802.305600000001	0.030399999999644933	RippleTimeIntervals					4802.3288	0.7958882217230991		
4802.4568	0.02080000000023574	RippleTimeIntervals					4802.4696	0.2320047449930797		
4803.9128	0.061599999999998545	RippleTimeIntervals					4803.944	0.46463949480591016		
4804.0464	0.042400000000270666	RippleTimeIntervals					4804.0728	0.7115095408594775		
4804.160800000001	0.03600000000005821	RippleTimeIntervals					4804.1816	0.5926820890524503		
4805.3856000000005	0.02959999999984575	RippleTimeIntervals					4805.3912	0.47332876943010443		
4806.4472000000005	0.04320000000006985	RippleTimeIntervals					4806.4624	0.5007172312718071		
4806.96	0.022399999999834108	RippleTimeIntervals					4806.972000000001	0.689520757853121		
4818.5544	0.03760000000056607	RippleTimeIntervals					4818.566400000001	0.4243039168197514		
4821.0064	0.02400000000034197	RippleTimeIntervals					4821.0232000000005	0.6571893397746852		
4825.6320000000005	0.051199999999880674	RippleTimeIntervals					4825.6376	0.5147372650640724		
4828.2792	0.023200000000542786	RippleTimeIntervals					4828.2992	0.20558932206969635		
4830.7704	0.03839999999945576	RippleTimeIntervals					4830.8016	0.5153443809864524		
4835.5272	0.027199999999538704	RippleTimeIntervals					4835.544800000001	1.1736828942240354		
4835.6088	0.02400000000034197	RippleTimeIntervals					4835.6168	0.8009363436193817		
4836.0432	0.021600000000034925	RippleTimeIntervals					4836.0504	0.36039277872858383		
4840.5504	0.03999999999996362	RippleTimeIntervals					4840.5616	0.7472408167601371		
4841.5856	0.03679999999985739	RippleTimeIntervals					4841.5960000000005	0.31525478324391504		
4850.8216	0.02639999999973952	RippleTimeIntervals					4850.8264	0.306431762875062		
4859.338400000001	0.04320000000006985	RippleTimeIntervals					4859.368	0.7929764232387725		
4859.504800000001	0.046399999999266583	RippleTimeIntervals					4859.5344000000005	0.38550524702108474		
4859.7008000000005	0.07119999999940774	RippleTimeIntervals					4859.751200000001	1.3180958767126119		
4867.4808	0.03679999999985739	RippleTimeIntervals					4867.4992	0.3804922642735791		
4872.22	0.030399999999644933	RippleTimeIntervals					4872.2248	0.5447957847160806		
4873.04	0.042400000000270666	RippleTimeIntervals					4873.0704000000005	0.9238179463624473		
4875.1248000000005	0.023999999999432475	RippleTimeIntervals					4875.1336	0.22960948206714057		
4875.2776	0.028800000000046566	RippleTimeIntervals					4875.2848	0.6136939141371806		
4875.4312	0.025599999999940337	RippleTimeIntervals					4875.4368	0.35180671349029696		
4883.8656	0.03359999999975116	RippleTimeIntervals					4883.892	0.4277201273373511		
4893.6704	0.04320000000006985	RippleTimeIntervals					4893.6944	0.5857732106412371		
4895.7464	0.032000000000152795	RippleTimeIntervals					4895.7704	0.6419033410006209		
4895.943200000001	0.031199999999444117	RippleTimeIntervals					4895.9608	0.5543599723343161		
4896.1	0.02639999999973952	RippleTimeIntervals					4896.113600000001	0.894196626241582		
4896.3936	0.025599999999940337	RippleTimeIntervals					4896.4008	0.6168656613728514		
4901.363200000001	0.027199999999538704	RippleTimeIntervals					4901.3824	0.6320884082934146		
4911.912	0.02959999999984575	RippleTimeIntervals					4911.9304	0.9661264882426868		
4917.8832	0.037599999999656575	RippleTimeIntervals					4917.8944	0.6313885177302859		
4919.6512	0.03840000000036525	RippleTimeIntervals					4919.668000000001	0.41770478933975685		
4919.758400000001	0.025599999999940337	RippleTimeIntervals					4919.7664	0.5436558926932968		
4921.4256000000005	0.025599999999940337	RippleTimeIntervals					4921.4296	0.2056086295485701		
4929.0	13.0	SleepStates								WAKEstate
4943.0	70.0	SleepStates								NREMstate
4950.968800000001	0.028800000000046566	RippleTimeIntervals					4950.9776	0.6397039017988606		
4953.416	0.028000000000247383	RippleTimeIntervals					4953.432	0.5057470441298555		
4954.8704	0.020000000000436557	RippleTimeIntervals					4954.8784000000005	1.4109620855215457		
4964.952	0.023199999999633292	RippleTimeIntervals					4964.9672	0.5978462813332499		
4965.7744	0.051199999999880674	RippleTimeIntervals					4965.7880000000005	0.5418097938831105		
4965.917600000001	0.027999999999337888	RippleTimeIntervals					4965.932	0.7690918986164513		
4967.059200000001	0.047999999999774445	RippleTimeIntervals					4967.0768	0.3333309621624712		
4977.7816	0.027199999999538704	RippleTimeIntervals					4977.7936	0.561972665478257		
4981.0632000000005	0.023999999999432475	RippleTimeIntervals					4981.0792	0.7226025622368336		
4981.1928	0.042400000000270666	RippleTimeIntervals					4981.1952	0.35091881858854757		
4981.5712	0.03120000000035361	RippleTimeIntervals					4981.5856	0.4246722815628916		
4987.3088	0.059200000000600994	RippleTimeIntervals					4987.3464	0.4622933399845301		
4987.3976	0.02080000000023574	RippleTimeIntervals					4987.414400000001	0.2430235853151394		
4987.4952	0.040799999999762804	RippleTimeIntervals					4987.5064	0.4583877022156669		
4990.5384	0.021600000000034925	RippleTimeIntervals					4990.5496	1.2733876092103709		
4993.064	0.02080000000023574	RippleTimeIntervals					4993.0768	0.3465346848977665		
4994.0	0.12480000000050495	RippleTimeIntervals					4994.068	0.6581124444542155		
4997.9528	0.020000000000436557	RippleTimeIntervals					4997.957600000001	0.4709285072502163		
5003.3224	0.028000000000247383	RippleTimeIntervals					5003.3248	0.20199876907137837		
5005.2208	0.024800000000141154	RippleTimeIntervals					5005.232800000001	0.43264212925302764		
5007.189600000001	0.05040000000008149	RippleTimeIntervals					5007.2288	0.5771296324506788		
5008.5824	0.05680000000029395	RippleTimeIntervals					5008.5928	0.33892482406652463		
5014.0	11.0	SleepStates								WAKEstate
5026.0	109.0	SleepStates								NREMstate
5034.2648	0.03999999999996362	RippleTimeIntervals					5034.2784	0.6955546750848315		
5034.7592	0.03600000000005821	RippleTimeIntervals					5034.7880000000005	0.3750887507290112		
5036.874400000001	0.02959999999984575	RippleTimeIntervals					5036.8864	0.5967810977045439		
5037.256	0.02959999999984575	RippleTimeIntervals					5037.2672	0.7271481080930075		
5043.2664	0.024800000000141154	RippleTimeIntervals					5043.272	0.8063006320215946		
5051.566400000001	0.021600000000034925	RippleTimeIntervals					5051.5816	0.29030978402793184		
5051.6384	0.024800000000141154	RippleTimeIntervals					5051.652	0.501021650530936		
5051.7992	0.03279999999995198	RippleTimeIntervals					5051.8104	1.446729009188684		
5052.2784	0.030399999999644933	RippleTimeIntervals					5052.2832	0.22827734547289646		
5052.828	0.03359999999975116	RippleTimeIntervals					5052.8328	0.33081507917891356		
5055.7048	0.0591999999996915	RippleTimeIntervals					5055.718400000001	0.583297035044828		
5056.2544	0.04400000000077853	RippleTimeIntervals					5056.2752	0.583277316930929		
5056.5216	0.02400000000034197	RippleTimeIntervals					5056.5296	0.6115579745582725		
5057.360000000001	0.02959999999984575	RippleTimeIntervals					5057.3728	0.401325139628275		
5057.4752	0.03279999999995198	RippleTimeIntervals					5057.486400000001	0.545260182703079		
5057.6032000000005	0.022399999999834108	RippleTimeIntervals					5057.6176000000005	0.8630322299081593		
5064.8104	0.02400000000034197	RippleTimeIntervals					5064.827200000001	0.7404516502792696		
5064.932	0.026400000000649015	RippleTimeIntervals					5064.9376	0.7763700779323488		
5067.5968	0.03999999999996362	RippleTimeIntervals					5067.6128	0.8437420585984168		
5069.3952	0.025599999999940337	RippleTimeIntervals					5069.4112000000005	0.9961187493943768		
5069.676	0.02080000000023574	RippleTimeIntervals					5069.6808	0.32335159154848847		
5069.8256	0.03440000000045984	RippleTimeIntervals					5069.8376	0.7302535113226739		
5071.3904	0.024800000000141154	RippleTimeIntervals					5071.408	0.5029552593275872		
5071.612	0.025599999999940337	RippleTimeIntervals					5071.6304	0.3283274458929778		
5072.0024	0.045600000000376895	RippleTimeIntervals					5072.0136	1.0923353885064941		
5079.22	0.030399999999644933	RippleTimeIntervals					5079.2376	0.7530280038122114		
5085.9312	0.025599999999940337	RippleTimeIntervals					5085.9376	0.38685379620010446		
5088.0832	0.03999999999996362	RippleTimeIntervals					5088.1032000000005	0.3864281075837545		
5089.1528	0.04800000000068394	RippleTimeIntervals					5089.1904	0.5624126326776652		
5089.5488000000005	0.023199999999633292	RippleTimeIntervals					5089.56	0.6257798764706628		
5089.6872	0.02400000000034197	RippleTimeIntervals					5089.6952	0.805238233349279		
5089.8136	0.05279999999947904	RippleTimeIntervals					5089.8232	0.3917386334659721		
5089.943200000001	0.03279999999995198	RippleTimeIntervals					5089.968800000001	0.44492465695855127		
5090.135200000001	0.02479999999923166	RippleTimeIntervals					5090.1528	0.4878802538489473		
5090.3168000000005	0.0543999999999869	RippleTimeIntervals					5090.3304	0.45343629855386247		
5091.848	0.032000000000152795	RippleTimeIntervals					5091.8752	0.52020580338661		
5093.0328	0.03360000000066066	RippleTimeIntervals					5093.0616	0.20493437345259688		
5093.4136	0.0408000000006723	RippleTimeIntervals					5093.42	0.4471642269101047		
5093.5608	0.040799999999762804	RippleTimeIntervals					5093.566400000001	0.45355680947103966		
5094.7808	0.02639999999973952	RippleTimeIntervals					5094.794400000001	0.5321863752521488		
5106.374400000001	0.028800000000046566	RippleTimeIntervals					5106.3896	0.32861420779866296		
5110.328	0.02639999999973952	RippleTimeIntervals					5110.3432	1.0512870639513352		
5111.308	0.020000000000436557	RippleTimeIntervals					5111.3208	0.5809810485479812		
5111.4112000000005	0.02080000000023574	RippleTimeIntervals					5111.428	0.2999261302561398		
5111.6672	0.03120000000035361	RippleTimeIntervals					5111.6848	0.9936442391109175		
5113.4536	0.035200000000259024	RippleTimeIntervals					5113.468	0.22908824250620013		
5116.5536	0.02639999999973952	RippleTimeIntervals					5116.568	0.3502655079931982		
5117.7816	0.03359999999975116	RippleTimeIntervals					5117.794400000001	0.6096003300240728		
5117.914400000001	0.02479999999923166	RippleTimeIntervals					5117.916	0.2528003770489057		
5118.0368	0.022400000000743603	RippleTimeIntervals					5118.0528	0.5024457270749169		
5120.7352	0.0272000000004482	RippleTimeIntervals					5120.7544	0.45248114140084283		
5121.1416	0.020000000000436557	RippleTimeIntervals					5121.1504	1.114628430153817		
5124.3192	0.052800000000388536	RippleTimeIntervals					5124.3512	0.9297639058279735		
5124.42	0.030400000000554428	RippleTimeIntervals					5124.4424	0.4383149178836264		
5124.4872000000005	0.03999999999996362	RippleTimeIntervals					5124.512000000001	0.853113708619909		
5126.7688	0.026400000000649015	RippleTimeIntervals					5126.784000000001	0.7731721925792848		
5126.8856000000005	0.030399999999644933	RippleTimeIntervals					5126.9088	0.33302606818138586		
5127.4376	0.021600000000034925	RippleTimeIntervals					5127.452	0.2791626988820271		
5131.3224	0.028000000000247383	RippleTimeIntervals					5131.338400000001	0.4803504383382902		
5131.4448	0.03440000000045984	RippleTimeIntervals					5131.4528	0.5660735185295357		
5133.6728	0.058399999999892316	RippleTimeIntervals					5133.7	0.6309083383145857		
5136.0	13.0	SleepStates								WAKEstate
5141.1464000000005	0.040799999999762804	RippleTimeIntervals					5141.156800000001	0.5250098205017777		
5150.0	484.0	SleepStates								NREMstate
5157.1296	0.022399999999834108	RippleTimeIntervals					5157.142400000001	0.43876639634277204		
5167.424800000001	0.046399999999266583	RippleTimeIntervals					5167.4584	1.0224738049036137		
5168.8856000000005	0.037599999999656575	RippleTimeIntervals					5168.904	0.8154662179175318		
5169.486400000001	0.022399999999834108	RippleTimeIntervals					5169.4968	0.4750528193945645		
5169.903200000001	0.03919999999925494	RippleTimeIntervals					5169.924800000001	0.7702799540491654		
5170.0984	0.028000000000247383	RippleTimeIntervals					5170.108	0.4137972855819287		
5170.6264	0.03600000000005821	RippleTimeIntervals					5170.6488	0.6674802844545904		
5170.7968	0.02080000000023574	RippleTimeIntervals					5170.8064	0.4336424724824567		
5171.812	0.04960000000028231	RippleTimeIntervals					5171.832	0.6754541154313931		
5171.997600000001	0.023999999999432475	RippleTimeIntervals					5172.0152	0.5605035346683506		
5182.8152	0.03120000000035361	RippleTimeIntervals					5182.841600000001	0.2452199863512885		
5186.2704	0.02959999999984575	RippleTimeIntervals					5186.292	0.9184974183913625		
5186.832	0.03359999999975116	RippleTimeIntervals					5186.8584	1.016594709317403		
5186.964	0.052800000000388536	RippleTimeIntervals					5186.9744	0.7023368476787446		
5187.153600000001	0.028800000000046566	RippleTimeIntervals					5187.1616	0.6190226978106088		
5187.316	0.03280000000086147	RippleTimeIntervals					5187.3216	0.5883182584375949		
5187.689600000001	0.023199999999633292	RippleTimeIntervals					5187.6944	0.3961316076658654		
5188.5816	0.051199999999880674	RippleTimeIntervals					5188.6	0.663767262248574		
5197.156	0.020000000000436557	RippleTimeIntervals					5197.168000000001	0.43350696101312736		
5199.9896	0.030400000000554428	RippleTimeIntervals					5199.997600000001	0.5310967890027294		
5212.58	0.021600000000034925	RippleTimeIntervals					5212.5888	0.34358592009248234		
5214.3464	0.044799999999668216	RippleTimeIntervals					5214.3512	0.2424859075803533		
5219.4856	0.03600000000005821	RippleTimeIntervals					5219.4968	0.6235210050387976		
5220.124	0.03760000000056607	RippleTimeIntervals					5220.1416	0.6872204944853966		
5220.7232	0.04640000000017608	RippleTimeIntervals					5220.7624000000005	0.6917590743907562		
5222.492	0.03359999999975116	RippleTimeIntervals					5222.504800000001	0.26975078601957664		
5230.7432	0.04640000000017608	RippleTimeIntervals					5230.7592	0.7942618123188938		
5231.0976	0.028800000000046566	RippleTimeIntervals					5231.106400000001	1.0928704164645267		
5232.5112	0.03760000000056607	RippleTimeIntervals					5232.526400000001	0.8253106447058329		
5236.7232	0.05360000000018772	RippleTimeIntervals					5236.7488	0.3157436397939192		
5245.4424	0.028000000000247383	RippleTimeIntervals					5245.4528	0.8763245036562716		
5246.1008	0.03679999999985739	RippleTimeIntervals					5246.109600000001	0.2677869351703012		
5246.5944	0.05520000000069558	RippleTimeIntervals					5246.6416	0.7501056742016291		
5251.0864	0.025599999999940337	RippleTimeIntervals					5251.104	1.067615184971788		
5252.584	0.0272000000004482	RippleTimeIntervals					5252.5928	0.5152804291542231		
5252.7416	0.025599999999940337	RippleTimeIntervals					5252.7488	1.1078256718732198		
5252.874400000001	0.027999999999337888	RippleTimeIntervals					5252.8936	0.43147161242701454		
5253.964800000001	0.04719999999997526	RippleTimeIntervals					5254.004	0.513501423601657		
5256.8512	0.020000000000436557	RippleTimeIntervals					5256.8664	0.34798904478860343		
5260.188	0.028800000000046566	RippleTimeIntervals					5260.1976	0.2827107373717496		
5262.3288	0.04160000000047148	RippleTimeIntervals					5262.3512	0.2494231738569422		
5262.428800000001	0.02959999999984575	RippleTimeIntervals					5262.4392	0.3706842710404282		
5265.2304	0.035200000000259024	RippleTimeIntervals					5265.2352	0.3318335306693875		
5266.1584	0.02400000000034197	RippleTimeIntervals					5266.1776	0.30382374237030246		
5271.4352	0.02400000000034197	RippleTimeIntervals					5271.4544000000005	0.2111584608214529		
5275.6576000000005	0.025599999999940337	RippleTimeIntervals					5275.6672	0.3743984648120006		
5275.8328	0.028000000000247383	RippleTimeIntervals					5275.844	0.6963196533995281		
5281.4488	0.02400000000034197	RippleTimeIntervals					5281.456	1.3219083337852535		
5282.4168	0.022399999999834108	RippleTimeIntervals					5282.4312	0.7760859359990523		
5283.2968	0.028000000000247383	RippleTimeIntervals					5283.3176	0.31009852653078435		
5289.312800000001	0.020799999999326246	RippleTimeIntervals					5289.3296	0.3108432215264868		
5300.328	0.023199999999633292	RippleTimeIntervals					5300.3464	0.3206436023495349		
5307.9368	0.031199999999444117	RippleTimeIntervals					5307.9528	0.7879063074978856		
5308.512000000001	0.021600000000034925	RippleTimeIntervals					5308.5224	0.7190672036814568		
5308.5944	0.03440000000045984	RippleTimeIntervals					5308.6232	0.2367691787468996		
5315.192	0.02400000000034197	RippleTimeIntervals					5315.1976	0.5000340770102735		
5316.6912	0.03120000000035361	RippleTimeIntervals					5316.704000000001	0.8626362922227687		
5316.8648	0.02639999999973952	RippleTimeIntervals					5316.872	0.9748042264600899		
5317.024	0.03600000000005821	RippleTimeIntervals					5317.0344000000005	0.6818168980101539		
5317.2616	0.0408000000006723	RippleTimeIntervals					5317.291200000001	0.39603697833391893		
5317.388	0.04719999999997526	RippleTimeIntervals					5317.428	0.34458225402166476		
5318.2664	0.061599999999998545	RippleTimeIntervals					5318.284000000001	0.6532828916389548		
5345.6304	0.022399999999834108	RippleTimeIntervals					5345.636	0.46177053569258536		
5345.9264	0.04320000000006985	RippleTimeIntervals					5345.939200000001	0.27540001041551343		
5349.5832	0.023200000000542786	RippleTimeIntervals					5349.595200000001	0.7300073839859584		
5362.2424	0.028800000000046566	RippleTimeIntervals					5362.2632	0.28051009944006783		
5365.796	0.03120000000035361	RippleTimeIntervals					5365.808	0.8620146043702424		
5366.452	0.024800000000141154	RippleTimeIntervals					5366.468800000001	0.629638130611659		
5367.7968	0.02639999999973952	RippleTimeIntervals					5367.801600000001	0.22578824209874643		
5368.7688	0.025600000000849832	RippleTimeIntervals					5368.7864	1.0479901045891455		
5369.0344000000005	0.025599999999940337	RippleTimeIntervals					5369.052000000001	1.0226216648562156		
5379.6808	0.028000000000247383	RippleTimeIntervals					5379.7016	0.7187477386652067		
5383.7552000000005	0.021600000000034925	RippleTimeIntervals					5383.7624000000005	0.6684315028267961		
5384.2352	0.025599999999940337	RippleTimeIntervals					5384.244000000001	0.5888137225855479		
5384.3912	0.020000000000436557	RippleTimeIntervals					5384.404	0.2958424619711526		
5384.732	0.032000000000152795	RippleTimeIntervals					5384.756	0.34146418825675307		
5385.964	0.03600000000005821	RippleTimeIntervals					5385.9728000000005	0.3975825396901159		
5387.6088	0.026400000000649015	RippleTimeIntervals					5387.6216	0.4668590969845214		
5389.189600000001	0.028800000000046566	RippleTimeIntervals					5389.1976	1.0135784528606941		
5389.744000000001	0.02959999999984575	RippleTimeIntervals					5389.7528	0.2737263151396013		
5393.3952	0.023200000000542786	RippleTimeIntervals					5393.410400000001	0.6342574787646075		
5393.8392	0.02400000000034197	RippleTimeIntervals					5393.8568000000005	0.23334813940449112		
5393.957600000001	0.02639999999973952	RippleTimeIntervals					5393.968	0.3496864374876968		
5394.7208	0.032000000000152795	RippleTimeIntervals					5394.725600000001	0.32345387042689283		
5394.9264	0.028800000000046566	RippleTimeIntervals					5394.9352	0.5108456566116036		
5395.4424	0.056000000000494765	RippleTimeIntervals					5395.486400000001	0.42691219655859414		
5401.908	0.0455999999994674	RippleTimeIntervals					5401.936000000001	0.5683088863345315		
5402.808	0.022399999999834108	RippleTimeIntervals					5402.8184	0.6234844104722665		
5405.711200000001	0.022399999999834108	RippleTimeIntervals					5405.7168	0.20207658527247704		
5409.3808	0.032000000000152795	RippleTimeIntervals					5409.403200000001	0.9859805637380595		
5409.8240000000005	0.0543999999999869	RippleTimeIntervals					5409.836	0.4307792692199233		
5410.2496	0.023200000000542786	RippleTimeIntervals					5410.2552000000005	0.4036935135524363		
5420.224	0.030399999999644933	RippleTimeIntervals					5420.232	0.5322946766613555		
5420.9024	0.026400000000649015	RippleTimeIntervals					5420.9224	0.29980520437389974		
5426.468	0.023200000000542786	RippleTimeIntervals					5426.4800000000005	1.2354124040319		
5429.497600000001	0.02639999999973952	RippleTimeIntervals					5429.5096	1.009091987622551		
5430.1488	0.021600000000034925	RippleTimeIntervals					5430.153600000001	0.39556628278572276		
5430.848	0.05760000000009313	RippleTimeIntervals					5430.8848	0.4678507064829858		
5431.4416	0.0272000000004482	RippleTimeIntervals					5431.4624	0.35297461635084026		
5433.08	0.0272000000004482	RippleTimeIntervals					5433.102400000001	0.277030085657684		
5435.7432	0.021600000000034925	RippleTimeIntervals					5435.751200000001	0.9730020205202573		
5435.8912	0.02959999999984575	RippleTimeIntervals					5435.907200000001	0.510752790844536		
5436.8448	0.05360000000018772	RippleTimeIntervals					5436.867200000001	0.6914731593751048		
5451.532	0.024800000000141154	RippleTimeIntervals					5451.5496	0.37697343340518974		
5452.532	0.02639999999973952	RippleTimeIntervals					5452.5432	0.5974746045050114		
5455.196	0.03840000000036525	RippleTimeIntervals					5455.216	0.443193175874621		
5455.3592	0.03279999999995198	RippleTimeIntervals					5455.3736	0.7192588386494522		
5458.0816	0.027199999999538704	RippleTimeIntervals					5458.0976	0.6514231872189709		
5458.452	0.03840000000036525	RippleTimeIntervals					5458.483200000001	0.4728892920177543		
5458.6032000000005	0.030399999999644933	RippleTimeIntervals					5458.6264	0.467208204988168		
5458.8576	0.025599999999940337	RippleTimeIntervals					5458.8656	0.29420510995483645		
5461.2848	0.02639999999973952	RippleTimeIntervals					5461.296	0.6758491898331143		
5469.4256000000005	0.034399999999550346	RippleTimeIntervals					5469.444	0.4332855298222102		
5469.644	0.02400000000034197	RippleTimeIntervals					5469.656	0.36642167835044964		
5475.3152	0.020000000000436557	RippleTimeIntervals					5475.327200000001	0.45711358735629826		
5478.38	0.028000000000247383	RippleTimeIntervals					5478.3872	0.7301163794965312		
5478.5432	0.024800000000141154	RippleTimeIntervals					5478.5608	0.5998382709072863		
5478.7424	0.03600000000005821	RippleTimeIntervals					5478.7480000000005	0.25396060395509507		
5478.856000000001	0.04399999999986903	RippleTimeIntervals					5478.8832	0.5121273304874306		
5491.5232000000005	0.027999999999337888	RippleTimeIntervals					5491.5352	0.5174423242105662		
5491.7480000000005	0.027199999999538704	RippleTimeIntervals					5491.7528	0.43347881750393846		
5496.0256	0.03279999999995198	RippleTimeIntervals					5496.037600000001	0.3816096543254794		
5498.7864	0.03360000000066066	RippleTimeIntervals					5498.8008	0.8321132364839442		
5499.867200000001	0.020799999999326246	RippleTimeIntervals					5499.8832	0.27077001903890857		
5503.2288	0.04800000000068394	RippleTimeIntervals					5503.2480000000005	0.6329562710022051		
5505.421600000001	0.05599999999958527	RippleTimeIntervals					5505.4704	0.7557725651421836		
5505.519200000001	0.040799999999762804	RippleTimeIntervals					5505.548000000001	0.48134717890874634		
5506.4224	0.022399999999834108	RippleTimeIntervals					5506.4368	0.7758011427088003		
5511.0584	0.021600000000034925	RippleTimeIntervals					5511.076	0.21632270778712637		
5512.044	0.05360000000018772	RippleTimeIntervals					5512.0744	0.3187942292679116		
5534.6776	0.03440000000045984	RippleTimeIntervals					5534.688	0.6054900900165676		
5537.3648	0.03359999999975116	RippleTimeIntervals					5537.3728	0.5946285274760648		
5538.192800000001	0.031199999999444117	RippleTimeIntervals					5538.2072	0.3955606076753557		
5538.8368	0.03760000000056607	RippleTimeIntervals					5538.8664	0.8789731539182912		
5541.424800000001	0.05599999999958527	RippleTimeIntervals					5541.4568	0.9126978208250989		
5541.6152	0.032000000000152795	RippleTimeIntervals					5541.6272	0.24731466565508362		
5542.914400000001	0.023999999999432475	RippleTimeIntervals					5542.921600000001	1.0875003819508129		
5549.3112	0.07600000000002183	RippleTimeIntervals					5549.3264	0.6309953843213142		
5549.76	0.0272000000004482	RippleTimeIntervals					5549.7752	0.4756966849110654		
5549.928	0.029600000000755244	RippleTimeIntervals					5549.9456	0.2978210431753649		
5553.7712	0.02639999999973952	RippleTimeIntervals					5553.7896	0.9737001902034851		
5554.0464	0.037599999999656575	RippleTimeIntervals					5554.0768	0.746725766152021		
5554.9456	0.021600000000034925	RippleTimeIntervals					5554.9552	0.31584517485608365		
5560.1504	0.03279999999995198	RippleTimeIntervals					5560.175200000001	0.8132339782928333		
5562.384	0.032000000000152795	RippleTimeIntervals					5562.3952	0.5194841380201687		
5575.5512	0.020000000000436557	RippleTimeIntervals					5575.56	0.2525378381017709		
5577.4568	0.021600000000034925	RippleTimeIntervals					5577.4616000000005	0.22864326316615258		
5579.428	0.045600000000376895	RippleTimeIntervals					5579.4544000000005	0.4451994582414863		
5589.1664	0.02959999999984575	RippleTimeIntervals					5589.1848	0.6857012752160443		
5589.479200000001	0.04159999999956199	RippleTimeIntervals					5589.484	0.2317686011602106		
5591.896000000001	0.021600000000034925	RippleTimeIntervals					5591.9112000000005	0.5578082299292382		
5591.993600000001	0.06319999999959691	RippleTimeIntervals					5592.04	0.5996488072410525		
5599.928	0.04160000000047148	RippleTimeIntervals					5599.9368	0.46583015513891446		
5601.6104000000005	0.03600000000005821	RippleTimeIntervals					5601.6248000000005	0.34925473904880877		
5602.9528	0.030400000000554428	RippleTimeIntervals					5602.9616000000005	0.46317736219738337		
5605.5104	0.0727999999999156	RippleTimeIntervals					5605.5160000000005	0.250165488677132		
5606.9752	0.022400000000743603	RippleTimeIntervals					5606.986400000001	1.0270317118032652		
5616.46	0.023200000000542786	RippleTimeIntervals					5616.4704	0.7317329210493979		
5616.76	0.03679999999985739	RippleTimeIntervals					5616.792	0.4142392873502586		
5635.0	8.0	SleepStates								WAKEstate
5644.0	86.0	SleepStates								NREMstate
5649.6464000000005	0.022399999999834108	RippleTimeIntervals					5649.6616	0.23616994692709709		
5650.212	0.02959999999984575	RippleTimeIntervals					5650.22	0.9495487091207908		
5650.6912	0.042400000000270666	RippleTimeIntervals					5650.722400000001	0.44925822071401844		
5650.816000000001	0.04239999999936117	RippleTimeIntervals					5650.8296	0.7827845455057211		
5657.921600000001	0.04719999999997526	RippleTimeIntervals					5657.950400000001	0.7266804861370343		
5666.6472	0.02959999999984575	RippleTimeIntervals					5666.66	0.6770475253449552		
5667.9968	0.022400000000743603	RippleTimeIntervals					5668.0088000000005	0.38568460139995764		
5669.7048	0.024800000000141154	RippleTimeIntervals					5669.7176	0.6593405560880657		
5669.838400000001	0.020799999999326246	RippleTimeIntervals					5669.8512	0.28554725365439726		
5670.14	0.03120000000035361	RippleTimeIntervals					5670.1448	0.5155392422619859		
5676.952	0.04160000000047148	RippleTimeIntervals					5676.9896	0.5087993398469912		
5677.3464	0.02080000000023574	RippleTimeIntervals					5677.360000000001	0.5578565515088402		
5677.4536	0.02400000000034197	RippleTimeIntervals					5677.4696	0.5098351592200515		
5678.3984	0.02080000000023574	RippleTimeIntervals					5678.4056	0.5288689407246892		
5688.6320000000005	0.037599999999656575	RippleTimeIntervals					5688.649600000001	1.1173245762218986		
5696.5976	0.051199999999880674	RippleTimeIntervals					5696.606400000001	0.6204508460697136		
5704.4344	0.02080000000023574	RippleTimeIntervals					5704.4512	0.27134201621744664		
5704.4928	0.07840000000032887	RippleTimeIntervals					5704.5160000000005	0.5292362096744867		
5712.54	0.04320000000006985	RippleTimeIntervals					5712.5784	0.3078754997494971		
5713.9088	0.02639999999973952	RippleTimeIntervals					5713.914400000001	0.5969413490894405		
5731.0	67.0	SleepStates								REMstate
5799.0	19.0	SleepStates								WAKEstate
5819.0	247.0	SleepStates								NREMstate
5824.0104	0.022399999999834108	RippleTimeIntervals					5824.0224	0.5175673986998927		
5833.9408	0.022399999999834108	RippleTimeIntervals					5833.9568	0.371339098470126		
5835.148	0.03359999999975116	RippleTimeIntervals					5835.156	0.28683653918895186		
5835.3032	0.025599999999940337	RippleTimeIntervals					5835.3208	0.4013628790748704		
5836.2480000000005	0.025599999999940337	RippleTimeIntervals					5836.2672	0.2959590312868228		
5836.5072	0.03440000000045984	RippleTimeIntervals					5836.5344000000005	0.6595128208560935		
5839.0672	0.023199999999633292	RippleTimeIntervals					5839.0752	0.33777599361733235		
5851.8952	0.02080000000023574	RippleTimeIntervals					5851.900000000001	0.35638844295981165		
5851.979200000001	0.028800000000046566	RippleTimeIntervals					5851.9872000000005	0.546340993176973		
5852.327200000001	0.031199999999444117	RippleTimeIntervals					5852.338400000001	0.9295855592809561		
5852.4744	0.03679999999985739	RippleTimeIntervals					5852.4912	1.2113750186067984		
5855.5224	0.03760000000056607	RippleTimeIntervals					5855.5368	0.4806242342443322		
5855.6272	0.0543999999999869	RippleTimeIntervals					5855.6488	0.7757248160742476		
5868.1192	0.03600000000005821	RippleTimeIntervals					5868.144	0.8280540006140887		
5875.6888	0.024800000000141154	RippleTimeIntervals					5875.7024	1.0688642481123496		
5876.1744	0.026400000000649015	RippleTimeIntervals					5876.1832	0.4511554749809577		
5882.548000000001	0.025599999999940337	RippleTimeIntervals					5882.5560000000005	1.1274910947491825		
5892.6720000000005	0.047999999999774445	RippleTimeIntervals					5892.692800000001	0.46529091697225244		
5896.2304	0.02959999999984575	RippleTimeIntervals					5896.2528	0.5719539453208696		
5896.6720000000005	0.023199999999633292	RippleTimeIntervals					5896.6872	0.7231531904198767		
5901.3256	0.07999999999992724	RippleTimeIntervals					5901.3656	0.6023139053603953		
5901.8408	0.0272000000004482	RippleTimeIntervals					5901.8576	0.3739755148603445		
5908.5512	0.024800000000141154	RippleTimeIntervals					5908.566400000001	0.4470127206983276		
5908.668000000001	0.03679999999985739	RippleTimeIntervals					5908.685600000001	0.39457016845937976		
5909.3640000000005	0.021600000000034925	RippleTimeIntervals					5909.3784000000005	0.36347010083612813		
5910.3424	0.030399999999644933	RippleTimeIntervals					5910.3512	0.624648423164256		
5912.6416	0.02400000000034197	RippleTimeIntervals					5912.652	0.4293805187165069		
5919.848	0.03440000000045984	RippleTimeIntervals					5919.8712000000005	0.3820518879112473		
5926.54	0.024800000000141154	RippleTimeIntervals					5926.5576	0.366710933458872		
5941.280000000001	0.028800000000046566	RippleTimeIntervals					5941.3048	0.2017502063683337		
5944.812	0.026400000000649015	RippleTimeIntervals					5944.8312000000005	0.21981629147962217		
5945.3648	0.03120000000035361	RippleTimeIntervals					5945.376	0.6715144999085992		
5946.72	0.020000000000436557	RippleTimeIntervals					5946.729600000001	0.43641602284546605		
5949.484	0.02080000000023574	RippleTimeIntervals					5949.497600000001	0.3681635563701099		
5949.990400000001	0.03999999999996362	RippleTimeIntervals					5949.9952	0.3777387280450049		
5951.5816	0.027199999999538704	RippleTimeIntervals					5951.5896	1.012232942488008		
5952.1008	0.025599999999940337	RippleTimeIntervals					5952.1224	0.20552881338110285		
5952.2176	0.023200000000542786	RippleTimeIntervals					5952.222400000001	0.4441897964901339		
5955.8728	0.024800000000141154	RippleTimeIntervals					5955.877600000001	0.4219115287262509		
5963.4672	0.028000000000247383	RippleTimeIntervals					5963.4912	0.44479892477609295		
5964.572	0.035200000000259024	RippleTimeIntervals					5964.595200000001	0.5798229424796788		
5969.2264000000005	0.021600000000034925	RippleTimeIntervals					5969.236	0.7949582140842525		
5970.808800000001	0.022399999999834108	RippleTimeIntervals					5970.8144	0.43306220122215194		
5971.1672	0.026400000000649015	RippleTimeIntervals					5971.1832	0.6066645440118072		
5972.1192	0.03679999999985739	RippleTimeIntervals					5972.1512	0.2814650100809617		
5972.5928	0.03359999999975116	RippleTimeIntervals					5972.608	0.744219212926632		
5976.9824	0.029600000000755244	RippleTimeIntervals					5977.0	0.529990640672692		
5978.9192	0.025599999999940337	RippleTimeIntervals					5978.9304	0.8270766528415548		
5979.0272	0.022399999999834108	RippleTimeIntervals					5979.040800000001	0.20194324142053255		
5980.7672	0.07120000000031723	RippleTimeIntervals					5980.780000000001	0.4247869698300919		
5981.5272	0.02959999999984575	RippleTimeIntervals					5981.5496	0.4581180480255848		
5983.5472	0.024800000000141154	RippleTimeIntervals					5983.568	0.229920700507517		
5984.612	0.040799999999762804	RippleTimeIntervals					5984.6272	0.48613083818778596		
6009.453600000001	0.047999999999774445	RippleTimeIntervals					6009.4888	0.7865192211902187		
6009.7376	0.032000000000152795	RippleTimeIntervals					6009.7432	0.49008990912781003		
6021.4872000000005	0.02080000000023574	RippleTimeIntervals					6021.4952	0.46033851519355107		
6022.1656	0.03359999999975116	RippleTimeIntervals					6022.175200000001	0.9363406452774723		
6022.3112	0.02959999999984575	RippleTimeIntervals					6022.3288	0.8650972512180692		
6026.548000000001	0.03679999999985739	RippleTimeIntervals					6026.5704000000005	0.7322735009463542		
6026.707200000001	0.030399999999644933	RippleTimeIntervals					6026.718400000001	0.733645243815236		
6026.881600000001	0.023999999999432475	RippleTimeIntervals					6026.8928000000005	0.7475733174892895		
6027.3968	0.051199999999880674	RippleTimeIntervals					6027.4416	0.31342390826566885		
6028.592000000001	0.023999999999432475	RippleTimeIntervals					6028.6008	0.36281979605247017		
6028.6936000000005	0.040799999999762804	RippleTimeIntervals					6028.7064	0.45894474648381267		
6035.761600000001	0.02159999999912543	RippleTimeIntervals					6035.7792	0.21823071498209948		
6036.0648	0.03840000000036525	RippleTimeIntervals					6036.0816	0.6704156754285352		
6036.5208	0.035200000000259024	RippleTimeIntervals					6036.5256	0.38504633631346646		
6039.8832	0.06080000000019936	RippleTimeIntervals					6039.9112000000005	0.6383705835128128		
6040.1176000000005	0.04959999999937281	RippleTimeIntervals					6040.16	0.5908984939418959		
6040.544800000001	0.028800000000046566	RippleTimeIntervals					6040.56	0.8842677582176859		
6042.204000000001	0.03999999999996362	RippleTimeIntervals					6042.225600000001	0.4436889162953729		
6063.8512	0.030400000000554428	RippleTimeIntervals					6063.8696	0.7505139421663176		
6067.0	7.0	SleepStates								WAKEstate
6075.0	245.0	SleepStates								NREMstate
6079.055200000001	0.04399999999986903	RippleTimeIntervals					6079.0744	0.5030065451491393		
6080.5456	0.037599999999656575	RippleTimeIntervals					6080.5784	0.23143437575387008		
6080.729600000001	0.044799999999668216	RippleTimeIntervals					6080.7384	0.6962297573261421		
6082.5584	0.07520000000022264	RippleTimeIntervals					6082.6104000000005	0.5403423851714079		
6083.1048	0.04160000000047148	RippleTimeIntervals					6083.1392000000005	0.6729102492000292		
6083.584000000001	0.02479999999923166	RippleTimeIntervals					6083.6016	0.635376853752643		
6085.0704000000005	0.021600000000034925	RippleTimeIntervals					6085.0784	0.7713505019169461		
6085.2288	0.032000000000152795	RippleTimeIntervals					6085.2408000000005	0.7710226463227425		
6085.5864	0.06080000000019936	RippleTimeIntervals					6085.608	0.7756244167389962		
6089.080800000001	0.02639999999973952	RippleTimeIntervals					6089.0896	0.5914653699045395		
6093.2696000000005	0.02959999999984575	RippleTimeIntervals					6093.2784	0.5496234285235687		
6097.642400000001	0.025599999999940337	RippleTimeIntervals					6097.6472	0.5312111452900715		
6098.488	0.047999999999774445	RippleTimeIntervals					6098.5184	0.5433044249807446		
6098.6944	0.03999999999996362	RippleTimeIntervals					6098.7008000000005	0.41850849085173725		
6099.3024000000005	0.04399999999986903	RippleTimeIntervals					6099.3392	0.41308985686428656		
6100.7304	0.07920000000012806	RippleTimeIntervals					6100.7888	0.397251299660521		
6100.8896	0.02080000000023574	RippleTimeIntervals					6100.8952	0.2283684933141197		
6101.764	0.04640000000017608	RippleTimeIntervals					6101.8	0.6658729606415923		
6108.1704	0.022400000000743603	RippleTimeIntervals					6108.188	0.2557107811013218		
6108.3464	0.032000000000152795	RippleTimeIntervals					6108.3512	0.36777501569791343		
6111.476000000001	0.04399999999986903	RippleTimeIntervals					6111.504800000001	0.5416410775866849		
6112.3112	0.04480000000057771	RippleTimeIntervals					6112.327200000001	0.4675562883629824		
6112.528	0.03600000000005821	RippleTimeIntervals					6112.552000000001	0.32359961489723393		
6112.9264	0.023199999999633292	RippleTimeIntervals					6112.936000000001	0.328953169529214		
6113.0656	0.029600000000755244	RippleTimeIntervals					6113.0712	0.8753184785339517		
6114.0424	0.058399999999892316	RippleTimeIntervals					6114.0792	0.6444549853643686		
6114.1736	0.0272000000004482	RippleTimeIntervals					6114.189600000001	0.8330675363457201		
6114.3368	0.03360000000066066	RippleTimeIntervals					6114.3536	0.6512283945828129		
6116.7848	0.02639999999973952	RippleTimeIntervals					6116.7968	1.3595366429948712		
6118.348800000001	0.028800000000046566	RippleTimeIntervals					6118.370400000001	0.821099692998764		
6123.4664	0.03999999999996362	RippleTimeIntervals					6123.4744	0.4967008758118973		
6123.5344000000005	0.04719999999997526	RippleTimeIntervals					6123.5496	0.5530829565257555		
6124.612	0.03120000000035361	RippleTimeIntervals					6124.6216	0.4213153247162427		
6125.2744	0.025599999999940337	RippleTimeIntervals					6125.2792	0.3365392333863901		
6125.472000000001	0.034399999999550346	RippleTimeIntervals					6125.488	0.9719257796287668		
6125.725600000001	0.020799999999326246	RippleTimeIntervals					6125.7424	0.26652764281244146		
6126.3464	0.02400000000034197	RippleTimeIntervals					6126.3568000000005	0.33556086876149704		
6126.5648	0.0272000000004482	RippleTimeIntervals					6126.584000000001	0.6782797543469149		
6127.1448	0.06959999999980937	RippleTimeIntervals					6127.2096	0.4435307032007393		
6127.8336	0.023200000000542786	RippleTimeIntervals					6127.8496000000005	0.26716547776391647		
6129.888	0.0408000000006723	RippleTimeIntervals					6129.896000000001	0.6459257670768495		
6130.4336	0.020000000000436557	RippleTimeIntervals					6130.4456	0.2862458255041576		
6132.490400000001	0.02959999999984575	RippleTimeIntervals					6132.504800000001	0.4440547253368281		
6140.907200000001	0.04159999999956199	RippleTimeIntervals					6140.9128	0.36411975370938693		
6151.4472000000005	0.023199999999633292	RippleTimeIntervals					6151.4552	0.5508681929172947		
6151.58	0.05360000000018772	RippleTimeIntervals					6151.62	0.5851996353793871		
6152.2792	0.022400000000743603	RippleTimeIntervals					6152.2936	0.4453058276745615		
6152.9896	0.024800000000141154	RippleTimeIntervals					6153.004	0.45993012171258785		
6153.932000000001	0.06880000000001019	RippleTimeIntervals					6153.9896	0.2554413891812715		
6154.7696000000005	0.05519999999978609	RippleTimeIntervals					6154.808800000001	0.46215770209151635		
6154.9416	0.021600000000034925	RippleTimeIntervals					6154.946400000001	0.3681551536241944		
6155.153600000001	0.024800000000141154	RippleTimeIntervals					6155.1624	0.22500414021749737		
6169.616800000001	0.02479999999923166	RippleTimeIntervals					6169.635200000001	0.6808469893409395		
6170.848800000001	0.025599999999940337	RippleTimeIntervals					6170.8648	0.7733126932823362		
6172.964800000001	0.06559999999990396	RippleTimeIntervals					6173.0160000000005	0.43345536172174576		
6174.5112	0.03840000000036525	RippleTimeIntervals					6174.54	0.5632799281483604		
6174.6184	0.03679999999985739	RippleTimeIntervals					6174.628000000001	0.8617192460561031		
6185.2776	0.02080000000023574	RippleTimeIntervals					6185.287200000001	0.3648605173981595		
6185.460800000001	0.03919999999925494	RippleTimeIntervals					6185.479200000001	1.0869760272442532		
6187.4728000000005	0.022399999999834108	RippleTimeIntervals					6187.488	0.5236084554167085		
6192.7976	0.021600000000034925	RippleTimeIntervals					6192.8112	0.3690974285274976		
6192.8952	0.042400000000270666	RippleTimeIntervals					6192.907200000001	0.39163039381498144		
6193.033600000001	0.027999999999337888	RippleTimeIntervals					6193.048000000001	0.259565690174322		
6193.12	0.023200000000542786	RippleTimeIntervals					6193.136	0.48991243831774944		
6193.261600000001	0.06719999999950232	RippleTimeIntervals					6193.291200000001	0.3972640179568169		
6193.4752	0.020000000000436557	RippleTimeIntervals					6193.4872000000005	0.3487009195500921		
6195.8104	0.04320000000006985	RippleTimeIntervals					6195.8288	0.7257467894504306		
6196.066400000001	0.0543999999999869	RippleTimeIntervals					6196.0944	0.5723337127527531		
6196.6016	0.021600000000034925	RippleTimeIntervals					6196.612	0.4643937402685514		
6197.055200000001	0.04959999999937281	RippleTimeIntervals					6197.072	0.7263362266993424		
6197.664000000001	0.027999999999337888	RippleTimeIntervals					6197.6792000000005	0.23783601462781528		
6199.1936000000005	0.06319999999959691	RippleTimeIntervals					6199.2424	0.48287171811299123		
6199.7864	0.03279999999995198	RippleTimeIntervals					6199.794400000001	0.46986283376046334		
6209.7776	0.06480000000010477	RippleTimeIntervals					6209.7832	0.38281927109596275		
6213.7992	0.09519999999974971	RippleTimeIntervals					6213.8696	0.71320891466943		
6214.0456	0.035200000000259024	RippleTimeIntervals					6214.0584	0.4360169601586823		
6214.296	0.022399999999834108	RippleTimeIntervals					6214.3072	1.0792691092104112		
6217.2752	0.06480000000010477	RippleTimeIntervals					6217.2792	0.3785421713070739		
6234.5160000000005	0.03519999999934953	RippleTimeIntervals					6234.5392	0.5034342104262307		
6235.2880000000005	0.040799999999762804	RippleTimeIntervals					6235.2952000000005	0.8225871919156917		
6235.3792	0.034399999999550346	RippleTimeIntervals					6235.3984	0.421047002323206		
6235.492	0.037599999999656575	RippleTimeIntervals					6235.5072	0.7911811753816332		
6235.7624000000005	0.020799999999326246	RippleTimeIntervals					6235.776000000001	0.8609654371573049		
6241.178400000001	0.02639999999973952	RippleTimeIntervals					6241.192800000001	0.2460262610736961		
6242.2064	0.021600000000034925	RippleTimeIntervals					6242.212	0.439470770012806		
6242.7192000000005	0.021600000000034925	RippleTimeIntervals					6242.732800000001	0.37576480897967196		
6245.4856	0.020000000000436557	RippleTimeIntervals					6245.4968	0.29542178665170116		
6255.272800000001	0.020799999999326246	RippleTimeIntervals					6255.2808	0.3588216547344368		
6256.0424	0.028000000000247383	RippleTimeIntervals					6256.0632000000005	0.3938850451410879		
6256.1544	0.04719999999997526	RippleTimeIntervals					6256.189600000001	1.1191895988243628		
6256.312800000001	0.027199999999538704	RippleTimeIntervals					6256.3328	0.35498092099841005		
6256.747200000001	0.028800000000046566	RippleTimeIntervals					6256.768	0.4630617748393893		
6257.036	0.030400000000554428	RippleTimeIntervals					6257.0584	0.6221596680014445		
6257.689600000001	0.03919999999925494	RippleTimeIntervals					6257.7056	0.2852968100397287		
6259.4704	0.025599999999940337	RippleTimeIntervals					6259.488	0.6901944052132634		
6259.752	0.027199999999538704	RippleTimeIntervals					6259.7568	0.22735976701073998		
6263.3072	0.025599999999940337	RippleTimeIntervals					6263.3248	0.643640129241698		
6278.2488	0.020000000000436557	RippleTimeIntervals					6278.2576	0.6455887529448628		
6279.7048	0.02080000000023574	RippleTimeIntervals					6279.7088	0.30707847249456044		
6280.2008000000005	0.04959999999937281	RippleTimeIntervals					6280.236800000001	0.9134924592595816		
6280.3264	0.03999999999996362	RippleTimeIntervals					6280.338400000001	1.0190312535327972		
6280.6704	0.05520000000069558	RippleTimeIntervals					6280.7096	0.7897519416115409		
6286.3368	0.04719999999997526	RippleTimeIntervals					6286.3752	0.7141018876249072		
6286.8536	0.02080000000023574	RippleTimeIntervals					6286.8656	0.4690790363412027		
6287.6144	0.06719999999950232	RippleTimeIntervals					6287.6592	0.7389155157058728		
6294.3248	0.030399999999644933	RippleTimeIntervals					6294.3328	0.6697314274920041		
6301.7248	0.0272000000004482	RippleTimeIntervals					6301.7448	0.6320730656332817		
6303.1464000000005	0.044799999999668216	RippleTimeIntervals					6303.168000000001	0.9881434359112036		
6303.4304	0.03999999999996362	RippleTimeIntervals					6303.4592	0.6674315786040312		
6303.572	0.040799999999762804	RippleTimeIntervals					6303.5864	0.38822383149071343		
6312.22	0.02639999999973952	RippleTimeIntervals					6312.240000000001	0.39184930961097386		
6321.0	12.0	SleepStates								WAKEstate
6334.0	236.0	SleepStates								NREMstate
6336.8472	0.042400000000270666	RippleTimeIntervals					6336.8592	0.715549149727121		
6337.996	0.025599999999940337	RippleTimeIntervals					6338.0072	0.7296860991931541		
6338.5576	0.023200000000542786	RippleTimeIntervals					6338.5656	0.6382425024131911		
6342.3032	0.022399999999834108	RippleTimeIntervals					6342.3176	0.7483452745212572		
6348.2216	0.025600000000849832	RippleTimeIntervals					6348.232	0.7068059002291454		
6356.5368	0.024800000000141154	RippleTimeIntervals					6356.5536	0.78643504917291		
6357.5776000000005	0.025599999999940337	RippleTimeIntervals					6357.5816	0.3234591883330547		
6357.676	0.0543999999999869	RippleTimeIntervals					6357.7192000000005	0.7940062260365787		
6358.26	0.030399999999644933	RippleTimeIntervals					6358.2824	0.46424930518578095		
6358.4096	0.028000000000247383	RippleTimeIntervals					6358.417600000001	0.7232097600205716		
6360.711200000001	0.022399999999834108	RippleTimeIntervals					6360.7232	1.037563985676165		
6362.602400000001	0.020799999999326246	RippleTimeIntervals					6362.6072	0.331778859632375		
6365.3168000000005	0.023199999999633292	RippleTimeIntervals					6365.3288	0.5856571649072806		
6365.399200000001	0.05519999999978609	RippleTimeIntervals					6365.4112000000005	0.5762900178320965		
6366.1128	0.023200000000542786	RippleTimeIntervals					6366.1248000000005	0.4037090871549144		
6366.8728	0.040799999999762804	RippleTimeIntervals					6366.904	0.858844676886597		
6367.0232000000005	0.03839999999945576	RippleTimeIntervals					6367.0424	0.6274809735824588		
6367.212	0.02080000000023574	RippleTimeIntervals					6367.22	0.21476512840030854		
6370.881600000001	0.0319999999992433	RippleTimeIntervals					6370.9056	0.5395795877245171		
6370.9800000000005	0.037599999999656575	RippleTimeIntervals					6371.0032	0.33856833630107763		
6375.9512	0.022399999999834108	RippleTimeIntervals					6375.9592	1.0108938792573816		
6376.1744	0.03360000000066066	RippleTimeIntervals					6376.188	0.49132927730643255		
6379.1288	0.021600000000034925	RippleTimeIntervals					6379.142400000001	0.4935162145903571		
6379.828	0.024800000000141154	RippleTimeIntervals					6379.845600000001	0.9990689637291403		
6380.7064	0.03920000000016444	RippleTimeIntervals					6380.722400000001	0.3531405151840825		
6381.1416	0.023200000000542786	RippleTimeIntervals					6381.1544	0.7685713333124119		
6385.3656	0.030400000000554428	RippleTimeIntervals					6385.388	0.4151084424590785		
6385.9824	0.025600000000849832	RippleTimeIntervals					6385.990400000001	0.4871403140542851		
6386.0528	0.04399999999986903	RippleTimeIntervals					6386.076	0.4561028946836406		
6390.2032	0.03360000000066066	RippleTimeIntervals					6390.2080000000005	0.33232230529075074		
6390.3152	0.03120000000035361	RippleTimeIntervals					6390.34	0.42274563053824493		
6390.4304	0.03920000000016444	RippleTimeIntervals					6390.4656	0.28253621403183726		
6392.796	0.05360000000018772	RippleTimeIntervals					6392.804	0.25755422441180376		
6392.957600000001	0.02479999999923166	RippleTimeIntervals					6392.9632	0.4367741826454132		
6393.5136	0.020000000000436557	RippleTimeIntervals					6393.5184	0.3867642074939179		
6398.7808	0.0543999999999869	RippleTimeIntervals					6398.7968	0.7180623757746946		
6400.8328	0.02080000000023574	RippleTimeIntervals					6400.845600000001	0.5723258999136928		
6403.0504	0.0272000000004482	RippleTimeIntervals					6403.0584	0.9245937994620509		
6404.037600000001	0.02639999999973952	RippleTimeIntervals					6404.0512	0.3524404782215955		
6406.04	0.045600000000376895	RippleTimeIntervals					6406.052000000001	0.6838202248643905		
6410.6616	0.027199999999538704	RippleTimeIntervals					6410.684	0.4176232980971743		
6410.8832	0.023200000000542786	RippleTimeIntervals					6410.888800000001	0.38213665167855265		
6414.345600000001	0.023999999999432475	RippleTimeIntervals					6414.3624	0.3416717306170431		
6415.452	0.024800000000141154	RippleTimeIntervals					6415.4696	1.1149912398798116		
6415.808800000001	0.02479999999923166	RippleTimeIntervals					6415.8136	0.45208972962097294		
6416.0936	0.03760000000056607	RippleTimeIntervals					6416.1032000000005	0.47272796039400244		
6426.9744	0.03279999999995198	RippleTimeIntervals					6426.984	0.35674009801567647		
6427.261600000001	0.027999999999337888	RippleTimeIntervals					6427.2672	0.24371698072109244		
6428.104	0.03600000000005821	RippleTimeIntervals					6428.12	0.3513448770778677		
6428.436000000001	0.031199999999444117	RippleTimeIntervals					6428.448	0.4318009531841092		
6434.692800000001	0.031199999999444117	RippleTimeIntervals					6434.6944	0.22625370761083352		
6441.568	0.058399999999892316	RippleTimeIntervals					6441.5856	0.3955317162567601		
6441.7480000000005	0.023999999999432475	RippleTimeIntervals					6441.7552000000005	0.46018496810668325		
6444.5712	0.022399999999834108	RippleTimeIntervals					6444.5864	0.3054136715779067		
6445.689600000001	0.020799999999326246	RippleTimeIntervals					6445.6984	0.23075605314496297		
6452.5344000000005	0.023999999999432475	RippleTimeIntervals					6452.5432	0.38568266403709145		
6454.0128	0.027199999999538704	RippleTimeIntervals					6454.015200000001	0.23152965250157054		
6459.5232000000005	0.04320000000006985	RippleTimeIntervals					6459.5424	0.7721391136136407		
6466.8912	0.03999999999996362	RippleTimeIntervals					6466.900000000001	0.787318920066102		
6467.1336	0.04960000000028231	RippleTimeIntervals					6467.1552	0.7595114570052802		
6467.298400000001	0.022399999999834108	RippleTimeIntervals					6467.3104	0.4595909112405717		
6480.7424	0.04719999999997526	RippleTimeIntervals					6480.7480000000005	0.6326404203821993		
6482.952	0.02959999999984575	RippleTimeIntervals					6482.964800000001	0.3710742249473454		
6489.838400000001	0.023199999999633292	RippleTimeIntervals					6489.8496000000005	0.3196240725907524		
6490.5744	0.02959999999984575	RippleTimeIntervals					6490.5864	0.3398991541080253		
6492.2624000000005	0.04239999999936117	RippleTimeIntervals					6492.2848	0.6980169479027397		
6502.678400000001	0.03279999999995198	RippleTimeIntervals					6502.685600000001	0.31093632195890986		
6504.4488	0.0272000000004482	RippleTimeIntervals					6504.464800000001	0.32905643286020186		
6512.96	0.021600000000034925	RippleTimeIntervals					6512.968800000001	0.33811205533200106		
6518.9264	0.025599999999940337	RippleTimeIntervals					6518.9448	0.5053304737085499		
6526.635200000001	0.03279999999995198	RippleTimeIntervals					6526.660000000001	0.37507499829813684		
6528.8408	0.05520000000069558	RippleTimeIntervals					6528.8608	0.5731858998160547		
6529.4544000000005	0.044799999999668216	RippleTimeIntervals					6529.479200000001	0.8577206644646062		
6529.896000000001	0.05760000000009313	RippleTimeIntervals					6529.9272	0.6872591694430907		
6530.0256	0.03920000000016444	RippleTimeIntervals					6530.033600000001	0.5015654566915905		
6530.384800000001	0.02639999999973952	RippleTimeIntervals					6530.403200000001	0.5663956155819247		
6530.6072	0.022399999999834108	RippleTimeIntervals					6530.6216	0.7433473677501704		
6531.3656	0.02400000000034197	RippleTimeIntervals					6531.3752	0.2447717890653939		
6548.3152	0.026400000000649015	RippleTimeIntervals					6548.320000000001	0.33279758808576815		
6550.0288	0.03840000000036525	RippleTimeIntervals					6550.036800000001	0.5503211309934054		
6559.0024	0.044799999999668216	RippleTimeIntervals					6559.0072	0.39218863625145134		
6559.0688	0.07120000000031723	RippleTimeIntervals					6559.1336	0.48952603957307356		
6559.5	0.02080000000023574	RippleTimeIntervals					6559.504800000001	0.36900106746729744		
6559.9352	0.028000000000247383	RippleTimeIntervals					6559.9568	0.26610658359065514		
6561.7808	0.04719999999997526	RippleTimeIntervals					6561.792	1.0570510036600693		
6561.9384	0.02080000000023574	RippleTimeIntervals					6561.948	0.44825198058515275		
6562.124000000001	0.021600000000034925	RippleTimeIntervals					6562.136	0.8601977048893136		
6562.64	0.034399999999550346	RippleTimeIntervals					6562.6576000000005	0.473752322530118		
6571.0	22.0	SleepStates								WAKEstate
6594.0	128.0	SleepStates								NREMstate
6594.528	0.045600000000376895	RippleTimeIntervals					6594.5464	0.9351202045238497		
6594.6504	0.02959999999984575	RippleTimeIntervals					6594.6720000000005	0.4277265962393579		
6596.6112	0.032000000000152795	RippleTimeIntervals					6596.6320000000005	0.9224482528208862		
6601.1320000000005	0.032000000000152795	RippleTimeIntervals					6601.1416	0.7215685658301242		
6601.7992	0.05199999999967986	RippleTimeIntervals					6601.8392	1.0011883327937918		
6607.1992	0.05040000000008149	RippleTimeIntervals					6607.224	0.4649228271161787		
6608.252	0.03120000000035361	RippleTimeIntervals					6608.2744	0.3979264754273777		
6608.3464	0.05040000000008149	RippleTimeIntervals					6608.3736	0.729216542686116		
6609.7856	0.032000000000152795	RippleTimeIntervals					6609.794400000001	0.6744219433830957		
6610.2528	0.020000000000436557	RippleTimeIntervals					6610.2576	0.5304259431544971		
6610.537600000001	0.027999999999337888	RippleTimeIntervals					6610.5584	0.5591003936170649		
6616.0688	0.028000000000247383	RippleTimeIntervals					6616.0864	0.6372668337703132		
6616.211200000001	0.027999999999337888	RippleTimeIntervals					6616.221600000001	0.6087153774610199		
6618.2712	0.02400000000034197	RippleTimeIntervals					6618.2888	0.36150212006437366		
6626.1152	0.02400000000034197	RippleTimeIntervals					6626.120800000001	0.8837804117151925		
6626.3032	0.048800000000483124	RippleTimeIntervals					6626.332	0.22695146163237373		
6632.0072	0.025599999999940337	RippleTimeIntervals					6632.0112	0.3164762437365279		
6632.5064	0.040799999999762804	RippleTimeIntervals					6632.5248	0.9260014904016044		
6633.428800000001	0.022399999999834108	RippleTimeIntervals					6633.4400000000005	0.7854323315394538		
6645.5864	0.02400000000034197	RippleTimeIntervals					6645.591200000001	0.21127491408583907		
6652.6736	0.026400000000649015	RippleTimeIntervals					6652.692	0.3837722621286482		
6652.7568	0.026400000000649015	RippleTimeIntervals					6652.7752	0.4385815594813822		
6653.2464	0.048800000000483124	RippleTimeIntervals					6653.284000000001	0.7539505333159273		
6657.116800000001	0.04159999999956199	RippleTimeIntervals					6657.136	0.5681200475532113		
6657.1976	0.030399999999644933	RippleTimeIntervals					6657.2024	0.43611259010830195		
6657.276000000001	0.02159999999912543	RippleTimeIntervals					6657.294400000001	0.232103532619801		
6662.0944	0.023200000000542786	RippleTimeIntervals					6662.1072	0.8370568811365762		
6664.2816	0.04160000000047148	RippleTimeIntervals					6664.290400000001	0.31113687224322617		
6664.7528	0.023200000000542786	RippleTimeIntervals					6664.7696000000005	0.4983700217876977		
6679.2824	0.03360000000066066	RippleTimeIntervals					6679.296	0.6543448224905382		
6679.4584	0.02959999999984575	RippleTimeIntervals					6679.468000000001	0.23729994464453094		
6684.566400000001	0.020799999999326246	RippleTimeIntervals					6684.5712	0.44315831542534173		
6684.772800000001	0.04879999999957363	RippleTimeIntervals					6684.8136	0.3586320732117471		
6692.9056	0.03920000000016444	RippleTimeIntervals					6692.9152	0.4909550536271638		
6693.0168	0.045600000000376895	RippleTimeIntervals					6693.0424	0.4416429030625399		
6699.0288	0.08960000000024593	RippleTimeIntervals					6699.098400000001	0.4392700302730888		
6699.1728	0.020000000000436557	RippleTimeIntervals					6699.178400000001	0.4295278778662561		
6705.917600000001	0.03279999999995198	RippleTimeIntervals					6705.9224	0.286042341833521		
6706.3032	0.02080000000023574	RippleTimeIntervals					6706.3112	0.5362399586482155		
6707.2432	0.020000000000436557	RippleTimeIntervals					6707.2568	0.3122610868019642		
6708.953600000001	0.02639999999973952	RippleTimeIntervals					6708.9696	0.6847717079626625		
6714.4296	0.02080000000023574	RippleTimeIntervals					6714.4376	0.507311368638314		
6723.0	16.0	SleepStates								WAKEstate
6740.0	53.0	SleepStates								NREMstate
6744.838400000001	0.04399999999986903	RippleTimeIntervals					6744.8752	0.47624649229605787		
6745.0456	0.10239999999976135	RippleTimeIntervals					6745.0944	0.41834193608183096		
6748.5528	0.028000000000247383	RippleTimeIntervals					6748.5608	0.8115535057069093		
6749.062400000001	0.03679999999985739	RippleTimeIntervals					6749.08	0.49023619042614686		
6750.022400000001	0.023999999999432475	RippleTimeIntervals					6750.029600000001	0.6337622652690003		
6750.156	0.030400000000554428	RippleTimeIntervals					6750.171200000001	0.5726688163289777		
6750.3392	0.028800000000046566	RippleTimeIntervals					6750.3472	0.38615968196954414		
6751.6112	0.025599999999940337	RippleTimeIntervals					6751.6296	0.265620106479495		
6755.037600000001	0.04239999999936117	RippleTimeIntervals					6755.066400000001	0.4729622342730179		
6755.5064	0.022399999999834108	RippleTimeIntervals					6755.522400000001	0.44067962952189416		
6766.9944000000005	0.047999999999774445	RippleTimeIntervals					6767.030400000001	0.7599813230766135		
6769.0232000000005	0.04320000000006985	RippleTimeIntervals					6769.0544	0.2961340267510926		
6780.148	0.028000000000247383	RippleTimeIntervals					6780.152800000001	0.45559455176062935		
6794.0	2716.0	SleepStates								WAKEstate
6843.0904	0.028000000000247383	RippleTimeIntervals					6843.105600000001	0.3236602749087953		
6844.6224	0.020000000000436557	RippleTimeIntervals					6844.628000000001	0.2182154196181692		
6852.280000000001	0.030399999999644933	RippleTimeIntervals					6852.2936	0.5017267847011879		
6859.832	0.06480000000010477	RippleTimeIntervals					6859.877600000001	0.3388985902399043		
6860.952	0.02639999999973952	RippleTimeIntervals					6860.957600000001	0.3072035709583493		
6863.1808	0.028800000000046566	RippleTimeIntervals					6863.189600000001	0.29178824417710786		
6864.3752	0.03120000000035361	RippleTimeIntervals					6864.3864	0.8059907132625113		
6865.1464000000005	0.03600000000005821	RippleTimeIntervals					6865.160000000001	0.4689454796495439		
6865.2648	0.05200000000058935	RippleTimeIntervals					6865.272	0.4978401751968376		
6865.7136	0.03440000000045984	RippleTimeIntervals					6865.7264000000005	0.48796061179614936		
6867.8008	0.030400000000554428	RippleTimeIntervals					6867.812	0.46441602776438407		
6868.9616000000005	0.02080000000023574	RippleTimeIntervals					6868.9776	0.5621500237331208		
6869.3064	0.05680000000029395	RippleTimeIntervals					6869.3152	0.592863451674673		
6874.105600000001	0.03599999999914871	RippleTimeIntervals					6874.120800000001	0.8751637412797245		
6874.368	0.04879999999957363	RippleTimeIntervals					6874.4096	0.3757284123810264		
6874.548000000001	0.027999999999337888	RippleTimeIntervals					6874.56	0.4230889748885912		
6876.7352	0.023200000000542786	RippleTimeIntervals					6876.7536	0.39526402154307083		
6885.8568000000005	0.024800000000141154	RippleTimeIntervals					6885.874400000001	0.4301675781310128		
6888.988	0.04160000000047148	RippleTimeIntervals					6888.9928	0.21306489048760613		
6889.1224	0.03440000000045984	RippleTimeIntervals					6889.131200000001	0.2899653960415417		
6892.983200000001	0.034399999999550346	RippleTimeIntervals					6893.0016000000005	0.33824577027486996		
6901.019200000001	0.037599999999656575	RippleTimeIntervals					6901.044800000001	1.0203178340936139		
6902.92	0.025599999999940337	RippleTimeIntervals					6902.928	0.6239468472162116		
6903.1344	0.028800000000046566	RippleTimeIntervals					6903.1432	0.3007169901216652		
6910.1112	0.021600000000034925	RippleTimeIntervals					6910.116	0.28040632826119716		
6911.0544	0.020000000000436557	RippleTimeIntervals					6911.0632000000005	0.46926357021492293		
6916.6216	0.027199999999538704	RippleTimeIntervals					6916.6416	0.6068590827378312		
6919.076	0.04160000000047148	RippleTimeIntervals					6919.0944	0.9323001657318658		
6919.7080000000005	0.02639999999973952	RippleTimeIntervals					6919.7192000000005	0.47207559733481563		
6919.8288	0.023200000000542786	RippleTimeIntervals					6919.84	0.6406860570483476		
6920.327200000001	0.028800000000046566	RippleTimeIntervals					6920.338400000001	0.6391044347221384		
6920.6144	0.05999999999949068	RippleTimeIntervals					6920.6552	0.8723563615010603		
6921.3856000000005	0.03679999999985739	RippleTimeIntervals					6921.4152	0.407369028717043		
6921.468800000001	0.02639999999973952	RippleTimeIntervals					6921.4800000000005	0.44208092312438		
6922.5536	0.04480000000057771	RippleTimeIntervals					6922.5944	0.29407009450883764		
6936.1344	0.026400000000649015	RippleTimeIntervals					6936.145600000001	0.5589070084847463		
6941.914400000001	0.024800000000141154	RippleTimeIntervals					6941.9352	0.330076913720327		
6942.5144	0.03279999999995198	RippleTimeIntervals					6942.5216	0.6222512633173795		
6948.160800000001	0.034399999999550346	RippleTimeIntervals					6948.1792000000005	0.40866519965291825		
6954.718400000001	0.021600000000034925	RippleTimeIntervals					6954.7232	0.35186053388151195		
6959.8168000000005	0.035200000000259024	RippleTimeIntervals					6959.832	0.5060880822440691		
6965.877600000001	0.05999999999949068	RippleTimeIntervals					6965.9224	0.4480889777403942		
6970.4928	0.035200000000259024	RippleTimeIntervals					6970.5032	0.38381151303495203		
6974.5784	0.19200000000000728	UpDownStatesTimeIntervals							UP	
6978.932000000001	0.02639999999973952	RippleTimeIntervals					6978.9496	0.4909443347225058		
6979.420800000001	0.02639999999973952	RippleTimeIntervals					6979.439200000001	0.25541126817174026		
6979.4992	0.040799999999762804	RippleTimeIntervals					6979.504800000001	0.29823891875804426		
6979.636	0.023199999999633292	RippleTimeIntervals					6979.652	0.515963478367504		
6979.830400000001	0.027999999999337888	RippleTimeIntervals					6979.8392	0.3061859001925223		
6980.0272	0.028000000000247383	RippleTimeIntervals					6980.052000000001	0.22569885886125146		
6983.0496	0.030399999999644933	RippleTimeIntervals					6983.0576	0.3938451770206969		
6983.2376	0.02639999999973952	RippleTimeIntervals					6983.2576	0.31837667570540057		
7000.2080000000005	0.03279999999995198	RippleTimeIntervals					7000.232800000001	0.8105938590724181		
7006.3424	0.023199999999633292	RippleTimeIntervals					7006.3584	0.2247289505389793		
7006.492	0.022399999999834108	RippleTimeIntervals					7006.500800000001	0.6499907758541434		
7037.6728	0.04160000000047148	RippleTimeIntervals					7037.6936000000005	0.8023890176449147		
7038.212	0.030399999999644933	RippleTimeIntervals					7038.2272	0.6325475144154958		
7039.1344	0.03280000000086147	RippleTimeIntervals					7039.160000000001	0.561990492808053		
7039.3032	0.02959999999984575	RippleTimeIntervals					7039.3144	0.6866629224182524		
7040.6264	0.03279999999995198	RippleTimeIntervals					7040.645600000001	0.5674345837813957		
7041.6736	0.024800000000141154	RippleTimeIntervals					7041.685600000001	0.7907718216937261		
7042.8968	0.021600000000034925	RippleTimeIntervals					7042.910400000001	0.5868156891606862		
7044.1992	0.02080000000023574	RippleTimeIntervals					7044.2080000000005	0.23117446792601898		
7047.812800000001	0.024800000000141154	RippleTimeIntervals					7047.8176	0.5702246606782253		
7056.6192	0.023200000000542786	RippleTimeIntervals					7056.636	0.44483211666274775		
7057.3208	0.022399999999834108	RippleTimeIntervals					7057.334400000001	0.9389958878831148		
7057.4656	0.04719999999997526	RippleTimeIntervals					7057.4768	0.7288687599279376		
7060.5528	0.05599999999958527	RippleTimeIntervals					7060.5752	0.3751272269067169		
7060.7088	0.03600000000005821	RippleTimeIntervals					7060.7168	0.7349342897681242		
7060.9024	0.03360000000066066	RippleTimeIntervals					7060.907200000001	0.32000415181398034		
7061.0824	0.021600000000034925	RippleTimeIntervals					7061.0936	1.0181146787097608		
7062.638400000001	0.03279999999995198	RippleTimeIntervals					7062.649600000001	0.7318163795270347		
7062.9512	0.028800000000046566	RippleTimeIntervals					7062.956	0.22624242350651141		
7070.0928	0.027199999999538704	RippleTimeIntervals					7070.109600000001	0.3407176686575615		
7070.649600000001	0.030399999999644933	RippleTimeIntervals					7070.6576000000005	0.27642417374211947		
7071.0144	0.022400000000743603	RippleTimeIntervals					7071.0328	0.20102217268849346		
7071.2096	0.04160000000047148	RippleTimeIntervals					7071.2344	0.2607719340026396		
7073.6472	0.028800000000046566	RippleTimeIntervals					7073.668000000001	0.48427712307301535		
7080.6296	0.020000000000436557	RippleTimeIntervals					7080.642400000001	0.38332919292966955		
7085.334400000001	0.027199999999538704	RippleTimeIntervals					7085.3544	0.6225316351262737		
7092.5712	0.06480000000010477	RippleTimeIntervals					7092.5944	0.6203604550970244		
7099.7856	0.022399999999834108	RippleTimeIntervals					7099.804	0.32264847097713273		
7100.7352	0.03279999999995198	RippleTimeIntervals					7100.7536	0.3702794610072565		
7103.4856	0.02080000000023574	RippleTimeIntervals					7103.4984	0.22137716090624607		
7107.2312	0.02639999999973952	RippleTimeIntervals					7107.251200000001	0.24704908288204236		
7107.4952	0.020000000000436557	RippleTimeIntervals					7107.508000000001	0.34752595109634987		
7120.1112	0.07359999999971478	RippleTimeIntervals					7120.138400000001	0.4989349718438224		
7122.0176	0.04480000000057771	RippleTimeIntervals					7122.037600000001	0.49512241258686657		
7122.328	0.03999999999996362	RippleTimeIntervals					7122.3544	0.40786709167329		
7129.420800000001	0.02159999999912543	RippleTimeIntervals					7129.4344	0.458041899778895		
7196.2536	0.030400000000554428	RippleTimeIntervals					7196.2672	0.4776203891573218		
7196.4304	0.03920000000016444	RippleTimeIntervals					7196.452	0.2708233288096014		
7215.124000000001	0.020799999999326246	RippleTimeIntervals					7215.1376	0.387734518003987		
7215.8024000000005	0.023999999999432475	RippleTimeIntervals					7215.804800000001	0.20432974098083917		
7216.004800000001	0.07999999999992724	RippleTimeIntervals					7216.0256	0.41198855607784174		
7217.7008000000005	0.023999999999432475	RippleTimeIntervals					7217.7176	0.20143564634364883		
7217.872	0.0543999999999869	RippleTimeIntervals					7217.888800000001	0.40252942085270393		
7218.084000000001	0.027999999999337888	RippleTimeIntervals					7218.1016	0.4321479597812485		
7218.2536	0.0408000000006723	RippleTimeIntervals					7218.2848	0.6230116335873828		
7232.0976	0.021600000000034925	RippleTimeIntervals					7232.1032000000005	0.3049539776137379		
7234.6416	0.026400000000649015	RippleTimeIntervals					7234.664000000001	0.2074049775257353		
7239.3656	0.051199999999880674	RippleTimeIntervals					7239.3808	0.4949086419029635		
7239.8872	0.028000000000247383	RippleTimeIntervals					7239.8952	0.6463851343603533		
7240.2808	0.023199999999633292	RippleTimeIntervals					7240.2968	0.5625373496600043		
7240.4272	0.021600000000034925	RippleTimeIntervals					7240.432000000001	0.2938449960438443		
7241.468000000001	0.021600000000034925	RippleTimeIntervals					7241.4728000000005	0.3133094172119188		
7249.148	0.026400000000649015	RippleTimeIntervals					7249.1648000000005	0.6401303155268294		
7250.105600000001	0.023999999999432475	RippleTimeIntervals					7250.113600000001	0.20602173143055005		
7263.9472000000005	0.028000000000247383	RippleTimeIntervals					7263.9528	0.8879061308369568		
7264.1736	0.03999999999996362	RippleTimeIntervals					7264.178400000001	0.29722967230251207		
7273.827200000001	0.046399999999266583	RippleTimeIntervals					7273.8688	0.47017493163540264		
7274.004	0.020000000000436557	RippleTimeIntervals					7274.0112	0.42393735251546233		
7280.7352	0.03279999999995198	RippleTimeIntervals					7280.7632	0.3299184605928264		
7281.555200000001	0.02959999999984575	RippleTimeIntervals					7281.5648	0.39850246068413053		
7290.0872	0.03840000000036525	RippleTimeIntervals					7290.1	0.5090643263280091		
7292.1872	0.05040000000008149	RippleTimeIntervals					7292.2192000000005	0.6542195862883587		
7292.9456	0.03279999999995198	RippleTimeIntervals					7292.968000000001	0.8313138598623906		
7303.360000000001	0.027199999999538704	RippleTimeIntervals					7303.367200000001	0.3454058114254414		
7315.000800000001	0.023999999999432475	RippleTimeIntervals					7315.0176	0.6635669963884153		
7316.5088000000005	0.025599999999940337	RippleTimeIntervals					7316.5168	0.6539250359106958		
7319.1776	0.03840000000036525	RippleTimeIntervals					7319.2032	0.459986156481829		
7321.924800000001	0.020799999999326246	RippleTimeIntervals					7321.9376	0.7452836451429725		
7331.4528	0.028800000000046566	RippleTimeIntervals					7331.4616000000005	0.5160867075483858		
7331.5144	0.022400000000743603	RippleTimeIntervals					7331.529600000001	0.5720783483328103		
7337.6704	0.03999999999996362	RippleTimeIntervals					7337.6888	0.3227276111756918		
7339.0632000000005	0.03679999999985739	RippleTimeIntervals					7339.0824	0.8360982122794078		
7344.112800000001	0.02639999999973952	RippleTimeIntervals					7344.1344	0.30124014986331815		
7347.591200000001	0.020799999999326246	RippleTimeIntervals					7347.5960000000005	0.3730429116092603		
7348.559200000001	0.04159999999956199	RippleTimeIntervals					7348.5816	0.28178375706751235		
7352.472000000001	0.04959999999937281	RippleTimeIntervals					7352.4848	0.3007556139095434		
7361.272800000001	0.028800000000046566	RippleTimeIntervals					7361.2928	0.6430067362435284		
7361.4088	0.025599999999940337	RippleTimeIntervals					7361.4264	0.6289960955718126		
7379.1944	0.024800000000141154	RippleTimeIntervals					7379.2128	0.31423772490000185		
7451.8696	0.03760000000056607	RippleTimeIntervals					7451.899200000001	0.4661994583609381		
7455.3792	0.037599999999656575	RippleTimeIntervals					7455.4112000000005	0.38663318296322424		
7465.5536	0.06080000000019936	RippleTimeIntervals					7465.5864	0.27084098333347306		
7465.8184	0.05760000000009313	RippleTimeIntervals					7465.848800000001	0.43402208961248756		
7465.992	0.025599999999940337	RippleTimeIntervals					7465.997600000001	0.7775221152509161		
7471.4184000000005	0.040799999999762804	RippleTimeIntervals					7471.4488	0.5990509816872635		
7472.870400000001	0.023999999999432475	RippleTimeIntervals					7472.8792	0.4539681082373304		
7472.9304	0.021600000000034925	RippleTimeIntervals					7472.935200000001	0.20447295176301683		
7489.3008	0.0272000000004482	RippleTimeIntervals					7489.3096000000005	0.24907934849437038		
7489.642400000001	0.027999999999337888	RippleTimeIntervals					7489.653600000001	0.9352833666106019		
7490.8096000000005	0.02639999999973952	RippleTimeIntervals					7490.8176	0.8946916114988098		
7494.9768	0.035200000000259024	RippleTimeIntervals					7494.9816	0.2900534074130273		
7506.9696	0.02080000000023574	RippleTimeIntervals					7506.986400000001	0.3054248415281438		
7507.215200000001	0.034399999999550346	RippleTimeIntervals					7507.229600000001	0.5350198454028924		
7531.928800000001	0.025599999999940337	RippleTimeIntervals					7531.9472000000005	0.39824680360791415		
7540.935200000001	0.027199999999538704	RippleTimeIntervals					7540.9552	0.46034939813773323		
7541.0384	0.04879999999957363	RippleTimeIntervals					7541.066400000001	0.813384183203448		
7541.2424	0.024800000000141154	RippleTimeIntervals					7541.2552000000005	0.43695450610304615		
7542.3912	0.03360000000066066	RippleTimeIntervals					7542.396000000001	0.3979037007007041		
7542.54	0.052800000000388536	RippleTimeIntervals					7542.5712	0.8636663891249625		
7542.9152	0.04640000000017608	RippleTimeIntervals					7542.9552	0.2792777317589559		
7549.5104	0.025599999999940337	RippleTimeIntervals					7549.519200000001	1.0098902719383975		
7559.444	0.021600000000034925	RippleTimeIntervals					7559.4584	1.0074300546654902		
7560.439200000001	0.0319999999992433	RippleTimeIntervals					7560.4472000000005	0.3798590940944674		
7577.312800000001	0.027199999999538704	RippleTimeIntervals					7577.3168000000005	0.39818151720879547		
7582.0392	0.02400000000034197	RippleTimeIntervals					7582.051200000001	0.3026935388485442		
7582.704000000001	0.02639999999973952	RippleTimeIntervals					7582.722400000001	0.361613314713185		
7584.316000000001	0.021600000000034925	RippleTimeIntervals					7584.3216	0.3557125434069941		
7584.6848	0.020000000000436557	RippleTimeIntervals					7584.6976	0.22944295283622052		
7587.512000000001	0.023999999999432475	RippleTimeIntervals					7587.5208	0.3780319277332687		
7590.0968	0.056000000000494765	RippleTimeIntervals					7590.124000000001	0.5062837838514748		
7590.2952000000005	0.02959999999984575	RippleTimeIntervals					7590.3176	0.6822923587085545		
7592.196800000001	0.022399999999834108	RippleTimeIntervals					7592.211200000001	0.6085867639086544		
7592.2464	0.05360000000018772	RippleTimeIntervals					7592.2968	0.2563451402710826		
7597.1488	0.1639999999997599	UpDownStatesTimeIntervals							UP	
7602.0864	0.03440000000045984	RippleTimeIntervals					7602.1032000000005	0.2507983823913485		
7682.602400000001	0.02639999999973952	RippleTimeIntervals					7682.6152	0.4576305334440105		
7683.8152	0.026400000000649015	RippleTimeIntervals					7683.830400000001	0.5622004589181798		
7684.0816	0.07600000000002183	RippleTimeIntervals					7684.091200000001	0.25481066414560616		
7696.6616	0.024800000000141154	RippleTimeIntervals					7696.6736	0.30438427180536043		
7702.068	0.035200000000259024	RippleTimeIntervals					7702.0960000000005	0.4200072631869201		
7702.8248	0.03359999999975116	RippleTimeIntervals					7702.834400000001	0.4136536556581907		
7703.681600000001	0.06959999999980937	RippleTimeIntervals					7703.72	0.5270492446831273		
7703.9456	0.03279999999995198	RippleTimeIntervals					7703.9632	0.5966102473808873		
7711.7936	0.024800000000141154	RippleTimeIntervals					7711.8104	0.549691562431584		
7721.1336	0.07120000000031723	RippleTimeIntervals					7721.1512	0.4281295336403422		
7734.536	0.032000000000152795	RippleTimeIntervals					7734.540800000001	0.3103556592319121		
7734.64	0.024800000000141154	RippleTimeIntervals					7734.6576000000005	1.0768395219986078		
7734.936000000001	0.0543999999999869	RippleTimeIntervals					7734.9728000000005	0.5261671342434645		
7735.9184000000005	0.028000000000247383	RippleTimeIntervals					7735.9400000000005	0.37971361739665227		
7736.2536	0.07200000000011642	RippleTimeIntervals					7736.272800000001	0.3340445151702643		
7740.2568	0.032000000000152795	RippleTimeIntervals					7740.268800000001	0.46660174100881024		
7740.5784	0.0775999999996202	RippleTimeIntervals					7740.6368	0.4814991001242133		
7741.367200000001	0.027199999999538704	RippleTimeIntervals					7741.38	0.8158016196156721		
7742.0568	0.02959999999984575	RippleTimeIntervals					7742.068	0.2691108644327441		
7749.664000000001	0.03519999999934953	RippleTimeIntervals					7749.688	0.38170487058332003		
7753.168000000001	0.02639999999973952	RippleTimeIntervals					7753.1872	0.44936379246489416		
7754.8752	0.04399999999986903	RippleTimeIntervals					7754.880800000001	0.3215321370943697		
7758.1376	0.028800000000046566	RippleTimeIntervals					7758.1576000000005	0.24643276181532917		
7764.7104	0.028000000000247383	RippleTimeIntervals					7764.7272	0.8970144366939362		
7764.8696	0.021600000000034925	RippleTimeIntervals					7764.8752	0.44657550158575976		
7775.0616	0.03279999999995198	RippleTimeIntervals					7775.0792	0.518709820995614		
7781.868	0.02959999999984575	RippleTimeIntervals					7781.884	0.4141833310049538		
7784.156	0.03120000000035361	RippleTimeIntervals					7784.168000000001	0.8492265598320582		
7787.5528	0.03840000000036525	RippleTimeIntervals					7787.5688	0.6164852273795267		
7787.628000000001	0.08320000000003347	RippleTimeIntervals					7787.6624	0.4493682738605428		
7791.660800000001	0.035200000000259024	RippleTimeIntervals					7791.671200000001	0.3152590411263722		
7797.2448	0.028000000000247383	RippleTimeIntervals					7797.265600000001	0.4715390457856321		
7797.446400000001	0.02639999999973952	RippleTimeIntervals					7797.456	0.33506539501423604		
7798.8656	0.05760000000009313	RippleTimeIntervals					7798.916	0.5934235186223187		
7806.04	0.022400000000743603	RippleTimeIntervals					7806.0456	0.32883924223693944		
7806.3208	0.023199999999633292	RippleTimeIntervals					7806.3296	0.4651305870822693		
7810.4616000000005	0.028800000000046566	RippleTimeIntervals					7810.4736	0.9308823285357543		
7812.572	0.026400000000649015	RippleTimeIntervals					7812.580800000001	0.9637032777690935		
7812.9256000000005	0.022399999999834108	RippleTimeIntervals					7812.9368	0.8758139695222424		
7816.2808	0.0543999999999869	RippleTimeIntervals					7816.301600000001	0.34298191158068364		
7816.834400000001	0.028800000000046566	RippleTimeIntervals					7816.8552	0.40869935832804816		
7817.4448	0.04960000000028231	RippleTimeIntervals					7817.4624	1.0825682727197745		
7824.252	0.03679999999985739	RippleTimeIntervals					7824.2744	0.4267707533228758		
7824.360000000001	0.040799999999762804	RippleTimeIntervals					7824.38	0.4404157301907341		
7848.2744	0.028000000000247383	RippleTimeIntervals					7848.280000000001	0.28607844928970727		
7848.4744	0.0272000000004482	RippleTimeIntervals					7848.4800000000005	0.390171887609743		
7879.181600000001	0.04159999999956199	RippleTimeIntervals					7879.2128	0.7780280473134565		
7893.283200000001	0.025599999999940337	RippleTimeIntervals					7893.296	0.6808443056040837		
7895.892000000001	0.05199999999967986	RippleTimeIntervals					7895.914400000001	0.743204584499395		
7896.102400000001	0.037599999999656575	RippleTimeIntervals					7896.120800000001	0.6896998627897177		
7896.3752	0.03999999999996362	RippleTimeIntervals					7896.3832	0.3700164413041462		
7896.508000000001	0.03519999999934953	RippleTimeIntervals					7896.519200000001	0.7547493776050722		
7896.6904	0.030399999999644933	RippleTimeIntervals					7896.7128	0.7895508713151624		
7897.7864	0.029600000000755244	RippleTimeIntervals					7897.808	0.6662014766426325		
7898.1952	0.02080000000023574	RippleTimeIntervals					7898.2056	0.2956035923051869		
7909.500800000001	0.02639999999973952	RippleTimeIntervals					7909.5056	0.4149893736622585		
7909.5792	0.05760000000009313	RippleTimeIntervals					7909.6	0.5662051112674763		
7910.1488	0.03600000000005821	RippleTimeIntervals					7910.1656	0.5050348142511581		
7911.519200000001	0.06559999999990396	RippleTimeIntervals					7911.5272	0.408010561015524		
7911.7384	0.025599999999940337	RippleTimeIntervals					7911.7568	0.8274703897985025		
7932.696000000001	0.051199999999880674	RippleTimeIntervals					7932.7176	0.756806395274208		
7940.6792000000005	0.032000000000152795	RippleTimeIntervals					7940.688	0.49875531982665117		
7941.261600000001	0.046399999999266583	RippleTimeIntervals					7941.2808	0.6574057015748627		
7951.464800000001	0.047999999999774445	RippleTimeIntervals					7951.472000000001	0.5131608417228212		
7952.3168000000005	0.023999999999432475	RippleTimeIntervals					7952.3256	0.5658574868358921		
7968.4448	0.02080000000023574	RippleTimeIntervals					7968.453600000001	0.7346598070493666		
7984.0824	0.02400000000034197	RippleTimeIntervals					7984.0864	0.24385412783340438		
7988.9664	0.025599999999940337	RippleTimeIntervals					7988.9848	0.8232051650948697		
7990.396000000001	0.023199999999633292	RippleTimeIntervals					7990.412	0.36869460392338316		
7991.3544	0.03920000000016444	RippleTimeIntervals					7991.363200000001	0.669507844066312		
7991.5472	0.02080000000023574	RippleTimeIntervals					7991.5536	0.6141714405929464		
7992.5896	0.058399999999892316	RippleTimeIntervals					7992.636	0.34594449852613657		
7993.291200000001	0.061599999999998545	RippleTimeIntervals					7993.3224	0.3028590204963878		
7999.8352	0.034399999999550346	RippleTimeIntervals					7999.8576	0.8372331593208492		
8000.1192	0.0408000000006723	RippleTimeIntervals					8000.124000000001	0.349443714869097		
8000.4384	0.032000000000152795	RippleTimeIntervals					8000.446400000001	0.43487766321477406		
8001.599200000001	0.03920000000016444	RippleTimeIntervals					8001.6072	0.7862452936561691		
8002.128000000001	0.021600000000034925	RippleTimeIntervals					8002.1336	0.4213955081742472		
8002.7096	0.030400000000554428	RippleTimeIntervals					8002.7208	0.2769202912919489		
8027.9056	0.02400000000034197	RippleTimeIntervals					8027.921600000001	0.4413905235914683		
8037.283200000001	0.028800000000046566	RippleTimeIntervals					8037.304800000001	0.38185071578626		
8037.4656	0.02959999999984575	RippleTimeIntervals					8037.4744	0.35409880297386226		
8037.5208	0.021600000000034925	RippleTimeIntervals					8037.526400000001	0.22405741544896862		
8037.722400000001	0.02639999999973952	RippleTimeIntervals					8037.7408000000005	0.3536772228109313		
8055.029600000001	0.022399999999834108	RippleTimeIntervals					8055.0344000000005	0.30684659405073206		
8057.257600000001	0.023999999999432475	RippleTimeIntervals					8057.2784	0.2604767138761771		
8064.5784	0.0543999999999869	RippleTimeIntervals					8064.6248000000005	0.8809034845578315		
8064.7424	0.02959999999984575	RippleTimeIntervals					8064.7480000000005	1.475742231460039		
8064.908	0.03120000000035361	RippleTimeIntervals					8064.924	0.7753157991656322		
8081.3024000000005	0.022399999999834108	RippleTimeIntervals					8081.312000000001	0.2817960426951707		
8081.5160000000005	0.031199999999444117	RippleTimeIntervals					8081.5344000000005	0.7253428106340639		
8083.8336	0.024800000000141154	RippleTimeIntervals					8083.8424	0.514432624659841		
8083.9632	0.03360000000066066	RippleTimeIntervals					8083.9656	0.22896269663045882		
8089.291200000001	0.023199999999633292	RippleTimeIntervals					8089.3032	0.5095035597989734		
8129.5712	0.07520000000022264	RippleTimeIntervals					8129.620000000001	0.59933919164501		
8130.1112	0.02400000000034197	RippleTimeIntervals					8130.116800000001	0.5958211300481933		
8131.764800000001	0.043199999999160354	RippleTimeIntervals					8131.8	0.5767105760757475		
8134.0104	0.025599999999940337	RippleTimeIntervals					8134.0160000000005	0.7202659487250448		
8140.120000000001	0.03999999999996362	RippleTimeIntervals					8140.1432	0.6245950845294291		
8141.6104000000005	0.027199999999538704	RippleTimeIntervals					8141.6192	0.4649264995244341		
8143.120800000001	0.08320000000003347	RippleTimeIntervals					8143.1488	0.5997848299287308		
8143.5960000000005	0.02400000000034197	RippleTimeIntervals					8143.6144	0.468434974420634		
8146.004800000001	0.07520000000022264	RippleTimeIntervals					8146.0496	0.4286273518010659		
8147.3392	0.024800000000141154	RippleTimeIntervals					8147.344	0.2463527077949016		
8151.9088	0.024800000000141154	RippleTimeIntervals					8151.9168	0.38563875455429286		
8153.8408	0.030400000000554428	RippleTimeIntervals					8153.863200000001	0.7874527265876835		
8175.9232	0.02400000000034197	RippleTimeIntervals					8175.942400000001	0.22339809873989638		
8176.1088	0.023200000000542786	RippleTimeIntervals					8176.1184	0.2918323328147176		
8180.4056	0.03360000000066066	RippleTimeIntervals					8180.42	0.5807126303532948		
8183.7392	0.04160000000047148	RippleTimeIntervals					8183.7632	0.5370934000146106		
8190.764	0.032000000000152795	RippleTimeIntervals					8190.768800000001	0.4147649921690834		
8190.948	0.040799999999762804	RippleTimeIntervals					8190.9768	0.6131168058794539		
8193.468	0.028800000000046566	RippleTimeIntervals					8193.4896	0.4883548283331981		
8194.984	0.022399999999834108	RippleTimeIntervals					8195.0016	0.3732004756625147		
8195.0704	0.0319999999992433	RippleTimeIntervals					8195.0792	0.6784295191834943		
8195.1944	0.030399999999644933	RippleTimeIntervals					8195.2032	0.37323467576972275		
8199.365600000001	0.031199999999444117	RippleTimeIntervals					8199.3888	0.42876092857544534		
8199.503200000001	0.023199999999633292	RippleTimeIntervals					8199.5184	0.32956650969866846		
8200.2176	0.020000000000436557	RippleTimeIntervals					8200.2224	0.37047204537224776		
8200.4288	0.02959999999984575	RippleTimeIntervals					8200.4504	0.565480985077332		
8202.28	0.02479999999923166	RippleTimeIntervals					8202.3008	0.22467482387926188		
8211.98	0.03200000000106229	RippleTimeIntervals					8211.996000000001	0.41298577702870526		
8215.7184	0.030400000001463923	RippleTimeIntervals					8215.7288	0.35098982076621565		
8216.4608	0.02479999999923166	RippleTimeIntervals					8216.4776	0.8618278549655523		
8217.3248	0.03280000000086147	RippleTimeIntervals					8217.3328	0.5197267806431997		
8219.2184	0.026400000000649015	RippleTimeIntervals					8219.224	0.5428881246135755		
8226.1272	0.020000000000436557	RippleTimeIntervals					8226.1432	0.2526161986766552		
8230.857600000001	0.02479999999923166	RippleTimeIntervals					8230.8624	0.32136218064672617		
8230.908800000001	0.04079999999885331	RippleTimeIntervals					8230.937600000001	0.42159748105204303		
8232.6224	0.020000000000436557	RippleTimeIntervals					8232.6384	0.23564189706722038		
8232.9536	0.03359999999884167	RippleTimeIntervals					8232.980800000001	0.3197722389306629		
8246.1024	0.028800000000046566	RippleTimeIntervals					8246.1272	0.2799099539705305		
8248.1872	0.026400000000649015	RippleTimeIntervals					8248.1928	0.5841726319996979		
8248.9336	0.023199999999633292	RippleTimeIntervals					8248.9432	0.7103767598779324		
8262.1272	0.03440000000045984	RippleTimeIntervals					8262.1352	0.32532569803252587		
8293.784800000001	0.021600000000034925	RippleTimeIntervals					8293.7936	0.3203037461033737		
8306.86	0.020000000000436557	RippleTimeIntervals					8306.872000000001	0.3984634281530534		
8329.324	0.044799999999668216	RippleTimeIntervals					8329.3544	0.39318233535866126		
8336.900800000001	0.02959999999984575	RippleTimeIntervals					8336.923200000001	0.6807798493773465		
8342.5952	0.05040000000008149	RippleTimeIntervals					8342.6272	0.5182863147529954		
8353.3352	0.03440000000045984	RippleTimeIntervals					8353.3592	0.6995761609835915		
8354.234400000001	0.037599999999656575	RippleTimeIntervals					8354.2552	0.31759309511912354		
8354.436	0.026400000000649015	RippleTimeIntervals					8354.4416	0.6656317099293274		
8355.1856	0.07120000000031723	RippleTimeIntervals					8355.2328	0.8725147161791207		
8357.2304	0.04320000000006985	RippleTimeIntervals					8357.2672	0.3973706883452909		
8358.7864	0.030399999999644933	RippleTimeIntervals					8358.7904	0.2753624645659221		
8365.9352	0.020000000000436557	RippleTimeIntervals					8365.948	0.34416696548783227		
8366.8816	0.03679999999985739	RippleTimeIntervals					8366.8968	0.49212427901370237		
8374.1728	0.026400000000649015	RippleTimeIntervals					8374.184000000001	0.4450159671030345		
8375.7256	0.022399999999834108	RippleTimeIntervals					8375.7392	0.6300342011048463		
8377.1872	0.05520000000069558	RippleTimeIntervals					8377.2312	0.6344479945341179		
8377.4504	0.021600000000034925	RippleTimeIntervals					8377.4584	0.24646356464884484		
8377.516	0.022400000001653098	RippleTimeIntervals					8377.5296	0.6734946602811304		
8384.668800000001	0.06079999999928987	RippleTimeIntervals					8384.6744	0.5785024957258567		
8384.892	0.03920000000107393	RippleTimeIntervals					8384.92	0.3632624342557832		
8385.5376	0.0272000000004482	RippleTimeIntervals					8385.5424	0.2560654532476628		
8391.640000000001	0.05999999999949068	RippleTimeIntervals					8391.6448	0.3160458052160292		
8391.8856	0.028000000000247383	RippleTimeIntervals					8391.894400000001	0.4871468702177249		
8392.2664	0.0272000000004482	RippleTimeIntervals					8392.278400000001	0.6326784762355553		
8403.0376	0.022400000001653098	RippleTimeIntervals					8403.0552	0.5221668860715097		
8403.2224	0.03360000000066066	RippleTimeIntervals					8403.2408	0.6859726481885858		
8403.3344	0.024000000001251465	RippleTimeIntervals					8403.351200000001	0.405004893447556		
8414.8888	0.028000000000247383	RippleTimeIntervals					8414.9096	0.23603537985107484		
8418.928	0.030399999999644933	RippleTimeIntervals					8418.936800000001	0.6328040454389101		
8419.857600000001	0.0727999999999156	RippleTimeIntervals					8419.864	0.4374256377560699		
8420.0272	0.0408000000006723	RippleTimeIntervals					8420.0424	0.7951213040619844		
8427.12	0.03440000000045984	RippleTimeIntervals					8427.147200000001	0.5792551048980855		
8433.133600000001	0.04079999999885331	RippleTimeIntervals					8433.1672	0.6610438354862724		
8434.8568	0.02960000000166474	RippleTimeIntervals					8434.879200000001	0.5085623813907426		
8436.1128	0.023999999999432475	RippleTimeIntervals					8436.1248	0.3548071172196904		
8483.42	0.030399999999644933	RippleTimeIntervals					8483.430400000001	0.4361716702538461		
8484.8344	0.04800000000068394	RippleTimeIntervals					8484.8416	0.39180913752284713		
8497.836000000001	0.02079999999841675	RippleTimeIntervals					8497.8448	0.3329951495350708		
8498.6744	0.03679999999985739	RippleTimeIntervals					8498.684000000001	0.7400772336174594		
8516.133600000001	0.028000000000247383	RippleTimeIntervals					8516.1456	0.3674093545561726		
8599.8528	0.0591999999996915	RippleTimeIntervals					8599.857600000001	0.2938134097860852		
8619.8712	0.03840000000127475	RippleTimeIntervals					8619.8896	0.716825280773766		
8626.8488	0.022399999999834108	RippleTimeIntervals					8626.8536	0.24534046375203403		
8629.6728	0.05760000000009313	RippleTimeIntervals					8629.712800000001	0.25452474409157566		
8638.6976	0.03440000000045984	RippleTimeIntervals					8638.724	0.4202821720841077		
8638.9032	0.03919999999925494	RippleTimeIntervals					8638.9112	0.602590592064953		
8647.3896	0.046399999999266583	RippleTimeIntervals					8647.4168	0.4525810145022102		
8650.5472	0.03600000000005821	RippleTimeIntervals					8650.5768	0.42289773845836687		
8653.052800000001	0.026399999998830026	RippleTimeIntervals					8653.0632	0.9247435621254098		
8664.44	0.026400000000649015	RippleTimeIntervals					8664.444000000001	0.33370548624622964		
8665.5352	0.03600000000005821	RippleTimeIntervals					8665.54	0.49644429114931615		
8688.872000000001	0.023999999999432475	RippleTimeIntervals					8688.879200000001	0.5250027937010141		
8692.807200000001	0.02959999999984575	RippleTimeIntervals					8692.8248	0.3797879209532178		
8693.7184	0.04160000000047148	RippleTimeIntervals					8693.7392	0.21179811099660428		
8693.876	0.02080000000023574	RippleTimeIntervals					8693.8888	0.46644766555064504		
8694.0296	0.02320000000145228	RippleTimeIntervals					8694.0344	0.2912803428309202		
8707.5344	0.025600000000849832	RippleTimeIntervals					8707.538400000001	0.23462865501334365		
8710.0784	0.023999999999432475	RippleTimeIntervals					8710.083200000001	0.39089388870234565		
8712.0304	0.0408000000006723	RippleTimeIntervals					8712.0544	0.776025740442162		
8712.456	0.02959999999984575	RippleTimeIntervals					8712.464	0.3204134035506246		
8712.6312	0.02959999999984575	RippleTimeIntervals					8712.654400000001	0.2562912333609688		
8714.1176	0.07280000000173459	RippleTimeIntervals					8714.1592	0.43171788238657793		
8714.5816	0.026400000000649015	RippleTimeIntervals					8714.589600000001	0.811015253184397		
8718.936800000001	0.022399999999834108	RippleTimeIntervals					8718.9416	0.5231152467918592		
8730.5144	0.03679999999985739	RippleTimeIntervals					8730.528	0.2814060908949599		
8730.7304	0.030399999999644933	RippleTimeIntervals					8730.741600000001	0.4288825694759081		
8736.396	0.030399999999644933	RippleTimeIntervals					8736.4072	0.3421400185989373		
8737.504	0.04799999999886495	RippleTimeIntervals					8737.516	0.4290571546317144		
8738.0208	0.03360000000066066	RippleTimeIntervals					8738.0288	0.6653492875443314		
8738.6456	0.02959999999984575	RippleTimeIntervals					8738.6568	0.7317497504104982		
8739.0648	0.047200000000884756	RippleTimeIntervals					8739.104800000001	0.3411843960258599		
8749.4136	0.03679999999985739	RippleTimeIntervals					8749.430400000001	0.5144066288356387		
8753.538400000001	0.048799999998664134	RippleTimeIntervals					8753.5568	0.7206294150389241		
8754.732	0.040000000000873115	RippleTimeIntervals					8754.7384	0.5794887529363386		
8758.0168	0.12800000000061118	UpDownStatesTimeIntervals							DOWN	
8758.1448	0.2319999999999709	UpDownStatesTimeIntervals							UP	
8758.6352	0.5871999999999389	UpDownStatesTimeIntervals							DOWN	
8759.9832	0.04719999999906577	RippleTimeIntervals					8760.0256	0.43168516132972073		
8768.7264	0.05040000000008149	RippleTimeIntervals					8768.74	0.44868209423235555		
8773.176000000001	0.023999999999432475	RippleTimeIntervals					8773.1888	0.2361168789868473		
8775.8784	0.02080000000023574	RippleTimeIntervals					8775.8912	0.8514181667311714		
8777.2104	0.02080000000023574	RippleTimeIntervals					8777.2152	0.3832605853881477		
8781.3832	0.03920000000107393	RippleTimeIntervals					8781.4048	0.5216336171322379		
8782.372800000001	0.04320000000006985	RippleTimeIntervals					8782.3992	0.3427900349165437		
8782.495200000001	0.03439999999864085	RippleTimeIntervals					8782.5256	0.2787944885554968		
8788.2816	0.0272000000004482	RippleTimeIntervals					8788.2968	0.6676577700522086		
8817.4032	0.05199999999967986	RippleTimeIntervals					8817.408000000001	0.5305998366989213		
8817.4832	0.035200000000259024	RippleTimeIntervals					8817.4928	0.20120249899580298		
8822.669600000001	0.030399999999644933	RippleTimeIntervals					8822.6776	0.3447653159270127		
8823.364800000001	0.032799999999042484	RippleTimeIntervals					8823.3896	0.6346934750190522		
8823.536	0.02480000000105065	RippleTimeIntervals					8823.553600000001	0.49662247092673856		
8824.268	0.03200000000106229	RippleTimeIntervals					8824.292000000001	0.5085290590879552		
8825.039200000001	0.023199999999633292	RippleTimeIntervals					8825.044	0.6505102585127136		
8831.8984	0.05199999999967986	RippleTimeIntervals					8831.9272	0.4833459324137148		
8835.632800000001	0.035199999998440035	RippleTimeIntervals					8835.6568	0.7728201902725849		
8835.813600000001	0.03679999999985739	RippleTimeIntervals					8835.843200000001	0.39925219112234706		
8836.0048	0.02479999999923166	RippleTimeIntervals					8836.0152	0.20820336689308697		
8837.3256	0.056000000000494765	RippleTimeIntervals					8837.3344	0.3568984364487655		
8837.9928	0.025600000000849832	RippleTimeIntervals					8838.0144	0.6611941211397667		
8850.3456	0.039999999999054126	RippleTimeIntervals					8850.350400000001	0.5719567080180332		
8859.872800000001	0.021600000000034925	RippleTimeIntervals					8859.8832	0.29025204168256463		
8861.7368	0.02479999999923166	RippleTimeIntervals					8861.756800000001	0.23928262860757565		
8861.8832	0.028800000000046566	RippleTimeIntervals					8861.8912	0.3554105059133201		
8862.161600000001	0.04079999999885331	RippleTimeIntervals					8862.18	0.8985184492538028		
8862.7288	0.023999999999432475	RippleTimeIntervals					8862.7448	0.5230655338474506		
8867.6752	0.02080000000023574	RippleTimeIntervals					8867.68	0.3218162335534467		
8870.2728	0.026400000000649015	RippleTimeIntervals					8870.292000000001	0.4948766613872691		
8870.589600000001	0.023999999999432475	RippleTimeIntervals					8870.5944	0.32911076726008637		
8870.7456	0.022399999999834108	RippleTimeIntervals					8870.7552	0.439946145392998		
8871.0088	0.0272000000004482	RippleTimeIntervals					8871.0216	0.2606581755841061		
8871.5256	0.1543999999994412	UpDownStatesTimeIntervals							UP	
8877.7584	0.02080000000023574	RippleTimeIntervals					8877.7744	0.37339528807020855		
8879.6104	0.047200000000884756	RippleTimeIntervals					8879.6168	0.7310906353390735		
8881.4624	0.023999999999432475	RippleTimeIntervals					8881.467200000001	0.2638009661272717		
8888.476	0.020000000000436557	RippleTimeIntervals					8888.492	0.29419067242806446		
8896.6784	0.026399999998830026	RippleTimeIntervals					8896.697600000001	0.49486096232830096		
8896.7936	0.03919999999925494	RippleTimeIntervals					8896.812	0.4008025804483443		
8900.764000000001	0.03600000000005821	RippleTimeIntervals					8900.7688	0.4246142379150727		
8908.4632	0.021600000000034925	RippleTimeIntervals					8908.4776	0.3816926218226933		
8909.292000000001	0.051199999999880674	RippleTimeIntervals					8909.329600000001	0.47391143344277525		
8910.2328	0.022399999999834108	RippleTimeIntervals					8910.2472	0.47961108740910846		
8910.5208	0.028800000000046566	RippleTimeIntervals					8910.5424	0.3881549439462064		
8926.2408	0.03360000000066066	RippleTimeIntervals					8926.2544	0.4890108155835513		
8926.464	0.03440000000045984	RippleTimeIntervals					8926.472	0.5247371883371144		
8927.636	0.0319999999992433	RippleTimeIntervals					8927.66	0.43269255362586206		
8934.7296	0.02080000000023574	RippleTimeIntervals					8934.74	0.5135492999594241		
8935.3904	0.030399999999644933	RippleTimeIntervals					8935.408800000001	0.7862630435752102		
8946.1	0.028800000000046566	RippleTimeIntervals					8946.1128	0.22969178757719755		
8953.7656	0.042400000000270666	RippleTimeIntervals					8953.784	0.22034583029005472		
8961.6664	0.020000000000436557	RippleTimeIntervals					8961.6744	0.2895964673524801		
8961.9552	0.03360000000066066	RippleTimeIntervals					8961.980800000001	0.8663192027118665		
8962.7016	0.020000000000436557	RippleTimeIntervals					8962.7144	0.25282923445640465		
8972.3736	0.022399999999834108	RippleTimeIntervals					8972.388	0.5169672539137214		
8986.083200000001	0.037599999999656575	RippleTimeIntervals					8986.0992	0.4590059754134157		
8988.9704	0.025600000000849832	RippleTimeIntervals					8988.9872	0.28572210166076734		
8992.9	0.024000000001251465	RippleTimeIntervals					8992.904	0.25234363220061656		
8993.320800000001	0.05759999999827414	RippleTimeIntervals					8993.3472	0.41363394396391845		
8994.2688	0.026400000000649015	RippleTimeIntervals					8994.2904	0.200063453167624		
8994.545600000001	0.031199999999444117	RippleTimeIntervals					8994.5704	0.2685345135940405		
8995.974400000001	0.04960000000028231	RippleTimeIntervals					8996.002400000001	0.517291827087779		
8997.1384	0.02480000000105065	RippleTimeIntervals					8997.147200000001	0.44176065808492315		
9010.1936	0.0272000000004482	RippleTimeIntervals					9010.2168	0.3490754125061644		
9036.7688	0.03360000000066066	RippleTimeIntervals					9036.7976	0.28794145285295103		
9039.1944	0.03600000000005821	RippleTimeIntervals					9039.2232	0.3599015338312869		
9039.357600000001	0.03679999999985739	RippleTimeIntervals					9039.379200000001	0.30529107996367866		
9039.6144	0.02080000000023574	RippleTimeIntervals					9039.6224	0.3054698267510433		
9039.9472	0.026400000000649015	RippleTimeIntervals					9039.9632	0.7422372051895386		
9040.8608	0.023199999999633292	RippleTimeIntervals					9040.8736	1.068273854349595		
9042.5336	0.07679999999891152	RippleTimeIntervals					9042.5952	0.4768492970619792		
9042.706400000001	0.023999999999432475	RippleTimeIntervals					9042.7232	0.48741540322715227		
9044.7864	0.02479999999923166	RippleTimeIntervals					9044.800000000001	0.3160078210042028		
9052.4168	0.021600000000034925	RippleTimeIntervals					9052.4336	0.5191143659440075		
9054.6344	0.06480000000010477	RippleTimeIntervals					9054.6488	0.6496822010002784		
9054.9864	0.031200000001263106	RippleTimeIntervals					9054.995200000001	0.4762239861054033		
9060.6816	0.021600000000034925	RippleTimeIntervals					9060.6896	0.2985796955991443		
9060.9408	0.28399999999965075	UpDownStatesTimeIntervals							UP	
9065.6344	0.051199999999880674	RippleTimeIntervals					9065.6808	0.24936793615717576		
9090.376	0.03440000000045984	RippleTimeIntervals					9090.3816	0.33356224830841075		
9093.2288	0.037599999999656575	RippleTimeIntervals					9093.2408	0.5055408571991883		
9093.544	0.024000000001251465	RippleTimeIntervals					9093.5512	0.5495215388037255		
9103.4616	0.0272000000004482	RippleTimeIntervals					9103.4768	0.7323616997651434		
9104.553600000001	0.021600000000034925	RippleTimeIntervals					9104.568000000001	0.40959074711087173		
9104.9864	0.03200000000106229	RippleTimeIntervals					9104.9936	0.30132349011425025		
9105.1224	0.028000000000247383	RippleTimeIntervals					9105.133600000001	0.25441943904453257		
9107.2432	0.030399999999644933	RippleTimeIntervals					9107.263200000001	0.4825774619699049		
9110.2464	0.02959999999984575	RippleTimeIntervals					9110.2552	0.5238248989428899		
9112.8344	0.02480000000105065	RippleTimeIntervals					9112.852	0.7903400064183933		
9113.039200000001	0.02080000000023574	RippleTimeIntervals					9113.053600000001	0.22228059759660146		
9113.199200000001	0.028800000000046566	RippleTimeIntervals					9113.2096	0.7755104737754813		
9126.538400000001	0.03359999999884167	RippleTimeIntervals					9126.552800000001	0.607891396860388		
9128.531200000001	0.023199999999633292	RippleTimeIntervals					9128.5424	0.4179201151975882		
9128.6376	0.03840000000127475	RippleTimeIntervals					9128.668800000001	0.2795994590626643		
9135.553600000001	0.023199999999633292	RippleTimeIntervals					9135.5576	0.34067089907676484		
9138.7184	0.02080000000023574	RippleTimeIntervals					9138.728000000001	0.2853296476810855		
9139.668800000001	0.02079999999841675	RippleTimeIntervals					9139.683200000001	0.4530187050612763		
9139.7944	0.039999999999054126	RippleTimeIntervals					9139.7984	0.24071770951661708		
9161.1072	0.020000000000436557	RippleTimeIntervals					9161.1152	0.28048376695514304		
9161.2864	0.021600000000034925	RippleTimeIntervals					9161.3008	0.45261312734313586		
9161.668800000001	0.04079999999885331	RippleTimeIntervals					9161.6808	0.4564112472356003		
9161.892	0.040000000000873115	RippleTimeIntervals					9161.928	0.39563025276597763		
9162.7104	0.02480000000105065	RippleTimeIntervals					9162.724	0.5018296915189524		
9171.0368	0.020000000000436557	RippleTimeIntervals					9171.045600000001	0.2059410619384003		
9171.509600000001	0.025599999999030842	RippleTimeIntervals					9171.5144	0.4981092110798744		
9172.236	0.058399999999892316	RippleTimeIntervals					9172.241600000001	0.2707178678730693		
9174.713600000001	0.02080000000023574	RippleTimeIntervals					9174.7192	0.4179620553716074		
9175.002400000001	0.02079999999841675	RippleTimeIntervals					9175.016	0.4294236014104163		
9187.5	0.024000000001251465	RippleTimeIntervals					9187.508	0.460200808189017		
9201.545600000001	0.026399999998830026	RippleTimeIntervals					9201.568000000001	0.25744736121981016		
9206.7728	0.03919999999925494	RippleTimeIntervals					9206.792800000001	0.6552394465543949		
9207.5776	0.04320000000006985	RippleTimeIntervals					9207.604800000001	0.4436612759322829		
9215.3032	0.0455999999994674	RippleTimeIntervals					9215.3376	0.6580325174460232		
9215.912	0.022399999999834108	RippleTimeIntervals					9215.9176	0.778500060584062		
9217.6824	0.03200000000106229	RippleTimeIntervals					9217.7104	0.25551744999233283		
9219.632	0.047200000000884756	RippleTimeIntervals					9219.647200000001	0.3933854193154374		
9223.9848	0.02480000000105065	RippleTimeIntervals					9224.003200000001	0.20712521158377542		
9227.4776	0.0272000000004482	RippleTimeIntervals					9227.5008	0.29078704636004654		
9247.6384	0.021600000000034925	RippleTimeIntervals					9247.6432	0.2841998714776585		
9247.956	0.028000000000247383	RippleTimeIntervals					9247.976	0.6945042507752972		
9248.1272	0.05760000000009313	RippleTimeIntervals					9248.164	0.25110299097467		
9248.688	0.023199999999633292	RippleTimeIntervals					9248.7072	0.4564390327600998		
9248.8552	0.03920000000107393	RippleTimeIntervals					9248.8744	0.6739745941793375		
9270.8608	0.02479999999923166	RippleTimeIntervals					9270.8736	0.5013527197943246		
9273.6304	0.06639999999970314	RippleTimeIntervals					9273.6928	0.2758848490306536		
9273.9264	0.025600000000849832	RippleTimeIntervals					9273.9312	0.21697078520751004		
9275.1344	0.021600000000034925	RippleTimeIntervals					9275.152	0.25590159546838215		
9275.4408	0.04960000000028231	RippleTimeIntervals					9275.4536	0.4158774132756924		
9276.0472	0.04320000000006985	RippleTimeIntervals					9276.064	0.57776629337787		
9277.6248	0.024000000001251465	RippleTimeIntervals					9277.6376	0.6725758788444676		
9284.772	0.03359999999884167	RippleTimeIntervals					9284.7968	0.5237056718081927		
9286.6872	0.022399999999834108	RippleTimeIntervals					9286.7016	0.339853876481771		
9291.9336	0.020000000000436557	RippleTimeIntervals					9291.9464	0.6062976493606905		
9302.5848	0.04719999999906577	RippleTimeIntervals					9302.590400000001	0.4582645217164084		
9303.3952	0.023199999999633292	RippleTimeIntervals					9303.4136	0.3608349780513481		
9318.234400000001	0.02079999999841675	RippleTimeIntervals					9318.2368	0.24338098061607605		
9320.5872	0.0768000000007305	RippleTimeIntervals					9320.6568	0.3335199405074835		
9329.8496	0.022400000001653098	RippleTimeIntervals					9329.8616	0.6959280345103352		
9330.1712	0.02959999999984575	RippleTimeIntervals					9330.1936	0.35212956966536235		
9334.74	0.0272000000004482	RippleTimeIntervals					9334.7448	0.46536265725736176		
9337.224	0.05760000000009313	RippleTimeIntervals					9337.2472	0.33059484993366706		
9337.36	0.02080000000023574	RippleTimeIntervals					9337.365600000001	0.20083091627743055		
9337.458400000001	0.04159999999865249	RippleTimeIntervals					9337.4752	0.2566017652974466		
9341.748800000001	0.032799999999042484	RippleTimeIntervals					9341.7584	0.37253897716323425		
9343.9352	0.0408000000006723	RippleTimeIntervals					9343.9552	0.29935871707974765		
9357.32	0.03600000000005821	RippleTimeIntervals					9357.3408	0.4476755479022125		
9362.012	0.032799999999042484	RippleTimeIntervals					9362.0296	0.41196253583590636		
9362.5504	0.03679999999985739	RippleTimeIntervals					9362.5648	0.4075826315516864		
9364.136	0.025600000000849832	RippleTimeIntervals					9364.1424	0.36505119059006635		
9366.7288	0.025599999999030842	RippleTimeIntervals					9366.7368	0.5002005243567385		
9368.5488	0.030399999999644933	RippleTimeIntervals					9368.5728	0.2821860930741164		
9368.7112	0.03280000000086147	RippleTimeIntervals					9368.727200000001	0.20860401846988752		
9378.776	0.17679999999927531	UpDownStatesTimeIntervals							UP	
9378.9752	0.025599999999030842	RippleTimeIntervals					9378.984	0.4209406703125614		
9379.0624	0.028000000000247383	RippleTimeIntervals					9379.081600000001	0.345979375772258		
9381.516800000001	0.04719999999906577	RippleTimeIntervals					9381.5416	0.42018398686280023		
9408.619200000001	0.028000000000247383	RippleTimeIntervals					9408.6288	0.2871409751203898		
9495.503200000001	0.0319999999992433	RippleTimeIntervals					9495.5152	0.4416139781637832		
9495.901600000001	0.044799999999668216	RippleTimeIntervals					9495.9208	0.4563201292886288		
9495.9944	0.024000000001251465	RippleTimeIntervals					9496.0016	0.5324724157439762		
9498.647200000001	0.021600000000034925	RippleTimeIntervals					9498.6528	0.5316527255066431		
9499.0368	0.0544000000008964	RippleTimeIntervals					9499.0808	0.7859813620679653		
9510.7904	0.026400000000649015	RippleTimeIntervals					9510.8056	0.539740895931657		
9511.0	29.0	SleepStates								NREMstate
9513.5344	0.05680000000029395	RippleTimeIntervals					9513.5416	0.47217892918356363		
9513.7216	0.039999999999054126	RippleTimeIntervals					9513.7504	0.621349570011487		
9520.009600000001	0.03919999999925494	RippleTimeIntervals					9520.0288	0.233487149685298		
9530.136	0.028000000000247383	RippleTimeIntervals					9530.1568	0.7262305066508078		
9530.1864	0.031199999999444117	RippleTimeIntervals					9530.2112	0.225099522990628		
9532.2032	0.02480000000105065	RippleTimeIntervals					9532.220800000001	0.33319011130952675		
9534.719200000001	0.05679999999847496	RippleTimeIntervals					9534.7552	0.746668551054973		
9534.8992	0.02480000000105065	RippleTimeIntervals					9534.912	0.7533708345459458		
9536.1248	0.031200000001263106	RippleTimeIntervals					9536.148000000001	0.6141350719572367		
9541.0	138.0	SleepStates								WAKEstate
9553.6216	0.03280000000086147	RippleTimeIntervals					9553.6272	0.4589662174417165		
9556.8104	0.02959999999984575	RippleTimeIntervals					9556.8272	0.3458570640358337		
9556.992	0.0408000000006723	RippleTimeIntervals					9557.012	0.7860689009145474		
9573.6792	0.06480000000010477	RippleTimeIntervals					9573.736	0.9574512793018899		
9573.912	0.02080000000023574	RippleTimeIntervals					9573.9256	0.40705338218768744		
9574.2144	0.030399999999644933	RippleTimeIntervals					9574.2368	0.5637824737691668		
9578.3528	0.04160000000047148	RippleTimeIntervals					9578.3608	0.3368626670243552		
9578.416000000001	0.02479999999923166	RippleTimeIntervals					9578.437600000001	0.2773717002749855		
9590.719200000001	0.026399999998830026	RippleTimeIntervals					9590.7304	0.23968750799581048		
9593.12	0.05439999999907741	RippleTimeIntervals					9593.148000000001	0.23816220913498967		
9593.662400000001	0.022399999999834108	RippleTimeIntervals					9593.6704	0.570908697327778		
9601.74	0.03840000000127475	RippleTimeIntervals					9601.7456	0.38610090551465254		
9601.9216	0.0272000000004482	RippleTimeIntervals					9601.9264	0.3883803206468104		
9605.351200000001	0.03919999999925494	RippleTimeIntervals					9605.3672	0.48925371303142007		
9606.8008	0.03839999999945576	RippleTimeIntervals					9606.822400000001	0.4262196881603461		
9616.6888	0.026400000000649015	RippleTimeIntervals					9616.708	0.5189180155681916		
9619.0848	0.06079999999928987	RippleTimeIntervals					9619.12	0.3386016461247114		
9619.5432	0.030399999999644933	RippleTimeIntervals					9619.560000000001	0.4031740283571682		
9621.3904	0.04399999999986903	RippleTimeIntervals					9621.4176	0.36931253101793354		
9621.9176	0.0319999999992433	RippleTimeIntervals					9621.922400000001	0.4986349790950836		
9622.0544	0.0272000000004482	RippleTimeIntervals					9622.0632	0.4473775044193453		
9622.5992	0.021600000000034925	RippleTimeIntervals					9622.616	0.2585765907050262		
9627.4648	0.02480000000105065	RippleTimeIntervals					9627.4776	0.30652831670615466		
9627.5936	0.042400000000270666	RippleTimeIntervals					9627.6128	0.4325449828687908		
9627.7384	0.0272000000004482	RippleTimeIntervals					9627.752	0.5693690059032818		
9633.952000000001	0.025599999999030842	RippleTimeIntervals					9633.9704	0.24076670852345455		
9634.396	0.03360000000066066	RippleTimeIntervals					9634.4056	0.47660859720896204		
9635.5776	0.03360000000066066	RippleTimeIntervals					9635.604800000001	0.4051823689394719		
9638.7912	0.03440000000045984	RippleTimeIntervals					9638.8096	0.46737681541603593		
9649.3888	0.02479999999923166	RippleTimeIntervals					9649.4048	0.32930954990022426		
9655.6144	0.02479999999923166	RippleTimeIntervals					9655.632	0.5165192691605158		
9661.821600000001	0.023999999999432475	RippleTimeIntervals					9661.8392	0.2257775995887712		
9680.0	12.0	SleepStates								NREMstate
9686.9688	0.03679999999985739	RippleTimeIntervals					9687.0016	0.29129223614430927		
9688.8024	0.023199999999633292	RippleTimeIntervals					9688.808	0.8389293276444898		
9688.9984	0.07120000000031723	RippleTimeIntervals					9689.0408	0.46650848093210523		
9693.0	1089.0	SleepStates								WAKEstate
9703.2832	0.025600000000849832	RippleTimeIntervals					9703.2888	0.25934463888976816		
9704.0352	0.026400000000649015	RippleTimeIntervals					9704.045600000001	1.3971108353624733		
9704.8624	0.021600000000034925	RippleTimeIntervals					9704.8704	0.723171235696657		
9705.0232	0.024000000001251465	RippleTimeIntervals					9705.028	0.36228991703025554		
9705.1064	0.039999999999054126	RippleTimeIntervals					9705.118400000001	1.1159262343060772		
9705.564	0.047200000000884756	RippleTimeIntervals					9705.6032	0.47159245322787785		
9707.216	0.0591999999996915	RippleTimeIntervals					9707.2336	0.46560751900108366		
9712.951200000001	0.022399999999834108	RippleTimeIntervals					9712.9624	0.9173745991676738		
9713.0952	0.02080000000023574	RippleTimeIntervals					9713.1	0.6202976692714534		
9715.1008	0.07120000000031723	RippleTimeIntervals					9715.1128	0.5348761616440173		
9718.0808	0.03360000000066066	RippleTimeIntervals					9718.088800000001	0.27290528378848017		
9722.4896	0.023999999999432475	RippleTimeIntervals					9722.502400000001	0.42557572423047474		
9732.396	0.04399999999986903	RippleTimeIntervals					9732.4	0.21987187431021246		
9739.582400000001	0.04320000000006985	RippleTimeIntervals					9739.6064	0.4477379151695401		
9740.2264	0.0272000000004482	RippleTimeIntervals					9740.235200000001	0.30722941771898055		
9740.484	0.031199999999444117	RippleTimeIntervals					9740.4968	0.711306486993796		
9741.2504	0.020000000000436557	RippleTimeIntervals					9741.263200000001	0.2867965834111755		
9741.888	0.037599999999656575	RippleTimeIntervals					9741.9064	0.21996737755206638		
9742.0632	0.0272000000004482	RippleTimeIntervals					9742.075200000001	0.3293355425423724		
9742.6416	0.023999999999432475	RippleTimeIntervals					9742.662400000001	0.20454605469005127		
9744.082400000001	0.021600000000034925	RippleTimeIntervals					9744.096800000001	0.5167974647144409		
9745.060000000001	0.03600000000005821	RippleTimeIntervals					9745.068000000001	0.6279955153088363		
9762.8256	0.02080000000023574	RippleTimeIntervals					9762.829600000001	0.27318394151843667		
9772.412	0.04800000000068394	RippleTimeIntervals					9772.428	0.29291048650243096		
9783.6752	0.025600000000849832	RippleTimeIntervals					9783.6792	0.4537697732422994		
9786.590400000001	0.046399999999266583	RippleTimeIntervals					9786.626400000001	0.592685435982821		
9789.236	0.03919999999925494	RippleTimeIntervals					9789.2448	0.30780812067391516		
9789.3704	0.02080000000023574	RippleTimeIntervals					9789.3752	0.6389354063013354		
9789.62	0.026399999998830026	RippleTimeIntervals					9789.6392	0.4952024414083208		
9794.356	0.05200000000149885	RippleTimeIntervals					9794.3704	0.42768212728512744		
9794.552800000001	0.028800000000046566	RippleTimeIntervals					9794.5648	0.4943107324281483		
9796.6056	0.02080000000023574	RippleTimeIntervals					9796.6152	0.32009755519915456		
9796.8896	0.02479999999923166	RippleTimeIntervals					9796.9064	0.484325361371609		
9797.3816	0.028000000000247383	RippleTimeIntervals					9797.386400000001	0.2406528694940964		
9798.8392	0.02479999999923166	RippleTimeIntervals					9798.852	0.47860903906544444		
9829.8992	0.03200000000106229	RippleTimeIntervals					9829.9096	0.7386835155712278		
9834.7096	0.023999999999432475	RippleTimeIntervals					9834.720000000001	0.36725211471627733		
9835.1664	0.028000000000247383	RippleTimeIntervals					9835.18	0.2901405597206661		
9840.126400000001	0.032799999999042484	RippleTimeIntervals					9840.148000000001	0.38307214381806026		
9841.459200000001	0.02079999999841675	RippleTimeIntervals					9841.4712	0.5822479245915643		
9847.7832	0.030400000001463923	RippleTimeIntervals					9847.8032	0.31359052288024475		
9854.481600000001	0.02959999999984575	RippleTimeIntervals					9854.504	0.49814309062095885		
9857.4096	0.020000000000436557	RippleTimeIntervals					9857.415200000001	0.3655090934978741		
9867.84	0.028000000000247383	RippleTimeIntervals					9867.8608	0.4999166067998282		
9868.0184	0.03679999999985739	RippleTimeIntervals					9868.031200000001	0.4595494662502582		
9868.901600000001	0.04799999999886495	RippleTimeIntervals					9868.9104	0.2123327529383244		
9917.4264	0.022399999999834108	RippleTimeIntervals					9917.437600000001	0.21673609855690448		
9927.662400000001	0.02479999999923166	RippleTimeIntervals					9927.683200000001	0.23328355262556352		
9930.198400000001	0.0591999999996915	RippleTimeIntervals					9930.2176	0.5110085806815035		
9934.2888	0.03440000000045984	RippleTimeIntervals					9934.316	0.708975975933713		
9934.466400000001	0.027999999998428393	RippleTimeIntervals					9934.4864	0.4081872690537666		
9935.083200000001	0.037599999999656575	RippleTimeIntervals					9935.088	0.21117910335847498		
9942.952000000001	0.028800000000046566	RippleTimeIntervals					9942.973600000001	0.5952746629641436		
9943.348	0.028800000000046566	RippleTimeIntervals					9943.372800000001	0.23394908711809775		
9946.277600000001	0.0455999999994674	RippleTimeIntervals					9946.3008	0.272956794925056		
9946.448	0.028800000000046566	RippleTimeIntervals					9946.456	0.8809950894892241		
9948.3688	0.03679999999985739	RippleTimeIntervals					9948.384	0.7475103884046961		
9948.8976	0.03679999999985739	RippleTimeIntervals					9948.9168	0.32818301851702236		
9949.2872	0.02959999999984575	RippleTimeIntervals					9949.304	0.582642963480619		
9951.299200000001	0.023999999999432475	RippleTimeIntervals					9951.3128	0.43875407369028274		
9952.6496	0.03679999999985739	RippleTimeIntervals					9952.6792	0.5477688861535714		
9966.5552	0.02479999999923166	RippleTimeIntervals					9966.5728	1.0934123159170466		
9966.9176	0.02479999999923166	RippleTimeIntervals					9966.9344	0.6233421806957706		
9976.0592	0.053600000001097214	RippleTimeIntervals					9976.082400000001	0.5550416253967512		
9976.2312	0.02080000000023574	RippleTimeIntervals					9976.2392	0.36610512846737997		
9978.0848	0.03839999999945576	RippleTimeIntervals					9978.0928	0.43423288871916293		
9978.472	0.02480000000105065	RippleTimeIntervals					9978.4768	0.2794661937618513		
9979.2872	0.048800000000483124	RippleTimeIntervals					9979.292800000001	0.5800483742048947		
9979.806400000001	0.02959999999984575	RippleTimeIntervals					9979.8312	0.3268098869198208		
9987.4136	0.030400000001463923	RippleTimeIntervals					9987.423200000001	0.4038810745909575		
9988.76	0.03679999999985739	RippleTimeIntervals					9988.7744	0.8092657272941439		
9989.3464	0.02479999999923166	RippleTimeIntervals					9989.356800000001	0.5256904308661973		
10001.5088	0.0272000000004482	RippleTimeIntervals					10001.5184	0.21372863231825354		
10006.0136	0.07600000000093132	RippleTimeIntervals					10006.056	0.49885781494593173		
10006.2824	0.02480000000105065	RippleTimeIntervals					10006.2904	0.31186561138569047		
10006.4464	0.025599999999030842	RippleTimeIntervals					10006.467200000001	0.38489769727568096		
10012.8808	0.021600000000034925	RippleTimeIntervals					10012.8888	0.4629676051479679		
10015.2016	0.02080000000023574	RippleTimeIntervals					10015.2104	0.42851168295852216		
10037.5912	0.04799999999886495	RippleTimeIntervals					10037.6224	0.37696327703047144		
10052.516800000001	0.023199999999633292	RippleTimeIntervals					10052.5184	0.2256274902450944		
10101.6512	0.020000000000436557	RippleTimeIntervals					10101.66	0.35656985043486567		
10145.8616	0.03920000000107393	RippleTimeIntervals					10145.8776	0.47228619322414045		
10151.4568	0.03200000000106229	RippleTimeIntervals					10151.480800000001	0.6252049981537154		
10155.964	0.026400000000649015	RippleTimeIntervals					10155.972800000001	0.39645754723403115		
10156.083200000001	0.03439999999864085	RippleTimeIntervals					10156.1096	0.22950854645328364		
10158.763200000001	0.027999999998428393	RippleTimeIntervals					10158.768	0.45273409650343305		
10165.9056	0.02080000000023574	RippleTimeIntervals					10165.9184	0.4892191143596053		
10166.3976	0.02480000000105065	RippleTimeIntervals					10166.4056	0.4171232152092491		
10167.3744	0.02080000000023574	RippleTimeIntervals					10167.3824	0.4314156669764318		
10183.2368	0.05279999999947904	RippleTimeIntervals					10183.2456	0.48399104696343237		
10183.9576	0.028800000000046566	RippleTimeIntervals					10183.9704	0.5205985966212557		
10186.219200000001	0.04399999999986903	RippleTimeIntervals					10186.2456	0.42202965697570965		
10194.980800000001	0.035199999998440035	RippleTimeIntervals					10195.004	0.30604708910414535		
10204.3344	0.021600000000034925	RippleTimeIntervals					10204.342400000001	0.4658607071261298		
10207.1352	0.026400000000649015	RippleTimeIntervals					10207.155200000001	0.2450947841523676		
10212.3544	0.037599999999656575	RippleTimeIntervals					10212.3768	0.5691759134062141		
10222.4096	0.030399999999644933	RippleTimeIntervals					10222.415200000001	0.8647520379684914		
10226.216	0.04399999999986903	RippleTimeIntervals					10226.2248	0.5944221440966203		
10226.288	0.046399999999266583	RippleTimeIntervals					10226.3232	0.7747598613289595		
10230.9568	0.020000000000436557	RippleTimeIntervals					10230.959200000001	0.2893567851821304		
10240.76	0.020000000000436557	RippleTimeIntervals					10240.7648	0.2792933798645374		
10240.86	0.04399999999986903	RippleTimeIntervals					10240.8904	0.7671260652490943		
10265.6592	0.07600000000093132	RippleTimeIntervals					10265.7304	0.2774577321532721		
10275.232	0.02080000000023574	RippleTimeIntervals					10275.2368	0.22010332053729387		
10280.3488	0.03600000000005821	RippleTimeIntervals					10280.3616	0.8789923314401972		
10280.8536	0.0319999999992433	RippleTimeIntervals					10280.8592	0.5831454234856227		
10281.7152	0.04719999999906577	RippleTimeIntervals					10281.7248	0.6418259844408535		
10282.277600000001	0.03359999999884167	RippleTimeIntervals					10282.3032	0.5936843204100235		
10282.332	0.02959999999984575	RippleTimeIntervals					10282.34	0.5256319065148776		
10283.7096	0.05040000000008149	RippleTimeIntervals					10283.7512	0.5492884185433867		
10284.4616	0.02479999999923166	RippleTimeIntervals					10284.464	0.214987546071458		
10290.008	0.025600000000849832	RippleTimeIntervals					10290.0208	0.23982367536691532		
10291.0232	0.02480000000105065	RippleTimeIntervals					10291.039200000001	1.0755450777026323		
10292.5008	0.028800000000046566	RippleTimeIntervals					10292.5224	0.4912040410025293		
10294.2224	0.023999999999432475	RippleTimeIntervals					10294.2384	0.3951048718792458		
10294.429600000001	0.04719999999906577	RippleTimeIntervals					10294.4696	0.5973081629408848		
10295.1384	0.02320000000145228	RippleTimeIntervals					10295.1456	0.40697734168632016		
10296.9552	0.030399999999644933	RippleTimeIntervals					10296.9632	0.30651359118854166		
10301.7504	0.028800000000046566	RippleTimeIntervals					10301.7576	0.22056039004011455		
10310.1432	0.0544000000008964	RippleTimeIntervals					10310.152	0.3541520863000414		
10312.9128	0.02080000000023574	RippleTimeIntervals					10312.9176	0.4352756616367705		
10313.9272	0.03360000000066066	RippleTimeIntervals					10313.9328	0.6974318554846229		
10314.083200000001	0.025599999999030842	RippleTimeIntervals					10314.0944	0.6659592373399575		
10315.0256	0.030399999999644933	RippleTimeIntervals					10315.0368	0.6007597707323167		
10317.401600000001	0.02719999999862921	RippleTimeIntervals					10317.4112	0.2904555537702844		
10327.4776	0.021600000000034925	RippleTimeIntervals					10327.492	0.9532342058199951		
10332.116	0.04800000000068394	RippleTimeIntervals					10332.136	0.48071930217640896		
10338.8312	0.046399999999266583	RippleTimeIntervals					10338.8472	0.5015849501715559		
10339.144	0.042400000000270666	RippleTimeIntervals					10339.161600000001	0.38152705773813367		
10341.7144	0.04320000000006985	RippleTimeIntervals					10341.7328	0.49550231570135084		
10341.9504	0.020000000000436557	RippleTimeIntervals					10341.959200000001	0.3745802551984938		
10344.3632	0.020000000000436557	RippleTimeIntervals					10344.376	0.29005262549333144		
10344.690400000001	0.030399999999644933	RippleTimeIntervals					10344.7176	0.23072608278120482		
10350.9216	0.02080000000023574	RippleTimeIntervals					10350.9264	0.293178432230794		
10353.1528	0.026400000000649015	RippleTimeIntervals					10353.1584	0.5627353061371776		
10386.1664	0.0408000000006723	RippleTimeIntervals					10386.176000000001	0.3546073229410498		
10386.6016	0.03920000000107393	RippleTimeIntervals					10386.6072	0.3947829045212741		
10388.351200000001	0.05999999999949068	RippleTimeIntervals					10388.3904	0.7547486827689729		
10388.5728	0.0272000000004482	RippleTimeIntervals					10388.5808	0.9901332894178837		
10389.3256	0.025600000000849832	RippleTimeIntervals					10389.3312	0.37227179736129534		
10389.451200000001	0.0639999999984866	RippleTimeIntervals					10389.4568	0.5707481288011664		
10389.6664	0.04320000000006985	RippleTimeIntervals					10389.6712	0.23166894999343204		
10393.814400000001	0.03600000000005821	RippleTimeIntervals					10393.8256	1.2332241593942734		
10396.684000000001	0.023999999999432475	RippleTimeIntervals					10396.6896	0.5395624093933667		
10396.7976	0.04399999999986903	RippleTimeIntervals					10396.8248	0.28118568559048807		
10397.8448	0.028000000000247383	RippleTimeIntervals					10397.8536	0.5069612520049538		
10397.960000000001	0.03679999999985739	RippleTimeIntervals					10397.9648	0.23093494727388492		
10399.974400000001	0.04159999999865249	RippleTimeIntervals					10399.9912	0.5561391927798182		
10400.1808	0.03360000000066066	RippleTimeIntervals					10400.2072	0.4732165688539609		
10401.068800000001	0.023999999999432475	RippleTimeIntervals					10401.084	0.9126938599522225		
10402.560800000001	0.028800000000046566	RippleTimeIntervals					10402.5728	0.37486713796037074		
10404.125600000001	0.022399999999834108	RippleTimeIntervals					10404.1304	0.29341219993385487		
10435.169600000001	0.058399999999892316	RippleTimeIntervals					10435.1784	0.5636583928555775		
10437.204	0.024000000001251465	RippleTimeIntervals					10437.2112	0.2848037551101081		
10439.103200000001	0.026399999998830026	RippleTimeIntervals					10439.119200000001	0.5136049319610941		
10441.4712	0.02480000000105065	RippleTimeIntervals					10441.4912	0.3283110995678737		
10442.908800000001	0.039999999999054126	RippleTimeIntervals					10442.9408	0.4563856716974914		
10444.5008	0.04320000000006985	RippleTimeIntervals					10444.539200000001	0.2664606084310107		
10448.219200000001	0.062399999998888234	RippleTimeIntervals					10448.2696	0.47905854796076613		
10465.815200000001	0.02479999999923166	RippleTimeIntervals					10465.8232	0.2472910641622871		
10465.8768	0.06880000000091968	RippleTimeIntervals					10465.8856	0.7107420767638144		
10476.0624	0.021600000000034925	RippleTimeIntervals					10476.0728	0.20894341371237202		
10489.415200000001	0.02479999999923166	RippleTimeIntervals					10489.42	0.2227608161499074		
10492.0856	0.021600000000034925	RippleTimeIntervals					10492.097600000001	0.7851158033627864		
10492.5504	0.023199999999633292	RippleTimeIntervals					10492.5624	0.6314379705861469		
10492.964	0.025600000000849832	RippleTimeIntervals					10492.973600000001	0.3080447654311644		
10494.6584	0.037599999999656575	RippleTimeIntervals					10494.6888	0.3400215322754109		
10495.473600000001	0.023199999999633292	RippleTimeIntervals					10495.4784	0.25215723357540265		
10495.5864	0.02959999999984575	RippleTimeIntervals					10495.5952	0.4338589764025089		
10495.806400000001	0.04159999999865249	RippleTimeIntervals					10495.8408	0.6233279406170739		
10498.2744	0.023199999999633292	RippleTimeIntervals					10498.285600000001	0.3304741238405299		
10506.732	0.03280000000086147	RippleTimeIntervals					10506.749600000001	0.7703276889140088		
10507.6512	0.03440000000045984	RippleTimeIntervals					10507.6672	0.5537952019389178		
10519.3528	0.044799999999668216	RippleTimeIntervals					10519.3632	0.4944790548881978		
10520.313600000001	0.023199999999633292	RippleTimeIntervals					10520.329600000001	0.47452188619164226		
10530.4536	0.023999999999432475	RippleTimeIntervals					10530.4704	0.36636551720145494		
10543.4184	0.028000000000247383	RippleTimeIntervals					10543.4344	0.45001192188363953		
10543.850400000001	0.02080000000023574	RippleTimeIntervals					10543.8552	0.25632270461452433		
10543.915200000001	0.048799999998664134	RippleTimeIntervals					10543.936800000001	0.4543550535908832		
10544.7032	0.021600000000034925	RippleTimeIntervals					10544.7176	0.5178323832474258		
10546.016	2197.344000000001	epochs	fCamk1_200909_115825	Maze	Linear maze	uLED random stim				
10548.315200000001	0.02479999999923166	RippleTimeIntervals					10548.3328	0.47659869418980705		
10551.7816	0.03600000000005821	RippleTimeIntervals					10551.7904	0.2751912677367277		
10551.9056	0.026400000000649015	RippleTimeIntervals					10551.924	0.5615294229466626		
10555.3264	0.03600000000005821	RippleTimeIntervals					10555.3472	0.2817656740897825		
10566.256000000001	0.023199999999633292	RippleTimeIntervals					10566.2744	0.3402373843720707		
10696.4488	0.05760000000009313	RippleTimeIntervals					10696.5	0.5105876949868609		
10726.6056	0.03600000000005821	RippleTimeIntervals					10726.62	2.4303962956206653		
10758.662400000001	0.021600000000034925	RippleTimeIntervals					10758.6728	0.7318843820680327		
10783.0	10.0	SleepStates								NREMstate
10788.3136	0.2584000000006199	UpDownStatesTimeIntervals							UP	
10790.076	0.1088000000017928	UpDownStatesTimeIntervals							UP	
10790.824	0.13279999999940628	UpDownStatesTimeIntervals							UP	
10791.7488	0.13760000000002037	UpDownStatesTimeIntervals							UP	
10794.0	52.0	SleepStates								WAKEstate
10827.3736	0.06639999999970314	RippleTimeIntervals					10827.423200000001	2.5445206768990967		
10847.0	8.0	SleepStates								NREMstate
10850.5104	0.15680000000065775	UpDownStatesTimeIntervals							UP	
10851.1552	0.48880000000099244	UpDownStatesTimeIntervals							DOWN	
10851.7848	0.15680000000065775	UpDownStatesTimeIntervals							UP	
10853.6184	0.24719999999979336	UpDownStatesTimeIntervals							UP	
10854.8584	0.21440000000075088	UpDownStatesTimeIntervals							UP	
10856.0	285.0	SleepStates								WAKEstate
10884.467200000001	0.030399999999644933	RippleTimeIntervals					10884.4904	1.5665632045318354		
10884.517600000001	0.031199999999444117	RippleTimeIntervals					10884.539200000001	0.31542405449400024		
10884.5768	0.02080000000023574	RippleTimeIntervals					10884.5928	1.0762045950123735		
10963.368	0.02080000000023574	RippleTimeIntervals					10963.372800000001	0.705181135766028		
10964.9216	0.0272000000004482	RippleTimeIntervals					10964.9256	0.5837365349456499		
10976.6392	0.03360000000066066	RippleTimeIntervals					10976.6456	0.5778942832096767		
11004.9976	0.03440000000045984	RippleTimeIntervals					11005.003200000001	0.693932152026447		
11089.6008	0.022399999999834108	RippleTimeIntervals					11089.6088	2.699992878031804		
11089.672	0.0272000000004482	RippleTimeIntervals					11089.691200000001	0.51486169222566		
11117.52	0.04960000000028231	RippleTimeIntervals					11117.5304	1.988430589446892		
11120.648000000001	0.03439999999864085	RippleTimeIntervals					11120.6776	0.3740676154232911		
11142.0	8.0	SleepStates								NREMstate
11145.2352	0.19600000000173168	UpDownStatesTimeIntervals							UP	
11146.86	0.1551999999992404	UpDownStatesTimeIntervals							UP	
11147.6984	0.12960000000020955	UpDownStatesTimeIntervals							UP	
11148.464	0.19360000000051514	UpDownStatesTimeIntervals							UP	
11148.5488	0.047200000000884756	RippleTimeIntervals					11148.592	0.40640009659361587		
11148.9088	0.18320000000130676	UpDownStatesTimeIntervals							UP	
11151.0	212.0	SleepStates								WAKEstate
11307.951200000001	0.035199999998440035	RippleTimeIntervals					11307.958400000001	0.5750407883623407		
11364.0	44.0	SleepStates								NREMstate
11364.4952	0.6231999999999971	UpDownStatesTimeIntervals							UP	
11365.888	0.1679999999996653	UpDownStatesTimeIntervals							UP	
11366.632	0.1592000000000553	UpDownStatesTimeIntervals							UP	
11367.212	0.11679999999978463	UpDownStatesTimeIntervals							DOWN	
11378.0448	0.16079999999965366	UpDownStatesTimeIntervals							UP	
11378.7704	0.13839999999981956	UpDownStatesTimeIntervals							UP	
11383.4984	0.36080000000038126	UpDownStatesTimeIntervals							UP	
11384.3224	0.15760000000045693	UpDownStatesTimeIntervals							UP	
11385.7144	0.15359999999964202	UpDownStatesTimeIntervals							UP	
11385.762400000001	0.058399999999892316	RippleTimeIntervals					11385.7824	2.38880051876555		
11388.0864	0.16480000000046857	UpDownStatesTimeIntervals							UP	
11389.1864	0.25759999999900174	UpDownStatesTimeIntervals							UP	
11389.656	0.14879999999902793	UpDownStatesTimeIntervals							UP	
11390.6784	0.18959999999970023	UpDownStatesTimeIntervals							UP	
11394.3208	0.15760000000045693	UpDownStatesTimeIntervals							UP	
11395.092	0.35759999999936554	UpDownStatesTimeIntervals							DOWN	
11395.4496	0.1640000000006694	UpDownStatesTimeIntervals							UP	
11409.0	276.0	SleepStates								WAKEstate
11419.089600000001	0.03679999999985739	RippleTimeIntervals					11419.0984	1.0328140601938756		
11447.445600000001	0.025599999999030842	RippleTimeIntervals					11447.4496	0.49213836813030637		
11649.037600000001	0.05519999999887659	RippleTimeIntervals					11649.0632	1.0507996163691598		
11686.0	31.0	SleepStates								NREMstate
11689.1416	0.1503999999986263	UpDownStatesTimeIntervals							UP	
11697.4592	0.12800000000061118	UpDownStatesTimeIntervals							UP	
11698.4152	0.15359999999964202	UpDownStatesTimeIntervals							UP	
11698.9504	0.2592000000004191	UpDownStatesTimeIntervals							UP	
11699.8744	0.1679999999996653	UpDownStatesTimeIntervals							UP	
11700.848	0.05999999999949068	UpDownStatesTimeIntervals							DOWN	
11709.5416	0.13839999999981956	UpDownStatesTimeIntervals							UP	
11709.5912	0.023199999999633292	RippleTimeIntervals					11709.6096	0.30418101423137917		
11710.26	0.08079999999972642	UpDownStatesTimeIntervals							UP	
11711.3776	0.15279999999984284	UpDownStatesTimeIntervals							UP	
11712.316	0.1407999999992171	UpDownStatesTimeIntervals							UP	
11715.472	0.1592000000000553	UpDownStatesTimeIntervals							UP	
11718.0	546.0	SleepStates								WAKEstate
11737.822400000001	0.028000000000247383	RippleTimeIntervals					11737.836000000001	6.892345206890544		
11751.619200000001	0.022399999999834108	RippleTimeIntervals					11751.633600000001	4.148651669195882		
11887.9056	0.02320000000145228	RippleTimeIntervals					11887.92	3.4795222934100067		
11920.7184	0.040000000000873115	RippleTimeIntervals					11920.752	0.8214624957205782		
11930.6312	0.05280000000129803	RippleTimeIntervals					11930.6456	1.8415935910498984		
11949.656	0.03360000000066066	RippleTimeIntervals					11949.6816	0.4614460629563821		
12033.560800000001	0.048799999998664134	RippleTimeIntervals					12033.5776	6.637105730222563		
12258.1952	0.03280000000086147	RippleTimeIntervals					12258.220800000001	0.8504501497797068		
12259.537600000001	0.04399999999986903	RippleTimeIntervals					12259.548	1.2232299778165001		
12265.0	7.0	SleepStates								NREMstate
12265.7104	0.16560000000026776	UpDownStatesTimeIntervals							UP	
12266.4928	0.25200000000040745	UpDownStatesTimeIntervals							UP	
12267.3888	0.15120000000024447	UpDownStatesTimeIntervals							UP	
12270.5128	0.2495999999991909	UpDownStatesTimeIntervals							UP	
12271.1864	0.07359999999971478	UpDownStatesTimeIntervals							UP	
12271.5176	0.2872000000006665	UpDownStatesTimeIntervals							DOWN	
12271.8048	0.18000000000029104	UpDownStatesTimeIntervals							UP	
12273.0	39.0	SleepStates								WAKEstate
12312.4984	0.16319999999905122	UpDownStatesTimeIntervals							UP	
12313.0	25.0	SleepStates								NREMstate
12313.6184	0.1455999999998312	UpDownStatesTimeIntervals							UP	
12314.1088	0.14400000000023283	UpDownStatesTimeIntervals							UP	
12316.304	0.12960000000020955	UpDownStatesTimeIntervals							UP	
12316.8128	0.35200000000077125	UpDownStatesTimeIntervals							UP	
12317.4352	0.16480000000046857	UpDownStatesTimeIntervals							UP	
12319.348	0.2136000000009517	UpDownStatesTimeIntervals							UP	
12320.0904	0.1856000000007043	UpDownStatesTimeIntervals							UP	
12321.7336	0.14639999999963038	UpDownStatesTimeIntervals							UP	
12327.344	0.16560000000026776	UpDownStatesTimeIntervals							UP	
12329.9512	0.09760000000096625	UpDownStatesTimeIntervals							DOWN	
12330.7976	0.19440000000031432	UpDownStatesTimeIntervals							UP	
12339.0	248.0	SleepStates								WAKEstate
12347.5	0.028800000000046566	RippleTimeIntervals					12347.509600000001	2.3936273557394654		
12350.5848	0.022399999999834108	RippleTimeIntervals					12350.6	0.4394860975921422		
12362.4184	0.04960000000028231	RippleTimeIntervals					12362.4544	4.675910991677329		
12517.574400000001	0.03439999999864085	RippleTimeIntervals					12517.588000000002	6.371214369784627		
12521.824	0.042400000000270666	RippleTimeIntervals					12521.8464	0.8952093605352175		
12523.262400000001	0.021600000000034925	RippleTimeIntervals					12523.2728	0.9057289356813714		
12531.3848	0.056000000000494765	RippleTimeIntervals					12531.3976	1.6442797327184533		
12566.608	0.021600000000034925	RippleTimeIntervals					12566.628	0.3354327662680793		
12568.544	0.028800000000046566	RippleTimeIntervals					12568.5488	0.23560061460972226		
12573.9544	0.0544000000008964	RippleTimeIntervals					12574.0048	0.2678866116198768		
12588.0	11.0	SleepStates								NREMstate
12588.9464	0.15279999999984284	UpDownStatesTimeIntervals							UP	
12589.9672	0.3232000000007247	UpDownStatesTimeIntervals							UP	
12590.4736	0.13040000000000873	UpDownStatesTimeIntervals							UP	
12596.3248	0.14719999999942956	UpDownStatesTimeIntervals							UP	
12597.2408	0.1264000000010128	UpDownStatesTimeIntervals							UP	
12597.9904	0.127199999998993	UpDownStatesTimeIntervals							UP	
12600.0	41.0	SleepStates								WAKEstate
12642.0	12.0	SleepStates								NREMstate
12643.144	0.12559999999939464	UpDownStatesTimeIntervals							UP	
12643.904	0.13359999999920547	UpDownStatesTimeIntervals							UP	
12654.1928	0.14719999999942956	UpDownStatesTimeIntervals							UP	
12655.0	1106.0	SleepStates								WAKEstate
12691.4552	0.03360000000066066	RippleTimeIntervals					12691.4696	11.919845189694367		
12732.430400000001	0.042400000000270666	RippleTimeIntervals					12732.459200000001	6.054948423905076		
12743.36	2546.3359999999993	epochs	fCamk1_200909_123555	PostStim	Home cage	uLED random stim				
12771.4096	0.021600000000034925	RippleTimeIntervals					12771.4136	0.2788257603261431		
12796.2648	0.037599999999656575	RippleTimeIntervals					12796.2736	0.34989752604225594		
12798.904	0.022399999999834108	RippleTimeIntervals					12798.9096	0.9882843232969156		
12801.344000000001	0.022399999999834108	RippleTimeIntervals					12801.3592	0.6277425508782181		
12863.1424	0.025600000000849832	RippleTimeIntervals					12863.1504	0.4441493374608665		
12863.2544	0.02480000000105065	RippleTimeIntervals					12863.263200000001	0.5749114598763491		
12868.218400000002	0.021599999998215935	RippleTimeIntervals					12868.232	0.7792382814690328		
12870.4616	0.037599999999656575	RippleTimeIntervals					12870.4752	0.4879872753633611		
12874.296	0.026400000000649015	RippleTimeIntervals					12874.3032	0.38320631432003893		
12888.778400000001	0.037599999999656575	RippleTimeIntervals					12888.798400000001	0.5689356367341148		
12891.900800000001	0.030399999999644933	RippleTimeIntervals					12891.914400000001	0.4901107541194679		
12903.8704	0.028000000000247383	RippleTimeIntervals					12903.8912	0.5582707909588904		
12997.6576	0.022399999999834108	RippleTimeIntervals					12997.668000000001	0.4012751427800098		
13023.2464	0.02480000000105065	RippleTimeIntervals					13023.2576	0.39431878964440525		
13023.3112	0.030400000001463923	RippleTimeIntervals					13023.3304	0.4608971573821199		
13023.401600000001	0.025599999999030842	RippleTimeIntervals					13023.408800000001	0.38838603818475353		
13023.653600000001	0.0727999999999156	RippleTimeIntervals					13023.7104	0.7209300120200265		
13058.4336	0.028000000000247383	RippleTimeIntervals					13058.4488	0.7705990235511717		
13067.546400000001	0.053599999999278225	RippleTimeIntervals					13067.5792	0.35933224965523364		
13081.6448	0.028000000000247383	RippleTimeIntervals					13081.660800000001	0.7730723978839728		
13093.5624	0.022399999999834108	RippleTimeIntervals					13093.5792	0.23301014725112715		
13101.964	0.040000000000873115	RippleTimeIntervals					13101.979200000002	0.7980322881495673		
13121.154400000001	0.03359999999884167	RippleTimeIntervals					13121.1728	0.47527674387286134		
13127.9024	0.0272000000004482	RippleTimeIntervals					13127.9128	0.25517170238572195		
13137.0544	0.023999999999432475	RippleTimeIntervals					13137.0648	0.3697240012365475		
13137.168000000001	0.028800000000046566	RippleTimeIntervals					13137.176000000001	0.30393282988601605		
13143.5784	0.03679999999985739	RippleTimeIntervals					13143.5872	0.5091015955236391		
13148.4928	0.02320000000145228	RippleTimeIntervals					13148.509600000001	0.4561550916818599		
13155.4248	0.028800000000046566	RippleTimeIntervals					13155.443200000002	0.7125833495425467		
13166.646400000001	0.023999999999432475	RippleTimeIntervals					13166.654400000001	0.3112230946705497		
13174.4912	0.035200000000259024	RippleTimeIntervals					13174.5112	0.622934625917689		
13174.896	0.02080000000023574	RippleTimeIntervals					13174.9064	0.5086107113387333		
13176.9128	0.0272000000004482	RippleTimeIntervals					13176.9176	0.656538499931236		
13179.9832	0.028800000000046566	RippleTimeIntervals					13179.9928	0.4422267694733251		
13182.3968	0.03440000000045984	RippleTimeIntervals					13182.412	0.6482898332606077		
13187.430400000001	0.04799999999886495	RippleTimeIntervals					13187.457600000002	0.9425346778846375		
13188.856800000001	0.062399999998888234	RippleTimeIntervals					13188.9064	0.7192934493979001		
13226.3312	0.031199999999444117	RippleTimeIntervals					13226.3384	0.46411022331768476		
13389.58	0.042400000000270666	RippleTimeIntervals					13389.608	0.4502247895979737		
13412.821600000001	0.023999999999432475	RippleTimeIntervals					13412.835200000001	0.5527596679033577		
13428.6816	0.0272000000004482	RippleTimeIntervals					13428.7008	0.7924972665883921		
13429.7896	0.058399999999892316	RippleTimeIntervals					13429.829600000001	0.41667428146454333		
13441.9768	0.024000000001251465	RippleTimeIntervals					13441.993600000002	0.7166762670699239		
13443.004	0.020000000000436557	RippleTimeIntervals					13443.016800000001	0.7619567145450827		
13444.3464	0.031200000001263106	RippleTimeIntervals					13444.365600000001	0.5175763005087726		
13444.8552	0.037600000001475564	RippleTimeIntervals					13444.876	0.5632636423344622		
13445.0944	0.021600000000034925	RippleTimeIntervals					13445.1088	0.33254931050895786		
13445.6064	0.023999999999432475	RippleTimeIntervals					13445.612000000001	0.7351707841767272		
13461.868	0.0272000000004482	RippleTimeIntervals					13461.885600000001	0.5237473887765896		
13463.3768	0.03840000000127475	RippleTimeIntervals					13463.3984	0.2635536426122444		
13478.640800000001	0.02479999999923166	RippleTimeIntervals					13478.646400000001	0.8318748929158202		
13479.496000000001	0.053599999999278225	RippleTimeIntervals					13479.5048	0.8763307627735126		
13480.206400000001	0.02479999999923166	RippleTimeIntervals					13480.218400000002	0.930985570731907		
13492.1088	0.04560000000128639	RippleTimeIntervals					13492.1344	0.44380672439779323		
13521.416000000001	0.03359999999884167	RippleTimeIntervals					13521.430400000001	0.37865611370207997		
13523.9856	0.02959999999984575	RippleTimeIntervals					13523.9968	0.6845656568837639		
13529.4312	0.053599999999278225	RippleTimeIntervals					13529.4552	0.7603140438304763		
13548.003200000001	0.031199999999444117	RippleTimeIntervals					13548.008000000002	0.3500944413554272		
13566.487200000001	0.021600000000034925	RippleTimeIntervals					13566.501600000001	0.3770091902847833		
13762.0	7.0	SleepStates								NREMstate
13765.852	0.0319999999992433	RippleTimeIntervals					13765.868	0.40745466683097975		
13770.0	743.0	SleepStates								WAKEstate
13795.2976	0.021600000000034925	RippleTimeIntervals					13795.3104	0.845968456924464		
13796.0064	0.06240000000070722	RippleTimeIntervals					13796.017600000001	0.39124165137519473		
13809.3048	0.03280000000086147	RippleTimeIntervals					13809.3104	0.4002209616822063		
13865.972000000002	0.02079999999841675	RippleTimeIntervals					13865.9856	0.4983578790683816		
13866.0272	0.0272000000004482	RippleTimeIntervals					13866.032000000001	0.3920862186964507		
13898.7312	0.06000000000130967	RippleTimeIntervals					13898.742400000001	0.595807442653311		
13904.348800000002	0.032799999999042484	RippleTimeIntervals					13904.372000000001	0.4937337621204007		
13911.8544	0.03600000000005821	RippleTimeIntervals					13911.872000000001	0.8372426256588323		
13912.307200000001	0.02959999999984575	RippleTimeIntervals					13912.315200000001	0.5716097502550329		
13928.849600000001	0.026399999998830026	RippleTimeIntervals					13928.864800000001	0.20793313378838577		
13930.6568	0.02479999999923166	RippleTimeIntervals					13930.6744	0.4779940907908562		
13936.647200000001	0.023999999999432475	RippleTimeIntervals					13936.66	0.38563789959849915		
13937.690400000001	0.021600000000034925	RippleTimeIntervals					13937.7024	0.616467307795257		
13939.654400000001	0.022399999999834108	RippleTimeIntervals					13939.6592	0.48832805211469527		
13940.625600000001	0.042400000000270666	RippleTimeIntervals					13940.644	0.4435956793123433		
13946.683200000001	0.023999999999432475	RippleTimeIntervals					13946.6944	0.4689749441800645		
13947.039200000001	0.030399999999644933	RippleTimeIntervals					13947.059200000002	0.2882708139662189		
13949.2824	0.022399999999834108	RippleTimeIntervals					13949.296	0.6228587213520574		
13972.161600000001	0.02080000000023574	RippleTimeIntervals					13972.176000000001	0.4029159867376339		
14091.9616	0.03600000000005821	RippleTimeIntervals					14091.981600000001	0.350176625673875		
14113.0056	0.06240000000070722	RippleTimeIntervals					14113.0416	4.222217257418179		
14155.584	0.023199999999633292	RippleTimeIntervals					14155.588800000001	0.5759722314388366		
14181.291200000001	0.02079999999841675	RippleTimeIntervals					14181.3048	0.3459310598491543		
14243.013600000002	0.02479999999923166	RippleTimeIntervals					14243.0184	0.36663696396082923		
14244.644	0.022400000001653098	RippleTimeIntervals					14244.6544	0.38873210181216417		
14245.832	0.04640000000108557	RippleTimeIntervals					14245.8664	0.23592023352114844		
14252.136	0.025599999999030842	RippleTimeIntervals					14252.144	0.5029889166957103		
14252.2608	0.06000000000130967	RippleTimeIntervals					14252.2864	0.550440477625649		
14255.790400000002	0.04159999999865249	RippleTimeIntervals					14255.8016	0.9418271726521655		
14261.7288	0.02479999999923166	RippleTimeIntervals					14261.740000000002	1.2683963988429825		
14262.052	0.028800000000046566	RippleTimeIntervals					14262.0624	1.1826343858459052		
14273.3024	0.03440000000045984	RippleTimeIntervals					14273.319200000002	0.721965661465538		
14281.3464	0.02320000000145228	RippleTimeIntervals					14281.351200000001	0.2847610622718407		
14319.5624	0.025599999999030842	RippleTimeIntervals					14319.572800000002	0.4654670295979653		
14327.821600000001	0.035200000000259024	RippleTimeIntervals					14327.8304	0.9878062793589613		
14341.676	0.07120000000213622	RippleTimeIntervals					14341.699200000001	0.7233351844360985		
14343.0432	0.022400000001653098	RippleTimeIntervals					14343.058400000002	0.6500173292387695		
14345.5784	0.031199999999444117	RippleTimeIntervals					14345.601600000002	0.4827540085452962		
14346.0784	0.021600000000034925	RippleTimeIntervals					14346.088	0.48179252427957947		
14346.195200000002	0.02239999999801512	RippleTimeIntervals					14346.204000000002	0.4694965241532534		
14346.6288	0.051199999999880674	RippleTimeIntervals					14346.666400000002	0.7228733979981211		
14346.8392	0.04399999999986903	RippleTimeIntervals					14346.86	0.6434590204234584		
14348.5408	0.03600000000005821	RippleTimeIntervals					14348.556800000002	0.8188693652045113		
14351.7504	0.028800000000046566	RippleTimeIntervals					14351.756000000001	0.46246982327481756		
14353.742400000001	0.030399999999644933	RippleTimeIntervals					14353.7512	0.9350970198588437		
14361.988800000001	0.02719999999862921	RippleTimeIntervals					14362.0	1.030977320533131		
14365.0776	0.026400000000649015	RippleTimeIntervals					14365.0848	0.48231141742926364		
14365.3056	0.037600000001475564	RippleTimeIntervals					14365.3248	0.3279933020934943		
14372.205600000001	0.04799999999886495	RippleTimeIntervals					14372.235200000001	0.5260514085475556		
14400.604800000001	0.023999999999432475	RippleTimeIntervals					14400.610400000001	0.3536587391867767		
14409.741600000001	0.027999999998428393	RippleTimeIntervals					14409.748800000001	0.5045860825189512		
14418.267200000002	0.027999999998428393	RippleTimeIntervals					14418.276000000002	0.35942166345704785		
14420.198400000001	0.026399999998830026	RippleTimeIntervals					14420.206400000001	0.813781574811624		
14420.396	0.022399999999834108	RippleTimeIntervals					14420.401600000001	0.8654387473195931		
14421.835200000001	0.02079999999841675	RippleTimeIntervals					14421.849600000001	0.2521807257717116		
14422.0992	0.02080000000023574	RippleTimeIntervals					14422.104000000001	0.4703489253538507		
14422.270400000001	0.03280000000086147	RippleTimeIntervals					14422.2792	0.4790047985313484		
14424.892800000001	0.023199999999633292	RippleTimeIntervals					14424.9008	0.5988297595360856		
14425.028000000002	0.021600000000034925	RippleTimeIntervals					14425.042400000002	0.33359618998982477		
14432.5088	0.03920000000107393	RippleTimeIntervals					14432.524800000001	0.6952676374438714		
14432.618400000001	0.03839999999945576	RippleTimeIntervals					14432.626400000001	1.0986203657757658		
14438.973600000001	0.040000000000873115	RippleTimeIntervals					14438.993600000002	0.6566707826830133		
14439.7736	0.03280000000086147	RippleTimeIntervals					14439.7896	0.7592354951322832		
14439.9296	0.04160000000047148	RippleTimeIntervals					14439.94	0.4836260757794081		
14442.8952	0.023999999999432475	RippleTimeIntervals					14442.9064	0.738210716003515		
14443.928	0.024000000001251465	RippleTimeIntervals					14443.9336	0.28364077172832464		
14455.9824	0.023199999999633292	RippleTimeIntervals					14455.9904	0.645884337878429		
14456.8992	0.03200000000106229	RippleTimeIntervals					14456.9208	0.4405309487237349		
14457.6712	0.024000000001251465	RippleTimeIntervals					14457.6848	0.8101775567499849		
14457.852	0.021600000000034925	RippleTimeIntervals					14457.864000000001	1.0977456942521358		
14458.0304	0.028000000002066372	RippleTimeIntervals					14458.0504	0.48510058664946887		
14458.188000000002	0.042399999998451676	RippleTimeIntervals					14458.202400000002	0.735679712240211		
14459.516	0.025600000000849832	RippleTimeIntervals					14459.5264	0.4229126285572065		
14468.0328	0.023199999999633292	RippleTimeIntervals					14468.042400000002	0.3488302714348124		
14470.778400000001	0.02959999999984575	RippleTimeIntervals					14470.7864	0.8265085468330535		
14470.928	0.031200000001263106	RippleTimeIntervals					14470.944	0.9114670000781032		
14481.704000000002	0.062399999998888234	RippleTimeIntervals					14481.752	0.5688338690132079		
14484.656	0.028800000000046566	RippleTimeIntervals					14484.666400000002	0.4351625383663725		
14495.103200000001	0.026399999998830026	RippleTimeIntervals					14495.108	0.3774310722937179		
14498.5848	0.0319999999992433	RippleTimeIntervals					14498.596800000001	1.0850849294098974		
14514.0	16.0	SleepStates								NREMstate
14521.1728	0.04400000000168802	RippleTimeIntervals					14521.180800000002	0.29882087117862743		
14523.464800000002	0.035199999998440035	RippleTimeIntervals					14523.4856	0.7821867593042547		
14528.3832	0.02080000000023574	RippleTimeIntervals					14528.396	0.4372169409437857		
14531.0	434.0	SleepStates								WAKEstate
14531.6544	0.03280000000086147	RippleTimeIntervals					14531.662400000001	0.882787108791276		
14531.986400000002	0.021600000000034925	RippleTimeIntervals					14532.0	0.639851894376873		
14532.457600000002	0.021600000000034925	RippleTimeIntervals					14532.4728	0.4243104309824082		
14533.6584	0.023199999999633292	RippleTimeIntervals					14533.664	0.2417847234349298		
14538.103200000001	0.025599999999030842	RippleTimeIntervals					14538.1216	0.5111026927635287		
14538.252800000002	0.07679999999891152	RippleTimeIntervals					14538.3112	1.1933064000702016		
14538.5448	0.03360000000066066	RippleTimeIntervals					14538.5552	0.5757527694441342		
14540.5592	0.048800000000483124	RippleTimeIntervals					14540.574400000001	0.9910897483740837		
14545.4152	0.051200000001699664	RippleTimeIntervals					14545.427200000002	0.9711802986989237		
14545.6056	0.02080000000023574	RippleTimeIntervals					14545.611200000001	0.3289157637495416		
14699.013600000002	0.028800000000046566	RippleTimeIntervals					14699.028000000002	20.958638559585186		
14707.580000000002	0.02239999999801512	RippleTimeIntervals					14707.588	1.624670784121672		
14711.572	0.03680000000167638	RippleTimeIntervals					14711.6008	0.8575360810180481		
14724.684000000001	0.03280000000086147	RippleTimeIntervals					14724.712800000001	0.34106860711353004		
14773.2768	0.026400000002468005	RippleTimeIntervals					14773.288800000002	0.7621976513717039		
14775.9928	0.028000000002066372	RippleTimeIntervals					14775.9968	0.28865389689228893		
14790.155200000001	0.02079999999841675	RippleTimeIntervals					14790.16	0.20224186754378157		
14813.4728	0.048800000000483124	RippleTimeIntervals					14813.4928	0.38532299512700324		
14815.506400000002	0.02959999999802676	RippleTimeIntervals					14815.517600000001	0.4206362865996968		
14850.624	0.04560000000128639	RippleTimeIntervals					14850.6584	0.9243366394324022		
14854.1528	0.023199999999633292	RippleTimeIntervals					14854.1704	9.068168503106735		
14857.2896	0.08400000000074215	RippleTimeIntervals					14857.314400000001	1.4783157701053082		
14965.901600000001	0.023999999999432475	RippleTimeIntervals					14965.9136	0.36514371517566135		
14966.0	20.0	SleepStates								NREMstate
14968.2192	0.05040000000008149	RippleTimeIntervals					14968.248	0.7832803188270575		
14968.7728	0.028800000000046566	RippleTimeIntervals					14968.7944	0.48713556753215437		
14970.2392	0.06240000000070722	RippleTimeIntervals					14970.244	0.7340140220027556		
14974.551200000002	0.025599999999030842	RippleTimeIntervals					14974.5616	0.8503755973675553		
14976.464800000002	0.021600000000034925	RippleTimeIntervals					14976.4784	0.3201743448841468		
14977.2376	0.020000000000436557	RippleTimeIntervals					14977.2504	0.5460479431191326		
14978.4824	0.062399999998888234	RippleTimeIntervals					14978.493600000002	0.8053158096473194		
14978.636	0.07840000000032887	RippleTimeIntervals					14978.6832	0.48754538047446205		
14981.2552	0.020000000000436557	RippleTimeIntervals					14981.267200000002	0.8217075300941217		
14981.6384	0.03200000000106229	RippleTimeIntervals					14981.662400000001	0.6937167416142188		
14983.3472	0.037599999999656575	RippleTimeIntervals					14983.355200000002	0.36940411005343626		
14983.536800000002	0.04959999999846332	RippleTimeIntervals					14983.545600000001	0.3586160518929507		
14985.7584	0.020000000000436557	RippleTimeIntervals					14985.768	0.40634836313668077		
14987.0	344.0	SleepStates								WAKEstate
15004.3688	0.026400000000649015	RippleTimeIntervals					15004.3736	0.8173364024634189		
15004.702400000002	0.09360000000015134	RippleTimeIntervals					15004.718400000002	0.5580709733806811		
15004.9832	0.051199999999880674	RippleTimeIntervals					15005.024000000001	0.9138320336972553		
15006.108800000002	0.021600000000034925	RippleTimeIntervals					15006.12	0.47155304238525414		
15006.285600000001	0.02480000000105065	RippleTimeIntervals					15006.2944	0.4061197423057333		
15006.644800000002	0.023199999999633292	RippleTimeIntervals					15006.6568	0.3968940921805756		
15007.785600000001	0.023199999999633292	RippleTimeIntervals					15007.796000000002	0.32261911821858186		
15015.126400000001	0.051199999999880674	RippleTimeIntervals					15015.1344	0.4448307205747636		
15015.2584	0.02080000000023574	RippleTimeIntervals					15015.2728	0.2542018584872503		
15019.376	0.04960000000028231	RippleTimeIntervals					15019.387200000001	0.5845866333346559		
15019.9368	0.0272000000004482	RippleTimeIntervals					15019.944	0.8267310143603127		
15021.878400000001	0.0272000000004482	RippleTimeIntervals					15021.886400000001	0.4726197060884884		
15031.6272	0.022399999999834108	RippleTimeIntervals					15031.6384	0.710245182915462		
15032.4472	0.023999999999432475	RippleTimeIntervals					15032.464	0.5689452339465272		
15033.538400000001	0.023199999999633292	RippleTimeIntervals					15033.5488	0.7865657107945703		
15034.578400000002	0.030399999999644933	RippleTimeIntervals					15034.596800000001	0.45084611499487093		
15034.8776	0.023199999999633292	RippleTimeIntervals					15034.8824	0.29707516528875527		
15036.792000000001	0.05439999999907741	RippleTimeIntervals					15036.8384	0.7935353526940587		
15038.3384	0.028000000000247383	RippleTimeIntervals					15038.36	0.6659839808117162		
15043.0864	0.023199999999633292	RippleTimeIntervals					15043.096000000001	0.354694754784091		
15044.3968	0.028000000000247383	RippleTimeIntervals					15044.4024	0.96026502358611		
15044.4968	0.046399999999266583	RippleTimeIntervals					15044.5288	0.5740762154227671		
15046.128	0.0272000000004482	RippleTimeIntervals					15046.144	0.28422916956501276		
15046.7448	0.03919999999925494	RippleTimeIntervals					15046.78	0.2610458775669496		
15049.892	0.02080000000205473	RippleTimeIntervals					15049.8976	0.4907733726516704		
15050.821600000001	0.03600000000005821	RippleTimeIntervals					15050.8344	0.5734850967587373		
15050.9856	0.04640000000108557	RippleTimeIntervals					15051.012	0.5488888351962176		
15055.1864	0.020000000000436557	RippleTimeIntervals					15055.196	0.2841727829934527		
15061.456000000002	0.025599999999030842	RippleTimeIntervals					15061.4656	0.21818274957574094		
15064.245600000002	0.026399999998830026	RippleTimeIntervals					15064.2536	0.6995167764248245		
15069.488000000001	0.03440000000045984	RippleTimeIntervals					15069.510400000001	0.31989781555272295		
15070.2896	0.03600000000005821	RippleTimeIntervals					15070.317600000002	0.7481790076562644		
15071.4112	0.035200000000259024	RippleTimeIntervals					15071.441600000002	0.4131902966221929		
15071.8848	0.04160000000047148	RippleTimeIntervals					15071.9064	0.721592590930596		
15072.5112	0.03359999999884167	RippleTimeIntervals					15072.528000000002	0.4521621230612222		
15082.732	0.030399999999644933	RippleTimeIntervals					15082.747200000002	0.4646701482681546		
15084.189600000002	0.02959999999802676	RippleTimeIntervals					15084.199200000001	0.8479914844972598		
15084.312000000002	0.058399999998073326	RippleTimeIntervals					15084.335200000001	1.1194874386224323		
15088.4104	0.025600000000849832	RippleTimeIntervals					15088.4256	1.1666022920210917		
15088.6568	0.04799999999886495	RippleTimeIntervals					15088.6776	0.8036171108038884		
15088.879200000001	0.02719999999862921	RippleTimeIntervals					15088.887200000001	0.22250891324180594		
15089.0504	0.03280000000086147	RippleTimeIntervals					15089.064000000002	0.4611693508278575		
15092.321600000001	0.03919999999925494	RippleTimeIntervals					15092.342400000001	0.8444894673486398		
15092.824800000002	0.031199999997625127	RippleTimeIntervals					15092.848000000002	0.6150563230241137		
15092.927200000002	0.044799999999668216	RippleTimeIntervals					15092.9392	0.623256493814937		
15097.7824	0.037599999999656575	RippleTimeIntervals					15097.816	0.25139156497265147		
15101.582400000001	0.02959999999984575	RippleTimeIntervals					15101.6008	0.7243263632198048		
15101.8416	0.037600000001475564	RippleTimeIntervals					15101.857600000001	0.778076051140425		
15105.522400000002	0.03600000000005821	RippleTimeIntervals					15105.5376	0.7714462897563763		
15107.2592	0.030399999999644933	RippleTimeIntervals					15107.268	0.7294656616114435		
15109.580000000002	0.042399999998451676	RippleTimeIntervals					15109.6136	0.9003778969053917		
15116.448	0.0319999999992433	RippleTimeIntervals					15116.456000000002	0.8104846289727634		
15117.7264	0.02080000000205473	RippleTimeIntervals					15117.740000000002	0.6077813016483002		
15126.235200000001	0.023999999999432475	RippleTimeIntervals					15126.249600000001	0.6186092497826182		
15126.322400000001	0.02479999999923166	RippleTimeIntervals					15126.3392	0.5764468675511393		
15126.4904	0.03200000000106229	RippleTimeIntervals					15126.5144	0.7057943720919946		
15126.68	0.026400000000649015	RippleTimeIntervals					15126.6856	0.33500315149687565		
15127.4184	0.05279999999947904	RippleTimeIntervals					15127.4296	1.1206822331486634		
15127.624	0.051200000001699664	RippleTimeIntervals					15127.6544	0.3659320698220058		
15132.0016	0.026400000002468005	RippleTimeIntervals					15132.012	0.21592695053788302		
15132.308	0.023199999999633292	RippleTimeIntervals					15132.319200000002	0.5571674774467985		
15142.144800000002	0.021600000000034925	RippleTimeIntervals					15142.1584	0.653450304937089		
15146.872000000001	0.048799999998664134	RippleTimeIntervals					15146.914400000001	0.7100930166586492		
15147.4064	0.03200000000106229	RippleTimeIntervals					15147.4104	0.2043216653835026		
15147.5736	0.024000000001251465	RippleTimeIntervals					15147.5792	0.7303166720381365		
15156.344000000001	0.028800000000046566	RippleTimeIntervals					15156.3688	0.2142347221479642		
15159.4872	0.03440000000045984	RippleTimeIntervals					15159.517600000001	0.2462763239004579		
15160.072800000002	0.023999999999432475	RippleTimeIntervals					15160.0776	0.601979306202282		
15166.4496	0.03200000000106229	RippleTimeIntervals					15166.460000000001	0.5056392139041558		
15166.5984	0.025599999999030842	RippleTimeIntervals					15166.604800000001	0.6086425602988729		
15166.7264	0.0496000000021013	RippleTimeIntervals					15166.752800000002	0.9638528378237794		
15166.912	0.031200000001263106	RippleTimeIntervals					15166.924	0.709324794556212		
15168.0432	0.022400000001653098	RippleTimeIntervals					15168.0576	0.4256269908845674		
15168.231200000002	0.04799999999886495	RippleTimeIntervals					15168.2432	0.5524613508441493		
15168.322400000001	0.03839999999945576	RippleTimeIntervals					15168.3344	0.8278581106473265		
15170.588800000001	0.02479999999923166	RippleTimeIntervals					15170.596800000001	0.450292340382963		
15176.781600000002	0.02479999999923166	RippleTimeIntervals					15176.7896	0.7796580111196304		
15177.416000000001	0.03440000000045984	RippleTimeIntervals					15177.427200000002	0.8406913897100609		
15178.296000000002	0.02079999999841675	RippleTimeIntervals					15178.3008	0.47565179804051183		
15178.3904	0.056000000000494765	RippleTimeIntervals					15178.3952	0.27286437026986315		
15182.4608	0.02479999999923166	RippleTimeIntervals					15182.4784	0.27024882865371025		
15185.3608	0.022399999999834108	RippleTimeIntervals					15185.371200000001	0.3615862687582677		
15185.901600000001	0.03280000000086147	RippleTimeIntervals					15185.9168	0.6392045603251552		
15186.0344	0.031200000001263106	RippleTimeIntervals					15186.046400000001	0.35902699441242636		
15186.7288	0.06639999999970314	RippleTimeIntervals					15186.784	0.3591523210462214		
15187.000800000002	0.051199999998061685	RippleTimeIntervals					15187.0184	0.43761383325727554		
15188.6504	0.02480000000105065	RippleTimeIntervals					15188.6688	0.3521649743467901		
15190.2296	0.042400000000270666	RippleTimeIntervals					15190.2648	0.3912827422798732		
15194.4184	0.02480000000105065	RippleTimeIntervals					15194.437600000001	0.23041678870105906		
15195.9168	0.02959999999984575	RippleTimeIntervals					15195.9224	0.5326340396732174		
15197.144	0.02479999999923166	RippleTimeIntervals					15197.1648	0.4154895560757357		
15197.858400000001	0.02080000000023574	RippleTimeIntervals					15197.864000000001	0.5276524899671102		
15200.416000000001	0.021600000000034925	RippleTimeIntervals					15200.4248	0.27403739778771313		
15203.516800000001	0.023999999999432475	RippleTimeIntervals					15203.5288	0.7964897695414195		
15204.0504	0.026400000000649015	RippleTimeIntervals					15204.060000000001	0.4603786786115485		
15204.097600000001	0.023199999999633292	RippleTimeIntervals					15204.1144	0.3475451761273922		
15204.235200000001	0.02719999999862921	RippleTimeIntervals					15204.254400000002	0.5188758199121395		
15207.568800000001	0.0272000000004482	RippleTimeIntervals					15207.5776	0.7824811401624271		
15207.9424	0.04160000000047148	RippleTimeIntervals					15207.976	0.6064834530780076		
15208.597600000001	0.05679999999847496	RippleTimeIntervals					15208.6152	0.48986142491237156		
15209.022400000002	0.02079999999841675	RippleTimeIntervals					15209.0272	0.22064002032812352		
15212.553600000001	0.048799999998664134	RippleTimeIntervals					15212.5624	0.5264406535604981		
15215.885600000001	0.02079999999841675	RippleTimeIntervals					15215.9024	0.31208726119687713		
15218.234400000001	0.03839999999945576	RippleTimeIntervals					15218.242400000001	0.7520849200719286		
15220.564000000002	0.023999999997613486	RippleTimeIntervals					15220.568800000001	0.27310571663345695		
15227.2048	0.022400000001653098	RippleTimeIntervals					15227.220000000001	0.4038753873611693		
15233.169600000001	0.04320000000006985	RippleTimeIntervals					15233.189600000002	0.9653469002925376		
15234.0112	0.037599999999656575	RippleTimeIntervals					15234.0256	1.068299646694024		
15234.732800000002	0.020000000000436557	RippleTimeIntervals					15234.745600000002	0.36255816041572736		
15235.166400000002	0.02079999999841675	RippleTimeIntervals					15235.18	0.3950521693557296		
15237.648000000001	0.03600000000005821	RippleTimeIntervals					15237.6728	0.6488063471472474		
15238.5592	0.030400000001463923	RippleTimeIntervals					15238.5648	0.36365518691508997		
15238.741600000001	0.03440000000045984	RippleTimeIntervals					15238.7504	0.8839369334401385		
15239.6096	0.020000000000436557	RippleTimeIntervals					15239.625600000001	0.3635788681056829		
15245.9616	0.035200000000259024	RippleTimeIntervals					15245.9728	0.8211246158837584		
15246.499200000002	0.02239999999801512	RippleTimeIntervals					15246.512	0.7072869739127722		
15246.6208	0.048800000000483124	RippleTimeIntervals					15246.6632	0.5069785989100482		
15248.0648	0.02480000000105065	RippleTimeIntervals					15248.0736	0.49214134045222396		
15248.303200000002	0.04799999999886495	RippleTimeIntervals					15248.344000000001	0.6220675105223225		
15250.196	0.0632000000005064	RippleTimeIntervals					15250.2072	0.38997534316728555		
15253.343200000001	0.037599999999656575	RippleTimeIntervals					15253.365600000001	0.7149493600717415		
15254.0272	0.023199999999633292	RippleTimeIntervals					15254.04	0.9303054676736672		
15254.724000000002	0.03839999999763677	RippleTimeIntervals					15254.742400000001	0.5156773428652415		
15255.0016	0.08400000000256114	RippleTimeIntervals					15255.060800000001	0.9704430675580479		
15255.152000000002	0.021600000000034925	RippleTimeIntervals					15255.1544	0.22271420035476294		
15259.524000000001	0.022399999999834108	RippleTimeIntervals					15259.5376	0.33271563033271634		
15260.292800000001	0.023199999999633292	RippleTimeIntervals					15260.2944	0.2474830445046297		
15263.5088	0.030400000001463923	RippleTimeIntervals					15263.513600000002	0.4289890385633712		
15275.2368	0.028000000000247383	RippleTimeIntervals					15275.248	0.41520119089216967		
15275.4152	0.04160000000047148	RippleTimeIntervals					15275.432	0.7931320803605837		
15276.456000000002	0.027999999998428393	RippleTimeIntervals					15276.476	0.47439058983152615		
15278.2464	0.0544000000008964	RippleTimeIntervals					15278.290400000002	0.3625091216702526		
15278.5256	0.03600000000005821	RippleTimeIntervals					15278.5416	0.3105072033581801		
15280.6136	0.035200000000259024	RippleTimeIntervals					15280.632800000001	1.0927901489835454		
15280.8304	0.031199999999444117	RippleTimeIntervals					15280.8416	0.5961429289171244		
15285.3464	0.04800000000068394	RippleTimeIntervals					15285.388	0.43468470517267066		
15289.0576	0.02480000000105065	RippleTimeIntervals					15289.0696	0.5300338733004465		
15289.696	7099.263999999999	epochs	fCamk1_200909_131906	BaselinePost	Home cage	None				
15292.18	0.1911999999992986	UpDownStatesTimeIntervals							UP	
15292.84	0.12639999999919382	UpDownStatesTimeIntervals							UP	
15293.3008	0.21599999999853026	UpDownStatesTimeIntervals							UP	
15293.928	0.2496000000010099	UpDownStatesTimeIntervals							UP	
15294.8736	0.07199999999829743	UpDownStatesTimeIntervals							UP	
15295.4544	0.1319999999996071	UpDownStatesTimeIntervals							UP	
15319.749600000001	0.06240000000070722	RippleTimeIntervals					15319.808	0.20141326154670638		
15332.0	10.0	SleepStates								NREMstate
15334.0656	0.5056000000004133	UpDownStatesTimeIntervals							UP	
15336.224000000002	0.05199999999967986	RippleTimeIntervals					15336.252	1.0143656315844451		
15343.0	240.0	SleepStates								WAKEstate
15344.220800000001	0.023199999999633292	RippleTimeIntervals					15344.236	0.40236353554541054		
15355.2008	0.2407999999995809	UpDownStatesTimeIntervals							UP	
15356.2384	0.11599999999998545	UpDownStatesTimeIntervals							DOWN	
15356.3544	0.2680000000000291	UpDownStatesTimeIntervals							UP	
15360.6768	0.21840000000156579	UpDownStatesTimeIntervals							UP	
15533.1168	0.0408000000006723	RippleTimeIntervals					15533.1368	0.7758642792194		
15538.3632	0.03280000000086147	RippleTimeIntervals					15538.372800000001	0.419553604726369		
15538.944	0.08480000000054133	RippleTimeIntervals					15538.9552	0.496232280867643		
15539.580000000002	0.03919999999925494	RippleTimeIntervals					15539.6	0.8522867630200519		
15547.7624	0.030400000001463923	RippleTimeIntervals					15547.7824	0.5411497368861645		
15547.9544	0.020000000000436557	RippleTimeIntervals					15547.967200000001	0.30986391432116217		
15554.2032	0.02960000000166474	RippleTimeIntervals					15554.220800000001	0.4728243313425455		
15554.3544	0.030399999999644933	RippleTimeIntervals					15554.364800000001	0.4242540978358429		
15555.892	0.025600000000849832	RippleTimeIntervals					15555.9024	0.6062345903417728		
15569.1928	0.020000000000436557	RippleTimeIntervals					15569.205600000001	0.36696739816898033		
15569.696800000002	0.044799999999668216	RippleTimeIntervals					15569.718400000002	0.7229849342224035		
15570.472000000002	0.020000000000436557	RippleTimeIntervals					15570.484800000002	0.3528270311505205		
15570.864000000001	0.07760000000052969	RippleTimeIntervals					15570.8952	0.4544919141885898		
15576.126400000001	0.021600000000034925	RippleTimeIntervals					15576.140000000001	0.574954143576314		
15584.0	43.0	SleepStates								NREMstate
15585.9424	0.028800000000046566	RippleTimeIntervals					15585.9544	0.8236120560218032		
15586.0072	0.022400000001653098	RippleTimeIntervals					15586.0216	0.8667257822933179		
15586.1928	0.024000000001251465	RippleTimeIntervals					15586.1976	0.5372899519908785		
15588.531200000001	0.04399999999986903	RippleTimeIntervals					15588.5544	0.45185932702653786		
15590.617600000001	0.027999999998428393	RippleTimeIntervals					15590.637600000002	0.8011618696240279		
15593.4768	0.026400000000649015	RippleTimeIntervals					15593.4984	0.2503172862725699		
15594.168000000001	0.039999999999054126	RippleTimeIntervals					15594.192000000001	0.47280759288431823		
15595.672	0.021600000000034925	RippleTimeIntervals					15595.6832	0.5841599603228441		
15595.819200000002	0.027999999998428393	RippleTimeIntervals					15595.829600000001	0.7554365570232164		
15596.384000000002	0.023199999999633292	RippleTimeIntervals					15596.3976	0.7834511670762742		
15596.532000000001	0.0455999999994674	RippleTimeIntervals					15596.572800000002	0.33059529207109023		
15597.3616	0.03280000000086147	RippleTimeIntervals					15597.3672	1.406061699748756		
15602.630400000002	0.02479999999923166	RippleTimeIntervals					15602.648000000001	0.66104800724069		
15604.2448	0.022400000001653098	RippleTimeIntervals					15604.2576	1.1397475136894937		
15607.879200000001	0.022399999999834108	RippleTimeIntervals					15607.8976	0.23141187869750085		
15608.2048	0.02480000000105065	RippleTimeIntervals					15608.2192	0.40668441456988896		
15612.3008	0.02479999999923166	RippleTimeIntervals					15612.306400000001	0.47798858765596086		
15615.038400000001	0.022399999999834108	RippleTimeIntervals					15615.044000000002	0.37919085667558405		
15615.1776	0.03920000000107393	RippleTimeIntervals					15615.205600000001	0.5862327669292813		
15620.9768	0.031200000001263106	RippleTimeIntervals					15621.004	0.24022012110090515		
15621.1416	0.03200000000106229	RippleTimeIntervals					15621.153600000001	0.9514567010055668		
15621.268800000002	0.032799999999042484	RippleTimeIntervals					15621.283200000002	0.5391252398971538		
15621.470400000002	0.031199999997625127	RippleTimeIntervals					15621.4752	0.3576499325931782		
15624.6456	0.05280000000129803	RippleTimeIntervals					15624.6904	0.4967461260019018		
15624.822400000001	0.028000000000247383	RippleTimeIntervals					15624.842400000001	0.3959559955599537		
15628.0	20.0	SleepStates								WAKEstate
15634.980800000001	0.025600000000849832	RippleTimeIntervals					15634.986400000002	1.0173981590254548		
15636.8528	0.02479999999923166	RippleTimeIntervals					15636.8608	0.29524651633672233		
15637.1632	0.021600000000034925	RippleTimeIntervals					15637.1776	0.2269267557411749		
15638.6096	0.020000000000436557	RippleTimeIntervals					15638.6224	0.4048436149613683		
15643.1872	0.0272000000004482	RippleTimeIntervals					15643.202400000002	0.5388149601970689		
15647.720800000001	0.023999999999432475	RippleTimeIntervals					15647.732	0.8651087071790065		
15649.0	65.0	SleepStates								NREMstate
15652.188000000002	0.02959999999802676	RippleTimeIntervals					15652.2144	0.2109407848418025		
15656.216800000002	0.026399999998830026	RippleTimeIntervals					15656.2216	0.33286878913076945		
15659.140800000001	0.04160000000047148	RippleTimeIntervals					15659.1496	0.8525878890083572		
15659.4608	0.06160000000090804	RippleTimeIntervals					15659.4984	0.5359397333755271		
15660.364000000001	0.028800000000046566	RippleTimeIntervals					15660.376800000002	0.671379384327186		
15660.474400000001	0.03360000000066066	RippleTimeIntervals					15660.488000000001	0.7086888478232133		
15661.666400000002	0.048799999998664134	RippleTimeIntervals					15661.708	0.3674257239524543		
15667.6672	0.05760000000009313	RippleTimeIntervals					15667.704000000002	0.8507864559020946		
15667.872800000001	0.042400000000270666	RippleTimeIntervals					15667.8848	0.4430877417621963		
15668.7264	0.021600000000034925	RippleTimeIntervals					15668.740000000002	0.9386158229348783		
15672.668000000001	0.025599999999030842	RippleTimeIntervals					15672.676	0.24041788910348758		
15672.9176	0.02959999999984575	RippleTimeIntervals					15672.943200000002	0.20291545085705784		
15674.5256	0.025600000000849832	RippleTimeIntervals					15674.5344	0.5031700535093708		
15678.5664	0.040000000000873115	RippleTimeIntervals					15678.585600000002	0.5697171593849601		
15682.441600000002	0.027999999998428393	RippleTimeIntervals					15682.452800000001	0.5958921638018015		
15683.604800000001	0.021600000000034925	RippleTimeIntervals					15683.6152	1.5332607199240826		
15683.7336	0.035200000002078013	RippleTimeIntervals					15683.7576	0.5768027089783713		
15687.744	0.03360000000066066	RippleTimeIntervals					15687.7656	0.29296841240377336		
15689.0632	0.023199999999633292	RippleTimeIntervals					15689.068000000001	0.7619102396658491		
15693.398400000002	0.0959999999977299	RippleTimeIntervals					15693.4688	0.7450763430780214		
15694.038400000001	0.031199999999444117	RippleTimeIntervals					15694.044000000002	0.32151846347713753		
15700.848000000002	0.03600000000005821	RippleTimeIntervals					15700.8672	0.6590160661252564		
15708.8896	0.023999999999432475	RippleTimeIntervals					15708.9048	1.275417139784156		
15710.0328	0.024000000001251465	RippleTimeIntervals					15710.049600000002	0.24873308571485445		
15710.8688	0.03360000000066066	RippleTimeIntervals					15710.892800000001	0.4145284913259503		
15715.0	10.0	SleepStates								WAKEstate
15726.0	31.0	SleepStates								NREMstate
15726.934400000002	0.023199999999633292	RippleTimeIntervals					15726.944800000001	0.6456656001993053		
15734.0552	0.05760000000009313	RippleTimeIntervals					15734.088	0.5733022480138574		
15737.857600000001	0.032799999999042484	RippleTimeIntervals					15737.8688	0.5685271053533311		
15737.995200000001	0.04079999999885331	RippleTimeIntervals					15738.010400000001	0.7744962933582198		
15740.065600000002	0.0319999999992433	RippleTimeIntervals					15740.088800000001	0.33534830217160444		
15745.8488	0.06400000000212458	RippleTimeIntervals					15745.896	0.44409248507355004		
15746.0216	0.03280000000086147	RippleTimeIntervals					15746.0272	0.5735087516380548		
15748.414400000001	0.031199999999444117	RippleTimeIntervals					15748.4184	0.23140100230393038		
15750.3968	0.025599999999030842	RippleTimeIntervals					15750.415200000001	0.30889983339508054		
15750.923200000001	0.027999999998428393	RippleTimeIntervals					15750.9368	0.34523847246686734		
15752.9104	0.026399999998830026	RippleTimeIntervals					15752.916000000001	0.4575900355279695		
15754.996000000001	0.02080000000023574	RippleTimeIntervals					15755.0048	0.5005070147514405		
15756.5864	0.02480000000105065	RippleTimeIntervals					15756.5912	0.466286896193108		
15758.0	9.0	SleepStates								WAKEstate
15768.0	11.0	SleepStates								NREMstate
15768.916000000001	0.02079999999841675	RippleTimeIntervals					15768.9296	0.8076697979907008		
15775.9224	0.03280000000086147	RippleTimeIntervals					15775.9312	0.42782191384619206		
15776.749600000001	0.03679999999985739	RippleTimeIntervals					15776.7608	0.4086021774074098		
15780.0	11.0	SleepStates								WAKEstate
15787.164	0.0272000000004482	RippleTimeIntervals					15787.1712	0.988892233807743		
15787.9176	0.022399999999834108	RippleTimeIntervals					15787.932	1.149150565999003		
15788.3832	0.026400000000649015	RippleTimeIntervals					15788.3904	0.9517191250210871		
15792.0	48.0	SleepStates								NREMstate
15794.9264	0.028000000000247383	RippleTimeIntervals					15794.932	0.6998234265651003		
15795.1416	0.05199999999967986	RippleTimeIntervals					15795.1872	0.4209378630239242		
15795.9832	0.02080000000023574	RippleTimeIntervals					15795.988800000001	0.24155714701161235		
15797.248800000001	0.027999999998428393	RippleTimeIntervals					15797.2656	0.3468744274563572		
15798.015200000002	0.042399999998451676	RippleTimeIntervals					15798.04	0.9193050480260612		
15799.736	0.025600000000849832	RippleTimeIntervals					15799.741600000001	0.9412846804784128		
15810.206400000001	0.030399999999644933	RippleTimeIntervals					15810.2224	0.7410460168816		
15811.0272	0.030399999999644933	RippleTimeIntervals					15811.049600000002	0.6832997356525949		
15814.4544	0.028000000000247383	RippleTimeIntervals					15814.474400000001	0.223130729702837		
15815.111200000001	0.03360000000066066	RippleTimeIntervals					15815.124	0.21598356456184722		
15816.6288	0.04399999999986903	RippleTimeIntervals					15816.6504	0.9519107795334866		
15816.876	0.046399999999266583	RippleTimeIntervals					15816.9024	0.44647735602120814		
15817.128	0.02080000000023574	RippleTimeIntervals					15817.1384	0.7137476022909173		
15818.18	0.026400000000649015	RippleTimeIntervals					15818.191200000001	0.3484335810399561		
15818.2432	0.046399999999266583	RippleTimeIntervals					15818.281600000002	0.547062082353467		
15819.3736	0.04160000000047148	RippleTimeIntervals					15819.408000000001	0.4929063265234161		
15823.4896	0.048800000000483124	RippleTimeIntervals					15823.52	0.6548747283717657		
15825.290400000002	0.02959999999802676	RippleTimeIntervals					15825.316	0.36964374764445795		
15826.9168	0.044799999999668216	RippleTimeIntervals					15826.9368	1.0876625283022239		
15827.038400000001	0.02079999999841675	RippleTimeIntervals					15827.052800000001	0.24988935030458415		
15827.205600000001	0.021600000000034925	RippleTimeIntervals					15827.216800000002	0.4026109025391598		
15841.0	9.0	SleepStates								WAKEstate
15851.0	110.0	SleepStates								NREMstate
15851.1528	0.03200000000106229	RippleTimeIntervals					15851.173600000002	0.7791737818917841		
15852.380000000001	0.046399999999266583	RippleTimeIntervals					15852.3896	0.9230282133167957		
15854.6672	0.03440000000045984	RippleTimeIntervals					15854.6936	0.7395925057619998		
15857.2584	0.05279999999947904	RippleTimeIntervals					15857.288800000002	0.743450751548505		
15858.196800000002	0.023999999999432475	RippleTimeIntervals					15858.2048	0.26135597137486444		
15858.4296	0.04080000000249129	RippleTimeIntervals					15858.448800000002	0.8197723771873561		
15858.5544	0.02959999999984575	RippleTimeIntervals					15858.5632	1.1308978653978798		
15859.9824	0.02959999999984575	RippleTimeIntervals					15859.999200000002	0.8179637101729867		
15865.984800000002	0.02239999999801512	RippleTimeIntervals					15866.003200000001	0.20844642455718654		
15866.384000000002	0.035199999998440035	RippleTimeIntervals					15866.3992	0.540961023863872		
15870.4728	0.020000000000436557	RippleTimeIntervals					15870.484	0.5412333149558507		
15873.336800000001	0.023999999999432475	RippleTimeIntervals					15873.3544	0.5134242682883504		
15874.094400000002	0.0319999999992433	RippleTimeIntervals					15874.101600000002	0.8772196159959713		
15875.2664	0.02080000000023574	RippleTimeIntervals					15875.2768	0.7136078310258068		
15875.3616	0.03600000000005821	RippleTimeIntervals					15875.376	0.9107333774937764		
15876.619200000001	0.022399999999834108	RippleTimeIntervals					15876.624800000001	0.3351848364638577		
15879.0304	0.0272000000004482	RippleTimeIntervals					15879.035200000002	0.7890816002982805		
15880.204000000002	0.023999999999432475	RippleTimeIntervals					15880.2216	0.41004739792424155		
15881.1648	0.021600000000034925	RippleTimeIntervals					15881.1792	0.5093961429995568		
15882.6136	0.023199999999633292	RippleTimeIntervals					15882.624800000001	0.4038122892628979		
15884.610400000001	0.032799999999042484	RippleTimeIntervals					15884.618400000001	0.3674793155962496		
15884.688000000002	0.028800000000046566	RippleTimeIntervals					15884.7016	0.34383703342027144		
15885.3608	0.02480000000105065	RippleTimeIntervals					15885.3688	0.30442394065835604		
15885.923200000001	0.035199999998440035	RippleTimeIntervals					15885.9368	0.6288939419614489		
15886.5232	0.024000000001251465	RippleTimeIntervals					15886.539200000001	0.6451036192408546		
15886.604800000001	0.04960000000028231	RippleTimeIntervals					15886.6424	0.5614617465379202		
15892.639200000001	0.02479999999923166	RippleTimeIntervals					15892.6528	0.8649472180228376		
15900.013600000002	0.023999999997613486	RippleTimeIntervals					15900.029600000002	0.4470844334731548		
15902.4136	0.028800000000046566	RippleTimeIntervals					15902.424	0.5699709068677042		
15904.4032	0.05199999999967986	RippleTimeIntervals					15904.448	0.3730715358655462		
15907.064000000002	0.03600000000005821	RippleTimeIntervals					15907.092800000002	0.4498307097034845		
15907.1776	0.035200000000259024	RippleTimeIntervals					15907.1904	0.7787645610842893		
15907.8632	0.03680000000167638	RippleTimeIntervals					15907.8848	0.3715617728057923		
15912.6848	0.030399999999644933	RippleTimeIntervals					15912.6936	0.5443395776500932		
15913.592	0.026400000000649015	RippleTimeIntervals					15913.611200000001	0.5474999994735033		
15919.8272	0.037600000001475564	RippleTimeIntervals					15919.8488	0.9321561334432632		
15922.369600000002	0.05199999999967986	RippleTimeIntervals					15922.3808	0.5761617363526911		
15922.539200000001	0.028000000000247383	RippleTimeIntervals					15922.556800000002	0.8377632518085545		
15922.974400000001	0.02080000000023574	RippleTimeIntervals					15922.988000000001	0.5033041391032637		
15923.8688	0.030399999999644933	RippleTimeIntervals					15923.876800000002	0.8675981982970086		
15925.8816	0.03360000000066066	RippleTimeIntervals					15925.907200000001	0.8415129095596527		
15926.886400000001	0.023999999999432475	RippleTimeIntervals					15926.8976	0.28657676539475696		
15927.4184	0.028000000000247383	RippleTimeIntervals					15927.436000000002	0.49349637740831814		
15929.2824	0.024000000001251465	RippleTimeIntervals					15929.2936	0.44662138143466823		
15931.6704	0.028000000000247383	RippleTimeIntervals					15931.692000000001	0.48263488380081787		
15933.9784	0.028000000002066372	RippleTimeIntervals					15933.9944	0.8389675675311701		
15937.2008	0.04320000000006985	RippleTimeIntervals					15937.2392	0.446371816529167		
15939.9024	0.05279999999947904	RippleTimeIntervals					15939.937600000001	0.5986555858857391		
15940.0768	0.042400000000270666	RippleTimeIntervals					15940.097600000001	0.38386498177554484		
15941.6024	0.05040000000008149	RippleTimeIntervals					15941.611200000001	0.49162642433397136		
15941.8968	0.07760000000052969	RippleTimeIntervals					15941.959200000001	0.25234014568177154		
15944.274400000002	0.05679999999847496	RippleTimeIntervals					15944.3128	0.8325233244277818		
15944.6296	0.021600000000034925	RippleTimeIntervals					15944.6344	0.3020708279726579		
15950.6216	0.028000000000247383	RippleTimeIntervals					15950.644800000002	0.20970050826649236		
15955.864000000001	0.0319999999992433	RippleTimeIntervals					15955.8744	0.5285177149259831		
15956.045600000001	0.04399999999986903	RippleTimeIntervals					15956.0616	0.32927482358616483		
15956.412800000002	0.04799999999886495	RippleTimeIntervals					15956.4256	0.6610818494434326		
15956.7464	0.07120000000213622	RippleTimeIntervals					15956.7792	0.3658083171520889		
15956.8472	0.02080000000023574	RippleTimeIntervals					15956.86	0.4805608552724127		
15957.8016	0.04640000000108557	RippleTimeIntervals					15957.8184	0.4661966875299634		
15962.0	16.0	SleepStates								WAKEstate
15979.0	8.0	SleepStates								NREMstate
15983.849600000001	0.027999999998428393	RippleTimeIntervals					15983.865600000001	0.3383493425602076		
15984.2576	0.0272000000004482	RippleTimeIntervals					15984.2736	0.7755789452317522		
15984.3776	0.03280000000086147	RippleTimeIntervals					15984.3992	0.9805160943827651		
15988.0	356.0	SleepStates								WAKEstate
15988.4552	0.023199999999633292	RippleTimeIntervals					15988.467200000001	0.8851373917832869		
15988.584	0.030399999999644933	RippleTimeIntervals					15988.5936	0.4015788196662439		
15989.074400000001	0.03280000000086147	RippleTimeIntervals					15989.0936	1.167653250980709		
15998.068000000001	0.02719999999862921	RippleTimeIntervals					15998.076000000001	0.5428330361064303		
15998.2072	0.03919999999925494	RippleTimeIntervals					15998.241600000001	0.36293992273409903		
16000.430400000001	0.020000000000436557	RippleTimeIntervals					16000.4328	0.22048519084378093		
16008.312000000002	0.05199999999967986	RippleTimeIntervals					16008.3376	0.3692297639225804		
16047.9336	0.025600000000849832	RippleTimeIntervals					16047.9512	0.5967174356098408		
16048.588	0.020000000000436557	RippleTimeIntervals					16048.5984	0.7759095978854144		
16064.368	0.020000000000436557	RippleTimeIntervals					16064.3736	0.31161053946854905		
16064.5648	0.03840000000127475	RippleTimeIntervals					16064.5736	0.5752848631935424		
16070.0504	0.028800000000046566	RippleTimeIntervals					16070.060800000001	0.8446831062362823		
16074.2504	0.046399999999266583	RippleTimeIntervals					16074.292800000001	0.6111577053586184		
16087.172	0.02320000000145228	RippleTimeIntervals					16087.1888	0.409098693138789		
16087.4256	0.028800000000046566	RippleTimeIntervals					16087.436000000002	0.6616525543415445		
16097.7968	0.026400000000649015	RippleTimeIntervals					16097.815200000001	0.6506812079265532		
16110.384000000002	0.028800000000046566	RippleTimeIntervals					16110.392800000001	0.47419586222350407		
16116.696	0.03200000000106229	RippleTimeIntervals					16116.7144	0.6901617970111976		
16157.3992	0.042400000002089655	RippleTimeIntervals					16157.434400000002	0.4187894576255918		
16160.912800000002	0.039999999999054126	RippleTimeIntervals					16160.9328	0.22554261898983324		
16171.970400000002	0.031199999997625127	RippleTimeIntervals					16171.976	0.33939070125361653		
16173.8992	0.020000000000436557	RippleTimeIntervals					16173.908000000001	0.4663700653703417		
16184.8832	0.02480000000105065	RippleTimeIntervals					16184.900800000001	0.2772824798417155		
16186.155200000001	0.028800000000046566	RippleTimeIntervals					16186.176800000001	0.2712298345617989		
16186.456000000002	0.032799999999042484	RippleTimeIntervals					16186.481600000001	0.33582189963829934		
16204.9552	0.026400000000649015	RippleTimeIntervals					16204.974400000001	0.6376265052937161		
16205.148000000001	0.04320000000006985	RippleTimeIntervals					16205.164	0.7592193764599514		
16217.1128	0.0591999999996915	RippleTimeIntervals					16217.1648	0.5722048041132726		
16226.684000000001	0.027999999998428393	RippleTimeIntervals					16226.6944	0.696110994344033		
16246.646400000001	0.0319999999992433	RippleTimeIntervals					16246.6512	0.40509804117705916		
16247.4904	0.03600000000005821	RippleTimeIntervals					16247.5192	0.747628547134249		
16254.160800000001	0.04079999999885331	RippleTimeIntervals					16254.1976	0.23381122555729048		
16265.8088	0.03440000000045984	RippleTimeIntervals					16265.822400000001	0.638304837497158		
16312.872800000001	0.03440000000045984	RippleTimeIntervals					16312.8992	0.7002459046897954		
16313.116000000002	0.027999999998428393	RippleTimeIntervals					16313.126400000001	0.22897122623345917		
16319.748800000001	0.021600000000034925	RippleTimeIntervals					16319.7624	0.8091132739022848		
16326.211200000002	0.0272000000004482	RippleTimeIntervals					16326.2304	0.37305051005867645		
16328.9472	0.04719999999906577	RippleTimeIntervals					16328.986400000002	0.990793332736437		
16332.404	0.026400000000649015	RippleTimeIntervals					16332.4256	0.5116667638906489		
16336.7696	0.031200000001263106	RippleTimeIntervals					16336.790400000002	0.7016424588929903		
16345.0	61.0	SleepStates								NREMstate
16345.8736	0.022399999999834108	RippleTimeIntervals					16345.891200000002	0.32602855321208785		
16346.688000000002	0.025599999999030842	RippleTimeIntervals					16346.698400000001	0.645398045349399		
16351.484800000002	0.06719999999768334	RippleTimeIntervals					16351.5264	0.8536070383158707		
16352.1488	0.022399999999834108	RippleTimeIntervals					16352.161600000001	1.004454134924774		
16352.7048	0.022400000001653098	RippleTimeIntervals					16352.7232	0.2676693529564621		
16352.924	0.06719999999950232	RippleTimeIntervals					16352.928800000002	0.27713055396038866		
16357.332000000002	0.023199999999633292	RippleTimeIntervals					16357.339200000002	0.5726052865676655		
16361.943200000002	0.056000000000494765	RippleTimeIntervals					16361.972000000002	1.0240121188744256		
16362.116000000002	0.02239999999801512	RippleTimeIntervals					16362.124	1.3875823506604799		
16363.137600000002	0.12960000000020955	RippleTimeIntervals					16363.1888	0.5333043211883494		
16367.8592	0.03839999999945576	RippleTimeIntervals					16367.8752	1.5713490543900677		
16367.9968	0.040000000000873115	RippleTimeIntervals					16368.0288	0.5928833180097051		
16368.565600000002	0.042399999998451676	RippleTimeIntervals					16368.583200000001	0.968801338525506		
16375.146400000001	0.022399999999834108	RippleTimeIntervals					16375.1584	0.856352754968482		
16375.856800000001	0.027999999998428393	RippleTimeIntervals					16375.872000000001	0.39398333278040687		
16375.927200000002	0.1047999999991589	RippleTimeIntervals					16376.0128	0.9288290850172778		
16376.610400000001	0.026399999998830026	RippleTimeIntervals					16376.6296	0.32233080444370704		
16376.840800000002	0.025599999999030842	RippleTimeIntervals					16376.8488	1.344611202617865		
16377.943200000002	0.023199999999633292	RippleTimeIntervals					16377.9536	0.9494245538474388		
16381.0952	0.02960000000166474	RippleTimeIntervals					16381.104800000001	0.5970161912816291		
16381.232800000002	0.020000000000436557	RippleTimeIntervals					16381.242400000001	0.6259267765930758		
16384.4816	0.024000000001251465	RippleTimeIntervals					16384.4928	0.3766405798836661		
16386.5288	0.04080000000249129	RippleTimeIntervals					16386.5472	0.5796706442028319		
16387.576800000003	0.02719999999681022	RippleTimeIntervals					16387.5968	0.7277883872806387		
16388.08	0.02079999999841675	RippleTimeIntervals					16388.0888	0.8393319426250085		
16388.375200000002	0.031199999997625127	RippleTimeIntervals					16388.3904	0.2542355535181414		
16388.7984	0.026400000002468005	RippleTimeIntervals					16388.8168	0.5153839351630803		
16390.3056	0.02479999999923166	RippleTimeIntervals					16390.321600000003	0.935799145825406		
16391.526400000002	0.02479999999923166	RippleTimeIntervals					16391.5464	0.6343927889601313		
16394.673600000002	0.042399999998451676	RippleTimeIntervals					16394.7088	0.8163791785496564		
16397.384000000002	0.027999999998428393	RippleTimeIntervals					16397.3952	0.48362286817293915		
16401.2248	0.03359999999884167	RippleTimeIntervals					16401.2392	0.8893632584166874		
16403.168	0.026399999998830026	RippleTimeIntervals					16403.1904	0.2823507169483168		
16407.0	9.0	SleepStates								WAKEstate
16410.035200000002	0.028800000000046566	RippleTimeIntervals					16410.04	0.33731493683157143		
16417.0	7.0	SleepStates								NREMstate
16417.3096	0.024000000001251465	RippleTimeIntervals					16417.3296	0.48221814317372147		
16421.716	0.030399999999644933	RippleTimeIntervals					16421.7288	0.6537154762788444		
16425.0	98.0	SleepStates								WAKEstate
16524.0	309.0	SleepStates								NREMstate
16524.2032	0.028000000002066372	RippleTimeIntervals					16524.2232	0.4607723217091857		
16530.2632	0.03839999999763677	RippleTimeIntervals					16530.2688	0.7808522730041509		
16531.8424	0.03440000000045984	RippleTimeIntervals					16531.8664	0.699001016243495		
16537.8656	0.0496000000021013	RippleTimeIntervals					16537.898400000002	0.5442031134754524		
16538.104	0.02320000000327127	RippleTimeIntervals					16538.112	0.9396064300435502		
16538.2088	0.031200000001263106	RippleTimeIntervals					16538.2176	0.6306960146493321		
16539.585600000002	0.021600000000034925	RippleTimeIntervals					16539.5952	0.5127786448761222		
16547.584000000003	0.02079999999841675	RippleTimeIntervals					16547.5976	0.5868959498242214		
16547.976000000002	0.023999999997613486	RippleTimeIntervals					16547.9808	0.47206685934029013		
16548.2896	0.04160000000047148	RippleTimeIntervals					16548.2984	0.25821071897065223		
16548.353600000002	0.03839999999763677	RippleTimeIntervals					16548.382400000002	0.6541267611897778		
16549.114400000002	0.027999999998428393	RippleTimeIntervals					16549.137600000002	0.22889388516085724		
16557.0224	0.03359999999884167	RippleTimeIntervals					16557.0488	0.4670701574313155		
16557.134400000003	0.039999999997235136	RippleTimeIntervals					16557.1512	0.5582363133170449		
16560.5864	0.03600000000005821	RippleTimeIntervals					16560.5976	0.37953609002008304		
16570.796000000002	0.05760000000009313	RippleTimeIntervals					16570.8312	0.6554192637042913		
16572.8256	0.04400000000168802	RippleTimeIntervals					16572.8312	0.45139480527721665		
16575.9072	0.035199999998440035	RippleTimeIntervals					16575.915200000003	1.5073673651518504		
16578.948	0.026399999998830026	RippleTimeIntervals					16578.9672	0.3328504913762401		
16580.5056	0.1455999999998312	UpDownStatesTimeIntervals							UP	
16588.918400000002	0.039999999997235136	RippleTimeIntervals					16588.924	0.7989283016177501		
16589.0344	0.03359999999884167	RippleTimeIntervals					16589.0608	0.780412359251725		
16591.0016	0.022400000001653098	RippleTimeIntervals					16591.0176	0.29611942571739996		
16591.124	0.04799999999886495	RippleTimeIntervals					16591.1584	0.6796868676125593		
16592.152000000002	0.023199999999633292	RippleTimeIntervals					16592.168	0.8011348160732767		
16593.216	0.02079999999841675	RippleTimeIntervals					16593.220800000003	0.36793363302063664		
16598.8928	0.022400000001653098	RippleTimeIntervals					16598.8976	0.2790183077834591		
16599.0088	0.03440000000045984	RippleTimeIntervals					16599.02	1.6767210706544644		
16599.195200000002	0.0367999999980384	RippleTimeIntervals					16599.2256	0.4077404624505835		
16599.343200000003	0.027999999998428393	RippleTimeIntervals					16599.364800000003	0.25329816838522967		
16599.6016	0.03359999999884167	RippleTimeIntervals					16599.6112	0.6243326292270467		
16599.976000000002	0.04799999999886495	RippleTimeIntervals					16600.004	0.7465585367590318		
16600.104	0.028800000000046566	RippleTimeIntervals					16600.112800000003	1.2572502997463022		
16600.824800000002	0.02079999999841675	RippleTimeIntervals					16600.8336	0.4583650921940513		
16608.16	0.03680000000167638	RippleTimeIntervals					16608.164	0.30865160423173493		
16622.2112	0.04160000000047148	RippleTimeIntervals					16622.2304	1.0191591203683892		
16622.3528	0.025600000000849832	RippleTimeIntervals					16622.368000000002	0.7669671218815007		
16626.34	0.021600000000034925	RippleTimeIntervals					16626.3544	0.4806091699988945		
16630.6104	0.024000000001251465	RippleTimeIntervals					16630.6152	0.2062537809374436		
16631.5024	0.021600000000034925	RippleTimeIntervals					16631.52	0.2950364667337327		
16633.0576	0.02080000000205473	RippleTimeIntervals					16633.068	0.33717452989078267		
16633.1968	0.02959999999802676	RippleTimeIntervals					16633.2232	0.20438173413768623		
16634.0648	0.02479999999923166	RippleTimeIntervals					16634.076800000003	0.5082810894116156		
16634.731200000002	0.025600000000849832	RippleTimeIntervals					16634.752800000002	0.2075626863189281		
16639.9808	0.06799999999930151	RippleTimeIntervals					16640.0416	0.864439647763513		
16640.071200000002	0.02479999999923166	RippleTimeIntervals					16640.076	0.34736455444185915		
16642.440000000002	0.06959999999889988	RippleTimeIntervals					16642.4824	0.5757299403254508		
16643.591200000003	0.02719999999681022	RippleTimeIntervals					16643.6096	1.0323970272001461		
16644.2128	0.05040000000008149	RippleTimeIntervals					16644.2288	0.6342714894795923		
16644.3712	0.04320000000006985	RippleTimeIntervals					16644.400800000003	0.583092843676023		
16651.934400000002	0.035199999998440035	RippleTimeIntervals					16651.9528	0.43940407679712745		
16653.249600000003	0.037599999996018596	RippleTimeIntervals					16653.264000000003	1.3283628382159731		
16653.422400000003	0.032799999997223495	RippleTimeIntervals					16653.447200000002	0.8814452368656688		
16653.7936	0.05760000000009313	RippleTimeIntervals					16653.8344	0.2968146044822486		
16654.1192	0.03839999999763677	RippleTimeIntervals					16654.137600000002	0.6599447050007959		
16654.288800000002	0.023199999999633292	RippleTimeIntervals					16654.3008	0.8897552195810396		
16655.121600000002	0.032799999997223495	RippleTimeIntervals					16655.1328	0.4959821341103929		
16655.2216	0.028000000002066372	RippleTimeIntervals					16655.2408	0.5981968671671788		
16655.7304	0.02479999999923166	RippleTimeIntervals					16655.744	0.6629128132179195		
16662.7792	0.02239999999801512	RippleTimeIntervals					16662.788800000002	0.51346399371116		
16665.624	0.02080000000205473	RippleTimeIntervals					16665.6328	0.2917220195540572		
16667.668	0.032799999997223495	RippleTimeIntervals					16667.6896	0.7054023106579084		
16668.7344	0.023199999999633292	RippleTimeIntervals					16668.745600000002	0.3406353925934226		
16669.709600000002	0.0319999999992433	RippleTimeIntervals					16669.7344	0.5629826947198289		
16681.4952	0.035199999998440035	RippleTimeIntervals					16681.508	0.47664853588398776		
16681.6136	0.03280000000086147	RippleTimeIntervals					16681.6352	0.5067181860179183		
16684.364800000003	0.03359999999884167	RippleTimeIntervals					16684.3784	0.7251816852473916		
16684.812	0.0367999999980384	RippleTimeIntervals					16684.8264	0.6364545993578236		
16685.1064	0.028800000000046566	RippleTimeIntervals					16685.128	0.20226069582208386		
16692.252	0.022400000001653098	RippleTimeIntervals					16692.2704	0.34361520193929707		
16696.4856	0.0272000000004482	RippleTimeIntervals					16696.504	0.502924471616599		
16698.0648	0.05199999999967986	RippleTimeIntervals					16698.1048	0.795289890384439		
16698.184800000003	0.0415999999968335	RippleTimeIntervals					16698.2056	1.1509781765896387		
16699.807200000003	0.035199999998440035	RippleTimeIntervals					16699.82	0.47493043422595754		
16700.303200000002	0.04799999999886495	RippleTimeIntervals					16700.3472	0.20669349943097576		
16701.9088	0.0319999999992433	RippleTimeIntervals					16701.932800000002	0.8877346491183384		
16702.0088	0.022400000001653098	RippleTimeIntervals					16702.0176	0.3673755645532805		
16703.02	0.028000000002066372	RippleTimeIntervals					16703.028000000002	0.44720627895186615		
16709.756800000003	0.030399999996006954	RippleTimeIntervals					16709.7792	0.6735880443559858		
16710.3064	0.023199999999633292	RippleTimeIntervals					16710.317600000002	0.9473018909808317		
16710.6512	0.026400000002468005	RippleTimeIntervals					16710.6712	0.4031730337619994		
16710.8632	0.0544000000008964	RippleTimeIntervals					16710.9096	1.1783994795372756		
16711.3696	0.03919999999925494	RippleTimeIntervals					16711.4016	0.3296667485549108		
16711.5272	0.030399999999644933	RippleTimeIntervals					16711.5464	0.7464199821788581		
16714.5232	0.04640000000290456	RippleTimeIntervals					16714.5464	0.790679526419072		
16714.8656	0.03280000000086147	RippleTimeIntervals					16714.8784	0.715713582756338		
16717.2408	0.026400000002468005	RippleTimeIntervals					16717.242400000003	0.21443694037587063		
16717.3488	0.020000000000436557	RippleTimeIntervals					16717.3528	0.35334912905705135		
16721.303200000002	0.02239999999801512	RippleTimeIntervals					16721.3184	0.5102462517485715		
16721.5056	0.02080000000205473	RippleTimeIntervals					16721.5112	0.4553993693169684		
16728.2832	0.028800000000046566	RippleTimeIntervals					16728.292800000003	0.20633782243297988		
16754.4176	0.02479999999923166	RippleTimeIntervals					16754.4232	0.44645796177882136		
16754.540800000002	0.027999999998428393	RippleTimeIntervals					16754.5576	0.5757793325401364		
16754.8696	0.02959999999802676	RippleTimeIntervals					16754.88	0.6710866530632569		
16754.9792	0.04160000000047148	RippleTimeIntervals					16755.0128	0.7784823280292097		
16755.128	0.04320000000006985	RippleTimeIntervals					16755.164	0.6730578898267208		
16757.0664	0.2536000000000058	UpDownStatesTimeIntervals							DOWN	
16757.32	0.16640000000188593	UpDownStatesTimeIntervals							UP	
16757.9128	0.11920000000100117	UpDownStatesTimeIntervals							DOWN	
16764.484	0.028000000002066372	RippleTimeIntervals					16764.4912	0.7906350883253025		
16764.8304	0.04560000000128639	RippleTimeIntervals					16764.8352	0.45889688895245107		
16766.176	0.07440000000133296	RippleTimeIntervals					16766.236	0.5743502898294177		
16766.3696	0.02239999999801512	RippleTimeIntervals					16766.3744	0.4875518673389253		
16771.528000000002	0.02959999999802676	RippleTimeIntervals					16771.536	0.7451013555186242		
16774.137600000002	0.021600000000034925	RippleTimeIntervals					16774.1504	0.5324928722479737		
16774.9248	0.04160000000047148	RippleTimeIntervals					16774.9592	1.0430122816333955		
16779.069600000003	0.03839999999763677	RippleTimeIntervals					16779.0952	0.488156352381511		
16786.6184	0.02960000000166474	RippleTimeIntervals					16786.628800000002	1.0506578317532138		
16786.7408	0.022400000001653098	RippleTimeIntervals					16786.7488	0.672690069823488		
16787.0816	0.025600000000849832	RippleTimeIntervals					16787.0968	0.8311716501271813		
16787.519200000002	0.031199999997625127	RippleTimeIntervals					16787.5328	0.6057189929044364		
16788.0272	0.03680000000167638	RippleTimeIntervals					16788.032	0.4873957467868525		
16790.940000000002	0.0319999999992433	RippleTimeIntervals					16790.9672	0.7227721834905898		
16791.3008	0.026399999998830026	RippleTimeIntervals					16791.3128	0.4351881232721309		
16791.68	0.03919999999925494	RippleTimeIntervals					16791.688000000002	0.5721318083792817		
16791.934400000002	0.025599999997211853	RippleTimeIntervals					16791.952	0.8161404829242568		
16793.7392	0.044799999999668216	RippleTimeIntervals					16793.748	0.34247014318818164		
16797.427200000002	0.025599999997211853	RippleTimeIntervals					16797.440000000002	0.29531201816429864		
16800.144800000002	0.023999999997613486	RippleTimeIntervals					16800.159200000002	0.8069056554015771		
16801.9168	0.02080000000205473	RippleTimeIntervals					16801.922400000003	0.4501131617615761		
16806.676	0.02080000000205473	RippleTimeIntervals					16806.6904	0.5018532051862865		
16807.2408	0.044800000003306195	RippleTimeIntervals					16807.281600000002	0.24129248022727054		
16807.5376	0.02960000000166474	RippleTimeIntervals					16807.5488	0.669950822603068		
16812.3272	0.0272000000004482	RippleTimeIntervals					16812.3368	0.7022741140782491		
16816.5104	0.07440000000133296	RippleTimeIntervals					16816.5736	0.30056047829702975		
16823.2976	0.023199999999633292	RippleTimeIntervals					16823.312	1.0432795960666057		
16824.1184	0.021600000000034925	RippleTimeIntervals					16824.128	0.7851646957023934		
16831.4744	0.04320000000006985	RippleTimeIntervals					16831.5096	0.88876693736541		
16834.0	7.0	SleepStates								WAKEstate
16842.0	172.0	SleepStates								NREMstate
16843.091200000003	0.03439999999682186	RippleTimeIntervals					16843.1016	0.6504107379935972		
16845.2432	0.04399999999805004	RippleTimeIntervals					16845.248	0.54179073756288		
16855.3448	0.026400000002468005	RippleTimeIntervals					16855.3664	0.39869119326436936		
16856.2936	0.06480000000010477	RippleTimeIntervals					16856.3256	0.6295494555782796		
16856.4592	0.02239999999801512	RippleTimeIntervals					16856.4744	0.4876908135199098		
16856.630400000002	0.0319999999992433	RippleTimeIntervals					16856.6424	0.9308360674171441		
16856.9192	0.03359999999884167	RippleTimeIntervals					16856.9464	0.4943215822611167		
16857.256800000003	0.0319999999992433	RippleTimeIntervals					16857.2664	0.4649856172844531		
16857.8112	0.04160000000047148	RippleTimeIntervals					16857.8296	0.5149117495781127		
16858.78	0.02960000000166474	RippleTimeIntervals					16858.8024	0.5135568041462439		
16859.497600000002	0.028800000000046566	RippleTimeIntervals					16859.519200000002	0.4276562710346093		
16859.6408	0.028800000000046566	RippleTimeIntervals					16859.6568	0.4344569473531941		
16866.4712	0.028000000002066372	RippleTimeIntervals					16866.4912	0.41641078021659267		
16871.496	0.0272000000004482	RippleTimeIntervals					16871.5152	0.5157461003754389		
16881.0384	0.03919999999925494	RippleTimeIntervals					16881.0464	0.4325770076865886		
16881.882400000002	0.03919999999925494	RippleTimeIntervals					16881.9136	0.8373593147173132		
16882.0792	0.024000000001251465	RippleTimeIntervals					16882.096	0.5789441189616791		
16882.228000000003	0.032799999997223495	RippleTimeIntervals					16882.2504	0.48230007982722056		
16888.7976	0.023199999999633292	RippleTimeIntervals					16888.817600000002	0.2759131294818351		
16888.905600000002	0.032799999997223495	RippleTimeIntervals					16888.911200000002	0.4262516904597407		
16889.5864	0.02080000000205473	RippleTimeIntervals					16889.598400000003	0.5411383886054066		
16891.588	0.021600000000034925	RippleTimeIntervals					16891.5896	0.24614797846204936		
16891.8464	0.1640000000006694	UpDownStatesTimeIntervals							UP	
16894.5648	0.025600000000849832	RippleTimeIntervals					16894.5832	0.43795522799534337		
16895.052	0.026400000002468005	RippleTimeIntervals					16895.0632	0.6140551431334061		
16895.2264	0.037600000003294554	RippleTimeIntervals					16895.238400000002	0.7680956926199083		
16895.6672	0.03440000000045984	RippleTimeIntervals					16895.676	1.1263726157597496		
16895.9232	0.14240000000063446	UpDownStatesTimeIntervals							UP	
16896.1128	0.5784000000021479	UpDownStatesTimeIntervals							DOWN	
16915.3232	0.022400000001653098	RippleTimeIntervals					16915.328	0.23537454441281924		
16918.6968	0.027999999998428393	RippleTimeIntervals					16918.716800000002	0.9632025106447347		
16922.591200000003	0.026399999998830026	RippleTimeIntervals					16922.6048	0.49602428185660474		
16922.8704	0.03919999999925494	RippleTimeIntervals					16922.8776	0.27268396806330175		
16923.7776	0.05519999999887659	RippleTimeIntervals					16923.7864	0.34888360165238036		
16924.4624	0.0591999999996915	RippleTimeIntervals					16924.472	0.2300839499516776		
16924.7192	0.03680000000167638	RippleTimeIntervals					16924.7288	0.22581144613517526		
16926.7832	0.035199999998440035	RippleTimeIntervals					16926.804	0.5662014344274249		
16927.896	0.03680000000167638	RippleTimeIntervals					16927.9096	0.26507672137866595		
16928.6	0.14400000000023283	UpDownStatesTimeIntervals							UP	
16928.7176	0.04079999999885331	RippleTimeIntervals					16928.728000000003	0.27462293636311547		
16930.040800000002	0.02239999999801512	RippleTimeIntervals					16930.0456	0.39430368739206784		
16933.9816	0.0272000000004482	RippleTimeIntervals					16934.004	0.27890720345218967		
16937.328800000003	0.02239999999801512	RippleTimeIntervals					16937.3376	0.5148503736395927		
16943.5128	0.03440000000045984	RippleTimeIntervals					16943.5232	0.6420347735233558		
16943.728000000003	0.028800000000046566	RippleTimeIntervals					16943.7392	0.4269670250718655		
16946.2696	0.0319999999992433	RippleTimeIntervals					16946.2808	0.6060376179158096		
16950.5088	0.040000000000873115	RippleTimeIntervals					16950.5184	1.127928796852014		
16950.7792	0.028000000002066372	RippleTimeIntervals					16950.7848	0.41493458870013855		
16951.6248	0.05760000000009313	RippleTimeIntervals					16951.6752	0.5762470545716188		
16952.7408	0.0272000000004482	RippleTimeIntervals					16952.749600000003	0.5390409100793592		
16953.256	0.02960000000166474	RippleTimeIntervals					16953.264000000003	0.7325308106780114		
16954.781600000002	0.0367999999980384	RippleTimeIntervals					16954.808	0.8953038223463982		
16956.272	0.028800000000046566	RippleTimeIntervals					16956.281600000002	0.28175030194835665		
16957.166400000002	0.0319999999992433	RippleTimeIntervals					16957.1888	0.9502594052504275		
16959.8624	0.02959999999802676	RippleTimeIntervals					16959.8728	0.9645625604796361		
16968.9528	0.021600000000034925	RippleTimeIntervals					16968.964	0.5077745624988906		
16969.0688	0.023199999999633292	RippleTimeIntervals					16969.084000000003	1.3466077572447182		
16972.3336	0.06559999999808497	RippleTimeIntervals					16972.3816	0.4643019683397075		
16975.1104	0.024000000001251465	RippleTimeIntervals					16975.1152	0.645681020046986		
16976.3024	0.0319999999992433	RippleTimeIntervals					16976.314400000003	0.869081101821641		
16976.512000000002	0.025599999997211853	RippleTimeIntervals					16976.526400000002	0.8245293503248986		
16976.8312	0.025600000000849832	RippleTimeIntervals					16976.8368	0.49647080129911275		
16977.52	0.03359999999884167	RippleTimeIntervals					16977.5256	0.4482867189284783		
16978.392	0.03280000000086147	RippleTimeIntervals					16978.4168	0.28611551224893744		
16980.4464	0.026399999998830026	RippleTimeIntervals					16980.4624	0.5328878498224169		
16986.1912	0.03440000000045984	RippleTimeIntervals					16986.2176	0.6703303896711746		
16988.911200000002	0.027999999998428393	RippleTimeIntervals					16988.934400000002	0.3889301914446365		
16996.951200000003	0.032799999997223495	RippleTimeIntervals					16996.968	0.9239085613922406		
16999.5648	0.04400000000168802	RippleTimeIntervals					16999.5776	0.8252068178728044		
17006.9176	0.022400000001653098	RippleTimeIntervals					17006.9352	0.41299718977515554		
17007.627200000003	0.0415999999968335	RippleTimeIntervals					17007.643200000002	0.6688503880144928		
17007.8336	0.031200000001263106	RippleTimeIntervals					17007.8528	0.49009195517222676		
17007.977600000002	0.03359999999884167	RippleTimeIntervals					17007.9968	0.502211730798783		
17008.814400000003	0.02079999999841675	RippleTimeIntervals					17008.824800000002	0.5983565879048508		
17013.0944	0.035199999998440035	RippleTimeIntervals					17013.1104	0.5381635272953303		
17015.0	10.0	SleepStates								WAKEstate
17026.0	94.0	SleepStates								NREMstate
17027.428	0.03600000000005821	RippleTimeIntervals					17027.440000000002	0.9356084374141478		
17029.180800000002	0.028800000000046566	RippleTimeIntervals					17029.1896	0.5763752193266721		
17029.3448	0.020000000004074536	RippleTimeIntervals					17029.3568	1.0286441771611747		
17032.576	0.023199999999633292	RippleTimeIntervals					17032.5848	0.5753754987266098		
17032.7944	0.024800000002869638	RippleTimeIntervals					17032.7984	0.6981860834538112		
17033.0248	0.05200000000331784	RippleTimeIntervals					17033.0688	0.37430216287018153		
17034.281600000002	0.07439999999769498	RippleTimeIntervals					17034.3336	0.7875835021310598		
17034.5976	0.07519999999931315	RippleTimeIntervals					17034.6264	0.907047225989564		
17040.5936	0.028800000000046566	RippleTimeIntervals					17040.6024	0.40766711930929683		
17046.28	0.025600000000849832	RippleTimeIntervals					17046.288	0.9413516337700686		
17051.6424	0.0272000000004482	RippleTimeIntervals					17051.6472	0.4699303388798006		
17051.788	0.0544000000008964	RippleTimeIntervals					17051.832000000002	0.6786871051954875		
17051.9552	0.028000000002066372	RippleTimeIntervals					17051.9664	0.8782783911845871		
17052.7776	0.03600000000005821	RippleTimeIntervals					17052.7896	0.6114042498109326		
17058.396	0.021600000000034925	RippleTimeIntervals					17058.4072	0.528774090836103		
17058.8624	0.021600000000034925	RippleTimeIntervals					17058.868000000002	1.1022436612774529		
17059.040800000002	0.051199999998061685	RippleTimeIntervals					17059.0528	0.8401854124172319		
17062.5584	0.02959999999802676	RippleTimeIntervals					17062.568	0.8378880925936671		
17065.391200000002	0.023199999999633292	RippleTimeIntervals					17065.4104	0.28217672430228424		
17088.1744	0.0272000000004482	RippleTimeIntervals					17088.1936	0.5544041287769444		
17088.8296	0.021600000000034925	RippleTimeIntervals					17088.8408	0.28048957619783826		
17092.7072	0.021600000000034925	RippleTimeIntervals					17092.7176	0.6559690333340285		
17094.372000000003	0.021600000000034925	RippleTimeIntervals					17094.386400000003	0.9992168318071225		
17094.468	0.04799999999886495	RippleTimeIntervals					17094.4792	0.45738170691466856		
17104.408000000003	0.02079999999841675	RippleTimeIntervals					17104.416	0.27279773680144437		
17106.3544	0.07040000000051805	RippleTimeIntervals					17106.3664	0.7008744448574806		
17107.578400000002	0.04160000000047148	RippleTimeIntervals					17107.5992	0.5558785299549848		
17114.404000000002	0.021600000000034925	RippleTimeIntervals					17114.4144	1.3059167079095881		
17115.5528	0.027999999998428393	RippleTimeIntervals					17115.5704	0.5850956361237821		
17121.0	23.0	SleepStates								WAKEstate
17137.680800000002	0.026399999998830026	RippleTimeIntervals					17137.6936	0.9241633786609108		
17145.0	109.0	SleepStates								NREMstate
17148.028000000002	0.0319999999992433	RippleTimeIntervals					17148.049600000002	0.8799551285890085		
17154.2152	0.037600000003294554	RippleTimeIntervals					17154.231200000002	0.6127573604745298		
17155.1696	0.028800000000046566	RippleTimeIntervals					17155.1824	0.9003930614379552		
17155.346400000002	0.04079999999885331	RippleTimeIntervals					17155.352	0.5133167167802803		
17156.0576	0.028800000000046566	RippleTimeIntervals					17156.0656	0.7481270417661575		
17156.5168	0.042399999998451676	RippleTimeIntervals					17156.544	0.5870288340098786		
17156.7416	0.03359999999884167	RippleTimeIntervals					17156.7504	0.2516648892930804		
17157.5216	0.06639999999970314	RippleTimeIntervals					17157.549600000002	0.6739823914951512		
17157.7304	0.027999999998428393	RippleTimeIntervals					17157.735200000003	0.6804676349070651		
17163.9456	0.04080000000249129	RippleTimeIntervals					17163.9608	0.8633338880510933		
17164.4288	0.04799999999886495	RippleTimeIntervals					17164.461600000002	0.6359328971157636		
17166.5872	0.026399999998830026	RippleTimeIntervals					17166.6024	1.0290458921691663		
17166.6688	0.06240000000252621	RippleTimeIntervals					17166.712	0.3804121124336441		
17169.9048	0.031200000001263106	RippleTimeIntervals					17169.9208	0.377942409763749		
17174.0088	0.06560000000172295	RippleTimeIntervals					17174.0528	0.4270360934584564		
17176.0488	0.02479999999923166	RippleTimeIntervals					17176.062400000003	0.3217890975568407		
17182.712	0.02320000000327127	RippleTimeIntervals					17182.7304	0.5233805433792623		
17187.988	0.02239999999801512	RippleTimeIntervals					17188.0056	0.20228059897741477		
17189.824800000002	0.03359999999884167	RippleTimeIntervals					17189.8384	0.8874240747260728		
17190.440000000002	0.030399999999644933	RippleTimeIntervals					17190.4592	0.29916571870287245		
17199.2752	0.04320000000006985	RippleTimeIntervals					17199.2912	0.5224934907279648		
17199.3952	0.03200000000288128	RippleTimeIntervals					17199.4088	0.4997593007442574		
17203.0632	0.02960000000166474	RippleTimeIntervals					17203.085600000002	0.2205520400829369		
17203.5952	0.048800000000483124	RippleTimeIntervals					17203.6096	0.9544820328290055		
17203.767200000002	0.02079999999841675	RippleTimeIntervals					17203.776	0.4790845518447174		
17205.968	0.024000000001251465	RippleTimeIntervals					17205.9792	0.9127267181160102		
17215.6256	0.02080000000205473	RippleTimeIntervals					17215.630400000002	0.548144987316634		
17215.7408	0.04320000000006985	RippleTimeIntervals					17215.7736	0.26221752272953786		
17219.9792	0.02239999999801512	RippleTimeIntervals					17219.997600000002	0.27254761408210804		
17221.585600000002	0.020000000000436557	RippleTimeIntervals					17221.5976	0.32479660979822184		
17222.5168	0.02079999999841675	RippleTimeIntervals					17222.524	0.225477312611171		
17222.84	0.05680000000211294	RippleTimeIntervals					17222.8568	0.32614525652218623		
17224.9664	0.02239999999801512	RippleTimeIntervals					17224.984800000002	0.27412142560976543		
17228.092	0.07200000000011642	RippleTimeIntervals					17228.1504	1.220516069294276		
17228.9448	0.024000000001251465	RippleTimeIntervals					17228.958400000003	0.9252436849609743		
17229.2536	0.04160000000047148	RippleTimeIntervals					17229.2664	0.5513851434943773		
17234.7984	0.025600000000849832	RippleTimeIntervals					17234.8112	0.9040505760749586		
17235.556	0.028800000000046566	RippleTimeIntervals					17235.5688	0.3943948275550398		
17236.2576	0.021600000000034925	RippleTimeIntervals					17236.2624	0.5144292780447205		
17236.8408	0.042399999998451676	RippleTimeIntervals					17236.8624	0.4529950761905663		
17241.2776	0.031199999997625127	RippleTimeIntervals					17241.2864	0.26084580932074286		
17252.056800000002	0.02239999999801512	RippleTimeIntervals					17252.072	0.29588518256298874		
17255.0	10.0	SleepStates								WAKEstate
17266.0	15.0	SleepStates								NREMstate
17282.0	98.0	SleepStates								WAKEstate
17371.6232	0.046399999999266583	RippleTimeIntervals					17371.6352	0.7951448538213705		
17371.8184	0.028800000000046566	RippleTimeIntervals					17371.8352	1.1288948929986595		
17375.2664	0.024000000001251465	RippleTimeIntervals					17375.278400000003	0.4123910777615564		
17376.2512	0.04080000000249129	RippleTimeIntervals					17376.2848	0.40401971064790876		
17380.412800000002	0.023199999999633292	RippleTimeIntervals					17380.420000000002	0.6867652980052267		
17380.624	0.030399999999644933	RippleTimeIntervals					17380.6368	0.6225969136827505		
17381.0	43.0	SleepStates								NREMstate
17382.844	0.04560000000128639	RippleTimeIntervals					17382.8544	0.6312065298548944		
17390.499200000002	0.03440000000045984	RippleTimeIntervals					17390.5216	0.8196523281410392		
17392.1368	0.02960000000166474	RippleTimeIntervals					17392.1552	1.0676130913361854		
17392.5128	0.07920000000012806	RippleTimeIntervals					17392.5808	0.7793287351861357		
17392.6784	0.048800000000483124	RippleTimeIntervals					17392.6872	0.41330216169538325		
17395.616	0.02079999999841675	RippleTimeIntervals					17395.6208	0.3575785197268636		
17395.8136	0.04320000000006985	RippleTimeIntervals					17395.8304	0.7700589933753222		
17402.5944	0.020000000000436557	RippleTimeIntervals					17402.607200000002	0.40128284608218556		
17407.6088	0.05199999999967986	RippleTimeIntervals					17407.620000000003	0.8173598538811206		
17412.0752	0.04320000000006985	RippleTimeIntervals					17412.085600000002	0.38133721585159497		
17414.956000000002	0.05040000000008149	RippleTimeIntervals					17414.996	0.31790620472883097		
17418.248	0.037600000003294554	RippleTimeIntervals					17418.268	0.2693493611569085		
17420.136000000002	0.0272000000004482	RippleTimeIntervals					17420.159200000002	0.47362344900897185		
17421.0144	0.02080000000205473	RippleTimeIntervals					17421.026400000002	0.36171467506689586		
17425.0	390.0	SleepStates								WAKEstate
17454.2976	0.02079999999841675	RippleTimeIntervals					17454.3096	0.354492243494714		
17477.9144	0.023199999999633292	RippleTimeIntervals					17477.9304	0.8765956433826766		
17504.9384	0.037600000003294554	RippleTimeIntervals					17504.9528	0.6664599663404364		
17506.1456	0.02080000000205473	RippleTimeIntervals					17506.1536	0.42097523966145434		
17527.6208	0.028800000000046566	RippleTimeIntervals					17527.628800000002	0.251848195489148		
17531.756	0.02960000000166474	RippleTimeIntervals					17531.772	0.5920254258114046		
17537.0376	0.022400000001653098	RippleTimeIntervals					17537.0488	0.4063688404015451		
17538.2416	0.04320000000006985	RippleTimeIntervals					17538.2688	0.9186051725931927		
17538.424	0.03920000000289292	RippleTimeIntervals					17538.4528	0.4497513529297483		
17543.4264	0.025600000000849832	RippleTimeIntervals					17543.440000000002	0.6257481501204325		
17576.195200000002	0.023199999999633292	RippleTimeIntervals					17576.2072	0.6353276108634893		
17637.477600000002	0.042399999998451676	RippleTimeIntervals					17637.4856	0.2381556010685078		
17637.8024	0.04320000000006985	RippleTimeIntervals					17637.8264	0.2404352497285268		
17653.3048	0.02959999999802676	RippleTimeIntervals					17653.3224	0.24566794018179045		
17666.692000000003	0.03359999999884167	RippleTimeIntervals					17666.6976	0.5526142206451112		
17763.5688	0.030399999999644933	RippleTimeIntervals					17763.5888	0.573194436589796		
17816.0	247.0	SleepStates								NREMstate
17824.292800000003	0.03839999999763677	RippleTimeIntervals					17824.307200000003	0.5305548643234426		
17824.3568	0.03359999999884167	RippleTimeIntervals					17824.364800000003	0.27883138533244695		
17825.5	0.04800000000250293	RippleTimeIntervals					17825.5216	0.8903031957308802		
17826.1976	0.026400000002468005	RippleTimeIntervals					17826.2056	0.8951097390489207		
17831.163200000003	0.023199999995995313	RippleTimeIntervals					17831.1688	0.5651821895189265		
17831.7736	0.022400000001653098	RippleTimeIntervals					17831.788	0.40580218844472443		
17832.157600000002	0.021599999996396946	RippleTimeIntervals					17832.168	0.24120586506087668		
17834.4744	0.020000000000436557	RippleTimeIntervals					17834.4768	0.2795928340711161		
17834.604	0.02960000000166474	RippleTimeIntervals					17834.6256	0.21326112885009138		
17834.7624	0.021600000000034925	RippleTimeIntervals					17834.767200000002	0.3531634328420065		
17834.8888	0.020000000000436557	RippleTimeIntervals					17834.9	0.661180760417394		
17840.6184	0.03920000000289292	RippleTimeIntervals					17840.6536	0.2175977966575393		
17849.8808	0.028800000000046566	RippleTimeIntervals					17849.8856	0.27358915684788604		
17856.5448	0.044799999999668216	RippleTimeIntervals					17856.5632	0.2190936812407047		
17861.7008	0.03280000000086147	RippleTimeIntervals					17861.7256	0.807546566948331		
17876.5448	0.0272000000004482	RippleTimeIntervals					17876.568	0.21497076422949196		
17880.236	0.03359999999884167	RippleTimeIntervals					17880.2624	0.35151804921163804		
17880.948	0.021600000000034925	RippleTimeIntervals					17880.9576	0.2426697196385304		
17882.6008	0.04320000000006985	RippleTimeIntervals					17882.6264	0.7873434260918978		
17883.5792	0.033600000002479646	RippleTimeIntervals					17883.6064	0.40198162872863397		
17891.968800000002	0.03439999999682186	RippleTimeIntervals					17891.9792	1.2323676911388137		
17892.134400000003	0.03600000000005821	RippleTimeIntervals					17892.1456	0.74786607979945		
17893.204	0.044799999999668216	RippleTimeIntervals					17893.2296	0.40331052491413266		
17894.796000000002	0.02719999999681022	RippleTimeIntervals					17894.804	0.9694059820789026		
17896.4064	0.02080000000205473	RippleTimeIntervals					17896.4104	0.20742440795317627		
17899.3096	0.0319999999992433	RippleTimeIntervals					17899.3208	0.6953145673251572		
17899.7648	0.08320000000094296	RippleTimeIntervals					17899.8272	0.9435241457130893		
17903.555200000003	0.035199999998440035	RippleTimeIntervals					17903.569600000003	0.8293440354410871		
17903.7072	0.024000000001251465	RippleTimeIntervals					17903.7128	1.0507119667970024		
17905.281600000002	0.0319999999992433	RippleTimeIntervals					17905.308	0.6112498316070283		
17906.1928	0.0319999999992433	RippleTimeIntervals					17906.216	0.5260354851407617		
17923.9248	0.024000000001251465	RippleTimeIntervals					17923.944000000003	0.6008904716837529		
17924.0968	0.06000000000130967	RippleTimeIntervals					17924.105600000003	0.49741338078467556		
17926.1512	0.03919999999925494	RippleTimeIntervals					17926.1688	0.9644426960999584		
17928.7976	0.04160000000047148	RippleTimeIntervals					17928.8048	0.48175974066829536		
17932.7224	0.03840000000127475	RippleTimeIntervals					17932.7408	0.6347511631706901		
17936.3424	0.02960000000166474	RippleTimeIntervals					17936.3624	0.9332419561128271		
17936.5224	0.0367999999980384	RippleTimeIntervals					17936.5448	0.9182311463235491		
17952.144800000002	0.02479999999923166	RippleTimeIntervals					17952.148800000003	0.25929339950415653		
17952.244	0.03600000000005821	RippleTimeIntervals					17952.248	0.22184611394537065		
17953.1552	0.05519999999887659	RippleTimeIntervals					17953.159200000002	0.3032688923197966		
17953.448800000002	0.07760000000052969	RippleTimeIntervals					17953.4824	0.28797844881313645		
17955.891200000002	0.030399999999644933	RippleTimeIntervals					17955.9136	0.9387171228387362		
17971.4288	0.020000000000436557	RippleTimeIntervals					17971.4424	0.2018482246585573		
17972.932	0.027999999998428393	RippleTimeIntervals					17972.956000000002	0.5058923227827244		
17977.1016	0.06559999999808497	RippleTimeIntervals					17977.1152	0.6561749529291289		
17977.267200000002	0.0544000000008964	RippleTimeIntervals					17977.281600000002	0.6654004174779998		
17977.4792	0.046399999999266583	RippleTimeIntervals					17977.5016	0.6828357746413892		
17983.019200000002	0.062399999998888234	RippleTimeIntervals					17983.0232	0.2649237521106916		
17983.3408	0.021600000000034925	RippleTimeIntervals					17983.346400000002	0.7445306286713123		
17985.3096	0.0272000000004482	RippleTimeIntervals					17985.314400000003	0.3779464269296631		
17986.288800000002	0.0319999999992433	RippleTimeIntervals					17986.3128	0.3488917709076094		
17987.144800000002	0.051199999998061685	RippleTimeIntervals					17987.156000000003	0.8393697678854167		
17988.4576	0.03600000000005821	RippleTimeIntervals					17988.476000000002	1.1817849125030182		
17993.3664	0.024000000001251465	RippleTimeIntervals					17993.375200000002	0.21657290808876922		
17995.3544	0.024800000002869638	RippleTimeIntervals					17995.36	0.5405442438981185		
18000.1152	0.025600000000849832	RippleTimeIntervals					18000.1296	0.34225344250099743		
18000.5688	0.042399999998451676	RippleTimeIntervals					18000.600000000002	0.25091249230774865		
18000.632	0.027999999998428393	RippleTimeIntervals					18000.6496	0.9265739557467316		
18005.976000000002	0.0415999999968335	RippleTimeIntervals					18005.996	0.7942235013396636		
18006.128	0.026399999998830026	RippleTimeIntervals					18006.1456	0.7428300945574196		
18006.249600000003	0.032799999997223495	RippleTimeIntervals					18006.2632	0.5068244009520781		
18006.4672	0.020000000000436557	RippleTimeIntervals					18006.472800000003	0.7142854154001912		
18007.357600000003	0.05439999999725842	RippleTimeIntervals					18007.3664	0.8456902832299091		
18007.524	0.035199999998440035	RippleTimeIntervals					18007.532	0.5605223576419147		
18007.648800000003	0.04559999999764841	RippleTimeIntervals					18007.6816	0.348519479697195		
18012.9872	0.02960000000166474	RippleTimeIntervals					18012.9984	0.9379748291717419		
18013.1536	0.056000000000494765	RippleTimeIntervals					18013.1752	0.39768429826981544		
18013.7896	0.040000000000873115	RippleTimeIntervals					18013.7992	0.4124363491228076		
18015.1984	0.025600000000849832	RippleTimeIntervals					18015.212	0.40509460654044954		
18015.5992	0.025600000000849832	RippleTimeIntervals					18015.612	0.6626941556354192		
18015.9	0.023999999997613486	RippleTimeIntervals					18015.905600000002	0.5294215446546732		
18015.9944	0.03840000000127475	RippleTimeIntervals					18016.0112	0.36220463754270543		
18016.1224	0.0272000000004482	RippleTimeIntervals					18016.1384	0.685788427480181		
18025.1568	0.028000000002066372	RippleTimeIntervals					18025.1768	0.7900398756916747		
18025.3784	0.026399999998830026	RippleTimeIntervals					18025.386400000003	0.8089966582410218		
18039.0968	0.035200000002078013	RippleTimeIntervals					18039.1248	0.7794352473543351		
18039.292800000003	0.053599999999278225	RippleTimeIntervals					18039.3312	0.4533344159624864		
18041.3688	0.030399999999644933	RippleTimeIntervals					18041.3848	0.6607564831516154		
18048.2896	0.02080000000205473	RippleTimeIntervals					18048.303200000002	0.22544023940869273		
18052.9352	0.05040000000008149	RippleTimeIntervals					18052.9504	0.8401857199997581		
18053.2088	0.03440000000045984	RippleTimeIntervals					18053.2256	0.6842173454245263		
18054.9672	0.025600000000849832	RippleTimeIntervals					18054.9784	0.3356449535116395		
18055.4072	0.04400000000168802	RippleTimeIntervals					18055.416	0.36981256811205054		
18055.9136	0.0319999999992433	RippleTimeIntervals					18055.9376	0.3692016332759582		
18056.7808	0.02479999999923166	RippleTimeIntervals					18056.7952	0.6958997036790052		
18059.8976	0.040000000000873115	RippleTimeIntervals					18059.929600000003	0.7243185179830073		
18064.0	11.0	SleepStates								WAKEstate
18074.0448	0.023199999999633292	RippleTimeIntervals					18074.056	0.7398036821683113		
18075.5504	0.030399999999644933	RippleTimeIntervals					18075.564000000002	0.5908540878464978		
18076.0	151.0	SleepStates								NREMstate
18076.0464	0.028800000000046566	RippleTimeIntervals					18076.055200000003	0.47390509235313066		
18076.0624	0.16719999999986612	UpDownStatesTimeIntervals							UP	
18076.6568	0.07119999999849824	UpDownStatesTimeIntervals							DOWN	
18079.4712	0.03280000000086147	RippleTimeIntervals					18079.487200000003	0.40505848527097904		
18080.9784	0.03440000000045984	RippleTimeIntervals					18080.9944	0.6773657697047859		
18086.292	0.025600000000849832	RippleTimeIntervals					18086.303200000002	0.22948339800821077		
18086.7696	0.035200000002078013	RippleTimeIntervals					18086.7944	0.8379394651132989		
18087.052	0.04400000000168802	RippleTimeIntervals					18087.0736	0.6429305340793147		
18090.6928	0.0319999999992433	RippleTimeIntervals					18090.706400000003	1.0317308070580022		
18094.659200000002	0.023199999999633292	RippleTimeIntervals					18094.6752	0.29987849650474746		
18096.071200000002	0.06159999999727006	RippleTimeIntervals					18096.1152	0.8703458647604113		
18096.2272	0.037599999999656575	RippleTimeIntervals					18096.2416	0.977725191241446		
18098.965600000003	0.05519999999887659	RippleTimeIntervals					18099.013600000002	0.38429006560454165		
18099.32	0.031200000001263106	RippleTimeIntervals					18099.3408	1.207271403564794		
18099.54	0.05280000000129803	RippleTimeIntervals					18099.5888	0.22781562139869013		
18099.8784	0.02960000000166474	RippleTimeIntervals					18099.886400000003	0.6901863489073503		
18100.5728	0.02479999999923166	RippleTimeIntervals					18100.5896	0.4917524476042401		
18101.0224	0.03600000000005821	RippleTimeIntervals					18101.04	0.5440878679644046		
18123.2016	0.0272000000004482	RippleTimeIntervals					18123.2128	0.6048629421628801		
18128.578400000002	0.020000000000436557	RippleTimeIntervals					18128.591200000003	0.4743630299197558		
18129.628	0.022400000001653098	RippleTimeIntervals					18129.6424	0.7655075189444579		
18129.8296	0.020000000000436557	RippleTimeIntervals					18129.8416	0.6767621170717544		
18130.490400000002	0.039999999997235136	RippleTimeIntervals					18130.5112	0.8474942511500497		
18130.628800000002	0.03440000000045984	RippleTimeIntervals					18130.6368	0.5146722749766321		
18131.353600000002	0.031199999997625127	RippleTimeIntervals					18131.372000000003	0.3032443592227018		
18137.7824	0.03200000000288128	RippleTimeIntervals					18137.7944	1.0088447882804994		
18138.056800000002	0.023999999997613486	RippleTimeIntervals					18138.076800000003	0.41543419498869094		
18138.372000000003	0.0319999999992433	RippleTimeIntervals					18138.389600000002	0.45483252375027555		
18138.5072	0.024000000001251465	RippleTimeIntervals					18138.5232	0.7535918877790639		
18138.612	0.02479999999923166	RippleTimeIntervals					18138.620000000003	0.4468626808774752		
18150.965600000003	0.027999999998428393	RippleTimeIntervals					18150.9736	0.43263968551024246		
18153.2248	0.06560000000172295	RippleTimeIntervals					18153.235200000003	0.7774214985651006		
18153.3776	0.020000000000436557	RippleTimeIntervals					18153.3904	0.4254194978506508		
18154.2368	0.04400000000168802	RippleTimeIntervals					18154.2488	0.4037756332119609		
18164.8872	0.035200000002078013	RippleTimeIntervals					18164.9016	0.7725051710793372		
18165.0544	0.02079999999841675	RippleTimeIntervals					18165.0648	0.6573753197926536		
18165.3888	0.048800000000483124	RippleTimeIntervals					18165.412800000002	0.5646655774634813		
18166.2392	0.053600000002916204	RippleTimeIntervals					18166.2488	0.33320471379589234		
18166.3888	0.030399999999644933	RippleTimeIntervals					18166.411200000002	0.8414550704195305		
18166.4816	0.0272000000004482	RippleTimeIntervals					18166.4928	0.6435395453487579		
18171.644	0.026400000002468005	RippleTimeIntervals					18171.652000000002	0.47128386948247825		
18172.6248	0.05439999999725842	RippleTimeIntervals					18172.672000000002	0.5338913914170419		
18173.6888	0.021600000000034925	RippleTimeIntervals					18173.6976	0.4729673173930328		
18174.360800000002	0.02959999999802676	RippleTimeIntervals					18174.3832	0.27660616772161845		
18175.3848	0.025600000000849832	RippleTimeIntervals					18175.3904	0.318817066368469		
18177.0848	0.021600000000034925	RippleTimeIntervals					18177.098400000003	0.3754350178119053		
18180.1072	0.15600000000267755	UpDownStatesTimeIntervals							UP	
18182.5432	0.022400000001653098	RippleTimeIntervals					18182.5544	0.39354632370384723		
18183.8128	0.03440000000045984	RippleTimeIntervals					18183.821600000003	0.39680681810364277		
18184.9072	0.0319999999992433	RippleTimeIntervals					18184.924	0.8876346888782961		
18185.0216	0.040000000000873115	RippleTimeIntervals					18185.0376	0.9410662844344507		
18185.1352	0.047200000000884756	RippleTimeIntervals					18185.172000000002	0.4942276893135264		
18185.4304	0.0319999999992433	RippleTimeIntervals					18185.4456	0.7429985107421859		
18192.5952	0.025600000000849832	RippleTimeIntervals					18192.605600000003	0.21940394513657938		
18194.4536	0.022400000001653098	RippleTimeIntervals					18194.472	0.30990135887942455		
18197.092	0.046399999999266583	RippleTimeIntervals					18197.1176	1.1353471989484267		
18224.072	0.09679999999934807	RippleTimeIntervals					18224.1264	1.0672787623885371		
18225.9368	0.1543999999994412	UpDownStatesTimeIntervals							UP	
18228.0	48.0	SleepStates								WAKEstate
18263.3688	0.03440000000045984	RippleTimeIntervals					18263.393600000003	0.4046073744110415		
18277.0	11.0	SleepStates								NREMstate
18285.1896	0.026399999998830026	RippleTimeIntervals					18285.1976	0.40534789109536357		
18285.6928	0.028000000002066372	RippleTimeIntervals					18285.6976	0.4138428814769219		
18285.8296	0.031200000001263106	RippleTimeIntervals					18285.848	0.722558542798808		
18287.5816	0.0319999999992433	RippleTimeIntervals					18287.5968	0.644780940568831		
18289.0	31.0	SleepStates								WAKEstate
18313.0472	0.04160000000047148	RippleTimeIntervals					18313.055200000003	0.5754482641804591		
18321.0	23.0	SleepStates								NREMstate
18324.5016	0.03600000000005821	RippleTimeIntervals					18324.5312	0.3398281071915487		
18324.9448	0.0272000000004482	RippleTimeIntervals					18324.9528	0.33398848557143535		
18326.3992	0.03680000000167638	RippleTimeIntervals					18326.4072	0.3048231525806993		
18329.9048	0.02080000000205473	RippleTimeIntervals					18329.912800000002	0.2975744403751356		
18345.0	51.0	SleepStates								WAKEstate
18353.1328	0.04080000000249129	RippleTimeIntervals					18353.152000000002	0.5767268369275552		
18396.8024	0.35199999999895226	UpDownStatesTimeIntervals							UP	
18397.0	65.0	SleepStates								NREMstate
18401.0984	0.14800000000104774	UpDownStatesTimeIntervals							UP	
18404.1888	0.16960000000108266	UpDownStatesTimeIntervals							UP	
18404.9376	0.1368000000002212	UpDownStatesTimeIntervals							UP	
18406.6472	0.33439999999973224	UpDownStatesTimeIntervals							UP	
18407.7704	0.16719999999986612	UpDownStatesTimeIntervals							UP	
18408.9576	0.1231999999981781	UpDownStatesTimeIntervals							UP	
18440.8832	0.23280000000158907	UpDownStatesTimeIntervals							UP	
18441.452	0.1815999999998894	UpDownStatesTimeIntervals							UP	
18442.4216	0.3679999999985739	UpDownStatesTimeIntervals							UP	
18453.9064	0.1808000000019092	UpDownStatesTimeIntervals							UP	
18455.664	0.1543999999994412	UpDownStatesTimeIntervals							UP	
18458.9632	0.23360000000320724	UpDownStatesTimeIntervals							UP	
18460.9232	0.09439999999813153	UpDownStatesTimeIntervals							DOWN	
18461.44	0.28399999999965075	UpDownStatesTimeIntervals							UP	
18463.0	25.0	SleepStates								WAKEstate
18479.32	0.024000000001251465	RippleTimeIntervals					18479.324800000002	0.302464436754992		
18489.0	249.0	SleepStates								NREMstate
18489.6088	0.5559999999968568	UpDownStatesTimeIntervals							UP	
18494.2088	0.15759999999863794	UpDownStatesTimeIntervals							UP	
18494.9112	0.10080000000016298	UpDownStatesTimeIntervals							UP	
18508.552	0.028000000002066372	RippleTimeIntervals					18508.5576	0.35229653632736424		
18509.7448	0.1176000000014028	UpDownStatesTimeIntervals							UP	
18510.46	0.10399999999935972	UpDownStatesTimeIntervals							DOWN	
18511.3128	0.16479999999864958	UpDownStatesTimeIntervals							UP	
18511.6856	0.0639999999984866	UpDownStatesTimeIntervals							DOWN	
18519.5528	0.18559999999706633	UpDownStatesTimeIntervals							UP	
18527.2944	0.21919999999954598	UpDownStatesTimeIntervals							UP	
18527.8416	0.20560000000114087	UpDownStatesTimeIntervals							DOWN	
18538.06	0.03359999999884167	RippleTimeIntervals					18538.0688	0.2363494652452024		
18541.2912	0.026400000002468005	RippleTimeIntervals					18541.3128	0.20006924855833502		
18546.0128	0.03280000000086147	RippleTimeIntervals					18546.026400000002	0.6789056457312643		
18550.228000000003	0.031199999997625127	RippleTimeIntervals					18550.236800000002	0.3094464354931853		
18550.728000000003	0.023999999997613486	RippleTimeIntervals					18550.736	0.5396681822128128		
18553.584000000003	0.02079999999841675	RippleTimeIntervals					18553.6008	0.2989537783537411		
18558.2552	0.05199999999967986	UpDownStatesTimeIntervals							DOWN	
18558.7696	0.025600000000849832	RippleTimeIntervals					18558.7808	0.48285428346089027		
18558.8464	0.16880000000310247	UpDownStatesTimeIntervals							UP	
18558.9248	0.025600000000849832	RippleTimeIntervals					18558.9352	0.4549370576274032		
18578.3296	0.13919999999779975	UpDownStatesTimeIntervals							UP	
18579.38	0.14799999999740976	UpDownStatesTimeIntervals							UP	
18581.5056	0.455999999998312	UpDownStatesTimeIntervals							DOWN	
18581.9616	0.3096000000005006	UpDownStatesTimeIntervals							UP	
18586.088	0.024000000001251465	RippleTimeIntervals					18586.1048	0.42872231451880316		
18587.8928	0.03600000000005821	RippleTimeIntervals					18587.9216	0.38059096263850717		
18588.722400000002	0.053599999999278225	RippleTimeIntervals					18588.7688	0.5515907798085504		
18595.1496	0.058400000001711305	RippleTimeIntervals					18595.1888	0.3977691437918512		
18595.376	0.037599999999656575	RippleTimeIntervals					18595.4064	0.29218934580689376		
18596.427200000002	0.021600000000034925	RippleTimeIntervals					18596.4408	0.6842555587499692		
18598.3184	0.030399999999644933	RippleTimeIntervals					18598.328800000003	0.6048910810056383		
18603.1512	0.031200000001263106	RippleTimeIntervals					18603.1752	0.2860836280635842		
18607.4224	0.04160000000047148	RippleTimeIntervals					18607.4392	0.43794169383799386		
18607.7552	0.031200000001263106	RippleTimeIntervals					18607.760000000002	0.5508682944738764		
18607.814400000003	0.035199999998440035	RippleTimeIntervals					18607.823200000003	0.20131296085546233		
18608.0008	0.04399999999805004	RippleTimeIntervals					18608.0128	0.4549899409548357		
18609.252	0.02080000000205473	RippleTimeIntervals					18609.2648	0.4398465234948991		
18609.4856	0.0272000000004482	RippleTimeIntervals					18609.4968	0.7887091582891088		
18610.120000000003	0.023999999997613486	RippleTimeIntervals					18610.1256	0.6673677028717057		
18618.137600000002	0.020000000000436557	RippleTimeIntervals					18618.150400000002	0.2954216605414041		
18618.2464	0.03600000000005821	RippleTimeIntervals					18618.2536	0.5553944342197173		
18619.524	0.05040000000008149	RippleTimeIntervals					18619.5344	0.4930165225343704		
18621.956	0.2352000000028056	UpDownStatesTimeIntervals							UP	
18622.3496	0.3599999999969441	UpDownStatesTimeIntervals							DOWN	
18627.8152	0.05040000000008149	RippleTimeIntervals					18627.824800000002	0.6234385013239212		
18637.1856	0.024000000001251465	RippleTimeIntervals					18637.2016	0.41126825453275306		
18639.346400000002	0.023199999999633292	RippleTimeIntervals					18639.36	0.21857393918640297		
18642.0032	0.024000000001251465	RippleTimeIntervals					18642.02	0.7293882795888729		
18650.3208	0.03280000000086147	RippleTimeIntervals					18650.339200000002	0.4510180975377571		
18656.7256	0.025600000000849832	RippleTimeIntervals					18656.7432	0.403444498005903		
18657.9888	0.035200000002078013	RippleTimeIntervals					18657.9936	0.28442533354394756		
18662.9144	0.04399999999805004	RippleTimeIntervals					18662.9232	0.5069741397486145		
18670.112800000003	0.02959999999802676	RippleTimeIntervals					18670.128	0.33753011346601186		
18677.206400000003	0.0415999999968335	RippleTimeIntervals					18677.2288	0.3432569772330438		
18677.5232	0.022400000001653098	RippleTimeIntervals					18677.5288	0.8163814057048443		
18679.5696	0.26160000000163564	UpDownStatesTimeIntervals							UP	
18689.749600000003	0.05679999999847496	RippleTimeIntervals					18689.7576	0.3145024098362734		
18690.1296	0.04160000000047148	RippleTimeIntervals					18690.148800000003	0.3204473390525185		
18691.4576	0.025600000000849832	RippleTimeIntervals					18691.4784	0.21852585432283653		
18692.8008	0.025600000000849832	RippleTimeIntervals					18692.808	0.4774589000473393		
18700.941600000002	0.037599999999656575	RippleTimeIntervals					18700.96	0.499555448390787		
18704.2328	0.04160000000047148	RippleTimeIntervals					18704.2552	0.2845466294700624		
18707.591200000003	0.02239999999801512	RippleTimeIntervals					18707.6064	0.35536057504024127		
18708.533600000002	0.053599999999278225	RippleTimeIntervals					18708.5656	0.4640916335871976		
18717.212	0.15520000000105938	UpDownStatesTimeIntervals							UP	
18718.14	0.16480000000228756	UpDownStatesTimeIntervals							UP	
18719.36	0.24639999999999418	UpDownStatesTimeIntervals							UP	
18720.9848	0.2728000000024622	UpDownStatesTimeIntervals							DOWN	
18721.2576	0.1687999999994645	UpDownStatesTimeIntervals							UP	
18739.0	32.0	SleepStates								WAKEstate
18741.5248	0.037600000003294554	RippleTimeIntervals					18741.544	9.007623496927023		
18745.6336	0.04160000000047148	RippleTimeIntervals					18745.648800000003	1.2375563687431455		
18746.0288	0.020000000000436557	RippleTimeIntervals					18746.044	0.6577356087713518		
18772.0	10.0	SleepStates								NREMstate
18783.0	428.0	SleepStates								WAKEstate
18787.156000000003	0.02959999999802676	RippleTimeIntervals					18787.180800000002	0.28150170234290034		
18801.7904	0.02479999999923166	RippleTimeIntervals					18801.8048	3.8606258669560134		
18856.535200000002	0.02079999999841675	RippleTimeIntervals					18856.5432	0.5952470676916497		
18856.884000000002	0.037599999999656575	RippleTimeIntervals					18856.8944	0.7351219139899904		
18865.6112	0.030400000003282912	RippleTimeIntervals					18865.6248	0.3148266050364916		
18868.3792	0.028000000002066372	RippleTimeIntervals					18868.392	0.6639070453968003		
18879.3776	0.035200000002078013	RippleTimeIntervals					18879.3952	0.6256320615888902		
18882.1112	0.026400000002468005	RippleTimeIntervals					18882.1296	0.2969832917299836		
18885.1752	0.021600000000034925	RippleTimeIntervals					18885.1888	0.7890560310665556		
18918.14	0.020000000000436557	RippleTimeIntervals					18918.152000000002	0.5882095871731182		
18927.5056	0.028800000000046566	RippleTimeIntervals					18927.5232	0.42169992265876277		
18927.8776	0.02479999999923166	RippleTimeIntervals					18927.896	0.4424232222649154		
18942.2272	0.02079999999841675	RippleTimeIntervals					18942.244000000002	0.7463531921684814		
18955.5728	0.02239999999801512	RippleTimeIntervals					18955.591200000003	0.6760970148632548		
18986.1472	0.024000000001251465	RippleTimeIntervals					18986.152000000002	0.6063286306316988		
18986.512000000002	0.02719999999681022	RippleTimeIntervals					18986.532	0.5312343563715031		
18992.823200000003	0.021599999996396946	RippleTimeIntervals					18992.8408	0.2437612629650459		
18993.0816	0.030399999999644933	RippleTimeIntervals					18993.1024	0.3284595637905969		
19014.48	0.06480000000010477	RippleTimeIntervals					19014.5032	0.6602763154205624		
19016.643200000002	0.02239999999801512	RippleTimeIntervals					19016.6568	0.29993739838349787		
19040.7408	0.022400000001653098	RippleTimeIntervals					19040.7552	0.4312390637790622		
19041.2112	0.0591999999996915	RippleTimeIntervals					19041.222400000002	0.7731624321262734		
19041.7232	0.04160000000047148	RippleTimeIntervals					19041.7576	0.553243326387565		
19053.3368	0.03600000000005821	RippleTimeIntervals					19053.350400000003	0.660225037087702		
19053.504	0.0272000000004482	RippleTimeIntervals					19053.524	0.23826064039985775		
19063.220800000003	0.05279999999766005	RippleTimeIntervals					19063.229600000002	0.5810317514883001		
19067.5648	0.02080000000205473	RippleTimeIntervals					19067.5728	0.507103934329455		
19075.432	0.022400000001653098	RippleTimeIntervals					19075.448	0.4579847715202833		
19115.004800000002	0.03439999999682186	RippleTimeIntervals					19115.0096	0.5777772543357764		
19194.520800000002	0.035199999998440035	RippleTimeIntervals					19194.5376	0.6193128316843184		
19195.54	0.027999999998428393	RippleTimeIntervals					19195.5512	0.5581899088647586		
19198.4736	0.026399999998830026	RippleTimeIntervals					19198.4824	0.686211060295273		
19202.215200000002	0.020000000000436557	RippleTimeIntervals					19202.228000000003	0.6257622775039265		
19212.0	8.0	SleepStates								NREMstate
19212.222400000002	0.0272000000004482	RippleTimeIntervals					19212.232	0.30235189416969915		
19212.4376	0.04560000000128639	RippleTimeIntervals					19212.4672	0.4089087335462128		
19217.1544	0.05040000000008149	RippleTimeIntervals					19217.1976	0.5090473662195021		
19218.267200000002	0.02239999999801512	RippleTimeIntervals					19218.2824	0.6244196718462519		
19221.0	59.0	SleepStates								WAKEstate
19226.7056	0.024000000001251465	RippleTimeIntervals					19226.7104	0.8133687621821789		
19228.0144	0.025600000000849832	RippleTimeIntervals					19228.0304	0.644055498044004		
19232.3816	0.020000000000436557	RippleTimeIntervals					19232.392	0.32704917626042473		
19232.5608	0.024000000001251465	RippleTimeIntervals					19232.58	0.26926817289871063		
19232.884000000002	0.0367999999980384	RippleTimeIntervals					19232.8928	0.3883523146945198		
19234.9288	0.02239999999801512	RippleTimeIntervals					19234.9336	0.4017849540459675		
19237.5272	0.0319999999992433	RippleTimeIntervals					19237.5384	0.6797106123206008		
19239.3936	0.04080000000249129	RippleTimeIntervals					19239.412800000002	0.4537001996113114		
19249.0616	0.020000000000436557	RippleTimeIntervals					19249.0776	0.2923135133513866		
19250.7984	0.021600000000034925	RippleTimeIntervals					19250.8128	0.4157656050241288		
19253.076800000003	0.021600000000034925	RippleTimeIntervals					19253.0864	0.9227950654288977		
19253.5656	0.02959999999802676	RippleTimeIntervals					19253.576	0.6008748542615466		
19257.852	0.03600000000005821	RippleTimeIntervals					19257.8568	0.2766584634015271		
19263.252800000002	0.020000000000436557	RippleTimeIntervals					19263.2632	0.46638770331088963		
19265.9496	0.025600000000849832	RippleTimeIntervals					19265.954400000002	0.6733297712783788		
19269.0128	0.023199999999633292	RippleTimeIntervals					19269.032	0.21513064823187067		
19281.0	17.0	SleepStates								NREMstate
19282.6312	0.025600000000849832	RippleTimeIntervals					19282.6368	0.4489157659421266		
19283.3904	0.030399999999644933	RippleTimeIntervals					19283.404000000002	0.5356718647720435		
19283.5152	0.02079999999841675	RippleTimeIntervals					19283.5232	0.3810415806829549		
19283.5888	0.02239999999801512	RippleTimeIntervals					19283.596	0.6001917550718325		
19284.376800000002	0.02479999999923166	RippleTimeIntervals					19284.3944	0.5199701527539823		
19289.659200000002	0.02079999999841675	RippleTimeIntervals					19289.6728	0.6334989548545132		
19290.0488	0.028000000002066372	RippleTimeIntervals					19290.0648	0.7173558145188043		
19293.32	0.02320000000327127	RippleTimeIntervals					19293.324800000002	0.7463370400503387		
19293.8664	0.03280000000086147	RippleTimeIntervals					19293.8832	0.2735339476698027		
19294.0608	0.025600000000849832	RippleTimeIntervals					19294.08	0.551697947570587		
19294.2192	0.0496000000021013	RippleTimeIntervals					19294.2304	0.41012630995169674		
19299.0	102.0	SleepStates								WAKEstate
19354.418400000002	0.07599999999729334	RippleTimeIntervals					19354.4336	24.51686560162195		
19401.5	0.18240000000150758	UpDownStatesTimeIntervals							UP	
19402.0	11.0	SleepStates								NREMstate
19402.0016	0.11040000000139116	UpDownStatesTimeIntervals							UP	
19402.4592	0.06079999999928987	UpDownStatesTimeIntervals							DOWN	
19403.2728	0.13520000000062282	UpDownStatesTimeIntervals							UP	
19406.3256	0.12800000000061118	UpDownStatesTimeIntervals							UP	
19407.1104	0.18959999999788124	UpDownStatesTimeIntervals							UP	
19407.9904	0.272000000000844	UpDownStatesTimeIntervals							UP	
19408.976	0.13760000000183936	UpDownStatesTimeIntervals							UP	
19409.8328	0.2128000000011525	UpDownStatesTimeIntervals							UP	
19410.5968	0.16719999999986612	UpDownStatesTimeIntervals							UP	
19411.4072	0.2783999999992375	UpDownStatesTimeIntervals							UP	
19414.0	250.0	SleepStates								WAKEstate
19441.1856	0.058400000001711305	RippleTimeIntervals					19441.229600000002	0.32256200748230446		
19486.5216	0.02960000000166474	RippleTimeIntervals					19486.532	0.838176661175458		
19501.6784	0.031200000001263106	RippleTimeIntervals					19501.684	1.1421686809182396		
19501.7544	0.08399999999892316	RippleTimeIntervals					19501.760000000002	0.4940797528875056		
19522.8136	0.0639999999984866	RippleTimeIntervals					19522.8424	0.5862942240603327		
19565.193600000002	0.04559999999764841	RippleTimeIntervals					19565.232	0.2228633326159634		
19604.9072	0.05519999999887659	RippleTimeIntervals					19604.927200000002	0.2985884009387277		
19624.192000000003	0.02239999999801512	RippleTimeIntervals					19624.206400000003	0.6356639979843283		
19624.8616	0.035200000002078013	RippleTimeIntervals					19624.8672	0.6471601779148946		
19641.729600000002	0.09759999999732827	RippleTimeIntervals					19641.7696	2.102909756753626		
19664.3656	0.02479999999923166	RippleTimeIntervals					19664.3784	0.2607336192984137		
19665.0	28.0	SleepStates								NREMstate
19667.56	0.04399999999805004	RippleTimeIntervals					19667.596	0.7870425821262583		
19668.06	0.12159999999857973	UpDownStatesTimeIntervals							UP	
19679.6336	0.15599999999903957	UpDownStatesTimeIntervals							UP	
19680.34	0.07839999999850988	UpDownStatesTimeIntervals							DOWN	
19680.5528	0.2639999999992142	UpDownStatesTimeIntervals							UP	
19694.0	7.0	SleepStates								WAKEstate
19702.0	15.0	SleepStates								NREMstate
19718.0	20.0	SleepStates								WAKEstate
19725.1264	0.02960000000166474	RippleTimeIntervals					19725.1424	0.4414895987218598		
19737.735200000003	0.026399999998830026	RippleTimeIntervals					19737.751200000002	0.8416640505426592		
19739.0	8.0	SleepStates								NREMstate
19741.5576	0.0544000000008964	RippleTimeIntervals					19741.5664	0.5785311585280744		
19746.699200000003	0.037599999999656575	RippleTimeIntervals					19746.722400000002	0.5993764193688185		
19748.0	9.0	SleepStates								WAKEstate
19757.016	0.03280000000086147	RippleTimeIntervals					19757.020800000002	0.2705813608210419		
19758.0	9.0	SleepStates								NREMstate
19758.212	0.021600000000034925	RippleTimeIntervals					19758.2216	0.4757976503379291		
19760.5384	0.027999999998428393	RippleTimeIntervals					19760.5584	0.28261431868307263		
19760.704	0.026399999998830026	RippleTimeIntervals					19760.715200000002	0.6388376829392329		
19761.9656	0.04640000000290456	RippleTimeIntervals					19761.9872	0.7454853130237188		
19768.0	10.0	SleepStates								WAKEstate
19768.5952	0.02960000000166474	RippleTimeIntervals					19768.6112	0.6546354075023734		
19779.0	236.0	SleepStates								NREMstate
19779.4312	0.030400000003282912	RippleTimeIntervals					19779.441600000002	0.7565044011419594		
19784.839200000002	0.07200000000011642	RippleTimeIntervals					19784.896	0.8023922194670261		
19785.0296	0.02239999999801512	RippleTimeIntervals					19785.042400000002	0.4795465937251415		
19788.382400000002	0.026399999998830026	RippleTimeIntervals					19788.3904	0.67136895454537		
19788.5248	0.024000000001251465	RippleTimeIntervals					19788.544	0.28331619665825397		
19795.0224	0.023199999999633292	RippleTimeIntervals					19795.0384	0.5966710940611125		
19802.2	0.020000000000436557	RippleTimeIntervals					19802.2128	0.4946042454851321		
19802.4168	0.025600000000849832	RippleTimeIntervals					19802.4312	0.4272130616011891		
19802.7016	0.024000000001251465	RippleTimeIntervals					19802.715200000002	0.8583064100371174		
19806.5656	0.042399999998451676	RippleTimeIntervals					19806.5744	0.5012663859697577		
19807.148800000003	0.07759999999689171	RippleTimeIntervals					19807.1536	0.44397875052995517		
19807.4496	0.028000000002066372	RippleTimeIntervals					19807.4624	0.49255536097590746		
19807.824	0.0272000000004482	RippleTimeIntervals					19807.844800000003	0.5959893666766445		
19808.5176	0.028800000000046566	RippleTimeIntervals					19808.5392	0.40120692825847093		
19808.853600000002	0.05040000000008149	RippleTimeIntervals					19808.8872	0.3527416438860099		
19808.9824	0.020000000000436557	RippleTimeIntervals					19808.988	0.2013067269628742		
19809.215200000002	0.023199999999633292	RippleTimeIntervals					19809.22	0.5177682957326963		
19813.264000000003	0.03600000000005821	RippleTimeIntervals					19813.2824	0.4836766388832965		
19813.9984	0.02080000000205473	RippleTimeIntervals					19814.0128	0.23450556558572236		
19814.1088	0.056000000000494765	RippleTimeIntervals					19814.157600000002	0.5125522725940106		
19815.5416	0.021600000000034925	RippleTimeIntervals					19815.556	0.6653734619458636		
19815.844	0.03919999999925494	RippleTimeIntervals					19815.8584	0.5844774925909716		
19825.8384	0.020000000000436557	RippleTimeIntervals					19825.846400000002	0.4114741109200128		
19833.7624	0.0272000000004482	RippleTimeIntervals					19833.774400000002	0.42334958508672976		
19835.004	0.020000000000436557	RippleTimeIntervals					19835.016	0.43929518888793473		
19844.4088	0.0319999999992433	RippleTimeIntervals					19844.4336	0.3992728828120648		
19844.4712	0.02080000000205473	RippleTimeIntervals					19844.484	0.3400542500938435		
19844.6336	0.05280000000129803	RippleTimeIntervals					19844.668	0.29606646152736227		
19847.1944	0.028000000002066372	RippleTimeIntervals					19847.2	0.25681558427949747		
19854.4152	0.05680000000211294	RippleTimeIntervals					19854.456000000002	0.49837964152467157		
19855.1112	0.03680000000167638	RippleTimeIntervals					19855.134400000003	0.3084334364710199		
19859.1656	0.020000000000436557	RippleTimeIntervals					19859.1784	0.6532528838658019		
19861.192000000003	0.027999999998428393	RippleTimeIntervals					19861.2	0.9423277800944823		
19861.316000000003	0.04320000000006985	RippleTimeIntervals					19861.3416	0.7284123559103896		
19861.5272	0.023199999999633292	RippleTimeIntervals					19861.5328	0.5354183610473372		
19864.208000000002	0.025599999997211853	RippleTimeIntervals					19864.2256	0.5912015648200327		
19864.8832	0.026399999998830026	RippleTimeIntervals					19864.8944	0.405122296389755		
19864.9872	0.024000000001251465	RippleTimeIntervals					19864.997600000002	0.6380332517764253		
19865.6656	0.07120000000213622	RippleTimeIntervals					19865.6896	0.3708378831674372		
19871.3312	0.02960000000166474	RippleTimeIntervals					19871.353600000002	0.36327348068168613		
19876.288	0.030399999999644933	RippleTimeIntervals					19876.2984	0.573935167391161		
19876.780000000002	0.0272000000004482	RippleTimeIntervals					19876.788800000002	0.5431855941082844		
19877.0024	0.037599999999656575	RippleTimeIntervals					19877.0216	0.8849529868820671		
19885.398400000002	0.04399999999805004	RippleTimeIntervals					19885.4352	0.9559635602114204		
19885.9528	0.035200000002078013	RippleTimeIntervals					19885.977600000002	0.4142447056431977		
19890.9216	0.02959999999802676	RippleTimeIntervals					19890.932800000002	0.4102647957707211		
19894.0848	0.025600000000849832	RippleTimeIntervals					19894.0952	0.3279905878321952		
19894.736	0.0272000000004482	RippleTimeIntervals					19894.744000000002	0.3806863332642611		
19903.7192	0.03680000000167638	RippleTimeIntervals					19903.724000000002	0.5739007570986171		
19909.8696	0.0319999999992433	RippleTimeIntervals					19909.8856	0.5084601753674557		
19910.1496	0.021600000000034925	RippleTimeIntervals					19910.16	0.7377918638398482		
19910.425600000002	0.046399999999266583	RippleTimeIntervals					19910.448	0.5397256976655754		
19917.3848	0.03440000000045984	RippleTimeIntervals					19917.3992	0.3339085736095225		
19929.592	0.030399999999644933	RippleTimeIntervals					19929.6088	1.0568534822983888		
19929.731200000002	0.031199999997625127	RippleTimeIntervals					19929.752	0.6956965127908381		
19932.8696	0.020000000000436557	RippleTimeIntervals					19932.882400000002	0.2709270399649301		
19933.876	0.030399999999644933	RippleTimeIntervals					19933.892	0.6890097407801401		
19934.2608	0.044799999999668216	RippleTimeIntervals					19934.288	0.6535908542180785		
19937.3256	0.0632000000005064	RippleTimeIntervals					19937.353600000002	0.43249718285299343		
19938.552	0.04800000000250293	RippleTimeIntervals					19938.5896	0.604913315709791		
19939.1584	0.0544000000008964	RippleTimeIntervals					19939.1872	0.4529480010513728		
19942.3424	0.027999999998428393	RippleTimeIntervals					19942.3656	0.5093595696614379		
19943.872000000003	0.03599999999642023	RippleTimeIntervals					19943.8888	0.3018278249324235		
19950.756	0.0319999999992433	RippleTimeIntervals					19950.767200000002	0.6133541089119583		
19950.892	0.02960000000166474	RippleTimeIntervals					19950.9016	0.5060572492093134		
19952.274400000002	0.02479999999923166	RippleTimeIntervals					19952.288800000002	0.41598787832763384		
19954.2736	0.026400000002468005	RippleTimeIntervals					19954.278400000003	0.5213316622103552		
19954.781600000002	0.030399999999644933	RippleTimeIntervals					19954.7968	0.34095093216176886		
19955.184	0.0272000000004482	RippleTimeIntervals					19955.193600000002	0.3213037383015806		
19955.9176	0.04079999999885331	RippleTimeIntervals					19955.9496	0.38584400769863986		
19958.7936	0.026399999998830026	RippleTimeIntervals					19958.808800000003	0.5871591196330224		
19967.1712	0.03359999999884167	RippleTimeIntervals					19967.192000000003	0.6851872412668026		
19973.7608	0.025600000000849832	RippleTimeIntervals					19973.7792	0.2988825776796171		
19974.0472	0.04320000000006985	RippleTimeIntervals					19974.0688	0.5135560433347514		
19975.6656	0.023199999999633292	RippleTimeIntervals					19975.673600000002	0.35627890653062577		
19978.0304	0.021600000000034925	RippleTimeIntervals					19978.0384	0.5497020699488093		
19979.264000000003	0.03919999999925494	RippleTimeIntervals					19979.287200000002	0.4154802570388616		
19986.5528	0.07200000000011642	RippleTimeIntervals					19986.568	0.38484602446468286		
19989.4528	0.07920000000012806	RippleTimeIntervals					19989.519200000002	0.514793948619471		
19996.7392	0.0496000000021013	RippleTimeIntervals					19996.7736	0.5294555293616634		
19997.3944	0.04560000000128639	RippleTimeIntervals					19997.4248	0.8145094297285697		
20001.091200000003	0.04559999999764841	RippleTimeIntervals					20001.1168	0.49654640722472976		
20001.778400000003	0.0319999999992433	RippleTimeIntervals					20001.784	0.5227519646929654		
20002.3856	0.020000000000436557	RippleTimeIntervals					20002.3976	0.4621110149247557		
20005.0288	0.024000000001251465	RippleTimeIntervals					20005.048000000003	0.3061491786568224		
20009.699200000003	0.04719999999724678	RippleTimeIntervals					20009.713600000003	0.271130230885774		
20010.389600000002	0.02239999999801512	RippleTimeIntervals					20010.4048	0.6449635147177984		
20010.519200000002	0.027999999998428393	RippleTimeIntervals					20010.5368	0.46039521588591736		
20016.0	256.0	SleepStates								WAKEstate
20152.5088	0.026400000002468005	RippleTimeIntervals					20152.516	0.3852327529054425		
20170.612	0.023199999999633292	RippleTimeIntervals					20170.6224	0.4055565334188954		
20186.9744	0.03600000000005821	RippleTimeIntervals					20186.9912	0.5979985132121092		
20191.344	0.020000000000436557	RippleTimeIntervals					20191.352000000003	0.21480938433472632		
20213.5824	0.03200000000288128	RippleTimeIntervals					20213.607200000002	0.7858448161958885		
20214.192000000003	0.02479999999923166	RippleTimeIntervals					20214.2088	0.5930356088479319		
20219.0416	0.0319999999992433	RippleTimeIntervals					20219.055200000003	0.5045881155000708		
20251.6824	0.02479999999923166	RippleTimeIntervals					20251.6888	1.4674431718053884		
20257.0736	0.024000000001251465	RippleTimeIntervals					20257.078400000002	0.42304573711647375		
20272.0728	0.7007999999987078	UpDownStatesTimeIntervals							UP	
20272.7736	0.14879999999902793	UpDownStatesTimeIntervals							UP	
20273.0	7.0	SleepStates								NREMstate
20273.6064	0.16479999999864958	UpDownStatesTimeIntervals							UP	
20274.2112	0.18879999999990105	UpDownStatesTimeIntervals							UP	
20274.8856	0.14400000000023283	UpDownStatesTimeIntervals							UP	
20281.0	9.0	SleepStates								WAKEstate
20282.1096	0.023199999999633292	RippleTimeIntervals					20282.1256	0.3228062597332542		
20282.1896	0.030399999999644933	RippleTimeIntervals					20282.202400000002	0.4651584751372914		
20291.0	15.0	SleepStates								NREMstate
20293.7624	0.024000000001251465	RippleTimeIntervals					20293.768	0.6122387247665491		
20296.7696	0.028000000002066372	RippleTimeIntervals					20296.778400000003	0.967620664337313		
20298.66	0.024800000002869638	RippleTimeIntervals					20298.670400000003	0.5736984590959069		
20298.8312	0.02479999999923166	RippleTimeIntervals					20298.843200000003	0.8942357273066465		
20299.1464	0.046399999999266583	RippleTimeIntervals					20299.173600000002	0.3016600219072099		
20300.436	0.031199999997625127	RippleTimeIntervals					20300.46	0.6611615280922702		
20300.695200000002	0.037599999999656575	RippleTimeIntervals					20300.7048	0.34471001592271483		
20300.8888	0.020000000000436557	RippleTimeIntervals					20300.893600000003	0.28114225262438775		
20304.7976	0.027999999998428393	RippleTimeIntervals					20304.821600000003	0.2055695723512621		
20304.9024	0.031200000001263106	RippleTimeIntervals					20304.916	0.9076438617109363		
20307.0	12.0	SleepStates								WAKEstate
20315.2184	0.02479999999923166	RippleTimeIntervals					20315.220800000003	0.32748313285196623		
20320.0	32.0	SleepStates								NREMstate
20321.280000000002	0.020000000000436557	RippleTimeIntervals					20321.292800000003	0.3589332335926783		
20326.184	0.024000000001251465	RippleTimeIntervals					20326.1912	0.4287084879529757		
20326.6096	0.08240000000296277	RippleTimeIntervals					20326.656000000003	0.6609436890735899		
20326.785600000003	0.02719999999681022	RippleTimeIntervals					20326.8008	1.252687684745297		
20328.3256	0.0272000000004482	RippleTimeIntervals					20328.332000000002	0.8732897388103003		
20328.447200000002	0.048799999996845145	RippleTimeIntervals					20328.4816	0.7414923714955395		
20329.044	0.03839999999763677	RippleTimeIntervals					20329.0776	0.3522062347286267		
20330.6552	0.044799999999668216	RippleTimeIntervals					20330.6696	0.48114778466545766		
20336.7056	0.028800000000046566	RippleTimeIntervals					20336.709600000002	0.32741408246944115		
20336.9288	0.020000000000436557	RippleTimeIntervals					20336.9368	0.5182803388120268		
20337.632	0.0639999999984866	RippleTimeIntervals					20337.6728	0.7667839411182328		
20341.2952	0.0272000000004482	RippleTimeIntervals					20341.3152	0.48640738775021214		
20345.076	0.037599999999656575	RippleTimeIntervals					20345.1008	0.8451173982085622		
20345.2	0.03359999999884167	RippleTimeIntervals					20345.2176	0.6566507550260644		
20345.688000000002	0.059999999997671694	RippleTimeIntervals					20345.7256	0.5370457857605432		
20345.837600000003	0.032799999997223495	RippleTimeIntervals					20345.848	0.9618494209272259		
20346.0864	0.0272000000004482	RippleTimeIntervals					20346.1032	0.5510170473390992		
20346.232	0.028000000002066372	RippleTimeIntervals					20346.2408	0.6351937593770046		
20353.0	7.0	SleepStates								WAKEstate
20361.0	16.0	SleepStates								NREMstate
20361.7648	0.023199999999633292	RippleTimeIntervals					20361.7808	0.6883504212646874		
20363.3944	0.025600000000849832	RippleTimeIntervals					20363.4064	0.7518781392277332		
20366.8456	0.023199999999633292	RippleTimeIntervals					20366.8616	0.42491764774406915		
20366.9376	0.03280000000086147	RippleTimeIntervals					20366.9464	0.9430461460810406		
20369.2464	0.058400000001711305	RippleTimeIntervals					20369.267200000002	0.6987433989472625		
20373.5152	0.025600000000849832	RippleTimeIntervals					20373.52	0.3314457132615459		
20375.0288	0.0319999999992433	RippleTimeIntervals					20375.0432	0.7088960001964589		
20375.137600000002	0.025600000000849832	RippleTimeIntervals					20375.150400000002	0.9557179568477834		
20378.0	9.0	SleepStates								WAKEstate
20382.4648	0.04160000000047148	RippleTimeIntervals					20382.4816	0.5700661332011577		
20388.0	53.0	SleepStates								NREMstate
20390.3816	0.035200000002078013	RippleTimeIntervals					20390.4048	1.0591221590577538		
20390.5376	0.05680000000211294	RippleTimeIntervals					20390.556800000002	0.6485858814937397		
20392.304	0.048800000000483124	RippleTimeIntervals					20392.3368	0.7136727413238032		
20393.1016	0.02239999999801512	RippleTimeIntervals					20393.1176	0.5813752511298782		
20393.2056	0.0319999999992433	RippleTimeIntervals					20393.2112	0.2968467234059988		
20393.6016	0.0367999999980384	RippleTimeIntervals					20393.612800000003	0.6375934835901519		
20393.9072	0.03440000000045984	RippleTimeIntervals					20393.9288	0.7580971611818098		
20399.376800000002	0.028800000000046566	RippleTimeIntervals					20399.3848	0.461824415363393		
20400.004	0.03840000000127475	RippleTimeIntervals					20400.012000000002	0.7365570265866123		
20406.4464	0.03440000000045984	RippleTimeIntervals					20406.4736	0.21588857497449554		
20412.8224	0.03359999999884167	RippleTimeIntervals					20412.8272	0.22906559308934135		
20415.1832	0.040000000000873115	RippleTimeIntervals					20415.1968	0.2024233311286275		
20418.72	0.026399999998830026	RippleTimeIntervals					20418.736800000002	1.0664527474550907		
20422.3048	0.04160000000047148	RippleTimeIntervals					20422.314400000003	0.5160385288701667		
20422.4712	0.022400000001653098	RippleTimeIntervals					20422.4768	0.7466281864413401		
20423.144	0.028000000002066372	RippleTimeIntervals					20423.148800000003	0.32263960306506434		
20424.1312	0.03840000000127475	RippleTimeIntervals					20424.137600000002	0.3666657270322593		
20427.608	0.033600000002479646	RippleTimeIntervals					20427.6152	0.43350622911692854		
20427.693600000002	0.030399999999644933	RippleTimeIntervals					20427.72	0.3844921359985439		
20427.859200000003	0.02719999999681022	RippleTimeIntervals					20427.8648	1.0470470872605073		
20431.1168	0.04080000000249129	RippleTimeIntervals					20431.1392	0.5639980681876112		
20435.8064	0.02479999999923166	RippleTimeIntervals					20435.824	0.711486907689439		
20437.448	0.02960000000166474	RippleTimeIntervals					20437.470400000002	0.9476759702273452		
20437.7032	0.024000000001251465	RippleTimeIntervals					20437.716800000002	0.3242699048931363		
20439.3064	0.02960000000166474	RippleTimeIntervals					20439.314400000003	0.9793635315884685		
20442.0	402.0	SleepStates								WAKEstate
20542.8712	0.023199999999633292	RippleTimeIntervals					20542.8872	0.6589779739183128		
20543.760000000002	0.023199999999633292	RippleTimeIntervals					20543.765600000002	0.49120297487174275		
20544.812	0.027999999998428393	RippleTimeIntervals					20544.823200000003	0.4637296202926325		
20564.896800000002	0.021600000000034925	RippleTimeIntervals					20564.9048	0.3975073973756683		
20572.9856	0.020000000000436557	RippleTimeIntervals					20572.9936	0.5484015927154873		
20574.9496	0.03680000000167638	RippleTimeIntervals					20574.968800000002	0.44703309948795933		
20582.668	0.0367999999980384	RippleTimeIntervals					20582.684	0.8075412586558832		
20587.9	0.02079999999841675	RippleTimeIntervals					20587.9072	0.31776108617844334		
20617.859200000003	0.02239999999801512	RippleTimeIntervals					20617.8648	0.27905747785102875		
20619.5312	0.03600000000005821	RippleTimeIntervals					20619.54	0.37703365845624753		
20619.6784	0.024000000001251465	RippleTimeIntervals					20619.6856	0.3987177104774046		
20631.624	0.03200000000288128	RippleTimeIntervals					20631.648	0.7690412056574781		
20637.4296	0.08799999999973807	RippleTimeIntervals					20637.5112	0.5324958365722271		
20641.864	0.03359999999884167	RippleTimeIntervals					20641.8744	0.5541074028966575		
20642.0448	0.030399999999644933	RippleTimeIntervals					20642.0536	0.38002339132609114		
20645.837600000003	0.028800000000046566	RippleTimeIntervals					20645.8488	0.6206705797044211		
20646.6768	0.0272000000004482	RippleTimeIntervals					20646.6824	0.6876327246538109		
20662.0776	0.021600000000034925	RippleTimeIntervals					20662.085600000002	0.2950035632375956		
20664.212	0.07920000000012806	RippleTimeIntervals					20664.264000000003	0.5454012189050375		
20665.4376	0.02479999999923166	RippleTimeIntervals					20665.4424	0.6846443555009187		
20675.1224	0.037599999999656575	RippleTimeIntervals					20675.148800000003	0.5793175535709536		
20675.2032	0.06960000000253785	RippleTimeIntervals					20675.2232	0.6028704276958141		
20690.116	0.02079999999841675	RippleTimeIntervals					20690.121600000002	0.4419134382921798		
20710.6856	0.046399999999266583	RippleTimeIntervals					20710.6976	0.2865733024360737		
20729.0112	0.02479999999923166	RippleTimeIntervals					20729.026400000002	0.6917495775944831		
20729.4752	0.031200000001263106	RippleTimeIntervals					20729.4872	0.4074083675431312		
20732.212	0.022400000001653098	RippleTimeIntervals					20732.222400000002	0.5408105609933556		
20734.3712	0.023199999999633292	RippleTimeIntervals					20734.3792	0.3414490791311216		
20745.8056	0.028000000002066372	RippleTimeIntervals					20745.814400000003	0.6602400396220728		
20747.8696	0.02479999999923166	RippleTimeIntervals					20747.8744	0.348025074365489		
20757.1096	0.042400000002089655	RippleTimeIntervals					20757.1152	0.5117981841289262		
20762.0008	0.0544000000008964	RippleTimeIntervals					20762.0512	0.7896125582686968		
20845.0	20.0	SleepStates								NREMstate
20856.216	0.17120000000068103	UpDownStatesTimeIntervals							UP	
20856.7296	0.1040000000029977	UpDownStatesTimeIntervals							DOWN	
20866.0	92.0	SleepStates								WAKEstate
20890.343200000003	0.025599999997211853	RippleTimeIntervals					20890.360800000002	0.25052488129800815		
20892.209600000002	0.05760000000009313	RippleTimeIntervals					20892.2176	0.28634726166553975		
20892.3056	0.028000000002066372	RippleTimeIntervals					20892.3264	0.41260875833044136		
20893.136000000002	0.042399999998451676	RippleTimeIntervals					20893.144	0.7285375483378317		
20894.7192	0.020000000000436557	RippleTimeIntervals					20894.7248	0.3988423358930134		
20926.692000000003	0.030399999999644933	RippleTimeIntervals					20926.7048	0.6526662703515163		
20930.5104	0.033600000002479646	RippleTimeIntervals					20930.5368	0.30741614237135806		
20942.4648	0.028800000000046566	RippleTimeIntervals					20942.4752	0.6804972612665844		
20948.1112	0.025600000000849832	RippleTimeIntervals					20948.116	0.6427974951403098		
20958.6872	0.026400000002468005	RippleTimeIntervals					20958.704	0.9002761333279736		
20958.98	0.0496000000021013	RippleTimeIntervals					20958.984800000002	0.4196899065489771		
20959.0	104.0	SleepStates								NREMstate
20966.1464	0.05760000000009313	RippleTimeIntervals					20966.1944	0.6676939303870245		
20966.9792	0.035199999998440035	RippleTimeIntervals					20966.9928	1.340687637915647		
20976.605600000003	0.02079999999841675	RippleTimeIntervals					20976.6136	0.40097495059202415		
20977.1688	0.021600000000034925	RippleTimeIntervals					20977.1824	0.23613117339538348		
20978.4864	0.0639999999984866	RippleTimeIntervals					20978.5232	0.8469428583419751		
20981.9352	0.031200000001263106	RippleTimeIntervals					20981.954400000002	0.9289120219553211		
20982.0376	0.037599999999656575	RippleTimeIntervals					20982.0448	0.8153873540563701		
20982.184800000003	0.03359999999884167	RippleTimeIntervals					20982.2	0.8505116159403853		
20982.356	0.03840000000127475	RippleTimeIntervals					20982.3872	0.6429370630131191		
20982.84	0.020000000000436557	RippleTimeIntervals					20982.8488	0.6052877996046031		
20983.6456	0.023199999999633292	RippleTimeIntervals					20983.6536	0.409329259097385		
20984.08	0.026399999998830026	RippleTimeIntervals					20984.085600000002	1.0578665580361142		
20990.9072	0.023199999999633292	RippleTimeIntervals					20990.9208	0.40497554432742744		
20991.056	0.03600000000005821	RippleTimeIntervals					20991.078400000002	0.7027827393667838		
20991.2016	0.021600000000034925	RippleTimeIntervals					20991.2112	0.4147804685464298		
20999.144800000002	0.027999999998428393	RippleTimeIntervals					20999.1536	0.8819927497801633		
20999.731200000002	0.023999999997613486	RippleTimeIntervals					20999.742400000003	0.5234015750637079		
21000.2072	0.024000000001251465	RippleTimeIntervals					21000.2176	0.6995704530494364		
21000.5	0.03280000000086147	RippleTimeIntervals					21000.520800000002	0.8778956431177771		
21006.3184	0.06880000000091968	RippleTimeIntervals					21006.3328	0.5810477313682122		
21007.398400000002	0.08799999999973807	RippleTimeIntervals					21007.463200000002	1.0535095948938848		
21007.657600000002	0.02239999999801512	RippleTimeIntervals					21007.6688	0.7181927181102278		
21010.0872	0.02079999999841675	RippleTimeIntervals					21010.092	0.2831179186380042		
21011.2272	0.021600000000034925	RippleTimeIntervals					21011.2408	0.7994891222993233		
21011.3312	0.031200000001263106	RippleTimeIntervals					21011.3512	0.3915564026827304		
21013.98	0.03920000000289292	RippleTimeIntervals					21014.0032	0.6229941482126392		
21016.7032	0.021600000000034925	RippleTimeIntervals					21016.716800000002	0.9501580374873282		
21023.984	0.03600000000005821	RippleTimeIntervals					21024.0	0.7961420933489922		
21026.961600000002	0.0959999999977299	RippleTimeIntervals					21027.0032	0.5796847921441454		
21030.128800000002	0.025599999997211853	RippleTimeIntervals					21030.144800000002	0.2735482687407748		
21033.3208	0.022400000001653098	RippleTimeIntervals					21033.324800000002	0.2348147443275829		
21035.06	0.027999999998428393	RippleTimeIntervals					21035.0672	0.980745135711815		
21035.9816	0.026400000002468005	RippleTimeIntervals					21036.0016	0.44712772845231585		
21036.292	0.047200000000884756	RippleTimeIntervals					21036.3312	0.35201477708620804		
21046.771200000003	0.023199999999633292	RippleTimeIntervals					21046.7824	0.33849958510457356		
21047.0	0.02479999999923166	RippleTimeIntervals					21047.0112	0.49132000358461314		
21047.7216	0.021600000000034925	RippleTimeIntervals					21047.7304	0.23798529375891284		
21047.836000000003	0.02719999999681022	RippleTimeIntervals					21047.859200000003	0.5531957627543105		
21050.5512	0.046399999999266583	RippleTimeIntervals					21050.5592	0.5071244648909843		
21058.6032	0.02079999999841675	RippleTimeIntervals					21058.6192	0.46445913936352484		
21061.9288	0.0272000000004482	RippleTimeIntervals					21061.9408	0.5936591781901494		
21062.0184	0.021600000000034925	RippleTimeIntervals					21062.0232	0.4836998926131962		
21064.0	36.0	SleepStates								WAKEstate
21084.164	0.022400000001653098	RippleTimeIntervals					21084.166400000002	0.23667582560604467		
21085.4824	0.026399999998830026	RippleTimeIntervals					21085.4912	0.555357254817099		
21092.216800000002	0.03600000000005821	RippleTimeIntervals					21092.2328	0.8189238698788381		
21092.6904	0.025600000000849832	RippleTimeIntervals					21092.7048	0.5273064087322547		
21093.2464	0.025600000000849832	RippleTimeIntervals					21093.268	0.269999074393686		
21101.0	75.0	SleepStates								NREMstate
21104.634400000003	0.031199999997625127	RippleTimeIntervals					21104.644	0.3303868974810983		
21104.8192	0.0544000000008964	RippleTimeIntervals					21104.824800000002	0.4730515869663331		
21104.968800000002	0.042399999998451676	RippleTimeIntervals					21104.9736	0.2468563022713132		
21105.1104	0.0367999999980384	RippleTimeIntervals					21105.128	0.7793335962745247		
21112.148800000003	0.02959999999802676	RippleTimeIntervals					21112.1688	0.9173821501103339		
21112.2808	0.02960000000166474	RippleTimeIntervals					21112.2912	0.8837983587159809		
21112.470400000002	0.02079999999841675	RippleTimeIntervals					21112.484800000002	0.2479250386571117		
21117.992000000002	0.03359999999884167	RippleTimeIntervals					21118.004	0.5295820816794433		
21125.0816	0.02079999999841675	RippleTimeIntervals					21125.092800000002	1.023769502018572		
21132.983200000002	0.05439999999725842	RippleTimeIntervals					21133.0176	0.5541814960556628		
21133.5104	0.022400000001653098	RippleTimeIntervals					21133.5248	0.7261453579059948		
21139.9464	0.026399999998830026	RippleTimeIntervals					21139.9536	0.9991503858020546		
21140.5672	0.03840000000127475	RippleTimeIntervals					21140.5896	0.5736840322545008		
21141.4552	0.030399999999644933	RippleTimeIntervals					21141.474400000003	0.554629594324163		
21142.1928	0.023199999999633292	RippleTimeIntervals					21142.2	0.9740612585108662		
21150.3456	0.06560000000172295	RippleTimeIntervals					21150.3704	0.6067127760410511		
21156.2544	0.044799999999668216	RippleTimeIntervals					21156.280000000002	0.6421564675127898		
21157.5104	0.04800000000250293	RippleTimeIntervals					21157.5392	0.6962211142340612		
21158.148800000003	0.023999999997613486	RippleTimeIntervals					21158.157600000002	0.7307981107673122		
21158.4336	0.05760000000009313	RippleTimeIntervals					21158.472	0.5379620719601369		
21162.5832	0.037599999999656575	RippleTimeIntervals					21162.6104	0.6791340031834697		
21162.7344	0.02079999999841675	RippleTimeIntervals					21162.742400000003	0.4893870762153505		
21163.9264	0.0272000000004482	RippleTimeIntervals					21163.9448	0.2555593156028211		
21166.6136	0.020000000000436557	RippleTimeIntervals					21166.6184	0.25251204587857856		
21167.3544	0.0272000000004482	RippleTimeIntervals					21167.359200000003	0.24975866842223343		
21168.6728	0.025600000000849832	RippleTimeIntervals					21168.6832	0.34407570706403223		
21168.839200000002	0.02239999999801512	RippleTimeIntervals					21168.844	0.44943646305458324		
21169.756800000003	0.021600000000034925	RippleTimeIntervals					21169.7696	0.2747581599031266		
21171.1136	0.031200000001263106	RippleTimeIntervals					21171.130400000002	0.47271552374736137		
21177.0	32.0	SleepStates								WAKEstate
21200.346400000002	0.031199999997625127	RippleTimeIntervals					21200.3632	0.3744746408314107		
21204.9008	0.031200000001263106	RippleTimeIntervals					21204.9248	0.47866410004633003		
21206.5256	0.0272000000004482	RippleTimeIntervals					21206.533600000002	0.7129264148481232		
21209.612800000003	0.02079999999841675	RippleTimeIntervals					21209.6264	0.29105599465276816		
21210.0	224.0	SleepStates								NREMstate
21212.8328	0.03919999999925494	RippleTimeIntervals					21212.84	0.5709340256109846		
21224.8256	0.040000000000873115	RippleTimeIntervals					21224.8488	0.6376002904462601		
21224.918400000002	0.035199999998440035	RippleTimeIntervals					21224.945600000003	0.7141375216528649		
21225.532	0.03840000000127475	RippleTimeIntervals					21225.542400000002	1.037476051682217		
21232.1496	0.07440000000133296	RippleTimeIntervals					21232.177600000003	0.6945178768864048		
21232.5728	0.020000000000436557	RippleTimeIntervals					21232.5848	0.6518487563958884		
21232.9696	0.04560000000128639	RippleTimeIntervals					21232.9752	0.2636784181046984		
21233.092	0.02479999999923166	RippleTimeIntervals					21233.1008	0.6295128349842871		
21233.7304	0.0272000000004482	RippleTimeIntervals					21233.738400000002	0.9377761330822112		
21235.316000000003	0.03440000000045984	RippleTimeIntervals					21235.3312	0.2512630679650299		
21236.078400000002	0.02079999999841675	RippleTimeIntervals					21236.0952	0.32439961235757087		
21236.8904	0.025600000000849832	RippleTimeIntervals					21236.904000000002	0.7357882491083841		
21237.468	0.020000000000436557	RippleTimeIntervals					21237.4728	0.2691855154877265		
21242.8128	0.06400000000212458	RippleTimeIntervals					21242.8616	0.4276102663636759		
21243.5024	0.037599999999656575	RippleTimeIntervals					21243.508	0.6347862193999275		
21248.068	0.051200000001699664	RippleTimeIntervals					21248.108	0.7939653873248395		
21249.4768	0.020000000000436557	RippleTimeIntervals					21249.4808	0.25215871586112737		
21249.8256	0.035200000002078013	RippleTimeIntervals					21249.850400000003	0.7707584552341048		
21256.7936	0.026399999998830026	RippleTimeIntervals					21256.810400000002	0.5889875734088247		
21257.5296	0.023999999997613486	RippleTimeIntervals					21257.5488	0.2564594003715995		
21259.6896	0.047200000000884756	RippleTimeIntervals					21259.720800000003	0.30263251483666137		
21262.1008	0.02479999999923166	RippleTimeIntervals					21262.1192	0.2495646051654432		
21262.177600000003	0.026399999998830026	RippleTimeIntervals					21262.188000000002	0.6962954371461207		
21262.456000000002	0.03839999999763677	RippleTimeIntervals					21262.4696	0.4020142212035671		
21265.932	0.05199999999967986	RippleTimeIntervals					21265.9712	0.592538335965857		
21266.350400000003	0.030399999999644933	RippleTimeIntervals					21266.373600000003	0.35555241965660433		
21266.8528	0.025600000000849832	RippleTimeIntervals					21266.8712	0.2647038578324682		
21267.456000000002	0.020000000000436557	RippleTimeIntervals					21267.4584	0.26504662717474387		
21267.6944	0.02080000000205473	RippleTimeIntervals					21267.708000000002	0.38070772432634076		
21270.9584	0.03920000000289292	RippleTimeIntervals					21270.9824	0.882487585300122		
21271.774400000002	0.021600000000034925	RippleTimeIntervals					21271.780000000002	0.23647230763641883		
21272.0176	0.025600000000849832	RippleTimeIntervals					21272.019200000002	0.2513629809004998		
21273.391200000002	0.02079999999841675	RippleTimeIntervals					21273.4032	0.3261385157974687		
21277.9448	0.042399999998451676	RippleTimeIntervals					21277.9648	0.8142062806124661		
21290.686400000002	0.04079999999885331	RippleTimeIntervals					21290.6912	0.5769267436899266		
21290.8296	0.020000000000436557	RippleTimeIntervals					21290.8344	0.3091795863672766		
21292.260000000002	0.025600000000849832	RippleTimeIntervals					21292.2776	0.6819737813162373		
21295.752	0.022400000001653098	RippleTimeIntervals					21295.756800000003	0.38754795430826916		
21296.6136	0.028800000000046566	RippleTimeIntervals					21296.6192	0.7360591862610544		
21297.6872	0.023199999999633292	RippleTimeIntervals					21297.706400000003	0.2102023872905745		
21301.6512	0.020000000000436557	RippleTimeIntervals					21301.6552	0.2691767932036981		
21301.997600000002	0.0367999999980384	RippleTimeIntervals					21302.0272	0.34380755513575006		
21312.7144	0.030399999999644933	RippleTimeIntervals					21312.7288	0.7533900730078037		
21319.2808	0.05520000000251457	RippleTimeIntervals					21319.324800000002	0.8328422612783669		
21323.8296	0.028800000000046566	RippleTimeIntervals					21323.8416	0.6934187137266551		
21325.680800000002	0.03280000000086147	RippleTimeIntervals					21325.7056	0.466687275906553		
21326.260000000002	0.04559999999764841	RippleTimeIntervals					21326.2824	0.4158640584853767		
21326.389600000002	0.05199999999967986	RippleTimeIntervals					21326.4336	0.6460930481654311		
21326.7608	0.028800000000046566	RippleTimeIntervals					21326.7704	0.4794159902197757		
21327.431200000003	0.06799999999930151	RippleTimeIntervals					21327.441600000002	0.7887265454869034		
21327.5992	0.0272000000004482	RippleTimeIntervals					21327.6064	0.3983558778950613		
21330.150400000002	0.03600000000005821	RippleTimeIntervals					21330.172000000002	0.6934151003280177		
21330.5536	0.020000000000436557	RippleTimeIntervals					21330.5656	0.35674988785459455		
21332.156000000003	0.025599999997211853	RippleTimeIntervals					21332.163200000003	0.43227070080920493		
21335.5952	0.023199999999633292	RippleTimeIntervals					21335.600000000002	0.49881200628276007		
21340.2688	0.035199999998440035	RippleTimeIntervals					21340.288800000002	0.43337603513516026		
21347.3296	0.07760000000052969	RippleTimeIntervals					21347.3528	0.9607858794867997		
21347.4912	0.028000000002066372	RippleTimeIntervals					21347.496	0.2596166941361152		
21357.107200000002	0.046399999999266583	RippleTimeIntervals					21357.144	0.5908466599975055		
21357.2592	0.04160000000047148	RippleTimeIntervals					21357.2704	0.6285856898598587		
21357.4928	0.020000000000436557	RippleTimeIntervals					21357.5008	0.21904637066063262		
21367.983200000002	0.026399999998830026	RippleTimeIntervals					21367.9944	0.5048028804500605		
21371.1696	0.031200000001263106	RippleTimeIntervals					21371.184	0.3968801943798841		
21372.1496	0.05199999999967986	RippleTimeIntervals					21372.1544	0.4050640783502891		
21372.3184	0.028800000000046566	RippleTimeIntervals					21372.3296	1.4809886992482326		
21372.4968	0.025600000000849832	RippleTimeIntervals					21372.5128	0.5101503093151375		
21376.519200000002	0.023199999999633292	RippleTimeIntervals					21376.5312	0.7234643840057425		
21379.3288	0.2047999999995227	UpDownStatesTimeIntervals							DOWN	
21379.5336	0.20560000000114087	UpDownStatesTimeIntervals							UP	
21379.8632	0.2528000000020256	UpDownStatesTimeIntervals							DOWN	
21382.5648	0.033600000002479646	RippleTimeIntervals					21382.5936	0.23772902323312545		
21389.072	0.0319999999992433	RippleTimeIntervals					21389.096	0.3111806103602462		
21389.2432	0.028800000000046566	RippleTimeIntervals					21389.258400000002	0.4556615799039189		
21389.6552	0.023199999999633292	RippleTimeIntervals					21389.6712	0.9677506441398381		
21394.003200000003	0.02959999999802676	RippleTimeIntervals					21394.0144	0.7029724040224015		
21396.7688	0.0632000000005064	RippleTimeIntervals					21396.824	0.5973252651791258		
21397.14	0.03920000000289292	RippleTimeIntervals					21397.166400000002	0.6942936491773526		
21397.281600000002	0.027999999998428393	RippleTimeIntervals					21397.296000000002	0.5035491033033767		
21399.896800000002	0.0272000000004482	RippleTimeIntervals					21399.916	0.8056429164920121		
21400.1688	0.022400000001653098	RippleTimeIntervals					21400.188000000002	0.289646513188359		
21400.384000000002	0.02959999999802676	RippleTimeIntervals					21400.3944	0.516616607607632		
21406.1904	0.024800000002869638	RippleTimeIntervals					21406.195200000002	0.21799299601533595		
21411.2272	0.028800000000046566	RippleTimeIntervals					21411.2432	0.3179148421000992		
21425.9696	0.022400000001653098	RippleTimeIntervals					21425.9728	0.23447023906780226		
21428.1136	0.08079999999972642	RippleTimeIntervals					21428.121600000002	0.37309944346764745		
21428.708000000002	0.02479999999923166	RippleTimeIntervals					21428.7128	0.3766554782566466		
21435.0	58.0	SleepStates								WAKEstate
21454.5376	0.025600000000849832	RippleTimeIntervals					21454.5456	0.7075291387126803		
21469.4088	0.027999999998428393	RippleTimeIntervals					21469.4296	0.5069045043003855		
21478.245600000002	0.04079999999885331	RippleTimeIntervals					21478.260000000002	1.2578407819790511		
21484.0288	0.03440000000045984	RippleTimeIntervals					21484.0464	0.31609041136058535		
21492.758400000002	0.05519999999887659	RippleTimeIntervals					21492.764000000003	0.27071494122194234		
21494.0	13.0	SleepStates								NREMstate
21502.5448	0.026400000002468005	RippleTimeIntervals					21502.5616	0.5730248909563599		
21503.062400000003	0.032799999997223495	RippleTimeIntervals					21503.0736	1.0150095196874165		
21505.9944	0.028000000002066372	RippleTimeIntervals					21506.0	0.4012841560384922		
21506.2176	0.06400000000212458	RippleTimeIntervals					21506.232	0.5123337047530044		
21508.0	8.0	SleepStates								WAKEstate
21508.5488	0.05199999999967986	RippleTimeIntervals					21508.5704	0.4215075200590471		
21510.884000000002	0.031199999997625127	RippleTimeIntervals					21510.9048	0.7788920005543664		
21517.0	29.0	SleepStates								NREMstate
21517.3632	0.023199999999633292	RippleTimeIntervals					21517.3816	0.35886099521270676		
21518.3296	0.020000000000436557	RippleTimeIntervals					21518.3424	0.37851014181039505		
21518.3848	0.025600000000849832	RippleTimeIntervals					21518.4	0.6371644291683829		
21523.026400000002	0.03600000000005821	RippleTimeIntervals					21523.0376	0.6700142995253676		
21528.5328	0.022400000001653098	RippleTimeIntervals					21528.5384	0.3631267073552719		
21534.062400000003	0.05199999999967986	RippleTimeIntervals					21534.092	0.8641907766691446		
21534.504	0.025600000000849832	RippleTimeIntervals					21534.5184	0.899712280641968		
21535.14	0.037600000003294554	RippleTimeIntervals					21535.159200000002	0.48854414801692225		
21537.1008	0.02479999999923166	RippleTimeIntervals					21537.114400000002	0.8987350379914795		
21541.2824	0.024800000002869638	RippleTimeIntervals					21541.292	0.333086020255771		
21546.510400000003	0.027999999998428393	RippleTimeIntervals					21546.5224	0.8696566129535639		
21546.7896	0.026400000002468005	RippleTimeIntervals					21546.794400000002	0.8584802421574812		
21547.0	840.0	SleepStates								WAKEstate
21592.256	0.0272000000004482	RippleTimeIntervals					21592.272800000002	0.5660256372953947		
21592.614400000002	0.026399999998830026	RippleTimeIntervals					21592.6296	0.38752662548261774		
21608.634400000003	0.030399999999644933	RippleTimeIntervals					21608.6368	0.2601967553708187		
21624.905600000002	0.023199999999633292	RippleTimeIntervals					21624.909600000003	0.47958964708758695		
21646.3656	0.026399999998830026	RippleTimeIntervals					21646.3792	0.27117948474809517		
21661.1104	0.040000000000873115	RippleTimeIntervals					21661.1328	0.2281899920034757		
21680.8528	0.051200000001699664	RippleTimeIntervals					21680.872	0.665814675405473		
21683.7776	0.04320000000006985	RippleTimeIntervals					21683.8096	0.39333157912422495		
21755.562400000003	0.02079999999841675	RippleTimeIntervals					21755.568	0.2666997493941207		
21882.503200000003	0.02079999999841675	RippleTimeIntervals					21882.5112	0.58744088710864		
21996.0416	0.040000000000873115	RippleTimeIntervals					21996.071200000002	0.3528637048779025		
22026.934400000002	0.02079999999841675	RippleTimeIntervals					22026.9424	0.5941475367620793		
22030.9064	0.024000000001251465	RippleTimeIntervals					22030.916	0.5728092940450927		
22031.108	0.04320000000006985	RippleTimeIntervals					22031.1264	0.6551203406477816		
22049.1568	0.02960000000166474	RippleTimeIntervals					22049.1784	0.6705862167595655		
22061.592	0.04079999999885331	RippleTimeIntervals					22061.6112	0.7249222122243965		
22062.928	0.04400000000168802	RippleTimeIntervals					22062.9392	0.5913759028394946		
22068.891200000002	0.02079999999841675	RippleTimeIntervals					22068.904000000002	0.2746364330788743		
22074.164800000002	0.032799999997223495	RippleTimeIntervals					22074.1928	0.5415321189471979		
22079.196	0.021600000000034925	RippleTimeIntervals					22079.209600000002	0.7145712035394888		
22090.100000000002	0.02479999999923166	RippleTimeIntervals					22090.1168	0.5579209775485194		
22099.7112	0.026399999998830026	RippleTimeIntervals					22099.716	0.6520249784008664		
22099.8208	0.04399999999805004	RippleTimeIntervals					22099.832000000002	0.9529819641020487		
22109.684	0.044799999999668216	RippleTimeIntervals					22109.7	0.6227172221227247		
22111.5608	0.04560000000128639	RippleTimeIntervals					22111.578400000002	0.43844221927132454		
22112.307200000003	0.039999999997235136	RippleTimeIntervals					22112.324800000002	0.48431120489168256		
22131.4984	0.022400000001653098	RippleTimeIntervals					22131.5008	0.21916455822229247		
22132.8704	0.028800000000046566	RippleTimeIntervals					22132.8888	0.6867074197128671		
22133.0128	0.04800000000250293	RippleTimeIntervals					22133.032000000003	0.40967051946182137		
22141.920000000002	0.03440000000045984	RippleTimeIntervals					22141.940000000002	0.6726562228319957		
22145.556800000002	0.03359999999884167	RippleTimeIntervals					22145.576800000003	0.35284838856946665		
22156.3112	0.024000000001251465	RippleTimeIntervals					22156.3184	0.574148913930959		
22171.4192	0.04560000000128639	RippleTimeIntervals					22171.4576	0.22499488092279285		
22177.9296	0.035200000002078013	RippleTimeIntervals					22177.9496	0.7330915943180948		
22178.778400000003	0.025599999997211853	RippleTimeIntervals					22178.800000000003	0.5538396183345207		
22185.48	0.022400000001653098	RippleTimeIntervals					22185.4896	0.48400073865333515		
22218.9	0.020000000000436557	RippleTimeIntervals					22218.908	0.376358775060553		
22227.74	0.026399999998830026	RippleTimeIntervals					22227.7552	0.7065880520575037		
22233.4104	0.022400000001653098	RippleTimeIntervals					22233.4232	0.610682576874299		
22235.382400000002	0.02239999999801512	RippleTimeIntervals					22235.3872	0.2694636535566773		
22235.7304	0.0272000000004482	RippleTimeIntervals					22235.748	0.8124649433807465		
22241.5888	0.03440000000045984	RippleTimeIntervals					22241.5992	0.8269486082347387		
